recording,site,year,month,day,hour,minute,species,songtype,x1,x2,y1,y2,frequency,validated,url,score,site_id
LFC.Eam-2023-04-25_12-00.WAV,2023 Laguna Fry Confluence - 45 Sump,2023,4,25,13,0,Agelaius tricolor,Courtship Song,8.186666489,9.125333786,94,8719,24000,present,https://rfcx-streams-production.s3.eu-west-1.amazonaws.com/2023/04/25/dtu1murbispj/076d5697-f42c-49c0-991f-8d43e972d0a0.flac?X-Amz-Algorithm=AWS4-HMAC-SHA256&X-Amz-Content-Sha256=UNSIGNED-PAYLOAD&X-Amz-Credential=AKIA45B7YWBX5HAZMGOU%2F20260223%2Feu-west-1%2Fs3%2Faws4_request&X-Amz-Date=20260223T002439Z&X-Amz-Expires=604800&X-Amz-Signature=5f182e87dd7d02948151b4e368185e3e008bc5f8fc88b93023d557891b6a60f3&X-Amz-SignedHeaders=host&response-content-disposition=attachment%3B%20filename%3D076d5697-f42c-49c0-991f-8d43e972d0a0.flac&x-id=GetObject,0.361270666,48459
LFC.Eam-2023-04-25_12-20.WAV,2023 Laguna Fry Confluence - 45 Sump,2023,4,25,13,20,Agelaius tricolor,Courtship Song,12.4746666,13.41333294,94,8719,24000,present,https://rfcx-streams-production.s3.eu-west-1.amazonaws.com/2023/04/25/dtu1murbispj/855bd37f-2aee-4875-8921-1cf775cdec96.flac?X-Amz-Algorithm=AWS4-HMAC-SHA256&X-Amz-Content-Sha256=UNSIGNED-PAYLOAD&X-Amz-Credential=AKIA45B7YWBX5HAZMGOU%2F20260223%2Feu-west-1%2Fs3%2Faws4_request&X-Amz-Date=20260223T002439Z&X-Amz-Expires=604800&X-Amz-Signature=aeecb14bc4732186baa7528fb481999d04aa677747a6b346c522e3e9da896034&X-Amz-SignedHeaders=host&response-content-disposition=attachment%3B%20filename%3D855bd37f-2aee-4875-8921-1cf775cdec96.flac&x-id=GetObject,0.525937736,48459
LFC.Eam-2023-04-25_12-40.WAV,2023 Laguna Fry Confluence - 45 Sump,2023,4,25,13,40,Agelaius tricolor,Courtship Song,1.322666645,2.261333227,94,8719,24000,present,https://rfcx-streams-production.s3.eu-west-1.amazonaws.com/2023/04/25/dtu1murbispj/98b8e255-ecc3-4948-a05f-a2861abed9a2.flac?X-Amz-Algorithm=AWS4-HMAC-SHA256&X-Amz-Content-Sha256=UNSIGNED-PAYLOAD&X-Amz-Credential=AKIA45B7YWBX5HAZMGOU%2F20260223%2Feu-west-1%2Fs3%2Faws4_request&X-Amz-Date=20260223T002439Z&X-Amz-Expires=604800&X-Amz-Signature=3f758bf988f6f8520ead1606746784c7cc5dffc065521ba3e7ff7c9b1d3c5ae9&X-Amz-SignedHeaders=host&response-content-disposition=attachment%3B%20filename%3D98b8e255-ecc3-4948-a05f-a2861abed9a2.flac&x-id=GetObject,0.44713062,48459
LFC.Eam-2023-04-25_13-00.WAV,2023 Laguna Fry Confluence - 45 Sump,2023,4,25,14,0,Agelaius tricolor,Courtship Song,50.51200104,51.45066833,94,8719,24000,present,https://rfcx-streams-production.s3.eu-west-1.amazonaws.com/2023/04/25/dtu1murbispj/a04f8964-1ebb-4380-b53d-f4859fbe8d4e.flac?X-Amz-Algorithm=AWS4-HMAC-SHA256&X-Amz-Content-Sha256=UNSIGNED-PAYLOAD&X-Amz-Credential=AKIA45B7YWBX5HAZMGOU%2F20260223%2Feu-west-1%2Fs3%2Faws4_request&X-Amz-Date=20260223T002439Z&X-Amz-Expires=604800&X-Amz-Signature=efb6a740ec964d8165d2a2cfadeb3e7f9483c7d646ca0b8947ea8e159a1598d9&X-Amz-SignedHeaders=host&response-content-disposition=attachment%3B%20filename%3Da04f8964-1ebb-4380-b53d-f4859fbe8d4e.flac&x-id=GetObject,0.358563095,48459
LFC.Eam-2023-04-25_13-20.WAV,2023 Laguna Fry Confluence - 45 Sump,2023,4,25,14,20,Agelaius tricolor,Courtship Song,51.37599945,52.31466675,94,8719,24000,present,https://rfcx-streams-production.s3.eu-west-1.amazonaws.com/2023/04/25/dtu1murbispj/e792af3a-5118-4c84-8446-e02e907c0c7d.flac?X-Amz-Algorithm=AWS4-HMAC-SHA256&X-Amz-Content-Sha256=UNSIGNED-PAYLOAD&X-Amz-Credential=AKIA45B7YWBX5HAZMGOU%2F20260223%2Feu-west-1%2Fs3%2Faws4_request&X-Amz-Date=20260223T002439Z&X-Amz-Expires=604800&X-Amz-Signature=0e076d09c5982d92375584bba66519aaccc68a03cac895d7c717c582bcc7bc70&X-Amz-SignedHeaders=host&response-content-disposition=attachment%3B%20filename%3De792af3a-5118-4c84-8446-e02e907c0c7d.flac&x-id=GetObject,0.291924775,48459
LFC.Eam-2023-04-25_13-40.WAV,2023 Laguna Fry Confluence - 45 Sump,2023,4,25,14,40,Agelaius tricolor,Courtship Song,30.53333282,31.47200012,94,8719,24000,present,https://rfcx-streams-production.s3.eu-west-1.amazonaws.com/2023/04/25/dtu1murbispj/266fa695-e98d-41ea-8863-bb2e8919c2f6.flac?X-Amz-Algorithm=AWS4-HMAC-SHA256&X-Amz-Content-Sha256=UNSIGNED-PAYLOAD&X-Amz-Credential=AKIA45B7YWBX5HAZMGOU%2F20260223%2Feu-west-1%2Fs3%2Faws4_request&X-Amz-Date=20260223T002439Z&X-Amz-Expires=604800&X-Amz-Signature=7b55138a8d38d8b58fa56ac53eb5fb48178744bb5655eba035c7698e45e160fa&X-Amz-SignedHeaders=host&response-content-disposition=attachment%3B%20filename%3D266fa695-e98d-41ea-8863-bb2e8919c2f6.flac&x-id=GetObject,0.27767539,48459
LFC.Eam-2023-04-25_14-00.WAV,2023 Laguna Fry Confluence - 45 Sump,2023,4,25,15,0,Agelaius tricolor,Courtship Song,53.64266586,54.58133316,94,8719,24000,present,https://rfcx-streams-production.s3.eu-west-1.amazonaws.com/2023/04/25/dtu1murbispj/fd815243-08ad-44b8-9d52-0a3be325cf96.flac?X-Amz-Algorithm=AWS4-HMAC-SHA256&X-Amz-Content-Sha256=UNSIGNED-PAYLOAD&X-Amz-Credential=AKIA45B7YWBX5HAZMGOU%2F20260223%2Feu-west-1%2Fs3%2Faws4_request&X-Amz-Date=20260223T002439Z&X-Amz-Expires=604800&X-Amz-Signature=ee5f0cca20189cc80effc588fb682d66abd166876dcba16a852f1996986b32d0&X-Amz-SignedHeaders=host&response-content-disposition=attachment%3B%20filename%3Dfd815243-08ad-44b8-9d52-0a3be325cf96.flac&x-id=GetObject,0.487312108,48459
LFC.Eam-2023-04-25_14-20.WAV,2023 Laguna Fry Confluence - 45 Sump,2023,4,25,15,20,Agelaius tricolor,Courtship Song,29.32266617,30.26133347,94,8719,24000,present,https://rfcx-streams-production.s3.eu-west-1.amazonaws.com/2023/04/25/dtu1murbispj/24ebefc0-bda7-4113-9870-0db0660d7302.flac?X-Amz-Algorithm=AWS4-HMAC-SHA256&X-Amz-Content-Sha256=UNSIGNED-PAYLOAD&X-Amz-Credential=AKIA45B7YWBX5HAZMGOU%2F20260223%2Feu-west-1%2Fs3%2Faws4_request&X-Amz-Date=20260223T002439Z&X-Amz-Expires=604800&X-Amz-Signature=26c49ec228dbfdc3e881aeb00c85f8ea2a512bd3efa4f087d1a2d03bdafbb912&X-Amz-SignedHeaders=host&response-content-disposition=attachment%3B%20filename%3D24ebefc0-bda7-4113-9870-0db0660d7302.flac&x-id=GetObject,0.390033603,48459
LFC.Eam-2023-04-25_14-40.WAV,2023 Laguna Fry Confluence - 45 Sump,2023,4,25,15,40,Agelaius tricolor,Courtship Song,38.27733231,39.2159996,94,8719,24000,present,https://rfcx-streams-production.s3.eu-west-1.amazonaws.com/2023/04/25/dtu1murbispj/d93ef0f0-1138-4131-bb2d-31355246f742.flac?X-Amz-Algorithm=AWS4-HMAC-SHA256&X-Amz-Content-Sha256=UNSIGNED-PAYLOAD&X-Amz-Credential=AKIA45B7YWBX5HAZMGOU%2F20260223%2Feu-west-1%2Fs3%2Faws4_request&X-Amz-Date=20260223T002439Z&X-Amz-Expires=604800&X-Amz-Signature=f6602f59256e9a3c976dc9e35beba672d882d0df0e181fedc2ae549a431857b8&X-Amz-SignedHeaders=host&response-content-disposition=attachment%3B%20filename%3Dd93ef0f0-1138-4131-bb2d-31355246f742.flac&x-id=GetObject,0.272790909,48459
LFC.Eam-2023-04-25_15-00.WAV,2023 Laguna Fry Confluence - 45 Sump,2023,4,25,16,0,Agelaius tricolor,Courtship Song,33.39199829,34.33066559,94,8719,24000,present,https://rfcx-streams-production.s3.eu-west-1.amazonaws.com/2023/04/25/dtu1murbispj/04ec624d-5ca5-4349-be20-426fce14997c.flac?X-Amz-Algorithm=AWS4-HMAC-SHA256&X-Amz-Content-Sha256=UNSIGNED-PAYLOAD&X-Amz-Credential=AKIA45B7YWBX5HAZMGOU%2F20260223%2Feu-west-1%2Fs3%2Faws4_request&X-Amz-Date=20260223T002439Z&X-Amz-Expires=604800&X-Amz-Signature=3a9626fe2864b649b99188ca9253b63720e1a5d59ad283aaee92842e854bb0f1&X-Amz-SignedHeaders=host&response-content-disposition=attachment%3B%20filename%3D04ec624d-5ca5-4349-be20-426fce14997c.flac&x-id=GetObject,0.307088941,48459
LFC.Eam-2023-04-25_15-20.WAV,2023 Laguna Fry Confluence - 45 Sump,2023,4,25,16,20,Agelaius tricolor,Courtship Song,28.95466614,29.89333344,94,8719,24000,present,https://rfcx-streams-production.s3.eu-west-1.amazonaws.com/2023/04/25/dtu1murbispj/a31a5dbd-4519-445e-8285-ad3cf4173588.flac?X-Amz-Algorithm=AWS4-HMAC-SHA256&X-Amz-Content-Sha256=UNSIGNED-PAYLOAD&X-Amz-Credential=AKIA45B7YWBX5HAZMGOU%2F20260223%2Feu-west-1%2Fs3%2Faws4_request&X-Amz-Date=20260223T002439Z&X-Amz-Expires=604800&X-Amz-Signature=c9edb5357dbe9f59c7916c8feaeeecbd4e633c89055178f0584d3fa2d03143dc&X-Amz-SignedHeaders=host&response-content-disposition=attachment%3B%20filename%3Da31a5dbd-4519-445e-8285-ad3cf4173588.flac&x-id=GetObject,0.305150896,48459
LFC.Eam-2023-04-25_15-40.WAV,2023 Laguna Fry Confluence - 45 Sump,2023,4,25,16,40,Agelaius tricolor,Courtship Song,40.81066513,41.74933243,94,8719,24000,present,https://rfcx-streams-production.s3.eu-west-1.amazonaws.com/2023/04/25/dtu1murbispj/052da624-1e2f-4210-8d2a-9e603cb118eb.flac?X-Amz-Algorithm=AWS4-HMAC-SHA256&X-Amz-Content-Sha256=UNSIGNED-PAYLOAD&X-Amz-Credential=AKIA45B7YWBX5HAZMGOU%2F20260223%2Feu-west-1%2Fs3%2Faws4_request&X-Amz-Date=20260223T002439Z&X-Amz-Expires=604800&X-Amz-Signature=ef258b120e578f2f08a9e4b100a4ef4e95e06db0d8cb488aced595b7e8d24480&X-Amz-SignedHeaders=host&response-content-disposition=attachment%3B%20filename%3D052da624-1e2f-4210-8d2a-9e603cb118eb.flac&x-id=GetObject,0.31764707,48459
LFC.Eam-2023-04-25_16-00.WAV,2023 Laguna Fry Confluence - 45 Sump,2023,4,25,17,0,Agelaius tricolor,Courtship Song,42.24000168,43.17866516,94,8719,24000,present,https://rfcx-streams-production.s3.eu-west-1.amazonaws.com/2023/04/26/dtu1murbispj/38ad6ad5-57c6-434c-a09d-f002b1b81c3d.flac?X-Amz-Algorithm=AWS4-HMAC-SHA256&X-Amz-Content-Sha256=UNSIGNED-PAYLOAD&X-Amz-Credential=AKIA45B7YWBX5HAZMGOU%2F20260223%2Feu-west-1%2Fs3%2Faws4_request&X-Amz-Date=20260223T002439Z&X-Amz-Expires=604800&X-Amz-Signature=351c35d171b49b381b9109cca88850720686806d4e7d6101282f8f1cc1897ff8&X-Amz-SignedHeaders=host&response-content-disposition=attachment%3B%20filename%3D38ad6ad5-57c6-434c-a09d-f002b1b81c3d.flac&x-id=GetObject,0.34387356,48459
LFC.Eam-2023-04-25_16-20.WAV,2023 Laguna Fry Confluence - 45 Sump,2023,4,25,17,20,Agelaius tricolor,Courtship Song,26.12266731,27.0613327,94,8719,24000,present,https://rfcx-streams-production.s3.eu-west-1.amazonaws.com/2023/04/26/dtu1murbispj/5efe52c6-a2cc-42e2-9ef8-e9139008ea25.flac?X-Amz-Algorithm=AWS4-HMAC-SHA256&X-Amz-Content-Sha256=UNSIGNED-PAYLOAD&X-Amz-Credential=AKIA45B7YWBX5HAZMGOU%2F20260223%2Feu-west-1%2Fs3%2Faws4_request&X-Amz-Date=20260223T002439Z&X-Amz-Expires=604800&X-Amz-Signature=44cff4898c1020b07a310f9e28fc0a9dda97f34b3ba0ad033f5e51c16b069a3e&X-Amz-SignedHeaders=host&response-content-disposition=attachment%3B%20filename%3D5efe52c6-a2cc-42e2-9ef8-e9139008ea25.flac&x-id=GetObject,0.4159877,48459
LFC.Eam-2023-04-25_16-40.WAV,2023 Laguna Fry Confluence - 45 Sump,2023,4,25,17,40,Agelaius tricolor,Courtship Song,11.73866653,12.67733288,94,8719,24000,present,https://rfcx-streams-production.s3.eu-west-1.amazonaws.com/2023/04/26/dtu1murbispj/f21afa80-a705-49ff-8de4-c807611adc7b.flac?X-Amz-Algorithm=AWS4-HMAC-SHA256&X-Amz-Content-Sha256=UNSIGNED-PAYLOAD&X-Amz-Credential=AKIA45B7YWBX5HAZMGOU%2F20260223%2Feu-west-1%2Fs3%2Faws4_request&X-Amz-Date=20260223T002439Z&X-Amz-Expires=604800&X-Amz-Signature=07230b1b39419bf2fb39a6f18ec996b58427d9745f85e6e6f6f51e93bb5f36a3&X-Amz-SignedHeaders=host&response-content-disposition=attachment%3B%20filename%3Df21afa80-a705-49ff-8de4-c807611adc7b.flac&x-id=GetObject,0.264263421,48459
LFC.Eam-2023-04-25_17-00.WAV,2023 Laguna Fry Confluence - 45 Sump,2023,4,25,18,0,Agelaius tricolor,Courtship Song,18.50133324,19.44000053,94,8719,24000,present,https://rfcx-streams-production.s3.eu-west-1.amazonaws.com/2023/04/26/dtu1murbispj/a228d049-e4ef-432a-a045-62ae56204dd5.flac?X-Amz-Algorithm=AWS4-HMAC-SHA256&X-Amz-Content-Sha256=UNSIGNED-PAYLOAD&X-Amz-Credential=AKIA45B7YWBX5HAZMGOU%2F20260223%2Feu-west-1%2Fs3%2Faws4_request&X-Amz-Date=20260223T002439Z&X-Amz-Expires=604800&X-Amz-Signature=34bfd061296555b5109499033ff375930368b410ef95f7331d2ad34b2917238a&X-Amz-SignedHeaders=host&response-content-disposition=attachment%3B%20filename%3Da228d049-e4ef-432a-a045-62ae56204dd5.flac&x-id=GetObject,0.252605915,48459
LFC.Eam-2023-04-25_17-20.WAV,2023 Laguna Fry Confluence - 45 Sump,2023,4,25,18,20,Agelaius tricolor,Courtship Song,26.49066734,27.42933273,94,8719,24000,present,https://rfcx-streams-production.s3.eu-west-1.amazonaws.com/2023/04/26/dtu1murbispj/44565a52-aabb-4765-9328-5698581c897e.flac?X-Amz-Algorithm=AWS4-HMAC-SHA256&X-Amz-Content-Sha256=UNSIGNED-PAYLOAD&X-Amz-Credential=AKIA45B7YWBX5HAZMGOU%2F20260223%2Feu-west-1%2Fs3%2Faws4_request&X-Amz-Date=20260223T002439Z&X-Amz-Expires=604800&X-Amz-Signature=f00243e5aba18a1a773bf9584585d68551f36707f1928244e1c9f7b8849521ba&X-Amz-SignedHeaders=host&response-content-disposition=attachment%3B%20filename%3D44565a52-aabb-4765-9328-5698581c897e.flac&x-id=GetObject,0.287702352,48459
LFC.Eam-2023-04-25_17-40.WAV,2023 Laguna Fry Confluence - 45 Sump,2023,4,25,18,40,Agelaius tricolor,Courtship Song,36.45866776,37.39733505,94,8719,24000,present,https://rfcx-streams-production.s3.eu-west-1.amazonaws.com/2023/04/26/dtu1murbispj/ebea4efa-f106-4dbe-8908-420fcd6dafb5.flac?X-Amz-Algorithm=AWS4-HMAC-SHA256&X-Amz-Content-Sha256=UNSIGNED-PAYLOAD&X-Amz-Credential=AKIA45B7YWBX5HAZMGOU%2F20260223%2Feu-west-1%2Fs3%2Faws4_request&X-Amz-Date=20260223T002439Z&X-Amz-Expires=604800&X-Amz-Signature=ac9423234ef789a8de9820cc0f123f59d1fea367c0d2a13677b47c399faae16d&X-Amz-SignedHeaders=host&response-content-disposition=attachment%3B%20filename%3Debea4efa-f106-4dbe-8908-420fcd6dafb5.flac&x-id=GetObject,0.276886195,48459
LFC.Eam-2023-04-25_18-00.WAV,2023 Laguna Fry Confluence - 45 Sump,2023,4,25,19,0,Agelaius tricolor,Courtship Song,47.33866501,48.27733231,94,8719,24000,present,https://rfcx-streams-production.s3.eu-west-1.amazonaws.com/2023/04/26/dtu1murbispj/7e26e767-7436-45da-b7b7-4d62127ca975.flac?X-Amz-Algorithm=AWS4-HMAC-SHA256&X-Amz-Content-Sha256=UNSIGNED-PAYLOAD&X-Amz-Credential=AKIA45B7YWBX5HAZMGOU%2F20260223%2Feu-west-1%2Fs3%2Faws4_request&X-Amz-Date=20260223T002439Z&X-Amz-Expires=604800&X-Amz-Signature=c235102a19def2940c5b0e911491fe836b44bf4477003593dc421b5ffd498863&X-Amz-SignedHeaders=host&response-content-disposition=attachment%3B%20filename%3D7e26e767-7436-45da-b7b7-4d62127ca975.flac&x-id=GetObject,0.353203028,48459
LFC.Eam-2023-04-25_18-20.WAV,2023 Laguna Fry Confluence - 45 Sump,2023,4,25,19,20,Agelaius tricolor,Courtship Song,24.73066711,25.6693325,94,8719,24000,present,https://rfcx-streams-production.s3.eu-west-1.amazonaws.com/2023/04/26/dtu1murbispj/1d9a8c6c-b68d-4572-bb47-263187262059.flac?X-Amz-Algorithm=AWS4-HMAC-SHA256&X-Amz-Content-Sha256=UNSIGNED-PAYLOAD&X-Amz-Credential=AKIA45B7YWBX5HAZMGOU%2F20260223%2Feu-west-1%2Fs3%2Faws4_request&X-Amz-Date=20260223T002439Z&X-Amz-Expires=604800&X-Amz-Signature=de80192ed17327f13fc83761764272e167c2fe4ef4d3c1671b23f370c0375964&X-Amz-SignedHeaders=host&response-content-disposition=attachment%3B%20filename%3D1d9a8c6c-b68d-4572-bb47-263187262059.flac&x-id=GetObject,0.235247329,48459
LFC.Eam-2023-04-25_18-40.WAV,2023 Laguna Fry Confluence - 45 Sump,2023,4,25,19,40,Agelaius tricolor,Courtship Song,4.618666649,5.557333469,94,8719,24000,present,https://rfcx-streams-production.s3.eu-west-1.amazonaws.com/2023/04/26/dtu1murbispj/5d7cad2a-de5f-4026-985e-5ebc0b1c7327.flac?X-Amz-Algorithm=AWS4-HMAC-SHA256&X-Amz-Content-Sha256=UNSIGNED-PAYLOAD&X-Amz-Credential=AKIA45B7YWBX5HAZMGOU%2F20260223%2Feu-west-1%2Fs3%2Faws4_request&X-Amz-Date=20260223T002439Z&X-Amz-Expires=604800&X-Amz-Signature=c1723cf972d5815554bab7b32d99b5b9bc7db5da5c4409cadfde3773d749a10c&X-Amz-SignedHeaders=host&response-content-disposition=attachment%3B%20filename%3D5d7cad2a-de5f-4026-985e-5ebc0b1c7327.flac&x-id=GetObject,0.258033186,48459
LFC.Eam-2023-04-25_19-00.WAV,2023 Laguna Fry Confluence - 45 Sump,2023,4,25,20,0,Agelaius tricolor,Courtship Song,25.90399933,26.84266663,94,8719,24000,present,https://rfcx-streams-production.s3.eu-west-1.amazonaws.com/2023/04/26/dtu1murbispj/33c96f99-980f-44b3-a781-c34081b2dee7.flac?X-Amz-Algorithm=AWS4-HMAC-SHA256&X-Amz-Content-Sha256=UNSIGNED-PAYLOAD&X-Amz-Credential=AKIA45B7YWBX5HAZMGOU%2F20260223%2Feu-west-1%2Fs3%2Faws4_request&X-Amz-Date=20260223T002439Z&X-Amz-Expires=604800&X-Amz-Signature=bda42ffefdf5c9b231abf15ccbf4886b123caf497acd05df53e5a4124bd5b706&X-Amz-SignedHeaders=host&response-content-disposition=attachment%3B%20filename%3D33c96f99-980f-44b3-a781-c34081b2dee7.flac&x-id=GetObject,0.260554194,48459
LFC.Eam-2023-04-25_19-20.WAV,2023 Laguna Fry Confluence - 45 Sump,2023,4,25,20,20,Agelaius tricolor,Courtship Song,59.05599976,59.99466705,94,8719,24000,present,https://rfcx-streams-production.s3.eu-west-1.amazonaws.com/2023/04/26/dtu1murbispj/c0fef552-547f-4f08-a66c-c4bef54411fc.flac?X-Amz-Algorithm=AWS4-HMAC-SHA256&X-Amz-Content-Sha256=UNSIGNED-PAYLOAD&X-Amz-Credential=AKIA45B7YWBX5HAZMGOU%2F20260223%2Feu-west-1%2Fs3%2Faws4_request&X-Amz-Date=20260223T002439Z&X-Amz-Expires=604800&X-Amz-Signature=73475e2e2771f6042ca6d094908610ee7d95cfdefad63a58f8582aa9166746c1&X-Amz-SignedHeaders=host&response-content-disposition=attachment%3B%20filename%3Dc0fef552-547f-4f08-a66c-c4bef54411fc.flac&x-id=GetObject,0.23791334,48459
LFC.Eam-2023-04-25_19-40.WAV,2023 Laguna Fry Confluence - 45 Sump,2023,4,25,20,40,Agelaius tricolor,Courtship Song,48.63466644,49.57333374,94,8719,24000,present,https://rfcx-streams-production.s3.eu-west-1.amazonaws.com/2023/04/26/dtu1murbispj/8b2a5356-23b9-40ba-b39b-f0bc7cf1219e.flac?X-Amz-Algorithm=AWS4-HMAC-SHA256&X-Amz-Content-Sha256=UNSIGNED-PAYLOAD&X-Amz-Credential=AKIA45B7YWBX5HAZMGOU%2F20260223%2Feu-west-1%2Fs3%2Faws4_request&X-Amz-Date=20260223T002439Z&X-Amz-Expires=604800&X-Amz-Signature=8a94c221b230e7a18c7b01021b90a564eaa0e0db1d3974f4965bb5d590003118&X-Amz-SignedHeaders=host&response-content-disposition=attachment%3B%20filename%3D8b2a5356-23b9-40ba-b39b-f0bc7cf1219e.flac&x-id=GetObject,0.243159875,48459
LFC.Eam-2023-04-25_20-00.WAV,2023 Laguna Fry Confluence - 45 Sump,2023,4,25,21,0,Agelaius tricolor,Courtship Song,7.205333233,8.144000053,94,8719,24000,present,https://rfcx-streams-production.s3.eu-west-1.amazonaws.com/2023/04/26/dtu1murbispj/05d87374-db45-4858-af12-949c792820ca.flac?X-Amz-Algorithm=AWS4-HMAC-SHA256&X-Amz-Content-Sha256=UNSIGNED-PAYLOAD&X-Amz-Credential=AKIA45B7YWBX5HAZMGOU%2F20260223%2Feu-west-1%2Fs3%2Faws4_request&X-Amz-Date=20260223T002439Z&X-Amz-Expires=604800&X-Amz-Signature=29f62175d43f72640f90f46e845aa279c7120387747683a3423ca722fd82fa45&X-Amz-SignedHeaders=host&response-content-disposition=attachment%3B%20filename%3D05d87374-db45-4858-af12-949c792820ca.flac&x-id=GetObject,0.205503166,48459
LFC.Eam-2023-04-25_20-20.WAV,2023 Laguna Fry Confluence - 45 Sump,2023,4,25,21,20,Agelaius tricolor,Courtship Song,33.85066605,34.78933334,94,8719,24000,present,https://rfcx-streams-production.s3.eu-west-1.amazonaws.com/2023/04/26/dtu1murbispj/af4b8fad-054c-4112-8e2c-1f1afef4ebcb.flac?X-Amz-Algorithm=AWS4-HMAC-SHA256&X-Amz-Content-Sha256=UNSIGNED-PAYLOAD&X-Amz-Credential=AKIA45B7YWBX5HAZMGOU%2F20260223%2Feu-west-1%2Fs3%2Faws4_request&X-Amz-Date=20260223T002439Z&X-Amz-Expires=604800&X-Amz-Signature=7eb518295bbb661600b16829c21a0973003d67259e7b9adcd0691e79b0d02b08&X-Amz-SignedHeaders=host&response-content-disposition=attachment%3B%20filename%3Daf4b8fad-054c-4112-8e2c-1f1afef4ebcb.flac&x-id=GetObject,0.258735269,48459
LFC.Eam-2023-04-26_05-40.WAV,2023 Laguna Fry Confluence - 45 Sump,2023,4,26,6,40,Agelaius tricolor,Courtship Song,28.99200058,29.93066597,94,8719,24000,present,https://rfcx-streams-production.s3.eu-west-1.amazonaws.com/2023/04/26/dtu1murbispj/027c2221-4ef7-42a4-8310-3752ecd7ba97.flac?X-Amz-Algorithm=AWS4-HMAC-SHA256&X-Amz-Content-Sha256=UNSIGNED-PAYLOAD&X-Amz-Credential=AKIA45B7YWBX5HAZMGOU%2F20260223%2Feu-west-1%2Fs3%2Faws4_request&X-Amz-Date=20260223T002439Z&X-Amz-Expires=604800&X-Amz-Signature=12373a63f1c2622841dc6d6cb0823d53101e356c6a86e20c70650eb02acedde9&X-Amz-SignedHeaders=host&response-content-disposition=attachment%3B%20filename%3D027c2221-4ef7-42a4-8310-3752ecd7ba97.flac&x-id=GetObject,0.265219122,48459
LFC.Eam-2023-04-26_06-00.WAV,2023 Laguna Fry Confluence - 45 Sump,2023,4,26,7,0,Agelaius tricolor,Courtship Song,2.911999941,3.850666761,94,8719,24000,present,https://rfcx-streams-production.s3.eu-west-1.amazonaws.com/2023/04/26/dtu1murbispj/296f57e8-d364-4dd6-b938-0a62fd0bd25e.flac?X-Amz-Algorithm=AWS4-HMAC-SHA256&X-Amz-Content-Sha256=UNSIGNED-PAYLOAD&X-Amz-Credential=AKIA45B7YWBX5HAZMGOU%2F20260223%2Feu-west-1%2Fs3%2Faws4_request&X-Amz-Date=20260223T002439Z&X-Amz-Expires=604800&X-Amz-Signature=0838642b2e327a4dd35c240ffd12610823b6db6843ffaa27a91315fdd150f53e&X-Amz-SignedHeaders=host&response-content-disposition=attachment%3B%20filename%3D296f57e8-d364-4dd6-b938-0a62fd0bd25e.flac&x-id=GetObject,0.271049321,48459
LFC.Eam-2023-04-26_06-20.WAV,2023 Laguna Fry Confluence - 45 Sump,2023,4,26,7,20,Agelaius tricolor,Courtship Song,29.81333351,30.75200081,94,8719,24000,present,https://rfcx-streams-production.s3.eu-west-1.amazonaws.com/2023/04/26/dtu1murbispj/1eacc2a5-47a0-44cc-96da-98d83d5a8ad9.flac?X-Amz-Algorithm=AWS4-HMAC-SHA256&X-Amz-Content-Sha256=UNSIGNED-PAYLOAD&X-Amz-Credential=AKIA45B7YWBX5HAZMGOU%2F20260223%2Feu-west-1%2Fs3%2Faws4_request&X-Amz-Date=20260223T002439Z&X-Amz-Expires=604800&X-Amz-Signature=7adb3b82a2d931f5ad1d1706122f104d3b20d5e2c44b7116ced4fd2d34a4d2f7&X-Amz-SignedHeaders=host&response-content-disposition=attachment%3B%20filename%3D1eacc2a5-47a0-44cc-96da-98d83d5a8ad9.flac&x-id=GetObject,0.244926259,48459
LFC.Eam-2023-04-26_06-40.WAV,2023 Laguna Fry Confluence - 45 Sump,2023,4,26,7,40,Agelaius tricolor,Courtship Song,7.829333305,8.767999649,94,8719,24000,present,https://rfcx-streams-production.s3.eu-west-1.amazonaws.com/2023/04/26/dtu1murbispj/22c4e19a-c5f5-4e87-8841-a13ea3c98e69.flac?X-Amz-Algorithm=AWS4-HMAC-SHA256&X-Amz-Content-Sha256=UNSIGNED-PAYLOAD&X-Amz-Credential=AKIA45B7YWBX5HAZMGOU%2F20260223%2Feu-west-1%2Fs3%2Faws4_request&X-Amz-Date=20260223T002439Z&X-Amz-Expires=604800&X-Amz-Signature=237c7a2061faa1e1405fefef666fb6c331aa3f1b7c1baf3b716a080cb971d75e&X-Amz-SignedHeaders=host&response-content-disposition=attachment%3B%20filename%3D22c4e19a-c5f5-4e87-8841-a13ea3c98e69.flac&x-id=GetObject,0.255885571,48459
LFC.Eam-2023-04-26_07-00.WAV,2023 Laguna Fry Confluence - 45 Sump,2023,4,26,8,0,Agelaius tricolor,Courtship Song,13.20533371,14.14400005,94,8719,24000,present,https://rfcx-streams-production.s3.eu-west-1.amazonaws.com/2023/04/26/dtu1murbispj/88a1e253-b8ae-461e-860a-2d442c9708a4.flac?X-Amz-Algorithm=AWS4-HMAC-SHA256&X-Amz-Content-Sha256=UNSIGNED-PAYLOAD&X-Amz-Credential=AKIA45B7YWBX5HAZMGOU%2F20260223%2Feu-west-1%2Fs3%2Faws4_request&X-Amz-Date=20260223T002439Z&X-Amz-Expires=604800&X-Amz-Signature=07eae2b0ac5d3224d3db88680c11d790430494f14facf7fd16add7cde4c7f0ba&X-Amz-SignedHeaders=host&response-content-disposition=attachment%3B%20filename%3D88a1e253-b8ae-461e-860a-2d442c9708a4.flac&x-id=GetObject,0.3218005,48459
LFC.Eam-2023-04-26_07-20.WAV,2023 Laguna Fry Confluence - 45 Sump,2023,4,26,8,20,Agelaius tricolor,Courtship Song,38.67733383,39.61600113,94,8719,24000,present,https://rfcx-streams-production.s3.eu-west-1.amazonaws.com/2023/04/26/dtu1murbispj/9e0c47aa-b5c2-4b88-a37a-9c5b503bdfe0.flac?X-Amz-Algorithm=AWS4-HMAC-SHA256&X-Amz-Content-Sha256=UNSIGNED-PAYLOAD&X-Amz-Credential=AKIA45B7YWBX5HAZMGOU%2F20260223%2Feu-west-1%2Fs3%2Faws4_request&X-Amz-Date=20260223T002439Z&X-Amz-Expires=604800&X-Amz-Signature=6d6b0503156ffc9406ccd3e5003d1dedcd312e527bc5d356cb514e3be95dd4c0&X-Amz-SignedHeaders=host&response-content-disposition=attachment%3B%20filename%3D9e0c47aa-b5c2-4b88-a37a-9c5b503bdfe0.flac&x-id=GetObject,0.261821866,48459
LFC.Eam-2023-04-26_07-40.WAV,2023 Laguna Fry Confluence - 45 Sump,2023,4,26,8,40,Agelaius tricolor,Courtship Song,15.93066692,16.86933327,94,8719,24000,present,https://rfcx-streams-production.s3.eu-west-1.amazonaws.com/2023/04/26/dtu1murbispj/932b30d6-0131-4638-8cbf-7a003f9d7bc7.flac?X-Amz-Algorithm=AWS4-HMAC-SHA256&X-Amz-Content-Sha256=UNSIGNED-PAYLOAD&X-Amz-Credential=AKIA45B7YWBX5HAZMGOU%2F20260223%2Feu-west-1%2Fs3%2Faws4_request&X-Amz-Date=20260223T002439Z&X-Amz-Expires=604800&X-Amz-Signature=a8e9201d6b4d3b87a227f872d97306b059fa5b0afafabb27f95e0ab670a448ab&X-Amz-SignedHeaders=host&response-content-disposition=attachment%3B%20filename%3D932b30d6-0131-4638-8cbf-7a003f9d7bc7.flac&x-id=GetObject,0.210969269,48459
LFC.Eam-2023-04-26_08-00.WAV,2023 Laguna Fry Confluence - 45 Sump,2023,4,26,9,0,Agelaius tricolor,Courtship Song,40.58666611,41.5253334,94,8719,24000,present,https://rfcx-streams-production.s3.eu-west-1.amazonaws.com/2023/04/26/dtu1murbispj/c834021b-0e85-4d59-9eec-fffb2322a2d2.flac?X-Amz-Algorithm=AWS4-HMAC-SHA256&X-Amz-Content-Sha256=UNSIGNED-PAYLOAD&X-Amz-Credential=AKIA45B7YWBX5HAZMGOU%2F20260223%2Feu-west-1%2Fs3%2Faws4_request&X-Amz-Date=20260223T002439Z&X-Amz-Expires=604800&X-Amz-Signature=695c73d323cb4f0aa664bdac2a8ec3e22e21ae4e4c190dcaed39a8abb4386159&X-Amz-SignedHeaders=host&response-content-disposition=attachment%3B%20filename%3Dc834021b-0e85-4d59-9eec-fffb2322a2d2.flac&x-id=GetObject,0.262784153,48459
LFC.Eam-2023-04-26_08-20.WAV,2023 Laguna Fry Confluence - 45 Sump,2023,4,26,9,20,Agelaius tricolor,Courtship Song,41.33866501,42.27733231,94,8719,24000,present,https://rfcx-streams-production.s3.eu-west-1.amazonaws.com/2023/04/26/dtu1murbispj/ba2da7ff-9b99-4cd3-8df4-03b5b00a90fc.flac?X-Amz-Algorithm=AWS4-HMAC-SHA256&X-Amz-Content-Sha256=UNSIGNED-PAYLOAD&X-Amz-Credential=AKIA45B7YWBX5HAZMGOU%2F20260223%2Feu-west-1%2Fs3%2Faws4_request&X-Amz-Date=20260223T002439Z&X-Amz-Expires=604800&X-Amz-Signature=685e3c0f417242e4bd7803b1fad8c3104f42f75e2c349e73319d7a01256ebc65&X-Amz-SignedHeaders=host&response-content-disposition=attachment%3B%20filename%3Dba2da7ff-9b99-4cd3-8df4-03b5b00a90fc.flac&x-id=GetObject,0.281769067,48459
LFC.Eam-2023-04-26_08-40.WAV,2023 Laguna Fry Confluence - 45 Sump,2023,4,26,9,40,Agelaius tricolor,Courtship Song,7.381333351,8.319999695,94,8719,24000,present,https://rfcx-streams-production.s3.eu-west-1.amazonaws.com/2023/04/26/dtu1murbispj/051975fc-82f4-4b60-80fd-6a6458808898.flac?X-Amz-Algorithm=AWS4-HMAC-SHA256&X-Amz-Content-Sha256=UNSIGNED-PAYLOAD&X-Amz-Credential=AKIA45B7YWBX5HAZMGOU%2F20260223%2Feu-west-1%2Fs3%2Faws4_request&X-Amz-Date=20260223T002439Z&X-Amz-Expires=604800&X-Amz-Signature=eb115ef3b09f07205761e19639a03f90c5fd53d3b6b7752bb95615f72110d04e&X-Amz-SignedHeaders=host&response-content-disposition=attachment%3B%20filename%3D051975fc-82f4-4b60-80fd-6a6458808898.flac&x-id=GetObject,0.233411342,48459
LFC.Eam-2023-04-26_09-00.WAV,2023 Laguna Fry Confluence - 45 Sump,2023,4,26,10,0,Agelaius tricolor,Courtship Song,52.01599884,52.95466614,94,8719,24000,present,https://rfcx-streams-production.s3.eu-west-1.amazonaws.com/2023/04/26/dtu1murbispj/99f2b09f-2de4-4840-975e-df112dd57f00.flac?X-Amz-Algorithm=AWS4-HMAC-SHA256&X-Amz-Content-Sha256=UNSIGNED-PAYLOAD&X-Amz-Credential=AKIA45B7YWBX5HAZMGOU%2F20260223%2Feu-west-1%2Fs3%2Faws4_request&X-Amz-Date=20260223T002439Z&X-Amz-Expires=604800&X-Amz-Signature=335af05ebe87689a35604756f19f2a330b13953786ce26e33d1956fb40aa75b6&X-Amz-SignedHeaders=host&response-content-disposition=attachment%3B%20filename%3D99f2b09f-2de4-4840-975e-df112dd57f00.flac&x-id=GetObject,0.257175922,48459
LFC.Eam-2023-04-26_09-40.WAV,2023 Laguna Fry Confluence - 45 Sump,2023,4,26,10,40,Agelaius tricolor,Courtship Song,27.05066681,27.98933411,94,8719,24000,present,https://rfcx-streams-production.s3.eu-west-1.amazonaws.com/2023/04/26/dtu1murbispj/2231cf57-d75f-4888-84ef-fbbf66025a2f.flac?X-Amz-Algorithm=AWS4-HMAC-SHA256&X-Amz-Content-Sha256=UNSIGNED-PAYLOAD&X-Amz-Credential=AKIA45B7YWBX5HAZMGOU%2F20260223%2Feu-west-1%2Fs3%2Faws4_request&X-Amz-Date=20260223T002439Z&X-Amz-Expires=604800&X-Amz-Signature=915e4040d50d45190805adc74f2c09248e5525b944479d17a3b6853441f1bcdf&X-Amz-SignedHeaders=host&response-content-disposition=attachment%3B%20filename%3D2231cf57-d75f-4888-84ef-fbbf66025a2f.flac&x-id=GetObject,0.327117294,48459
LFC.Eam-2023-04-26_10-00.WAV,2023 Laguna Fry Confluence - 45 Sump,2023,4,26,11,0,Agelaius tricolor,Courtship Song,3.850666761,4.789333344,94,8719,24000,present,https://rfcx-streams-production.s3.eu-west-1.amazonaws.com/2023/04/26/dtu1murbispj/9f285fb7-ba2e-43d3-a45a-7f8a9481794b.flac?X-Amz-Algorithm=AWS4-HMAC-SHA256&X-Amz-Content-Sha256=UNSIGNED-PAYLOAD&X-Amz-Credential=AKIA45B7YWBX5HAZMGOU%2F20260223%2Feu-west-1%2Fs3%2Faws4_request&X-Amz-Date=20260223T002439Z&X-Amz-Expires=604800&X-Amz-Signature=023b753bcb399e4140337f2a174fdee8c911fd199c38e61b414dfb1dd4fa8d69&X-Amz-SignedHeaders=host&response-content-disposition=attachment%3B%20filename%3D9f285fb7-ba2e-43d3-a45a-7f8a9481794b.flac&x-id=GetObject,0.289192528,48459
LFC.Eam-2023-04-26_10-20.WAV,2023 Laguna Fry Confluence - 45 Sump,2023,4,26,11,20,Agelaius tricolor,Courtship Song,11.27466679,12.21333313,94,8719,24000,present,https://rfcx-streams-production.s3.eu-west-1.amazonaws.com/2023/04/26/dtu1murbispj/b9bb10ab-e900-4fd4-8c9b-a4db9956206f.flac?X-Amz-Algorithm=AWS4-HMAC-SHA256&X-Amz-Content-Sha256=UNSIGNED-PAYLOAD&X-Amz-Credential=AKIA45B7YWBX5HAZMGOU%2F20260223%2Feu-west-1%2Fs3%2Faws4_request&X-Amz-Date=20260223T002439Z&X-Amz-Expires=604800&X-Amz-Signature=a13f73f177b078f71a78ca58a541a44a2e5a1071c8a4cf2d31fa24cef7bf7ff8&X-Amz-SignedHeaders=host&response-content-disposition=attachment%3B%20filename%3Db9bb10ab-e900-4fd4-8c9b-a4db9956206f.flac&x-id=GetObject,0.259574652,48459
LFC.Eam-2023-04-26_10-40.WAV,2023 Laguna Fry Confluence - 45 Sump,2023,4,26,11,40,Agelaius tricolor,Courtship Song,46.95466614,47.89333344,94,8719,24000,present,https://rfcx-streams-production.s3.eu-west-1.amazonaws.com/2023/04/26/dtu1murbispj/8bc21225-d034-47be-a15b-93482733dd96.flac?X-Amz-Algorithm=AWS4-HMAC-SHA256&X-Amz-Content-Sha256=UNSIGNED-PAYLOAD&X-Amz-Credential=AKIA45B7YWBX5HAZMGOU%2F20260223%2Feu-west-1%2Fs3%2Faws4_request&X-Amz-Date=20260223T002439Z&X-Amz-Expires=604800&X-Amz-Signature=bebf89ab2c0ad7f6b8d19e48afe099268f874dbc310687dbc749546e4fbcd609&X-Amz-SignedHeaders=host&response-content-disposition=attachment%3B%20filename%3D8bc21225-d034-47be-a15b-93482733dd96.flac&x-id=GetObject,0.203841776,48459
LFC.Eam-2023-04-26_11-00.WAV,2023 Laguna Fry Confluence - 45 Sump,2023,4,26,12,0,Agelaius tricolor,Courtship Song,4.501333237,5.440000057,94,8719,24000,present,https://rfcx-streams-production.s3.eu-west-1.amazonaws.com/2023/04/26/dtu1murbispj/be10325a-eb9e-4eee-bd84-6971363edf48.flac?X-Amz-Algorithm=AWS4-HMAC-SHA256&X-Amz-Content-Sha256=UNSIGNED-PAYLOAD&X-Amz-Credential=AKIA45B7YWBX5HAZMGOU%2F20260223%2Feu-west-1%2Fs3%2Faws4_request&X-Amz-Date=20260223T002439Z&X-Amz-Expires=604800&X-Amz-Signature=51c0e36c2945dc9bd563358fc843982f30de66d88a18c32337a048591a9e46c1&X-Amz-SignedHeaders=host&response-content-disposition=attachment%3B%20filename%3Dbe10325a-eb9e-4eee-bd84-6971363edf48.flac&x-id=GetObject,0.302617908,48459
LFC.Eam-2023-04-26_11-40.WAV,2023 Laguna Fry Confluence - 45 Sump,2023,4,26,12,40,Agelaius tricolor,Courtship Song,8.800000191,9.738666534,94,8719,24000,present,https://rfcx-streams-production.s3.eu-west-1.amazonaws.com/2023/04/26/dtu1murbispj/944eff04-43dc-489d-8a75-a47e11628111.flac?X-Amz-Algorithm=AWS4-HMAC-SHA256&X-Amz-Content-Sha256=UNSIGNED-PAYLOAD&X-Amz-Credential=AKIA45B7YWBX5HAZMGOU%2F20260223%2Feu-west-1%2Fs3%2Faws4_request&X-Amz-Date=20260223T002439Z&X-Amz-Expires=604800&X-Amz-Signature=fe4b08f7b10807f43daa37359c5cef1567d1363bdef3057bdbd1503113aebc05&X-Amz-SignedHeaders=host&response-content-disposition=attachment%3B%20filename%3D944eff04-43dc-489d-8a75-a47e11628111.flac&x-id=GetObject,0.352044433,48459
LFC.Eam-2023-04-26_12-00.WAV,2023 Laguna Fry Confluence - 45 Sump,2023,4,26,13,0,Agelaius tricolor,Courtship Song,4.144000053,5.082666874,94,8719,24000,present,https://rfcx-streams-production.s3.eu-west-1.amazonaws.com/2023/04/26/dtu1murbispj/f9834172-1ddc-446e-bc32-772f9d0ec6db.flac?X-Amz-Algorithm=AWS4-HMAC-SHA256&X-Amz-Content-Sha256=UNSIGNED-PAYLOAD&X-Amz-Credential=AKIA45B7YWBX5HAZMGOU%2F20260223%2Feu-west-1%2Fs3%2Faws4_request&X-Amz-Date=20260223T002439Z&X-Amz-Expires=604800&X-Amz-Signature=29ac17a4a419fcd7b29dc4cdf0ab80f49526f4131b35630002943957507e8b20&X-Amz-SignedHeaders=host&response-content-disposition=attachment%3B%20filename%3Df9834172-1ddc-446e-bc32-772f9d0ec6db.flac&x-id=GetObject,0.296793103,48459
LFC.Eam-2023-04-26_12-20.WAV,2023 Laguna Fry Confluence - 45 Sump,2023,4,26,13,20,Agelaius tricolor,Courtship Song,45.48799896,46.42666626,94,8719,24000,present,https://rfcx-streams-production.s3.eu-west-1.amazonaws.com/2023/04/26/dtu1murbispj/985ba8b9-0eec-4506-b8b4-cad29f320cbe.flac?X-Amz-Algorithm=AWS4-HMAC-SHA256&X-Amz-Content-Sha256=UNSIGNED-PAYLOAD&X-Amz-Credential=AKIA45B7YWBX5HAZMGOU%2F20260223%2Feu-west-1%2Fs3%2Faws4_request&X-Amz-Date=20260223T002439Z&X-Amz-Expires=604800&X-Amz-Signature=0a6dec6e7e4fbccd17d4fbaf6c9d7cc4d6267704742f1d7944a64f6c875a06c8&X-Amz-SignedHeaders=host&response-content-disposition=attachment%3B%20filename%3D985ba8b9-0eec-4506-b8b4-cad29f320cbe.flac&x-id=GetObject,0.294512063,48459
LFC.Eam-2023-04-26_12-40.WAV,2023 Laguna Fry Confluence - 45 Sump,2023,4,26,13,40,Agelaius tricolor,Courtship Song,29.6693325,30.6079998,94,8719,24000,present,https://rfcx-streams-production.s3.eu-west-1.amazonaws.com/2023/04/26/dtu1murbispj/06e38840-bc9e-4887-9e83-4578d53c687e.flac?X-Amz-Algorithm=AWS4-HMAC-SHA256&X-Amz-Content-Sha256=UNSIGNED-PAYLOAD&X-Amz-Credential=AKIA45B7YWBX5HAZMGOU%2F20260223%2Feu-west-1%2Fs3%2Faws4_request&X-Amz-Date=20260223T002439Z&X-Amz-Expires=604800&X-Amz-Signature=478bdc01edb29eff1539eb0727c0b191ed6804c79b50c1be70ee56ae04d59e4a&X-Amz-SignedHeaders=host&response-content-disposition=attachment%3B%20filename%3D06e38840-bc9e-4887-9e83-4578d53c687e.flac&x-id=GetObject,0.312798828,48459
LFC.Eam-2023-04-26_13-00.WAV,2023 Laguna Fry Confluence - 45 Sump,2023,4,26,14,0,Agelaius tricolor,Courtship Song,33.03466797,33.97333145,94,8719,24000,present,https://rfcx-streams-production.s3.eu-west-1.amazonaws.com/2023/04/26/dtu1murbispj/43f1881b-fffb-40e4-a697-7651670095f6.flac?X-Amz-Algorithm=AWS4-HMAC-SHA256&X-Amz-Content-Sha256=UNSIGNED-PAYLOAD&X-Amz-Credential=AKIA45B7YWBX5HAZMGOU%2F20260223%2Feu-west-1%2Fs3%2Faws4_request&X-Amz-Date=20260223T002439Z&X-Amz-Expires=604800&X-Amz-Signature=d625be5c3d2437cfc9435e88b5285d7c4675515edbc53b34b5359415ade44377&X-Amz-SignedHeaders=host&response-content-disposition=attachment%3B%20filename%3D43f1881b-fffb-40e4-a697-7651670095f6.flac&x-id=GetObject,0.277488142,48459
LFC.Eam-2023-04-26_13-20.WAV,2023 Laguna Fry Confluence - 45 Sump,2023,4,26,14,20,Agelaius tricolor,Courtship Song,57.07733154,58.01599884,94,8719,24000,present,https://rfcx-streams-production.s3.eu-west-1.amazonaws.com/2023/04/26/dtu1murbispj/a0e73f41-790f-4ebe-aee3-ee43b9b20cfa.flac?X-Amz-Algorithm=AWS4-HMAC-SHA256&X-Amz-Content-Sha256=UNSIGNED-PAYLOAD&X-Amz-Credential=AKIA45B7YWBX5HAZMGOU%2F20260223%2Feu-west-1%2Fs3%2Faws4_request&X-Amz-Date=20260223T002439Z&X-Amz-Expires=604800&X-Amz-Signature=2fe28881ba41f842df37bb76101afe09834877ac24044c6930390dd14d6266df&X-Amz-SignedHeaders=host&response-content-disposition=attachment%3B%20filename%3Da0e73f41-790f-4ebe-aee3-ee43b9b20cfa.flac&x-id=GetObject,0.299173921,48459
LFC.Eam-2023-04-26_13-40.WAV,2023 Laguna Fry Confluence - 45 Sump,2023,4,26,14,40,Agelaius tricolor,Courtship Song,35.58933258,36.52799988,94,8719,24000,present,https://rfcx-streams-production.s3.eu-west-1.amazonaws.com/2023/04/26/dtu1murbispj/b3d39846-c4c2-4bb1-8340-b5ca1c6c5510.flac?X-Amz-Algorithm=AWS4-HMAC-SHA256&X-Amz-Content-Sha256=UNSIGNED-PAYLOAD&X-Amz-Credential=AKIA45B7YWBX5HAZMGOU%2F20260223%2Feu-west-1%2Fs3%2Faws4_request&X-Amz-Date=20260223T002439Z&X-Amz-Expires=604800&X-Amz-Signature=f805e41b464f9f999bd20cd6ce544ac47c3f2f0bf51669dc20739633210b8667&X-Amz-SignedHeaders=host&response-content-disposition=attachment%3B%20filename%3Db3d39846-c4c2-4bb1-8340-b5ca1c6c5510.flac&x-id=GetObject,0.315210491,48459
LFC.Eam-2023-04-26_14-00.WAV,2023 Laguna Fry Confluence - 45 Sump,2023,4,26,15,0,Agelaius tricolor,Courtship Song,2.976000071,3.914666653,94,8719,24000,present,https://rfcx-streams-production.s3.eu-west-1.amazonaws.com/2023/04/26/dtu1murbispj/4c4e5877-93da-4744-947f-71628d44a0a8.flac?X-Amz-Algorithm=AWS4-HMAC-SHA256&X-Amz-Content-Sha256=UNSIGNED-PAYLOAD&X-Amz-Credential=AKIA45B7YWBX5HAZMGOU%2F20260223%2Feu-west-1%2Fs3%2Faws4_request&X-Amz-Date=20260223T002439Z&X-Amz-Expires=604800&X-Amz-Signature=bc776aa226d3b23318d6d29a5c2c03f50f37d9fbef0b067173e1b26902fed6b6&X-Amz-SignedHeaders=host&response-content-disposition=attachment%3B%20filename%3D4c4e5877-93da-4744-947f-71628d44a0a8.flac&x-id=GetObject,0.295070976,48459
LFC.Eam-2023-04-26_14-20.WAV,2023 Laguna Fry Confluence - 45 Sump,2023,4,26,15,20,Agelaius tricolor,Courtship Song,4.149333477,5.087999821,94,8719,24000,present,https://rfcx-streams-production.s3.eu-west-1.amazonaws.com/2023/04/26/dtu1murbispj/277c7665-e9e2-43a0-9acf-5b94e089a3ba.flac?X-Amz-Algorithm=AWS4-HMAC-SHA256&X-Amz-Content-Sha256=UNSIGNED-PAYLOAD&X-Amz-Credential=AKIA45B7YWBX5HAZMGOU%2F20260223%2Feu-west-1%2Fs3%2Faws4_request&X-Amz-Date=20260223T002439Z&X-Amz-Expires=604800&X-Amz-Signature=639548ab8eff402d604aee604fc6be72d2104c46dde7d85230c0801022d9c451&X-Amz-SignedHeaders=host&response-content-disposition=attachment%3B%20filename%3D277c7665-e9e2-43a0-9acf-5b94e089a3ba.flac&x-id=GetObject,0.273956329,48459
LFC.Eam-2023-04-26_14-40.WAV,2023 Laguna Fry Confluence - 45 Sump,2023,4,26,15,40,Agelaius tricolor,Courtship Song,41.42933273,42.36800003,94,8719,24000,present,https://rfcx-streams-production.s3.eu-west-1.amazonaws.com/2023/04/26/dtu1murbispj/b37388bd-c25e-4aab-b766-6f47403143e5.flac?X-Amz-Algorithm=AWS4-HMAC-SHA256&X-Amz-Content-Sha256=UNSIGNED-PAYLOAD&X-Amz-Credential=AKIA45B7YWBX5HAZMGOU%2F20260223%2Feu-west-1%2Fs3%2Faws4_request&X-Amz-Date=20260223T002439Z&X-Amz-Expires=604800&X-Amz-Signature=9df9803bc0a15c0fe990425943bdf99c2e71f936ef086e31cd0241b713064698&X-Amz-SignedHeaders=host&response-content-disposition=attachment%3B%20filename%3Db37388bd-c25e-4aab-b766-6f47403143e5.flac&x-id=GetObject,0.252954572,48459
LFC.Eam-2023-04-26_15-00.WAV,2023 Laguna Fry Confluence - 45 Sump,2023,4,26,16,0,Agelaius tricolor,Courtship Song,33.58933258,34.52799988,94,8719,24000,present,https://rfcx-streams-production.s3.eu-west-1.amazonaws.com/2023/04/26/dtu1murbispj/31fba8df-d868-4c7a-b9eb-c50c76dc592a.flac?X-Amz-Algorithm=AWS4-HMAC-SHA256&X-Amz-Content-Sha256=UNSIGNED-PAYLOAD&X-Amz-Credential=AKIA45B7YWBX5HAZMGOU%2F20260223%2Feu-west-1%2Fs3%2Faws4_request&X-Amz-Date=20260223T002439Z&X-Amz-Expires=604800&X-Amz-Signature=1200762bd9c5fb51955fc437797e9153893b65d5c01009cbb3709a0d3e09fdf7&X-Amz-SignedHeaders=host&response-content-disposition=attachment%3B%20filename%3D31fba8df-d868-4c7a-b9eb-c50c76dc592a.flac&x-id=GetObject,0.28207314,48459
LFC.Eam-2023-04-26_15-20.WAV,2023 Laguna Fry Confluence - 45 Sump,2023,4,26,16,20,Agelaius tricolor,Courtship Song,49.83466721,50.7733345,94,8719,24000,present,https://rfcx-streams-production.s3.eu-west-1.amazonaws.com/2023/04/26/dtu1murbispj/5a9e69e4-c293-4008-8750-dc59da484921.flac?X-Amz-Algorithm=AWS4-HMAC-SHA256&X-Amz-Content-Sha256=UNSIGNED-PAYLOAD&X-Amz-Credential=AKIA45B7YWBX5HAZMGOU%2F20260223%2Feu-west-1%2Fs3%2Faws4_request&X-Amz-Date=20260223T002439Z&X-Amz-Expires=604800&X-Amz-Signature=5a3ee84341cff5eb06a82d68e5ef70a013534ad0488d6bd7e3169ffc129a5a60&X-Amz-SignedHeaders=host&response-content-disposition=attachment%3B%20filename%3D5a9e69e4-c293-4008-8750-dc59da484921.flac&x-id=GetObject,0.260750383,48459
LFC.Eam-2023-04-26_15-40.WAV,2023 Laguna Fry Confluence - 45 Sump,2023,4,26,16,40,Agelaius tricolor,Courtship Song,52.1866684,53.12533188,94,8719,24000,present,https://rfcx-streams-production.s3.eu-west-1.amazonaws.com/2023/04/26/dtu1murbispj/779e0e31-26ec-4447-8772-27434486bf45.flac?X-Amz-Algorithm=AWS4-HMAC-SHA256&X-Amz-Content-Sha256=UNSIGNED-PAYLOAD&X-Amz-Credential=AKIA45B7YWBX5HAZMGOU%2F20260223%2Feu-west-1%2Fs3%2Faws4_request&X-Amz-Date=20260223T002439Z&X-Amz-Expires=604800&X-Amz-Signature=4a0ddcf85e149a7f37a62fd6d6d8537fdac681d6dddccb63343b36fad20e8387&X-Amz-SignedHeaders=host&response-content-disposition=attachment%3B%20filename%3D779e0e31-26ec-4447-8772-27434486bf45.flac&x-id=GetObject,0.242665797,48459
LFC.Eam-2023-04-26_16-00.WAV,2023 Laguna Fry Confluence - 45 Sump,2023,4,26,17,0,Agelaius tricolor,Courtship Song,39.98933411,40.9280014,94,8719,24000,present,https://rfcx-streams-production.s3.eu-west-1.amazonaws.com/2023/04/27/dtu1murbispj/066b4d23-283a-41e5-aa34-38d45a595d20.flac?X-Amz-Algorithm=AWS4-HMAC-SHA256&X-Amz-Content-Sha256=UNSIGNED-PAYLOAD&X-Amz-Credential=AKIA45B7YWBX5HAZMGOU%2F20260223%2Feu-west-1%2Fs3%2Faws4_request&X-Amz-Date=20260223T002439Z&X-Amz-Expires=604800&X-Amz-Signature=3cbc205379c3cd6a1a1896dcc8b64be326994b88f9142f7e7cbe833787afedd1&X-Amz-SignedHeaders=host&response-content-disposition=attachment%3B%20filename%3D066b4d23-283a-41e5-aa34-38d45a595d20.flac&x-id=GetObject,0.254529715,48459
LFC.Eam-2023-04-26_16-20.WAV,2023 Laguna Fry Confluence - 45 Sump,2023,4,26,17,20,Agelaius tricolor,Courtship Song,36.15999985,37.09866714,94,8719,24000,present,https://rfcx-streams-production.s3.eu-west-1.amazonaws.com/2023/04/27/dtu1murbispj/e815ad13-12fa-4a92-a494-76c27185cf31.flac?X-Amz-Algorithm=AWS4-HMAC-SHA256&X-Amz-Content-Sha256=UNSIGNED-PAYLOAD&X-Amz-Credential=AKIA45B7YWBX5HAZMGOU%2F20260223%2Feu-west-1%2Fs3%2Faws4_request&X-Amz-Date=20260223T002439Z&X-Amz-Expires=604800&X-Amz-Signature=57d1a9fb087d3e8a790f9583b955b17267d0b3352503d0df6638ef9f272b86aa&X-Amz-SignedHeaders=host&response-content-disposition=attachment%3B%20filename%3De815ad13-12fa-4a92-a494-76c27185cf31.flac&x-id=GetObject,0.310241461,48459
LFC.Eam-2023-04-26_16-40.WAV,2023 Laguna Fry Confluence - 45 Sump,2023,4,26,17,40,Agelaius tricolor,Courtship Song,25.73866653,26.67733383,94,8719,24000,present,https://rfcx-streams-production.s3.eu-west-1.amazonaws.com/2023/04/27/dtu1murbispj/8ae42a81-a1a1-41a3-81e1-10730fd19eaa.flac?X-Amz-Algorithm=AWS4-HMAC-SHA256&X-Amz-Content-Sha256=UNSIGNED-PAYLOAD&X-Amz-Credential=AKIA45B7YWBX5HAZMGOU%2F20260223%2Feu-west-1%2Fs3%2Faws4_request&X-Amz-Date=20260223T002439Z&X-Amz-Expires=604800&X-Amz-Signature=1f3f26b189cd16741ec832d121506c340a9060271de72720818de998a315365c&X-Amz-SignedHeaders=host&response-content-disposition=attachment%3B%20filename%3D8ae42a81-a1a1-41a3-81e1-10730fd19eaa.flac&x-id=GetObject,0.219417706,48459
LFC.Eam-2023-04-26_17-00.WAV,2023 Laguna Fry Confluence - 45 Sump,2023,4,26,18,0,Agelaius tricolor,Courtship Song,53.33866501,54.27733231,94,8719,24000,present,https://rfcx-streams-production.s3.eu-west-1.amazonaws.com/2023/04/27/dtu1murbispj/5b184212-b57e-4f52-a920-87ecc9fdad58.flac?X-Amz-Algorithm=AWS4-HMAC-SHA256&X-Amz-Content-Sha256=UNSIGNED-PAYLOAD&X-Amz-Credential=AKIA45B7YWBX5HAZMGOU%2F20260223%2Feu-west-1%2Fs3%2Faws4_request&X-Amz-Date=20260223T002439Z&X-Amz-Expires=604800&X-Amz-Signature=3f2fefbd4beda0f82b3e2a8b8354a076e23980955e1bd7adcc77171df2a18c21&X-Amz-SignedHeaders=host&response-content-disposition=attachment%3B%20filename%3D5b184212-b57e-4f52-a920-87ecc9fdad58.flac&x-id=GetObject,0.259815663,48459
LFC.Eam-2023-04-26_17-20.WAV,2023 Laguna Fry Confluence - 45 Sump,2023,4,26,18,20,Agelaius tricolor,Courtship Song,24.52799988,25.46666718,94,8719,24000,present,https://rfcx-streams-production.s3.eu-west-1.amazonaws.com/2023/04/27/dtu1murbispj/9c17f02e-9888-44c4-a226-c172c55cfad9.flac?X-Amz-Algorithm=AWS4-HMAC-SHA256&X-Amz-Content-Sha256=UNSIGNED-PAYLOAD&X-Amz-Credential=AKIA45B7YWBX5HAZMGOU%2F20260223%2Feu-west-1%2Fs3%2Faws4_request&X-Amz-Date=20260223T002439Z&X-Amz-Expires=604800&X-Amz-Signature=1aad9938bf29b9e08f6f6637e6aeb098e7b39524b33a6143fb5140748f5ad64e&X-Amz-SignedHeaders=host&response-content-disposition=attachment%3B%20filename%3D9c17f02e-9888-44c4-a226-c172c55cfad9.flac&x-id=GetObject,0.272966325,48459
LFC.Eam-2023-04-26_17-40.WAV,2023 Laguna Fry Confluence - 45 Sump,2023,4,26,18,40,Agelaius tricolor,Courtship Song,39.16266632,40.10133362,94,8719,24000,present,https://rfcx-streams-production.s3.eu-west-1.amazonaws.com/2023/04/27/dtu1murbispj/bbe0a012-0351-4d52-9035-afc8ee1ea74a.flac?X-Amz-Algorithm=AWS4-HMAC-SHA256&X-Amz-Content-Sha256=UNSIGNED-PAYLOAD&X-Amz-Credential=AKIA45B7YWBX5HAZMGOU%2F20260223%2Feu-west-1%2Fs3%2Faws4_request&X-Amz-Date=20260223T002439Z&X-Amz-Expires=604800&X-Amz-Signature=6d4b4745583fe766e478ad7603834172377d40f2ed8db9b5f0fd9ae8f8410414&X-Amz-SignedHeaders=host&response-content-disposition=attachment%3B%20filename%3Dbbe0a012-0351-4d52-9035-afc8ee1ea74a.flac&x-id=GetObject,0.2746737,48459
LFC.Eam-2023-04-26_18-00.WAV,2023 Laguna Fry Confluence - 45 Sump,2023,4,26,19,0,Agelaius tricolor,Courtship Song,52.0320015,52.97066498,94,8719,24000,present,https://rfcx-streams-production.s3.eu-west-1.amazonaws.com/2023/04/27/dtu1murbispj/42b1d5a5-b3cf-4915-b215-8c3decd1d78b.flac?X-Amz-Algorithm=AWS4-HMAC-SHA256&X-Amz-Content-Sha256=UNSIGNED-PAYLOAD&X-Amz-Credential=AKIA45B7YWBX5HAZMGOU%2F20260223%2Feu-west-1%2Fs3%2Faws4_request&X-Amz-Date=20260223T002439Z&X-Amz-Expires=604800&X-Amz-Signature=94b8ee3280480d4f163108176a64af66f42ba3ce338792389d1a463e0994859d&X-Amz-SignedHeaders=host&response-content-disposition=attachment%3B%20filename%3D42b1d5a5-b3cf-4915-b215-8c3decd1d78b.flac&x-id=GetObject,0.235041097,48459
LFC.Eam-2023-04-26_18-20.WAV,2023 Laguna Fry Confluence - 45 Sump,2023,4,26,19,20,Agelaius tricolor,Courtship Song,2.03733325,2.976000071,94,8719,24000,present,https://rfcx-streams-production.s3.eu-west-1.amazonaws.com/2023/04/27/dtu1murbispj/88aa6ed8-3637-41fc-a2f4-214c2c696b96.flac?X-Amz-Algorithm=AWS4-HMAC-SHA256&X-Amz-Content-Sha256=UNSIGNED-PAYLOAD&X-Amz-Credential=AKIA45B7YWBX5HAZMGOU%2F20260223%2Feu-west-1%2Fs3%2Faws4_request&X-Amz-Date=20260223T002439Z&X-Amz-Expires=604800&X-Amz-Signature=3e468830150c40f6c64d66a73f98882179b25599ccd10a809610aef863651890&X-Amz-SignedHeaders=host&response-content-disposition=attachment%3B%20filename%3D88aa6ed8-3637-41fc-a2f4-214c2c696b96.flac&x-id=GetObject,0.362735361,48459
LFC.Eam-2023-04-26_18-40.WAV,2023 Laguna Fry Confluence - 45 Sump,2023,4,26,19,40,Agelaius tricolor,Courtship Song,23.37599945,24.31466675,94,8719,24000,present,https://rfcx-streams-production.s3.eu-west-1.amazonaws.com/2023/04/27/dtu1murbispj/d6e005fe-eb68-4f5a-a0c1-f05ac986e88b.flac?X-Amz-Algorithm=AWS4-HMAC-SHA256&X-Amz-Content-Sha256=UNSIGNED-PAYLOAD&X-Amz-Credential=AKIA45B7YWBX5HAZMGOU%2F20260223%2Feu-west-1%2Fs3%2Faws4_request&X-Amz-Date=20260223T002439Z&X-Amz-Expires=604800&X-Amz-Signature=f97452e17827864a09e3e6c1917ad844bcc341fd1af80498eba9ce3f7103a840&X-Amz-SignedHeaders=host&response-content-disposition=attachment%3B%20filename%3Dd6e005fe-eb68-4f5a-a0c1-f05ac986e88b.flac&x-id=GetObject,0.265634388,48459
LFC.Eam-2023-04-26_19-00.WAV,2023 Laguna Fry Confluence - 45 Sump,2023,4,26,20,0,Agelaius tricolor,Courtship Song,29.28000069,30.21866608,94,8719,24000,present,https://rfcx-streams-production.s3.eu-west-1.amazonaws.com/2023/04/27/dtu1murbispj/6fa15528-bd8d-4250-8d36-83e91323d5b9.flac?X-Amz-Algorithm=AWS4-HMAC-SHA256&X-Amz-Content-Sha256=UNSIGNED-PAYLOAD&X-Amz-Credential=AKIA45B7YWBX5HAZMGOU%2F20260223%2Feu-west-1%2Fs3%2Faws4_request&X-Amz-Date=20260223T002439Z&X-Amz-Expires=604800&X-Amz-Signature=e57f40bcea0efe7c4adbac760cf114ef8a91df96f49005bd8b90388fcc085f5f&X-Amz-SignedHeaders=host&response-content-disposition=attachment%3B%20filename%3D6fa15528-bd8d-4250-8d36-83e91323d5b9.flac&x-id=GetObject,0.275853902,48459
LFC.Eam-2023-04-26_19-20.WAV,2023 Laguna Fry Confluence - 45 Sump,2023,4,26,20,20,Agelaius tricolor,Courtship Song,31.58933258,32.52799988,94,8719,24000,present,https://rfcx-streams-production.s3.eu-west-1.amazonaws.com/2023/04/27/dtu1murbispj/f6562dd4-9b2a-4139-a4ee-4c561015bb3e.flac?X-Amz-Algorithm=AWS4-HMAC-SHA256&X-Amz-Content-Sha256=UNSIGNED-PAYLOAD&X-Amz-Credential=AKIA45B7YWBX5HAZMGOU%2F20260223%2Feu-west-1%2Fs3%2Faws4_request&X-Amz-Date=20260223T002439Z&X-Amz-Expires=604800&X-Amz-Signature=5ec52309e3a8f2e439b118d44beefe8225bf57950cf2d22dd62c1c57a55ea0ed&X-Amz-SignedHeaders=host&response-content-disposition=attachment%3B%20filename%3Df6562dd4-9b2a-4139-a4ee-4c561015bb3e.flac&x-id=GetObject,0.289762378,48459
LFC.Eam-2023-04-26_19-40.WAV,2023 Laguna Fry Confluence - 45 Sump,2023,4,26,20,40,Agelaius tricolor,Courtship Song,16.04266739,16.98133278,94,8719,24000,present,https://rfcx-streams-production.s3.eu-west-1.amazonaws.com/2023/04/27/dtu1murbispj/1d10a98d-86a5-4c5f-a4df-26090e1c08a1.flac?X-Amz-Algorithm=AWS4-HMAC-SHA256&X-Amz-Content-Sha256=UNSIGNED-PAYLOAD&X-Amz-Credential=AKIA45B7YWBX5HAZMGOU%2F20260223%2Feu-west-1%2Fs3%2Faws4_request&X-Amz-Date=20260223T002439Z&X-Amz-Expires=604800&X-Amz-Signature=061ae435b8995878d47981f32736c2c68ec499461c3e260b81fcb466ab6ce366&X-Amz-SignedHeaders=host&response-content-disposition=attachment%3B%20filename%3D1d10a98d-86a5-4c5f-a4df-26090e1c08a1.flac&x-id=GetObject,0.263250351,48459
LFC.Eam-2023-04-26_20-00.WAV,2023 Laguna Fry Confluence - 45 Sump,2023,4,26,21,0,Agelaius tricolor,Courtship Song,29.76000023,30.69866753,94,8719,24000,present,https://rfcx-streams-production.s3.eu-west-1.amazonaws.com/2023/04/27/dtu1murbispj/12832456-3393-4878-a253-5eabef431800.flac?X-Amz-Algorithm=AWS4-HMAC-SHA256&X-Amz-Content-Sha256=UNSIGNED-PAYLOAD&X-Amz-Credential=AKIA45B7YWBX5HAZMGOU%2F20260223%2Feu-west-1%2Fs3%2Faws4_request&X-Amz-Date=20260223T002439Z&X-Amz-Expires=604800&X-Amz-Signature=7fec95b67d49bcd0ff7e5ad739c2fd4c23293cf1d637cb24964176bfc4e2d8ac&X-Amz-SignedHeaders=host&response-content-disposition=attachment%3B%20filename%3D12832456-3393-4878-a253-5eabef431800.flac&x-id=GetObject,0.327645123,48459
LFC.Eam-2023-04-26_20-20.WAV,2023 Laguna Fry Confluence - 45 Sump,2023,4,26,21,20,Agelaius tricolor,Courtship Song,13.64799976,14.58666706,94,8719,24000,present,https://rfcx-streams-production.s3.eu-west-1.amazonaws.com/2023/04/27/dtu1murbispj/291df20c-c67d-471d-9ab5-90bd1a653f93.flac?X-Amz-Algorithm=AWS4-HMAC-SHA256&X-Amz-Content-Sha256=UNSIGNED-PAYLOAD&X-Amz-Credential=AKIA45B7YWBX5HAZMGOU%2F20260223%2Feu-west-1%2Fs3%2Faws4_request&X-Amz-Date=20260223T002439Z&X-Amz-Expires=604800&X-Amz-Signature=87ef0f1bd9fc38a077f5dba22436bb186668860c1d55e6bb84031a0737e81171&X-Amz-SignedHeaders=host&response-content-disposition=attachment%3B%20filename%3D291df20c-c67d-471d-9ab5-90bd1a653f93.flac&x-id=GetObject,0.204101086,48459
LFC.Eam-2023-04-27_05-40.WAV,2023 Laguna Fry Confluence - 45 Sump,2023,4,27,6,40,Agelaius tricolor,Courtship Song,49.71733475,50.65599823,94,8719,24000,present,https://rfcx-streams-production.s3.eu-west-1.amazonaws.com/2023/04/27/dtu1murbispj/696fff26-3c5c-4da6-8667-7e1cf0f0e289.flac?X-Amz-Algorithm=AWS4-HMAC-SHA256&X-Amz-Content-Sha256=UNSIGNED-PAYLOAD&X-Amz-Credential=AKIA45B7YWBX5HAZMGOU%2F20260223%2Feu-west-1%2Fs3%2Faws4_request&X-Amz-Date=20260223T002439Z&X-Amz-Expires=604800&X-Amz-Signature=b7df196b752aac2760cc7db87290dba3a620bb00540d92b5eb67a15c4a794894&X-Amz-SignedHeaders=host&response-content-disposition=attachment%3B%20filename%3D696fff26-3c5c-4da6-8667-7e1cf0f0e289.flac&x-id=GetObject,0.281636387,48459
LFC.Eam-2023-04-27_06-00.WAV,2023 Laguna Fry Confluence - 45 Sump,2023,4,27,7,0,Agelaius tricolor,Courtship Song,39.45066833,40.38933182,94,8719,24000,present,https://rfcx-streams-production.s3.eu-west-1.amazonaws.com/2023/04/27/dtu1murbispj/b859a443-9e96-479a-8f24-cd5500d1b34f.flac?X-Amz-Algorithm=AWS4-HMAC-SHA256&X-Amz-Content-Sha256=UNSIGNED-PAYLOAD&X-Amz-Credential=AKIA45B7YWBX5HAZMGOU%2F20260223%2Feu-west-1%2Fs3%2Faws4_request&X-Amz-Date=20260223T002439Z&X-Amz-Expires=604800&X-Amz-Signature=65d9ee32b5db5328d140e3a29e39210bc5c9de98ea768d75840f3e07d0640d25&X-Amz-SignedHeaders=host&response-content-disposition=attachment%3B%20filename%3Db859a443-9e96-479a-8f24-cd5500d1b34f.flac&x-id=GetObject,0.224949256,48459
LFC.Eam-2023-04-27_06-20.WAV,2023 Laguna Fry Confluence - 45 Sump,2023,4,27,7,20,Agelaius tricolor,Courtship Song,11.19999981,12.13866711,94,8719,24000,present,https://rfcx-streams-production.s3.eu-west-1.amazonaws.com/2023/04/27/dtu1murbispj/e4fce182-8772-4fb7-b4f0-b2fa08533a8b.flac?X-Amz-Algorithm=AWS4-HMAC-SHA256&X-Amz-Content-Sha256=UNSIGNED-PAYLOAD&X-Amz-Credential=AKIA45B7YWBX5HAZMGOU%2F20260223%2Feu-west-1%2Fs3%2Faws4_request&X-Amz-Date=20260223T002439Z&X-Amz-Expires=604800&X-Amz-Signature=0a3095d9c877808ca32201ff215cdc844b6a9be9308cb794a1206a5162f36114&X-Amz-SignedHeaders=host&response-content-disposition=attachment%3B%20filename%3De4fce182-8772-4fb7-b4f0-b2fa08533a8b.flac&x-id=GetObject,0.437282503,48459
LFC.Eam-2023-04-27_06-40.WAV,2023 Laguna Fry Confluence - 45 Sump,2023,4,27,7,40,Agelaius tricolor,Courtship Song,2.405333281,3.344000101,94,8719,24000,present,https://rfcx-streams-production.s3.eu-west-1.amazonaws.com/2023/04/27/dtu1murbispj/cd28c4fd-e7c3-48a5-bc58-b2a48266e34f.flac?X-Amz-Algorithm=AWS4-HMAC-SHA256&X-Amz-Content-Sha256=UNSIGNED-PAYLOAD&X-Amz-Credential=AKIA45B7YWBX5HAZMGOU%2F20260223%2Feu-west-1%2Fs3%2Faws4_request&X-Amz-Date=20260223T002439Z&X-Amz-Expires=604800&X-Amz-Signature=50d78a85e8eaaf8a0afd7331681f2df564528d293354b17e49d57e59c86ddf83&X-Amz-SignedHeaders=host&response-content-disposition=attachment%3B%20filename%3Dcd28c4fd-e7c3-48a5-bc58-b2a48266e34f.flac&x-id=GetObject,0.311731994,48459
LFC.Eam-2023-04-27_07-00.WAV,2023 Laguna Fry Confluence - 45 Sump,2023,4,27,8,0,Agelaius tricolor,Courtship Song,49.62133408,50.56000137,94,8719,24000,present,https://rfcx-streams-production.s3.eu-west-1.amazonaws.com/2023/04/27/dtu1murbispj/71d02500-2dbb-4eae-81b9-49a61158245d.flac?X-Amz-Algorithm=AWS4-HMAC-SHA256&X-Amz-Content-Sha256=UNSIGNED-PAYLOAD&X-Amz-Credential=AKIA45B7YWBX5HAZMGOU%2F20260223%2Feu-west-1%2Fs3%2Faws4_request&X-Amz-Date=20260223T002439Z&X-Amz-Expires=604800&X-Amz-Signature=71f60534c8067c9851668f4170dc9ef672a9f11e325f8ce873618abb4ab354ec&X-Amz-SignedHeaders=host&response-content-disposition=attachment%3B%20filename%3D71d02500-2dbb-4eae-81b9-49a61158245d.flac&x-id=GetObject,0.340808094,48459
LFC.Eam-2023-04-27_07-20.WAV,2023 Laguna Fry Confluence - 45 Sump,2023,4,27,8,20,Agelaius tricolor,Courtship Song,54.44800186,55.38666534,94,8719,24000,present,https://rfcx-streams-production.s3.eu-west-1.amazonaws.com/2023/04/27/dtu1murbispj/a008c775-3daf-4788-bd0d-f2e444f1b9b8.flac?X-Amz-Algorithm=AWS4-HMAC-SHA256&X-Amz-Content-Sha256=UNSIGNED-PAYLOAD&X-Amz-Credential=AKIA45B7YWBX5HAZMGOU%2F20260223%2Feu-west-1%2Fs3%2Faws4_request&X-Amz-Date=20260223T002439Z&X-Amz-Expires=604800&X-Amz-Signature=e873b34293b7bc34f44e81509211c060c9c885ee438583dc5633d63161cbcf7e&X-Amz-SignedHeaders=host&response-content-disposition=attachment%3B%20filename%3Da008c775-3daf-4788-bd0d-f2e444f1b9b8.flac&x-id=GetObject,0.279015392,48459
LFC.Eam-2023-04-27_07-40.WAV,2023 Laguna Fry Confluence - 45 Sump,2023,4,27,8,40,Agelaius tricolor,Courtship Song,41.41866684,42.35733414,94,8719,24000,present,https://rfcx-streams-production.s3.eu-west-1.amazonaws.com/2023/04/27/dtu1murbispj/378a04fd-d874-41c2-b43f-e3b193ead837.flac?X-Amz-Algorithm=AWS4-HMAC-SHA256&X-Amz-Content-Sha256=UNSIGNED-PAYLOAD&X-Amz-Credential=AKIA45B7YWBX5HAZMGOU%2F20260223%2Feu-west-1%2Fs3%2Faws4_request&X-Amz-Date=20260223T002439Z&X-Amz-Expires=604800&X-Amz-Signature=f28e741e077d9c7fb5770e2e107c53750dd84abf52c3b8a6aa1b31c4b8c48332&X-Amz-SignedHeaders=host&response-content-disposition=attachment%3B%20filename%3D378a04fd-d874-41c2-b43f-e3b193ead837.flac&x-id=GetObject,0.311069638,48459
LFC.Eam-2023-04-27_08-00.WAV,2023 Laguna Fry Confluence - 45 Sump,2023,4,27,9,0,Agelaius tricolor,Courtship Song,20.40533257,21.34399986,94,8719,24000,present,https://rfcx-streams-production.s3.eu-west-1.amazonaws.com/2023/04/27/dtu1murbispj/21f613dd-20a2-46a7-96c2-340025ee4f23.flac?X-Amz-Algorithm=AWS4-HMAC-SHA256&X-Amz-Content-Sha256=UNSIGNED-PAYLOAD&X-Amz-Credential=AKIA45B7YWBX5HAZMGOU%2F20260223%2Feu-west-1%2Fs3%2Faws4_request&X-Amz-Date=20260223T002439Z&X-Amz-Expires=604800&X-Amz-Signature=b630490aaf580cc6b281cea9be30cd78620ce2161c85c615bb91924eca365e0e&X-Amz-SignedHeaders=host&response-content-disposition=attachment%3B%20filename%3D21f613dd-20a2-46a7-96c2-340025ee4f23.flac&x-id=GetObject,0.365305901,48459
LFC.Eam-2023-04-27_08-20.WAV,2023 Laguna Fry Confluence - 45 Sump,2023,4,27,9,20,Agelaius tricolor,Courtship Song,37.59999847,38.53866577,94,8719,24000,present,https://rfcx-streams-production.s3.eu-west-1.amazonaws.com/2023/04/27/dtu1murbispj/ce55ec14-30f0-4e80-b325-2f48986ea892.flac?X-Amz-Algorithm=AWS4-HMAC-SHA256&X-Amz-Content-Sha256=UNSIGNED-PAYLOAD&X-Amz-Credential=AKIA45B7YWBX5HAZMGOU%2F20260223%2Feu-west-1%2Fs3%2Faws4_request&X-Amz-Date=20260223T002439Z&X-Amz-Expires=604800&X-Amz-Signature=ef2f89225ad0f04ac0503f55c371465760f142f641b47a89b7b3f9cd91b49755&X-Amz-SignedHeaders=host&response-content-disposition=attachment%3B%20filename%3Dce55ec14-30f0-4e80-b325-2f48986ea892.flac&x-id=GetObject,0.284033597,48459
LFC.Eam-2023-04-27_08-40.WAV,2023 Laguna Fry Confluence - 45 Sump,2023,4,27,9,40,Agelaius tricolor,Courtship Song,31.28000069,32.21866608,94,8719,24000,present,https://rfcx-streams-production.s3.eu-west-1.amazonaws.com/2023/04/27/dtu1murbispj/27e8a50a-f696-4caa-9687-46f264747013.flac?X-Amz-Algorithm=AWS4-HMAC-SHA256&X-Amz-Content-Sha256=UNSIGNED-PAYLOAD&X-Amz-Credential=AKIA45B7YWBX5HAZMGOU%2F20260223%2Feu-west-1%2Fs3%2Faws4_request&X-Amz-Date=20260223T002439Z&X-Amz-Expires=604800&X-Amz-Signature=70138609a524c0b2d1e2aa6d5d2ad356731965534851ad3df8caf7ddc7e34d80&X-Amz-SignedHeaders=host&response-content-disposition=attachment%3B%20filename%3D27e8a50a-f696-4caa-9687-46f264747013.flac&x-id=GetObject,0.342808872,48459
LFC.Eam-2023-04-27_09-00.WAV,2023 Laguna Fry Confluence - 45 Sump,2023,4,27,10,0,Agelaius tricolor,Courtship Song,12.05333328,12.99199963,94,8719,24000,present,https://rfcx-streams-production.s3.eu-west-1.amazonaws.com/2023/04/27/dtu1murbispj/0371c719-ae86-4853-9553-492b3a26106e.flac?X-Amz-Algorithm=AWS4-HMAC-SHA256&X-Amz-Content-Sha256=UNSIGNED-PAYLOAD&X-Amz-Credential=AKIA45B7YWBX5HAZMGOU%2F20260223%2Feu-west-1%2Fs3%2Faws4_request&X-Amz-Date=20260223T002439Z&X-Amz-Expires=604800&X-Amz-Signature=77a2671928af9bd2317b5778640e7e735c54eed21ddcbe3639970bdac6278b03&X-Amz-SignedHeaders=host&response-content-disposition=attachment%3B%20filename%3D0371c719-ae86-4853-9553-492b3a26106e.flac&x-id=GetObject,0.296120405,48459
LFC.Eam-2023-04-27_09-20.WAV,2023 Laguna Fry Confluence - 45 Sump,2023,4,27,10,20,Agelaius tricolor,Courtship Song,18.05866623,18.99733353,94,8719,24000,present,https://rfcx-streams-production.s3.eu-west-1.amazonaws.com/2023/04/27/dtu1murbispj/bd249942-5298-4d24-956b-2a122095708b.flac?X-Amz-Algorithm=AWS4-HMAC-SHA256&X-Amz-Content-Sha256=UNSIGNED-PAYLOAD&X-Amz-Credential=AKIA45B7YWBX5HAZMGOU%2F20260223%2Feu-west-1%2Fs3%2Faws4_request&X-Amz-Date=20260223T002439Z&X-Amz-Expires=604800&X-Amz-Signature=03f32d435bbfac366341033366d1827d02fb71eb3b81bd0a30c01777023461a1&X-Amz-SignedHeaders=host&response-content-disposition=attachment%3B%20filename%3Dbd249942-5298-4d24-956b-2a122095708b.flac&x-id=GetObject,0.315347373,48459
LFC.Eam-2023-04-27_09-40.WAV,2023 Laguna Fry Confluence - 45 Sump,2023,4,27,10,40,Agelaius tricolor,Courtship Song,39.83466721,40.7733345,94,8719,24000,present,https://rfcx-streams-production.s3.eu-west-1.amazonaws.com/2023/04/27/dtu1murbispj/5a9e62a8-39ce-4ab4-8ceb-aef0285baafc.flac?X-Amz-Algorithm=AWS4-HMAC-SHA256&X-Amz-Content-Sha256=UNSIGNED-PAYLOAD&X-Amz-Credential=AKIA45B7YWBX5HAZMGOU%2F20260223%2Feu-west-1%2Fs3%2Faws4_request&X-Amz-Date=20260223T002439Z&X-Amz-Expires=604800&X-Amz-Signature=bb24b0cb08afac3c9e31cc838523fa2b6233e2947e24a118d894320f7f30b048&X-Amz-SignedHeaders=host&response-content-disposition=attachment%3B%20filename%3D5a9e62a8-39ce-4ab4-8ceb-aef0285baafc.flac&x-id=GetObject,0.337619036,48459
LFC.Eam-2023-04-27_10-00.WAV,2023 Laguna Fry Confluence - 45 Sump,2023,4,27,11,0,Agelaius tricolor,Courtship Song,18.79999924,19.73866653,94,8719,24000,present,https://rfcx-streams-production.s3.eu-west-1.amazonaws.com/2023/04/27/dtu1murbispj/8c95ef15-7b17-4472-a8d4-d2157f0d3702.flac?X-Amz-Algorithm=AWS4-HMAC-SHA256&X-Amz-Content-Sha256=UNSIGNED-PAYLOAD&X-Amz-Credential=AKIA45B7YWBX5HAZMGOU%2F20260223%2Feu-west-1%2Fs3%2Faws4_request&X-Amz-Date=20260223T002439Z&X-Amz-Expires=604800&X-Amz-Signature=535c8667c7fcf73a2955ae4a6706bb72ad41f8c83b509259aaa5bab6acca6b61&X-Amz-SignedHeaders=host&response-content-disposition=attachment%3B%20filename%3D8c95ef15-7b17-4472-a8d4-d2157f0d3702.flac&x-id=GetObject,0.261891961,48459
LFC.Eam-2023-04-27_10-20.WAV,2023 Laguna Fry Confluence - 45 Sump,2023,4,27,11,20,Agelaius tricolor,Courtship Song,0.864000022,1.802666664,94,8719,24000,present,https://rfcx-streams-production.s3.eu-west-1.amazonaws.com/2023/04/27/dtu1murbispj/bddcab8a-66e6-43ae-90b9-a586124e4add.flac?X-Amz-Algorithm=AWS4-HMAC-SHA256&X-Amz-Content-Sha256=UNSIGNED-PAYLOAD&X-Amz-Credential=AKIA45B7YWBX5HAZMGOU%2F20260223%2Feu-west-1%2Fs3%2Faws4_request&X-Amz-Date=20260223T002439Z&X-Amz-Expires=604800&X-Amz-Signature=d7b8b314a824ecf7c0759925117ecbe008536273d483cef470ce093b5cedb8b4&X-Amz-SignedHeaders=host&response-content-disposition=attachment%3B%20filename%3Dbddcab8a-66e6-43ae-90b9-a586124e4add.flac&x-id=GetObject,0.329161257,48459
LFC.Eam-2023-04-27_10-40.WAV,2023 Laguna Fry Confluence - 45 Sump,2023,4,27,11,40,Agelaius tricolor,Courtship Song,22.43733406,23.37599945,94,8719,24000,present,https://rfcx-streams-production.s3.eu-west-1.amazonaws.com/2023/04/27/dtu1murbispj/8663cb97-34ee-49e2-bfcb-c01bf6b542ba.flac?X-Amz-Algorithm=AWS4-HMAC-SHA256&X-Amz-Content-Sha256=UNSIGNED-PAYLOAD&X-Amz-Credential=AKIA45B7YWBX5HAZMGOU%2F20260223%2Feu-west-1%2Fs3%2Faws4_request&X-Amz-Date=20260223T002439Z&X-Amz-Expires=604800&X-Amz-Signature=80f5c48380f14eac47e8733c61bafd560ba74736c7fb2e83940260917356dc38&X-Amz-SignedHeaders=host&response-content-disposition=attachment%3B%20filename%3D8663cb97-34ee-49e2-bfcb-c01bf6b542ba.flac&x-id=GetObject,0.316019058,48459
LFC.Eam-2023-04-27_11-00.WAV,2023 Laguna Fry Confluence - 45 Sump,2023,4,27,12,0,Agelaius tricolor,Courtship Song,48.10133362,49.04000092,94,8719,24000,present,https://rfcx-streams-production.s3.eu-west-1.amazonaws.com/2023/04/27/dtu1murbispj/6b4453cd-071e-4fed-899a-00a0d67700bd.flac?X-Amz-Algorithm=AWS4-HMAC-SHA256&X-Amz-Content-Sha256=UNSIGNED-PAYLOAD&X-Amz-Credential=AKIA45B7YWBX5HAZMGOU%2F20260223%2Feu-west-1%2Fs3%2Faws4_request&X-Amz-Date=20260223T002439Z&X-Amz-Expires=604800&X-Amz-Signature=3436408ac1216f8c25bb085745cd6e5f6294bd34c9eeed3648052e8bbb067e5a&X-Amz-SignedHeaders=host&response-content-disposition=attachment%3B%20filename%3D6b4453cd-071e-4fed-899a-00a0d67700bd.flac&x-id=GetObject,0.218889683,48459
LFC.Eam-2023-04-27_11-20.WAV,2023 Laguna Fry Confluence - 45 Sump,2023,4,27,12,20,Agelaius tricolor,Courtship Song,47.15200043,48.09066772,94,8719,24000,present,https://rfcx-streams-production.s3.eu-west-1.amazonaws.com/2023/04/27/dtu1murbispj/b63855f7-9ac1-4151-9ab4-bdede83c892a.flac?X-Amz-Algorithm=AWS4-HMAC-SHA256&X-Amz-Content-Sha256=UNSIGNED-PAYLOAD&X-Amz-Credential=AKIA45B7YWBX5HAZMGOU%2F20260223%2Feu-west-1%2Fs3%2Faws4_request&X-Amz-Date=20260223T002439Z&X-Amz-Expires=604800&X-Amz-Signature=ec48f901aed96ff0c7bf06553fa2177d5419c028d0cd9ed0fea24bdeafab5b7b&X-Amz-SignedHeaders=host&response-content-disposition=attachment%3B%20filename%3Db63855f7-9ac1-4151-9ab4-bdede83c892a.flac&x-id=GetObject,0.284972876,48459
LFC.Eam-2023-04-27_11-40.WAV,2023 Laguna Fry Confluence - 45 Sump,2023,4,27,12,40,Agelaius tricolor,Courtship Song,58.9280014,59.86666489,94,8719,24000,present,https://rfcx-streams-production.s3.eu-west-1.amazonaws.com/2023/04/27/dtu1murbispj/3958de8c-8197-4e7c-8bc1-f0a80dccc895.flac?X-Amz-Algorithm=AWS4-HMAC-SHA256&X-Amz-Content-Sha256=UNSIGNED-PAYLOAD&X-Amz-Credential=AKIA45B7YWBX5HAZMGOU%2F20260223%2Feu-west-1%2Fs3%2Faws4_request&X-Amz-Date=20260223T002439Z&X-Amz-Expires=604800&X-Amz-Signature=ff80aafb9f8811c584478e1c1da7a80bcc7c6fa3a66917ed8becaccdd8af077d&X-Amz-SignedHeaders=host&response-content-disposition=attachment%3B%20filename%3D3958de8c-8197-4e7c-8bc1-f0a80dccc895.flac&x-id=GetObject,0.342973262,48459
LFC.Eam-2023-04-27_12-00.WAV,2023 Laguna Fry Confluence - 45 Sump,2023,4,27,13,0,Agelaius tricolor,Courtship Song,29.01866722,29.95733261,94,8719,24000,present,https://rfcx-streams-production.s3.eu-west-1.amazonaws.com/2023/04/27/dtu1murbispj/d8774fe4-0090-43c9-aa7f-affc7ab0e5df.flac?X-Amz-Algorithm=AWS4-HMAC-SHA256&X-Amz-Content-Sha256=UNSIGNED-PAYLOAD&X-Amz-Credential=AKIA45B7YWBX5HAZMGOU%2F20260223%2Feu-west-1%2Fs3%2Faws4_request&X-Amz-Date=20260223T002439Z&X-Amz-Expires=604800&X-Amz-Signature=8339e87773f7da3956ade968e5ed31cfc2f6810ef419ea95c2e26ddbda8bec2d&X-Amz-SignedHeaders=host&response-content-disposition=attachment%3B%20filename%3Dd8774fe4-0090-43c9-aa7f-affc7ab0e5df.flac&x-id=GetObject,0.25013721,48459
LFC.Eam-2023-04-27_12-20.WAV,2023 Laguna Fry Confluence - 45 Sump,2023,4,27,13,20,Agelaius tricolor,Courtship Song,57.08800125,58.02666855,94,8719,24000,present,https://rfcx-streams-production.s3.eu-west-1.amazonaws.com/2023/04/27/dtu1murbispj/5a14bdeb-74d7-4ef1-814d-d45670afff7c.flac?X-Amz-Algorithm=AWS4-HMAC-SHA256&X-Amz-Content-Sha256=UNSIGNED-PAYLOAD&X-Amz-Credential=AKIA45B7YWBX5HAZMGOU%2F20260223%2Feu-west-1%2Fs3%2Faws4_request&X-Amz-Date=20260223T002439Z&X-Amz-Expires=604800&X-Amz-Signature=8b7f9343f178566091fef576bbf15a4b0c14d182565e922b193b855d08155fd3&X-Amz-SignedHeaders=host&response-content-disposition=attachment%3B%20filename%3D5a14bdeb-74d7-4ef1-814d-d45670afff7c.flac&x-id=GetObject,0.303510606,48459
LFC.Eam-2023-04-27_12-40.WAV,2023 Laguna Fry Confluence - 45 Sump,2023,4,27,13,40,Agelaius tricolor,Courtship Song,38.32533264,39.26399994,94,8719,24000,present,https://rfcx-streams-production.s3.eu-west-1.amazonaws.com/2023/04/27/dtu1murbispj/dab18f4b-7fe4-4793-bb31-5cf37a69fb0a.flac?X-Amz-Algorithm=AWS4-HMAC-SHA256&X-Amz-Content-Sha256=UNSIGNED-PAYLOAD&X-Amz-Credential=AKIA45B7YWBX5HAZMGOU%2F20260223%2Feu-west-1%2Fs3%2Faws4_request&X-Amz-Date=20260223T002439Z&X-Amz-Expires=604800&X-Amz-Signature=37801a8830e76ab753e1de4b296377f6b2923495ec11ef57f73027b6c1530b8f&X-Amz-SignedHeaders=host&response-content-disposition=attachment%3B%20filename%3Ddab18f4b-7fe4-4793-bb31-5cf37a69fb0a.flac&x-id=GetObject,0.226630032,48459
LFC.Eam-2023-04-27_13-00.WAV,2023 Laguna Fry Confluence - 45 Sump,2023,4,27,14,0,Agelaius tricolor,Courtship Song,25.72800064,26.66666603,94,8719,24000,present,https://rfcx-streams-production.s3.eu-west-1.amazonaws.com/2023/04/27/dtu1murbispj/b0d20c10-dd28-4080-bacd-af504bb9d1e2.flac?X-Amz-Algorithm=AWS4-HMAC-SHA256&X-Amz-Content-Sha256=UNSIGNED-PAYLOAD&X-Amz-Credential=AKIA45B7YWBX5HAZMGOU%2F20260223%2Feu-west-1%2Fs3%2Faws4_request&X-Amz-Date=20260223T002439Z&X-Amz-Expires=604800&X-Amz-Signature=625747c2485c7e43183338ea838920f3add0439ba1bf7e9107a76a92a7df272a&X-Amz-SignedHeaders=host&response-content-disposition=attachment%3B%20filename%3Db0d20c10-dd28-4080-bacd-af504bb9d1e2.flac&x-id=GetObject,0.221796647,48459
LFC.Eam-2023-04-27_13-20.WAV,2023 Laguna Fry Confluence - 45 Sump,2023,4,27,14,20,Agelaius tricolor,Courtship Song,37.74399948,38.68266678,94,8719,24000,present,https://rfcx-streams-production.s3.eu-west-1.amazonaws.com/2023/04/27/dtu1murbispj/3776db25-c232-472f-b61f-06a676d1f569.flac?X-Amz-Algorithm=AWS4-HMAC-SHA256&X-Amz-Content-Sha256=UNSIGNED-PAYLOAD&X-Amz-Credential=AKIA45B7YWBX5HAZMGOU%2F20260223%2Feu-west-1%2Fs3%2Faws4_request&X-Amz-Date=20260223T002439Z&X-Amz-Expires=604800&X-Amz-Signature=067c2ccf32dd2760c8457698cd43d56913f835c6046f5fcde971ee0f7f189826&X-Amz-SignedHeaders=host&response-content-disposition=attachment%3B%20filename%3D3776db25-c232-472f-b61f-06a676d1f569.flac&x-id=GetObject,0.356650919,48459
LFC.Eam-2023-04-27_13-40.WAV,2023 Laguna Fry Confluence - 45 Sump,2023,4,27,14,40,Agelaius tricolor,Courtship Song,48.45333481,49.39199829,94,8719,24000,present,https://rfcx-streams-production.s3.eu-west-1.amazonaws.com/2023/04/27/dtu1murbispj/5f6ec511-2a45-451c-ab32-2aa681455ff1.flac?X-Amz-Algorithm=AWS4-HMAC-SHA256&X-Amz-Content-Sha256=UNSIGNED-PAYLOAD&X-Amz-Credential=AKIA45B7YWBX5HAZMGOU%2F20260223%2Feu-west-1%2Fs3%2Faws4_request&X-Amz-Date=20260223T002439Z&X-Amz-Expires=604800&X-Amz-Signature=1d3db94558bfca9b7916363eb3fcc0c73f5aad6d754410fc92e0236f5d7fa8c9&X-Amz-SignedHeaders=host&response-content-disposition=attachment%3B%20filename%3D5f6ec511-2a45-451c-ab32-2aa681455ff1.flac&x-id=GetObject,0.34829098,48459
LFC.Eam-2023-04-27_14-00.WAV,2023 Laguna Fry Confluence - 45 Sump,2023,4,27,15,0,Agelaius tricolor,Courtship Song,16.59199905,17.53066635,94,8719,24000,present,https://rfcx-streams-production.s3.eu-west-1.amazonaws.com/2023/04/27/dtu1murbispj/f30faec4-f4d2-45bb-8359-b659c97211fc.flac?X-Amz-Algorithm=AWS4-HMAC-SHA256&X-Amz-Content-Sha256=UNSIGNED-PAYLOAD&X-Amz-Credential=AKIA45B7YWBX5HAZMGOU%2F20260223%2Feu-west-1%2Fs3%2Faws4_request&X-Amz-Date=20260223T002439Z&X-Amz-Expires=604800&X-Amz-Signature=6e7ce3ed96a9812e1e6e113f2f822d97a59e27efabf1ab1cd4e7feacd1c5e3d8&X-Amz-SignedHeaders=host&response-content-disposition=attachment%3B%20filename%3Df30faec4-f4d2-45bb-8359-b659c97211fc.flac&x-id=GetObject,0.315750182,48459
LFC.Eam-2023-04-27_14-20.WAV,2023 Laguna Fry Confluence - 45 Sump,2023,4,27,15,20,Agelaius tricolor,Courtship Song,7.973333359,8.911999702,94,8719,24000,present,https://rfcx-streams-production.s3.eu-west-1.amazonaws.com/2023/04/27/dtu1murbispj/13ca776d-6f34-49e6-b82e-d0bc4f2fd223.flac?X-Amz-Algorithm=AWS4-HMAC-SHA256&X-Amz-Content-Sha256=UNSIGNED-PAYLOAD&X-Amz-Credential=AKIA45B7YWBX5HAZMGOU%2F20260223%2Feu-west-1%2Fs3%2Faws4_request&X-Amz-Date=20260223T002439Z&X-Amz-Expires=604800&X-Amz-Signature=ff4ef501c1de596707ce561e3a1d2a63cee6daf33d7539cff54fd6ddc7233a46&X-Amz-SignedHeaders=host&response-content-disposition=attachment%3B%20filename%3D13ca776d-6f34-49e6-b82e-d0bc4f2fd223.flac&x-id=GetObject,0.243572548,48459
LFC.Eam-2023-04-27_15-00.WAV,2023 Laguna Fry Confluence - 45 Sump,2023,4,27,16,0,Agelaius tricolor,Courtship Song,21.45066643,22.38933372,94,8719,24000,present,https://rfcx-streams-production.s3.eu-west-1.amazonaws.com/2023/04/27/dtu1murbispj/95003802-58c5-43e5-bccd-c8d31df10ba3.flac?X-Amz-Algorithm=AWS4-HMAC-SHA256&X-Amz-Content-Sha256=UNSIGNED-PAYLOAD&X-Amz-Credential=AKIA45B7YWBX5HAZMGOU%2F20260223%2Feu-west-1%2Fs3%2Faws4_request&X-Amz-Date=20260223T002439Z&X-Amz-Expires=604800&X-Amz-Signature=76f8c9bd4cd4e9637cba9d86f70d1d5b182e307704f7bf0b71cc8204522f7d4a&X-Amz-SignedHeaders=host&response-content-disposition=attachment%3B%20filename%3D95003802-58c5-43e5-bccd-c8d31df10ba3.flac&x-id=GetObject,0.305210173,48459
LFC.Eam-2023-04-27_15-20.WAV,2023 Laguna Fry Confluence - 45 Sump,2023,4,27,16,20,Agelaius tricolor,Courtship Song,20.57600021,21.51466751,94,8719,24000,present,https://rfcx-streams-production.s3.eu-west-1.amazonaws.com/2023/04/27/dtu1murbispj/677cb62e-dd99-459e-aa6f-ec928e43c9f4.flac?X-Amz-Algorithm=AWS4-HMAC-SHA256&X-Amz-Content-Sha256=UNSIGNED-PAYLOAD&X-Amz-Credential=AKIA45B7YWBX5HAZMGOU%2F20260223%2Feu-west-1%2Fs3%2Faws4_request&X-Amz-Date=20260223T002439Z&X-Amz-Expires=604800&X-Amz-Signature=b53c0b2a0529ce53cea3849ad60e52aa0cce9c2d9b6c7fc6e0ae2e0e41b800d1&X-Amz-SignedHeaders=host&response-content-disposition=attachment%3B%20filename%3D677cb62e-dd99-459e-aa6f-ec928e43c9f4.flac&x-id=GetObject,0.253869087,48459
LFC.Eam-2023-04-27_15-40.WAV,2023 Laguna Fry Confluence - 45 Sump,2023,4,27,16,40,Agelaius tricolor,Courtship Song,54.51733398,55.45600128,94,8719,24000,present,https://rfcx-streams-production.s3.eu-west-1.amazonaws.com/2023/04/27/dtu1murbispj/cc779de0-1701-42e0-8ba1-ead25c4c86e2.flac?X-Amz-Algorithm=AWS4-HMAC-SHA256&X-Amz-Content-Sha256=UNSIGNED-PAYLOAD&X-Amz-Credential=AKIA45B7YWBX5HAZMGOU%2F20260223%2Feu-west-1%2Fs3%2Faws4_request&X-Amz-Date=20260223T002439Z&X-Amz-Expires=604800&X-Amz-Signature=cca24c19ce6d34ac00ca32db0ca3d104ad1002a89d69010d641337d539820da3&X-Amz-SignedHeaders=host&response-content-disposition=attachment%3B%20filename%3Dcc779de0-1701-42e0-8ba1-ead25c4c86e2.flac&x-id=GetObject,0.205677241,48459
LFC.Eam-2023-04-27_16-00.WAV,2023 Laguna Fry Confluence - 45 Sump,2023,4,27,17,0,Agelaius tricolor,Courtship Song,39.14666748,40.08533478,94,8719,24000,present,https://rfcx-streams-production.s3.eu-west-1.amazonaws.com/2023/04/28/dtu1murbispj/225ae276-2764-4382-b216-112b234ecb12.flac?X-Amz-Algorithm=AWS4-HMAC-SHA256&X-Amz-Content-Sha256=UNSIGNED-PAYLOAD&X-Amz-Credential=AKIA45B7YWBX5HAZMGOU%2F20260223%2Feu-west-1%2Fs3%2Faws4_request&X-Amz-Date=20260223T002439Z&X-Amz-Expires=604800&X-Amz-Signature=6d0446430eb273493faca152a8b908e7804a0649d1c0623cbe368b0549a7d26b&X-Amz-SignedHeaders=host&response-content-disposition=attachment%3B%20filename%3D225ae276-2764-4382-b216-112b234ecb12.flac&x-id=GetObject,0.249173537,48459
LFC.Eam-2023-04-27_16-20.WAV,2023 Laguna Fry Confluence - 45 Sump,2023,4,27,17,20,Agelaius tricolor,Courtship Song,15.26399994,16.20266724,94,8719,24000,present,https://rfcx-streams-production.s3.eu-west-1.amazonaws.com/2023/04/28/dtu1murbispj/d9b40760-54bc-4555-a1b0-676a6f2aa9d8.flac?X-Amz-Algorithm=AWS4-HMAC-SHA256&X-Amz-Content-Sha256=UNSIGNED-PAYLOAD&X-Amz-Credential=AKIA45B7YWBX5HAZMGOU%2F20260223%2Feu-west-1%2Fs3%2Faws4_request&X-Amz-Date=20260223T002439Z&X-Amz-Expires=604800&X-Amz-Signature=8bc7c03eaaeb1ae776adf823454e985c5182c55fa47d35d16f8e0563bda053e7&X-Amz-SignedHeaders=host&response-content-disposition=attachment%3B%20filename%3Dd9b40760-54bc-4555-a1b0-676a6f2aa9d8.flac&x-id=GetObject,0.215303272,48459
LFC.Eam-2023-04-27_16-40.WAV,2023 Laguna Fry Confluence - 45 Sump,2023,4,27,17,40,Agelaius tricolor,Courtship Song,50.7840004,51.72266769,94,8719,24000,present,https://rfcx-streams-production.s3.eu-west-1.amazonaws.com/2023/04/28/dtu1murbispj/20506799-759e-4ace-8a24-35e6506f6654.flac?X-Amz-Algorithm=AWS4-HMAC-SHA256&X-Amz-Content-Sha256=UNSIGNED-PAYLOAD&X-Amz-Credential=AKIA45B7YWBX5HAZMGOU%2F20260223%2Feu-west-1%2Fs3%2Faws4_request&X-Amz-Date=20260223T002439Z&X-Amz-Expires=604800&X-Amz-Signature=44c06f6947bade7d65a23856e6b27be49421cdea77014d48be72d2eda07e6baf&X-Amz-SignedHeaders=host&response-content-disposition=attachment%3B%20filename%3D20506799-759e-4ace-8a24-35e6506f6654.flac&x-id=GetObject,0.338122219,48459
LFC.Eam-2023-04-27_17-00.WAV,2023 Laguna Fry Confluence - 45 Sump,2023,4,27,18,0,Agelaius tricolor,Courtship Song,5.306666851,6.245333195,94,8719,24000,present,https://rfcx-streams-production.s3.eu-west-1.amazonaws.com/2023/04/28/dtu1murbispj/1bb1fd23-c7b4-4947-aed8-4e5990ce102e.flac?X-Amz-Algorithm=AWS4-HMAC-SHA256&X-Amz-Content-Sha256=UNSIGNED-PAYLOAD&X-Amz-Credential=AKIA45B7YWBX5HAZMGOU%2F20260223%2Feu-west-1%2Fs3%2Faws4_request&X-Amz-Date=20260223T002439Z&X-Amz-Expires=604800&X-Amz-Signature=b27e6113e1e774217ac63a41f76fe7ee1e79ca0d31a8e7fd53a1c10406c0c26e&X-Amz-SignedHeaders=host&response-content-disposition=attachment%3B%20filename%3D1bb1fd23-c7b4-4947-aed8-4e5990ce102e.flac&x-id=GetObject,0.269516408,48459
LFC.Eam-2023-04-27_17-20.WAV,2023 Laguna Fry Confluence - 45 Sump,2023,4,27,18,20,Agelaius tricolor,Courtship Song,56,56.9386673,94,8719,24000,present,https://rfcx-streams-production.s3.eu-west-1.amazonaws.com/2023/04/28/dtu1murbispj/8318caf2-36fd-4d61-9a47-c2ce243429e9.flac?X-Amz-Algorithm=AWS4-HMAC-SHA256&X-Amz-Content-Sha256=UNSIGNED-PAYLOAD&X-Amz-Credential=AKIA45B7YWBX5HAZMGOU%2F20260223%2Feu-west-1%2Fs3%2Faws4_request&X-Amz-Date=20260223T002439Z&X-Amz-Expires=604800&X-Amz-Signature=d85c426e7a694a57e50c7e38734a1519989fd591f2c0f29d67df19ad98d3f00f&X-Amz-SignedHeaders=host&response-content-disposition=attachment%3B%20filename%3D8318caf2-36fd-4d61-9a47-c2ce243429e9.flac&x-id=GetObject,0.232996687,48459
LFC.Eam-2023-04-27_17-40.WAV,2023 Laguna Fry Confluence - 45 Sump,2023,4,27,18,40,Agelaius tricolor,Courtship Song,25.13599968,26.07466698,94,8719,24000,present,https://rfcx-streams-production.s3.eu-west-1.amazonaws.com/2023/04/28/dtu1murbispj/0334fe93-2f1b-4bb1-afc9-5a58ccdaa168.flac?X-Amz-Algorithm=AWS4-HMAC-SHA256&X-Amz-Content-Sha256=UNSIGNED-PAYLOAD&X-Amz-Credential=AKIA45B7YWBX5HAZMGOU%2F20260223%2Feu-west-1%2Fs3%2Faws4_request&X-Amz-Date=20260223T002439Z&X-Amz-Expires=604800&X-Amz-Signature=703a77d46721fda8344f6aa7e1c2c86ded6d02d3b3cf73d73e743d86a2666115&X-Amz-SignedHeaders=host&response-content-disposition=attachment%3B%20filename%3D0334fe93-2f1b-4bb1-afc9-5a58ccdaa168.flac&x-id=GetObject,0.312188089,48459
LFC.Eam-2023-04-27_18-00.WAV,2023 Laguna Fry Confluence - 45 Sump,2023,4,27,19,0,Agelaius tricolor,Courtship Song,57.18399811,58.12266541,94,8719,24000,present,https://rfcx-streams-production.s3.eu-west-1.amazonaws.com/2023/04/28/dtu1murbispj/380006e2-d8c5-47d2-8d8a-318b5abf57e2.flac?X-Amz-Algorithm=AWS4-HMAC-SHA256&X-Amz-Content-Sha256=UNSIGNED-PAYLOAD&X-Amz-Credential=AKIA45B7YWBX5HAZMGOU%2F20260223%2Feu-west-1%2Fs3%2Faws4_request&X-Amz-Date=20260223T002439Z&X-Amz-Expires=604800&X-Amz-Signature=869d66ce917eaa09a777ee3172c7f5788aa4cd9052a0eea79f2564342377b3f0&X-Amz-SignedHeaders=host&response-content-disposition=attachment%3B%20filename%3D380006e2-d8c5-47d2-8d8a-318b5abf57e2.flac&x-id=GetObject,0.342546552,48459
LFC.Eam-2023-04-27_18-20.WAV,2023 Laguna Fry Confluence - 45 Sump,2023,4,27,19,20,Agelaius tricolor,Courtship Song,3.86133337,4.800000191,94,8719,24000,present,https://rfcx-streams-production.s3.eu-west-1.amazonaws.com/2023/04/28/dtu1murbispj/9c1fce0e-5e49-43da-baeb-cc09298af54b.flac?X-Amz-Algorithm=AWS4-HMAC-SHA256&X-Amz-Content-Sha256=UNSIGNED-PAYLOAD&X-Amz-Credential=AKIA45B7YWBX5HAZMGOU%2F20260223%2Feu-west-1%2Fs3%2Faws4_request&X-Amz-Date=20260223T002439Z&X-Amz-Expires=604800&X-Amz-Signature=111011faf7c8d24c68c81e074401936639f3863df54b729d197c6dd7fff79894&X-Amz-SignedHeaders=host&response-content-disposition=attachment%3B%20filename%3D9c1fce0e-5e49-43da-baeb-cc09298af54b.flac&x-id=GetObject,0.313940585,48459
LFC.Eam-2023-04-27_18-40.WAV,2023 Laguna Fry Confluence - 45 Sump,2023,4,27,19,40,Agelaius tricolor,Courtship Song,48.81066513,49.74933243,94,8719,24000,present,https://rfcx-streams-production.s3.eu-west-1.amazonaws.com/2023/04/28/dtu1murbispj/c136a2ac-4397-41f7-aa38-82cfa239ef4f.flac?X-Amz-Algorithm=AWS4-HMAC-SHA256&X-Amz-Content-Sha256=UNSIGNED-PAYLOAD&X-Amz-Credential=AKIA45B7YWBX5HAZMGOU%2F20260223%2Feu-west-1%2Fs3%2Faws4_request&X-Amz-Date=20260223T002439Z&X-Amz-Expires=604800&X-Amz-Signature=ec0c1d4b03ca9c9ccacd68daa517437e7ded28ced47744953421639169a0d2ea&X-Amz-SignedHeaders=host&response-content-disposition=attachment%3B%20filename%3Dc136a2ac-4397-41f7-aa38-82cfa239ef4f.flac&x-id=GetObject,0.336956948,48459
LFC.Eam-2023-04-27_19-20.WAV,2023 Laguna Fry Confluence - 45 Sump,2023,4,27,20,20,Agelaius tricolor,Courtship Song,21.49866676,22.43733406,94,8719,24000,present,https://rfcx-streams-production.s3.eu-west-1.amazonaws.com/2023/04/28/dtu1murbispj/ea502cb2-ced7-429b-bc08-51b7b095dda6.flac?X-Amz-Algorithm=AWS4-HMAC-SHA256&X-Amz-Content-Sha256=UNSIGNED-PAYLOAD&X-Amz-Credential=AKIA45B7YWBX5HAZMGOU%2F20260223%2Feu-west-1%2Fs3%2Faws4_request&X-Amz-Date=20260223T002439Z&X-Amz-Expires=604800&X-Amz-Signature=dd8ab457c2f7fb6afd2f6290d29cc109192075125e721d3126e1d79c63979c47&X-Amz-SignedHeaders=host&response-content-disposition=attachment%3B%20filename%3Dea502cb2-ced7-429b-bc08-51b7b095dda6.flac&x-id=GetObject,0.221062526,48459
LFC.Eam-2023-04-27_19-40.WAV,2023 Laguna Fry Confluence - 45 Sump,2023,4,27,20,40,Agelaius tricolor,Courtship Song,10.55466652,11.49333286,94,8719,24000,present,https://rfcx-streams-production.s3.eu-west-1.amazonaws.com/2023/04/28/dtu1murbispj/99399208-7bce-421c-a539-acbc0911ce3f.flac?X-Amz-Algorithm=AWS4-HMAC-SHA256&X-Amz-Content-Sha256=UNSIGNED-PAYLOAD&X-Amz-Credential=AKIA45B7YWBX5HAZMGOU%2F20260223%2Feu-west-1%2Fs3%2Faws4_request&X-Amz-Date=20260223T002439Z&X-Amz-Expires=604800&X-Amz-Signature=aee79093960e769a293ad94c3244f4d536c811865186937ad2632072630ddf72&X-Amz-SignedHeaders=host&response-content-disposition=attachment%3B%20filename%3D99399208-7bce-421c-a539-acbc0911ce3f.flac&x-id=GetObject,0.365414858,48459
LFC.Eam-2023-04-27_20-00.WAV,2023 Laguna Fry Confluence - 45 Sump,2023,4,27,21,0,Agelaius tricolor,Courtship Song,22.4533329,23.3920002,94,8719,24000,present,https://rfcx-streams-production.s3.eu-west-1.amazonaws.com/2023/04/28/dtu1murbispj/7f9fe069-5ce4-49fb-b8d5-d5bd73a8e96b.flac?X-Amz-Algorithm=AWS4-HMAC-SHA256&X-Amz-Content-Sha256=UNSIGNED-PAYLOAD&X-Amz-Credential=AKIA45B7YWBX5HAZMGOU%2F20260223%2Feu-west-1%2Fs3%2Faws4_request&X-Amz-Date=20260223T002439Z&X-Amz-Expires=604800&X-Amz-Signature=9a5c57d5d6f12955504d7e6bac53daae587bd28bc581098b4a4fbecfb9bce641&X-Amz-SignedHeaders=host&response-content-disposition=attachment%3B%20filename%3D7f9fe069-5ce4-49fb-b8d5-d5bd73a8e96b.flac&x-id=GetObject,0.299238712,48459
LFC.Eam-2023-04-27_20-20.WAV,2023 Laguna Fry Confluence - 45 Sump,2023,4,27,21,20,Agelaius tricolor,Courtship Song,5.15199995,6.090666771,94,8719,24000,present,https://rfcx-streams-production.s3.eu-west-1.amazonaws.com/2023/04/28/dtu1murbispj/16118412-0257-4c9c-ad60-c2896a679adb.flac?X-Amz-Algorithm=AWS4-HMAC-SHA256&X-Amz-Content-Sha256=UNSIGNED-PAYLOAD&X-Amz-Credential=AKIA45B7YWBX5HAZMGOU%2F20260223%2Feu-west-1%2Fs3%2Faws4_request&X-Amz-Date=20260223T002439Z&X-Amz-Expires=604800&X-Amz-Signature=ceaa1209b1a2f65f0b57dee2ebe456e9a7817b8a3798a64c19f8d12381e24b3d&X-Amz-SignedHeaders=host&response-content-disposition=attachment%3B%20filename%3D16118412-0257-4c9c-ad60-c2896a679adb.flac&x-id=GetObject,0.22441715,48459
LFC.Eam-2023-04-28_05-40.WAV,2023 Laguna Fry Confluence - 45 Sump,2023,4,28,6,40,Agelaius tricolor,Courtship Song,4.426666737,5.365333557,94,8719,24000,present,https://rfcx-streams-production.s3.eu-west-1.amazonaws.com/2023/04/28/dtu1murbispj/6ad2e1ca-cd27-46f6-89dc-f591f1fd1e20.flac?X-Amz-Algorithm=AWS4-HMAC-SHA256&X-Amz-Content-Sha256=UNSIGNED-PAYLOAD&X-Amz-Credential=AKIA45B7YWBX5HAZMGOU%2F20260223%2Feu-west-1%2Fs3%2Faws4_request&X-Amz-Date=20260223T002439Z&X-Amz-Expires=604800&X-Amz-Signature=27a0fdc02851b640da59c9d931dfab94adc02357106fc381d6a10dec4d969ebe&X-Amz-SignedHeaders=host&response-content-disposition=attachment%3B%20filename%3D6ad2e1ca-cd27-46f6-89dc-f591f1fd1e20.flac&x-id=GetObject,0.303695053,48459
LFC.Eam-2023-04-28_06-00.WAV,2023 Laguna Fry Confluence - 45 Sump,2023,4,28,7,0,Agelaius tricolor,Courtship Song,23.33333397,24.27199936,94,8719,24000,present,https://rfcx-streams-production.s3.eu-west-1.amazonaws.com/2023/04/28/dtu1murbispj/c66c7aca-4dbc-45c3-97e9-60d1607eef05.flac?X-Amz-Algorithm=AWS4-HMAC-SHA256&X-Amz-Content-Sha256=UNSIGNED-PAYLOAD&X-Amz-Credential=AKIA45B7YWBX5HAZMGOU%2F20260223%2Feu-west-1%2Fs3%2Faws4_request&X-Amz-Date=20260223T002439Z&X-Amz-Expires=604800&X-Amz-Signature=cbe723177b5fd09d827c738d84c1069999d3c514244ac5a3c0af6e766c03155f&X-Amz-SignedHeaders=host&response-content-disposition=attachment%3B%20filename%3Dc66c7aca-4dbc-45c3-97e9-60d1607eef05.flac&x-id=GetObject,0.311398566,48459
LFC.Eam-2023-04-28_06-20.WAV,2023 Laguna Fry Confluence - 45 Sump,2023,4,28,7,20,Agelaius tricolor,Courtship Song,1.034666657,1.973333359,94,8719,24000,present,https://rfcx-streams-production.s3.eu-west-1.amazonaws.com/2023/04/28/dtu1murbispj/0bd05d59-5fc6-49bf-b125-31c6152e0e06.flac?X-Amz-Algorithm=AWS4-HMAC-SHA256&X-Amz-Content-Sha256=UNSIGNED-PAYLOAD&X-Amz-Credential=AKIA45B7YWBX5HAZMGOU%2F20260223%2Feu-west-1%2Fs3%2Faws4_request&X-Amz-Date=20260223T002439Z&X-Amz-Expires=604800&X-Amz-Signature=2f250d8af3cc25e532ab5ece19ddde6b8dd70bd813975b33757caca230af4e81&X-Amz-SignedHeaders=host&response-content-disposition=attachment%3B%20filename%3D0bd05d59-5fc6-49bf-b125-31c6152e0e06.flac&x-id=GetObject,0.328362226,48459
LFC.Eam-2023-04-28_06-40.WAV,2023 Laguna Fry Confluence - 45 Sump,2023,4,28,7,40,Agelaius tricolor,Courtship Song,7.696000099,8.634666443,94,8719,24000,present,https://rfcx-streams-production.s3.eu-west-1.amazonaws.com/2023/04/28/dtu1murbispj/60385c5b-e935-4c78-a0f3-5b533e882698.flac?X-Amz-Algorithm=AWS4-HMAC-SHA256&X-Amz-Content-Sha256=UNSIGNED-PAYLOAD&X-Amz-Credential=AKIA45B7YWBX5HAZMGOU%2F20260223%2Feu-west-1%2Fs3%2Faws4_request&X-Amz-Date=20260223T002439Z&X-Amz-Expires=604800&X-Amz-Signature=115eda1d26dd06b4aa9ea702792c0416f49380153a875e69031f8ff7bb80f371&X-Amz-SignedHeaders=host&response-content-disposition=attachment%3B%20filename%3D60385c5b-e935-4c78-a0f3-5b533e882698.flac&x-id=GetObject,0.33293432,48459
LFC.Eam-2023-04-28_07-00.WAV,2023 Laguna Fry Confluence - 45 Sump,2023,4,28,8,0,Agelaius tricolor,Courtship Song,40.22933197,41.16799927,94,8719,24000,present,https://rfcx-streams-production.s3.eu-west-1.amazonaws.com/2023/04/28/dtu1murbispj/741b9348-532f-49d2-b8a0-44bf9cf8e0aa.flac?X-Amz-Algorithm=AWS4-HMAC-SHA256&X-Amz-Content-Sha256=UNSIGNED-PAYLOAD&X-Amz-Credential=AKIA45B7YWBX5HAZMGOU%2F20260223%2Feu-west-1%2Fs3%2Faws4_request&X-Amz-Date=20260223T002439Z&X-Amz-Expires=604800&X-Amz-Signature=d1df47ba0049f300f1909e821a8184a4b5e068752349f5246c9dbb12672b265a&X-Amz-SignedHeaders=host&response-content-disposition=attachment%3B%20filename%3D741b9348-532f-49d2-b8a0-44bf9cf8e0aa.flac&x-id=GetObject,0.2891756,48459
LFC.Eam-2023-04-28_07-20.WAV,2023 Laguna Fry Confluence - 45 Sump,2023,4,28,8,20,Agelaius tricolor,Courtship Song,6.144000053,7.082666874,94,8719,24000,present,https://rfcx-streams-production.s3.eu-west-1.amazonaws.com/2023/04/28/dtu1murbispj/2e34ceb3-4bb0-454a-9473-81f6a5aa363c.flac?X-Amz-Algorithm=AWS4-HMAC-SHA256&X-Amz-Content-Sha256=UNSIGNED-PAYLOAD&X-Amz-Credential=AKIA45B7YWBX5HAZMGOU%2F20260223%2Feu-west-1%2Fs3%2Faws4_request&X-Amz-Date=20260223T002439Z&X-Amz-Expires=604800&X-Amz-Signature=65d21bbb78c3ab178e6e1e6fe5581587e4ee2f4ec9edf1a87a29039d277313ab&X-Amz-SignedHeaders=host&response-content-disposition=attachment%3B%20filename%3D2e34ceb3-4bb0-454a-9473-81f6a5aa363c.flac&x-id=GetObject,0.309744447,48459
LFC.Eam-2023-04-28_07-40.WAV,2023 Laguna Fry Confluence - 45 Sump,2023,4,28,8,40,Agelaius tricolor,Courtship Song,8.92800045,9.866666794,94,8719,24000,present,https://rfcx-streams-production.s3.eu-west-1.amazonaws.com/2023/04/28/dtu1murbispj/442f987a-6491-47ae-a261-d230394f9bc6.flac?X-Amz-Algorithm=AWS4-HMAC-SHA256&X-Amz-Content-Sha256=UNSIGNED-PAYLOAD&X-Amz-Credential=AKIA45B7YWBX5HAZMGOU%2F20260223%2Feu-west-1%2Fs3%2Faws4_request&X-Amz-Date=20260223T002439Z&X-Amz-Expires=604800&X-Amz-Signature=0e2bb961b39b71a6bc1b1a47f586143de3741c433f0b90745181de53e3e97f6f&X-Amz-SignedHeaders=host&response-content-disposition=attachment%3B%20filename%3D442f987a-6491-47ae-a261-d230394f9bc6.flac&x-id=GetObject,0.342368901,48459
LFC.Eam-2023-04-28_08-00.WAV,2023 Laguna Fry Confluence - 45 Sump,2023,4,28,9,0,Agelaius tricolor,Courtship Song,38.07466507,39.01333237,94,8719,24000,present,https://rfcx-streams-production.s3.eu-west-1.amazonaws.com/2023/04/28/dtu1murbispj/42abef4d-5850-44af-951d-22ea3360f6b2.flac?X-Amz-Algorithm=AWS4-HMAC-SHA256&X-Amz-Content-Sha256=UNSIGNED-PAYLOAD&X-Amz-Credential=AKIA45B7YWBX5HAZMGOU%2F20260223%2Feu-west-1%2Fs3%2Faws4_request&X-Amz-Date=20260223T002439Z&X-Amz-Expires=604800&X-Amz-Signature=e6cac942409a2a704d74a469e83155ac47889a7e4c0a31fdab0cd675a93aced6&X-Amz-SignedHeaders=host&response-content-disposition=attachment%3B%20filename%3D42abef4d-5850-44af-951d-22ea3360f6b2.flac&x-id=GetObject,0.310559213,48459
LFC.Eam-2023-04-28_08-20.WAV,2023 Laguna Fry Confluence - 45 Sump,2023,4,28,9,20,Agelaius tricolor,Courtship Song,9.477333069,10.41600037,94,8719,24000,present,https://rfcx-streams-production.s3.eu-west-1.amazonaws.com/2023/04/28/dtu1murbispj/63687247-be4e-4ed8-9bf8-34e2ed8e0e7e.flac?X-Amz-Algorithm=AWS4-HMAC-SHA256&X-Amz-Content-Sha256=UNSIGNED-PAYLOAD&X-Amz-Credential=AKIA45B7YWBX5HAZMGOU%2F20260223%2Feu-west-1%2Fs3%2Faws4_request&X-Amz-Date=20260223T002439Z&X-Amz-Expires=604800&X-Amz-Signature=322e433c240173b8d97566beaa9ef3bfa95a226d6c6fdd4de51d95c797f94371&X-Amz-SignedHeaders=host&response-content-disposition=attachment%3B%20filename%3D63687247-be4e-4ed8-9bf8-34e2ed8e0e7e.flac&x-id=GetObject,0.31246978,48459
LFC.Eam-2023-04-28_08-40.WAV,2023 Laguna Fry Confluence - 45 Sump,2023,4,28,9,40,Agelaius tricolor,Courtship Song,48.51200104,49.45066833,94,8719,24000,present,https://rfcx-streams-production.s3.eu-west-1.amazonaws.com/2023/04/28/dtu1murbispj/c20bffdc-9384-4736-9548-97c365982336.flac?X-Amz-Algorithm=AWS4-HMAC-SHA256&X-Amz-Content-Sha256=UNSIGNED-PAYLOAD&X-Amz-Credential=AKIA45B7YWBX5HAZMGOU%2F20260223%2Feu-west-1%2Fs3%2Faws4_request&X-Amz-Date=20260223T002439Z&X-Amz-Expires=604800&X-Amz-Signature=207f334e327dd08fc3b7b7681869e86921c59d7e06e31d435dae6a55db8ae277&X-Amz-SignedHeaders=host&response-content-disposition=attachment%3B%20filename%3Dc20bffdc-9384-4736-9548-97c365982336.flac&x-id=GetObject,0.370384336,48459
LFC.Eam-2023-04-28_09-00.WAV,2023 Laguna Fry Confluence - 45 Sump,2023,4,28,10,0,Agelaius tricolor,Courtship Song,15.20533371,16.1439991,94,8719,24000,present,https://rfcx-streams-production.s3.eu-west-1.amazonaws.com/2023/04/28/dtu1murbispj/70467cdb-780e-4e52-8653-facfec8674a6.flac?X-Amz-Algorithm=AWS4-HMAC-SHA256&X-Amz-Content-Sha256=UNSIGNED-PAYLOAD&X-Amz-Credential=AKIA45B7YWBX5HAZMGOU%2F20260223%2Feu-west-1%2Fs3%2Faws4_request&X-Amz-Date=20260223T002439Z&X-Amz-Expires=604800&X-Amz-Signature=ee66b70782520dacf5cadb503fe31d5df89fdff2cc634e7f2a8f6dd01b08e5c4&X-Amz-SignedHeaders=host&response-content-disposition=attachment%3B%20filename%3D70467cdb-780e-4e52-8653-facfec8674a6.flac&x-id=GetObject,0.309209883,48459
LFC.Eam-2023-04-28_09-20.WAV,2023 Laguna Fry Confluence - 45 Sump,2023,4,28,10,20,Agelaius tricolor,Courtship Song,23.12000084,24.05866623,94,8719,24000,present,https://rfcx-streams-production.s3.eu-west-1.amazonaws.com/2023/04/28/dtu1murbispj/ff4e8f8a-2879-4ea6-9ad8-238f98ad3103.flac?X-Amz-Algorithm=AWS4-HMAC-SHA256&X-Amz-Content-Sha256=UNSIGNED-PAYLOAD&X-Amz-Credential=AKIA45B7YWBX5HAZMGOU%2F20260223%2Feu-west-1%2Fs3%2Faws4_request&X-Amz-Date=20260223T002439Z&X-Amz-Expires=604800&X-Amz-Signature=ab3b65193f4d6edd9b3181d3b44c9f528892c44a082eb82a07c914a087f65088&X-Amz-SignedHeaders=host&response-content-disposition=attachment%3B%20filename%3Dff4e8f8a-2879-4ea6-9ad8-238f98ad3103.flac&x-id=GetObject,0.348838925,48459
LFC.Eam-2023-04-28_09-40.WAV,2023 Laguna Fry Confluence - 45 Sump,2023,4,28,10,40,Agelaius tricolor,Courtship Song,46.28266525,47.22133255,94,8719,24000,present,https://rfcx-streams-production.s3.eu-west-1.amazonaws.com/2023/04/28/dtu1murbispj/4ea25c98-1a60-4e61-aee4-4c72a54a7bf9.flac?X-Amz-Algorithm=AWS4-HMAC-SHA256&X-Amz-Content-Sha256=UNSIGNED-PAYLOAD&X-Amz-Credential=AKIA45B7YWBX5HAZMGOU%2F20260223%2Feu-west-1%2Fs3%2Faws4_request&X-Amz-Date=20260223T002439Z&X-Amz-Expires=604800&X-Amz-Signature=de31261e551b92bc24fc1309d2fcc999c682757fef6a18ddb3d954fde3816780&X-Amz-SignedHeaders=host&response-content-disposition=attachment%3B%20filename%3D4ea25c98-1a60-4e61-aee4-4c72a54a7bf9.flac&x-id=GetObject,0.2335051,48459
LFC.Eam-2023-04-28_10-00.WAV,2023 Laguna Fry Confluence - 45 Sump,2023,4,28,11,0,Agelaius tricolor,Courtship Song,36.81600189,37.75466537,94,8719,24000,present,https://rfcx-streams-production.s3.eu-west-1.amazonaws.com/2023/04/28/dtu1murbispj/e821e9fe-0870-44a3-9623-ba68febf3686.flac?X-Amz-Algorithm=AWS4-HMAC-SHA256&X-Amz-Content-Sha256=UNSIGNED-PAYLOAD&X-Amz-Credential=AKIA45B7YWBX5HAZMGOU%2F20260223%2Feu-west-1%2Fs3%2Faws4_request&X-Amz-Date=20260223T002439Z&X-Amz-Expires=604800&X-Amz-Signature=d222abdc6f7eafe58db86b0067a2b5e7b68d68e084b213a9695361f5fd77e889&X-Amz-SignedHeaders=host&response-content-disposition=attachment%3B%20filename%3De821e9fe-0870-44a3-9623-ba68febf3686.flac&x-id=GetObject,0.272329032,48459
LFC.Eam-2023-04-28_10-20.WAV,2023 Laguna Fry Confluence - 45 Sump,2023,4,28,11,20,Agelaius tricolor,Courtship Song,25.56800079,26.50666618,94,8719,24000,present,https://rfcx-streams-production.s3.eu-west-1.amazonaws.com/2023/04/28/dtu1murbispj/cddeb3a9-0be9-4369-8955-31e0ad865c23.flac?X-Amz-Algorithm=AWS4-HMAC-SHA256&X-Amz-Content-Sha256=UNSIGNED-PAYLOAD&X-Amz-Credential=AKIA45B7YWBX5HAZMGOU%2F20260223%2Feu-west-1%2Fs3%2Faws4_request&X-Amz-Date=20260223T002439Z&X-Amz-Expires=604800&X-Amz-Signature=40359e7306d4266feabec673ae3f2503a21498dcb8a6b68474eb79814ee484f4&X-Amz-SignedHeaders=host&response-content-disposition=attachment%3B%20filename%3Dcddeb3a9-0be9-4369-8955-31e0ad865c23.flac&x-id=GetObject,0.2663019,48459
LFC.Eam-2023-04-28_10-40.WAV,2023 Laguna Fry Confluence - 45 Sump,2023,4,28,11,40,Agelaius tricolor,Courtship Song,20.298666,21.2373333,94,8719,24000,present,https://rfcx-streams-production.s3.eu-west-1.amazonaws.com/2023/04/28/dtu1murbispj/4b2e4f5e-a681-4fa9-a426-48da966730b6.flac?X-Amz-Algorithm=AWS4-HMAC-SHA256&X-Amz-Content-Sha256=UNSIGNED-PAYLOAD&X-Amz-Credential=AKIA45B7YWBX5HAZMGOU%2F20260223%2Feu-west-1%2Fs3%2Faws4_request&X-Amz-Date=20260223T002439Z&X-Amz-Expires=604800&X-Amz-Signature=e0e9471f0daa7939abbc85609ebb1edf3b5d7160171c10504f4dd5f9f4f75b2d&X-Amz-SignedHeaders=host&response-content-disposition=attachment%3B%20filename%3D4b2e4f5e-a681-4fa9-a426-48da966730b6.flac&x-id=GetObject,0.272413671,48459
LFC.Eam-2023-04-28_11-00.WAV,2023 Laguna Fry Confluence - 45 Sump,2023,4,28,12,0,Agelaius tricolor,Courtship Song,11.2213335,12.15999985,94,8719,24000,present,https://rfcx-streams-production.s3.eu-west-1.amazonaws.com/2023/04/28/dtu1murbispj/ec3ae82a-2ccb-44af-973d-5dd51e9214fe.flac?X-Amz-Algorithm=AWS4-HMAC-SHA256&X-Amz-Content-Sha256=UNSIGNED-PAYLOAD&X-Amz-Credential=AKIA45B7YWBX5HAZMGOU%2F20260223%2Feu-west-1%2Fs3%2Faws4_request&X-Amz-Date=20260223T002439Z&X-Amz-Expires=604800&X-Amz-Signature=73befac599d912be899cecd9227cae04c8f64e227104e58f78ec27339a1250f4&X-Amz-SignedHeaders=host&response-content-disposition=attachment%3B%20filename%3Dec3ae82a-2ccb-44af-973d-5dd51e9214fe.flac&x-id=GetObject,0.366400301,48459
LFC.Eam-2023-04-28_11-40.WAV,2023 Laguna Fry Confluence - 45 Sump,2023,4,28,12,40,Agelaius tricolor,Courtship Song,41.74399948,42.68266678,94,8719,24000,present,https://rfcx-streams-production.s3.eu-west-1.amazonaws.com/2023/04/28/dtu1murbispj/12519d18-1a2d-4f03-91f0-11872a09593e.flac?X-Amz-Algorithm=AWS4-HMAC-SHA256&X-Amz-Content-Sha256=UNSIGNED-PAYLOAD&X-Amz-Credential=AKIA45B7YWBX5HAZMGOU%2F20260223%2Feu-west-1%2Fs3%2Faws4_request&X-Amz-Date=20260223T002439Z&X-Amz-Expires=604800&X-Amz-Signature=20ed14b6e90f2cef2e71fb811e776718708a60a06ec2ddea904af21fddc9a22d&X-Amz-SignedHeaders=host&response-content-disposition=attachment%3B%20filename%3D12519d18-1a2d-4f03-91f0-11872a09593e.flac&x-id=GetObject,0.258046091,48459
LFC.Eam-2023-04-28_12-00.WAV,2023 Laguna Fry Confluence - 45 Sump,2023,4,28,13,0,Agelaius tricolor,Courtship Song,30.79999924,31.73866653,94,8719,24000,present,https://rfcx-streams-production.s3.eu-west-1.amazonaws.com/2023/04/28/dtu1murbispj/2df7064a-ade1-479b-b9d2-45631d53f531.flac?X-Amz-Algorithm=AWS4-HMAC-SHA256&X-Amz-Content-Sha256=UNSIGNED-PAYLOAD&X-Amz-Credential=AKIA45B7YWBX5HAZMGOU%2F20260223%2Feu-west-1%2Fs3%2Faws4_request&X-Amz-Date=20260223T002439Z&X-Amz-Expires=604800&X-Amz-Signature=7439ea657d586ca99d36a069507ed44da1d282238aa6085db9314ced91c58fd5&X-Amz-SignedHeaders=host&response-content-disposition=attachment%3B%20filename%3D2df7064a-ade1-479b-b9d2-45631d53f531.flac&x-id=GetObject,0.342142761,48459
LFC.Eam-2023-04-28_12-20.WAV,2023 Laguna Fry Confluence - 45 Sump,2023,4,28,13,20,Agelaius tricolor,Courtship Song,36.58666611,37.5253334,94,8719,24000,present,https://rfcx-streams-production.s3.eu-west-1.amazonaws.com/2023/04/28/dtu1murbispj/94e3373e-fa66-40da-8e42-0860321f3747.flac?X-Amz-Algorithm=AWS4-HMAC-SHA256&X-Amz-Content-Sha256=UNSIGNED-PAYLOAD&X-Amz-Credential=AKIA45B7YWBX5HAZMGOU%2F20260223%2Feu-west-1%2Fs3%2Faws4_request&X-Amz-Date=20260223T002439Z&X-Amz-Expires=604800&X-Amz-Signature=2cdcf96091cf15c440bfd6ad14c35e6cede370c9011f716e40ec37172147f29f&X-Amz-SignedHeaders=host&response-content-disposition=attachment%3B%20filename%3D94e3373e-fa66-40da-8e42-0860321f3747.flac&x-id=GetObject,0.383073926,48459
LFC.Eam-2023-04-28_12-40.WAV,2023 Laguna Fry Confluence - 45 Sump,2023,4,28,13,40,Agelaius tricolor,Courtship Song,50.46933365,51.40800095,94,8719,24000,present,https://rfcx-streams-production.s3.eu-west-1.amazonaws.com/2023/04/28/dtu1murbispj/5a59df7c-4a9e-4e63-9287-ed5c6a0fa36c.flac?X-Amz-Algorithm=AWS4-HMAC-SHA256&X-Amz-Content-Sha256=UNSIGNED-PAYLOAD&X-Amz-Credential=AKIA45B7YWBX5HAZMGOU%2F20260223%2Feu-west-1%2Fs3%2Faws4_request&X-Amz-Date=20260223T002439Z&X-Amz-Expires=604800&X-Amz-Signature=f403fec0fe80e360027057e29b267d498161d3da21556759daa7a71e338956aa&X-Amz-SignedHeaders=host&response-content-disposition=attachment%3B%20filename%3D5a59df7c-4a9e-4e63-9287-ed5c6a0fa36c.flac&x-id=GetObject,0.253035337,48459
LFC.Eam-2023-04-28_15-20.WAV,2023 Laguna Fry Confluence - 45 Sump,2023,4,28,16,20,Agelaius tricolor,Courtship Song,42.09600067,43.03466797,94,8719,24000,present,https://rfcx-streams-production.s3.eu-west-1.amazonaws.com/2023/04/28/dtu1murbispj/6fa7536f-d753-4e5d-85f7-134708d8c64b.flac?X-Amz-Algorithm=AWS4-HMAC-SHA256&X-Amz-Content-Sha256=UNSIGNED-PAYLOAD&X-Amz-Credential=AKIA45B7YWBX5HAZMGOU%2F20260223%2Feu-west-1%2Fs3%2Faws4_request&X-Amz-Date=20260223T002439Z&X-Amz-Expires=604800&X-Amz-Signature=a3fb6f528f087f33833e0ed6706f309ed02482c2700b7c5918aeb5ac676cac9b&X-Amz-SignedHeaders=host&response-content-disposition=attachment%3B%20filename%3D6fa7536f-d753-4e5d-85f7-134708d8c64b.flac&x-id=GetObject,0.239552453,48459
LFC.Eam-2023-04-28_15-40.WAV,2023 Laguna Fry Confluence - 45 Sump,2023,4,28,16,40,Agelaius tricolor,Courtship Song,34.60800171,35.54666519,94,8719,24000,present,https://rfcx-streams-production.s3.eu-west-1.amazonaws.com/2023/04/28/dtu1murbispj/a2ac6ea6-c328-4fe8-a3e5-fcb9337789a6.flac?X-Amz-Algorithm=AWS4-HMAC-SHA256&X-Amz-Content-Sha256=UNSIGNED-PAYLOAD&X-Amz-Credential=AKIA45B7YWBX5HAZMGOU%2F20260223%2Feu-west-1%2Fs3%2Faws4_request&X-Amz-Date=20260223T002439Z&X-Amz-Expires=604800&X-Amz-Signature=30b6e5e76479ffed60f90c31b3ee19a64e397276e20b9f7de9091d064d6af501&X-Amz-SignedHeaders=host&response-content-disposition=attachment%3B%20filename%3Da2ac6ea6-c328-4fe8-a3e5-fcb9337789a6.flac&x-id=GetObject,0.216180176,48459
LFC.Eam-2023-04-28_16-00.WAV,2023 Laguna Fry Confluence - 45 Sump,2023,4,28,17,0,Agelaius tricolor,Courtship Song,55.78133392,56.72000122,94,8719,24000,present,https://rfcx-streams-production.s3.eu-west-1.amazonaws.com/2023/04/29/dtu1murbispj/499e41d5-b4d6-4be0-9126-d7aa7e7d697c.flac?X-Amz-Algorithm=AWS4-HMAC-SHA256&X-Amz-Content-Sha256=UNSIGNED-PAYLOAD&X-Amz-Credential=AKIA45B7YWBX5HAZMGOU%2F20260223%2Feu-west-1%2Fs3%2Faws4_request&X-Amz-Date=20260223T002439Z&X-Amz-Expires=604800&X-Amz-Signature=2f9d3d8b2185728ebf7fd523e6e2857e2a426038f884f1a1c9db9aade7b08803&X-Amz-SignedHeaders=host&response-content-disposition=attachment%3B%20filename%3D499e41d5-b4d6-4be0-9126-d7aa7e7d697c.flac&x-id=GetObject,0.233996496,48459
LFC.Eam-2023-04-28_16-20.WAV,2023 Laguna Fry Confluence - 45 Sump,2023,4,28,17,20,Agelaius tricolor,Courtship Song,56.9066658,57.8453331,94,8719,24000,present,https://rfcx-streams-production.s3.eu-west-1.amazonaws.com/2023/04/29/dtu1murbispj/00e167fd-5557-4713-9e36-6bf0c9400032.flac?X-Amz-Algorithm=AWS4-HMAC-SHA256&X-Amz-Content-Sha256=UNSIGNED-PAYLOAD&X-Amz-Credential=AKIA45B7YWBX5HAZMGOU%2F20260223%2Feu-west-1%2Fs3%2Faws4_request&X-Amz-Date=20260223T002439Z&X-Amz-Expires=604800&X-Amz-Signature=2c976053b78d3c26bd7d54b727bc76a34a64ec75f40535a3dd40531aec88b1f2&X-Amz-SignedHeaders=host&response-content-disposition=attachment%3B%20filename%3D00e167fd-5557-4713-9e36-6bf0c9400032.flac&x-id=GetObject,0.312917501,48459
LFC.Eam-2023-04-28_17-00.WAV,2023 Laguna Fry Confluence - 45 Sump,2023,4,28,18,0,Agelaius tricolor,Courtship Song,12.69866657,13.63733292,94,8719,24000,present,https://rfcx-streams-production.s3.eu-west-1.amazonaws.com/2023/04/29/dtu1murbispj/77d013a3-e2ac-4448-9d96-05feae1bee6a.flac?X-Amz-Algorithm=AWS4-HMAC-SHA256&X-Amz-Content-Sha256=UNSIGNED-PAYLOAD&X-Amz-Credential=AKIA45B7YWBX5HAZMGOU%2F20260223%2Feu-west-1%2Fs3%2Faws4_request&X-Amz-Date=20260223T002439Z&X-Amz-Expires=604800&X-Amz-Signature=5a16123f9452d9fbd53c8f14b539acb4f5910baf81aa752d8a2836d638862b22&X-Amz-SignedHeaders=host&response-content-disposition=attachment%3B%20filename%3D77d013a3-e2ac-4448-9d96-05feae1bee6a.flac&x-id=GetObject,0.285663575,48459
LFC.Eam-2023-04-28_17-20.WAV,2023 Laguna Fry Confluence - 45 Sump,2023,4,28,18,20,Agelaius tricolor,Courtship Song,58.12266541,59.0613327,94,8719,24000,present,https://rfcx-streams-production.s3.eu-west-1.amazonaws.com/2023/04/29/dtu1murbispj/24947e1d-d51d-4887-97cb-b64060cd1b39.flac?X-Amz-Algorithm=AWS4-HMAC-SHA256&X-Amz-Content-Sha256=UNSIGNED-PAYLOAD&X-Amz-Credential=AKIA45B7YWBX5HAZMGOU%2F20260223%2Feu-west-1%2Fs3%2Faws4_request&X-Amz-Date=20260223T002439Z&X-Amz-Expires=604800&X-Amz-Signature=e78ff06b36c5592950d4fd03133a3e2b02b3c861d1600b3eba4ad673bcc42d25&X-Amz-SignedHeaders=host&response-content-disposition=attachment%3B%20filename%3D24947e1d-d51d-4887-97cb-b64060cd1b39.flac&x-id=GetObject,0.305214047,48459
LFC.Eam-2023-04-28_17-40.WAV,2023 Laguna Fry Confluence - 45 Sump,2023,4,28,18,40,Agelaius tricolor,Courtship Song,47.32266617,48.26133347,94,8719,24000,present,https://rfcx-streams-production.s3.eu-west-1.amazonaws.com/2023/04/29/dtu1murbispj/4a52c7b3-2104-40a0-8ec2-516cecfac930.flac?X-Amz-Algorithm=AWS4-HMAC-SHA256&X-Amz-Content-Sha256=UNSIGNED-PAYLOAD&X-Amz-Credential=AKIA45B7YWBX5HAZMGOU%2F20260223%2Feu-west-1%2Fs3%2Faws4_request&X-Amz-Date=20260223T002439Z&X-Amz-Expires=604800&X-Amz-Signature=b58f9a6387d3bdd0333b82ebed504b6ec9d981315fd0782a43a6c936d42bde06&X-Amz-SignedHeaders=host&response-content-disposition=attachment%3B%20filename%3D4a52c7b3-2104-40a0-8ec2-516cecfac930.flac&x-id=GetObject,0.284559727,48459
LFC.Eam-2023-04-28_18-00.WAV,2023 Laguna Fry Confluence - 45 Sump,2023,4,28,19,0,Agelaius tricolor,Courtship Song,52.46933365,53.40800095,94,8719,24000,present,https://rfcx-streams-production.s3.eu-west-1.amazonaws.com/2023/04/29/dtu1murbispj/ae95972f-71a1-41ce-ac0a-d2f5fcf48129.flac?X-Amz-Algorithm=AWS4-HMAC-SHA256&X-Amz-Content-Sha256=UNSIGNED-PAYLOAD&X-Amz-Credential=AKIA45B7YWBX5HAZMGOU%2F20260223%2Feu-west-1%2Fs3%2Faws4_request&X-Amz-Date=20260223T002439Z&X-Amz-Expires=604800&X-Amz-Signature=2a3e518cdaf1dd5fb2bb7bb4960a02f42da20eb7f47d8364601d432993b79398&X-Amz-SignedHeaders=host&response-content-disposition=attachment%3B%20filename%3Dae95972f-71a1-41ce-ac0a-d2f5fcf48129.flac&x-id=GetObject,0.287660897,48459
LFC.Eam-2023-04-28_18-20.WAV,2023 Laguna Fry Confluence - 45 Sump,2023,4,28,19,20,Agelaius tricolor,Courtship Song,52.98666763,53.92533493,94,8719,24000,present,https://rfcx-streams-production.s3.eu-west-1.amazonaws.com/2023/04/29/dtu1murbispj/c842aefe-fb0d-4a4d-a835-b69f37eb640c.flac?X-Amz-Algorithm=AWS4-HMAC-SHA256&X-Amz-Content-Sha256=UNSIGNED-PAYLOAD&X-Amz-Credential=AKIA45B7YWBX5HAZMGOU%2F20260223%2Feu-west-1%2Fs3%2Faws4_request&X-Amz-Date=20260223T002439Z&X-Amz-Expires=604800&X-Amz-Signature=d2d78bda0cb57891e3a171d0028978c8caf9b1ec3db09b1b4c404f67a349b83f&X-Amz-SignedHeaders=host&response-content-disposition=attachment%3B%20filename%3Dc842aefe-fb0d-4a4d-a835-b69f37eb640c.flac&x-id=GetObject,0.241491467,48459
LFC.Eam-2023-04-28_18-40.WAV,2023 Laguna Fry Confluence - 45 Sump,2023,4,28,19,40,Agelaius tricolor,Courtship Song,57.43999863,58.37866592,94,8719,24000,present,https://rfcx-streams-production.s3.eu-west-1.amazonaws.com/2023/04/29/dtu1murbispj/0af70cb3-2a2d-4540-943d-a13613b17db8.flac?X-Amz-Algorithm=AWS4-HMAC-SHA256&X-Amz-Content-Sha256=UNSIGNED-PAYLOAD&X-Amz-Credential=AKIA45B7YWBX5HAZMGOU%2F20260223%2Feu-west-1%2Fs3%2Faws4_request&X-Amz-Date=20260223T002439Z&X-Amz-Expires=604800&X-Amz-Signature=0c1586b153a23e5aa85faa79b50c314da56d00a02835b4df57c9ec3af3306167&X-Amz-SignedHeaders=host&response-content-disposition=attachment%3B%20filename%3D0af70cb3-2a2d-4540-943d-a13613b17db8.flac&x-id=GetObject,0.293559551,48459
LFC.Eam-2023-04-28_19-00.WAV,2023 Laguna Fry Confluence - 45 Sump,2023,4,28,20,0,Agelaius tricolor,Courtship Song,15.72799969,16.66666603,94,8719,24000,present,https://rfcx-streams-production.s3.eu-west-1.amazonaws.com/2023/04/29/dtu1murbispj/ffe20a8f-d901-41ba-8940-a048884237a0.flac?X-Amz-Algorithm=AWS4-HMAC-SHA256&X-Amz-Content-Sha256=UNSIGNED-PAYLOAD&X-Amz-Credential=AKIA45B7YWBX5HAZMGOU%2F20260223%2Feu-west-1%2Fs3%2Faws4_request&X-Amz-Date=20260223T002439Z&X-Amz-Expires=604800&X-Amz-Signature=ea58696466e446bdbbf7ebbe9a7f13debbd163d4266e90c6a80e985674281869&X-Amz-SignedHeaders=host&response-content-disposition=attachment%3B%20filename%3Dffe20a8f-d901-41ba-8940-a048884237a0.flac&x-id=GetObject,0.382071048,48459
LFC.Eam-2023-04-28_19-20.WAV,2023 Laguna Fry Confluence - 45 Sump,2023,4,28,20,20,Agelaius tricolor,Courtship Song,8.906666756,9.845333099,94,8719,24000,present,https://rfcx-streams-production.s3.eu-west-1.amazonaws.com/2023/04/29/dtu1murbispj/1f387642-84b0-4715-a719-77877ea3cf44.flac?X-Amz-Algorithm=AWS4-HMAC-SHA256&X-Amz-Content-Sha256=UNSIGNED-PAYLOAD&X-Amz-Credential=AKIA45B7YWBX5HAZMGOU%2F20260223%2Feu-west-1%2Fs3%2Faws4_request&X-Amz-Date=20260223T002439Z&X-Amz-Expires=604800&X-Amz-Signature=5036f73a7977c971271d9f056ea5892a0e00cd7a0765810659a8d715564bf745&X-Amz-SignedHeaders=host&response-content-disposition=attachment%3B%20filename%3D1f387642-84b0-4715-a719-77877ea3cf44.flac&x-id=GetObject,0.327242494,48459
LFC.Eam-2023-04-28_19-40.WAV,2023 Laguna Fry Confluence - 45 Sump,2023,4,28,20,40,Agelaius tricolor,Courtship Song,20.08533287,21.02400017,94,8719,24000,present,https://rfcx-streams-production.s3.eu-west-1.amazonaws.com/2023/04/29/dtu1murbispj/47c769e4-7df3-4f7b-b357-da942d4bd32e.flac?X-Amz-Algorithm=AWS4-HMAC-SHA256&X-Amz-Content-Sha256=UNSIGNED-PAYLOAD&X-Amz-Credential=AKIA45B7YWBX5HAZMGOU%2F20260223%2Feu-west-1%2Fs3%2Faws4_request&X-Amz-Date=20260223T002439Z&X-Amz-Expires=604800&X-Amz-Signature=873255a546d6173b14330abb9af5b75449ca5c2b6354555a9ca2fde042b8e2c4&X-Amz-SignedHeaders=host&response-content-disposition=attachment%3B%20filename%3D47c769e4-7df3-4f7b-b357-da942d4bd32e.flac&x-id=GetObject,0.378866524,48459
LFC.Eam-2023-04-28_20-00.WAV,2023 Laguna Fry Confluence - 45 Sump,2023,4,28,21,0,Agelaius tricolor,Courtship Song,26.56533241,27.50399971,94,8719,24000,present,https://rfcx-streams-production.s3.eu-west-1.amazonaws.com/2023/04/29/dtu1murbispj/e7449817-b938-4670-a56e-d0f35ff8dc5d.flac?X-Amz-Algorithm=AWS4-HMAC-SHA256&X-Amz-Content-Sha256=UNSIGNED-PAYLOAD&X-Amz-Credential=AKIA45B7YWBX5HAZMGOU%2F20260223%2Feu-west-1%2Fs3%2Faws4_request&X-Amz-Date=20260223T002439Z&X-Amz-Expires=604800&X-Amz-Signature=aea8a01fee872268664167874eeaf4099241fdb037046ada4b288c364db145db&X-Amz-SignedHeaders=host&response-content-disposition=attachment%3B%20filename%3De7449817-b938-4670-a56e-d0f35ff8dc5d.flac&x-id=GetObject,0.399825096,48459
LFC.Eam-2023-04-29_05-40.WAV,2023 Laguna Fry Confluence - 45 Sump,2023,4,29,6,40,Agelaius tricolor,Courtship Song,36.43733215,37.37599945,94,8719,24000,present,https://rfcx-streams-production.s3.eu-west-1.amazonaws.com/2023/04/29/dtu1murbispj/c4b35822-f172-4ad4-a86b-ddea96c1e3da.flac?X-Amz-Algorithm=AWS4-HMAC-SHA256&X-Amz-Content-Sha256=UNSIGNED-PAYLOAD&X-Amz-Credential=AKIA45B7YWBX5HAZMGOU%2F20260223%2Feu-west-1%2Fs3%2Faws4_request&X-Amz-Date=20260223T002439Z&X-Amz-Expires=604800&X-Amz-Signature=38f6a3518cfcc500a4f7be3ce34f89fe6839175dff88cd75ce2bb4a7e92a5f95&X-Amz-SignedHeaders=host&response-content-disposition=attachment%3B%20filename%3Dc4b35822-f172-4ad4-a86b-ddea96c1e3da.flac&x-id=GetObject,0.311409265,48459
LFC.Eam-2023-04-29_06-00.WAV,2023 Laguna Fry Confluence - 45 Sump,2023,4,29,7,0,Agelaius tricolor,Courtship Song,17.75466728,18.69333267,94,8719,24000,present,https://rfcx-streams-production.s3.eu-west-1.amazonaws.com/2023/04/29/dtu1murbispj/d068bb25-5478-4c87-a132-56f6369720b5.flac?X-Amz-Algorithm=AWS4-HMAC-SHA256&X-Amz-Content-Sha256=UNSIGNED-PAYLOAD&X-Amz-Credential=AKIA45B7YWBX5HAZMGOU%2F20260223%2Feu-west-1%2Fs3%2Faws4_request&X-Amz-Date=20260223T002439Z&X-Amz-Expires=604800&X-Amz-Signature=4775529af6cd669eaf980751958af39058124085daba9364ce698db382252718&X-Amz-SignedHeaders=host&response-content-disposition=attachment%3B%20filename%3Dd068bb25-5478-4c87-a132-56f6369720b5.flac&x-id=GetObject,0.394687593,48459
LFC.Eam-2023-04-29_06-20.WAV,2023 Laguna Fry Confluence - 45 Sump,2023,4,29,7,20,Agelaius tricolor,Courtship Song,23.22133255,24.15999985,94,8719,24000,present,https://rfcx-streams-production.s3.eu-west-1.amazonaws.com/2023/04/29/dtu1murbispj/187d40ec-fc66-446b-a891-6562866e576e.flac?X-Amz-Algorithm=AWS4-HMAC-SHA256&X-Amz-Content-Sha256=UNSIGNED-PAYLOAD&X-Amz-Credential=AKIA45B7YWBX5HAZMGOU%2F20260223%2Feu-west-1%2Fs3%2Faws4_request&X-Amz-Date=20260223T002439Z&X-Amz-Expires=604800&X-Amz-Signature=9e78d2cf118d5cb33cd534dfb1bde3c7885cea9304de023bc962e1ba05fc7c20&X-Amz-SignedHeaders=host&response-content-disposition=attachment%3B%20filename%3D187d40ec-fc66-446b-a891-6562866e576e.flac&x-id=GetObject,0.316655338,48459
LFC.Eam-2023-04-29_06-40.WAV,2023 Laguna Fry Confluence - 45 Sump,2023,4,29,7,40,Agelaius tricolor,Courtship Song,34.17599869,35.11466599,94,8719,24000,present,https://rfcx-streams-production.s3.eu-west-1.amazonaws.com/2023/04/29/dtu1murbispj/011db0da-9cef-46f6-8e1a-028728ccbcb8.flac?X-Amz-Algorithm=AWS4-HMAC-SHA256&X-Amz-Content-Sha256=UNSIGNED-PAYLOAD&X-Amz-Credential=AKIA45B7YWBX5HAZMGOU%2F20260223%2Feu-west-1%2Fs3%2Faws4_request&X-Amz-Date=20260223T002439Z&X-Amz-Expires=604800&X-Amz-Signature=2800da6a55fb35b7f5784b65b7e87049663007f2e1fa177bbaf647c93c2b7554&X-Amz-SignedHeaders=host&response-content-disposition=attachment%3B%20filename%3D011db0da-9cef-46f6-8e1a-028728ccbcb8.flac&x-id=GetObject,0.244141504,48459
LFC.Eam-2023-04-29_07-00.WAV,2023 Laguna Fry Confluence - 45 Sump,2023,4,29,8,0,Agelaius tricolor,Courtship Song,29.56266594,30.50133324,94,8719,24000,present,https://rfcx-streams-production.s3.eu-west-1.amazonaws.com/2023/04/29/dtu1murbispj/0342ee61-15b7-44c1-81f5-a47d391298df.flac?X-Amz-Algorithm=AWS4-HMAC-SHA256&X-Amz-Content-Sha256=UNSIGNED-PAYLOAD&X-Amz-Credential=AKIA45B7YWBX5HAZMGOU%2F20260223%2Feu-west-1%2Fs3%2Faws4_request&X-Amz-Date=20260223T002439Z&X-Amz-Expires=604800&X-Amz-Signature=2da3dff46cff1068a53833db47ad3dd84582841f59e7cf485b472feea40aa7ff&X-Amz-SignedHeaders=host&response-content-disposition=attachment%3B%20filename%3D0342ee61-15b7-44c1-81f5-a47d391298df.flac&x-id=GetObject,0.292227894,48459
LFC.Eam-2023-04-29_07-20.WAV,2023 Laguna Fry Confluence - 45 Sump,2023,4,29,8,20,Agelaius tricolor,Courtship Song,25.70666695,26.64533424,94,8719,24000,present,https://rfcx-streams-production.s3.eu-west-1.amazonaws.com/2023/04/29/dtu1murbispj/823b3845-4ebe-40c4-9b2a-9d62f03d9ddf.flac?X-Amz-Algorithm=AWS4-HMAC-SHA256&X-Amz-Content-Sha256=UNSIGNED-PAYLOAD&X-Amz-Credential=AKIA45B7YWBX5HAZMGOU%2F20260223%2Feu-west-1%2Fs3%2Faws4_request&X-Amz-Date=20260223T002439Z&X-Amz-Expires=604800&X-Amz-Signature=91573aa773febff72655338d5cbb7ee5e8e24c5d0d3cb316b8ba7c08e696ae59&X-Amz-SignedHeaders=host&response-content-disposition=attachment%3B%20filename%3D823b3845-4ebe-40c4-9b2a-9d62f03d9ddf.flac&x-id=GetObject,0.270349681,48459
LFC.Eam-2023-04-29_08-00.WAV,2023 Laguna Fry Confluence - 45 Sump,2023,4,29,9,0,Agelaius tricolor,Courtship Song,23.02933311,23.96800041,94,8719,24000,present,https://rfcx-streams-production.s3.eu-west-1.amazonaws.com/2023/04/29/dtu1murbispj/ea046a19-ccd5-475f-998a-b9ed6c06e736.flac?X-Amz-Algorithm=AWS4-HMAC-SHA256&X-Amz-Content-Sha256=UNSIGNED-PAYLOAD&X-Amz-Credential=AKIA45B7YWBX5HAZMGOU%2F20260223%2Feu-west-1%2Fs3%2Faws4_request&X-Amz-Date=20260223T002439Z&X-Amz-Expires=604800&X-Amz-Signature=88dca95da34583cdd2abb703af053dfffea3ea51c9616a82b46fca437cdd398b&X-Amz-SignedHeaders=host&response-content-disposition=attachment%3B%20filename%3Dea046a19-ccd5-475f-998a-b9ed6c06e736.flac&x-id=GetObject,0.256606311,48459
LFC.Eam-2023-04-29_08-20.WAV,2023 Laguna Fry Confluence - 45 Sump,2023,4,29,9,20,Agelaius tricolor,Courtship Song,29.26399994,30.20266724,94,8719,24000,present,https://rfcx-streams-production.s3.eu-west-1.amazonaws.com/2023/04/29/dtu1murbispj/e67ffee3-7c76-449f-a758-ef060aa645d7.flac?X-Amz-Algorithm=AWS4-HMAC-SHA256&X-Amz-Content-Sha256=UNSIGNED-PAYLOAD&X-Amz-Credential=AKIA45B7YWBX5HAZMGOU%2F20260223%2Feu-west-1%2Fs3%2Faws4_request&X-Amz-Date=20260223T002439Z&X-Amz-Expires=604800&X-Amz-Signature=a1f2bde39ca012f8bf6837ad2d225bccb30e492f7bb2e59b3a7ac5b44551aaa5&X-Amz-SignedHeaders=host&response-content-disposition=attachment%3B%20filename%3De67ffee3-7c76-449f-a758-ef060aa645d7.flac&x-id=GetObject,0.320456594,48459
LFC.Eam-2023-04-29_08-40.WAV,2023 Laguna Fry Confluence - 45 Sump,2023,4,29,9,40,Agelaius tricolor,Courtship Song,25.03466606,25.97333336,94,8719,24000,present,https://rfcx-streams-production.s3.eu-west-1.amazonaws.com/2023/04/29/dtu1murbispj/54ab8f15-908d-414f-ad54-2f5a687afb75.flac?X-Amz-Algorithm=AWS4-HMAC-SHA256&X-Amz-Content-Sha256=UNSIGNED-PAYLOAD&X-Amz-Credential=AKIA45B7YWBX5HAZMGOU%2F20260223%2Feu-west-1%2Fs3%2Faws4_request&X-Amz-Date=20260223T002439Z&X-Amz-Expires=604800&X-Amz-Signature=f7eddd1db4e622373950c35c2a55eba26629d5de10318d7bbb2bcddc778c3d38&X-Amz-SignedHeaders=host&response-content-disposition=attachment%3B%20filename%3D54ab8f15-908d-414f-ad54-2f5a687afb75.flac&x-id=GetObject,0.20079501,48459
LFC.Eam-2023-04-29_09-00.WAV,2023 Laguna Fry Confluence - 45 Sump,2023,4,29,10,0,Agelaius tricolor,Courtship Song,39.74933243,40.68799973,94,8719,24000,present,https://rfcx-streams-production.s3.eu-west-1.amazonaws.com/2023/04/29/dtu1murbispj/2ba855b4-cda1-4767-954c-a99ad5c390d1.flac?X-Amz-Algorithm=AWS4-HMAC-SHA256&X-Amz-Content-Sha256=UNSIGNED-PAYLOAD&X-Amz-Credential=AKIA45B7YWBX5HAZMGOU%2F20260223%2Feu-west-1%2Fs3%2Faws4_request&X-Amz-Date=20260223T002439Z&X-Amz-Expires=604800&X-Amz-Signature=82c54562d6442361cbddbc3309111db21059e92fb2d1bd97efe8d3fd6ca9fa9e&X-Amz-SignedHeaders=host&response-content-disposition=attachment%3B%20filename%3D2ba855b4-cda1-4767-954c-a99ad5c390d1.flac&x-id=GetObject,0.283739865,48459
LFC.Eam-2023-04-29_09-20.WAV,2023 Laguna Fry Confluence - 45 Sump,2023,4,29,10,20,Agelaius tricolor,Courtship Song,49.42399979,50.36266708,94,8719,24000,present,https://rfcx-streams-production.s3.eu-west-1.amazonaws.com/2023/04/29/dtu1murbispj/7a8e9295-d30d-4cd9-baa7-aeaf75f6b2f0.flac?X-Amz-Algorithm=AWS4-HMAC-SHA256&X-Amz-Content-Sha256=UNSIGNED-PAYLOAD&X-Amz-Credential=AKIA45B7YWBX5HAZMGOU%2F20260223%2Feu-west-1%2Fs3%2Faws4_request&X-Amz-Date=20260223T002439Z&X-Amz-Expires=604800&X-Amz-Signature=95f018ab9593ecb913aecd7ad8c885c425e91642aaada9081a6ef9ff508fccf1&X-Amz-SignedHeaders=host&response-content-disposition=attachment%3B%20filename%3D7a8e9295-d30d-4cd9-baa7-aeaf75f6b2f0.flac&x-id=GetObject,0.368312538,48459
LFC.Eam-2023-04-29_09-40.WAV,2023 Laguna Fry Confluence - 45 Sump,2023,4,29,10,40,Agelaius tricolor,Courtship Song,12.6239996,13.56266689,94,8719,24000,present,https://rfcx-streams-production.s3.eu-west-1.amazonaws.com/2023/04/29/dtu1murbispj/79fa62ed-2743-44bb-b61e-e5a7c00bf256.flac?X-Amz-Algorithm=AWS4-HMAC-SHA256&X-Amz-Content-Sha256=UNSIGNED-PAYLOAD&X-Amz-Credential=AKIA45B7YWBX5HAZMGOU%2F20260223%2Feu-west-1%2Fs3%2Faws4_request&X-Amz-Date=20260223T002439Z&X-Amz-Expires=604800&X-Amz-Signature=be72ed2ec01e0535e7fb042fbff95ae6bad0ceca6f9bff2528a2027caf84e801&X-Amz-SignedHeaders=host&response-content-disposition=attachment%3B%20filename%3D79fa62ed-2743-44bb-b61e-e5a7c00bf256.flac&x-id=GetObject,0.361537427,48459
LFC.Eam-2023-04-29_10-00.WAV,2023 Laguna Fry Confluence - 45 Sump,2023,4,29,11,0,Agelaius tricolor,Courtship Song,18.20800018,19.14666748,94,8719,24000,present,https://rfcx-streams-production.s3.eu-west-1.amazonaws.com/2023/04/29/dtu1murbispj/effd9448-fef3-4076-a22b-3328bd8096ba.flac?X-Amz-Algorithm=AWS4-HMAC-SHA256&X-Amz-Content-Sha256=UNSIGNED-PAYLOAD&X-Amz-Credential=AKIA45B7YWBX5HAZMGOU%2F20260223%2Feu-west-1%2Fs3%2Faws4_request&X-Amz-Date=20260223T002439Z&X-Amz-Expires=604800&X-Amz-Signature=20fa7d437cdb2c03bd306b1d1cfb29471b47071a096e04b6c5963d7f1c6c6f27&X-Amz-SignedHeaders=host&response-content-disposition=attachment%3B%20filename%3Deffd9448-fef3-4076-a22b-3328bd8096ba.flac&x-id=GetObject,0.322359383,48459
LFC.Eam-2023-04-29_10-20.WAV,2023 Laguna Fry Confluence - 45 Sump,2023,4,29,11,20,Agelaius tricolor,Courtship Song,31.42399979,32.36266708,94,8719,24000,present,https://rfcx-streams-production.s3.eu-west-1.amazonaws.com/2023/04/29/dtu1murbispj/6bc82085-cb4f-4334-86e4-79618ccd7482.flac?X-Amz-Algorithm=AWS4-HMAC-SHA256&X-Amz-Content-Sha256=UNSIGNED-PAYLOAD&X-Amz-Credential=AKIA45B7YWBX5HAZMGOU%2F20260223%2Feu-west-1%2Fs3%2Faws4_request&X-Amz-Date=20260223T002439Z&X-Amz-Expires=604800&X-Amz-Signature=d1fb11546b1f1a3add621e41705d8e8f4a953ad74721fa49313eb29876a82cea&X-Amz-SignedHeaders=host&response-content-disposition=attachment%3B%20filename%3D6bc82085-cb4f-4334-86e4-79618ccd7482.flac&x-id=GetObject,0.258471847,48459
LFC.Eam-2023-04-29_10-40.WAV,2023 Laguna Fry Confluence - 45 Sump,2023,4,29,11,40,Agelaius tricolor,Courtship Song,9.333333015,10.27200031,94,8719,24000,present,https://rfcx-streams-production.s3.eu-west-1.amazonaws.com/2023/04/29/dtu1murbispj/77f9e0e9-283a-48fe-9c1f-9a74fad07aca.flac?X-Amz-Algorithm=AWS4-HMAC-SHA256&X-Amz-Content-Sha256=UNSIGNED-PAYLOAD&X-Amz-Credential=AKIA45B7YWBX5HAZMGOU%2F20260223%2Feu-west-1%2Fs3%2Faws4_request&X-Amz-Date=20260223T002439Z&X-Amz-Expires=604800&X-Amz-Signature=674ec4a01c9feead30ed2b9ad749647bd05af85fb4d6cd8c959d401da2fac6f0&X-Amz-SignedHeaders=host&response-content-disposition=attachment%3B%20filename%3D77f9e0e9-283a-48fe-9c1f-9a74fad07aca.flac&x-id=GetObject,0.314026743,48459
LFC.Eam-2023-04-29_11-00.WAV,2023 Laguna Fry Confluence - 45 Sump,2023,4,29,12,0,Agelaius tricolor,Courtship Song,40.10133362,41.04000092,94,8719,24000,present,https://rfcx-streams-production.s3.eu-west-1.amazonaws.com/2023/04/29/dtu1murbispj/01f82cf1-bebf-4335-8bd8-35ca0495d0fe.flac?X-Amz-Algorithm=AWS4-HMAC-SHA256&X-Amz-Content-Sha256=UNSIGNED-PAYLOAD&X-Amz-Credential=AKIA45B7YWBX5HAZMGOU%2F20260223%2Feu-west-1%2Fs3%2Faws4_request&X-Amz-Date=20260223T002439Z&X-Amz-Expires=604800&X-Amz-Signature=6c9d29cea397767be563f4fb76aabadda71295f31e32d9dac5e025de391d56f2&X-Amz-SignedHeaders=host&response-content-disposition=attachment%3B%20filename%3D01f82cf1-bebf-4335-8bd8-35ca0495d0fe.flac&x-id=GetObject,0.326188624,48459
LFC.Eam-2023-04-29_11-20.WAV,2023 Laguna Fry Confluence - 45 Sump,2023,4,29,12,20,Agelaius tricolor,Courtship Song,36.85333252,37.79199982,94,8719,24000,present,https://rfcx-streams-production.s3.eu-west-1.amazonaws.com/2023/04/29/dtu1murbispj/17159b65-5a21-4550-a104-a51c9594426f.flac?X-Amz-Algorithm=AWS4-HMAC-SHA256&X-Amz-Content-Sha256=UNSIGNED-PAYLOAD&X-Amz-Credential=AKIA45B7YWBX5HAZMGOU%2F20260223%2Feu-west-1%2Fs3%2Faws4_request&X-Amz-Date=20260223T002439Z&X-Amz-Expires=604800&X-Amz-Signature=843b031c5be1db7aef4150a3773022666d3727d18c933a97fbb0074bd00d5229&X-Amz-SignedHeaders=host&response-content-disposition=attachment%3B%20filename%3D17159b65-5a21-4550-a104-a51c9594426f.flac&x-id=GetObject,0.271452993,48459
LFC.Eam-2023-04-29_11-40.WAV,2023 Laguna Fry Confluence - 45 Sump,2023,4,29,12,40,Agelaius tricolor,Courtship Song,38.92266846,39.86133194,94,8719,24000,present,https://rfcx-streams-production.s3.eu-west-1.amazonaws.com/2023/04/29/dtu1murbispj/e2a0272a-5bb6-4744-a874-7828ce51cd84.flac?X-Amz-Algorithm=AWS4-HMAC-SHA256&X-Amz-Content-Sha256=UNSIGNED-PAYLOAD&X-Amz-Credential=AKIA45B7YWBX5HAZMGOU%2F20260223%2Feu-west-1%2Fs3%2Faws4_request&X-Amz-Date=20260223T002439Z&X-Amz-Expires=604800&X-Amz-Signature=e11859df4a140b7ae69cab3bcf14c0ae21ca7380fba480c5a1af155c3fb6de21&X-Amz-SignedHeaders=host&response-content-disposition=attachment%3B%20filename%3De2a0272a-5bb6-4744-a874-7828ce51cd84.flac&x-id=GetObject,0.245282188,48459
LFC.Eam-2023-04-29_12-00.WAV,2023 Laguna Fry Confluence - 45 Sump,2023,4,29,13,0,Agelaius tricolor,Courtship Song,13.86666679,14.80533314,94,8719,24000,present,https://rfcx-streams-production.s3.eu-west-1.amazonaws.com/2023/04/29/dtu1murbispj/a4a54904-104e-444f-8287-0173c12ec1d8.flac?X-Amz-Algorithm=AWS4-HMAC-SHA256&X-Amz-Content-Sha256=UNSIGNED-PAYLOAD&X-Amz-Credential=AKIA45B7YWBX5HAZMGOU%2F20260223%2Feu-west-1%2Fs3%2Faws4_request&X-Amz-Date=20260223T002439Z&X-Amz-Expires=604800&X-Amz-Signature=bf78b09e601ad3461ffa87a32bf45abb6977f11f1cfc86beb3633e0b6219f13c&X-Amz-SignedHeaders=host&response-content-disposition=attachment%3B%20filename%3Da4a54904-104e-444f-8287-0173c12ec1d8.flac&x-id=GetObject,0.343310684,48459
LFC.Eam-2023-04-29_13-00.WAV,2023 Laguna Fry Confluence - 45 Sump,2023,4,29,14,0,Agelaius tricolor,Courtship Song,1.909333348,2.84800005,94,8719,24000,present,https://rfcx-streams-production.s3.eu-west-1.amazonaws.com/2023/04/29/dtu1murbispj/df945c65-44a4-4150-8122-046d367f7917.flac?X-Amz-Algorithm=AWS4-HMAC-SHA256&X-Amz-Content-Sha256=UNSIGNED-PAYLOAD&X-Amz-Credential=AKIA45B7YWBX5HAZMGOU%2F20260223%2Feu-west-1%2Fs3%2Faws4_request&X-Amz-Date=20260223T002439Z&X-Amz-Expires=604800&X-Amz-Signature=6b56fa6fd9e9d96a9237520571d3944f0f9c62396e5a562efdf5d648d1e0a2dd&X-Amz-SignedHeaders=host&response-content-disposition=attachment%3B%20filename%3Ddf945c65-44a4-4150-8122-046d367f7917.flac&x-id=GetObject,0.227707729,48459
LFC.Eam-2023-04-29_13-20.WAV,2023 Laguna Fry Confluence - 45 Sump,2023,4,29,14,20,Agelaius tricolor,Courtship Song,36.94933319,37.88800049,94,8719,24000,present,https://rfcx-streams-production.s3.eu-west-1.amazonaws.com/2023/04/29/dtu1murbispj/46eee982-760d-4683-954c-027e9e8269a8.flac?X-Amz-Algorithm=AWS4-HMAC-SHA256&X-Amz-Content-Sha256=UNSIGNED-PAYLOAD&X-Amz-Credential=AKIA45B7YWBX5HAZMGOU%2F20260223%2Feu-west-1%2Fs3%2Faws4_request&X-Amz-Date=20260223T002439Z&X-Amz-Expires=604800&X-Amz-Signature=27df2a67473f5acc34599da0cb96e9497a710db2dd86443dbcbeaf8ddcabe90e&X-Amz-SignedHeaders=host&response-content-disposition=attachment%3B%20filename%3D46eee982-760d-4683-954c-027e9e8269a8.flac&x-id=GetObject,0.200907215,48459
LFC.Eam-2023-04-29_13-40.WAV,2023 Laguna Fry Confluence - 45 Sump,2023,4,29,14,40,Agelaius tricolor,Courtship Song,13.94133377,14.88000011,94,8719,24000,present,https://rfcx-streams-production.s3.eu-west-1.amazonaws.com/2023/04/29/dtu1murbispj/a0e3a43a-9280-4062-a462-387c0b51fee7.flac?X-Amz-Algorithm=AWS4-HMAC-SHA256&X-Amz-Content-Sha256=UNSIGNED-PAYLOAD&X-Amz-Credential=AKIA45B7YWBX5HAZMGOU%2F20260223%2Feu-west-1%2Fs3%2Faws4_request&X-Amz-Date=20260223T002439Z&X-Amz-Expires=604800&X-Amz-Signature=bdfedd414ed4412751409690254952cabdc45654e8dcae7646ddde1aadb7f925&X-Amz-SignedHeaders=host&response-content-disposition=attachment%3B%20filename%3Da0e3a43a-9280-4062-a462-387c0b51fee7.flac&x-id=GetObject,0.247410938,48459
LFC.Eam-2023-04-29_14-00.WAV,2023 Laguna Fry Confluence - 45 Sump,2023,4,29,15,0,Agelaius tricolor,Courtship Song,2.736000061,3.674666643,94,8719,24000,present,https://rfcx-streams-production.s3.eu-west-1.amazonaws.com/2023/04/29/dtu1murbispj/d97858f8-df30-4217-8e90-345dc5a7bb30.flac?X-Amz-Algorithm=AWS4-HMAC-SHA256&X-Amz-Content-Sha256=UNSIGNED-PAYLOAD&X-Amz-Credential=AKIA45B7YWBX5HAZMGOU%2F20260223%2Feu-west-1%2Fs3%2Faws4_request&X-Amz-Date=20260223T002439Z&X-Amz-Expires=604800&X-Amz-Signature=0bbdd154c4e772c4c4525dacb0b4e3e96023583b20edd614a6611cab06750e6e&X-Amz-SignedHeaders=host&response-content-disposition=attachment%3B%20filename%3Dd97858f8-df30-4217-8e90-345dc5a7bb30.flac&x-id=GetObject,0.256422281,48459
LFC.Eam-2023-04-29_15-00.WAV,2023 Laguna Fry Confluence - 45 Sump,2023,4,29,16,0,Agelaius tricolor,Courtship Song,40.11733246,41.05599976,94,8719,24000,present,https://rfcx-streams-production.s3.eu-west-1.amazonaws.com/2023/04/29/dtu1murbispj/3054cc07-c5ef-43a0-adec-4b896afddd13.flac?X-Amz-Algorithm=AWS4-HMAC-SHA256&X-Amz-Content-Sha256=UNSIGNED-PAYLOAD&X-Amz-Credential=AKIA45B7YWBX5HAZMGOU%2F20260223%2Feu-west-1%2Fs3%2Faws4_request&X-Amz-Date=20260223T002439Z&X-Amz-Expires=604800&X-Amz-Signature=0e890ba0dcd6be65aa79a6c76b0f85cc8143b65b86abd3e8e0b9ee33c524eee5&X-Amz-SignedHeaders=host&response-content-disposition=attachment%3B%20filename%3D3054cc07-c5ef-43a0-adec-4b896afddd13.flac&x-id=GetObject,0.258094102,48459
LFC.Eam-2023-04-29_15-20.WAV,2023 Laguna Fry Confluence - 45 Sump,2023,4,29,16,20,Agelaius tricolor,Courtship Song,42.27199936,43.21066666,94,8719,24000,present,https://rfcx-streams-production.s3.eu-west-1.amazonaws.com/2023/04/29/dtu1murbispj/89aba6e2-6e14-4371-86d3-089f85bb30f1.flac?X-Amz-Algorithm=AWS4-HMAC-SHA256&X-Amz-Content-Sha256=UNSIGNED-PAYLOAD&X-Amz-Credential=AKIA45B7YWBX5HAZMGOU%2F20260223%2Feu-west-1%2Fs3%2Faws4_request&X-Amz-Date=20260223T002439Z&X-Amz-Expires=604800&X-Amz-Signature=0fbb4243112ef45cfa913afcdd6208c0b80aca97498ca8414ffcd4e26a1f911e&X-Amz-SignedHeaders=host&response-content-disposition=attachment%3B%20filename%3D89aba6e2-6e14-4371-86d3-089f85bb30f1.flac&x-id=GetObject,0.277194083,48459
LFC.Eam-2023-04-29_15-40.WAV,2023 Laguna Fry Confluence - 45 Sump,2023,4,29,16,40,Agelaius tricolor,Courtship Song,29.03466606,29.97333336,94,8719,24000,present,https://rfcx-streams-production.s3.eu-west-1.amazonaws.com/2023/04/29/dtu1murbispj/659f7629-c091-4428-b6ed-4e0c0aacb6df.flac?X-Amz-Algorithm=AWS4-HMAC-SHA256&X-Amz-Content-Sha256=UNSIGNED-PAYLOAD&X-Amz-Credential=AKIA45B7YWBX5HAZMGOU%2F20260223%2Feu-west-1%2Fs3%2Faws4_request&X-Amz-Date=20260223T002439Z&X-Amz-Expires=604800&X-Amz-Signature=6d5b45e534c3b50b95c651026119c8ceea7c559e50831f79762ecc0ef91b5a19&X-Amz-SignedHeaders=host&response-content-disposition=attachment%3B%20filename%3D659f7629-c091-4428-b6ed-4e0c0aacb6df.flac&x-id=GetObject,0.204930574,48459
LFC.Eam-2023-04-29_16-00.WAV,2023 Laguna Fry Confluence - 45 Sump,2023,4,29,17,0,Agelaius tricolor,Courtship Song,42.56000137,43.49866486,94,8719,24000,present,https://rfcx-streams-production.s3.eu-west-1.amazonaws.com/2023/04/30/dtu1murbispj/11ed6051-a45a-4ad7-972b-817d765a13b7.flac?X-Amz-Algorithm=AWS4-HMAC-SHA256&X-Amz-Content-Sha256=UNSIGNED-PAYLOAD&X-Amz-Credential=AKIA45B7YWBX5HAZMGOU%2F20260223%2Feu-west-1%2Fs3%2Faws4_request&X-Amz-Date=20260223T002439Z&X-Amz-Expires=604800&X-Amz-Signature=05c8c7b86151d1bfd6bae0d67b8ce0e49cfe3f2cdbad3470074af3b54900700f&X-Amz-SignedHeaders=host&response-content-disposition=attachment%3B%20filename%3D11ed6051-a45a-4ad7-972b-817d765a13b7.flac&x-id=GetObject,0.259649724,48459
LFC.Eam-2023-04-29_16-20.WAV,2023 Laguna Fry Confluence - 45 Sump,2023,4,29,17,20,Agelaius tricolor,Courtship Song,21.5359993,22.4746666,94,8719,24000,present,https://rfcx-streams-production.s3.eu-west-1.amazonaws.com/2023/04/30/dtu1murbispj/1eb18ecc-aadb-4350-be2a-7c6199ba0fec.flac?X-Amz-Algorithm=AWS4-HMAC-SHA256&X-Amz-Content-Sha256=UNSIGNED-PAYLOAD&X-Amz-Credential=AKIA45B7YWBX5HAZMGOU%2F20260223%2Feu-west-1%2Fs3%2Faws4_request&X-Amz-Date=20260223T002439Z&X-Amz-Expires=604800&X-Amz-Signature=8ea37ba8df1db72eb4c4ef12bf40da114d31e381a03b6ce3358079c6b4907af9&X-Amz-SignedHeaders=host&response-content-disposition=attachment%3B%20filename%3D1eb18ecc-aadb-4350-be2a-7c6199ba0fec.flac&x-id=GetObject,0.384778321,48459
LFC.Eam-2023-04-29_17-00.WAV,2023 Laguna Fry Confluence - 45 Sump,2023,4,29,18,0,Agelaius tricolor,Courtship Song,46.04266739,46.98133469,94,8719,24000,present,https://rfcx-streams-production.s3.eu-west-1.amazonaws.com/2023/04/30/dtu1murbispj/cabc3488-6718-4a9a-8a4d-5f4266c55e8a.flac?X-Amz-Algorithm=AWS4-HMAC-SHA256&X-Amz-Content-Sha256=UNSIGNED-PAYLOAD&X-Amz-Credential=AKIA45B7YWBX5HAZMGOU%2F20260223%2Feu-west-1%2Fs3%2Faws4_request&X-Amz-Date=20260223T002439Z&X-Amz-Expires=604800&X-Amz-Signature=0da33f28739fbb1d6020058e5f13eb085df7416d8a05651f0837b9d40eb95eac&X-Amz-SignedHeaders=host&response-content-disposition=attachment%3B%20filename%3Dcabc3488-6718-4a9a-8a4d-5f4266c55e8a.flac&x-id=GetObject,0.317111522,48459
LFC.Eam-2023-04-29_17-20.WAV,2023 Laguna Fry Confluence - 45 Sump,2023,4,29,18,20,Agelaius tricolor,Courtship Song,15.5253334,16.4640007,94,8719,24000,present,https://rfcx-streams-production.s3.eu-west-1.amazonaws.com/2023/04/30/dtu1murbispj/83bf6909-d267-4655-9ef0-740259605061.flac?X-Amz-Algorithm=AWS4-HMAC-SHA256&X-Amz-Content-Sha256=UNSIGNED-PAYLOAD&X-Amz-Credential=AKIA45B7YWBX5HAZMGOU%2F20260223%2Feu-west-1%2Fs3%2Faws4_request&X-Amz-Date=20260223T002439Z&X-Amz-Expires=604800&X-Amz-Signature=58dc4ef677a914a31235e22ad7fbe698c68a8babcb863cca3b39aaafdede8ac8&X-Amz-SignedHeaders=host&response-content-disposition=attachment%3B%20filename%3D83bf6909-d267-4655-9ef0-740259605061.flac&x-id=GetObject,0.269679397,48459
LFC.Eam-2023-04-29_18-00.WAV,2023 Laguna Fry Confluence - 45 Sump,2023,4,29,19,0,Agelaius tricolor,Courtship Song,12.16533375,13.10400009,94,8719,24000,present,https://rfcx-streams-production.s3.eu-west-1.amazonaws.com/2023/04/30/dtu1murbispj/0a66d2b6-e948-4747-866e-f9e35785ab2e.flac?X-Amz-Algorithm=AWS4-HMAC-SHA256&X-Amz-Content-Sha256=UNSIGNED-PAYLOAD&X-Amz-Credential=AKIA45B7YWBX5HAZMGOU%2F20260223%2Feu-west-1%2Fs3%2Faws4_request&X-Amz-Date=20260223T002439Z&X-Amz-Expires=604800&X-Amz-Signature=377e719567759ab5cda5200b050fd02841cb387d26a3d9c26f7c0c77dfc97a34&X-Amz-SignedHeaders=host&response-content-disposition=attachment%3B%20filename%3D0a66d2b6-e948-4747-866e-f9e35785ab2e.flac&x-id=GetObject,0.355514199,48459
LFC.Eam-2023-04-29_18-20.WAV,2023 Laguna Fry Confluence - 45 Sump,2023,4,29,19,20,Agelaius tricolor,Courtship Song,2.917333364,3.855999947,94,8719,24000,present,https://rfcx-streams-production.s3.eu-west-1.amazonaws.com/2023/04/30/dtu1murbispj/dad92fda-dff7-481f-bc86-6997ad8c688b.flac?X-Amz-Algorithm=AWS4-HMAC-SHA256&X-Amz-Content-Sha256=UNSIGNED-PAYLOAD&X-Amz-Credential=AKIA45B7YWBX5HAZMGOU%2F20260223%2Feu-west-1%2Fs3%2Faws4_request&X-Amz-Date=20260223T002439Z&X-Amz-Expires=604800&X-Amz-Signature=fda8c4df5734f932d8eb55821330a04cd753e816068b631fe238345255e68479&X-Amz-SignedHeaders=host&response-content-disposition=attachment%3B%20filename%3Ddad92fda-dff7-481f-bc86-6997ad8c688b.flac&x-id=GetObject,0.299800545,48459
LFC.Eam-2023-04-29_18-40.WAV,2023 Laguna Fry Confluence - 45 Sump,2023,4,29,19,40,Agelaius tricolor,Courtship Song,23.96266747,24.90133286,94,8719,24000,present,https://rfcx-streams-production.s3.eu-west-1.amazonaws.com/2023/04/30/dtu1murbispj/16c4cc9c-7941-4360-abd3-728699b62d2c.flac?X-Amz-Algorithm=AWS4-HMAC-SHA256&X-Amz-Content-Sha256=UNSIGNED-PAYLOAD&X-Amz-Credential=AKIA45B7YWBX5HAZMGOU%2F20260223%2Feu-west-1%2Fs3%2Faws4_request&X-Amz-Date=20260223T002439Z&X-Amz-Expires=604800&X-Amz-Signature=e64116e57ecc92cb718e4b0b96e009000f5869f6f0e03a8aa255b61b365559d3&X-Amz-SignedHeaders=host&response-content-disposition=attachment%3B%20filename%3D16c4cc9c-7941-4360-abd3-728699b62d2c.flac&x-id=GetObject,0.276468813,48459
LFC.Eam-2023-04-29_19-00.WAV,2023 Laguna Fry Confluence - 45 Sump,2023,4,29,20,0,Agelaius tricolor,Courtship Song,22.13333321,23.0720005,94,8719,24000,present,https://rfcx-streams-production.s3.eu-west-1.amazonaws.com/2023/04/30/dtu1murbispj/bc929572-0e00-403a-bcc6-7eab14557775.flac?X-Amz-Algorithm=AWS4-HMAC-SHA256&X-Amz-Content-Sha256=UNSIGNED-PAYLOAD&X-Amz-Credential=AKIA45B7YWBX5HAZMGOU%2F20260223%2Feu-west-1%2Fs3%2Faws4_request&X-Amz-Date=20260223T002439Z&X-Amz-Expires=604800&X-Amz-Signature=023e737bb965ac3747ae6d092b111a558166f693fd4a56d5d900e8b7519cb039&X-Amz-SignedHeaders=host&response-content-disposition=attachment%3B%20filename%3Dbc929572-0e00-403a-bcc6-7eab14557775.flac&x-id=GetObject,0.291954219,48459
LFC.Eam-2023-04-29_19-40.WAV,2023 Laguna Fry Confluence - 45 Sump,2023,4,29,20,40,Agelaius tricolor,Courtship Song,59.02399826,59.96266556,94,8719,24000,present,https://rfcx-streams-production.s3.eu-west-1.amazonaws.com/2023/04/30/dtu1murbispj/195ac819-aa55-40ab-b156-54ddcf058ea1.flac?X-Amz-Algorithm=AWS4-HMAC-SHA256&X-Amz-Content-Sha256=UNSIGNED-PAYLOAD&X-Amz-Credential=AKIA45B7YWBX5HAZMGOU%2F20260223%2Feu-west-1%2Fs3%2Faws4_request&X-Amz-Date=20260223T002439Z&X-Amz-Expires=604800&X-Amz-Signature=b64f313e9857ac17d652d0781f7574c2e03b4d6064e1dbad9f3c727346d40391&X-Amz-SignedHeaders=host&response-content-disposition=attachment%3B%20filename%3D195ac819-aa55-40ab-b156-54ddcf058ea1.flac&x-id=GetObject,0.331690937,48459
LFC.Eam-2023-04-29_20-00.WAV,2023 Laguna Fry Confluence - 45 Sump,2023,4,29,21,0,Agelaius tricolor,Courtship Song,3.007999897,3.946666718,94,8719,24000,present,https://rfcx-streams-production.s3.eu-west-1.amazonaws.com/2023/04/30/dtu1murbispj/e49e5586-d14a-4c8f-bc4f-19640d38147b.flac?X-Amz-Algorithm=AWS4-HMAC-SHA256&X-Amz-Content-Sha256=UNSIGNED-PAYLOAD&X-Amz-Credential=AKIA45B7YWBX5HAZMGOU%2F20260223%2Feu-west-1%2Fs3%2Faws4_request&X-Amz-Date=20260223T002439Z&X-Amz-Expires=604800&X-Amz-Signature=9eb030cacbbdb26bbd166976220fc9a8cb193d879910b624ba31d6860a152177&X-Amz-SignedHeaders=host&response-content-disposition=attachment%3B%20filename%3De49e5586-d14a-4c8f-bc4f-19640d38147b.flac&x-id=GetObject,0.265942603,48459
LFC.Eam-2023-04-29_20-20.WAV,2023 Laguna Fry Confluence - 45 Sump,2023,4,29,21,20,Agelaius tricolor,Courtship Song,6.831999779,7.770666599,94,8719,24000,present,https://rfcx-streams-production.s3.eu-west-1.amazonaws.com/2023/04/30/dtu1murbispj/fa3761cc-554c-473e-94ff-3f9cab108a88.flac?X-Amz-Algorithm=AWS4-HMAC-SHA256&X-Amz-Content-Sha256=UNSIGNED-PAYLOAD&X-Amz-Credential=AKIA45B7YWBX5HAZMGOU%2F20260223%2Feu-west-1%2Fs3%2Faws4_request&X-Amz-Date=20260223T002439Z&X-Amz-Expires=604800&X-Amz-Signature=4e933064b37ee621c506311210907df58484e57457df5c399564108459943eff&X-Amz-SignedHeaders=host&response-content-disposition=attachment%3B%20filename%3Dfa3761cc-554c-473e-94ff-3f9cab108a88.flac&x-id=GetObject,0.237483144,48459
LFC.Eam-2023-04-30_05-40.WAV,2023 Laguna Fry Confluence - 45 Sump,2023,4,30,6,40,Agelaius tricolor,Courtship Song,8.08533287,9.024000168,94,8719,24000,present,https://rfcx-streams-production.s3.eu-west-1.amazonaws.com/2023/04/30/dtu1murbispj/a18b5c6b-63d7-44c1-b85d-ec0feb1fdb17.flac?X-Amz-Algorithm=AWS4-HMAC-SHA256&X-Amz-Content-Sha256=UNSIGNED-PAYLOAD&X-Amz-Credential=AKIA45B7YWBX5HAZMGOU%2F20260223%2Feu-west-1%2Fs3%2Faws4_request&X-Amz-Date=20260223T002439Z&X-Amz-Expires=604800&X-Amz-Signature=1b5fb8b9314999c94dfb4ca0dbb7354cb9fe78e231bab7bedb86dcff5597789b&X-Amz-SignedHeaders=host&response-content-disposition=attachment%3B%20filename%3Da18b5c6b-63d7-44c1-b85d-ec0feb1fdb17.flac&x-id=GetObject,0.323014468,48459
LFC.Eam-2023-04-30_06-00.WAV,2023 Laguna Fry Confluence - 45 Sump,2023,4,30,7,0,Agelaius tricolor,Courtship Song,30.87466621,31.81333351,94,8719,24000,present,https://rfcx-streams-production.s3.eu-west-1.amazonaws.com/2023/04/30/dtu1murbispj/54e9514d-c757-4bd6-a5c7-67463ae29333.flac?X-Amz-Algorithm=AWS4-HMAC-SHA256&X-Amz-Content-Sha256=UNSIGNED-PAYLOAD&X-Amz-Credential=AKIA45B7YWBX5HAZMGOU%2F20260223%2Feu-west-1%2Fs3%2Faws4_request&X-Amz-Date=20260223T002439Z&X-Amz-Expires=604800&X-Amz-Signature=92978f7d211fc9f2e7b27981dfcc98312fd12ed6f8f01d0dc0276b4cfd4fbe25&X-Amz-SignedHeaders=host&response-content-disposition=attachment%3B%20filename%3D54e9514d-c757-4bd6-a5c7-67463ae29333.flac&x-id=GetObject,0.265911341,48459
LFC.Eam-2023-04-30_06-20.WAV,2023 Laguna Fry Confluence - 45 Sump,2023,4,30,7,20,Agelaius tricolor,Courtship Song,23.06666756,24.00533295,94,8719,24000,present,https://rfcx-streams-production.s3.eu-west-1.amazonaws.com/2023/04/30/dtu1murbispj/7607ea17-87f3-44ee-900d-ae3210ecd3cf.flac?X-Amz-Algorithm=AWS4-HMAC-SHA256&X-Amz-Content-Sha256=UNSIGNED-PAYLOAD&X-Amz-Credential=AKIA45B7YWBX5HAZMGOU%2F20260223%2Feu-west-1%2Fs3%2Faws4_request&X-Amz-Date=20260223T002439Z&X-Amz-Expires=604800&X-Amz-Signature=8caf9446a0c2ba3f98b08f5c0ce88c6f008d70f52f748983cb9a07991ea0d904&X-Amz-SignedHeaders=host&response-content-disposition=attachment%3B%20filename%3D7607ea17-87f3-44ee-900d-ae3210ecd3cf.flac&x-id=GetObject,0.368549317,48459
LFC.Eam-2023-04-30_06-40.WAV,2023 Laguna Fry Confluence - 45 Sump,2023,4,30,7,40,Agelaius tricolor,Courtship Song,21.00266647,21.94133377,94,8719,24000,present,https://rfcx-streams-production.s3.eu-west-1.amazonaws.com/2023/04/30/dtu1murbispj/35c76992-389a-4a54-b9ff-bd60d3544c75.flac?X-Amz-Algorithm=AWS4-HMAC-SHA256&X-Amz-Content-Sha256=UNSIGNED-PAYLOAD&X-Amz-Credential=AKIA45B7YWBX5HAZMGOU%2F20260223%2Feu-west-1%2Fs3%2Faws4_request&X-Amz-Date=20260223T002439Z&X-Amz-Expires=604800&X-Amz-Signature=343790912634e5b69ae85aa554ec5ea5bb021335827a7a393d1b56a54053b6af&X-Amz-SignedHeaders=host&response-content-disposition=attachment%3B%20filename%3D35c76992-389a-4a54-b9ff-bd60d3544c75.flac&x-id=GetObject,0.218771338,48459
LFC.Eam-2023-04-30_07-40.WAV,2023 Laguna Fry Confluence - 45 Sump,2023,4,30,8,40,Agelaius tricolor,Courtship Song,54.73066711,55.66933441,94,8719,24000,present,https://rfcx-streams-production.s3.eu-west-1.amazonaws.com/2023/04/30/dtu1murbispj/1606e05a-0454-4b6b-a9fa-c4911db387ce.flac?X-Amz-Algorithm=AWS4-HMAC-SHA256&X-Amz-Content-Sha256=UNSIGNED-PAYLOAD&X-Amz-Credential=AKIA45B7YWBX5HAZMGOU%2F20260223%2Feu-west-1%2Fs3%2Faws4_request&X-Amz-Date=20260223T002439Z&X-Amz-Expires=604800&X-Amz-Signature=a1d854aad363e5ce8750404aa5d83cffbe33bad2d30eebdff3698be5ca51ff01&X-Amz-SignedHeaders=host&response-content-disposition=attachment%3B%20filename%3D1606e05a-0454-4b6b-a9fa-c4911db387ce.flac&x-id=GetObject,0.437722266,48459
LFC.Eam-2023-04-30_08-00.WAV,2023 Laguna Fry Confluence - 45 Sump,2023,4,30,9,0,Agelaius tricolor,Courtship Song,31.63733292,32.57600021,94,8719,24000,present,https://rfcx-streams-production.s3.eu-west-1.amazonaws.com/2023/04/30/dtu1murbispj/c77d9e07-64eb-4380-9a6d-d2369a85e674.flac?X-Amz-Algorithm=AWS4-HMAC-SHA256&X-Amz-Content-Sha256=UNSIGNED-PAYLOAD&X-Amz-Credential=AKIA45B7YWBX5HAZMGOU%2F20260223%2Feu-west-1%2Fs3%2Faws4_request&X-Amz-Date=20260223T002439Z&X-Amz-Expires=604800&X-Amz-Signature=46304e236932fe21e207a13f48d406414cb2b36f5ab49c76d5cf9d8f4b939560&X-Amz-SignedHeaders=host&response-content-disposition=attachment%3B%20filename%3Dc77d9e07-64eb-4380-9a6d-d2369a85e674.flac&x-id=GetObject,0.390153259,48459
LFC.Eam-2023-04-30_08-40.WAV,2023 Laguna Fry Confluence - 45 Sump,2023,4,30,9,40,Agelaius tricolor,Courtship Song,20.34666634,21.28533363,94,8719,24000,present,https://rfcx-streams-production.s3.eu-west-1.amazonaws.com/2023/04/30/dtu1murbispj/74932fc2-9d29-484f-beda-d3649d3a98c2.flac?X-Amz-Algorithm=AWS4-HMAC-SHA256&X-Amz-Content-Sha256=UNSIGNED-PAYLOAD&X-Amz-Credential=AKIA45B7YWBX5HAZMGOU%2F20260223%2Feu-west-1%2Fs3%2Faws4_request&X-Amz-Date=20260223T002439Z&X-Amz-Expires=604800&X-Amz-Signature=c3f9cfade7964a0bb0611af765466c0c2c27f7af5c4f1dcee78778732126239b&X-Amz-SignedHeaders=host&response-content-disposition=attachment%3B%20filename%3D74932fc2-9d29-484f-beda-d3649d3a98c2.flac&x-id=GetObject,0.348785073,48459
LFC.Eam-2023-04-30_09-00.WAV,2023 Laguna Fry Confluence - 45 Sump,2023,4,30,10,0,Agelaius tricolor,Courtship Song,53.3813324,54.31999969,94,8719,24000,present,https://rfcx-streams-production.s3.eu-west-1.amazonaws.com/2023/04/30/dtu1murbispj/4e0ae3c6-7163-43c3-91d3-d191984901c6.flac?X-Amz-Algorithm=AWS4-HMAC-SHA256&X-Amz-Content-Sha256=UNSIGNED-PAYLOAD&X-Amz-Credential=AKIA45B7YWBX5HAZMGOU%2F20260223%2Feu-west-1%2Fs3%2Faws4_request&X-Amz-Date=20260223T002439Z&X-Amz-Expires=604800&X-Amz-Signature=420b9bd28e5467ecef2ae093c35eef862a555bc6bf1d92f278913a3be79458ec&X-Amz-SignedHeaders=host&response-content-disposition=attachment%3B%20filename%3D4e0ae3c6-7163-43c3-91d3-d191984901c6.flac&x-id=GetObject,0.4528521,48459
LFC.Eam-2023-04-30_10-00.WAV,2023 Laguna Fry Confluence - 45 Sump,2023,4,30,11,0,Agelaius tricolor,Courtship Song,49.46133423,50.40000153,94,8719,24000,present,https://rfcx-streams-production.s3.eu-west-1.amazonaws.com/2023/04/30/dtu1murbispj/10d88581-989a-45a2-ade0-b73ee6e6f2d4.flac?X-Amz-Algorithm=AWS4-HMAC-SHA256&X-Amz-Content-Sha256=UNSIGNED-PAYLOAD&X-Amz-Credential=AKIA45B7YWBX5HAZMGOU%2F20260223%2Feu-west-1%2Fs3%2Faws4_request&X-Amz-Date=20260223T002439Z&X-Amz-Expires=604800&X-Amz-Signature=d3413edbf3ae2ba2d04a44ce23dd058a542edf7d94033fd9b4eea05fb604b2d3&X-Amz-SignedHeaders=host&response-content-disposition=attachment%3B%20filename%3D10d88581-989a-45a2-ade0-b73ee6e6f2d4.flac&x-id=GetObject,0.242939442,48459
LFC.Eam-2023-04-30_10-20.WAV,2023 Laguna Fry Confluence - 45 Sump,2023,4,30,11,20,Agelaius tricolor,Courtship Song,3.119999886,4.058666706,94,8719,24000,present,https://rfcx-streams-production.s3.eu-west-1.amazonaws.com/2023/04/30/dtu1murbispj/cc5c6b67-3284-4d31-af24-acb2305b68a3.flac?X-Amz-Algorithm=AWS4-HMAC-SHA256&X-Amz-Content-Sha256=UNSIGNED-PAYLOAD&X-Amz-Credential=AKIA45B7YWBX5HAZMGOU%2F20260223%2Feu-west-1%2Fs3%2Faws4_request&X-Amz-Date=20260223T002439Z&X-Amz-Expires=604800&X-Amz-Signature=bfaedaf83c3670ced021ccd03a878c1eac2f35c5faeb5a3b5c0470a42984618c&X-Amz-SignedHeaders=host&response-content-disposition=attachment%3B%20filename%3Dcc5c6b67-3284-4d31-af24-acb2305b68a3.flac&x-id=GetObject,0.36891529,48459
LFC.Eam-2023-04-30_10-40.WAV,2023 Laguna Fry Confluence - 45 Sump,2023,4,30,11,40,Agelaius tricolor,Courtship Song,29.13066673,30.06933403,94,8719,24000,present,https://rfcx-streams-production.s3.eu-west-1.amazonaws.com/2023/04/30/dtu1murbispj/eeebc93f-c5b1-4aec-97ed-3db37b6b2b94.flac?X-Amz-Algorithm=AWS4-HMAC-SHA256&X-Amz-Content-Sha256=UNSIGNED-PAYLOAD&X-Amz-Credential=AKIA45B7YWBX5HAZMGOU%2F20260223%2Feu-west-1%2Fs3%2Faws4_request&X-Amz-Date=20260223T002439Z&X-Amz-Expires=604800&X-Amz-Signature=eb5634966b230b7d22a37fd53d9190d81aa7a442d20b9330cc77628d1b4c83ce&X-Amz-SignedHeaders=host&response-content-disposition=attachment%3B%20filename%3Deeebc93f-c5b1-4aec-97ed-3db37b6b2b94.flac&x-id=GetObject,0.319427431,48459
LFC.Eam-2023-04-30_11-00.WAV,2023 Laguna Fry Confluence - 45 Sump,2023,4,30,12,0,Agelaius tricolor,Courtship Song,14.57600021,15.51466656,94,8719,24000,present,https://rfcx-streams-production.s3.eu-west-1.amazonaws.com/2023/04/30/dtu1murbispj/bda9d01b-8c8a-41b3-a7a7-32bdaba9f447.flac?X-Amz-Algorithm=AWS4-HMAC-SHA256&X-Amz-Content-Sha256=UNSIGNED-PAYLOAD&X-Amz-Credential=AKIA45B7YWBX5HAZMGOU%2F20260223%2Feu-west-1%2Fs3%2Faws4_request&X-Amz-Date=20260223T002439Z&X-Amz-Expires=604800&X-Amz-Signature=d1283e584684a9a1377254031a672eb7bd1d4e001dfef97f4fbdbf5987c57e4a&X-Amz-SignedHeaders=host&response-content-disposition=attachment%3B%20filename%3Dbda9d01b-8c8a-41b3-a7a7-32bdaba9f447.flac&x-id=GetObject,0.295613527,48459
LFC.Eam-2023-04-30_11-20.WAV,2023 Laguna Fry Confluence - 45 Sump,2023,4,30,12,20,Agelaius tricolor,Courtship Song,45.95199966,46.89066696,94,8719,24000,present,https://rfcx-streams-production.s3.eu-west-1.amazonaws.com/2023/04/30/dtu1murbispj/85d04387-8679-422b-ac95-c7dc3885fcb8.flac?X-Amz-Algorithm=AWS4-HMAC-SHA256&X-Amz-Content-Sha256=UNSIGNED-PAYLOAD&X-Amz-Credential=AKIA45B7YWBX5HAZMGOU%2F20260223%2Feu-west-1%2Fs3%2Faws4_request&X-Amz-Date=20260223T002439Z&X-Amz-Expires=604800&X-Amz-Signature=53f522846ce2fde2782371a9c81b9c752602d375861f4474d7377ce6e0bfb12d&X-Amz-SignedHeaders=host&response-content-disposition=attachment%3B%20filename%3D85d04387-8679-422b-ac95-c7dc3885fcb8.flac&x-id=GetObject,0.403120756,48459
LFC.Eam-2023-04-30_13-00.WAV,2023 Laguna Fry Confluence - 45 Sump,2023,4,30,14,0,Agelaius tricolor,Courtship Song,29.54133415,30.47999954,94,8719,24000,present,https://rfcx-streams-production.s3.eu-west-1.amazonaws.com/2023/04/30/dtu1murbispj/e371236c-e01c-49b7-9844-53bf18d907c1.flac?X-Amz-Algorithm=AWS4-HMAC-SHA256&X-Amz-Content-Sha256=UNSIGNED-PAYLOAD&X-Amz-Credential=AKIA45B7YWBX5HAZMGOU%2F20260223%2Feu-west-1%2Fs3%2Faws4_request&X-Amz-Date=20260223T002439Z&X-Amz-Expires=604800&X-Amz-Signature=9ddf4f4d3e6d24920bdf6ca3a437a071ad196ffc5628134cc71d226ee16aa734&X-Amz-SignedHeaders=host&response-content-disposition=attachment%3B%20filename%3De371236c-e01c-49b7-9844-53bf18d907c1.flac&x-id=GetObject,0.255123287,48459
LFC.Eam-2023-04-30_13-20.WAV,2023 Laguna Fry Confluence - 45 Sump,2023,4,30,14,20,Agelaius tricolor,Courtship Song,10.41066647,11.34933376,94,8719,24000,present,https://rfcx-streams-production.s3.eu-west-1.amazonaws.com/2023/04/30/dtu1murbispj/ae8d322d-c061-4ca0-b1b6-4360c5de4544.flac?X-Amz-Algorithm=AWS4-HMAC-SHA256&X-Amz-Content-Sha256=UNSIGNED-PAYLOAD&X-Amz-Credential=AKIA45B7YWBX5HAZMGOU%2F20260223%2Feu-west-1%2Fs3%2Faws4_request&X-Amz-Date=20260223T002439Z&X-Amz-Expires=604800&X-Amz-Signature=1942cfa4fbc6db06d6d1d3da6558e7d59ff6878a2b2317d1e48be260f2d9be6e&X-Amz-SignedHeaders=host&response-content-disposition=attachment%3B%20filename%3Dae8d322d-c061-4ca0-b1b6-4360c5de4544.flac&x-id=GetObject,0.264310688,48459
LFC.Eam-2023-04-30_14-00.WAV,2023 Laguna Fry Confluence - 45 Sump,2023,4,30,15,0,Agelaius tricolor,Courtship Song,25.76000023,26.69866753,94,8719,24000,present,https://rfcx-streams-production.s3.eu-west-1.amazonaws.com/2023/04/30/dtu1murbispj/f95719fd-6aaa-436e-a149-9c5ef6d518de.flac?X-Amz-Algorithm=AWS4-HMAC-SHA256&X-Amz-Content-Sha256=UNSIGNED-PAYLOAD&X-Amz-Credential=AKIA45B7YWBX5HAZMGOU%2F20260223%2Feu-west-1%2Fs3%2Faws4_request&X-Amz-Date=20260223T002439Z&X-Amz-Expires=604800&X-Amz-Signature=c79fb5b20fb1e6acd773c815d2827b8219879b1cd21ceef240c61bb8f750cff1&X-Amz-SignedHeaders=host&response-content-disposition=attachment%3B%20filename%3Df95719fd-6aaa-436e-a149-9c5ef6d518de.flac&x-id=GetObject,0.322479784,48459
LFC.Eam-2023-04-30_14-20.WAV,2023 Laguna Fry Confluence - 45 Sump,2023,4,30,15,20,Agelaius tricolor,Courtship Song,52.70399857,53.64266586,94,8719,24000,present,https://rfcx-streams-production.s3.eu-west-1.amazonaws.com/2023/04/30/dtu1murbispj/bcdf8ee2-02ce-4d28-933e-e9509fe0efb4.flac?X-Amz-Algorithm=AWS4-HMAC-SHA256&X-Amz-Content-Sha256=UNSIGNED-PAYLOAD&X-Amz-Credential=AKIA45B7YWBX5HAZMGOU%2F20260223%2Feu-west-1%2Fs3%2Faws4_request&X-Amz-Date=20260223T002439Z&X-Amz-Expires=604800&X-Amz-Signature=c87e2f430deeadc42f731992e00b4142ab2bdd222f2d62032a9d7149c0c50944&X-Amz-SignedHeaders=host&response-content-disposition=attachment%3B%20filename%3Dbcdf8ee2-02ce-4d28-933e-e9509fe0efb4.flac&x-id=GetObject,0.203025803,48459
LFC.Eam-2023-04-30_14-40.WAV,2023 Laguna Fry Confluence - 45 Sump,2023,4,30,15,40,Agelaius tricolor,Courtship Song,21.30666733,22.24533272,94,8719,24000,present,https://rfcx-streams-production.s3.eu-west-1.amazonaws.com/2023/04/30/dtu1murbispj/6add325b-42ca-42a6-8e42-0d7340f38eb4.flac?X-Amz-Algorithm=AWS4-HMAC-SHA256&X-Amz-Content-Sha256=UNSIGNED-PAYLOAD&X-Amz-Credential=AKIA45B7YWBX5HAZMGOU%2F20260223%2Feu-west-1%2Fs3%2Faws4_request&X-Amz-Date=20260223T002439Z&X-Amz-Expires=604800&X-Amz-Signature=c3e0a12d26e4e2ec0a7dbd7d2372bce9a39280b79a763bb548654b02b7a5fe86&X-Amz-SignedHeaders=host&response-content-disposition=attachment%3B%20filename%3D6add325b-42ca-42a6-8e42-0d7340f38eb4.flac&x-id=GetObject,0.300730944,48459
LFC.Eam-2023-04-30_15-00.WAV,2023 Laguna Fry Confluence - 45 Sump,2023,4,30,16,0,Agelaius tricolor,Courtship Song,14.42666626,15.36533356,94,8719,24000,present,https://rfcx-streams-production.s3.eu-west-1.amazonaws.com/2023/04/30/dtu1murbispj/10a81f12-33a1-418a-a80b-b8f0aadc06ef.flac?X-Amz-Algorithm=AWS4-HMAC-SHA256&X-Amz-Content-Sha256=UNSIGNED-PAYLOAD&X-Amz-Credential=AKIA45B7YWBX5HAZMGOU%2F20260223%2Feu-west-1%2Fs3%2Faws4_request&X-Amz-Date=20260223T002439Z&X-Amz-Expires=604800&X-Amz-Signature=dd7f87e44da5f7f0396a8ca87d0e3e6c23f357ea16da93cca057cd489e5e63e1&X-Amz-SignedHeaders=host&response-content-disposition=attachment%3B%20filename%3D10a81f12-33a1-418a-a80b-b8f0aadc06ef.flac&x-id=GetObject,0.230715796,48459
LFC.Eam-2023-04-30_15-20.WAV,2023 Laguna Fry Confluence - 45 Sump,2023,4,30,16,20,Agelaius tricolor,Courtship Song,35.78133392,36.72000122,94,8719,24000,present,https://rfcx-streams-production.s3.eu-west-1.amazonaws.com/2023/04/30/dtu1murbispj/f33d691c-5b1a-415b-bbd1-3dccfdca11b6.flac?X-Amz-Algorithm=AWS4-HMAC-SHA256&X-Amz-Content-Sha256=UNSIGNED-PAYLOAD&X-Amz-Credential=AKIA45B7YWBX5HAZMGOU%2F20260223%2Feu-west-1%2Fs3%2Faws4_request&X-Amz-Date=20260223T002439Z&X-Amz-Expires=604800&X-Amz-Signature=4c57d3825e969580739d621d6a39b644dbff8c8a873588da7a1842619b451f70&X-Amz-SignedHeaders=host&response-content-disposition=attachment%3B%20filename%3Df33d691c-5b1a-415b-bbd1-3dccfdca11b6.flac&x-id=GetObject,0.253757954,48459
LFC.Eam-2023-04-30_15-40.WAV,2023 Laguna Fry Confluence - 45 Sump,2023,4,30,16,40,Agelaius tricolor,Courtship Song,6.565333366,7.504000187,94,8719,24000,present,https://rfcx-streams-production.s3.eu-west-1.amazonaws.com/2023/04/30/dtu1murbispj/8e0f6784-89c5-42b4-aaba-ab4fe4b4d34e.flac?X-Amz-Algorithm=AWS4-HMAC-SHA256&X-Amz-Content-Sha256=UNSIGNED-PAYLOAD&X-Amz-Credential=AKIA45B7YWBX5HAZMGOU%2F20260223%2Feu-west-1%2Fs3%2Faws4_request&X-Amz-Date=20260223T002439Z&X-Amz-Expires=604800&X-Amz-Signature=75c83cfc054f8761ff2c76cdcb017945eca575e4e24a46ffb391814d15d6a615&X-Amz-SignedHeaders=host&response-content-disposition=attachment%3B%20filename%3D8e0f6784-89c5-42b4-aaba-ab4fe4b4d34e.flac&x-id=GetObject,0.264940053,48459
LFC.Eam-2023-04-30_16-00.WAV,2023 Laguna Fry Confluence - 45 Sump,2023,4,30,17,0,Agelaius tricolor,Courtship Song,57.75466537,58.69333267,94,8719,24000,present,https://rfcx-streams-production.s3.eu-west-1.amazonaws.com/2023/05/01/dtu1murbispj/65e48c05-f88b-4af9-9b20-3737820fb831.flac?X-Amz-Algorithm=AWS4-HMAC-SHA256&X-Amz-Content-Sha256=UNSIGNED-PAYLOAD&X-Amz-Credential=AKIA45B7YWBX5HAZMGOU%2F20260223%2Feu-west-1%2Fs3%2Faws4_request&X-Amz-Date=20260223T002439Z&X-Amz-Expires=604800&X-Amz-Signature=63cba9d20bb7d03510ec5c937634a3887b88542ddf31523261e075ef3c8a8a63&X-Amz-SignedHeaders=host&response-content-disposition=attachment%3B%20filename%3D65e48c05-f88b-4af9-9b20-3737820fb831.flac&x-id=GetObject,0.249926671,48459
LFC.Eam-2023-04-30_16-40.WAV,2023 Laguna Fry Confluence - 45 Sump,2023,4,30,17,40,Agelaius tricolor,Courtship Song,56.49066544,57.42933273,94,8719,24000,present,https://rfcx-streams-production.s3.eu-west-1.amazonaws.com/2023/05/01/dtu1murbispj/350d073f-1fe5-4183-a461-eff0e44af9d0.flac?X-Amz-Algorithm=AWS4-HMAC-SHA256&X-Amz-Content-Sha256=UNSIGNED-PAYLOAD&X-Amz-Credential=AKIA45B7YWBX5HAZMGOU%2F20260223%2Feu-west-1%2Fs3%2Faws4_request&X-Amz-Date=20260223T002439Z&X-Amz-Expires=604800&X-Amz-Signature=e57b53fc6aee2b0113c83501a94818eca7e38acb1b9147b41d27e9571725d0c6&X-Amz-SignedHeaders=host&response-content-disposition=attachment%3B%20filename%3D350d073f-1fe5-4183-a461-eff0e44af9d0.flac&x-id=GetObject,0.343700707,48459
LFC.Eam-2023-04-30_17-20.WAV,2023 Laguna Fry Confluence - 45 Sump,2023,4,30,18,20,Agelaius tricolor,Courtship Song,4.714666843,5.653333187,94,8719,24000,present,https://rfcx-streams-production.s3.eu-west-1.amazonaws.com/2023/05/01/dtu1murbispj/888ffd3f-6788-4843-bcd3-d76d522e1dfc.flac?X-Amz-Algorithm=AWS4-HMAC-SHA256&X-Amz-Content-Sha256=UNSIGNED-PAYLOAD&X-Amz-Credential=AKIA45B7YWBX5HAZMGOU%2F20260223%2Feu-west-1%2Fs3%2Faws4_request&X-Amz-Date=20260223T002439Z&X-Amz-Expires=604800&X-Amz-Signature=48fee1bc16be858d3604a2c4b6084ceecfcb67dc33d8f16f0efae0585eb1f78e&X-Amz-SignedHeaders=host&response-content-disposition=attachment%3B%20filename%3D888ffd3f-6788-4843-bcd3-d76d522e1dfc.flac&x-id=GetObject,0.219315514,48459
LFC.Eam-2023-04-30_17-40.WAV,2023 Laguna Fry Confluence - 45 Sump,2023,4,30,18,40,Agelaius tricolor,Courtship Song,27.56800079,28.50666618,94,8719,24000,present,https://rfcx-streams-production.s3.eu-west-1.amazonaws.com/2023/05/01/dtu1murbispj/2272b13d-fd6e-4702-9b6a-665e3e356b7a.flac?X-Amz-Algorithm=AWS4-HMAC-SHA256&X-Amz-Content-Sha256=UNSIGNED-PAYLOAD&X-Amz-Credential=AKIA45B7YWBX5HAZMGOU%2F20260223%2Feu-west-1%2Fs3%2Faws4_request&X-Amz-Date=20260223T002439Z&X-Amz-Expires=604800&X-Amz-Signature=b7f6c09c5fe1f74ffea33e8131b24d48079546c63facf39b26d245c95c1cb9b8&X-Amz-SignedHeaders=host&response-content-disposition=attachment%3B%20filename%3D2272b13d-fd6e-4702-9b6a-665e3e356b7a.flac&x-id=GetObject,0.257649422,48459
LFC.Eam-2023-04-30_18-00.WAV,2023 Laguna Fry Confluence - 45 Sump,2023,4,30,19,0,Agelaius tricolor,Courtship Song,42.17599869,43.11466599,94,8719,24000,present,https://rfcx-streams-production.s3.eu-west-1.amazonaws.com/2023/05/01/dtu1murbispj/dc233ff0-b236-460b-99ae-1d876d63196a.flac?X-Amz-Algorithm=AWS4-HMAC-SHA256&X-Amz-Content-Sha256=UNSIGNED-PAYLOAD&X-Amz-Credential=AKIA45B7YWBX5HAZMGOU%2F20260223%2Feu-west-1%2Fs3%2Faws4_request&X-Amz-Date=20260223T002439Z&X-Amz-Expires=604800&X-Amz-Signature=0fe3f9d6dd19163a22013e4b5ecfdcb9bce362846defed5404cc616c03d82f82&X-Amz-SignedHeaders=host&response-content-disposition=attachment%3B%20filename%3Ddc233ff0-b236-460b-99ae-1d876d63196a.flac&x-id=GetObject,0.36481154,48459
LFC.Eam-2023-04-30_18-20.WAV,2023 Laguna Fry Confluence - 45 Sump,2023,4,30,19,20,Agelaius tricolor,Courtship Song,22.04266739,22.98133278,94,8719,24000,present,https://rfcx-streams-production.s3.eu-west-1.amazonaws.com/2023/05/01/dtu1murbispj/555dd9e6-ad61-406d-a2c1-f154bad7f62f.flac?X-Amz-Algorithm=AWS4-HMAC-SHA256&X-Amz-Content-Sha256=UNSIGNED-PAYLOAD&X-Amz-Credential=AKIA45B7YWBX5HAZMGOU%2F20260223%2Feu-west-1%2Fs3%2Faws4_request&X-Amz-Date=20260223T002439Z&X-Amz-Expires=604800&X-Amz-Signature=a882b14bf4d48b7a7f53478b27962cf4e6ff9d0670f6011ab546cefa0951fc90&X-Amz-SignedHeaders=host&response-content-disposition=attachment%3B%20filename%3D555dd9e6-ad61-406d-a2c1-f154bad7f62f.flac&x-id=GetObject,0.264258325,48459
LFC.Eam-2023-04-30_18-40.WAV,2023 Laguna Fry Confluence - 45 Sump,2023,4,30,19,40,Agelaius tricolor,Courtship Song,36.51733398,37.45600128,94,8719,24000,present,https://rfcx-streams-production.s3.eu-west-1.amazonaws.com/2023/05/01/dtu1murbispj/36fd5454-d21b-437b-a6eb-b90dbe9be89f.flac?X-Amz-Algorithm=AWS4-HMAC-SHA256&X-Amz-Content-Sha256=UNSIGNED-PAYLOAD&X-Amz-Credential=AKIA45B7YWBX5HAZMGOU%2F20260223%2Feu-west-1%2Fs3%2Faws4_request&X-Amz-Date=20260223T002439Z&X-Amz-Expires=604800&X-Amz-Signature=67dcfd14944d631832ac570eb7710e85987b1331f342c574ceddac85c2ffb0db&X-Amz-SignedHeaders=host&response-content-disposition=attachment%3B%20filename%3D36fd5454-d21b-437b-a6eb-b90dbe9be89f.flac&x-id=GetObject,0.206948429,48459
LFC.Eam-2023-04-30_19-00.WAV,2023 Laguna Fry Confluence - 45 Sump,2023,4,30,20,0,Agelaius tricolor,Courtship Song,58.69866562,59.63733292,94,8719,24000,present,https://rfcx-streams-production.s3.eu-west-1.amazonaws.com/2023/05/01/dtu1murbispj/21def10b-ebc5-4859-a36f-4895a9eaafc0.flac?X-Amz-Algorithm=AWS4-HMAC-SHA256&X-Amz-Content-Sha256=UNSIGNED-PAYLOAD&X-Amz-Credential=AKIA45B7YWBX5HAZMGOU%2F20260223%2Feu-west-1%2Fs3%2Faws4_request&X-Amz-Date=20260223T002439Z&X-Amz-Expires=604800&X-Amz-Signature=055dc890970e49e425c3d11512056426c2cef5a4b86a5f14efdf291d48e8e8d2&X-Amz-SignedHeaders=host&response-content-disposition=attachment%3B%20filename%3D21def10b-ebc5-4859-a36f-4895a9eaafc0.flac&x-id=GetObject,0.288497835,48459
LFC.Eam-2023-04-30_19-20.WAV,2023 Laguna Fry Confluence - 45 Sump,2023,4,30,20,20,Agelaius tricolor,Courtship Song,23.63199997,24.57066727,94,8719,24000,present,https://rfcx-streams-production.s3.eu-west-1.amazonaws.com/2023/05/01/dtu1murbispj/0e6d576e-6a59-463b-9c52-af7f6dfbf5cd.flac?X-Amz-Algorithm=AWS4-HMAC-SHA256&X-Amz-Content-Sha256=UNSIGNED-PAYLOAD&X-Amz-Credential=AKIA45B7YWBX5HAZMGOU%2F20260223%2Feu-west-1%2Fs3%2Faws4_request&X-Amz-Date=20260223T002439Z&X-Amz-Expires=604800&X-Amz-Signature=a571d91cba900860fd093982c8c224d1f19022dc043654d2294394562ca947f1&X-Amz-SignedHeaders=host&response-content-disposition=attachment%3B%20filename%3D0e6d576e-6a59-463b-9c52-af7f6dfbf5cd.flac&x-id=GetObject,0.269044369,48459
LFC.Eam-2023-04-30_20-00.WAV,2023 Laguna Fry Confluence - 45 Sump,2023,4,30,21,0,Agelaius tricolor,Courtship Song,45.02933502,45.9679985,94,8719,24000,present,https://rfcx-streams-production.s3.eu-west-1.amazonaws.com/2023/05/01/dtu1murbispj/6c2ebf6f-38a3-4128-ac2a-663230385da1.flac?X-Amz-Algorithm=AWS4-HMAC-SHA256&X-Amz-Content-Sha256=UNSIGNED-PAYLOAD&X-Amz-Credential=AKIA45B7YWBX5HAZMGOU%2F20260223%2Feu-west-1%2Fs3%2Faws4_request&X-Amz-Date=20260223T002439Z&X-Amz-Expires=604800&X-Amz-Signature=5123e2490b2e25292a533c612bf5e30e4db2d5f7cbb465654113f0748856b4f4&X-Amz-SignedHeaders=host&response-content-disposition=attachment%3B%20filename%3D6c2ebf6f-38a3-4128-ac2a-663230385da1.flac&x-id=GetObject,0.211039513,48459
LFC.Eam-2023-05-01_08-40.WAV,2023 Laguna Fry Confluence - 45 Sump,2023,5,1,9,40,Agelaius tricolor,Courtship Song,7.248000145,8.186666489,94,8719,24000,present,https://rfcx-streams-production.s3.eu-west-1.amazonaws.com/2023/05/01/dtu1murbispj/38d95c56-e8df-47d8-bd1e-848ed0f8eeed.flac?X-Amz-Algorithm=AWS4-HMAC-SHA256&X-Amz-Content-Sha256=UNSIGNED-PAYLOAD&X-Amz-Credential=AKIA45B7YWBX5HAZMGOU%2F20260223%2Feu-west-1%2Fs3%2Faws4_request&X-Amz-Date=20260223T002439Z&X-Amz-Expires=604800&X-Amz-Signature=60585430950d3d69dd1cd192ddbbe855890b7a7ee69fea1ccc49c80338a261af&X-Amz-SignedHeaders=host&response-content-disposition=attachment%3B%20filename%3D38d95c56-e8df-47d8-bd1e-848ed0f8eeed.flac&x-id=GetObject,0.200615391,48459
LFC.Eam-2023-05-01_09-00.WAV,2023 Laguna Fry Confluence - 45 Sump,2023,5,1,10,0,Agelaius tricolor,Courtship Song,18.51199913,19.45066643,94,8719,24000,present,https://rfcx-streams-production.s3.eu-west-1.amazonaws.com/2023/05/01/dtu1murbispj/c6b672e9-2dbe-4414-99ad-3fca8102cbaf.flac?X-Amz-Algorithm=AWS4-HMAC-SHA256&X-Amz-Content-Sha256=UNSIGNED-PAYLOAD&X-Amz-Credential=AKIA45B7YWBX5HAZMGOU%2F20260223%2Feu-west-1%2Fs3%2Faws4_request&X-Amz-Date=20260223T002439Z&X-Amz-Expires=604800&X-Amz-Signature=0106dc371d6a526953e9cc3b7669e6ce10e0ce451387c703312fdcb21d02bc10&X-Amz-SignedHeaders=host&response-content-disposition=attachment%3B%20filename%3Dc6b672e9-2dbe-4414-99ad-3fca8102cbaf.flac&x-id=GetObject,0.333422393,48459
LFC.Eam-2023-05-01_09-20.WAV,2023 Laguna Fry Confluence - 45 Sump,2023,5,1,10,20,Agelaius tricolor,Courtship Song,22.64533424,23.58399963,94,8719,24000,present,https://rfcx-streams-production.s3.eu-west-1.amazonaws.com/2023/05/01/dtu1murbispj/41187878-3ced-477b-834e-e25476f6dc34.flac?X-Amz-Algorithm=AWS4-HMAC-SHA256&X-Amz-Content-Sha256=UNSIGNED-PAYLOAD&X-Amz-Credential=AKIA45B7YWBX5HAZMGOU%2F20260223%2Feu-west-1%2Fs3%2Faws4_request&X-Amz-Date=20260223T002439Z&X-Amz-Expires=604800&X-Amz-Signature=19e041fdd9c205d91edde233a8fa3aed099027867381e25d615af3697a5fbb09&X-Amz-SignedHeaders=host&response-content-disposition=attachment%3B%20filename%3D41187878-3ced-477b-834e-e25476f6dc34.flac&x-id=GetObject,0.300773293,48459
LFC.Eam-2023-05-01_09-40.WAV,2023 Laguna Fry Confluence - 45 Sump,2023,5,1,10,40,Agelaius tricolor,Courtship Song,37.94133377,38.88000107,94,8719,24000,present,https://rfcx-streams-production.s3.eu-west-1.amazonaws.com/2023/05/01/dtu1murbispj/efa01c7e-4328-44d7-9736-a67b5dc36ba6.flac?X-Amz-Algorithm=AWS4-HMAC-SHA256&X-Amz-Content-Sha256=UNSIGNED-PAYLOAD&X-Amz-Credential=AKIA45B7YWBX5HAZMGOU%2F20260223%2Feu-west-1%2Fs3%2Faws4_request&X-Amz-Date=20260223T002439Z&X-Amz-Expires=604800&X-Amz-Signature=d3f3c09ec38eeae8b452d31924eb70a8400ecc119c20b6cd7ba993db229c99e3&X-Amz-SignedHeaders=host&response-content-disposition=attachment%3B%20filename%3Defa01c7e-4328-44d7-9736-a67b5dc36ba6.flac&x-id=GetObject,0.322701961,48459
LFC.Eam-2023-05-01_19-00.WAV,2023 Laguna Fry Confluence - 45 Sump,2023,5,1,20,0,Agelaius tricolor,Courtship Song,14.92800045,15.86666679,94,8719,24000,present,https://rfcx-streams-production.s3.eu-west-1.amazonaws.com/2023/05/02/dtu1murbispj/3068a76d-fd24-4dbc-b5a3-9dc0ea98ca5c.flac?X-Amz-Algorithm=AWS4-HMAC-SHA256&X-Amz-Content-Sha256=UNSIGNED-PAYLOAD&X-Amz-Credential=AKIA45B7YWBX5HAZMGOU%2F20260223%2Feu-west-1%2Fs3%2Faws4_request&X-Amz-Date=20260223T002439Z&X-Amz-Expires=604800&X-Amz-Signature=5dc36cd4692301bee889b0215011f379deb376c1cb888adb6f37182f93c155b9&X-Amz-SignedHeaders=host&response-content-disposition=attachment%3B%20filename%3D3068a76d-fd24-4dbc-b5a3-9dc0ea98ca5c.flac&x-id=GetObject,0.2801916,48459
LFC.Eam-2023-05-01_19-20.WAV,2023 Laguna Fry Confluence - 45 Sump,2023,5,1,20,20,Agelaius tricolor,Courtship Song,51.0826683,52.02133179,94,8719,24000,present,https://rfcx-streams-production.s3.eu-west-1.amazonaws.com/2023/05/02/dtu1murbispj/4723a60f-7c37-4283-9baf-cf6ca996b8b9.flac?X-Amz-Algorithm=AWS4-HMAC-SHA256&X-Amz-Content-Sha256=UNSIGNED-PAYLOAD&X-Amz-Credential=AKIA45B7YWBX5HAZMGOU%2F20260223%2Feu-west-1%2Fs3%2Faws4_request&X-Amz-Date=20260223T002439Z&X-Amz-Expires=604800&X-Amz-Signature=847a97d672474b05da00fa32b1481fe40d3a31b7be7a46f666b94fc358fe30da&X-Amz-SignedHeaders=host&response-content-disposition=attachment%3B%20filename%3D4723a60f-7c37-4283-9baf-cf6ca996b8b9.flac&x-id=GetObject,0.451284021,48459
LFC.Eam-2023-05-01_19-40.WAV,2023 Laguna Fry Confluence - 45 Sump,2023,5,1,20,40,Agelaius tricolor,Courtship Song,46.54933167,47.48799896,94,8719,24000,present,https://rfcx-streams-production.s3.eu-west-1.amazonaws.com/2023/05/02/dtu1murbispj/f59ac09c-c0eb-4bc9-92eb-4d6c6e30407e.flac?X-Amz-Algorithm=AWS4-HMAC-SHA256&X-Amz-Content-Sha256=UNSIGNED-PAYLOAD&X-Amz-Credential=AKIA45B7YWBX5HAZMGOU%2F20260223%2Feu-west-1%2Fs3%2Faws4_request&X-Amz-Date=20260223T002439Z&X-Amz-Expires=604800&X-Amz-Signature=bd48153045e0f96f659aadb57fd51a9d2085c96c5ecc6f766188e454d9f150ec&X-Amz-SignedHeaders=host&response-content-disposition=attachment%3B%20filename%3Df59ac09c-c0eb-4bc9-92eb-4d6c6e30407e.flac&x-id=GetObject,0.387107015,48459
LFC.Eam-2023-05-01_20-00.WAV,2023 Laguna Fry Confluence - 45 Sump,2023,5,1,21,0,Agelaius tricolor,Courtship Song,13.47733307,14.41600037,94,8719,24000,present,https://rfcx-streams-production.s3.eu-west-1.amazonaws.com/2023/05/02/dtu1murbispj/a1d08dbd-204c-40d0-a901-5a2ab0fdc15d.flac?X-Amz-Algorithm=AWS4-HMAC-SHA256&X-Amz-Content-Sha256=UNSIGNED-PAYLOAD&X-Amz-Credential=AKIA45B7YWBX5HAZMGOU%2F20260223%2Feu-west-1%2Fs3%2Faws4_request&X-Amz-Date=20260223T002439Z&X-Amz-Expires=604800&X-Amz-Signature=4d77b17ddb30b151af03863a5c8c011a9b3b6d4cbc1a43569eb54ff05ff8fdb5&X-Amz-SignedHeaders=host&response-content-disposition=attachment%3B%20filename%3Da1d08dbd-204c-40d0-a901-5a2ab0fdc15d.flac&x-id=GetObject,0.263771862,48459
LFC.Eam-2023-05-02_10-20.WAV,2023 Laguna Fry Confluence - 45 Sump,2023,5,2,11,20,Agelaius tricolor,Courtship Song,0.085333332,1.024000049,94,8719,24000,present,https://rfcx-streams-production.s3.eu-west-1.amazonaws.com/2023/05/02/dtu1murbispj/b7016e0a-6d44-4287-99cf-a744fe759d7b.flac?X-Amz-Algorithm=AWS4-HMAC-SHA256&X-Amz-Content-Sha256=UNSIGNED-PAYLOAD&X-Amz-Credential=AKIA45B7YWBX5HAZMGOU%2F20260223%2Feu-west-1%2Fs3%2Faws4_request&X-Amz-Date=20260223T002439Z&X-Amz-Expires=604800&X-Amz-Signature=e6074f2752fcbe0b603bf1c58b009d69258e19fcfba26e1e20172f32893eb59e&X-Amz-SignedHeaders=host&response-content-disposition=attachment%3B%20filename%3Db7016e0a-6d44-4287-99cf-a744fe759d7b.flac&x-id=GetObject,0.389409631,48459
LFC.Eam-2023-05-02_19-00.WAV,2023 Laguna Fry Confluence - 45 Sump,2023,5,2,20,0,Agelaius tricolor,Courtship Song,17.97333336,18.91200066,94,8719,24000,present,https://rfcx-streams-production.s3.eu-west-1.amazonaws.com/2023/05/03/dtu1murbispj/a2288e9f-f473-4a6b-9c95-e2041dee9793.flac?X-Amz-Algorithm=AWS4-HMAC-SHA256&X-Amz-Content-Sha256=UNSIGNED-PAYLOAD&X-Amz-Credential=AKIA45B7YWBX5HAZMGOU%2F20260223%2Feu-west-1%2Fs3%2Faws4_request&X-Amz-Date=20260223T002439Z&X-Amz-Expires=604800&X-Amz-Signature=687f7ccdf7f16f2f20617efe7612ae0e38672c7ccb9f28aa61024be92d7840da&X-Amz-SignedHeaders=host&response-content-disposition=attachment%3B%20filename%3Da2288e9f-f473-4a6b-9c95-e2041dee9793.flac&x-id=GetObject,0.297465116,48459
LFC.Eam-2023-05-02_19-20.WAV,2023 Laguna Fry Confluence - 45 Sump,2023,5,2,20,20,Agelaius tricolor,Courtship Song,3.770666599,4.70933342,94,8719,24000,present,https://rfcx-streams-production.s3.eu-west-1.amazonaws.com/2023/05/03/dtu1murbispj/7a8b4bb9-04fc-44e9-a490-c16eaab34ec2.flac?X-Amz-Algorithm=AWS4-HMAC-SHA256&X-Amz-Content-Sha256=UNSIGNED-PAYLOAD&X-Amz-Credential=AKIA45B7YWBX5HAZMGOU%2F20260223%2Feu-west-1%2Fs3%2Faws4_request&X-Amz-Date=20260223T002439Z&X-Amz-Expires=604800&X-Amz-Signature=faab2830b690282f37850a35b556b4b6efce771af87eaa41cf05aed575b2f44d&X-Amz-SignedHeaders=host&response-content-disposition=attachment%3B%20filename%3D7a8b4bb9-04fc-44e9-a490-c16eaab34ec2.flac&x-id=GetObject,0.416433632,48459
