recording,site,year,month,day,hour,minute,species,songtype,x1,x2,y1,y2,frequency,validated,url,score,site_id
K2am-2021-04-07_09-40.WAV,2021 Kern 2,2021,4,7,9,40,sp32,Simple Call,1.706666708,2.54399991,2906,6188,24000,present,https://rfcx-streams-production.s3.eu-west-1.amazonaws.com/2021/04/07/pem8hxalyx7i/36b9be3e-2e92-4940-858b-552cdc35c81d.flac?X-Amz-Algorithm=AWS4-HMAC-SHA256&X-Amz-Content-Sha256=UNSIGNED-PAYLOAD&X-Amz-Credential=AKIA45B7YWBX5HAZMGOU%2F20260223%2Feu-west-1%2Fs3%2Faws4_request&X-Amz-Date=20260223T001159Z&X-Amz-Expires=604800&X-Amz-Signature=177ff98a9ec09ef54aad4612b7173cfee40b30f23a716aa8870b0d0102ca947c&X-Amz-SignedHeaders=host&response-content-disposition=attachment%3B%20filename%3D36b9be3e-2e92-4940-858b-552cdc35c81d.flac&x-id=GetObject,0.240997329,24544
K2am-2021-04-07_10-20.WAV,2021 Kern 2,2021,4,7,10,20,sp32,Simple Call,31.94666672,32.7840004,2906,6188,24000,present,https://rfcx-streams-production.s3.eu-west-1.amazonaws.com/2021/04/07/pem8hxalyx7i/8d795b0f-bc70-46c6-8928-555460d642ce.flac?X-Amz-Algorithm=AWS4-HMAC-SHA256&X-Amz-Content-Sha256=UNSIGNED-PAYLOAD&X-Amz-Credential=AKIA45B7YWBX5HAZMGOU%2F20260223%2Feu-west-1%2Fs3%2Faws4_request&X-Amz-Date=20260223T001159Z&X-Amz-Expires=604800&X-Amz-Signature=8cd7b2d353d036a20fa46507cc527d25187ff0a51ebafecd1c9fb88c8074dde7&X-Amz-SignedHeaders=host&response-content-disposition=attachment%3B%20filename%3D8d795b0f-bc70-46c6-8928-555460d642ce.flac&x-id=GetObject,0.251949579,24544
K2am-2021-04-07_10-40.WAV,2021 Kern 2,2021,4,7,10,40,sp32,Simple Call,33.75466537,34.59199905,2906,6188,24000,present,https://rfcx-streams-production.s3.eu-west-1.amazonaws.com/2021/04/07/pem8hxalyx7i/7c246007-2c95-4434-919e-edb3b29f1b82.flac?X-Amz-Algorithm=AWS4-HMAC-SHA256&X-Amz-Content-Sha256=UNSIGNED-PAYLOAD&X-Amz-Credential=AKIA45B7YWBX5HAZMGOU%2F20260223%2Feu-west-1%2Fs3%2Faws4_request&X-Amz-Date=20260223T001159Z&X-Amz-Expires=604800&X-Amz-Signature=d0b6cfea7a49483f553dd39e6eb90c9fbad064021a9b3360e07e0c5451ad6581&X-Amz-SignedHeaders=host&response-content-disposition=attachment%3B%20filename%3D7c246007-2c95-4434-919e-edb3b29f1b82.flac&x-id=GetObject,0.296871692,24544
K2am-2021-04-07_16-40.WAV,2021 Kern 2,2021,4,7,16,40,sp32,Simple Call,15.17866707,16.01600075,2906,6188,24000,present,https://rfcx-streams-production.s3.eu-west-1.amazonaws.com/2021/04/07/pem8hxalyx7i/8d162409-d719-490b-95f3-5e30ad9dd60f.flac?X-Amz-Algorithm=AWS4-HMAC-SHA256&X-Amz-Content-Sha256=UNSIGNED-PAYLOAD&X-Amz-Credential=AKIA45B7YWBX5HAZMGOU%2F20260223%2Feu-west-1%2Fs3%2Faws4_request&X-Amz-Date=20260223T001159Z&X-Amz-Expires=604800&X-Amz-Signature=fdcfab609a165edfdd6d1441b0c93e5edbaeadf18b31c218b9a75300f9e5e6f3&X-Amz-SignedHeaders=host&response-content-disposition=attachment%3B%20filename%3D8d162409-d719-490b-95f3-5e30ad9dd60f.flac&x-id=GetObject,0.27836588,24544
K2am-2021-04-07_17-20.WAV,2021 Kern 2,2021,4,7,17,20,sp32,Simple Call,46.11199951,46.94933319,2906,6188,24000,present,https://rfcx-streams-production.s3.eu-west-1.amazonaws.com/2021/04/08/pem8hxalyx7i/c9bc43db-68e5-417e-b337-db352934fd25.flac?X-Amz-Algorithm=AWS4-HMAC-SHA256&X-Amz-Content-Sha256=UNSIGNED-PAYLOAD&X-Amz-Credential=AKIA45B7YWBX5HAZMGOU%2F20260223%2Feu-west-1%2Fs3%2Faws4_request&X-Amz-Date=20260223T001159Z&X-Amz-Expires=604800&X-Amz-Signature=1e89b76e92449d4bb7758db6320db8bd3a10ef73c1f2f4ff64743e7dd5b7d50b&X-Amz-SignedHeaders=host&response-content-disposition=attachment%3B%20filename%3Dc9bc43db-68e5-417e-b337-db352934fd25.flac&x-id=GetObject,0.284104049,24544
K2am-2021-04-07_17-40.WAV,2021 Kern 2,2021,4,7,17,40,sp32,Simple Call,25.01333427,25.85066605,2906,6188,24000,present,https://rfcx-streams-production.s3.eu-west-1.amazonaws.com/2021/04/08/pem8hxalyx7i/9f710a3f-b1db-42af-9c82-1e816425d7cf.flac?X-Amz-Algorithm=AWS4-HMAC-SHA256&X-Amz-Content-Sha256=UNSIGNED-PAYLOAD&X-Amz-Credential=AKIA45B7YWBX5HAZMGOU%2F20260223%2Feu-west-1%2Fs3%2Faws4_request&X-Amz-Date=20260223T001159Z&X-Amz-Expires=604800&X-Amz-Signature=b4cff1b139504a301506ff11921c4997d11d9522af494bedbcd510270517e2a9&X-Amz-SignedHeaders=host&response-content-disposition=attachment%3B%20filename%3D9f710a3f-b1db-42af-9c82-1e816425d7cf.flac&x-id=GetObject,0.230494753,24544
K2am-2021-04-07_18-00.WAV,2021 Kern 2,2021,4,7,18,0,sp32,Simple Call,29.74399948,30.58133316,2906,6188,24000,present,https://rfcx-streams-production.s3.eu-west-1.amazonaws.com/2021/04/08/pem8hxalyx7i/9b96762f-1170-4e92-ae31-06e5904da1d7.flac?X-Amz-Algorithm=AWS4-HMAC-SHA256&X-Amz-Content-Sha256=UNSIGNED-PAYLOAD&X-Amz-Credential=AKIA45B7YWBX5HAZMGOU%2F20260223%2Feu-west-1%2Fs3%2Faws4_request&X-Amz-Date=20260223T001159Z&X-Amz-Expires=604800&X-Amz-Signature=879d5a834b8954000d43cc0de470205da488303e7600a7a29345aa9a3b9bb5ed&X-Amz-SignedHeaders=host&response-content-disposition=attachment%3B%20filename%3D9b96762f-1170-4e92-ae31-06e5904da1d7.flac&x-id=GetObject,0.30372858,24544
K2am-2021-04-07_18-20.WAV,2021 Kern 2,2021,4,7,18,20,sp32,Simple Call,22.07999992,22.9173336,2906,6188,24000,present,https://rfcx-streams-production.s3.eu-west-1.amazonaws.com/2021/04/08/pem8hxalyx7i/d46d2239-9b6e-456a-a812-9ed94856e17e.flac?X-Amz-Algorithm=AWS4-HMAC-SHA256&X-Amz-Content-Sha256=UNSIGNED-PAYLOAD&X-Amz-Credential=AKIA45B7YWBX5HAZMGOU%2F20260223%2Feu-west-1%2Fs3%2Faws4_request&X-Amz-Date=20260223T001159Z&X-Amz-Expires=604800&X-Amz-Signature=1072fd7875525853b0bfde6122db38ba5b0068ea21fbb4d7aadfc81a3cdc4d9e&X-Amz-SignedHeaders=host&response-content-disposition=attachment%3B%20filename%3Dd46d2239-9b6e-456a-a812-9ed94856e17e.flac&x-id=GetObject,0.215223283,24544
K2am-2021-04-08_10-40.WAV,2021 Kern 2,2021,4,8,10,40,sp32,Simple Call,47.79733276,48.63466644,2906,6188,24000,present,https://rfcx-streams-production.s3.eu-west-1.amazonaws.com/2021/04/08/pem8hxalyx7i/3007b300-652f-45d5-b8f1-4d347e356097.flac?X-Amz-Algorithm=AWS4-HMAC-SHA256&X-Amz-Content-Sha256=UNSIGNED-PAYLOAD&X-Amz-Credential=AKIA45B7YWBX5HAZMGOU%2F20260223%2Feu-west-1%2Fs3%2Faws4_request&X-Amz-Date=20260223T001159Z&X-Amz-Expires=604800&X-Amz-Signature=6c467945bdf1502786ff0bef3e4b0200403a96729c9c4e5c7cb5c66afb6c0919&X-Amz-SignedHeaders=host&response-content-disposition=attachment%3B%20filename%3D3007b300-652f-45d5-b8f1-4d347e356097.flac&x-id=GetObject,0.230642527,24544
K2am-2021-04-08_12-20.WAV,2021 Kern 2,2021,4,8,12,20,sp32,Simple Call,0.037333332,0.874666691,2906,6188,24000,present,https://rfcx-streams-production.s3.eu-west-1.amazonaws.com/2021/04/08/pem8hxalyx7i/42896283-3316-4116-bd33-1d348ab03e7f.flac?X-Amz-Algorithm=AWS4-HMAC-SHA256&X-Amz-Content-Sha256=UNSIGNED-PAYLOAD&X-Amz-Credential=AKIA45B7YWBX5HAZMGOU%2F20260223%2Feu-west-1%2Fs3%2Faws4_request&X-Amz-Date=20260223T001159Z&X-Amz-Expires=604800&X-Amz-Signature=dcf592e40c09013661f073aae8391c3d4c2a517e9dd34ecb44304d9936ee3648&X-Amz-SignedHeaders=host&response-content-disposition=attachment%3B%20filename%3D42896283-3316-4116-bd33-1d348ab03e7f.flac&x-id=GetObject,0.200912505,24544
K2am-2021-04-08_16-20.WAV,2021 Kern 2,2021,4,8,16,20,sp32,Simple Call,36.56000137,37.39733505,2906,6188,24000,present,https://rfcx-streams-production.s3.eu-west-1.amazonaws.com/2021/04/08/pem8hxalyx7i/24d19a49-575b-4ddb-adda-3f51fc2ee3d6.flac?X-Amz-Algorithm=AWS4-HMAC-SHA256&X-Amz-Content-Sha256=UNSIGNED-PAYLOAD&X-Amz-Credential=AKIA45B7YWBX5HAZMGOU%2F20260223%2Feu-west-1%2Fs3%2Faws4_request&X-Amz-Date=20260223T001159Z&X-Amz-Expires=604800&X-Amz-Signature=e05d942d2ba59d48dffe8374afc819b86663f395388042e6555925cc7fd5ad21&X-Amz-SignedHeaders=host&response-content-disposition=attachment%3B%20filename%3D24d19a49-575b-4ddb-adda-3f51fc2ee3d6.flac&x-id=GetObject,0.224513218,24544
K2am-2021-04-08_16-40.WAV,2021 Kern 2,2021,4,8,16,40,sp32,Simple Call,6.047999859,6.885333538,2906,6188,24000,present,https://rfcx-streams-production.s3.eu-west-1.amazonaws.com/2021/04/08/pem8hxalyx7i/3f4745cc-51cf-478a-9c76-427799dd29ef.flac?X-Amz-Algorithm=AWS4-HMAC-SHA256&X-Amz-Content-Sha256=UNSIGNED-PAYLOAD&X-Amz-Credential=AKIA45B7YWBX5HAZMGOU%2F20260223%2Feu-west-1%2Fs3%2Faws4_request&X-Amz-Date=20260223T001159Z&X-Amz-Expires=604800&X-Amz-Signature=447128d425401c43001d45bfed9448887e84b6c442e1fde9680c540ceb5578a4&X-Amz-SignedHeaders=host&response-content-disposition=attachment%3B%20filename%3D3f4745cc-51cf-478a-9c76-427799dd29ef.flac&x-id=GetObject,0.282138795,24544
K2am-2021-04-08_17-00.WAV,2021 Kern 2,2021,4,8,17,0,sp32,Simple Call,32.94400024,33.78133392,2906,6188,24000,present,https://rfcx-streams-production.s3.eu-west-1.amazonaws.com/2021/04/09/pem8hxalyx7i/94d99dcc-adbd-48c4-a55d-c3338e6736c0.flac?X-Amz-Algorithm=AWS4-HMAC-SHA256&X-Amz-Content-Sha256=UNSIGNED-PAYLOAD&X-Amz-Credential=AKIA45B7YWBX5HAZMGOU%2F20260223%2Feu-west-1%2Fs3%2Faws4_request&X-Amz-Date=20260223T001159Z&X-Amz-Expires=604800&X-Amz-Signature=09f9437aef8587150d89377bbb96278b0d3b386362634910b9c947f7c3e0862e&X-Amz-SignedHeaders=host&response-content-disposition=attachment%3B%20filename%3D94d99dcc-adbd-48c4-a55d-c3338e6736c0.flac&x-id=GetObject,0.202697068,24544
K2am-2021-04-08_17-40.WAV,2021 Kern 2,2021,4,8,17,40,sp32,Simple Call,8.847999573,9.685333252,2906,6188,24000,present,https://rfcx-streams-production.s3.eu-west-1.amazonaws.com/2021/04/09/pem8hxalyx7i/0e2aecff-137a-4016-b5d8-d7e57dedabfd.flac?X-Amz-Algorithm=AWS4-HMAC-SHA256&X-Amz-Content-Sha256=UNSIGNED-PAYLOAD&X-Amz-Credential=AKIA45B7YWBX5HAZMGOU%2F20260223%2Feu-west-1%2Fs3%2Faws4_request&X-Amz-Date=20260223T001159Z&X-Amz-Expires=604800&X-Amz-Signature=ff01286b81c2ee4d05bf8d5a2e2b62d16e3834f909713eee69d1e1ad557e9e52&X-Amz-SignedHeaders=host&response-content-disposition=attachment%3B%20filename%3D0e2aecff-137a-4016-b5d8-d7e57dedabfd.flac&x-id=GetObject,0.242754474,24544
K2am-2021-04-09_09-00.WAV,2021 Kern 2,2021,4,9,9,0,sp32,Simple Call,47.41333389,48.25066757,2906,6188,24000,present,https://rfcx-streams-production.s3.eu-west-1.amazonaws.com/2021/04/09/pem8hxalyx7i/f6c0c3ce-5c12-4643-953d-11f215a50472.flac?X-Amz-Algorithm=AWS4-HMAC-SHA256&X-Amz-Content-Sha256=UNSIGNED-PAYLOAD&X-Amz-Credential=AKIA45B7YWBX5HAZMGOU%2F20260223%2Feu-west-1%2Fs3%2Faws4_request&X-Amz-Date=20260223T001159Z&X-Amz-Expires=604800&X-Amz-Signature=d6a711bcea3bb869fe0becb812addea736c998aa8d2f8af4a256bbcc415878ec&X-Amz-SignedHeaders=host&response-content-disposition=attachment%3B%20filename%3Df6c0c3ce-5c12-4643-953d-11f215a50472.flac&x-id=GetObject,0.2528736,24544
K2am-2021-04-09_09-40.WAV,2021 Kern 2,2021,4,9,9,40,sp32,Simple Call,48.59199905,49.42933273,2906,6188,24000,present,https://rfcx-streams-production.s3.eu-west-1.amazonaws.com/2021/04/09/pem8hxalyx7i/02b2d787-d613-4a20-ab71-6a4497c6f8ef.flac?X-Amz-Algorithm=AWS4-HMAC-SHA256&X-Amz-Content-Sha256=UNSIGNED-PAYLOAD&X-Amz-Credential=AKIA45B7YWBX5HAZMGOU%2F20260223%2Feu-west-1%2Fs3%2Faws4_request&X-Amz-Date=20260223T001159Z&X-Amz-Expires=604800&X-Amz-Signature=abf7e6d7c6ac87eb67c351cffc731be9fa34eccde34203f2976ffd9458aedae0&X-Amz-SignedHeaders=host&response-content-disposition=attachment%3B%20filename%3D02b2d787-d613-4a20-ab71-6a4497c6f8ef.flac&x-id=GetObject,0.26730898,24544
K2am-2021-04-09_10-20.WAV,2021 Kern 2,2021,4,9,10,20,sp32,Simple Call,42.74666595,43.58399963,2906,6188,24000,present,https://rfcx-streams-production.s3.eu-west-1.amazonaws.com/2021/04/09/pem8hxalyx7i/f0c0378f-b599-42be-a218-045368c10daa.flac?X-Amz-Algorithm=AWS4-HMAC-SHA256&X-Amz-Content-Sha256=UNSIGNED-PAYLOAD&X-Amz-Credential=AKIA45B7YWBX5HAZMGOU%2F20260223%2Feu-west-1%2Fs3%2Faws4_request&X-Amz-Date=20260223T001159Z&X-Amz-Expires=604800&X-Amz-Signature=62c926209ab99ca055c212a20c54b75358ecc035191a99788f06a4b36f2d9d2f&X-Amz-SignedHeaders=host&response-content-disposition=attachment%3B%20filename%3Df0c0378f-b599-42be-a218-045368c10daa.flac&x-id=GetObject,0.22540243,24544
K2am-2021-04-09_11-00.WAV,2021 Kern 2,2021,4,9,11,0,sp32,Simple Call,22.4746666,23.31200027,2906,6188,24000,present,https://rfcx-streams-production.s3.eu-west-1.amazonaws.com/2021/04/09/pem8hxalyx7i/d4648c41-4daa-4ee9-a81c-757065ec5954.flac?X-Amz-Algorithm=AWS4-HMAC-SHA256&X-Amz-Content-Sha256=UNSIGNED-PAYLOAD&X-Amz-Credential=AKIA45B7YWBX5HAZMGOU%2F20260223%2Feu-west-1%2Fs3%2Faws4_request&X-Amz-Date=20260223T001159Z&X-Amz-Expires=604800&X-Amz-Signature=5c91feee9fc7438e79f769267329f187787f525fa0cca334e17a5a6960d9db7d&X-Amz-SignedHeaders=host&response-content-disposition=attachment%3B%20filename%3Dd4648c41-4daa-4ee9-a81c-757065ec5954.flac&x-id=GetObject,0.291304886,24544
K2am-2021-04-09_11-20.WAV,2021 Kern 2,2021,4,9,11,20,sp32,Simple Call,11.70666695,12.54399967,2906,6188,24000,present,https://rfcx-streams-production.s3.eu-west-1.amazonaws.com/2021/04/09/pem8hxalyx7i/889dbfaa-5133-4f3f-8a72-02e4d4ba02ae.flac?X-Amz-Algorithm=AWS4-HMAC-SHA256&X-Amz-Content-Sha256=UNSIGNED-PAYLOAD&X-Amz-Credential=AKIA45B7YWBX5HAZMGOU%2F20260223%2Feu-west-1%2Fs3%2Faws4_request&X-Amz-Date=20260223T001159Z&X-Amz-Expires=604800&X-Amz-Signature=f91d4810dc78ac12c21fc07023fd93f550abf523bfe1d38178296f2f18788cf7&X-Amz-SignedHeaders=host&response-content-disposition=attachment%3B%20filename%3D889dbfaa-5133-4f3f-8a72-02e4d4ba02ae.flac&x-id=GetObject,0.229391441,24544
K2am-2021-04-09_11-40.WAV,2021 Kern 2,2021,4,9,11,40,sp32,Simple Call,56.41600037,57.25333405,2906,6188,24000,present,https://rfcx-streams-production.s3.eu-west-1.amazonaws.com/2021/04/09/pem8hxalyx7i/8bf4ca34-dac0-4a02-9c24-421ae6fd040d.flac?X-Amz-Algorithm=AWS4-HMAC-SHA256&X-Amz-Content-Sha256=UNSIGNED-PAYLOAD&X-Amz-Credential=AKIA45B7YWBX5HAZMGOU%2F20260223%2Feu-west-1%2Fs3%2Faws4_request&X-Amz-Date=20260223T001159Z&X-Amz-Expires=604800&X-Amz-Signature=58375d12f05913f56932331862b513cf229ff40ea178dd25ef654ab072854106&X-Amz-SignedHeaders=host&response-content-disposition=attachment%3B%20filename%3D8bf4ca34-dac0-4a02-9c24-421ae6fd040d.flac&x-id=GetObject,0.208510101,24544
K2am-2021-04-09_12-00.WAV,2021 Kern 2,2021,4,9,12,0,sp32,Simple Call,20.43199921,21.26933289,2906,6188,24000,present,https://rfcx-streams-production.s3.eu-west-1.amazonaws.com/2021/04/09/pem8hxalyx7i/572f4fb9-7ec7-4cf0-a52c-df4024a53734.flac?X-Amz-Algorithm=AWS4-HMAC-SHA256&X-Amz-Content-Sha256=UNSIGNED-PAYLOAD&X-Amz-Credential=AKIA45B7YWBX5HAZMGOU%2F20260223%2Feu-west-1%2Fs3%2Faws4_request&X-Amz-Date=20260223T001159Z&X-Amz-Expires=604800&X-Amz-Signature=f19f48473bc962bb0bc321d170fc5df8228bb606866b6df271397c4c19742f4f&X-Amz-SignedHeaders=host&response-content-disposition=attachment%3B%20filename%3D572f4fb9-7ec7-4cf0-a52c-df4024a53734.flac&x-id=GetObject,0.200562164,24544
K2am-2021-04-09_12-20.WAV,2021 Kern 2,2021,4,9,12,20,sp32,Simple Call,11.65333366,12.49066639,2906,6188,24000,present,https://rfcx-streams-production.s3.eu-west-1.amazonaws.com/2021/04/09/pem8hxalyx7i/84e42481-7862-4985-a5fa-bfdcdb87b5e7.flac?X-Amz-Algorithm=AWS4-HMAC-SHA256&X-Amz-Content-Sha256=UNSIGNED-PAYLOAD&X-Amz-Credential=AKIA45B7YWBX5HAZMGOU%2F20260223%2Feu-west-1%2Fs3%2Faws4_request&X-Amz-Date=20260223T001159Z&X-Amz-Expires=604800&X-Amz-Signature=d0da7f14c0bf32465342e94b6942431af8403a130717dd7f19d7311be4f7ef92&X-Amz-SignedHeaders=host&response-content-disposition=attachment%3B%20filename%3D84e42481-7862-4985-a5fa-bfdcdb87b5e7.flac&x-id=GetObject,0.320278913,24544
K2am-2021-04-09_16-40.WAV,2021 Kern 2,2021,4,9,16,40,sp32,Simple Call,54.79466629,55.63199997,2906,6188,24000,present,https://rfcx-streams-production.s3.eu-west-1.amazonaws.com/2021/04/09/pem8hxalyx7i/04288def-d497-4e5d-8b26-107cc4d1fd44.flac?X-Amz-Algorithm=AWS4-HMAC-SHA256&X-Amz-Content-Sha256=UNSIGNED-PAYLOAD&X-Amz-Credential=AKIA45B7YWBX5HAZMGOU%2F20260223%2Feu-west-1%2Fs3%2Faws4_request&X-Amz-Date=20260223T001159Z&X-Amz-Expires=604800&X-Amz-Signature=6d9bb91dbf79daa38bccd74b86a5c3a9db10bf9b1cfcc46da448c6179849fff3&X-Amz-SignedHeaders=host&response-content-disposition=attachment%3B%20filename%3D04288def-d497-4e5d-8b26-107cc4d1fd44.flac&x-id=GetObject,0.247447491,24544
K2am-2021-04-09_17-00.WAV,2021 Kern 2,2021,4,9,17,0,sp32,Simple Call,3.104000092,3.941333294,2906,6188,24000,present,https://rfcx-streams-production.s3.eu-west-1.amazonaws.com/2021/04/10/pem8hxalyx7i/108b8ac8-f3f2-4adc-8c22-4ea67b032cff.flac?X-Amz-Algorithm=AWS4-HMAC-SHA256&X-Amz-Content-Sha256=UNSIGNED-PAYLOAD&X-Amz-Credential=AKIA45B7YWBX5HAZMGOU%2F20260223%2Feu-west-1%2Fs3%2Faws4_request&X-Amz-Date=20260223T001159Z&X-Amz-Expires=604800&X-Amz-Signature=ca780e1289d17ea8b6ecc4f79de2236ad5e46da302b4576ea028c0f469c54f8b&X-Amz-SignedHeaders=host&response-content-disposition=attachment%3B%20filename%3D108b8ac8-f3f2-4adc-8c22-4ea67b032cff.flac&x-id=GetObject,0.247013018,24544
K2am-2021-04-10_10-40.WAV,2021 Kern 2,2021,4,10,10,40,sp32,Simple Call,38.3093338,39.14666748,2906,6188,24000,present,https://rfcx-streams-production.s3.eu-west-1.amazonaws.com/2021/04/10/pem8hxalyx7i/92625ae9-e3ce-46b9-a1b2-12d181069a0b.flac?X-Amz-Algorithm=AWS4-HMAC-SHA256&X-Amz-Content-Sha256=UNSIGNED-PAYLOAD&X-Amz-Credential=AKIA45B7YWBX5HAZMGOU%2F20260223%2Feu-west-1%2Fs3%2Faws4_request&X-Amz-Date=20260223T001159Z&X-Amz-Expires=604800&X-Amz-Signature=39e8b05ec986396386ae0eafed66ba5e2a73aae2ec619c3accdb0f79f260bdf0&X-Amz-SignedHeaders=host&response-content-disposition=attachment%3B%20filename%3D92625ae9-e3ce-46b9-a1b2-12d181069a0b.flac&x-id=GetObject,0.217542067,24544
K2am-2021-04-11_09-00.WAV,2021 Kern 2,2021,4,11,9,0,sp32,Simple Call,16.36266708,17.20000076,2906,6188,24000,present,https://rfcx-streams-production.s3.eu-west-1.amazonaws.com/2021/04/11/pem8hxalyx7i/1b45a4ea-cd1d-40c0-a497-de9b33d4572e.flac?X-Amz-Algorithm=AWS4-HMAC-SHA256&X-Amz-Content-Sha256=UNSIGNED-PAYLOAD&X-Amz-Credential=AKIA45B7YWBX5HAZMGOU%2F20260223%2Feu-west-1%2Fs3%2Faws4_request&X-Amz-Date=20260223T001159Z&X-Amz-Expires=604800&X-Amz-Signature=2f8863e16519a7b83f758a891c41076aa194fd506753a6ce358c8fc56db52b97&X-Amz-SignedHeaders=host&response-content-disposition=attachment%3B%20filename%3D1b45a4ea-cd1d-40c0-a497-de9b33d4572e.flac&x-id=GetObject,0.256590039,24544
K2am-2021-04-11_09-40.WAV,2021 Kern 2,2021,4,11,9,40,sp32,Simple Call,35.70666504,36.54399872,2906,6188,24000,present,https://rfcx-streams-production.s3.eu-west-1.amazonaws.com/2021/04/11/pem8hxalyx7i/ff4179ac-7f2d-48e4-98b7-f700b669c3d3.flac?X-Amz-Algorithm=AWS4-HMAC-SHA256&X-Amz-Content-Sha256=UNSIGNED-PAYLOAD&X-Amz-Credential=AKIA45B7YWBX5HAZMGOU%2F20260223%2Feu-west-1%2Fs3%2Faws4_request&X-Amz-Date=20260223T001159Z&X-Amz-Expires=604800&X-Amz-Signature=a9386a2f673e43f2795ea23b8d2c5e5e215c2722f32bdace4ba6b9cd3def5394&X-Amz-SignedHeaders=host&response-content-disposition=attachment%3B%20filename%3Dff4179ac-7f2d-48e4-98b7-f700b669c3d3.flac&x-id=GetObject,0.230925366,24544
K2am-2021-04-11_10-00.WAV,2021 Kern 2,2021,4,11,10,0,sp32,Simple Call,57.18399811,58.02133179,2906,6188,24000,present,https://rfcx-streams-production.s3.eu-west-1.amazonaws.com/2021/04/11/pem8hxalyx7i/61cde307-0346-494b-b556-3ccb3fd7e32e.flac?X-Amz-Algorithm=AWS4-HMAC-SHA256&X-Amz-Content-Sha256=UNSIGNED-PAYLOAD&X-Amz-Credential=AKIA45B7YWBX5HAZMGOU%2F20260223%2Feu-west-1%2Fs3%2Faws4_request&X-Amz-Date=20260223T001159Z&X-Amz-Expires=604800&X-Amz-Signature=6396f2545bda782a39cba1e124fd11d6595b6e92f4a138d978ea92b4599ad41a&X-Amz-SignedHeaders=host&response-content-disposition=attachment%3B%20filename%3D61cde307-0346-494b-b556-3ccb3fd7e32e.flac&x-id=GetObject,0.26370725,24544
K2am-2021-04-11_10-20.WAV,2021 Kern 2,2021,4,11,10,20,sp32,Simple Call,45.87200165,46.70933151,2906,6188,24000,present,https://rfcx-streams-production.s3.eu-west-1.amazonaws.com/2021/04/11/pem8hxalyx7i/08c41158-4164-4cc2-b13b-f4d5ce6b20ae.flac?X-Amz-Algorithm=AWS4-HMAC-SHA256&X-Amz-Content-Sha256=UNSIGNED-PAYLOAD&X-Amz-Credential=AKIA45B7YWBX5HAZMGOU%2F20260223%2Feu-west-1%2Fs3%2Faws4_request&X-Amz-Date=20260223T001159Z&X-Amz-Expires=604800&X-Amz-Signature=e6a2235fc96c0db7aafda13cf41cfa0138431e198e8a2f3cb22f36ac373129be&X-Amz-SignedHeaders=host&response-content-disposition=attachment%3B%20filename%3D08c41158-4164-4cc2-b13b-f4d5ce6b20ae.flac&x-id=GetObject,0.299515754,24544
K2am-2021-04-11_10-40.WAV,2021 Kern 2,2021,4,11,10,40,sp32,Simple Call,54.02666855,54.86399841,2906,6188,24000,present,https://rfcx-streams-production.s3.eu-west-1.amazonaws.com/2021/04/11/pem8hxalyx7i/17a5dbf9-f882-4865-8295-67a1fa4cd98b.flac?X-Amz-Algorithm=AWS4-HMAC-SHA256&X-Amz-Content-Sha256=UNSIGNED-PAYLOAD&X-Amz-Credential=AKIA45B7YWBX5HAZMGOU%2F20260223%2Feu-west-1%2Fs3%2Faws4_request&X-Amz-Date=20260223T001159Z&X-Amz-Expires=604800&X-Amz-Signature=b5f4afc1334c5ddfdb6a0fb858a8132c9a6287be92e7c4fe660b2aae314366d6&X-Amz-SignedHeaders=host&response-content-disposition=attachment%3B%20filename%3D17a5dbf9-f882-4865-8295-67a1fa4cd98b.flac&x-id=GetObject,0.229599461,24544
K2am-2021-04-11_11-00.WAV,2021 Kern 2,2021,4,11,11,0,sp32,Simple Call,31.57333374,32.41066742,2906,6188,24000,present,https://rfcx-streams-production.s3.eu-west-1.amazonaws.com/2021/04/11/pem8hxalyx7i/606567d4-079b-4b4b-ac2d-bf3d15e41fbe.flac?X-Amz-Algorithm=AWS4-HMAC-SHA256&X-Amz-Content-Sha256=UNSIGNED-PAYLOAD&X-Amz-Credential=AKIA45B7YWBX5HAZMGOU%2F20260223%2Feu-west-1%2Fs3%2Faws4_request&X-Amz-Date=20260223T001159Z&X-Amz-Expires=604800&X-Amz-Signature=8cdb363715f9fed9313dfe0e26bc5a45ba070495d32ad8393d10347687c42529&X-Amz-SignedHeaders=host&response-content-disposition=attachment%3B%20filename%3D606567d4-079b-4b4b-ac2d-bf3d15e41fbe.flac&x-id=GetObject,0.21690686,24544
K2am-2021-04-11_11-20.WAV,2021 Kern 2,2021,4,11,11,20,sp32,Simple Call,32.38933182,33.2266655,2906,6188,24000,present,https://rfcx-streams-production.s3.eu-west-1.amazonaws.com/2021/04/11/pem8hxalyx7i/b2fd02db-8411-4597-86f1-e072bafaf93a.flac?X-Amz-Algorithm=AWS4-HMAC-SHA256&X-Amz-Content-Sha256=UNSIGNED-PAYLOAD&X-Amz-Credential=AKIA45B7YWBX5HAZMGOU%2F20260223%2Feu-west-1%2Fs3%2Faws4_request&X-Amz-Date=20260223T001159Z&X-Amz-Expires=604800&X-Amz-Signature=72cc89bba399e6ec98135dea5a7c0659e263cf0899d615612f9e3d7c597de6ae&X-Amz-SignedHeaders=host&response-content-disposition=attachment%3B%20filename%3Db2fd02db-8411-4597-86f1-e072bafaf93a.flac&x-id=GetObject,0.211604044,24544
K2am-2021-04-11_11-40.WAV,2021 Kern 2,2021,4,11,11,40,sp32,Simple Call,40.50666809,41.34400177,2906,6188,24000,present,https://rfcx-streams-production.s3.eu-west-1.amazonaws.com/2021/04/11/pem8hxalyx7i/63775b8c-3009-4e29-8403-f6e063a1aabd.flac?X-Amz-Algorithm=AWS4-HMAC-SHA256&X-Amz-Content-Sha256=UNSIGNED-PAYLOAD&X-Amz-Credential=AKIA45B7YWBX5HAZMGOU%2F20260223%2Feu-west-1%2Fs3%2Faws4_request&X-Amz-Date=20260223T001159Z&X-Amz-Expires=604800&X-Amz-Signature=923d90ba741c9f42474586d45a21eb7e4076010615c1b184dfca65e59c979647&X-Amz-SignedHeaders=host&response-content-disposition=attachment%3B%20filename%3D63775b8c-3009-4e29-8403-f6e063a1aabd.flac&x-id=GetObject,0.271627218,24544
K2am-2021-04-11_13-00.WAV,2021 Kern 2,2021,4,11,13,0,sp32,Simple Call,45.61600113,46.45333481,2906,6188,24000,present,https://rfcx-streams-production.s3.eu-west-1.amazonaws.com/2021/04/11/pem8hxalyx7i/71d54eae-684b-4759-b12a-b669f3247357.flac?X-Amz-Algorithm=AWS4-HMAC-SHA256&X-Amz-Content-Sha256=UNSIGNED-PAYLOAD&X-Amz-Credential=AKIA45B7YWBX5HAZMGOU%2F20260223%2Feu-west-1%2Fs3%2Faws4_request&X-Amz-Date=20260223T001158Z&X-Amz-Expires=604800&X-Amz-Signature=92ca616d527828ad884730de2a4261c90b83396d3341a053c6cdd45a22df336f&X-Amz-SignedHeaders=host&response-content-disposition=attachment%3B%20filename%3D71d54eae-684b-4759-b12a-b669f3247357.flac&x-id=GetObject,0.208912015,24544
K2am-2021-04-11_13-20.WAV,2021 Kern 2,2021,4,11,13,20,sp32,Simple Call,37.81866837,38.65599823,2906,6188,24000,present,https://rfcx-streams-production.s3.eu-west-1.amazonaws.com/2021/04/11/pem8hxalyx7i/7609c8c9-668f-4fe1-8dbc-b7b331ce71dc.flac?X-Amz-Algorithm=AWS4-HMAC-SHA256&X-Amz-Content-Sha256=UNSIGNED-PAYLOAD&X-Amz-Credential=AKIA45B7YWBX5HAZMGOU%2F20260223%2Feu-west-1%2Fs3%2Faws4_request&X-Amz-Date=20260223T001159Z&X-Amz-Expires=604800&X-Amz-Signature=d5df641b23fda50e4791a249ad254619406412033d2ad7bb8f0df84a03545dfa&X-Amz-SignedHeaders=host&response-content-disposition=attachment%3B%20filename%3D7609c8c9-668f-4fe1-8dbc-b7b331ce71dc.flac&x-id=GetObject,0.205809176,24544
K2am-2021-04-11_14-20.WAV,2021 Kern 2,2021,4,11,14,20,sp32,Simple Call,41.29600143,42.13333511,2906,6188,24000,present,https://rfcx-streams-production.s3.eu-west-1.amazonaws.com/2021/04/11/pem8hxalyx7i/c2d9f496-1207-4164-8a08-27bedff5d94f.flac?X-Amz-Algorithm=AWS4-HMAC-SHA256&X-Amz-Content-Sha256=UNSIGNED-PAYLOAD&X-Amz-Credential=AKIA45B7YWBX5HAZMGOU%2F20260223%2Feu-west-1%2Fs3%2Faws4_request&X-Amz-Date=20260223T001159Z&X-Amz-Expires=604800&X-Amz-Signature=72a25a8c68e422e3b64f87523fa4ddda619258e1e7627337fe453e6350fe053e&X-Amz-SignedHeaders=host&response-content-disposition=attachment%3B%20filename%3Dc2d9f496-1207-4164-8a08-27bedff5d94f.flac&x-id=GetObject,0.261633784,24544
K2am-2021-04-11_15-40.WAV,2021 Kern 2,2021,4,11,15,40,sp32,Simple Call,9.184000015,10.02133369,2906,6188,24000,present,https://rfcx-streams-production.s3.eu-west-1.amazonaws.com/2021/04/11/pem8hxalyx7i/0d9e019c-f628-4589-a145-dd6d5dece814.flac?X-Amz-Algorithm=AWS4-HMAC-SHA256&X-Amz-Content-Sha256=UNSIGNED-PAYLOAD&X-Amz-Credential=AKIA45B7YWBX5HAZMGOU%2F20260223%2Feu-west-1%2Fs3%2Faws4_request&X-Amz-Date=20260223T001159Z&X-Amz-Expires=604800&X-Amz-Signature=80369caca23c18382f7b6321e784bc970a6e30d5bdc0daaa1bb362c54d34f3c8&X-Amz-SignedHeaders=host&response-content-disposition=attachment%3B%20filename%3D0d9e019c-f628-4589-a145-dd6d5dece814.flac&x-id=GetObject,0.256784916,24544
K2am-2021-04-11_16-00.WAV,2021 Kern 2,2021,4,11,16,0,sp32,Simple Call,40.72000122,41.5573349,2906,6188,24000,present,https://rfcx-streams-production.s3.eu-west-1.amazonaws.com/2021/04/11/pem8hxalyx7i/80023bbf-2e1f-4ab3-af5a-57bbb26cf31a.flac?X-Amz-Algorithm=AWS4-HMAC-SHA256&X-Amz-Content-Sha256=UNSIGNED-PAYLOAD&X-Amz-Credential=AKIA45B7YWBX5HAZMGOU%2F20260223%2Feu-west-1%2Fs3%2Faws4_request&X-Amz-Date=20260223T001159Z&X-Amz-Expires=604800&X-Amz-Signature=1460050f5e6d3e9305a27505f8d274aa5737ba8df139af94caf8911c39b92ad7&X-Amz-SignedHeaders=host&response-content-disposition=attachment%3B%20filename%3D80023bbf-2e1f-4ab3-af5a-57bbb26cf31a.flac&x-id=GetObject,0.206719205,24544
K2am-2021-04-11_18-00.WAV,2021 Kern 2,2021,4,11,18,0,sp32,Simple Call,6.282666683,7.119999886,2906,6188,24000,present,https://rfcx-streams-production.s3.eu-west-1.amazonaws.com/2021/04/12/pem8hxalyx7i/6ab553c2-8ddb-4a56-8b45-aa8cd1eae960.flac?X-Amz-Algorithm=AWS4-HMAC-SHA256&X-Amz-Content-Sha256=UNSIGNED-PAYLOAD&X-Amz-Credential=AKIA45B7YWBX5HAZMGOU%2F20260223%2Feu-west-1%2Fs3%2Faws4_request&X-Amz-Date=20260223T001206Z&X-Amz-Expires=604800&X-Amz-Signature=058aa6b01c20b1e10dd766bf6c78dccca7d0688796153e429ce88c8a2b6461de&X-Amz-SignedHeaders=host&response-content-disposition=attachment%3B%20filename%3D6ab553c2-8ddb-4a56-8b45-aa8cd1eae960.flac&x-id=GetObject,0.223778874,24544
K2am-2021-04-12_09-20.WAV,2021 Kern 2,2021,4,12,9,20,sp32,Simple Call,47.07733154,47.91466522,2906,6188,24000,present,https://rfcx-streams-production.s3.eu-west-1.amazonaws.com/2021/04/12/pem8hxalyx7i/3ced9037-f73c-4219-8ed5-ef863bb2a9e4.flac?X-Amz-Algorithm=AWS4-HMAC-SHA256&X-Amz-Content-Sha256=UNSIGNED-PAYLOAD&X-Amz-Credential=AKIA45B7YWBX5HAZMGOU%2F20260223%2Feu-west-1%2Fs3%2Faws4_request&X-Amz-Date=20260223T001159Z&X-Amz-Expires=604800&X-Amz-Signature=9f5a09a906220b52ceb73f69a4471b23a3f728ff850f31feedb59662c8e10bc5&X-Amz-SignedHeaders=host&response-content-disposition=attachment%3B%20filename%3D3ced9037-f73c-4219-8ed5-ef863bb2a9e4.flac&x-id=GetObject,0.241205543,24544
K2am-2021-04-12_09-40.WAV,2021 Kern 2,2021,4,12,9,40,sp32,Simple Call,50.83733368,51.67466736,2906,6188,24000,present,https://rfcx-streams-production.s3.eu-west-1.amazonaws.com/2021/04/12/pem8hxalyx7i/d00b9a1a-9a98-4604-aff2-a7a9a2ce240c.flac?X-Amz-Algorithm=AWS4-HMAC-SHA256&X-Amz-Content-Sha256=UNSIGNED-PAYLOAD&X-Amz-Credential=AKIA45B7YWBX5HAZMGOU%2F20260223%2Feu-west-1%2Fs3%2Faws4_request&X-Amz-Date=20260223T001159Z&X-Amz-Expires=604800&X-Amz-Signature=6f1c630bd10d8eec07f29c27506f7abd8b56e3d3084dd70d702def89758e5f0f&X-Amz-SignedHeaders=host&response-content-disposition=attachment%3B%20filename%3Dd00b9a1a-9a98-4604-aff2-a7a9a2ce240c.flac&x-id=GetObject,0.220436811,24544
K2am-2021-04-12_10-00.WAV,2021 Kern 2,2021,4,12,10,0,sp32,Simple Call,43.32799911,44.16533279,2906,6188,24000,present,https://rfcx-streams-production.s3.eu-west-1.amazonaws.com/2021/04/12/pem8hxalyx7i/90ce0387-2492-43d0-bb03-916fd1893d63.flac?X-Amz-Algorithm=AWS4-HMAC-SHA256&X-Amz-Content-Sha256=UNSIGNED-PAYLOAD&X-Amz-Credential=AKIA45B7YWBX5HAZMGOU%2F20260223%2Feu-west-1%2Fs3%2Faws4_request&X-Amz-Date=20260223T001159Z&X-Amz-Expires=604800&X-Amz-Signature=34e56745c6745ec5e5dd909685c4a3bb8db73678dd987e370977cb9ca8c8aa73&X-Amz-SignedHeaders=host&response-content-disposition=attachment%3B%20filename%3D90ce0387-2492-43d0-bb03-916fd1893d63.flac&x-id=GetObject,0.205675259,24544
K2am-2021-04-12_10-20.WAV,2021 Kern 2,2021,4,12,10,20,sp32,Simple Call,24.42133331,25.25866699,2906,6188,24000,present,https://rfcx-streams-production.s3.eu-west-1.amazonaws.com/2021/04/12/pem8hxalyx7i/5f730197-0dc1-409e-89f3-8b7bf74aabf4.flac?X-Amz-Algorithm=AWS4-HMAC-SHA256&X-Amz-Content-Sha256=UNSIGNED-PAYLOAD&X-Amz-Credential=AKIA45B7YWBX5HAZMGOU%2F20260223%2Feu-west-1%2Fs3%2Faws4_request&X-Amz-Date=20260223T001159Z&X-Amz-Expires=604800&X-Amz-Signature=bba61f9106873c0a2c1faa477f6c7858c87684c075c8e4cd1bfb409f5d31f328&X-Amz-SignedHeaders=host&response-content-disposition=attachment%3B%20filename%3D5f730197-0dc1-409e-89f3-8b7bf74aabf4.flac&x-id=GetObject,0.251396835,24544
K2am-2021-04-12_10-40.WAV,2021 Kern 2,2021,4,12,10,40,sp32,Simple Call,22.52266693,23.36000061,2906,6188,24000,present,https://rfcx-streams-production.s3.eu-west-1.amazonaws.com/2021/04/12/pem8hxalyx7i/4f10ffdd-b5ec-4122-9b1b-9397eb884b74.flac?X-Amz-Algorithm=AWS4-HMAC-SHA256&X-Amz-Content-Sha256=UNSIGNED-PAYLOAD&X-Amz-Credential=AKIA45B7YWBX5HAZMGOU%2F20260223%2Feu-west-1%2Fs3%2Faws4_request&X-Amz-Date=20260223T001159Z&X-Amz-Expires=604800&X-Amz-Signature=2d0fc08fced0dcf32514baccfc72f413dbe19991514a9ea4694cd1230dd142a0&X-Amz-SignedHeaders=host&response-content-disposition=attachment%3B%20filename%3D4f10ffdd-b5ec-4122-9b1b-9397eb884b74.flac&x-id=GetObject,0.276103556,24544
K2am-2021-04-12_11-00.WAV,2021 Kern 2,2021,4,12,11,0,sp32,Simple Call,19.99466705,20.83200073,2906,6188,24000,present,https://rfcx-streams-production.s3.eu-west-1.amazonaws.com/2021/04/12/pem8hxalyx7i/bbac732f-2e52-4a4f-ba17-f5cbe3af0f1c.flac?X-Amz-Algorithm=AWS4-HMAC-SHA256&X-Amz-Content-Sha256=UNSIGNED-PAYLOAD&X-Amz-Credential=AKIA45B7YWBX5HAZMGOU%2F20260223%2Feu-west-1%2Fs3%2Faws4_request&X-Amz-Date=20260223T001158Z&X-Amz-Expires=604800&X-Amz-Signature=90b365df36470ae1f2ba6b417aff69f9eb9700adbe4b561b5e9efcf6ac6334f7&X-Amz-SignedHeaders=host&response-content-disposition=attachment%3B%20filename%3Dbbac732f-2e52-4a4f-ba17-f5cbe3af0f1c.flac&x-id=GetObject,0.249918252,24544
K2am-2021-04-12_11-20.WAV,2021 Kern 2,2021,4,12,11,20,sp32,Simple Call,28.01600075,28.85333252,2906,6188,24000,present,https://rfcx-streams-production.s3.eu-west-1.amazonaws.com/2021/04/12/pem8hxalyx7i/75f83fa2-9755-42e5-8fa5-9c0f1eccdc19.flac?X-Amz-Algorithm=AWS4-HMAC-SHA256&X-Amz-Content-Sha256=UNSIGNED-PAYLOAD&X-Amz-Credential=AKIA45B7YWBX5HAZMGOU%2F20260223%2Feu-west-1%2Fs3%2Faws4_request&X-Amz-Date=20260223T001159Z&X-Amz-Expires=604800&X-Amz-Signature=82cb206abf591f54cbb3988be44bb010a4cf7f603d7d23771c15eaf11792317b&X-Amz-SignedHeaders=host&response-content-disposition=attachment%3B%20filename%3D75f83fa2-9755-42e5-8fa5-9c0f1eccdc19.flac&x-id=GetObject,0.295220226,24544
K2am-2021-04-12_11-40.WAV,2021 Kern 2,2021,4,12,11,40,sp32,Simple Call,57.61066818,58.44800186,2906,6188,24000,present,https://rfcx-streams-production.s3.eu-west-1.amazonaws.com/2021/04/12/pem8hxalyx7i/1fae76d5-c6de-45c2-a9ec-b70404286e65.flac?X-Amz-Algorithm=AWS4-HMAC-SHA256&X-Amz-Content-Sha256=UNSIGNED-PAYLOAD&X-Amz-Credential=AKIA45B7YWBX5HAZMGOU%2F20260223%2Feu-west-1%2Fs3%2Faws4_request&X-Amz-Date=20260223T001159Z&X-Amz-Expires=604800&X-Amz-Signature=b579f107a53836fff1e219435982a9b1ecfa2763b3978585a16a39bed1bf6d72&X-Amz-SignedHeaders=host&response-content-disposition=attachment%3B%20filename%3D1fae76d5-c6de-45c2-a9ec-b70404286e65.flac&x-id=GetObject,0.293164104,24544
K2am-2021-04-12_12-00.WAV,2021 Kern 2,2021,4,12,12,0,sp32,Simple Call,57.48266602,58.31999969,2906,6188,24000,present,https://rfcx-streams-production.s3.eu-west-1.amazonaws.com/2021/04/12/pem8hxalyx7i/360de0ab-acc1-4ec1-9c27-5467da17dd38.flac?X-Amz-Algorithm=AWS4-HMAC-SHA256&X-Amz-Content-Sha256=UNSIGNED-PAYLOAD&X-Amz-Credential=AKIA45B7YWBX5HAZMGOU%2F20260223%2Feu-west-1%2Fs3%2Faws4_request&X-Amz-Date=20260223T001159Z&X-Amz-Expires=604800&X-Amz-Signature=464a89ca198be9cd288a3105b4bba937f8c01f4f55bc54de231dfce0ca6e9c50&X-Amz-SignedHeaders=host&response-content-disposition=attachment%3B%20filename%3D360de0ab-acc1-4ec1-9c27-5467da17dd38.flac&x-id=GetObject,0.247165844,24544
K2am-2021-04-12_16-20.WAV,2021 Kern 2,2021,4,12,16,20,sp32,Simple Call,53.17333221,54.01066589,2906,6188,24000,present,https://rfcx-streams-production.s3.eu-west-1.amazonaws.com/2021/04/12/pem8hxalyx7i/ea65c550-7912-4255-a406-bb4f9f73a54b.flac?X-Amz-Algorithm=AWS4-HMAC-SHA256&X-Amz-Content-Sha256=UNSIGNED-PAYLOAD&X-Amz-Credential=AKIA45B7YWBX5HAZMGOU%2F20260223%2Feu-west-1%2Fs3%2Faws4_request&X-Amz-Date=20260223T001159Z&X-Amz-Expires=604800&X-Amz-Signature=8a30126aa8964eb216b13fc49875e70ff85af665f8cffcfa3928290e17b17373&X-Amz-SignedHeaders=host&response-content-disposition=attachment%3B%20filename%3Dea65c550-7912-4255-a406-bb4f9f73a54b.flac&x-id=GetObject,0.238278478,24544
K2am-2021-04-12_16-40.WAV,2021 Kern 2,2021,4,12,16,40,sp32,Simple Call,46.05866623,46.89599991,2906,6188,24000,present,https://rfcx-streams-production.s3.eu-west-1.amazonaws.com/2021/04/12/pem8hxalyx7i/ccc44873-7256-4b5a-9ebd-8e9c4c894292.flac?X-Amz-Algorithm=AWS4-HMAC-SHA256&X-Amz-Content-Sha256=UNSIGNED-PAYLOAD&X-Amz-Credential=AKIA45B7YWBX5HAZMGOU%2F20260223%2Feu-west-1%2Fs3%2Faws4_request&X-Amz-Date=20260223T001159Z&X-Amz-Expires=604800&X-Amz-Signature=a9e61169499cfe5bce0a8aea94b2a7d69b0ef6745fb23ea5090ca09c4f36c7c4&X-Amz-SignedHeaders=host&response-content-disposition=attachment%3B%20filename%3Dccc44873-7256-4b5a-9ebd-8e9c4c894292.flac&x-id=GetObject,0.215127975,24544
K2am-2021-04-12_17-00.WAV,2021 Kern 2,2021,4,12,17,0,sp32,Simple Call,22.27199936,23.10933304,2906,6188,24000,present,https://rfcx-streams-production.s3.eu-west-1.amazonaws.com/2021/04/13/pem8hxalyx7i/c552dff1-7f0c-4729-94e2-ebad4623d04a.flac?X-Amz-Algorithm=AWS4-HMAC-SHA256&X-Amz-Content-Sha256=UNSIGNED-PAYLOAD&X-Amz-Credential=AKIA45B7YWBX5HAZMGOU%2F20260223%2Feu-west-1%2Fs3%2Faws4_request&X-Amz-Date=20260223T001159Z&X-Amz-Expires=604800&X-Amz-Signature=2699c2b3b591f6a5dced1724063b7255bad8ae372700d4de7571948a74b94eb5&X-Amz-SignedHeaders=host&response-content-disposition=attachment%3B%20filename%3Dc552dff1-7f0c-4729-94e2-ebad4623d04a.flac&x-id=GetObject,0.283609509,24544
K2am-2021-04-12_17-40.WAV,2021 Kern 2,2021,4,12,17,40,sp32,Simple Call,27.67466736,28.51199913,2906,6188,24000,present,https://rfcx-streams-production.s3.eu-west-1.amazonaws.com/2021/04/13/pem8hxalyx7i/92455508-462e-48ba-8223-b187b85aef34.flac?X-Amz-Algorithm=AWS4-HMAC-SHA256&X-Amz-Content-Sha256=UNSIGNED-PAYLOAD&X-Amz-Credential=AKIA45B7YWBX5HAZMGOU%2F20260223%2Feu-west-1%2Fs3%2Faws4_request&X-Amz-Date=20260223T001159Z&X-Amz-Expires=604800&X-Amz-Signature=d450777cfc8e7a3b05b72a76643287ba7b065973521a1bd3b2d00a30e4f5a5a6&X-Amz-SignedHeaders=host&response-content-disposition=attachment%3B%20filename%3D92455508-462e-48ba-8223-b187b85aef34.flac&x-id=GetObject,0.234193236,24544
K2am-2021-04-12_20-40.WAV,2021 Kern 2,2021,4,12,20,40,sp32,Simple Call,33.26399994,34.10133362,2906,6188,24000,present,https://rfcx-streams-production.s3.eu-west-1.amazonaws.com/2021/04/13/pem8hxalyx7i/965ffc33-7483-4106-ad26-7dd2f6cc9f45.flac?X-Amz-Algorithm=AWS4-HMAC-SHA256&X-Amz-Content-Sha256=UNSIGNED-PAYLOAD&X-Amz-Credential=AKIA45B7YWBX5HAZMGOU%2F20260223%2Feu-west-1%2Fs3%2Faws4_request&X-Amz-Date=20260223T001159Z&X-Amz-Expires=604800&X-Amz-Signature=da09461dc322b8a35fadf8540781f62bd86d6a03d3205328df33033d8463924c&X-Amz-SignedHeaders=host&response-content-disposition=attachment%3B%20filename%3D965ffc33-7483-4106-ad26-7dd2f6cc9f45.flac&x-id=GetObject,0.236616015,24544
K2am-2021-04-13_11-00.WAV,2021 Kern 2,2021,4,13,11,0,sp32,Simple Call,11.13066673,11.96800041,2906,6188,24000,present,https://rfcx-streams-production.s3.eu-west-1.amazonaws.com/2021/04/13/pem8hxalyx7i/313fc3dd-4f0e-49a5-80fa-426bc95b6cdf.flac?X-Amz-Algorithm=AWS4-HMAC-SHA256&X-Amz-Content-Sha256=UNSIGNED-PAYLOAD&X-Amz-Credential=AKIA45B7YWBX5HAZMGOU%2F20260223%2Feu-west-1%2Fs3%2Faws4_request&X-Amz-Date=20260223T001159Z&X-Amz-Expires=604800&X-Amz-Signature=5d30aaa2a8961d5875abd3fb1a0737a88ee52fe9373a24e38afb94b29feda041&X-Amz-SignedHeaders=host&response-content-disposition=attachment%3B%20filename%3D313fc3dd-4f0e-49a5-80fa-426bc95b6cdf.flac&x-id=GetObject,0.331420898,24544
K2am-2021-04-13_11-20.WAV,2021 Kern 2,2021,4,13,11,20,sp32,Simple Call,13.20533371,14.04266644,2906,6188,24000,present,https://rfcx-streams-production.s3.eu-west-1.amazonaws.com/2021/04/13/pem8hxalyx7i/a3e5ad84-a979-466b-8579-e35a7f449c6b.flac?X-Amz-Algorithm=AWS4-HMAC-SHA256&X-Amz-Content-Sha256=UNSIGNED-PAYLOAD&X-Amz-Credential=AKIA45B7YWBX5HAZMGOU%2F20260223%2Feu-west-1%2Fs3%2Faws4_request&X-Amz-Date=20260223T001159Z&X-Amz-Expires=604800&X-Amz-Signature=647e31c4f7b2e3254f9e09323c4ecd58f19b1e3bb1fbf0daa817476e5ebedbda&X-Amz-SignedHeaders=host&response-content-disposition=attachment%3B%20filename%3Da3e5ad84-a979-466b-8579-e35a7f449c6b.flac&x-id=GetObject,0.222808957,24544
K2am-2021-04-13_11-40.WAV,2021 Kern 2,2021,4,13,11,40,sp32,Simple Call,3.301333427,4.13866663,2906,6188,24000,present,https://rfcx-streams-production.s3.eu-west-1.amazonaws.com/2021/04/13/pem8hxalyx7i/5334dd20-8fc8-462d-b151-a2166b8f4641.flac?X-Amz-Algorithm=AWS4-HMAC-SHA256&X-Amz-Content-Sha256=UNSIGNED-PAYLOAD&X-Amz-Credential=AKIA45B7YWBX5HAZMGOU%2F20260223%2Feu-west-1%2Fs3%2Faws4_request&X-Amz-Date=20260223T001159Z&X-Amz-Expires=604800&X-Amz-Signature=0c8423c48c0af336732817eea2f593029f0f2b463421062911723dd7eaea9a68&X-Amz-SignedHeaders=host&response-content-disposition=attachment%3B%20filename%3D5334dd20-8fc8-462d-b151-a2166b8f4641.flac&x-id=GetObject,0.232693836,24544
K2am-2021-04-13_12-00.WAV,2021 Kern 2,2021,4,13,12,0,sp32,Simple Call,58.82133484,59.65866852,2906,6188,24000,present,https://rfcx-streams-production.s3.eu-west-1.amazonaws.com/2021/04/13/pem8hxalyx7i/375e4ca9-68a8-48b1-9dc8-20aafc5512de.flac?X-Amz-Algorithm=AWS4-HMAC-SHA256&X-Amz-Content-Sha256=UNSIGNED-PAYLOAD&X-Amz-Credential=AKIA45B7YWBX5HAZMGOU%2F20260223%2Feu-west-1%2Fs3%2Faws4_request&X-Amz-Date=20260223T001159Z&X-Amz-Expires=604800&X-Amz-Signature=cf56275ec0eaef5fc4a8389deeffb2a5230198c8e7c8352927e9585a692b588a&X-Amz-SignedHeaders=host&response-content-disposition=attachment%3B%20filename%3D375e4ca9-68a8-48b1-9dc8-20aafc5512de.flac&x-id=GetObject,0.25001964,24544
K2am-2021-04-13_12-40.WAV,2021 Kern 2,2021,4,13,12,40,sp32,Simple Call,40.43199921,41.26933289,2906,6188,24000,present,https://rfcx-streams-production.s3.eu-west-1.amazonaws.com/2021/04/13/pem8hxalyx7i/5b3c1ca2-f14c-45ca-b03b-d51c53518635.flac?X-Amz-Algorithm=AWS4-HMAC-SHA256&X-Amz-Content-Sha256=UNSIGNED-PAYLOAD&X-Amz-Credential=AKIA45B7YWBX5HAZMGOU%2F20260223%2Feu-west-1%2Fs3%2Faws4_request&X-Amz-Date=20260223T001159Z&X-Amz-Expires=604800&X-Amz-Signature=9ad0c763ef882b11e0a90e1fbf9d8bfcc34c5399836f835273a5dfccc104e466&X-Amz-SignedHeaders=host&response-content-disposition=attachment%3B%20filename%3D5b3c1ca2-f14c-45ca-b03b-d51c53518635.flac&x-id=GetObject,0.297706902,24544
K2am-2021-04-13_14-40.WAV,2021 Kern 2,2021,4,13,14,40,sp32,Simple Call,59.04533386,59.88266754,2906,6188,24000,present,https://rfcx-streams-production.s3.eu-west-1.amazonaws.com/2021/04/13/pem8hxalyx7i/fccb2bd2-ba68-4dcd-b747-011ed5cb4fff.flac?X-Amz-Algorithm=AWS4-HMAC-SHA256&X-Amz-Content-Sha256=UNSIGNED-PAYLOAD&X-Amz-Credential=AKIA45B7YWBX5HAZMGOU%2F20260223%2Feu-west-1%2Fs3%2Faws4_request&X-Amz-Date=20260223T001206Z&X-Amz-Expires=604800&X-Amz-Signature=7d9ea29680fcae5304f2ef6bd5ad4ee5a8c6db5e710cdbf80be9c826eef6b4df&X-Amz-SignedHeaders=host&response-content-disposition=attachment%3B%20filename%3Dfccb2bd2-ba68-4dcd-b747-011ed5cb4fff.flac&x-id=GetObject,0.260835528,24544
K2am-2021-04-13_15-40.WAV,2021 Kern 2,2021,4,13,15,40,sp32,Simple Call,9.066666603,9.904000282,2906,6188,24000,present,https://rfcx-streams-production.s3.eu-west-1.amazonaws.com/2021/04/13/pem8hxalyx7i/89f67e67-2485-4f6f-8dde-44378940ef5e.flac?X-Amz-Algorithm=AWS4-HMAC-SHA256&X-Amz-Content-Sha256=UNSIGNED-PAYLOAD&X-Amz-Credential=AKIA45B7YWBX5HAZMGOU%2F20260223%2Feu-west-1%2Fs3%2Faws4_request&X-Amz-Date=20260223T001159Z&X-Amz-Expires=604800&X-Amz-Signature=b6c5bf9456177ed14341ab72e9007043ea80763a6be29efd00f94c0e1959d0ef&X-Amz-SignedHeaders=host&response-content-disposition=attachment%3B%20filename%3D89f67e67-2485-4f6f-8dde-44378940ef5e.flac&x-id=GetObject,0.209891871,24544
K2am-2021-04-13_16-00.WAV,2021 Kern 2,2021,4,13,16,0,sp32,Simple Call,3.605333328,4.442666531,2906,6188,24000,present,https://rfcx-streams-production.s3.eu-west-1.amazonaws.com/2021/04/13/pem8hxalyx7i/7b6b5333-14c8-4d72-a26b-197f2eb60418.flac?X-Amz-Algorithm=AWS4-HMAC-SHA256&X-Amz-Content-Sha256=UNSIGNED-PAYLOAD&X-Amz-Credential=AKIA45B7YWBX5HAZMGOU%2F20260223%2Feu-west-1%2Fs3%2Faws4_request&X-Amz-Date=20260223T001158Z&X-Amz-Expires=604800&X-Amz-Signature=d7020deeddfb7fa24c64f026274a4f00ef28a8acf03ec012e70a78c43c880373&X-Amz-SignedHeaders=host&response-content-disposition=attachment%3B%20filename%3D7b6b5333-14c8-4d72-a26b-197f2eb60418.flac&x-id=GetObject,0.298745155,24544
K2am-2021-04-13_16-20.WAV,2021 Kern 2,2021,4,13,16,20,sp32,Simple Call,50.12266541,50.95999908,2906,6188,24000,present,https://rfcx-streams-production.s3.eu-west-1.amazonaws.com/2021/04/13/pem8hxalyx7i/a5718a67-ba00-451c-a95e-327250212eb7.flac?X-Amz-Algorithm=AWS4-HMAC-SHA256&X-Amz-Content-Sha256=UNSIGNED-PAYLOAD&X-Amz-Credential=AKIA45B7YWBX5HAZMGOU%2F20260223%2Feu-west-1%2Fs3%2Faws4_request&X-Amz-Date=20260223T001158Z&X-Amz-Expires=604800&X-Amz-Signature=7c0052624dd7af6c9e7e8c292b7b236d90eb16656b489df96af5aac3160e3abc&X-Amz-SignedHeaders=host&response-content-disposition=attachment%3B%20filename%3Da5718a67-ba00-451c-a95e-327250212eb7.flac&x-id=GetObject,0.232612699,24544
K2am-2021-04-13_16-40.WAV,2021 Kern 2,2021,4,13,16,40,sp32,Simple Call,17.66399956,18.50133324,2906,6188,24000,present,https://rfcx-streams-production.s3.eu-west-1.amazonaws.com/2021/04/13/pem8hxalyx7i/18cc5a00-93c0-4648-ae12-2372129b8360.flac?X-Amz-Algorithm=AWS4-HMAC-SHA256&X-Amz-Content-Sha256=UNSIGNED-PAYLOAD&X-Amz-Credential=AKIA45B7YWBX5HAZMGOU%2F20260223%2Feu-west-1%2Fs3%2Faws4_request&X-Amz-Date=20260223T001158Z&X-Amz-Expires=604800&X-Amz-Signature=8cdbd5bf69c4d87a9571897a554de88013d7cf0164eb72f7658eca27cb4896b6&X-Amz-SignedHeaders=host&response-content-disposition=attachment%3B%20filename%3D18cc5a00-93c0-4648-ae12-2372129b8360.flac&x-id=GetObject,0.228310347,24544
K2am-2021-04-13_17-00.WAV,2021 Kern 2,2021,4,13,17,0,sp32,Simple Call,1.274666667,2.111999989,2906,6188,24000,present,https://rfcx-streams-production.s3.eu-west-1.amazonaws.com/2021/04/14/pem8hxalyx7i/8008e8b5-dc09-4169-bb8e-e0568ab7df3a.flac?X-Amz-Algorithm=AWS4-HMAC-SHA256&X-Amz-Content-Sha256=UNSIGNED-PAYLOAD&X-Amz-Credential=AKIA45B7YWBX5HAZMGOU%2F20260223%2Feu-west-1%2Fs3%2Faws4_request&X-Amz-Date=20260223T001158Z&X-Amz-Expires=604800&X-Amz-Signature=4904f08371c9140f84727b5d9c8da8ec5b8a781860bb50894e2e9fc88cfdce6c&X-Amz-SignedHeaders=host&response-content-disposition=attachment%3B%20filename%3D8008e8b5-dc09-4169-bb8e-e0568ab7df3a.flac&x-id=GetObject,0.282441229,24544
K2am-2021-04-13_17-20.WAV,2021 Kern 2,2021,4,13,17,20,sp32,Simple Call,48.40533447,49.24266815,2906,6188,24000,present,https://rfcx-streams-production.s3.eu-west-1.amazonaws.com/2021/04/14/pem8hxalyx7i/8cbead60-0cd5-4b84-9c18-c0b4b8a85dc9.flac?X-Amz-Algorithm=AWS4-HMAC-SHA256&X-Amz-Content-Sha256=UNSIGNED-PAYLOAD&X-Amz-Credential=AKIA45B7YWBX5HAZMGOU%2F20260223%2Feu-west-1%2Fs3%2Faws4_request&X-Amz-Date=20260223T001159Z&X-Amz-Expires=604800&X-Amz-Signature=975ed4f389aadcd890a1154f0a4601d2e68645c16def7e6aca0f3727a79079ec&X-Amz-SignedHeaders=host&response-content-disposition=attachment%3B%20filename%3D8cbead60-0cd5-4b84-9c18-c0b4b8a85dc9.flac&x-id=GetObject,0.274958551,24544
K2am-2021-04-13_17-40.WAV,2021 Kern 2,2021,4,13,17,40,sp32,Simple Call,27.58933258,28.42666626,2906,6188,24000,present,https://rfcx-streams-production.s3.eu-west-1.amazonaws.com/2021/04/14/pem8hxalyx7i/4677dbfc-d013-4bc8-b0b2-aaa9c2d1462e.flac?X-Amz-Algorithm=AWS4-HMAC-SHA256&X-Amz-Content-Sha256=UNSIGNED-PAYLOAD&X-Amz-Credential=AKIA45B7YWBX5HAZMGOU%2F20260223%2Feu-west-1%2Fs3%2Faws4_request&X-Amz-Date=20260223T001158Z&X-Amz-Expires=604800&X-Amz-Signature=7079c5687acfe738434aea3a3cd9eb13044a6409064d0d2f141ecad87684b064&X-Amz-SignedHeaders=host&response-content-disposition=attachment%3B%20filename%3D4677dbfc-d013-4bc8-b0b2-aaa9c2d1462e.flac&x-id=GetObject,0.296408892,24544
K2am-2021-04-13_18-00.WAV,2021 Kern 2,2021,4,13,18,0,sp32,Simple Call,8.512000084,9.349333763,2906,6188,24000,present,https://rfcx-streams-production.s3.eu-west-1.amazonaws.com/2021/04/14/pem8hxalyx7i/070a30c5-2c46-42e4-be70-b516d7d49005.flac?X-Amz-Algorithm=AWS4-HMAC-SHA256&X-Amz-Content-Sha256=UNSIGNED-PAYLOAD&X-Amz-Credential=AKIA45B7YWBX5HAZMGOU%2F20260223%2Feu-west-1%2Fs3%2Faws4_request&X-Amz-Date=20260223T001159Z&X-Amz-Expires=604800&X-Amz-Signature=808a584cb8bd11954a80544eddec8702e8f479dcb91cffda77922313a3fdbb53&X-Amz-SignedHeaders=host&response-content-disposition=attachment%3B%20filename%3D070a30c5-2c46-42e4-be70-b516d7d49005.flac&x-id=GetObject,0.264161676,24544
K2am-2021-04-13_18-20.WAV,2021 Kern 2,2021,4,13,18,20,sp32,Simple Call,21.94133377,22.77866745,2906,6188,24000,present,https://rfcx-streams-production.s3.eu-west-1.amazonaws.com/2021/04/14/pem8hxalyx7i/e3d4df99-a911-4186-84f5-b6d81df448d2.flac?X-Amz-Algorithm=AWS4-HMAC-SHA256&X-Amz-Content-Sha256=UNSIGNED-PAYLOAD&X-Amz-Credential=AKIA45B7YWBX5HAZMGOU%2F20260223%2Feu-west-1%2Fs3%2Faws4_request&X-Amz-Date=20260223T001158Z&X-Amz-Expires=604800&X-Amz-Signature=1f0e4ded49449b446ae3292eae45897639f112a0d5f92638a7769b9925729be6&X-Amz-SignedHeaders=host&response-content-disposition=attachment%3B%20filename%3De3d4df99-a911-4186-84f5-b6d81df448d2.flac&x-id=GetObject,0.270538151,24544
K2am-2021-04-13_21-20.WAV,2021 Kern 2,2021,4,13,21,20,sp32,Simple Call,19.46133423,20.298666,2906,6188,24000,present,https://rfcx-streams-production.s3.eu-west-1.amazonaws.com/2021/04/14/pem8hxalyx7i/52907ce0-ec85-4e45-a5d7-2c94a647bbca.flac?X-Amz-Algorithm=AWS4-HMAC-SHA256&X-Amz-Content-Sha256=UNSIGNED-PAYLOAD&X-Amz-Credential=AKIA45B7YWBX5HAZMGOU%2F20260223%2Feu-west-1%2Fs3%2Faws4_request&X-Amz-Date=20260223T001159Z&X-Amz-Expires=604800&X-Amz-Signature=e00dcde8ff2308667680050147f676fda1cfd7ca1e6f951c082c4452938915ad&X-Amz-SignedHeaders=host&response-content-disposition=attachment%3B%20filename%3D52907ce0-ec85-4e45-a5d7-2c94a647bbca.flac&x-id=GetObject,0.203176945,24544
K2am-2021-04-14_09-40.WAV,2021 Kern 2,2021,4,14,9,40,sp32,Simple Call,26.26133347,27.09866714,2906,6188,24000,present,https://rfcx-streams-production.s3.eu-west-1.amazonaws.com/2021/04/14/pem8hxalyx7i/57ddd016-ce6d-4609-97ff-a256928d3b58.flac?X-Amz-Algorithm=AWS4-HMAC-SHA256&X-Amz-Content-Sha256=UNSIGNED-PAYLOAD&X-Amz-Credential=AKIA45B7YWBX5HAZMGOU%2F20260223%2Feu-west-1%2Fs3%2Faws4_request&X-Amz-Date=20260223T001158Z&X-Amz-Expires=604800&X-Amz-Signature=6e9843ec30060da53aa8b2c3bb28e5a563e3fb438e9a07c28b821bacdf163b25&X-Amz-SignedHeaders=host&response-content-disposition=attachment%3B%20filename%3D57ddd016-ce6d-4609-97ff-a256928d3b58.flac&x-id=GetObject,0.217570513,24544
K2am-2021-04-14_11-20.WAV,2021 Kern 2,2021,4,14,11,20,sp32,Simple Call,20.36266708,21.20000076,2906,6188,24000,present,https://rfcx-streams-production.s3.eu-west-1.amazonaws.com/2021/04/14/pem8hxalyx7i/3f94628e-1aea-476f-a521-4bb3971c83ab.flac?X-Amz-Algorithm=AWS4-HMAC-SHA256&X-Amz-Content-Sha256=UNSIGNED-PAYLOAD&X-Amz-Credential=AKIA45B7YWBX5HAZMGOU%2F20260223%2Feu-west-1%2Fs3%2Faws4_request&X-Amz-Date=20260223T001159Z&X-Amz-Expires=604800&X-Amz-Signature=e11a61fe50f6623e9ac1305d54f1f1c876b0cf69e6813d09198d6f633c3128b4&X-Amz-SignedHeaders=host&response-content-disposition=attachment%3B%20filename%3D3f94628e-1aea-476f-a521-4bb3971c83ab.flac&x-id=GetObject,0.220753357,24544
K2am-2021-04-14_11-40.WAV,2021 Kern 2,2021,4,14,11,40,sp32,Simple Call,23.55733299,24.39466667,2906,6188,24000,present,https://rfcx-streams-production.s3.eu-west-1.amazonaws.com/2021/04/14/pem8hxalyx7i/0e479000-8b3d-497a-ad99-0f6c971668c6.flac?X-Amz-Algorithm=AWS4-HMAC-SHA256&X-Amz-Content-Sha256=UNSIGNED-PAYLOAD&X-Amz-Credential=AKIA45B7YWBX5HAZMGOU%2F20260223%2Feu-west-1%2Fs3%2Faws4_request&X-Amz-Date=20260223T001159Z&X-Amz-Expires=604800&X-Amz-Signature=1fda2208bf646aca62bb0ae4f4f772ddfc66bd0d63e9dfec1a0339ef42ee6631&X-Amz-SignedHeaders=host&response-content-disposition=attachment%3B%20filename%3D0e479000-8b3d-497a-ad99-0f6c971668c6.flac&x-id=GetObject,0.228423432,24544
K2am-2021-04-14_12-00.WAV,2021 Kern 2,2021,4,14,12,0,sp32,Simple Call,46.59199905,47.42933273,2906,6188,24000,present,https://rfcx-streams-production.s3.eu-west-1.amazonaws.com/2021/04/14/pem8hxalyx7i/27982568-3fe6-4bd2-8427-5109cdcea99b.flac?X-Amz-Algorithm=AWS4-HMAC-SHA256&X-Amz-Content-Sha256=UNSIGNED-PAYLOAD&X-Amz-Credential=AKIA45B7YWBX5HAZMGOU%2F20260223%2Feu-west-1%2Fs3%2Faws4_request&X-Amz-Date=20260223T001159Z&X-Amz-Expires=604800&X-Amz-Signature=9c8a87b4b24837f53cb60f09f84ef81989504fea1bc0a93d8fc023c887bc6aad&X-Amz-SignedHeaders=host&response-content-disposition=attachment%3B%20filename%3D27982568-3fe6-4bd2-8427-5109cdcea99b.flac&x-id=GetObject,0.208513513,24544
K2am-2021-04-14_13-00.WAV,2021 Kern 2,2021,4,14,13,0,sp32,Simple Call,28.39466667,29.23200035,2906,6188,24000,present,https://rfcx-streams-production.s3.eu-west-1.amazonaws.com/2021/04/14/pem8hxalyx7i/90c018d3-e905-4d19-b684-1338b293236b.flac?X-Amz-Algorithm=AWS4-HMAC-SHA256&X-Amz-Content-Sha256=UNSIGNED-PAYLOAD&X-Amz-Credential=AKIA45B7YWBX5HAZMGOU%2F20260223%2Feu-west-1%2Fs3%2Faws4_request&X-Amz-Date=20260223T001158Z&X-Amz-Expires=604800&X-Amz-Signature=fca504a2cf8ad000c810f2a39e5eb0eb6bab8776aa8f4e25543e546b43a6daec&X-Amz-SignedHeaders=host&response-content-disposition=attachment%3B%20filename%3D90c018d3-e905-4d19-b684-1338b293236b.flac&x-id=GetObject,0.214080766,24544
K2am-2021-04-14_13-20.WAV,2021 Kern 2,2021,4,14,13,20,sp32,Simple Call,0.032000002,0.869333327,2906,6188,24000,present,https://rfcx-streams-production.s3.eu-west-1.amazonaws.com/2021/04/14/pem8hxalyx7i/378b2a6d-135e-424d-b94f-9fc886336f15.flac?X-Amz-Algorithm=AWS4-HMAC-SHA256&X-Amz-Content-Sha256=UNSIGNED-PAYLOAD&X-Amz-Credential=AKIA45B7YWBX5HAZMGOU%2F20260223%2Feu-west-1%2Fs3%2Faws4_request&X-Amz-Date=20260223T001158Z&X-Amz-Expires=604800&X-Amz-Signature=79b024a0cb69b65ac23b3471bb53a996fd2f92b391d13668fbe0ff385e125aca&X-Amz-SignedHeaders=host&response-content-disposition=attachment%3B%20filename%3D378b2a6d-135e-424d-b94f-9fc886336f15.flac&x-id=GetObject,0.228006601,24544
K2am-2021-04-14_13-40.WAV,2021 Kern 2,2021,4,14,13,40,sp32,Simple Call,58.98666763,59.82400131,2906,6188,24000,present,https://rfcx-streams-production.s3.eu-west-1.amazonaws.com/2021/04/14/pem8hxalyx7i/d73d89c6-d6ae-4804-a2d8-969a3d8f0fe6.flac?X-Amz-Algorithm=AWS4-HMAC-SHA256&X-Amz-Content-Sha256=UNSIGNED-PAYLOAD&X-Amz-Credential=AKIA45B7YWBX5HAZMGOU%2F20260223%2Feu-west-1%2Fs3%2Faws4_request&X-Amz-Date=20260223T001159Z&X-Amz-Expires=604800&X-Amz-Signature=da88589c8d8e3b78354cedc273392f64ae616a418c5b1959fe699ff298f277d7&X-Amz-SignedHeaders=host&response-content-disposition=attachment%3B%20filename%3Dd73d89c6-d6ae-4804-a2d8-969a3d8f0fe6.flac&x-id=GetObject,0.219510809,24544
K2am-2021-04-14_14-00.WAV,2021 Kern 2,2021,4,14,14,0,sp32,Simple Call,6.629333496,7.466666698,2906,6188,24000,present,https://rfcx-streams-production.s3.eu-west-1.amazonaws.com/2021/04/14/pem8hxalyx7i/0d066ebf-d491-486d-86a0-389e5f6914cb.flac?X-Amz-Algorithm=AWS4-HMAC-SHA256&X-Amz-Content-Sha256=UNSIGNED-PAYLOAD&X-Amz-Credential=AKIA45B7YWBX5HAZMGOU%2F20260223%2Feu-west-1%2Fs3%2Faws4_request&X-Amz-Date=20260223T001158Z&X-Amz-Expires=604800&X-Amz-Signature=bbce0fbdbd721c11656e798f736591a97ff5eadd31a2c5ae35848d8fbfc16717&X-Amz-SignedHeaders=host&response-content-disposition=attachment%3B%20filename%3D0d066ebf-d491-486d-86a0-389e5f6914cb.flac&x-id=GetObject,0.234902188,24544
K2am-2021-04-14_15-20.WAV,2021 Kern 2,2021,4,14,15,20,sp32,Simple Call,20.01600075,20.85333252,2906,6188,24000,present,https://rfcx-streams-production.s3.eu-west-1.amazonaws.com/2021/04/14/pem8hxalyx7i/813b8053-ef40-4280-b873-8f555a03133e.flac?X-Amz-Algorithm=AWS4-HMAC-SHA256&X-Amz-Content-Sha256=UNSIGNED-PAYLOAD&X-Amz-Credential=AKIA45B7YWBX5HAZMGOU%2F20260223%2Feu-west-1%2Fs3%2Faws4_request&X-Amz-Date=20260223T001158Z&X-Amz-Expires=604800&X-Amz-Signature=6214aa14185644057df3fb20d785777f11ab5a55c2dd1fcc34f1bf12a91dbf6c&X-Amz-SignedHeaders=host&response-content-disposition=attachment%3B%20filename%3D813b8053-ef40-4280-b873-8f555a03133e.flac&x-id=GetObject,0.202750519,24544
K2am-2021-04-14_16-00.WAV,2021 Kern 2,2021,4,14,16,0,sp32,Simple Call,50.597332,51.43466568,2906,6188,24000,present,https://rfcx-streams-production.s3.eu-west-1.amazonaws.com/2021/04/14/pem8hxalyx7i/ae7afb51-a7f4-457b-861f-0d194563cdd6.flac?X-Amz-Algorithm=AWS4-HMAC-SHA256&X-Amz-Content-Sha256=UNSIGNED-PAYLOAD&X-Amz-Credential=AKIA45B7YWBX5HAZMGOU%2F20260223%2Feu-west-1%2Fs3%2Faws4_request&X-Amz-Date=20260223T001158Z&X-Amz-Expires=604800&X-Amz-Signature=78631ea14577ef8a51cc20c08005a6e03b68d0b6006efb6155de6acf0177bb1b&X-Amz-SignedHeaders=host&response-content-disposition=attachment%3B%20filename%3Dae7afb51-a7f4-457b-861f-0d194563cdd6.flac&x-id=GetObject,0.274391383,24544
K2am-2021-04-14_16-20.WAV,2021 Kern 2,2021,4,14,16,20,sp32,Simple Call,45.81866837,46.65599823,2906,6188,24000,present,https://rfcx-streams-production.s3.eu-west-1.amazonaws.com/2021/04/14/pem8hxalyx7i/982bf745-f838-4c37-b9eb-b65dddc28351.flac?X-Amz-Algorithm=AWS4-HMAC-SHA256&X-Amz-Content-Sha256=UNSIGNED-PAYLOAD&X-Amz-Credential=AKIA45B7YWBX5HAZMGOU%2F20260223%2Feu-west-1%2Fs3%2Faws4_request&X-Amz-Date=20260223T001159Z&X-Amz-Expires=604800&X-Amz-Signature=9dfe1a362a2659be6c07105b6b87040b5d248d561e44e8eeb7560b1606de1f5b&X-Amz-SignedHeaders=host&response-content-disposition=attachment%3B%20filename%3D982bf745-f838-4c37-b9eb-b65dddc28351.flac&x-id=GetObject,0.227867886,24544
K2am-2021-04-14_17-00.WAV,2021 Kern 2,2021,4,14,17,0,sp32,Simple Call,53.65866852,54.49599838,2906,6188,24000,present,https://rfcx-streams-production.s3.eu-west-1.amazonaws.com/2021/04/15/pem8hxalyx7i/44a38a9f-91f1-4bf9-9460-8f85bfe4b953.flac?X-Amz-Algorithm=AWS4-HMAC-SHA256&X-Amz-Content-Sha256=UNSIGNED-PAYLOAD&X-Amz-Credential=AKIA45B7YWBX5HAZMGOU%2F20260223%2Feu-west-1%2Fs3%2Faws4_request&X-Amz-Date=20260223T001158Z&X-Amz-Expires=604800&X-Amz-Signature=f6a7cc2a3363cdb8d2413c264fc7f8fa3a54f563fbce93911d5902060064c80f&X-Amz-SignedHeaders=host&response-content-disposition=attachment%3B%20filename%3D44a38a9f-91f1-4bf9-9460-8f85bfe4b953.flac&x-id=GetObject,0.237927526,24544
K2am-2021-04-14_17-20.WAV,2021 Kern 2,2021,4,14,17,20,sp32,Simple Call,20.46933365,21.30666733,2906,6188,24000,present,https://rfcx-streams-production.s3.eu-west-1.amazonaws.com/2021/04/15/pem8hxalyx7i/9868b7dd-9bff-4dea-af86-9de969314829.flac?X-Amz-Algorithm=AWS4-HMAC-SHA256&X-Amz-Content-Sha256=UNSIGNED-PAYLOAD&X-Amz-Credential=AKIA45B7YWBX5HAZMGOU%2F20260223%2Feu-west-1%2Fs3%2Faws4_request&X-Amz-Date=20260223T001159Z&X-Amz-Expires=604800&X-Amz-Signature=fc3ae3e2f2efb61f5a3bb8f879e47c85c725372709651b5a0964ac3fbe9957e0&X-Amz-SignedHeaders=host&response-content-disposition=attachment%3B%20filename%3D9868b7dd-9bff-4dea-af86-9de969314829.flac&x-id=GetObject,0.272847086,24544
K2am-2021-04-14_18-00.WAV,2021 Kern 2,2021,4,14,18,0,sp32,Simple Call,51.94133377,52.77866745,2906,6188,24000,present,https://rfcx-streams-production.s3.eu-west-1.amazonaws.com/2021/04/15/pem8hxalyx7i/54b41dab-13fe-4598-8720-9af82dd81c26.flac?X-Amz-Algorithm=AWS4-HMAC-SHA256&X-Amz-Content-Sha256=UNSIGNED-PAYLOAD&X-Amz-Credential=AKIA45B7YWBX5HAZMGOU%2F20260223%2Feu-west-1%2Fs3%2Faws4_request&X-Amz-Date=20260223T001158Z&X-Amz-Expires=604800&X-Amz-Signature=e55990e371f5728dfcda84f20eac15a80897953c877938f7c14604fd6c128133&X-Amz-SignedHeaders=host&response-content-disposition=attachment%3B%20filename%3D54b41dab-13fe-4598-8720-9af82dd81c26.flac&x-id=GetObject,0.230642736,24544
K2am-2021-04-14_18-20.WAV,2021 Kern 2,2021,4,14,18,20,sp32,Simple Call,59.05599976,59.89333344,2906,6188,24000,present,https://rfcx-streams-production.s3.eu-west-1.amazonaws.com/2021/04/15/pem8hxalyx7i/d2899abc-122d-4240-b9ed-9d9bfbf324e5.flac?X-Amz-Algorithm=AWS4-HMAC-SHA256&X-Amz-Content-Sha256=UNSIGNED-PAYLOAD&X-Amz-Credential=AKIA45B7YWBX5HAZMGOU%2F20260223%2Feu-west-1%2Fs3%2Faws4_request&X-Amz-Date=20260223T001158Z&X-Amz-Expires=604800&X-Amz-Signature=b78b40e0b7d29ff546c60e41a0b2376004b81affb5e2fca658eeeee07577fc2b&X-Amz-SignedHeaders=host&response-content-disposition=attachment%3B%20filename%3Dd2899abc-122d-4240-b9ed-9d9bfbf324e5.flac&x-id=GetObject,0.246300802,24544
K2am-2021-04-15_09-20.WAV,2021 Kern 2,2021,4,15,9,20,sp32,Simple Call,17.28533363,18.12266731,2906,6188,24000,present,https://rfcx-streams-production.s3.eu-west-1.amazonaws.com/2021/04/15/pem8hxalyx7i/470204ef-ec11-40c7-90ab-33c4311a106e.flac?X-Amz-Algorithm=AWS4-HMAC-SHA256&X-Amz-Content-Sha256=UNSIGNED-PAYLOAD&X-Amz-Credential=AKIA45B7YWBX5HAZMGOU%2F20260223%2Feu-west-1%2Fs3%2Faws4_request&X-Amz-Date=20260223T001159Z&X-Amz-Expires=604800&X-Amz-Signature=ea9e6243e7bbc2e881f982d2516300df3aadc5a552499c9c688ca0744a00cc9d&X-Amz-SignedHeaders=host&response-content-disposition=attachment%3B%20filename%3D470204ef-ec11-40c7-90ab-33c4311a106e.flac&x-id=GetObject,0.278037786,24544
K2am-2021-04-15_09-40.WAV,2021 Kern 2,2021,4,15,9,40,sp32,Simple Call,50.72533417,51.56266785,2906,6188,24000,present,https://rfcx-streams-production.s3.eu-west-1.amazonaws.com/2021/04/15/pem8hxalyx7i/c2978892-9c60-4337-9a72-b3b50b85155e.flac?X-Amz-Algorithm=AWS4-HMAC-SHA256&X-Amz-Content-Sha256=UNSIGNED-PAYLOAD&X-Amz-Credential=AKIA45B7YWBX5HAZMGOU%2F20260223%2Feu-west-1%2Fs3%2Faws4_request&X-Amz-Date=20260223T001159Z&X-Amz-Expires=604800&X-Amz-Signature=f2399e2988f48fe4238b2f15267b6149d55eb9d301217f06d316eca749f6c52e&X-Amz-SignedHeaders=host&response-content-disposition=attachment%3B%20filename%3Dc2978892-9c60-4337-9a72-b3b50b85155e.flac&x-id=GetObject,0.291788459,24544
K2am-2021-04-15_10-00.WAV,2021 Kern 2,2021,4,15,10,0,sp32,Simple Call,49.0826683,49.91999817,2906,6188,24000,present,https://rfcx-streams-production.s3.eu-west-1.amazonaws.com/2021/04/15/pem8hxalyx7i/8201fee3-de2c-4c82-8e74-181523bc0e75.flac?X-Amz-Algorithm=AWS4-HMAC-SHA256&X-Amz-Content-Sha256=UNSIGNED-PAYLOAD&X-Amz-Credential=AKIA45B7YWBX5HAZMGOU%2F20260223%2Feu-west-1%2Fs3%2Faws4_request&X-Amz-Date=20260223T001159Z&X-Amz-Expires=604800&X-Amz-Signature=d36f5b56d8eb3fc16f6ec1d4e95372a64ef8b4d6732e86470cee0ffae8ee3b9e&X-Amz-SignedHeaders=host&response-content-disposition=attachment%3B%20filename%3D8201fee3-de2c-4c82-8e74-181523bc0e75.flac&x-id=GetObject,0.216457903,24544
K2am-2021-04-15_10-20.WAV,2021 Kern 2,2021,4,15,10,20,sp32,Simple Call,8.991999626,9.829333305,2906,6188,24000,present,https://rfcx-streams-production.s3.eu-west-1.amazonaws.com/2021/04/15/pem8hxalyx7i/f90a09c8-67fd-4d19-8c1e-475817f52de7.flac?X-Amz-Algorithm=AWS4-HMAC-SHA256&X-Amz-Content-Sha256=UNSIGNED-PAYLOAD&X-Amz-Credential=AKIA45B7YWBX5HAZMGOU%2F20260223%2Feu-west-1%2Fs3%2Faws4_request&X-Amz-Date=20260223T001159Z&X-Amz-Expires=604800&X-Amz-Signature=1f6d3138785582a5fc066b30cba2b44133ad625ede8031bdd7ac1242a61049a2&X-Amz-SignedHeaders=host&response-content-disposition=attachment%3B%20filename%3Df90a09c8-67fd-4d19-8c1e-475817f52de7.flac&x-id=GetObject,0.288808167,24544
K2am-2021-04-15_10-40.WAV,2021 Kern 2,2021,4,15,10,40,sp32,Simple Call,45.10400009,45.94133377,2906,6188,24000,present,https://rfcx-streams-production.s3.eu-west-1.amazonaws.com/2021/04/15/pem8hxalyx7i/84983c2e-7be4-4880-82fe-5ba8791d5eb1.flac?X-Amz-Algorithm=AWS4-HMAC-SHA256&X-Amz-Content-Sha256=UNSIGNED-PAYLOAD&X-Amz-Credential=AKIA45B7YWBX5HAZMGOU%2F20260223%2Feu-west-1%2Fs3%2Faws4_request&X-Amz-Date=20260223T001159Z&X-Amz-Expires=604800&X-Amz-Signature=d61e6d861e5510d48b7755ab41ed0eaa1258399bdba2e81d977dab82e5b991d2&X-Amz-SignedHeaders=host&response-content-disposition=attachment%3B%20filename%3D84983c2e-7be4-4880-82fe-5ba8791d5eb1.flac&x-id=GetObject,0.274563134,24544
K2am-2021-04-15_11-00.WAV,2021 Kern 2,2021,4,15,11,0,sp32,Simple Call,16.14933395,16.98666573,2906,6188,24000,present,https://rfcx-streams-production.s3.eu-west-1.amazonaws.com/2021/04/15/pem8hxalyx7i/93f2c8da-4669-4255-90eb-5e84ea9b00e9.flac?X-Amz-Algorithm=AWS4-HMAC-SHA256&X-Amz-Content-Sha256=UNSIGNED-PAYLOAD&X-Amz-Credential=AKIA45B7YWBX5HAZMGOU%2F20260223%2Feu-west-1%2Fs3%2Faws4_request&X-Amz-Date=20260223T001159Z&X-Amz-Expires=604800&X-Amz-Signature=5dcefcd1d76f535ec4a94986579ee23ab73b3e09f4894e18083a8b4ddc1931e3&X-Amz-SignedHeaders=host&response-content-disposition=attachment%3B%20filename%3D93f2c8da-4669-4255-90eb-5e84ea9b00e9.flac&x-id=GetObject,0.246225238,24544
K2am-2021-04-15_11-20.WAV,2021 Kern 2,2021,4,15,11,20,sp32,Simple Call,14.66666698,15.50399971,2906,6188,24000,present,https://rfcx-streams-production.s3.eu-west-1.amazonaws.com/2021/04/15/pem8hxalyx7i/eeed17a1-35a9-4d25-bd7c-8df73632c1b5.flac?X-Amz-Algorithm=AWS4-HMAC-SHA256&X-Amz-Content-Sha256=UNSIGNED-PAYLOAD&X-Amz-Credential=AKIA45B7YWBX5HAZMGOU%2F20260223%2Feu-west-1%2Fs3%2Faws4_request&X-Amz-Date=20260223T001159Z&X-Amz-Expires=604800&X-Amz-Signature=a5490ab93107b918b6d6ef505c1013383895baeef7de52d2e6b36540714848e0&X-Amz-SignedHeaders=host&response-content-disposition=attachment%3B%20filename%3Deeed17a1-35a9-4d25-bd7c-8df73632c1b5.flac&x-id=GetObject,0.320074707,24544
K2am-2021-04-15_11-40.WAV,2021 Kern 2,2021,4,15,11,40,sp32,Simple Call,2.821333408,3.658666611,2906,6188,24000,present,https://rfcx-streams-production.s3.eu-west-1.amazonaws.com/2021/04/15/pem8hxalyx7i/55bebbed-9e23-49dc-bea4-f4e879ed554e.flac?X-Amz-Algorithm=AWS4-HMAC-SHA256&X-Amz-Content-Sha256=UNSIGNED-PAYLOAD&X-Amz-Credential=AKIA45B7YWBX5HAZMGOU%2F20260223%2Feu-west-1%2Fs3%2Faws4_request&X-Amz-Date=20260223T001159Z&X-Amz-Expires=604800&X-Amz-Signature=0699deb6091395ab0d7e77bf2a34978c7cab0c9e7c8c712737f709532467e426&X-Amz-SignedHeaders=host&response-content-disposition=attachment%3B%20filename%3D55bebbed-9e23-49dc-bea4-f4e879ed554e.flac&x-id=GetObject,0.287554979,24544
K2am-2021-04-15_12-00.WAV,2021 Kern 2,2021,4,15,12,0,sp32,Simple Call,18.07466698,18.91200066,2906,6188,24000,present,https://rfcx-streams-production.s3.eu-west-1.amazonaws.com/2021/04/15/pem8hxalyx7i/192a9ff7-bbc7-4fe0-b95b-13c895c4488f.flac?X-Amz-Algorithm=AWS4-HMAC-SHA256&X-Amz-Content-Sha256=UNSIGNED-PAYLOAD&X-Amz-Credential=AKIA45B7YWBX5HAZMGOU%2F20260223%2Feu-west-1%2Fs3%2Faws4_request&X-Amz-Date=20260223T001159Z&X-Amz-Expires=604800&X-Amz-Signature=c1265d8d24afa4fcd0aff84b0c50eb6e61fec48ac9797d774b5fd236315984a9&X-Amz-SignedHeaders=host&response-content-disposition=attachment%3B%20filename%3D192a9ff7-bbc7-4fe0-b95b-13c895c4488f.flac&x-id=GetObject,0.271500885,24544
K2am-2021-04-15_12-20.WAV,2021 Kern 2,2021,4,15,12,20,sp32,Simple Call,59.09866714,59.93600082,2906,6188,24000,present,https://rfcx-streams-production.s3.eu-west-1.amazonaws.com/2021/04/15/pem8hxalyx7i/659d644e-c51a-4bda-95bd-c8d96d439e41.flac?X-Amz-Algorithm=AWS4-HMAC-SHA256&X-Amz-Content-Sha256=UNSIGNED-PAYLOAD&X-Amz-Credential=AKIA45B7YWBX5HAZMGOU%2F20260223%2Feu-west-1%2Fs3%2Faws4_request&X-Amz-Date=20260223T001159Z&X-Amz-Expires=604800&X-Amz-Signature=c4581024db85d21d1ada23f575e86f624027861f5f4e4feea5fe7c94c7dd12a2&X-Amz-SignedHeaders=host&response-content-disposition=attachment%3B%20filename%3D659d644e-c51a-4bda-95bd-c8d96d439e41.flac&x-id=GetObject,0.25207296,24544
K2am-2021-04-15_15-20.WAV,2021 Kern 2,2021,4,15,15,20,sp32,Simple Call,2.181333303,3.018666744,2906,6188,24000,present,https://rfcx-streams-production.s3.eu-west-1.amazonaws.com/2021/04/15/pem8hxalyx7i/63ccdc44-aa2e-436a-bab0-9c1db7df6aae.flac?X-Amz-Algorithm=AWS4-HMAC-SHA256&X-Amz-Content-Sha256=UNSIGNED-PAYLOAD&X-Amz-Credential=AKIA45B7YWBX5HAZMGOU%2F20260223%2Feu-west-1%2Fs3%2Faws4_request&X-Amz-Date=20260223T001159Z&X-Amz-Expires=604800&X-Amz-Signature=a3f1d303298663730967235c966f67f3c4570f3346bb4d89f0614061df071579&X-Amz-SignedHeaders=host&response-content-disposition=attachment%3B%20filename%3D63ccdc44-aa2e-436a-bab0-9c1db7df6aae.flac&x-id=GetObject,0.201533005,24544
K2am-2021-04-15_15-40.WAV,2021 Kern 2,2021,4,15,15,40,sp32,Simple Call,2.085333347,2.92266655,2906,6188,24000,present,https://rfcx-streams-production.s3.eu-west-1.amazonaws.com/2021/04/15/pem8hxalyx7i/5f68118a-f93d-46a5-a7b1-4233d6bc0048.flac?X-Amz-Algorithm=AWS4-HMAC-SHA256&X-Amz-Content-Sha256=UNSIGNED-PAYLOAD&X-Amz-Credential=AKIA45B7YWBX5HAZMGOU%2F20260223%2Feu-west-1%2Fs3%2Faws4_request&X-Amz-Date=20260223T001159Z&X-Amz-Expires=604800&X-Amz-Signature=1981fe464fbe24c9fac260c0ff14cb8c5ecb5b82df0cc62836ca4da28ee0961a&X-Amz-SignedHeaders=host&response-content-disposition=attachment%3B%20filename%3D5f68118a-f93d-46a5-a7b1-4233d6bc0048.flac&x-id=GetObject,0.342935085,24544
K2am-2021-04-15_16-00.WAV,2021 Kern 2,2021,4,15,16,0,sp32,Simple Call,1.215999961,2.053333282,2906,6188,24000,present,https://rfcx-streams-production.s3.eu-west-1.amazonaws.com/2021/04/15/pem8hxalyx7i/5dd90b0c-23bb-4a4d-846a-bee2c3f51d8c.flac?X-Amz-Algorithm=AWS4-HMAC-SHA256&X-Amz-Content-Sha256=UNSIGNED-PAYLOAD&X-Amz-Credential=AKIA45B7YWBX5HAZMGOU%2F20260223%2Feu-west-1%2Fs3%2Faws4_request&X-Amz-Date=20260223T001159Z&X-Amz-Expires=604800&X-Amz-Signature=36a14a4c2c225d7a99716909c185a03ede7357340050f280639804cd4ae7efe5&X-Amz-SignedHeaders=host&response-content-disposition=attachment%3B%20filename%3D5dd90b0c-23bb-4a4d-846a-bee2c3f51d8c.flac&x-id=GetObject,0.341596752,24544
K2am-2021-04-15_16-20.WAV,2021 Kern 2,2021,4,15,16,20,sp32,Simple Call,41.71733475,42.55466843,2906,6188,24000,present,https://rfcx-streams-production.s3.eu-west-1.amazonaws.com/2021/04/15/pem8hxalyx7i/3209b641-8f9d-4379-9b01-3affe45dc014.flac?X-Amz-Algorithm=AWS4-HMAC-SHA256&X-Amz-Content-Sha256=UNSIGNED-PAYLOAD&X-Amz-Credential=AKIA45B7YWBX5HAZMGOU%2F20260223%2Feu-west-1%2Fs3%2Faws4_request&X-Amz-Date=20260223T001159Z&X-Amz-Expires=604800&X-Amz-Signature=cff61f21a7e715449df46a173df1b1bdbfb0a7ce9cda75c8b85222635966fb66&X-Amz-SignedHeaders=host&response-content-disposition=attachment%3B%20filename%3D3209b641-8f9d-4379-9b01-3affe45dc014.flac&x-id=GetObject,0.285825878,24544
K2am-2021-04-15_17-20.WAV,2021 Kern 2,2021,4,15,17,20,sp32,Simple Call,24.07999992,24.9173336,2906,6188,24000,present,https://rfcx-streams-production.s3.eu-west-1.amazonaws.com/2021/04/16/pem8hxalyx7i/0ceb3f70-3594-476f-a943-79495e17213f.flac?X-Amz-Algorithm=AWS4-HMAC-SHA256&X-Amz-Content-Sha256=UNSIGNED-PAYLOAD&X-Amz-Credential=AKIA45B7YWBX5HAZMGOU%2F20260223%2Feu-west-1%2Fs3%2Faws4_request&X-Amz-Date=20260223T001159Z&X-Amz-Expires=604800&X-Amz-Signature=1f8bf7d79f073e5caecbe56d78b8bdaa8057a9e7f7da01052da935498751f432&X-Amz-SignedHeaders=host&response-content-disposition=attachment%3B%20filename%3D0ceb3f70-3594-476f-a943-79495e17213f.flac&x-id=GetObject,0.265702367,24544
K2am-2021-04-15_18-00.WAV,2021 Kern 2,2021,4,15,18,0,sp32,Simple Call,58.86399841,59.70133209,2906,6188,24000,present,https://rfcx-streams-production.s3.eu-west-1.amazonaws.com/2021/04/16/pem8hxalyx7i/8c8ecaf4-9002-4ccf-815e-6ce8b7a4cd54.flac?X-Amz-Algorithm=AWS4-HMAC-SHA256&X-Amz-Content-Sha256=UNSIGNED-PAYLOAD&X-Amz-Credential=AKIA45B7YWBX5HAZMGOU%2F20260223%2Feu-west-1%2Fs3%2Faws4_request&X-Amz-Date=20260223T001159Z&X-Amz-Expires=604800&X-Amz-Signature=091226589577483f46cc16d53fcb75ab1230eadd5368d98b95fc5335d946e7d0&X-Amz-SignedHeaders=host&response-content-disposition=attachment%3B%20filename%3D8c8ecaf4-9002-4ccf-815e-6ce8b7a4cd54.flac&x-id=GetObject,0.250793189,24544
K2am-2021-04-15_18-20.WAV,2021 Kern 2,2021,4,15,18,20,sp32,Simple Call,40.83733368,41.67466736,2906,6188,24000,present,https://rfcx-streams-production.s3.eu-west-1.amazonaws.com/2021/04/16/pem8hxalyx7i/d8f7d916-07da-4428-989b-e2940d9e748f.flac?X-Amz-Algorithm=AWS4-HMAC-SHA256&X-Amz-Content-Sha256=UNSIGNED-PAYLOAD&X-Amz-Credential=AKIA45B7YWBX5HAZMGOU%2F20260223%2Feu-west-1%2Fs3%2Faws4_request&X-Amz-Date=20260223T001158Z&X-Amz-Expires=604800&X-Amz-Signature=e5a5be6914c30cd9c53fd9bd2517a9e7b7bfbf57dec4b197b090b0c0ef226ea2&X-Amz-SignedHeaders=host&response-content-disposition=attachment%3B%20filename%3Dd8f7d916-07da-4428-989b-e2940d9e748f.flac&x-id=GetObject,0.24356319,24544
K2am-2021-04-15_18-40.WAV,2021 Kern 2,2021,4,15,18,40,sp32,Simple Call,1.850666642,2.687999964,2906,6188,24000,present,https://rfcx-streams-production.s3.eu-west-1.amazonaws.com/2021/04/16/pem8hxalyx7i/2068e9f4-7249-42f4-9f42-df1956399ecd.flac?X-Amz-Algorithm=AWS4-HMAC-SHA256&X-Amz-Content-Sha256=UNSIGNED-PAYLOAD&X-Amz-Credential=AKIA45B7YWBX5HAZMGOU%2F20260223%2Feu-west-1%2Fs3%2Faws4_request&X-Amz-Date=20260223T001159Z&X-Amz-Expires=604800&X-Amz-Signature=d6a40967f84e246d3c3172fe0fcf6ef36231f71982b914fe7805e13c3375869f&X-Amz-SignedHeaders=host&response-content-disposition=attachment%3B%20filename%3D2068e9f4-7249-42f4-9f42-df1956399ecd.flac&x-id=GetObject,0.209998131,24544
K2am-2021-04-15_21-40.WAV,2021 Kern 2,2021,4,15,21,40,sp32,Simple Call,36.1546669,36.99200058,2906,6188,24000,present,https://rfcx-streams-production.s3.eu-west-1.amazonaws.com/2021/04/16/pem8hxalyx7i/b82a03fc-e909-455c-86af-7ec477f5e56b.flac?X-Amz-Algorithm=AWS4-HMAC-SHA256&X-Amz-Content-Sha256=UNSIGNED-PAYLOAD&X-Amz-Credential=AKIA45B7YWBX5HAZMGOU%2F20260223%2Feu-west-1%2Fs3%2Faws4_request&X-Amz-Date=20260223T001158Z&X-Amz-Expires=604800&X-Amz-Signature=095ecb8151386e039ea81b67c9e6a8be4fc9e4858c1936ab392a9677770c6bff&X-Amz-SignedHeaders=host&response-content-disposition=attachment%3B%20filename%3Db82a03fc-e909-455c-86af-7ec477f5e56b.flac&x-id=GetObject,0.211314887,24544
K2am-2021-04-16_09-00.WAV,2021 Kern 2,2021,4,16,9,0,sp32,Simple Call,53.00266647,53.84000015,2906,6188,24000,present,https://rfcx-streams-production.s3.eu-west-1.amazonaws.com/2021/04/16/pem8hxalyx7i/a0b2cb18-978c-42b0-82dc-fc1089455532.flac?X-Amz-Algorithm=AWS4-HMAC-SHA256&X-Amz-Content-Sha256=UNSIGNED-PAYLOAD&X-Amz-Credential=AKIA45B7YWBX5HAZMGOU%2F20260223%2Feu-west-1%2Fs3%2Faws4_request&X-Amz-Date=20260223T001158Z&X-Amz-Expires=604800&X-Amz-Signature=49aa204684cd228d5047b58396012f079cd7247dcda29f69eaabcd1223b9a1eb&X-Amz-SignedHeaders=host&response-content-disposition=attachment%3B%20filename%3Da0b2cb18-978c-42b0-82dc-fc1089455532.flac&x-id=GetObject,0.240321472,24544
K2am-2021-04-16_09-40.WAV,2021 Kern 2,2021,4,16,9,40,sp32,Simple Call,24.09066582,24.9279995,2906,6188,24000,present,https://rfcx-streams-production.s3.eu-west-1.amazonaws.com/2021/04/16/pem8hxalyx7i/dac22e58-8dae-4bd4-bb4c-afe0b32ff5c2.flac?X-Amz-Algorithm=AWS4-HMAC-SHA256&X-Amz-Content-Sha256=UNSIGNED-PAYLOAD&X-Amz-Credential=AKIA45B7YWBX5HAZMGOU%2F20260223%2Feu-west-1%2Fs3%2Faws4_request&X-Amz-Date=20260223T001200Z&X-Amz-Expires=604800&X-Amz-Signature=5f8d7c306eb35a7df30e00d2e79e65fae025f8ea442adbdb6ab45dd9fd8fa5da&X-Amz-SignedHeaders=host&response-content-disposition=attachment%3B%20filename%3Ddac22e58-8dae-4bd4-bb4c-afe0b32ff5c2.flac&x-id=GetObject,0.232608438,24544
K2am-2021-04-16_10-00.WAV,2021 Kern 2,2021,4,16,10,0,sp32,Simple Call,41.41866684,42.25600052,2906,6188,24000,present,https://rfcx-streams-production.s3.eu-west-1.amazonaws.com/2021/04/16/pem8hxalyx7i/faff26f8-a942-43b9-8de4-f046bdc6e286.flac?X-Amz-Algorithm=AWS4-HMAC-SHA256&X-Amz-Content-Sha256=UNSIGNED-PAYLOAD&X-Amz-Credential=AKIA45B7YWBX5HAZMGOU%2F20260223%2Feu-west-1%2Fs3%2Faws4_request&X-Amz-Date=20260223T001158Z&X-Amz-Expires=604800&X-Amz-Signature=f0bc4f51a64a4de50671d41914a82083d3411b0b69c0b72c97e155aa29bc5a31&X-Amz-SignedHeaders=host&response-content-disposition=attachment%3B%20filename%3Dfaff26f8-a942-43b9-8de4-f046bdc6e286.flac&x-id=GetObject,0.307307094,24544
K2am-2021-04-16_10-20.WAV,2021 Kern 2,2021,4,16,10,20,sp32,Simple Call,1.477333307,2.314666748,2906,6188,24000,present,https://rfcx-streams-production.s3.eu-west-1.amazonaws.com/2021/04/16/pem8hxalyx7i/be0c7175-0525-4c4a-ae60-40826b7b3a40.flac?X-Amz-Algorithm=AWS4-HMAC-SHA256&X-Amz-Content-Sha256=UNSIGNED-PAYLOAD&X-Amz-Credential=AKIA45B7YWBX5HAZMGOU%2F20260223%2Feu-west-1%2Fs3%2Faws4_request&X-Amz-Date=20260223T001200Z&X-Amz-Expires=604800&X-Amz-Signature=3cf5ddad7dee1b3dfd042bb118dc83343f9ae5fb269445bcd8985b1356d35e32&X-Amz-SignedHeaders=host&response-content-disposition=attachment%3B%20filename%3Dbe0c7175-0525-4c4a-ae60-40826b7b3a40.flac&x-id=GetObject,0.214202106,24544
K2am-2021-04-16_10-40.WAV,2021 Kern 2,2021,4,16,10,40,sp32,Simple Call,35.7120018,36.54933167,2906,6188,24000,present,https://rfcx-streams-production.s3.eu-west-1.amazonaws.com/2021/04/16/pem8hxalyx7i/8d9309bc-5e39-4a97-8fba-7dee887db6b6.flac?X-Amz-Algorithm=AWS4-HMAC-SHA256&X-Amz-Content-Sha256=UNSIGNED-PAYLOAD&X-Amz-Credential=AKIA45B7YWBX5HAZMGOU%2F20260223%2Feu-west-1%2Fs3%2Faws4_request&X-Amz-Date=20260223T001158Z&X-Amz-Expires=604800&X-Amz-Signature=1b99978a8e98ec1b5e4a222679eaa59b0de48db37730d8bf91ab8754c6c5ed25&X-Amz-SignedHeaders=host&response-content-disposition=attachment%3B%20filename%3D8d9309bc-5e39-4a97-8fba-7dee887db6b6.flac&x-id=GetObject,0.250216216,24544
K2am-2021-04-16_11-00.WAV,2021 Kern 2,2021,4,16,11,0,sp32,Simple Call,54.44800186,55.28533173,2906,6188,24000,present,https://rfcx-streams-production.s3.eu-west-1.amazonaws.com/2021/04/16/pem8hxalyx7i/5b8ab50f-496c-461d-a2c9-8af02a360bd5.flac?X-Amz-Algorithm=AWS4-HMAC-SHA256&X-Amz-Content-Sha256=UNSIGNED-PAYLOAD&X-Amz-Credential=AKIA45B7YWBX5HAZMGOU%2F20260223%2Feu-west-1%2Fs3%2Faws4_request&X-Amz-Date=20260223T001200Z&X-Amz-Expires=604800&X-Amz-Signature=4df4aa19ff386756a9ce4f54224bdeacb7772473274f94a57bd817978262c611&X-Amz-SignedHeaders=host&response-content-disposition=attachment%3B%20filename%3D5b8ab50f-496c-461d-a2c9-8af02a360bd5.flac&x-id=GetObject,0.277936161,24544
K2am-2021-04-16_11-20.WAV,2021 Kern 2,2021,4,16,11,20,sp32,Simple Call,28.94400024,29.78133392,2906,6188,24000,present,https://rfcx-streams-production.s3.eu-west-1.amazonaws.com/2021/04/16/pem8hxalyx7i/bc7fe31d-bb38-4f3f-af06-4eb09fc4c5b0.flac?X-Amz-Algorithm=AWS4-HMAC-SHA256&X-Amz-Content-Sha256=UNSIGNED-PAYLOAD&X-Amz-Credential=AKIA45B7YWBX5HAZMGOU%2F20260223%2Feu-west-1%2Fs3%2Faws4_request&X-Amz-Date=20260223T001200Z&X-Amz-Expires=604800&X-Amz-Signature=3b4f9675bfb060e7f68fd0128ee839c53ea9b34df55eb43be76a2ed9b47a744e&X-Amz-SignedHeaders=host&response-content-disposition=attachment%3B%20filename%3Dbc7fe31d-bb38-4f3f-af06-4eb09fc4c5b0.flac&x-id=GetObject,0.236783311,24544
K2am-2021-04-16_11-40.WAV,2021 Kern 2,2021,4,16,11,40,sp32,Simple Call,4.127999783,4.965333462,2906,6188,24000,present,https://rfcx-streams-production.s3.eu-west-1.amazonaws.com/2021/04/16/pem8hxalyx7i/ff9231ba-3685-40ba-8adb-cda1d869dddb.flac?X-Amz-Algorithm=AWS4-HMAC-SHA256&X-Amz-Content-Sha256=UNSIGNED-PAYLOAD&X-Amz-Credential=AKIA45B7YWBX5HAZMGOU%2F20260223%2Feu-west-1%2Fs3%2Faws4_request&X-Amz-Date=20260223T001158Z&X-Amz-Expires=604800&X-Amz-Signature=931060942c068472f4b08bb5613fe6561211013de8d5e124c67bb864306f1c07&X-Amz-SignedHeaders=host&response-content-disposition=attachment%3B%20filename%3Dff9231ba-3685-40ba-8adb-cda1d869dddb.flac&x-id=GetObject,0.233479783,24544
K2am-2021-04-16_12-00.WAV,2021 Kern 2,2021,4,16,12,0,sp32,Simple Call,46.82133484,47.65866852,2906,6188,24000,present,https://rfcx-streams-production.s3.eu-west-1.amazonaws.com/2021/04/16/pem8hxalyx7i/527d3d35-e822-4b38-97bc-af7885507543.flac?X-Amz-Algorithm=AWS4-HMAC-SHA256&X-Amz-Content-Sha256=UNSIGNED-PAYLOAD&X-Amz-Credential=AKIA45B7YWBX5HAZMGOU%2F20260223%2Feu-west-1%2Fs3%2Faws4_request&X-Amz-Date=20260223T001200Z&X-Amz-Expires=604800&X-Amz-Signature=1c322b1e753ea8b26c19b26518bb5b2778af4475edf71fbc01fb1e35a59fad59&X-Amz-SignedHeaders=host&response-content-disposition=attachment%3B%20filename%3D527d3d35-e822-4b38-97bc-af7885507543.flac&x-id=GetObject,0.406415761,24544
K2am-2021-04-16_12-20.WAV,2021 Kern 2,2021,4,16,12,20,sp32,Simple Call,53.43466568,54.27199936,2906,6188,24000,present,https://rfcx-streams-production.s3.eu-west-1.amazonaws.com/2021/04/16/pem8hxalyx7i/c5ef63b7-1b9b-483e-8077-ce04fbea5df8.flac?X-Amz-Algorithm=AWS4-HMAC-SHA256&X-Amz-Content-Sha256=UNSIGNED-PAYLOAD&X-Amz-Credential=AKIA45B7YWBX5HAZMGOU%2F20260223%2Feu-west-1%2Fs3%2Faws4_request&X-Amz-Date=20260223T001158Z&X-Amz-Expires=604800&X-Amz-Signature=3b7ac8c14b55ea4cadafdefa75228dbbe9de124bc3b870e2eaf47f5d0b1fab55&X-Amz-SignedHeaders=host&response-content-disposition=attachment%3B%20filename%3Dc5ef63b7-1b9b-483e-8077-ce04fbea5df8.flac&x-id=GetObject,0.229955524,24544
K2am-2021-04-16_14-20.WAV,2021 Kern 2,2021,4,16,14,20,sp32,Simple Call,4.181333542,5.018666744,2906,6188,24000,present,https://rfcx-streams-production.s3.eu-west-1.amazonaws.com/2021/04/16/pem8hxalyx7i/404a3d22-a876-48c5-86a7-d6c0628375ca.flac?X-Amz-Algorithm=AWS4-HMAC-SHA256&X-Amz-Content-Sha256=UNSIGNED-PAYLOAD&X-Amz-Credential=AKIA45B7YWBX5HAZMGOU%2F20260223%2Feu-west-1%2Fs3%2Faws4_request&X-Amz-Date=20260223T001200Z&X-Amz-Expires=604800&X-Amz-Signature=f4c29688c68324e4e38f31ebd9b05027592eaff5223e4797f3ce084c1a177492&X-Amz-SignedHeaders=host&response-content-disposition=attachment%3B%20filename%3D404a3d22-a876-48c5-86a7-d6c0628375ca.flac&x-id=GetObject,0.221354187,24544
K2am-2021-04-16_15-40.WAV,2021 Kern 2,2021,4,16,15,40,sp32,Simple Call,17.27466583,18.11199951,2906,6188,24000,present,https://rfcx-streams-production.s3.eu-west-1.amazonaws.com/2021/04/16/pem8hxalyx7i/e2ff3d0a-5a6f-4790-be61-b59ec08f312e.flac?X-Amz-Algorithm=AWS4-HMAC-SHA256&X-Amz-Content-Sha256=UNSIGNED-PAYLOAD&X-Amz-Credential=AKIA45B7YWBX5HAZMGOU%2F20260223%2Feu-west-1%2Fs3%2Faws4_request&X-Amz-Date=20260223T001200Z&X-Amz-Expires=604800&X-Amz-Signature=618cb60de9d3da157286db45bf2fc5ae90d4b8aa566b22163030563b8fe4bb6b&X-Amz-SignedHeaders=host&response-content-disposition=attachment%3B%20filename%3De2ff3d0a-5a6f-4790-be61-b59ec08f312e.flac&x-id=GetObject,0.268037856,24544
K2am-2021-04-16_16-00.WAV,2021 Kern 2,2021,4,16,16,0,sp32,Simple Call,11.3760004,12.21333313,2906,6188,24000,present,https://rfcx-streams-production.s3.eu-west-1.amazonaws.com/2021/04/16/pem8hxalyx7i/220002a3-14cc-4889-b5fb-1dfacce486a4.flac?X-Amz-Algorithm=AWS4-HMAC-SHA256&X-Amz-Content-Sha256=UNSIGNED-PAYLOAD&X-Amz-Credential=AKIA45B7YWBX5HAZMGOU%2F20260223%2Feu-west-1%2Fs3%2Faws4_request&X-Amz-Date=20260223T001158Z&X-Amz-Expires=604800&X-Amz-Signature=289dac97aef72ff0478c4c53d9a57bfdfded82d111bfd43e651a56d62c9c30b9&X-Amz-SignedHeaders=host&response-content-disposition=attachment%3B%20filename%3D220002a3-14cc-4889-b5fb-1dfacce486a4.flac&x-id=GetObject,0.254488945,24544
K2am-2021-04-16_16-20.WAV,2021 Kern 2,2021,4,16,16,20,sp32,Simple Call,48.45866776,49.29600143,2906,6188,24000,present,https://rfcx-streams-production.s3.eu-west-1.amazonaws.com/2021/04/16/pem8hxalyx7i/c67a2f0e-56e2-49ca-9fcb-8234e850dfb0.flac?X-Amz-Algorithm=AWS4-HMAC-SHA256&X-Amz-Content-Sha256=UNSIGNED-PAYLOAD&X-Amz-Credential=AKIA45B7YWBX5HAZMGOU%2F20260223%2Feu-west-1%2Fs3%2Faws4_request&X-Amz-Date=20260223T001200Z&X-Amz-Expires=604800&X-Amz-Signature=97ed94501cb6163e25041030b34146690a1d0c5f2845cd524834f415888fd275&X-Amz-SignedHeaders=host&response-content-disposition=attachment%3B%20filename%3Dc67a2f0e-56e2-49ca-9fcb-8234e850dfb0.flac&x-id=GetObject,0.271788865,24544
K2am-2021-04-16_16-40.WAV,2021 Kern 2,2021,4,16,16,40,sp32,Simple Call,55.43999863,56.27733231,2906,6188,24000,present,https://rfcx-streams-production.s3.eu-west-1.amazonaws.com/2021/04/16/pem8hxalyx7i/232bd961-8165-42ed-8e60-5a5f4e841a1c.flac?X-Amz-Algorithm=AWS4-HMAC-SHA256&X-Amz-Content-Sha256=UNSIGNED-PAYLOAD&X-Amz-Credential=AKIA45B7YWBX5HAZMGOU%2F20260223%2Feu-west-1%2Fs3%2Faws4_request&X-Amz-Date=20260223T001200Z&X-Amz-Expires=604800&X-Amz-Signature=97b481926fe6a4240cb8d99b5875a7ac8b1150e12c8c55becab3059de9be7bbc&X-Amz-SignedHeaders=host&response-content-disposition=attachment%3B%20filename%3D232bd961-8165-42ed-8e60-5a5f4e841a1c.flac&x-id=GetObject,0.253675193,24544
K2am-2021-04-16_17-00.WAV,2021 Kern 2,2021,4,16,17,0,sp32,Simple Call,31.63733292,32.4746666,2906,6188,24000,present,https://rfcx-streams-production.s3.eu-west-1.amazonaws.com/2021/04/17/pem8hxalyx7i/66723303-8276-4596-a47d-353ae76681cb.flac?X-Amz-Algorithm=AWS4-HMAC-SHA256&X-Amz-Content-Sha256=UNSIGNED-PAYLOAD&X-Amz-Credential=AKIA45B7YWBX5HAZMGOU%2F20260223%2Feu-west-1%2Fs3%2Faws4_request&X-Amz-Date=20260223T001206Z&X-Amz-Expires=604800&X-Amz-Signature=8d6567af5019df601fc599362c7669cdaff12c7954aad1144b2f4a6a08de8cfa&X-Amz-SignedHeaders=host&response-content-disposition=attachment%3B%20filename%3D66723303-8276-4596-a47d-353ae76681cb.flac&x-id=GetObject,0.20186168,24544
K2am-2021-04-16_17-40.WAV,2021 Kern 2,2021,4,16,17,40,sp32,Simple Call,46.51200104,47.34933472,2906,6188,24000,present,https://rfcx-streams-production.s3.eu-west-1.amazonaws.com/2021/04/17/pem8hxalyx7i/9384f170-3150-42c7-8477-75b3166ca823.flac?X-Amz-Algorithm=AWS4-HMAC-SHA256&X-Amz-Content-Sha256=UNSIGNED-PAYLOAD&X-Amz-Credential=AKIA45B7YWBX5HAZMGOU%2F20260223%2Feu-west-1%2Fs3%2Faws4_request&X-Amz-Date=20260223T001200Z&X-Amz-Expires=604800&X-Amz-Signature=8bdb5b7c765262413c0de8f71078035d69c39547149ce3e77d9b8b67f48287a5&X-Amz-SignedHeaders=host&response-content-disposition=attachment%3B%20filename%3D9384f170-3150-42c7-8477-75b3166ca823.flac&x-id=GetObject,0.235940427,24544
K2am-2021-04-16_18-00.WAV,2021 Kern 2,2021,4,16,18,0,sp32,Simple Call,30.50133324,31.33866692,2906,6188,24000,present,https://rfcx-streams-production.s3.eu-west-1.amazonaws.com/2021/04/17/pem8hxalyx7i/ec369e05-d76b-4180-8c54-60de6dc8b1b0.flac?X-Amz-Algorithm=AWS4-HMAC-SHA256&X-Amz-Content-Sha256=UNSIGNED-PAYLOAD&X-Amz-Credential=AKIA45B7YWBX5HAZMGOU%2F20260223%2Feu-west-1%2Fs3%2Faws4_request&X-Amz-Date=20260223T001200Z&X-Amz-Expires=604800&X-Amz-Signature=05d0e499480cdfc91eca7c258378f4b344c9ea3ee72baa152d3919d0264038f6&X-Amz-SignedHeaders=host&response-content-disposition=attachment%3B%20filename%3Dec369e05-d76b-4180-8c54-60de6dc8b1b0.flac&x-id=GetObject,0.295198202,24544
K2am-2021-04-16_18-20.WAV,2021 Kern 2,2021,4,16,18,20,sp32,Simple Call,17.31733322,18.1546669,2906,6188,24000,present,https://rfcx-streams-production.s3.eu-west-1.amazonaws.com/2021/04/17/pem8hxalyx7i/59dac83f-058d-4aeb-8363-227a467d15e2.flac?X-Amz-Algorithm=AWS4-HMAC-SHA256&X-Amz-Content-Sha256=UNSIGNED-PAYLOAD&X-Amz-Credential=AKIA45B7YWBX5HAZMGOU%2F20260223%2Feu-west-1%2Fs3%2Faws4_request&X-Amz-Date=20260223T001158Z&X-Amz-Expires=604800&X-Amz-Signature=09b7d345c65a62fe9fce6d1fb8b2020f37f742cfaddde23affd4e01cdf15d9ce&X-Amz-SignedHeaders=host&response-content-disposition=attachment%3B%20filename%3D59dac83f-058d-4aeb-8363-227a467d15e2.flac&x-id=GetObject,0.247450948,24544
K2am-2021-04-16_18-40.WAV,2021 Kern 2,2021,4,16,18,40,sp32,Simple Call,36.51200104,37.34933472,2906,6188,24000,present,https://rfcx-streams-production.s3.eu-west-1.amazonaws.com/2021/04/17/pem8hxalyx7i/1a2d3452-12bc-4a55-8a73-0f55fadbd7fb.flac?X-Amz-Algorithm=AWS4-HMAC-SHA256&X-Amz-Content-Sha256=UNSIGNED-PAYLOAD&X-Amz-Credential=AKIA45B7YWBX5HAZMGOU%2F20260223%2Feu-west-1%2Fs3%2Faws4_request&X-Amz-Date=20260223T001200Z&X-Amz-Expires=604800&X-Amz-Signature=a9577495d89297e363c27f524861258a2e5892c4fc022165df141ce5e7de6f5d&X-Amz-SignedHeaders=host&response-content-disposition=attachment%3B%20filename%3D1a2d3452-12bc-4a55-8a73-0f55fadbd7fb.flac&x-id=GetObject,0.270698696,24544
K2am-2021-04-16_19-40.WAV,2021 Kern 2,2021,4,16,19,40,sp32,Simple Call,11.46666622,12.3039999,2906,6188,24000,present,https://rfcx-streams-production.s3.eu-west-1.amazonaws.com/2021/04/17/pem8hxalyx7i/2218b45f-8ca2-4189-ae28-2ab7fef46e0f.flac?X-Amz-Algorithm=AWS4-HMAC-SHA256&X-Amz-Content-Sha256=UNSIGNED-PAYLOAD&X-Amz-Credential=AKIA45B7YWBX5HAZMGOU%2F20260223%2Feu-west-1%2Fs3%2Faws4_request&X-Amz-Date=20260223T001200Z&X-Amz-Expires=604800&X-Amz-Signature=2dc85ecab16bd2273172d8e3fd59f39867a51974349374011b05ed59adf0d6f5&X-Amz-SignedHeaders=host&response-content-disposition=attachment%3B%20filename%3D2218b45f-8ca2-4189-ae28-2ab7fef46e0f.flac&x-id=GetObject,0.211421072,24544
K2am-2021-04-17_09-00.WAV,2021 Kern 2,2021,4,17,9,0,sp32,Simple Call,9.525333405,10.36266708,2906,6188,24000,present,https://rfcx-streams-production.s3.eu-west-1.amazonaws.com/2021/04/17/pem8hxalyx7i/1ebcee74-44fb-4bb4-99e6-d080b27b8ee2.flac?X-Amz-Algorithm=AWS4-HMAC-SHA256&X-Amz-Content-Sha256=UNSIGNED-PAYLOAD&X-Amz-Credential=AKIA45B7YWBX5HAZMGOU%2F20260223%2Feu-west-1%2Fs3%2Faws4_request&X-Amz-Date=20260223T001200Z&X-Amz-Expires=604800&X-Amz-Signature=fad06cf115867287916e291124bb248a3fb53af4a3866856af6d86566f2b74cd&X-Amz-SignedHeaders=host&response-content-disposition=attachment%3B%20filename%3D1ebcee74-44fb-4bb4-99e6-d080b27b8ee2.flac&x-id=GetObject,0.339207292,24544
K2am-2021-04-17_09-20.WAV,2021 Kern 2,2021,4,17,9,20,sp32,Simple Call,19.16799927,20.00533295,2906,6188,24000,present,https://rfcx-streams-production.s3.eu-west-1.amazonaws.com/2021/04/17/pem8hxalyx7i/d3d6e25b-eaac-4190-82aa-8c5fe7c5785b.flac?X-Amz-Algorithm=AWS4-HMAC-SHA256&X-Amz-Content-Sha256=UNSIGNED-PAYLOAD&X-Amz-Credential=AKIA45B7YWBX5HAZMGOU%2F20260223%2Feu-west-1%2Fs3%2Faws4_request&X-Amz-Date=20260223T001200Z&X-Amz-Expires=604800&X-Amz-Signature=23141caf14d6593f2aa8d0d42aa3bca1029ee598cf45dba6e7016a704ac5a527&X-Amz-SignedHeaders=host&response-content-disposition=attachment%3B%20filename%3Dd3d6e25b-eaac-4190-82aa-8c5fe7c5785b.flac&x-id=GetObject,0.225021616,24544
K2am-2021-04-17_09-40.WAV,2021 Kern 2,2021,4,17,9,40,sp32,Simple Call,32.64533234,33.48266602,2906,6188,24000,present,https://rfcx-streams-production.s3.eu-west-1.amazonaws.com/2021/04/17/pem8hxalyx7i/ece00307-c2b7-44d3-bdfa-2c963f0f8f45.flac?X-Amz-Algorithm=AWS4-HMAC-SHA256&X-Amz-Content-Sha256=UNSIGNED-PAYLOAD&X-Amz-Credential=AKIA45B7YWBX5HAZMGOU%2F20260223%2Feu-west-1%2Fs3%2Faws4_request&X-Amz-Date=20260223T001200Z&X-Amz-Expires=604800&X-Amz-Signature=fe47ac14e6a8338824341bc0c4d50d6e8e59070b3692b053c1831ca925c1b5e4&X-Amz-SignedHeaders=host&response-content-disposition=attachment%3B%20filename%3Dece00307-c2b7-44d3-bdfa-2c963f0f8f45.flac&x-id=GetObject,0.226802245,24544
K2am-2021-04-17_10-00.WAV,2021 Kern 2,2021,4,17,10,0,sp32,Simple Call,47.9679985,48.80533218,2906,6188,24000,present,https://rfcx-streams-production.s3.eu-west-1.amazonaws.com/2021/04/17/pem8hxalyx7i/294fd944-8761-412b-a96c-d196367fc73e.flac?X-Amz-Algorithm=AWS4-HMAC-SHA256&X-Amz-Content-Sha256=UNSIGNED-PAYLOAD&X-Amz-Credential=AKIA45B7YWBX5HAZMGOU%2F20260223%2Feu-west-1%2Fs3%2Faws4_request&X-Amz-Date=20260223T001200Z&X-Amz-Expires=604800&X-Amz-Signature=caa1d00c3b244ec388fcec337f050f3a177cd1ac59165c26c7e4ba133b57ec0e&X-Amz-SignedHeaders=host&response-content-disposition=attachment%3B%20filename%3D294fd944-8761-412b-a96c-d196367fc73e.flac&x-id=GetObject,0.235991612,24544
K2am-2021-04-17_10-20.WAV,2021 Kern 2,2021,4,17,10,20,sp32,Simple Call,51.02933502,51.86666489,2906,6188,24000,present,https://rfcx-streams-production.s3.eu-west-1.amazonaws.com/2021/04/17/pem8hxalyx7i/e35cda9b-2eb0-4a35-b375-25558658c5af.flac?X-Amz-Algorithm=AWS4-HMAC-SHA256&X-Amz-Content-Sha256=UNSIGNED-PAYLOAD&X-Amz-Credential=AKIA45B7YWBX5HAZMGOU%2F20260223%2Feu-west-1%2Fs3%2Faws4_request&X-Amz-Date=20260223T001206Z&X-Amz-Expires=604800&X-Amz-Signature=c8b3d9c17a4a641985ba9f502020e90803fdecd1fcc41da7df1edc8e61d500a6&X-Amz-SignedHeaders=host&response-content-disposition=attachment%3B%20filename%3De35cda9b-2eb0-4a35-b375-25558658c5af.flac&x-id=GetObject,0.30511415,24544
K2am-2021-04-17_10-40.WAV,2021 Kern 2,2021,4,17,10,40,sp32,Simple Call,53.96266556,54.79999924,2906,6188,24000,present,https://rfcx-streams-production.s3.eu-west-1.amazonaws.com/2021/04/17/pem8hxalyx7i/db7299ee-327b-4936-840b-c4f8d1362578.flac?X-Amz-Algorithm=AWS4-HMAC-SHA256&X-Amz-Content-Sha256=UNSIGNED-PAYLOAD&X-Amz-Credential=AKIA45B7YWBX5HAZMGOU%2F20260223%2Feu-west-1%2Fs3%2Faws4_request&X-Amz-Date=20260223T001158Z&X-Amz-Expires=604800&X-Amz-Signature=43544254ea27cbc6ae9342073d098baabe3bcd82b9d82aea2b11947c2888d23e&X-Amz-SignedHeaders=host&response-content-disposition=attachment%3B%20filename%3Ddb7299ee-327b-4936-840b-c4f8d1362578.flac&x-id=GetObject,0.283300489,24544
K2am-2021-04-17_11-00.WAV,2021 Kern 2,2021,4,17,11,0,sp32,Simple Call,19.96800041,20.80533409,2906,6188,24000,present,https://rfcx-streams-production.s3.eu-west-1.amazonaws.com/2021/04/17/pem8hxalyx7i/22915c1f-9b6a-4615-b41c-1d054feca7bd.flac?X-Amz-Algorithm=AWS4-HMAC-SHA256&X-Amz-Content-Sha256=UNSIGNED-PAYLOAD&X-Amz-Credential=AKIA45B7YWBX5HAZMGOU%2F20260223%2Feu-west-1%2Fs3%2Faws4_request&X-Amz-Date=20260223T001158Z&X-Amz-Expires=604800&X-Amz-Signature=8d85cb081f5d32e838a6a05bf22037a1a857f0d927f5a71defe42bff671036f7&X-Amz-SignedHeaders=host&response-content-disposition=attachment%3B%20filename%3D22915c1f-9b6a-4615-b41c-1d054feca7bd.flac&x-id=GetObject,0.301027447,24544
K2am-2021-04-17_11-20.WAV,2021 Kern 2,2021,4,17,11,20,sp32,Simple Call,28.70400047,29.54133415,2906,6188,24000,present,https://rfcx-streams-production.s3.eu-west-1.amazonaws.com/2021/04/17/pem8hxalyx7i/900840fd-5e59-4412-8312-e0ec3973ae96.flac?X-Amz-Algorithm=AWS4-HMAC-SHA256&X-Amz-Content-Sha256=UNSIGNED-PAYLOAD&X-Amz-Credential=AKIA45B7YWBX5HAZMGOU%2F20260223%2Feu-west-1%2Fs3%2Faws4_request&X-Amz-Date=20260223T001158Z&X-Amz-Expires=604800&X-Amz-Signature=530417b9b4651950bf244146a90467884cf2a1a1e6ecff2687f4f22b5c355642&X-Amz-SignedHeaders=host&response-content-disposition=attachment%3B%20filename%3D900840fd-5e59-4412-8312-e0ec3973ae96.flac&x-id=GetObject,0.237685412,24544
K2am-2021-04-17_11-40.WAV,2021 Kern 2,2021,4,17,11,40,sp32,Simple Call,4.949333191,5.78666687,2906,6188,24000,present,https://rfcx-streams-production.s3.eu-west-1.amazonaws.com/2021/04/17/pem8hxalyx7i/b236d066-9cdd-4e58-b91b-e2f31efe9cf9.flac?X-Amz-Algorithm=AWS4-HMAC-SHA256&X-Amz-Content-Sha256=UNSIGNED-PAYLOAD&X-Amz-Credential=AKIA45B7YWBX5HAZMGOU%2F20260223%2Feu-west-1%2Fs3%2Faws4_request&X-Amz-Date=20260223T001206Z&X-Amz-Expires=604800&X-Amz-Signature=53f1803902f83576fad1281cb8a77963d6b53ab48d2ec3fee7c1fd82a5b2e030&X-Amz-SignedHeaders=host&response-content-disposition=attachment%3B%20filename%3Db236d066-9cdd-4e58-b91b-e2f31efe9cf9.flac&x-id=GetObject,0.23614651,24544
K2am-2021-04-17_12-00.WAV,2021 Kern 2,2021,4,17,12,0,sp32,Simple Call,28.46933365,29.30666733,2906,6188,24000,present,https://rfcx-streams-production.s3.eu-west-1.amazonaws.com/2021/04/17/pem8hxalyx7i/2c320f3f-3731-4ac8-b9f5-7322c111371c.flac?X-Amz-Algorithm=AWS4-HMAC-SHA256&X-Amz-Content-Sha256=UNSIGNED-PAYLOAD&X-Amz-Credential=AKIA45B7YWBX5HAZMGOU%2F20260223%2Feu-west-1%2Fs3%2Faws4_request&X-Amz-Date=20260223T001158Z&X-Amz-Expires=604800&X-Amz-Signature=4d2537321595be2787d2ea592537b3584b39a9f23b0f07d6c218326bfd64786c&X-Amz-SignedHeaders=host&response-content-disposition=attachment%3B%20filename%3D2c320f3f-3731-4ac8-b9f5-7322c111371c.flac&x-id=GetObject,0.31386289,24544
K2am-2021-04-17_12-40.WAV,2021 Kern 2,2021,4,17,12,40,sp32,Simple Call,17.8239994,18.66133308,2906,6188,24000,present,https://rfcx-streams-production.s3.eu-west-1.amazonaws.com/2021/04/17/pem8hxalyx7i/11d3a834-ad06-4880-9865-20a1908f56c9.flac?X-Amz-Algorithm=AWS4-HMAC-SHA256&X-Amz-Content-Sha256=UNSIGNED-PAYLOAD&X-Amz-Credential=AKIA45B7YWBX5HAZMGOU%2F20260223%2Feu-west-1%2Fs3%2Faws4_request&X-Amz-Date=20260223T001158Z&X-Amz-Expires=604800&X-Amz-Signature=5c64f6c41850d796e9766186f963543abb8599478232ae305655d261a40ff442&X-Amz-SignedHeaders=host&response-content-disposition=attachment%3B%20filename%3D11d3a834-ad06-4880-9865-20a1908f56c9.flac&x-id=GetObject,0.3569763,24544
K2am-2021-04-17_13-00.WAV,2021 Kern 2,2021,4,17,13,0,sp32,Simple Call,19.84000015,20.67733383,2906,6188,24000,present,https://rfcx-streams-production.s3.eu-west-1.amazonaws.com/2021/04/17/pem8hxalyx7i/6044754f-2b3a-4d68-a4bb-c66d977af059.flac?X-Amz-Algorithm=AWS4-HMAC-SHA256&X-Amz-Content-Sha256=UNSIGNED-PAYLOAD&X-Amz-Credential=AKIA45B7YWBX5HAZMGOU%2F20260223%2Feu-west-1%2Fs3%2Faws4_request&X-Amz-Date=20260223T001158Z&X-Amz-Expires=604800&X-Amz-Signature=f0f2c4141ca48ae4e374ab0582e6e69f6b385d4075a997947a44fccf780b2954&X-Amz-SignedHeaders=host&response-content-disposition=attachment%3B%20filename%3D6044754f-2b3a-4d68-a4bb-c66d977af059.flac&x-id=GetObject,0.257810712,24544
K2am-2021-04-17_13-20.WAV,2021 Kern 2,2021,4,17,13,20,sp32,Simple Call,54.88000107,55.71733475,2906,6188,24000,present,https://rfcx-streams-production.s3.eu-west-1.amazonaws.com/2021/04/17/pem8hxalyx7i/16a8fe18-8b73-4f7d-92da-5ec1065dddcd.flac?X-Amz-Algorithm=AWS4-HMAC-SHA256&X-Amz-Content-Sha256=UNSIGNED-PAYLOAD&X-Amz-Credential=AKIA45B7YWBX5HAZMGOU%2F20260223%2Feu-west-1%2Fs3%2Faws4_request&X-Amz-Date=20260223T001158Z&X-Amz-Expires=604800&X-Amz-Signature=cbdda6cdc88674b2f88913a05058e61d2755af12f9faf15a8425e1ea4b9f5c98&X-Amz-SignedHeaders=host&response-content-disposition=attachment%3B%20filename%3D16a8fe18-8b73-4f7d-92da-5ec1065dddcd.flac&x-id=GetObject,0.309227288,24544
K2am-2021-04-17_13-40.WAV,2021 Kern 2,2021,4,17,13,40,sp32,Simple Call,25.36533356,26.20266724,2906,6188,24000,present,https://rfcx-streams-production.s3.eu-west-1.amazonaws.com/2021/04/17/pem8hxalyx7i/41ed3f30-d464-4b21-bfa1-216a67ef30c0.flac?X-Amz-Algorithm=AWS4-HMAC-SHA256&X-Amz-Content-Sha256=UNSIGNED-PAYLOAD&X-Amz-Credential=AKIA45B7YWBX5HAZMGOU%2F20260223%2Feu-west-1%2Fs3%2Faws4_request&X-Amz-Date=20260223T001200Z&X-Amz-Expires=604800&X-Amz-Signature=0999d5505f6cf162122d747877b7dc58154cd24f7dce3256edebbfb8207bf70a&X-Amz-SignedHeaders=host&response-content-disposition=attachment%3B%20filename%3D41ed3f30-d464-4b21-bfa1-216a67ef30c0.flac&x-id=GetObject,0.229028553,24544
K2am-2021-04-17_14-00.WAV,2021 Kern 2,2021,4,17,14,0,sp32,Simple Call,58.50133514,59.33866501,2906,6188,24000,present,https://rfcx-streams-production.s3.eu-west-1.amazonaws.com/2021/04/17/pem8hxalyx7i/9bc00fa4-35c3-42a2-8a99-b53902a46885.flac?X-Amz-Algorithm=AWS4-HMAC-SHA256&X-Amz-Content-Sha256=UNSIGNED-PAYLOAD&X-Amz-Credential=AKIA45B7YWBX5HAZMGOU%2F20260223%2Feu-west-1%2Fs3%2Faws4_request&X-Amz-Date=20260223T001200Z&X-Amz-Expires=604800&X-Amz-Signature=65fd20fab46c6a0d96c2a16c67a1c38d802e99dfb75b677e10bc5472d2079d2a&X-Amz-SignedHeaders=host&response-content-disposition=attachment%3B%20filename%3D9bc00fa4-35c3-42a2-8a99-b53902a46885.flac&x-id=GetObject,0.295223773,24544
K2am-2021-04-17_14-40.WAV,2021 Kern 2,2021,4,17,14,40,sp32,Simple Call,13.88266659,14.72000027,2906,6188,24000,present,https://rfcx-streams-production.s3.eu-west-1.amazonaws.com/2021/04/17/pem8hxalyx7i/997f6c10-a025-4f7d-b97a-74161020fe75.flac?X-Amz-Algorithm=AWS4-HMAC-SHA256&X-Amz-Content-Sha256=UNSIGNED-PAYLOAD&X-Amz-Credential=AKIA45B7YWBX5HAZMGOU%2F20260223%2Feu-west-1%2Fs3%2Faws4_request&X-Amz-Date=20260223T001200Z&X-Amz-Expires=604800&X-Amz-Signature=ff48416dc58be2b6f97dc02beb487d1e4b527215b46c230fcfe6326e513f78a7&X-Amz-SignedHeaders=host&response-content-disposition=attachment%3B%20filename%3D997f6c10-a025-4f7d-b97a-74161020fe75.flac&x-id=GetObject,0.237574339,24544
K2am-2021-04-17_15-00.WAV,2021 Kern 2,2021,4,17,15,0,sp32,Simple Call,12,12.83733368,2906,6188,24000,present,https://rfcx-streams-production.s3.eu-west-1.amazonaws.com/2021/04/17/pem8hxalyx7i/9282025c-59bf-44d3-ab3b-c537c77424f7.flac?X-Amz-Algorithm=AWS4-HMAC-SHA256&X-Amz-Content-Sha256=UNSIGNED-PAYLOAD&X-Amz-Credential=AKIA45B7YWBX5HAZMGOU%2F20260223%2Feu-west-1%2Fs3%2Faws4_request&X-Amz-Date=20260223T001200Z&X-Amz-Expires=604800&X-Amz-Signature=7f720039eccc649d73c0ecd2106c1add24e8ff9d6edb3edec6b72e99b20568c5&X-Amz-SignedHeaders=host&response-content-disposition=attachment%3B%20filename%3D9282025c-59bf-44d3-ab3b-c537c77424f7.flac&x-id=GetObject,0.26175344,24544
K2am-2021-04-17_15-20.WAV,2021 Kern 2,2021,4,17,15,20,sp32,Simple Call,55.29600143,56.13333511,2906,6188,24000,present,https://rfcx-streams-production.s3.eu-west-1.amazonaws.com/2021/04/17/pem8hxalyx7i/4d3492ce-064b-4b16-8f36-4d417159505c.flac?X-Amz-Algorithm=AWS4-HMAC-SHA256&X-Amz-Content-Sha256=UNSIGNED-PAYLOAD&X-Amz-Credential=AKIA45B7YWBX5HAZMGOU%2F20260223%2Feu-west-1%2Fs3%2Faws4_request&X-Amz-Date=20260223T001158Z&X-Amz-Expires=604800&X-Amz-Signature=ea3abced3597f64aa39c35a09f47508d5e5b00606ee46c94c018efc0b5199156&X-Amz-SignedHeaders=host&response-content-disposition=attachment%3B%20filename%3D4d3492ce-064b-4b16-8f36-4d417159505c.flac&x-id=GetObject,0.285020858,24544
K2am-2021-04-17_15-40.WAV,2021 Kern 2,2021,4,17,15,40,sp32,Simple Call,8.736000061,9.57333374,2906,6188,24000,present,https://rfcx-streams-production.s3.eu-west-1.amazonaws.com/2021/04/17/pem8hxalyx7i/ad7e4c3d-8c64-4942-950d-754afdb4309d.flac?X-Amz-Algorithm=AWS4-HMAC-SHA256&X-Amz-Content-Sha256=UNSIGNED-PAYLOAD&X-Amz-Credential=AKIA45B7YWBX5HAZMGOU%2F20260223%2Feu-west-1%2Fs3%2Faws4_request&X-Amz-Date=20260223T001200Z&X-Amz-Expires=604800&X-Amz-Signature=b334f07892f4d36fd4e5c34f739980d3ab75c1562d20233709c7421e69792c45&X-Amz-SignedHeaders=host&response-content-disposition=attachment%3B%20filename%3Dad7e4c3d-8c64-4942-950d-754afdb4309d.flac&x-id=GetObject,0.270120978,24544
K2am-2021-04-17_16-00.WAV,2021 Kern 2,2021,4,17,16,0,sp32,Simple Call,2.474666595,3.312000036,2906,6188,24000,present,https://rfcx-streams-production.s3.eu-west-1.amazonaws.com/2021/04/17/pem8hxalyx7i/49a36c8a-be21-4ec2-896f-e8df89a142c1.flac?X-Amz-Algorithm=AWS4-HMAC-SHA256&X-Amz-Content-Sha256=UNSIGNED-PAYLOAD&X-Amz-Credential=AKIA45B7YWBX5HAZMGOU%2F20260223%2Feu-west-1%2Fs3%2Faws4_request&X-Amz-Date=20260223T001200Z&X-Amz-Expires=604800&X-Amz-Signature=b1173b81c5ebebaa02b5e901ded691e0c10487c68fe2c3e285d1e3df22361b7c&X-Amz-SignedHeaders=host&response-content-disposition=attachment%3B%20filename%3D49a36c8a-be21-4ec2-896f-e8df89a142c1.flac&x-id=GetObject,0.216534942,24544
K2am-2021-04-17_16-20.WAV,2021 Kern 2,2021,4,17,16,20,sp32,Simple Call,51.17866516,52.01599884,2906,6188,24000,present,https://rfcx-streams-production.s3.eu-west-1.amazonaws.com/2021/04/17/pem8hxalyx7i/06e63b5a-6f24-4fd4-bebf-efa4954bfa94.flac?X-Amz-Algorithm=AWS4-HMAC-SHA256&X-Amz-Content-Sha256=UNSIGNED-PAYLOAD&X-Amz-Credential=AKIA45B7YWBX5HAZMGOU%2F20260223%2Feu-west-1%2Fs3%2Faws4_request&X-Amz-Date=20260223T001158Z&X-Amz-Expires=604800&X-Amz-Signature=97c91f0be87a975ab51007654d38dfdfe106e8b4b1c9379d143861f2589569e1&X-Amz-SignedHeaders=host&response-content-disposition=attachment%3B%20filename%3D06e63b5a-6f24-4fd4-bebf-efa4954bfa94.flac&x-id=GetObject,0.224886477,24544
K2am-2021-04-17_16-40.WAV,2021 Kern 2,2021,4,17,16,40,sp32,Simple Call,58.53333282,59.3706665,2906,6188,24000,present,https://rfcx-streams-production.s3.eu-west-1.amazonaws.com/2021/04/17/pem8hxalyx7i/245b6819-69f9-49b2-80e2-b14837aa79b3.flac?X-Amz-Algorithm=AWS4-HMAC-SHA256&X-Amz-Content-Sha256=UNSIGNED-PAYLOAD&X-Amz-Credential=AKIA45B7YWBX5HAZMGOU%2F20260223%2Feu-west-1%2Fs3%2Faws4_request&X-Amz-Date=20260223T001200Z&X-Amz-Expires=604800&X-Amz-Signature=faf82c98676f3e71777e3fb3a2acf55b266335eb0fb06700bab47b5b2f68b1f1&X-Amz-SignedHeaders=host&response-content-disposition=attachment%3B%20filename%3D245b6819-69f9-49b2-80e2-b14837aa79b3.flac&x-id=GetObject,0.224679604,24544
K2am-2021-04-17_17-40.WAV,2021 Kern 2,2021,4,17,17,40,sp32,Simple Call,54.46933365,55.30666733,2906,6188,24000,present,https://rfcx-streams-production.s3.eu-west-1.amazonaws.com/2021/04/18/pem8hxalyx7i/a97a1919-2b4d-4470-97a9-775a0628722c.flac?X-Amz-Algorithm=AWS4-HMAC-SHA256&X-Amz-Content-Sha256=UNSIGNED-PAYLOAD&X-Amz-Credential=AKIA45B7YWBX5HAZMGOU%2F20260223%2Feu-west-1%2Fs3%2Faws4_request&X-Amz-Date=20260223T001200Z&X-Amz-Expires=604800&X-Amz-Signature=e1afe4d3694bc5be43130770e3226870dd4943febd4bc72bc594c015d2ad4f5e&X-Amz-SignedHeaders=host&response-content-disposition=attachment%3B%20filename%3Da97a1919-2b4d-4470-97a9-775a0628722c.flac&x-id=GetObject,0.221491814,24544
K2am-2021-04-18_08-40.WAV,2021 Kern 2,2021,4,18,8,40,sp32,Simple Call,53.73333359,54.57066727,2906,6188,24000,present,https://rfcx-streams-production.s3.eu-west-1.amazonaws.com/2021/04/18/pem8hxalyx7i/3001272c-ef7f-4fed-9707-7d4353e83202.flac?X-Amz-Algorithm=AWS4-HMAC-SHA256&X-Amz-Content-Sha256=UNSIGNED-PAYLOAD&X-Amz-Credential=AKIA45B7YWBX5HAZMGOU%2F20260223%2Feu-west-1%2Fs3%2Faws4_request&X-Amz-Date=20260223T001158Z&X-Amz-Expires=604800&X-Amz-Signature=dc91d301bf633d67e7ef0e8a9ea96dc496ce12fdbda0f1def6495b7a203bd4ed&X-Amz-SignedHeaders=host&response-content-disposition=attachment%3B%20filename%3D3001272c-ef7f-4fed-9707-7d4353e83202.flac&x-id=GetObject,0.250813663,24544
K2am-2021-04-18_09-20.WAV,2021 Kern 2,2021,4,18,9,20,sp32,Simple Call,4.218666553,5.056000233,2906,6188,24000,present,https://rfcx-streams-production.s3.eu-west-1.amazonaws.com/2021/04/18/pem8hxalyx7i/03cbc0e0-2117-4ccd-9751-54555a4eea11.flac?X-Amz-Algorithm=AWS4-HMAC-SHA256&X-Amz-Content-Sha256=UNSIGNED-PAYLOAD&X-Amz-Credential=AKIA45B7YWBX5HAZMGOU%2F20260223%2Feu-west-1%2Fs3%2Faws4_request&X-Amz-Date=20260223T001200Z&X-Amz-Expires=604800&X-Amz-Signature=f31532d99b3b8af8af7fc53beffcbc14e35a44a76f8f14bf28cc55b70481b1cd&X-Amz-SignedHeaders=host&response-content-disposition=attachment%3B%20filename%3D03cbc0e0-2117-4ccd-9751-54555a4eea11.flac&x-id=GetObject,0.243599474,24544
K2am-2021-04-18_09-40.WAV,2021 Kern 2,2021,4,18,9,40,sp32,Simple Call,0.458666652,1.296000004,2906,6188,24000,present,https://rfcx-streams-production.s3.eu-west-1.amazonaws.com/2021/04/18/pem8hxalyx7i/b607f184-07f7-47de-9ea1-e251359adbea.flac?X-Amz-Algorithm=AWS4-HMAC-SHA256&X-Amz-Content-Sha256=UNSIGNED-PAYLOAD&X-Amz-Credential=AKIA45B7YWBX5HAZMGOU%2F20260223%2Feu-west-1%2Fs3%2Faws4_request&X-Amz-Date=20260223T001200Z&X-Amz-Expires=604800&X-Amz-Signature=5baed3ea1eadea6a162682f541102f108e256dc74b39272e59ea09b8d1891c86&X-Amz-SignedHeaders=host&response-content-disposition=attachment%3B%20filename%3Db607f184-07f7-47de-9ea1-e251359adbea.flac&x-id=GetObject,0.249033138,24544
K2am-2021-04-18_10-00.WAV,2021 Kern 2,2021,4,18,10,0,sp32,Simple Call,0.517333329,1.35466671,2906,6188,24000,present,https://rfcx-streams-production.s3.eu-west-1.amazonaws.com/2021/04/18/pem8hxalyx7i/e8c94fed-4efc-49ca-a876-38ee515fc2a0.flac?X-Amz-Algorithm=AWS4-HMAC-SHA256&X-Amz-Content-Sha256=UNSIGNED-PAYLOAD&X-Amz-Credential=AKIA45B7YWBX5HAZMGOU%2F20260223%2Feu-west-1%2Fs3%2Faws4_request&X-Amz-Date=20260223T001158Z&X-Amz-Expires=604800&X-Amz-Signature=425db15092f9bcf401672a85037adea750b797d36a5f24d1d335dcf8d8874dfc&X-Amz-SignedHeaders=host&response-content-disposition=attachment%3B%20filename%3De8c94fed-4efc-49ca-a876-38ee515fc2a0.flac&x-id=GetObject,0.205916181,24544
K2am-2021-04-18_10-20.WAV,2021 Kern 2,2021,4,18,10,20,sp32,Simple Call,12.37333298,13.21066666,2906,6188,24000,present,https://rfcx-streams-production.s3.eu-west-1.amazonaws.com/2021/04/18/pem8hxalyx7i/69734810-5734-455c-90e9-484eff47d545.flac?X-Amz-Algorithm=AWS4-HMAC-SHA256&X-Amz-Content-Sha256=UNSIGNED-PAYLOAD&X-Amz-Credential=AKIA45B7YWBX5HAZMGOU%2F20260223%2Feu-west-1%2Fs3%2Faws4_request&X-Amz-Date=20260223T001200Z&X-Amz-Expires=604800&X-Amz-Signature=ffb010679cdf7ef399143095010be31314364b26681664389347533c79d7354d&X-Amz-SignedHeaders=host&response-content-disposition=attachment%3B%20filename%3D69734810-5734-455c-90e9-484eff47d545.flac&x-id=GetObject,0.310799479,24544
K2am-2021-04-18_10-40.WAV,2021 Kern 2,2021,4,18,10,40,sp32,Simple Call,3.808000088,4.64533329,2906,6188,24000,present,https://rfcx-streams-production.s3.eu-west-1.amazonaws.com/2021/04/18/pem8hxalyx7i/16da5a8f-34fe-4a20-84af-d2b9510965a1.flac?X-Amz-Algorithm=AWS4-HMAC-SHA256&X-Amz-Content-Sha256=UNSIGNED-PAYLOAD&X-Amz-Credential=AKIA45B7YWBX5HAZMGOU%2F20260223%2Feu-west-1%2Fs3%2Faws4_request&X-Amz-Date=20260223T001200Z&X-Amz-Expires=604800&X-Amz-Signature=7c0ae353c285b1568fe803e3d401ea4df52cadf1063fec98db49f2ebec4c6528&X-Amz-SignedHeaders=host&response-content-disposition=attachment%3B%20filename%3D16da5a8f-34fe-4a20-84af-d2b9510965a1.flac&x-id=GetObject,0.25274238,24544
K2am-2021-04-18_11-00.WAV,2021 Kern 2,2021,4,18,11,0,sp32,Simple Call,17.05066681,17.88800049,2906,6188,24000,present,https://rfcx-streams-production.s3.eu-west-1.amazonaws.com/2021/04/18/pem8hxalyx7i/24def77a-1eab-48ec-bdc4-26b03dac03b0.flac?X-Amz-Algorithm=AWS4-HMAC-SHA256&X-Amz-Content-Sha256=UNSIGNED-PAYLOAD&X-Amz-Credential=AKIA45B7YWBX5HAZMGOU%2F20260223%2Feu-west-1%2Fs3%2Faws4_request&X-Amz-Date=20260223T001200Z&X-Amz-Expires=604800&X-Amz-Signature=c56010934b9dcca4791866459cf079226f9fae4a0ec814190516128af2be0fac&X-Amz-SignedHeaders=host&response-content-disposition=attachment%3B%20filename%3D24def77a-1eab-48ec-bdc4-26b03dac03b0.flac&x-id=GetObject,0.244623646,24544
K2am-2021-04-18_11-20.WAV,2021 Kern 2,2021,4,18,11,20,sp32,Simple Call,53.01866531,53.85599899,2906,6188,24000,present,https://rfcx-streams-production.s3.eu-west-1.amazonaws.com/2021/04/18/pem8hxalyx7i/bbd784d8-cbd2-49c2-b08e-d8f041dd2a49.flac?X-Amz-Algorithm=AWS4-HMAC-SHA256&X-Amz-Content-Sha256=UNSIGNED-PAYLOAD&X-Amz-Credential=AKIA45B7YWBX5HAZMGOU%2F20260223%2Feu-west-1%2Fs3%2Faws4_request&X-Amz-Date=20260223T001200Z&X-Amz-Expires=604800&X-Amz-Signature=cee62936e4211b5fcb1bd5ad1de319630d3a1b859ab939f9d25ecfc27292f567&X-Amz-SignedHeaders=host&response-content-disposition=attachment%3B%20filename%3Dbbd784d8-cbd2-49c2-b08e-d8f041dd2a49.flac&x-id=GetObject,0.305509597,24544
K2am-2021-04-18_11-40.WAV,2021 Kern 2,2021,4,18,11,40,sp32,Simple Call,50.06933212,50.9066658,2906,6188,24000,present,https://rfcx-streams-production.s3.eu-west-1.amazonaws.com/2021/04/18/pem8hxalyx7i/1612033e-7132-44a6-8365-9d19905b5099.flac?X-Amz-Algorithm=AWS4-HMAC-SHA256&X-Amz-Content-Sha256=UNSIGNED-PAYLOAD&X-Amz-Credential=AKIA45B7YWBX5HAZMGOU%2F20260223%2Feu-west-1%2Fs3%2Faws4_request&X-Amz-Date=20260223T001200Z&X-Amz-Expires=604800&X-Amz-Signature=5ba64b27465b6b1f92ce83f82ec995fa5fbc0d618ebbb224b158ac918ddfacdd&X-Amz-SignedHeaders=host&response-content-disposition=attachment%3B%20filename%3D1612033e-7132-44a6-8365-9d19905b5099.flac&x-id=GetObject,0.31251961,24544
K2am-2021-04-18_12-00.WAV,2021 Kern 2,2021,4,18,12,0,sp32,Simple Call,2.757333279,3.594666719,2906,6188,24000,present,https://rfcx-streams-production.s3.eu-west-1.amazonaws.com/2021/04/18/pem8hxalyx7i/c626b025-976d-44d5-b982-452a6ea17e3b.flac?X-Amz-Algorithm=AWS4-HMAC-SHA256&X-Amz-Content-Sha256=UNSIGNED-PAYLOAD&X-Amz-Credential=AKIA45B7YWBX5HAZMGOU%2F20260223%2Feu-west-1%2Fs3%2Faws4_request&X-Amz-Date=20260223T001200Z&X-Amz-Expires=604800&X-Amz-Signature=9376c7ef8b4b5c393148a98bdd2ca4d455798783eaebc5ce09f48dee577b297c&X-Amz-SignedHeaders=host&response-content-disposition=attachment%3B%20filename%3Dc626b025-976d-44d5-b982-452a6ea17e3b.flac&x-id=GetObject,0.256026089,24544
K2am-2021-04-18_12-20.WAV,2021 Kern 2,2021,4,18,12,20,sp32,Simple Call,54.04800034,54.88533401,2906,6188,24000,present,https://rfcx-streams-production.s3.eu-west-1.amazonaws.com/2021/04/18/pem8hxalyx7i/96ecaca7-142a-4500-83ea-3bf10b2045a2.flac?X-Amz-Algorithm=AWS4-HMAC-SHA256&X-Amz-Content-Sha256=UNSIGNED-PAYLOAD&X-Amz-Credential=AKIA45B7YWBX5HAZMGOU%2F20260223%2Feu-west-1%2Fs3%2Faws4_request&X-Amz-Date=20260223T001200Z&X-Amz-Expires=604800&X-Amz-Signature=c55d61c90e5e8d8dd896c18fb937f96d030456c4904d2d9f789531c94012ad68&X-Amz-SignedHeaders=host&response-content-disposition=attachment%3B%20filename%3D96ecaca7-142a-4500-83ea-3bf10b2045a2.flac&x-id=GetObject,0.267412364,24544
K2am-2021-04-18_12-40.WAV,2021 Kern 2,2021,4,18,12,40,sp32,Simple Call,30.85333252,31.6906662,2906,6188,24000,present,https://rfcx-streams-production.s3.eu-west-1.amazonaws.com/2021/04/18/pem8hxalyx7i/eb39362f-9b78-4333-a943-dcc4611289c9.flac?X-Amz-Algorithm=AWS4-HMAC-SHA256&X-Amz-Content-Sha256=UNSIGNED-PAYLOAD&X-Amz-Credential=AKIA45B7YWBX5HAZMGOU%2F20260223%2Feu-west-1%2Fs3%2Faws4_request&X-Amz-Date=20260223T001158Z&X-Amz-Expires=604800&X-Amz-Signature=d348f1e5c5245af958b988311e22142d89fa5527646bfe05bd9386ed75036439&X-Amz-SignedHeaders=host&response-content-disposition=attachment%3B%20filename%3Deb39362f-9b78-4333-a943-dcc4611289c9.flac&x-id=GetObject,0.282840908,24544
K2am-2021-04-18_14-20.WAV,2021 Kern 2,2021,4,18,14,20,sp32,Simple Call,0.479999989,1.317333341,2906,6188,24000,present,https://rfcx-streams-production.s3.eu-west-1.amazonaws.com/2021/04/18/pem8hxalyx7i/da9044b9-9162-4bd5-92ce-6d91c4d96b9a.flac?X-Amz-Algorithm=AWS4-HMAC-SHA256&X-Amz-Content-Sha256=UNSIGNED-PAYLOAD&X-Amz-Credential=AKIA45B7YWBX5HAZMGOU%2F20260223%2Feu-west-1%2Fs3%2Faws4_request&X-Amz-Date=20260223T001200Z&X-Amz-Expires=604800&X-Amz-Signature=4ce0eff34a50555186b7a63e0ca4ec51e898e4920374a31669c4c7a6715a0c96&X-Amz-SignedHeaders=host&response-content-disposition=attachment%3B%20filename%3Dda9044b9-9162-4bd5-92ce-6d91c4d96b9a.flac&x-id=GetObject,0.208846897,24544
K2am-2021-04-18_15-00.WAV,2021 Kern 2,2021,4,18,15,0,sp32,Simple Call,0.981333315,1.818666697,2906,6188,24000,present,https://rfcx-streams-production.s3.eu-west-1.amazonaws.com/2021/04/18/pem8hxalyx7i/ae6fc1a5-6f8a-4ad9-a46b-a94e4e2f589d.flac?X-Amz-Algorithm=AWS4-HMAC-SHA256&X-Amz-Content-Sha256=UNSIGNED-PAYLOAD&X-Amz-Credential=AKIA45B7YWBX5HAZMGOU%2F20260223%2Feu-west-1%2Fs3%2Faws4_request&X-Amz-Date=20260223T001158Z&X-Amz-Expires=604800&X-Amz-Signature=554dbf82ffcd3ec7e88eb5902fc19e6a3b0e7c109e6459ac97620c8b9e5ed559&X-Amz-SignedHeaders=host&response-content-disposition=attachment%3B%20filename%3Dae6fc1a5-6f8a-4ad9-a46b-a94e4e2f589d.flac&x-id=GetObject,0.258513212,24544
K2am-2021-04-18_15-20.WAV,2021 Kern 2,2021,4,18,15,20,sp32,Simple Call,3.407999992,4.245333195,2906,6188,24000,present,https://rfcx-streams-production.s3.eu-west-1.amazonaws.com/2021/04/18/pem8hxalyx7i/0141c47e-6b33-418a-9c82-f17d2f2ffdfe.flac?X-Amz-Algorithm=AWS4-HMAC-SHA256&X-Amz-Content-Sha256=UNSIGNED-PAYLOAD&X-Amz-Credential=AKIA45B7YWBX5HAZMGOU%2F20260223%2Feu-west-1%2Fs3%2Faws4_request&X-Amz-Date=20260223T001158Z&X-Amz-Expires=604800&X-Amz-Signature=187030208e701179645c42b66ae4298d875da0aaf35bb34e0e1a6825f167dffb&X-Amz-SignedHeaders=host&response-content-disposition=attachment%3B%20filename%3D0141c47e-6b33-418a-9c82-f17d2f2ffdfe.flac&x-id=GetObject,0.271734506,24544
K2am-2021-04-18_15-40.WAV,2021 Kern 2,2021,4,18,15,40,sp32,Simple Call,8.64533329,9.482666969,2906,6188,24000,present,https://rfcx-streams-production.s3.eu-west-1.amazonaws.com/2021/04/18/pem8hxalyx7i/10501a1d-d722-4480-8d17-b4d47e387d1f.flac?X-Amz-Algorithm=AWS4-HMAC-SHA256&X-Amz-Content-Sha256=UNSIGNED-PAYLOAD&X-Amz-Credential=AKIA45B7YWBX5HAZMGOU%2F20260223%2Feu-west-1%2Fs3%2Faws4_request&X-Amz-Date=20260223T001158Z&X-Amz-Expires=604800&X-Amz-Signature=b45286d5f019c01642688944f06f1d431c772efa04b930953866891dba87fb73&X-Amz-SignedHeaders=host&response-content-disposition=attachment%3B%20filename%3D10501a1d-d722-4480-8d17-b4d47e387d1f.flac&x-id=GetObject,0.207794309,24544
K2am-2021-04-18_16-00.WAV,2021 Kern 2,2021,4,18,16,0,sp32,Simple Call,48.93333435,49.77066803,2906,6188,24000,present,https://rfcx-streams-production.s3.eu-west-1.amazonaws.com/2021/04/18/pem8hxalyx7i/c053857c-fb6e-4e69-b74c-a68906c654ba.flac?X-Amz-Algorithm=AWS4-HMAC-SHA256&X-Amz-Content-Sha256=UNSIGNED-PAYLOAD&X-Amz-Credential=AKIA45B7YWBX5HAZMGOU%2F20260223%2Feu-west-1%2Fs3%2Faws4_request&X-Amz-Date=20260223T001206Z&X-Amz-Expires=604800&X-Amz-Signature=61cdcb3446e4402fb6133ba84d0915d5e60dcac2431d9f2cccb38f3839f759d0&X-Amz-SignedHeaders=host&response-content-disposition=attachment%3B%20filename%3Dc053857c-fb6e-4e69-b74c-a68906c654ba.flac&x-id=GetObject,0.279034227,24544
K2am-2021-04-18_16-20.WAV,2021 Kern 2,2021,4,18,16,20,sp32,Simple Call,1.338666677,2.176000118,2906,6188,24000,present,https://rfcx-streams-production.s3.eu-west-1.amazonaws.com/2021/04/18/pem8hxalyx7i/5ae53c0a-bed5-49ba-91ad-ea5aa7181cfd.flac?X-Amz-Algorithm=AWS4-HMAC-SHA256&X-Amz-Content-Sha256=UNSIGNED-PAYLOAD&X-Amz-Credential=AKIA45B7YWBX5HAZMGOU%2F20260223%2Feu-west-1%2Fs3%2Faws4_request&X-Amz-Date=20260223T001158Z&X-Amz-Expires=604800&X-Amz-Signature=8e91317beab10deced6c82f812b3f3b3043b2537653e8aa42d88e0e148fe038e&X-Amz-SignedHeaders=host&response-content-disposition=attachment%3B%20filename%3D5ae53c0a-bed5-49ba-91ad-ea5aa7181cfd.flac&x-id=GetObject,0.255508751,24544
K2am-2021-04-18_17-00.WAV,2021 Kern 2,2021,4,18,17,0,sp32,Simple Call,41.78666687,42.62400055,2906,6188,24000,present,https://rfcx-streams-production.s3.eu-west-1.amazonaws.com/2021/04/19/pem8hxalyx7i/604defc1-7c2b-48c3-b0b3-7873fdf2a7f2.flac?X-Amz-Algorithm=AWS4-HMAC-SHA256&X-Amz-Content-Sha256=UNSIGNED-PAYLOAD&X-Amz-Credential=AKIA45B7YWBX5HAZMGOU%2F20260223%2Feu-west-1%2Fs3%2Faws4_request&X-Amz-Date=20260223T001158Z&X-Amz-Expires=604800&X-Amz-Signature=e9eda21bf91198d65436a5aeb75b80355f5607aafcc4b99573e5e280642b552d&X-Amz-SignedHeaders=host&response-content-disposition=attachment%3B%20filename%3D604defc1-7c2b-48c3-b0b3-7873fdf2a7f2.flac&x-id=GetObject,0.234832913,24544
K2am-2021-04-18_17-20.WAV,2021 Kern 2,2021,4,18,17,20,sp32,Simple Call,1.205333352,2.042666674,2906,6188,24000,present,https://rfcx-streams-production.s3.eu-west-1.amazonaws.com/2021/04/19/pem8hxalyx7i/da61b296-aea2-44fb-a272-90318ac857d2.flac?X-Amz-Algorithm=AWS4-HMAC-SHA256&X-Amz-Content-Sha256=UNSIGNED-PAYLOAD&X-Amz-Credential=AKIA45B7YWBX5HAZMGOU%2F20260223%2Feu-west-1%2Fs3%2Faws4_request&X-Amz-Date=20260223T001158Z&X-Amz-Expires=604800&X-Amz-Signature=abb8a066412958d82cf074cff8df933c6147333d897b0dd198194981769873c2&X-Amz-SignedHeaders=host&response-content-disposition=attachment%3B%20filename%3Dda61b296-aea2-44fb-a272-90318ac857d2.flac&x-id=GetObject,0.274024695,24544
K2am-2021-04-18_17-40.WAV,2021 Kern 2,2021,4,18,17,40,sp32,Simple Call,13.35466671,14.19200039,2906,6188,24000,present,https://rfcx-streams-production.s3.eu-west-1.amazonaws.com/2021/04/19/pem8hxalyx7i/4036d7ca-05c4-4ad4-8d94-cc43293d8903.flac?X-Amz-Algorithm=AWS4-HMAC-SHA256&X-Amz-Content-Sha256=UNSIGNED-PAYLOAD&X-Amz-Credential=AKIA45B7YWBX5HAZMGOU%2F20260223%2Feu-west-1%2Fs3%2Faws4_request&X-Amz-Date=20260223T001200Z&X-Amz-Expires=604800&X-Amz-Signature=462f48bd0aaf9804d6c4f401379028a348a5dc46feec65a81a704709f4c1766d&X-Amz-SignedHeaders=host&response-content-disposition=attachment%3B%20filename%3D4036d7ca-05c4-4ad4-8d94-cc43293d8903.flac&x-id=GetObject,0.243414074,24544
K2am-2021-04-18_18-00.WAV,2021 Kern 2,2021,4,18,18,0,sp32,Simple Call,48.74666595,49.58399963,2906,6188,24000,present,https://rfcx-streams-production.s3.eu-west-1.amazonaws.com/2021/04/19/pem8hxalyx7i/954e61dc-ad1d-49df-b725-982033cc7c64.flac?X-Amz-Algorithm=AWS4-HMAC-SHA256&X-Amz-Content-Sha256=UNSIGNED-PAYLOAD&X-Amz-Credential=AKIA45B7YWBX5HAZMGOU%2F20260223%2Feu-west-1%2Fs3%2Faws4_request&X-Amz-Date=20260223T001200Z&X-Amz-Expires=604800&X-Amz-Signature=af5da759f9ab4ec6e7d7e9dd99e8fec0f8e67acf541468cf06250e441bb84cf2&X-Amz-SignedHeaders=host&response-content-disposition=attachment%3B%20filename%3D954e61dc-ad1d-49df-b725-982033cc7c64.flac&x-id=GetObject,0.245054364,24544
K2am-2021-04-18_18-20.WAV,2021 Kern 2,2021,4,18,18,20,sp32,Simple Call,50.64533234,51.48266602,2906,6188,24000,present,https://rfcx-streams-production.s3.eu-west-1.amazonaws.com/2021/04/19/pem8hxalyx7i/eb4aadcc-89b2-4a96-94c9-e176bb40a92d.flac?X-Amz-Algorithm=AWS4-HMAC-SHA256&X-Amz-Content-Sha256=UNSIGNED-PAYLOAD&X-Amz-Credential=AKIA45B7YWBX5HAZMGOU%2F20260223%2Feu-west-1%2Fs3%2Faws4_request&X-Amz-Date=20260223T001158Z&X-Amz-Expires=604800&X-Amz-Signature=bff3aa0e4ee307aad64b537b5ccfd785a4233bc7f3bd6d6540ad4ee619dfa8d6&X-Amz-SignedHeaders=host&response-content-disposition=attachment%3B%20filename%3Deb4aadcc-89b2-4a96-94c9-e176bb40a92d.flac&x-id=GetObject,0.245959848,24544
K2am-2021-04-18_18-40.WAV,2021 Kern 2,2021,4,18,18,40,sp32,Simple Call,47.99466705,48.83200073,2906,6188,24000,present,https://rfcx-streams-production.s3.eu-west-1.amazonaws.com/2021/04/19/pem8hxalyx7i/1479e687-ec4b-4b91-b51a-d03027714127.flac?X-Amz-Algorithm=AWS4-HMAC-SHA256&X-Amz-Content-Sha256=UNSIGNED-PAYLOAD&X-Amz-Credential=AKIA45B7YWBX5HAZMGOU%2F20260223%2Feu-west-1%2Fs3%2Faws4_request&X-Amz-Date=20260223T001200Z&X-Amz-Expires=604800&X-Amz-Signature=089215e6c300ceccd866d6f8ea65029b2642f816e5e064ecb2b58e36ee07cd2c&X-Amz-SignedHeaders=host&response-content-disposition=attachment%3B%20filename%3D1479e687-ec4b-4b91-b51a-d03027714127.flac&x-id=GetObject,0.266796738,24544
K2am-2021-04-18_19-00.WAV,2021 Kern 2,2021,4,18,19,0,sp32,Simple Call,40.56000137,41.39733505,2906,6188,24000,present,https://rfcx-streams-production.s3.eu-west-1.amazonaws.com/2021/04/19/pem8hxalyx7i/6ff74320-f0b3-4da2-aec3-71cad780a7cd.flac?X-Amz-Algorithm=AWS4-HMAC-SHA256&X-Amz-Content-Sha256=UNSIGNED-PAYLOAD&X-Amz-Credential=AKIA45B7YWBX5HAZMGOU%2F20260223%2Feu-west-1%2Fs3%2Faws4_request&X-Amz-Date=20260223T001158Z&X-Amz-Expires=604800&X-Amz-Signature=9631dfa6fec84151319b5eab4059628f95cf01cd21550fcf590a62bd53cd0107&X-Amz-SignedHeaders=host&response-content-disposition=attachment%3B%20filename%3D6ff74320-f0b3-4da2-aec3-71cad780a7cd.flac&x-id=GetObject,0.289092571,24544
K2am-2021-04-18_19-20.WAV,2021 Kern 2,2021,4,18,19,20,sp32,Simple Call,17.79733276,18.63466644,2906,6188,24000,present,https://rfcx-streams-production.s3.eu-west-1.amazonaws.com/2021/04/19/pem8hxalyx7i/bdae6506-7e41-44b4-ae0b-f9cfe9bf2c45.flac?X-Amz-Algorithm=AWS4-HMAC-SHA256&X-Amz-Content-Sha256=UNSIGNED-PAYLOAD&X-Amz-Credential=AKIA45B7YWBX5HAZMGOU%2F20260223%2Feu-west-1%2Fs3%2Faws4_request&X-Amz-Date=20260223T001158Z&X-Amz-Expires=604800&X-Amz-Signature=6aa559ff941d0df3f9954c097e349f785eb979d4f6fd6a838b18f4a8524b9fb7&X-Amz-SignedHeaders=host&response-content-disposition=attachment%3B%20filename%3Dbdae6506-7e41-44b4-ae0b-f9cfe9bf2c45.flac&x-id=GetObject,0.227766767,24544
K2am-2021-04-18_20-00.WAV,2021 Kern 2,2021,4,18,20,0,sp32,Simple Call,0.730666637,1.567999959,2906,6188,24000,present,https://rfcx-streams-production.s3.eu-west-1.amazonaws.com/2021/04/19/pem8hxalyx7i/8a3783c1-c527-4387-8125-a28057aac7ef.flac?X-Amz-Algorithm=AWS4-HMAC-SHA256&X-Amz-Content-Sha256=UNSIGNED-PAYLOAD&X-Amz-Credential=AKIA45B7YWBX5HAZMGOU%2F20260223%2Feu-west-1%2Fs3%2Faws4_request&X-Amz-Date=20260223T001200Z&X-Amz-Expires=604800&X-Amz-Signature=32ad7c0e768dec8bb03eca21456373e54c1e552d7dc16af75d4c9c3b56449ce4&X-Amz-SignedHeaders=host&response-content-disposition=attachment%3B%20filename%3D8a3783c1-c527-4387-8125-a28057aac7ef.flac&x-id=GetObject,0.240686968,24544
K2am-2021-04-19_08-40.WAV,2021 Kern 2,2021,4,19,8,40,sp32,Simple Call,29.90933418,30.74666595,2906,6188,24000,present,https://rfcx-streams-production.s3.eu-west-1.amazonaws.com/2021/04/19/pem8hxalyx7i/230eb248-ccfa-42cb-91ec-ca5a30cdb3af.flac?X-Amz-Algorithm=AWS4-HMAC-SHA256&X-Amz-Content-Sha256=UNSIGNED-PAYLOAD&X-Amz-Credential=AKIA45B7YWBX5HAZMGOU%2F20260223%2Feu-west-1%2Fs3%2Faws4_request&X-Amz-Date=20260223T001200Z&X-Amz-Expires=604800&X-Amz-Signature=47eb50e98037a8e03d4b0afcbc91f091d50cf1320b3a8516869dc757ff4fd997&X-Amz-SignedHeaders=host&response-content-disposition=attachment%3B%20filename%3D230eb248-ccfa-42cb-91ec-ca5a30cdb3af.flac&x-id=GetObject,0.231157154,24544
K2am-2021-04-19_09-20.WAV,2021 Kern 2,2021,4,19,9,20,sp32,Simple Call,58.95999908,59.79733276,2906,6188,24000,present,https://rfcx-streams-production.s3.eu-west-1.amazonaws.com/2021/04/19/pem8hxalyx7i/80e926c9-620a-4127-869d-e5dabb5ecd20.flac?X-Amz-Algorithm=AWS4-HMAC-SHA256&X-Amz-Content-Sha256=UNSIGNED-PAYLOAD&X-Amz-Credential=AKIA45B7YWBX5HAZMGOU%2F20260223%2Feu-west-1%2Fs3%2Faws4_request&X-Amz-Date=20260223T001206Z&X-Amz-Expires=604800&X-Amz-Signature=8e7ea0e1ebbcea1c2eec167337f47f85f4465a771c33452a2befb9bcafb851e3&X-Amz-SignedHeaders=host&response-content-disposition=attachment%3B%20filename%3D80e926c9-620a-4127-869d-e5dabb5ecd20.flac&x-id=GetObject,0.23160547,24544
K2am-2021-04-19_10-00.WAV,2021 Kern 2,2021,4,19,10,0,sp32,Simple Call,36.45333481,37.29066849,2906,6188,24000,present,https://rfcx-streams-production.s3.eu-west-1.amazonaws.com/2021/04/19/pem8hxalyx7i/aac8985d-b447-4cba-ad4f-542882767d27.flac?X-Amz-Algorithm=AWS4-HMAC-SHA256&X-Amz-Content-Sha256=UNSIGNED-PAYLOAD&X-Amz-Credential=AKIA45B7YWBX5HAZMGOU%2F20260223%2Feu-west-1%2Fs3%2Faws4_request&X-Amz-Date=20260223T001158Z&X-Amz-Expires=604800&X-Amz-Signature=0613e30b410d19b914c64dba3f5cce0dc8e2ce82a504c67b322a80a363540928&X-Amz-SignedHeaders=host&response-content-disposition=attachment%3B%20filename%3Daac8985d-b447-4cba-ad4f-542882767d27.flac&x-id=GetObject,0.293576032,24544
K2am-2021-04-19_10-20.WAV,2021 Kern 2,2021,4,19,10,20,sp32,Simple Call,39.11466599,39.95199966,2906,6188,24000,present,https://rfcx-streams-production.s3.eu-west-1.amazonaws.com/2021/04/19/pem8hxalyx7i/b8a724fd-d937-494f-90f3-3024dd2c5ec2.flac?X-Amz-Algorithm=AWS4-HMAC-SHA256&X-Amz-Content-Sha256=UNSIGNED-PAYLOAD&X-Amz-Credential=AKIA45B7YWBX5HAZMGOU%2F20260223%2Feu-west-1%2Fs3%2Faws4_request&X-Amz-Date=20260223T001206Z&X-Amz-Expires=604800&X-Amz-Signature=fe32dafc28cc114391d2fe88ab839f999583a134be5dd46286a823585361abc3&X-Amz-SignedHeaders=host&response-content-disposition=attachment%3B%20filename%3Db8a724fd-d937-494f-90f3-3024dd2c5ec2.flac&x-id=GetObject,0.24788402,24544
K2am-2021-04-19_10-40.WAV,2021 Kern 2,2021,4,19,10,40,sp32,Simple Call,5.263999939,6.101333141,2906,6188,24000,present,https://rfcx-streams-production.s3.eu-west-1.amazonaws.com/2021/04/19/pem8hxalyx7i/447bc8fd-18e5-4018-8c7e-bd5993b05bf1.flac?X-Amz-Algorithm=AWS4-HMAC-SHA256&X-Amz-Content-Sha256=UNSIGNED-PAYLOAD&X-Amz-Credential=AKIA45B7YWBX5HAZMGOU%2F20260223%2Feu-west-1%2Fs3%2Faws4_request&X-Amz-Date=20260223T001200Z&X-Amz-Expires=604800&X-Amz-Signature=d9388e5252caafececf4e22a0e3d4f3c37676f542945e6f5c4a55d71ccb87dd6&X-Amz-SignedHeaders=host&response-content-disposition=attachment%3B%20filename%3D447bc8fd-18e5-4018-8c7e-bd5993b05bf1.flac&x-id=GetObject,0.26824677,24544
K2am-2021-04-19_11-00.WAV,2021 Kern 2,2021,4,19,11,0,sp32,Simple Call,17.40266609,18.23999977,2906,6188,24000,present,https://rfcx-streams-production.s3.eu-west-1.amazonaws.com/2021/04/19/pem8hxalyx7i/981e6792-04a9-482d-bf39-e89455eb8842.flac?X-Amz-Algorithm=AWS4-HMAC-SHA256&X-Amz-Content-Sha256=UNSIGNED-PAYLOAD&X-Amz-Credential=AKIA45B7YWBX5HAZMGOU%2F20260223%2Feu-west-1%2Fs3%2Faws4_request&X-Amz-Date=20260223T001158Z&X-Amz-Expires=604800&X-Amz-Signature=ee1b0acfc6b8858fc8a8b3255d32c462d129bad56a1356f50d292fe4f87a0e87&X-Amz-SignedHeaders=host&response-content-disposition=attachment%3B%20filename%3D981e6792-04a9-482d-bf39-e89455eb8842.flac&x-id=GetObject,0.337827921,24544
K2am-2021-04-19_11-20.WAV,2021 Kern 2,2021,4,19,11,20,sp32,Simple Call,2.362666607,3.200000048,2906,6188,24000,present,https://rfcx-streams-production.s3.eu-west-1.amazonaws.com/2021/04/19/pem8hxalyx7i/0e689f6f-2b7d-4164-baeb-08cfec67782f.flac?X-Amz-Algorithm=AWS4-HMAC-SHA256&X-Amz-Content-Sha256=UNSIGNED-PAYLOAD&X-Amz-Credential=AKIA45B7YWBX5HAZMGOU%2F20260223%2Feu-west-1%2Fs3%2Faws4_request&X-Amz-Date=20260223T001200Z&X-Amz-Expires=604800&X-Amz-Signature=e888887f09887a110f8470947bec009dfbef146b98481a1e6789dcfc6e7c3a03&X-Amz-SignedHeaders=host&response-content-disposition=attachment%3B%20filename%3D0e689f6f-2b7d-4164-baeb-08cfec67782f.flac&x-id=GetObject,0.225288078,24544
K2am-2021-04-19_12-00.WAV,2021 Kern 2,2021,4,19,12,0,sp32,Simple Call,33.45066833,34.2879982,2906,6188,24000,present,https://rfcx-streams-production.s3.eu-west-1.amazonaws.com/2021/04/19/pem8hxalyx7i/abec3018-cd97-41e8-95f0-96a6e5b45be4.flac?X-Amz-Algorithm=AWS4-HMAC-SHA256&X-Amz-Content-Sha256=UNSIGNED-PAYLOAD&X-Amz-Credential=AKIA45B7YWBX5HAZMGOU%2F20260223%2Feu-west-1%2Fs3%2Faws4_request&X-Amz-Date=20260223T001158Z&X-Amz-Expires=604800&X-Amz-Signature=8a64ebbb48c4df44d81716676ece98166c6c9d8c48948917406e8cb4c33a2f6e&X-Amz-SignedHeaders=host&response-content-disposition=attachment%3B%20filename%3Dabec3018-cd97-41e8-95f0-96a6e5b45be4.flac&x-id=GetObject,0.216037646,24544
K2am-2021-04-19_12-20.WAV,2021 Kern 2,2021,4,19,12,20,sp32,Simple Call,22.4746666,23.31200027,2906,6188,24000,present,https://rfcx-streams-production.s3.eu-west-1.amazonaws.com/2021/04/19/pem8hxalyx7i/cf33b921-7e74-4b3e-b8d8-f99b6fb95334.flac?X-Amz-Algorithm=AWS4-HMAC-SHA256&X-Amz-Content-Sha256=UNSIGNED-PAYLOAD&X-Amz-Credential=AKIA45B7YWBX5HAZMGOU%2F20260223%2Feu-west-1%2Fs3%2Faws4_request&X-Amz-Date=20260223T001158Z&X-Amz-Expires=604800&X-Amz-Signature=5d45038f63cd98b1c8c56a10afedeab420200c2716ef6eedced0ee68a23747c5&X-Amz-SignedHeaders=host&response-content-disposition=attachment%3B%20filename%3Dcf33b921-7e74-4b3e-b8d8-f99b6fb95334.flac&x-id=GetObject,0.214783847,24544
K2am-2021-04-19_13-00.WAV,2021 Kern 2,2021,4,19,13,0,sp32,Simple Call,1.840000033,2.677333355,2906,6188,24000,present,https://rfcx-streams-production.s3.eu-west-1.amazonaws.com/2021/04/19/pem8hxalyx7i/f3f41fc2-4257-4116-a658-a784bba2cd05.flac?X-Amz-Algorithm=AWS4-HMAC-SHA256&X-Amz-Content-Sha256=UNSIGNED-PAYLOAD&X-Amz-Credential=AKIA45B7YWBX5HAZMGOU%2F20260223%2Feu-west-1%2Fs3%2Faws4_request&X-Amz-Date=20260223T001200Z&X-Amz-Expires=604800&X-Amz-Signature=65efc8c1ff1a7b0978139bd693a97454d52dda1d6a64157afe28108f4676dea1&X-Amz-SignedHeaders=host&response-content-disposition=attachment%3B%20filename%3Df3f41fc2-4257-4116-a658-a784bba2cd05.flac&x-id=GetObject,0.29052937,24544
K2am-2021-04-19_13-40.WAV,2021 Kern 2,2021,4,19,13,40,sp32,Simple Call,57.0933342,57.93066788,2906,6188,24000,present,https://rfcx-streams-production.s3.eu-west-1.amazonaws.com/2021/04/19/pem8hxalyx7i/5613370d-34ce-4950-8cf0-19bc7edc0520.flac?X-Amz-Algorithm=AWS4-HMAC-SHA256&X-Amz-Content-Sha256=UNSIGNED-PAYLOAD&X-Amz-Credential=AKIA45B7YWBX5HAZMGOU%2F20260223%2Feu-west-1%2Fs3%2Faws4_request&X-Amz-Date=20260223T001200Z&X-Amz-Expires=604800&X-Amz-Signature=6ec085c7dc4896ef98cc1b86afa95a7960d3497ae3e11945dcb01d83d3126541&X-Amz-SignedHeaders=host&response-content-disposition=attachment%3B%20filename%3D5613370d-34ce-4950-8cf0-19bc7edc0520.flac&x-id=GetObject,0.251942813,24544
K2am-2021-04-19_14-40.WAV,2021 Kern 2,2021,4,19,14,40,sp32,Simple Call,21.55200005,22.38933372,2906,6188,24000,present,https://rfcx-streams-production.s3.eu-west-1.amazonaws.com/2021/04/19/pem8hxalyx7i/ebd1ae3f-77a4-4c03-9db1-45fa688aeddc.flac?X-Amz-Algorithm=AWS4-HMAC-SHA256&X-Amz-Content-Sha256=UNSIGNED-PAYLOAD&X-Amz-Credential=AKIA45B7YWBX5HAZMGOU%2F20260223%2Feu-west-1%2Fs3%2Faws4_request&X-Amz-Date=20260223T001158Z&X-Amz-Expires=604800&X-Amz-Signature=53970e3fcda424ad7be5bd4dd684838460e42a0b856fd38df0e960b172917ba6&X-Amz-SignedHeaders=host&response-content-disposition=attachment%3B%20filename%3Debd1ae3f-77a4-4c03-9db1-45fa688aeddc.flac&x-id=GetObject,0.278529465,24544
K2am-2021-04-19_15-00.WAV,2021 Kern 2,2021,4,19,15,0,sp32,Simple Call,57.402668,58.24000168,2906,6188,24000,present,https://rfcx-streams-production.s3.eu-west-1.amazonaws.com/2021/04/19/pem8hxalyx7i/8d373906-f1a1-4612-9cb7-4d9bf1e09dfc.flac?X-Amz-Algorithm=AWS4-HMAC-SHA256&X-Amz-Content-Sha256=UNSIGNED-PAYLOAD&X-Amz-Credential=AKIA45B7YWBX5HAZMGOU%2F20260223%2Feu-west-1%2Fs3%2Faws4_request&X-Amz-Date=20260223T001158Z&X-Amz-Expires=604800&X-Amz-Signature=c970875bf12eb7c293a7f31582488eeda0e61c5edfc8f6b8c3d4e1ac123ba805&X-Amz-SignedHeaders=host&response-content-disposition=attachment%3B%20filename%3D8d373906-f1a1-4612-9cb7-4d9bf1e09dfc.flac&x-id=GetObject,0.243356898,24544
K2am-2021-04-19_15-20.WAV,2021 Kern 2,2021,4,19,15,20,sp32,Simple Call,35.10400009,35.94133377,2906,6188,24000,present,https://rfcx-streams-production.s3.eu-west-1.amazonaws.com/2021/04/19/pem8hxalyx7i/7b434081-4f2c-455b-9f04-5ab5efab386c.flac?X-Amz-Algorithm=AWS4-HMAC-SHA256&X-Amz-Content-Sha256=UNSIGNED-PAYLOAD&X-Amz-Credential=AKIA45B7YWBX5HAZMGOU%2F20260223%2Feu-west-1%2Fs3%2Faws4_request&X-Amz-Date=20260223T001200Z&X-Amz-Expires=604800&X-Amz-Signature=b29c5940113c60a65800fd06b22698d9fb9f56ee876733986c528cf1399bd79c&X-Amz-SignedHeaders=host&response-content-disposition=attachment%3B%20filename%3D7b434081-4f2c-455b-9f04-5ab5efab386c.flac&x-id=GetObject,0.263653755,24544
K2am-2021-04-19_15-40.WAV,2021 Kern 2,2021,4,19,15,40,sp32,Simple Call,18.61333275,19.45066643,2906,6188,24000,present,https://rfcx-streams-production.s3.eu-west-1.amazonaws.com/2021/04/19/pem8hxalyx7i/954a2122-073f-4768-9670-e5a1ee716e74.flac?X-Amz-Algorithm=AWS4-HMAC-SHA256&X-Amz-Content-Sha256=UNSIGNED-PAYLOAD&X-Amz-Credential=AKIA45B7YWBX5HAZMGOU%2F20260223%2Feu-west-1%2Fs3%2Faws4_request&X-Amz-Date=20260223T001200Z&X-Amz-Expires=604800&X-Amz-Signature=00e4c98b0ae2841fabd6d71ddea82861b39db66692f42016d1ee58c5fd55115c&X-Amz-SignedHeaders=host&response-content-disposition=attachment%3B%20filename%3D954a2122-073f-4768-9670-e5a1ee716e74.flac&x-id=GetObject,0.212782755,24544
K2am-2021-04-19_16-20.WAV,2021 Kern 2,2021,4,19,16,20,sp32,Simple Call,9.50399971,10.34133339,2906,6188,24000,present,https://rfcx-streams-production.s3.eu-west-1.amazonaws.com/2021/04/19/pem8hxalyx7i/7813eec5-f30b-44ab-b835-5d9b61e1bcb1.flac?X-Amz-Algorithm=AWS4-HMAC-SHA256&X-Amz-Content-Sha256=UNSIGNED-PAYLOAD&X-Amz-Credential=AKIA45B7YWBX5HAZMGOU%2F20260223%2Feu-west-1%2Fs3%2Faws4_request&X-Amz-Date=20260223T001158Z&X-Amz-Expires=604800&X-Amz-Signature=b1bd6cfca859a9344cda07fad521f382b0ccb4924cf808fd92436ab89cd8b112&X-Amz-SignedHeaders=host&response-content-disposition=attachment%3B%20filename%3D7813eec5-f30b-44ab-b835-5d9b61e1bcb1.flac&x-id=GetObject,0.245437235,24544
K2am-2021-04-19_16-40.WAV,2021 Kern 2,2021,4,19,16,40,sp32,Simple Call,14.99199963,15.82933331,2906,6188,24000,present,https://rfcx-streams-production.s3.eu-west-1.amazonaws.com/2021/04/19/pem8hxalyx7i/644beec4-6885-4904-9d2f-01655792db45.flac?X-Amz-Algorithm=AWS4-HMAC-SHA256&X-Amz-Content-Sha256=UNSIGNED-PAYLOAD&X-Amz-Credential=AKIA45B7YWBX5HAZMGOU%2F20260223%2Feu-west-1%2Fs3%2Faws4_request&X-Amz-Date=20260223T001200Z&X-Amz-Expires=604800&X-Amz-Signature=5949f8645c0e610bcd350350eba3118298b7377fd25a4a41dd6cb89be882c76d&X-Amz-SignedHeaders=host&response-content-disposition=attachment%3B%20filename%3D644beec4-6885-4904-9d2f-01655792db45.flac&x-id=GetObject,0.269119292,24544
K2am-2021-04-19_17-20.WAV,2021 Kern 2,2021,4,19,17,20,sp32,Simple Call,19.3706665,20.20800018,2906,6188,24000,present,https://rfcx-streams-production.s3.eu-west-1.amazonaws.com/2021/04/20/pem8hxalyx7i/2acfc98c-7cf1-4eab-9773-962066c291e8.flac?X-Amz-Algorithm=AWS4-HMAC-SHA256&X-Amz-Content-Sha256=UNSIGNED-PAYLOAD&X-Amz-Credential=AKIA45B7YWBX5HAZMGOU%2F20260223%2Feu-west-1%2Fs3%2Faws4_request&X-Amz-Date=20260223T001158Z&X-Amz-Expires=604800&X-Amz-Signature=07114f42cef0e0fe28dc1b6a47a7b164f283199ac532c3e3ab846a3a70c56454&X-Amz-SignedHeaders=host&response-content-disposition=attachment%3B%20filename%3D2acfc98c-7cf1-4eab-9773-962066c291e8.flac&x-id=GetObject,0.27679491,24544
K2am-2021-04-19_17-40.WAV,2021 Kern 2,2021,4,19,17,40,sp32,Simple Call,5.136000156,5.973333359,2906,6188,24000,present,https://rfcx-streams-production.s3.eu-west-1.amazonaws.com/2021/04/20/pem8hxalyx7i/53650cbd-1019-486a-a2dc-527048a7a66d.flac?X-Amz-Algorithm=AWS4-HMAC-SHA256&X-Amz-Content-Sha256=UNSIGNED-PAYLOAD&X-Amz-Credential=AKIA45B7YWBX5HAZMGOU%2F20260223%2Feu-west-1%2Fs3%2Faws4_request&X-Amz-Date=20260223T001206Z&X-Amz-Expires=604800&X-Amz-Signature=9b1b2d3eaddaa96434d75101e6bc914a78a8829597f80aa108437be607e41cca&X-Amz-SignedHeaders=host&response-content-disposition=attachment%3B%20filename%3D53650cbd-1019-486a-a2dc-527048a7a66d.flac&x-id=GetObject,0.303449363,24544
K2am-2021-04-19_18-00.WAV,2021 Kern 2,2021,4,19,18,0,sp32,Simple Call,30.80533409,31.64266586,2906,6188,24000,present,https://rfcx-streams-production.s3.eu-west-1.amazonaws.com/2021/04/20/pem8hxalyx7i/100f94bb-a1c3-4682-8d12-f6003822770e.flac?X-Amz-Algorithm=AWS4-HMAC-SHA256&X-Amz-Content-Sha256=UNSIGNED-PAYLOAD&X-Amz-Credential=AKIA45B7YWBX5HAZMGOU%2F20260223%2Feu-west-1%2Fs3%2Faws4_request&X-Amz-Date=20260223T001158Z&X-Amz-Expires=604800&X-Amz-Signature=b875c9a52fad840d25897e1ba005a5f12da19bf4c602468240abd8a643d06571&X-Amz-SignedHeaders=host&response-content-disposition=attachment%3B%20filename%3D100f94bb-a1c3-4682-8d12-f6003822770e.flac&x-id=GetObject,0.254338712,24544
K2am-2021-04-19_18-40.WAV,2021 Kern 2,2021,4,19,18,40,sp32,Simple Call,21.49333382,22.3306675,2906,6188,24000,present,https://rfcx-streams-production.s3.eu-west-1.amazonaws.com/2021/04/20/pem8hxalyx7i/57c723b3-5b79-45b3-bb06-395292b13bb7.flac?X-Amz-Algorithm=AWS4-HMAC-SHA256&X-Amz-Content-Sha256=UNSIGNED-PAYLOAD&X-Amz-Credential=AKIA45B7YWBX5HAZMGOU%2F20260223%2Feu-west-1%2Fs3%2Faws4_request&X-Amz-Date=20260223T001158Z&X-Amz-Expires=604800&X-Amz-Signature=6e904c2b3c1c57a16a6c14bf353ad5ad26c840de7d4a276315ad4a3261075b78&X-Amz-SignedHeaders=host&response-content-disposition=attachment%3B%20filename%3D57c723b3-5b79-45b3-bb06-395292b13bb7.flac&x-id=GetObject,0.255574197,24544
K2am-2021-04-19_19-20.WAV,2021 Kern 2,2021,4,19,19,20,sp32,Simple Call,38.67200089,39.50933456,2906,6188,24000,present,https://rfcx-streams-production.s3.eu-west-1.amazonaws.com/2021/04/20/pem8hxalyx7i/54997419-25fd-4556-86e4-9d5e3f9ded58.flac?X-Amz-Algorithm=AWS4-HMAC-SHA256&X-Amz-Content-Sha256=UNSIGNED-PAYLOAD&X-Amz-Credential=AKIA45B7YWBX5HAZMGOU%2F20260223%2Feu-west-1%2Fs3%2Faws4_request&X-Amz-Date=20260223T001200Z&X-Amz-Expires=604800&X-Amz-Signature=c6d417a92e23e0e377d45acfbddde4f969238e927fb3ac838470bd177d2a5b68&X-Amz-SignedHeaders=host&response-content-disposition=attachment%3B%20filename%3D54997419-25fd-4556-86e4-9d5e3f9ded58.flac&x-id=GetObject,0.206485078,24544
K2am-2021-04-19_20-00.WAV,2021 Kern 2,2021,4,19,20,0,sp32,Simple Call,37.54666519,38.38399887,2906,6188,24000,present,https://rfcx-streams-production.s3.eu-west-1.amazonaws.com/2021/04/20/pem8hxalyx7i/cb60a161-1735-4de5-9204-b04f1cb6bd02.flac?X-Amz-Algorithm=AWS4-HMAC-SHA256&X-Amz-Content-Sha256=UNSIGNED-PAYLOAD&X-Amz-Credential=AKIA45B7YWBX5HAZMGOU%2F20260223%2Feu-west-1%2Fs3%2Faws4_request&X-Amz-Date=20260223T001200Z&X-Amz-Expires=604800&X-Amz-Signature=804f25869040407c50488ff157acb6d3abb199d775f0b11306d00529f6762cb5&X-Amz-SignedHeaders=host&response-content-disposition=attachment%3B%20filename%3Dcb60a161-1735-4de5-9204-b04f1cb6bd02.flac&x-id=GetObject,0.24069044,24544
K2am-2021-04-19_22-20.WAV,2021 Kern 2,2021,4,19,22,20,sp32,Simple Call,27.55733299,28.39466667,2906,6188,24000,present,https://rfcx-streams-production.s3.eu-west-1.amazonaws.com/2021/04/20/pem8hxalyx7i/a13b34df-b72b-40dd-9bb9-cc872fc7e73d.flac?X-Amz-Algorithm=AWS4-HMAC-SHA256&X-Amz-Content-Sha256=UNSIGNED-PAYLOAD&X-Amz-Credential=AKIA45B7YWBX5HAZMGOU%2F20260223%2Feu-west-1%2Fs3%2Faws4_request&X-Amz-Date=20260223T001200Z&X-Amz-Expires=604800&X-Amz-Signature=40aed414dca41ae33aa2094b21cee6e7fd5ee2a8b390de27837c6f48418f9662&X-Amz-SignedHeaders=host&response-content-disposition=attachment%3B%20filename%3Da13b34df-b72b-40dd-9bb9-cc872fc7e73d.flac&x-id=GetObject,0.254513264,24544
K2am-2021-04-20_00-20.WAV,2021 Kern 2,2021,4,20,0,20,sp32,Simple Call,12.21866703,13.05599976,2906,6188,24000,present,https://rfcx-streams-production.s3.eu-west-1.amazonaws.com/2021/04/20/pem8hxalyx7i/957099e1-4c14-4f69-b610-a33f8398e868.flac?X-Amz-Algorithm=AWS4-HMAC-SHA256&X-Amz-Content-Sha256=UNSIGNED-PAYLOAD&X-Amz-Credential=AKIA45B7YWBX5HAZMGOU%2F20260223%2Feu-west-1%2Fs3%2Faws4_request&X-Amz-Date=20260223T001200Z&X-Amz-Expires=604800&X-Amz-Signature=735bd049cd89dedcd75f3546f77e9e38d8e09f0e32da0c0bcbefd3ba29276a22&X-Amz-SignedHeaders=host&response-content-disposition=attachment%3B%20filename%3D957099e1-4c14-4f69-b610-a33f8398e868.flac&x-id=GetObject,0.205921352,24544
K2am-2021-04-20_08-40.WAV,2021 Kern 2,2021,4,20,8,40,sp32,Simple Call,0.13333334,0.970666647,2906,6188,24000,present,https://rfcx-streams-production.s3.eu-west-1.amazonaws.com/2021/04/20/pem8hxalyx7i/d24c7459-84a1-473d-83d5-50f003a2751f.flac?X-Amz-Algorithm=AWS4-HMAC-SHA256&X-Amz-Content-Sha256=UNSIGNED-PAYLOAD&X-Amz-Credential=AKIA45B7YWBX5HAZMGOU%2F20260223%2Feu-west-1%2Fs3%2Faws4_request&X-Amz-Date=20260223T001200Z&X-Amz-Expires=604800&X-Amz-Signature=1db13b757b75766787f3119243f5a9eba0904adaeb07addf39392dac40b7d506&X-Amz-SignedHeaders=host&response-content-disposition=attachment%3B%20filename%3Dd24c7459-84a1-473d-83d5-50f003a2751f.flac&x-id=GetObject,0.2234409,24544
K2am-2021-04-20_09-20.WAV,2021 Kern 2,2021,4,20,9,20,sp32,Simple Call,50.45866776,51.29600143,2906,6188,24000,present,https://rfcx-streams-production.s3.eu-west-1.amazonaws.com/2021/04/20/pem8hxalyx7i/1b25a640-6467-4fbe-b7db-1b244467087b.flac?X-Amz-Algorithm=AWS4-HMAC-SHA256&X-Amz-Content-Sha256=UNSIGNED-PAYLOAD&X-Amz-Credential=AKIA45B7YWBX5HAZMGOU%2F20260223%2Feu-west-1%2Fs3%2Faws4_request&X-Amz-Date=20260223T001200Z&X-Amz-Expires=604800&X-Amz-Signature=a292c9518318bcea19b6ee58f5c45a77f7eeac4e534230f82726bee3c4d097c9&X-Amz-SignedHeaders=host&response-content-disposition=attachment%3B%20filename%3D1b25a640-6467-4fbe-b7db-1b244467087b.flac&x-id=GetObject,0.264115185,24544
K2am-2021-04-20_09-40.WAV,2021 Kern 2,2021,4,20,9,40,sp32,Simple Call,9.610666275,10.44799995,2906,6188,24000,present,https://rfcx-streams-production.s3.eu-west-1.amazonaws.com/2021/04/20/pem8hxalyx7i/7968ad01-4a83-4ead-96fd-b5a2a9a2f63f.flac?X-Amz-Algorithm=AWS4-HMAC-SHA256&X-Amz-Content-Sha256=UNSIGNED-PAYLOAD&X-Amz-Credential=AKIA45B7YWBX5HAZMGOU%2F20260223%2Feu-west-1%2Fs3%2Faws4_request&X-Amz-Date=20260223T001206Z&X-Amz-Expires=604800&X-Amz-Signature=4c3ac9fe334486e9655ced6b64c4e7974d677124d08fe39100969142907d21d9&X-Amz-SignedHeaders=host&response-content-disposition=attachment%3B%20filename%3D7968ad01-4a83-4ead-96fd-b5a2a9a2f63f.flac&x-id=GetObject,0.244400531,24544
K2am-2021-04-20_10-00.WAV,2021 Kern 2,2021,4,20,10,0,sp32,Simple Call,19.03466606,19.87199974,2906,6188,24000,present,https://rfcx-streams-production.s3.eu-west-1.amazonaws.com/2021/04/20/pem8hxalyx7i/c748d601-09e1-41ab-b36e-ce1604a83ec8.flac?X-Amz-Algorithm=AWS4-HMAC-SHA256&X-Amz-Content-Sha256=UNSIGNED-PAYLOAD&X-Amz-Credential=AKIA45B7YWBX5HAZMGOU%2F20260223%2Feu-west-1%2Fs3%2Faws4_request&X-Amz-Date=20260223T001200Z&X-Amz-Expires=604800&X-Amz-Signature=5a84b01a75e8eb33c6ffce99d71c56193add28f6765424bcd2d9656757018cbb&X-Amz-SignedHeaders=host&response-content-disposition=attachment%3B%20filename%3Dc748d601-09e1-41ab-b36e-ce1604a83ec8.flac&x-id=GetObject,0.260454267,24544
K2am-2021-04-20_10-20.WAV,2021 Kern 2,2021,4,20,10,20,sp32,Simple Call,26.47999954,27.31733322,2906,6188,24000,present,https://rfcx-streams-production.s3.eu-west-1.amazonaws.com/2021/04/20/pem8hxalyx7i/d5e69e3c-b5b6-4a2b-be8d-15374e042a28.flac?X-Amz-Algorithm=AWS4-HMAC-SHA256&X-Amz-Content-Sha256=UNSIGNED-PAYLOAD&X-Amz-Credential=AKIA45B7YWBX5HAZMGOU%2F20260223%2Feu-west-1%2Fs3%2Faws4_request&X-Amz-Date=20260223T001158Z&X-Amz-Expires=604800&X-Amz-Signature=71ef05b1410c3fa36d4a98cb36fd33c472541379fd4cfddcdabfd69f23505108&X-Amz-SignedHeaders=host&response-content-disposition=attachment%3B%20filename%3Dd5e69e3c-b5b6-4a2b-be8d-15374e042a28.flac&x-id=GetObject,0.264910728,24544
K2am-2021-04-20_10-40.WAV,2021 Kern 2,2021,4,20,10,40,sp32,Simple Call,31.98399925,32.82133484,2906,6188,24000,present,https://rfcx-streams-production.s3.eu-west-1.amazonaws.com/2021/04/20/pem8hxalyx7i/96d806e1-e575-48c9-8d7a-c62e3938047e.flac?X-Amz-Algorithm=AWS4-HMAC-SHA256&X-Amz-Content-Sha256=UNSIGNED-PAYLOAD&X-Amz-Credential=AKIA45B7YWBX5HAZMGOU%2F20260223%2Feu-west-1%2Fs3%2Faws4_request&X-Amz-Date=20260223T001200Z&X-Amz-Expires=604800&X-Amz-Signature=e7c99cb8a006700e7aaeb6ba0a9b4be2aaef082cf3263aa7d7989f6f415ff6f6&X-Amz-SignedHeaders=host&response-content-disposition=attachment%3B%20filename%3D96d806e1-e575-48c9-8d7a-c62e3938047e.flac&x-id=GetObject,0.239280134,24544
K2am-2021-04-20_11-00.WAV,2021 Kern 2,2021,4,20,11,0,sp32,Simple Call,44.9066658,45.74399948,2906,6188,24000,present,https://rfcx-streams-production.s3.eu-west-1.amazonaws.com/2021/04/20/pem8hxalyx7i/6e426d74-910a-4542-9b6f-04279456855f.flac?X-Amz-Algorithm=AWS4-HMAC-SHA256&X-Amz-Content-Sha256=UNSIGNED-PAYLOAD&X-Amz-Credential=AKIA45B7YWBX5HAZMGOU%2F20260223%2Feu-west-1%2Fs3%2Faws4_request&X-Amz-Date=20260223T001158Z&X-Amz-Expires=604800&X-Amz-Signature=c03cfebb56668c9f3f609dd8fc2fb22f1929998105e2f5e8678a62f6debb2cd4&X-Amz-SignedHeaders=host&response-content-disposition=attachment%3B%20filename%3D6e426d74-910a-4542-9b6f-04279456855f.flac&x-id=GetObject,0.241525874,24544
K2am-2021-04-20_11-20.WAV,2021 Kern 2,2021,4,20,11,20,sp32,Simple Call,12.41600037,13.25333309,2906,6188,24000,present,https://rfcx-streams-production.s3.eu-west-1.amazonaws.com/2021/04/20/pem8hxalyx7i/d0d752a2-f232-4029-8a8e-a33e77bbe05d.flac?X-Amz-Algorithm=AWS4-HMAC-SHA256&X-Amz-Content-Sha256=UNSIGNED-PAYLOAD&X-Amz-Credential=AKIA45B7YWBX5HAZMGOU%2F20260223%2Feu-west-1%2Fs3%2Faws4_request&X-Amz-Date=20260223T001200Z&X-Amz-Expires=604800&X-Amz-Signature=f47e3d0f73e1db54f9540b55e455d500dcc39002c08f7d04c32f5625087811aa&X-Amz-SignedHeaders=host&response-content-disposition=attachment%3B%20filename%3Dd0d752a2-f232-4029-8a8e-a33e77bbe05d.flac&x-id=GetObject,0.213762566,24544
K2am-2021-04-20_12-20.WAV,2021 Kern 2,2021,4,20,12,20,sp32,Simple Call,44.04800034,44.88533401,2906,6188,24000,present,https://rfcx-streams-production.s3.eu-west-1.amazonaws.com/2021/04/20/pem8hxalyx7i/af8b7b09-1f81-4b47-a90b-7645b6cad37c.flac?X-Amz-Algorithm=AWS4-HMAC-SHA256&X-Amz-Content-Sha256=UNSIGNED-PAYLOAD&X-Amz-Credential=AKIA45B7YWBX5HAZMGOU%2F20260223%2Feu-west-1%2Fs3%2Faws4_request&X-Amz-Date=20260223T001200Z&X-Amz-Expires=604800&X-Amz-Signature=4e6ec5ae98dd409f5d8bf30139767f877d2a5e8434db932634b27b8bbd2de90e&X-Amz-SignedHeaders=host&response-content-disposition=attachment%3B%20filename%3Daf8b7b09-1f81-4b47-a90b-7645b6cad37c.flac&x-id=GetObject,0.220534816,24544
K2am-2021-04-20_16-40.WAV,2021 Kern 2,2021,4,20,16,40,sp32,Simple Call,17.87199974,18.70933342,2906,6188,24000,present,https://rfcx-streams-production.s3.eu-west-1.amazonaws.com/2021/04/20/pem8hxalyx7i/7d042b0d-074a-4c53-bf6e-4bc3bf297f5b.flac?X-Amz-Algorithm=AWS4-HMAC-SHA256&X-Amz-Content-Sha256=UNSIGNED-PAYLOAD&X-Amz-Credential=AKIA45B7YWBX5HAZMGOU%2F20260223%2Feu-west-1%2Fs3%2Faws4_request&X-Amz-Date=20260223T001200Z&X-Amz-Expires=604800&X-Amz-Signature=61b9f0cc333cd23595d7d056492bacfba938e75dfefcb003b1953317dc280d0b&X-Amz-SignedHeaders=host&response-content-disposition=attachment%3B%20filename%3D7d042b0d-074a-4c53-bf6e-4bc3bf297f5b.flac&x-id=GetObject,0.28765437,24544
K2am-2021-04-20_17-00.WAV,2021 Kern 2,2021,4,20,17,0,sp32,Simple Call,20.36800003,21.20533371,2906,6188,24000,present,https://rfcx-streams-production.s3.eu-west-1.amazonaws.com/2021/04/21/pem8hxalyx7i/8f4869e1-80c0-4851-ab3d-d9963a081469.flac?X-Amz-Algorithm=AWS4-HMAC-SHA256&X-Amz-Content-Sha256=UNSIGNED-PAYLOAD&X-Amz-Credential=AKIA45B7YWBX5HAZMGOU%2F20260223%2Feu-west-1%2Fs3%2Faws4_request&X-Amz-Date=20260223T001200Z&X-Amz-Expires=604800&X-Amz-Signature=739ab583511329e64b9e469d67e0c0dd681761e08fac95c86037421e2ac92a43&X-Amz-SignedHeaders=host&response-content-disposition=attachment%3B%20filename%3D8f4869e1-80c0-4851-ab3d-d9963a081469.flac&x-id=GetObject,0.278255224,24544
K2am-2021-04-20_17-20.WAV,2021 Kern 2,2021,4,20,17,20,sp32,Simple Call,35.46133423,36.29866791,2906,6188,24000,present,https://rfcx-streams-production.s3.eu-west-1.amazonaws.com/2021/04/21/pem8hxalyx7i/31ac90a0-d6fe-472b-9d49-bcf5da578f20.flac?X-Amz-Algorithm=AWS4-HMAC-SHA256&X-Amz-Content-Sha256=UNSIGNED-PAYLOAD&X-Amz-Credential=AKIA45B7YWBX5HAZMGOU%2F20260223%2Feu-west-1%2Fs3%2Faws4_request&X-Amz-Date=20260223T001158Z&X-Amz-Expires=604800&X-Amz-Signature=5564594745390f5e3f39322ea842693e9ee65e485b99b826c8310b3f9228e787&X-Amz-SignedHeaders=host&response-content-disposition=attachment%3B%20filename%3D31ac90a0-d6fe-472b-9d49-bcf5da578f20.flac&x-id=GetObject,0.214030415,24544
K2am-2021-04-20_17-40.WAV,2021 Kern 2,2021,4,20,17,40,sp32,Simple Call,41.31733322,42.1546669,2906,6188,24000,present,https://rfcx-streams-production.s3.eu-west-1.amazonaws.com/2021/04/21/pem8hxalyx7i/47533cf4-d979-49ab-81dd-2ce12fb5868e.flac?X-Amz-Algorithm=AWS4-HMAC-SHA256&X-Amz-Content-Sha256=UNSIGNED-PAYLOAD&X-Amz-Credential=AKIA45B7YWBX5HAZMGOU%2F20260223%2Feu-west-1%2Fs3%2Faws4_request&X-Amz-Date=20260223T001158Z&X-Amz-Expires=604800&X-Amz-Signature=2dff10b907a38d2d0a8fa0f475b4f73710faab2b37ca4ff525dbaca3587a2952&X-Amz-SignedHeaders=host&response-content-disposition=attachment%3B%20filename%3D47533cf4-d979-49ab-81dd-2ce12fb5868e.flac&x-id=GetObject,0.255019754,24544
K2am-2021-04-20_18-00.WAV,2021 Kern 2,2021,4,20,18,0,sp32,Simple Call,44.36800003,45.20533371,2906,6188,24000,present,https://rfcx-streams-production.s3.eu-west-1.amazonaws.com/2021/04/21/pem8hxalyx7i/9c7ae61a-978b-4e55-b3ad-f1aef358df6c.flac?X-Amz-Algorithm=AWS4-HMAC-SHA256&X-Amz-Content-Sha256=UNSIGNED-PAYLOAD&X-Amz-Credential=AKIA45B7YWBX5HAZMGOU%2F20260223%2Feu-west-1%2Fs3%2Faws4_request&X-Amz-Date=20260223T001158Z&X-Amz-Expires=604800&X-Amz-Signature=e1d27c130b8d2216918f1a70711bb0785827ef7f29bdaf22c4ae278651a88989&X-Amz-SignedHeaders=host&response-content-disposition=attachment%3B%20filename%3D9c7ae61a-978b-4e55-b3ad-f1aef358df6c.flac&x-id=GetObject,0.250599265,24544
K2am-2021-04-20_18-40.WAV,2021 Kern 2,2021,4,20,18,40,sp32,Simple Call,41.63733292,42.4746666,2906,6188,24000,present,https://rfcx-streams-production.s3.eu-west-1.amazonaws.com/2021/04/21/pem8hxalyx7i/1151ae83-2857-4a00-8b10-14d4a3121392.flac?X-Amz-Algorithm=AWS4-HMAC-SHA256&X-Amz-Content-Sha256=UNSIGNED-PAYLOAD&X-Amz-Credential=AKIA45B7YWBX5HAZMGOU%2F20260223%2Feu-west-1%2Fs3%2Faws4_request&X-Amz-Date=20260223T001158Z&X-Amz-Expires=604800&X-Amz-Signature=f9de43cc72e2e08a47120c5d264fa80368c4e7f25baaff5d704b953240a0b2cb&X-Amz-SignedHeaders=host&response-content-disposition=attachment%3B%20filename%3D1151ae83-2857-4a00-8b10-14d4a3121392.flac&x-id=GetObject,0.229264215,24544
K2am-2021-04-21_09-00.WAV,2021 Kern 2,2021,4,21,9,0,sp32,Simple Call,40.89066696,41.72800064,2906,6188,24000,present,https://rfcx-streams-production.s3.eu-west-1.amazonaws.com/2021/04/21/pem8hxalyx7i/678fbb1d-2e2a-4ec1-ae8f-0ef97ac413d5.flac?X-Amz-Algorithm=AWS4-HMAC-SHA256&X-Amz-Content-Sha256=UNSIGNED-PAYLOAD&X-Amz-Credential=AKIA45B7YWBX5HAZMGOU%2F20260223%2Feu-west-1%2Fs3%2Faws4_request&X-Amz-Date=20260223T001200Z&X-Amz-Expires=604800&X-Amz-Signature=bd1a6e4d377478a8661a28c060b958818f22b0ec469d5c7d87005936555c7bb7&X-Amz-SignedHeaders=host&response-content-disposition=attachment%3B%20filename%3D678fbb1d-2e2a-4ec1-ae8f-0ef97ac413d5.flac&x-id=GetObject,0.220570266,24544
K2am-2021-04-21_09-40.WAV,2021 Kern 2,2021,4,21,9,40,sp32,Simple Call,1.290666699,2.128000021,2906,6188,24000,present,https://rfcx-streams-production.s3.eu-west-1.amazonaws.com/2021/04/21/pem8hxalyx7i/1b2fe990-8dd2-464f-845a-e3bdb3ba6b32.flac?X-Amz-Algorithm=AWS4-HMAC-SHA256&X-Amz-Content-Sha256=UNSIGNED-PAYLOAD&X-Amz-Credential=AKIA45B7YWBX5HAZMGOU%2F20260223%2Feu-west-1%2Fs3%2Faws4_request&X-Amz-Date=20260223T001200Z&X-Amz-Expires=604800&X-Amz-Signature=1b87f03254d1a87f969fe3401019dd03feb5dbea8700437207b8024e6c62b158&X-Amz-SignedHeaders=host&response-content-disposition=attachment%3B%20filename%3D1b2fe990-8dd2-464f-845a-e3bdb3ba6b32.flac&x-id=GetObject,0.253455669,24544
K2am-2021-04-21_10-40.WAV,2021 Kern 2,2021,4,21,10,40,sp32,Simple Call,52.04266739,52.88000107,2906,6188,24000,present,https://rfcx-streams-production.s3.eu-west-1.amazonaws.com/2021/04/21/pem8hxalyx7i/0f017465-2e00-4721-8d40-85bfd727f933.flac?X-Amz-Algorithm=AWS4-HMAC-SHA256&X-Amz-Content-Sha256=UNSIGNED-PAYLOAD&X-Amz-Credential=AKIA45B7YWBX5HAZMGOU%2F20260223%2Feu-west-1%2Fs3%2Faws4_request&X-Amz-Date=20260223T001200Z&X-Amz-Expires=604800&X-Amz-Signature=0bb908aa149d469fd13b5eb8b58d6b60e5a69795c8545a3408716f3e6e53e606&X-Amz-SignedHeaders=host&response-content-disposition=attachment%3B%20filename%3D0f017465-2e00-4721-8d40-85bfd727f933.flac&x-id=GetObject,0.236974925,24544
K2am-2021-04-21_11-00.WAV,2021 Kern 2,2021,4,21,11,0,sp32,Simple Call,53.13066483,53.9679985,2906,6188,24000,present,https://rfcx-streams-production.s3.eu-west-1.amazonaws.com/2021/04/21/pem8hxalyx7i/67220171-77ac-4a7d-9694-c8842a2a6c82.flac?X-Amz-Algorithm=AWS4-HMAC-SHA256&X-Amz-Content-Sha256=UNSIGNED-PAYLOAD&X-Amz-Credential=AKIA45B7YWBX5HAZMGOU%2F20260223%2Feu-west-1%2Fs3%2Faws4_request&X-Amz-Date=20260223T001200Z&X-Amz-Expires=604800&X-Amz-Signature=7e3d7761190736bba351ad9355ad30b3cbb06e998d6778ef1d34184a26d7ec44&X-Amz-SignedHeaders=host&response-content-disposition=attachment%3B%20filename%3D67220171-77ac-4a7d-9694-c8842a2a6c82.flac&x-id=GetObject,0.206792355,24544
K2am-2021-04-21_14-40.WAV,2021 Kern 2,2021,4,21,14,40,sp32,Simple Call,13.73866653,14.57600021,2906,6188,24000,present,https://rfcx-streams-production.s3.eu-west-1.amazonaws.com/2021/04/21/pem8hxalyx7i/84101770-80c3-4562-93f7-ad8175931317.flac?X-Amz-Algorithm=AWS4-HMAC-SHA256&X-Amz-Content-Sha256=UNSIGNED-PAYLOAD&X-Amz-Credential=AKIA45B7YWBX5HAZMGOU%2F20260223%2Feu-west-1%2Fs3%2Faws4_request&X-Amz-Date=20260223T001158Z&X-Amz-Expires=604800&X-Amz-Signature=05a9712b8e06d479d3d130b759d35b77c6159034968ef684d632090c00f81541&X-Amz-SignedHeaders=host&response-content-disposition=attachment%3B%20filename%3D84101770-80c3-4562-93f7-ad8175931317.flac&x-id=GetObject,0.283599794,24544
K2am-2021-04-21_15-00.WAV,2021 Kern 2,2021,4,21,15,0,sp32,Simple Call,24.40533257,25.24266624,2906,6188,24000,present,https://rfcx-streams-production.s3.eu-west-1.amazonaws.com/2021/04/21/pem8hxalyx7i/9684d47d-7845-49c5-a53c-8b0e6a2bd2e7.flac?X-Amz-Algorithm=AWS4-HMAC-SHA256&X-Amz-Content-Sha256=UNSIGNED-PAYLOAD&X-Amz-Credential=AKIA45B7YWBX5HAZMGOU%2F20260223%2Feu-west-1%2Fs3%2Faws4_request&X-Amz-Date=20260223T001158Z&X-Amz-Expires=604800&X-Amz-Signature=3fa1d1cc6ab8c22caaa5dc3994c057614b153f4fbcaab3ad34148cc5b5e296b3&X-Amz-SignedHeaders=host&response-content-disposition=attachment%3B%20filename%3D9684d47d-7845-49c5-a53c-8b0e6a2bd2e7.flac&x-id=GetObject,0.219854459,24544
K2am-2021-04-21_16-00.WAV,2021 Kern 2,2021,4,21,16,0,sp32,Simple Call,36.41600037,37.25333405,2906,6188,24000,present,https://rfcx-streams-production.s3.eu-west-1.amazonaws.com/2021/04/21/pem8hxalyx7i/2b77f8ef-022f-41b5-a016-179544ec34b0.flac?X-Amz-Algorithm=AWS4-HMAC-SHA256&X-Amz-Content-Sha256=UNSIGNED-PAYLOAD&X-Amz-Credential=AKIA45B7YWBX5HAZMGOU%2F20260223%2Feu-west-1%2Fs3%2Faws4_request&X-Amz-Date=20260223T001200Z&X-Amz-Expires=604800&X-Amz-Signature=8fced4f84bfaf9a59cd56085bf8ece37520290e025b5d22603912946f08fdcef&X-Amz-SignedHeaders=host&response-content-disposition=attachment%3B%20filename%3D2b77f8ef-022f-41b5-a016-179544ec34b0.flac&x-id=GetObject,0.329122901,24544
K2am-2021-04-21_16-20.WAV,2021 Kern 2,2021,4,21,16,20,sp32,Simple Call,0.458666652,1.296000004,2906,6188,24000,present,https://rfcx-streams-production.s3.eu-west-1.amazonaws.com/2021/04/21/pem8hxalyx7i/f7092f8b-6149-4392-be7c-924e1a7eef49.flac?X-Amz-Algorithm=AWS4-HMAC-SHA256&X-Amz-Content-Sha256=UNSIGNED-PAYLOAD&X-Amz-Credential=AKIA45B7YWBX5HAZMGOU%2F20260223%2Feu-west-1%2Fs3%2Faws4_request&X-Amz-Date=20260223T001200Z&X-Amz-Expires=604800&X-Amz-Signature=07106b03de05b779e45aa1b1c057ad2d2aaaa31a96aab4f36a82f1e9d199a5b4&X-Amz-SignedHeaders=host&response-content-disposition=attachment%3B%20filename%3Df7092f8b-6149-4392-be7c-924e1a7eef49.flac&x-id=GetObject,0.316420346,24544
K2am-2021-04-21_16-40.WAV,2021 Kern 2,2021,4,21,16,40,sp32,Simple Call,9.557332993,10.39466667,2906,6188,24000,present,https://rfcx-streams-production.s3.eu-west-1.amazonaws.com/2021/04/21/pem8hxalyx7i/d2a7969b-f930-4492-8a15-710b952509d3.flac?X-Amz-Algorithm=AWS4-HMAC-SHA256&X-Amz-Content-Sha256=UNSIGNED-PAYLOAD&X-Amz-Credential=AKIA45B7YWBX5HAZMGOU%2F20260223%2Feu-west-1%2Fs3%2Faws4_request&X-Amz-Date=20260223T001158Z&X-Amz-Expires=604800&X-Amz-Signature=9fb3f8f8a17931e668da89bab707b795c2f291f6feb84bfb7ff14c419bf728b8&X-Amz-SignedHeaders=host&response-content-disposition=attachment%3B%20filename%3Dd2a7969b-f930-4492-8a15-710b952509d3.flac&x-id=GetObject,0.358180195,24544
K2am-2021-04-21_17-00.WAV,2021 Kern 2,2021,4,21,17,0,sp32,Simple Call,54.49066544,55.32799911,2906,6188,24000,present,https://rfcx-streams-production.s3.eu-west-1.amazonaws.com/2021/04/22/pem8hxalyx7i/8e8050a1-e716-4e24-8a67-625cc3ab3986.flac?X-Amz-Algorithm=AWS4-HMAC-SHA256&X-Amz-Content-Sha256=UNSIGNED-PAYLOAD&X-Amz-Credential=AKIA45B7YWBX5HAZMGOU%2F20260223%2Feu-west-1%2Fs3%2Faws4_request&X-Amz-Date=20260223T001200Z&X-Amz-Expires=604800&X-Amz-Signature=7a2dc8c5c715d9a550f03847c0c8a29cfa9423d980d4cddab70a219a5b5c5d9e&X-Amz-SignedHeaders=host&response-content-disposition=attachment%3B%20filename%3D8e8050a1-e716-4e24-8a67-625cc3ab3986.flac&x-id=GetObject,0.306789488,24544
K2am-2021-04-21_17-20.WAV,2021 Kern 2,2021,4,21,17,20,sp32,Simple Call,4.256000042,5.093333244,2906,6188,24000,present,https://rfcx-streams-production.s3.eu-west-1.amazonaws.com/2021/04/22/pem8hxalyx7i/d02497aa-06fe-471e-bc02-e1d4db1813f8.flac?X-Amz-Algorithm=AWS4-HMAC-SHA256&X-Amz-Content-Sha256=UNSIGNED-PAYLOAD&X-Amz-Credential=AKIA45B7YWBX5HAZMGOU%2F20260223%2Feu-west-1%2Fs3%2Faws4_request&X-Amz-Date=20260223T001158Z&X-Amz-Expires=604800&X-Amz-Signature=d24e76ed018e7d07127fd85addcec1d17841da4f6663970422cfe7721cd872b4&X-Amz-SignedHeaders=host&response-content-disposition=attachment%3B%20filename%3Dd02497aa-06fe-471e-bc02-e1d4db1813f8.flac&x-id=GetObject,0.332764685,24544
K2am-2021-04-22_09-00.WAV,2021 Kern 2,2021,4,22,9,0,sp32,Simple Call,39.78133392,40.6186676,2906,6188,24000,present,https://rfcx-streams-production.s3.eu-west-1.amazonaws.com/2021/04/22/pem8hxalyx7i/0d0c7b5a-f8e7-451a-972e-23938ba96762.flac?X-Amz-Algorithm=AWS4-HMAC-SHA256&X-Amz-Content-Sha256=UNSIGNED-PAYLOAD&X-Amz-Credential=AKIA45B7YWBX5HAZMGOU%2F20260223%2Feu-west-1%2Fs3%2Faws4_request&X-Amz-Date=20260223T001200Z&X-Amz-Expires=604800&X-Amz-Signature=5a9fe0ae8550b03798e41f8c8095fb5f8d237e894ccb3c280ebd18c68a2f65ed&X-Amz-SignedHeaders=host&response-content-disposition=attachment%3B%20filename%3D0d0c7b5a-f8e7-451a-972e-23938ba96762.flac&x-id=GetObject,0.340406775,24544
K2am-2021-04-22_09-20.WAV,2021 Kern 2,2021,4,22,9,20,sp32,Simple Call,24.1760006,25.01333427,2906,6188,24000,present,https://rfcx-streams-production.s3.eu-west-1.amazonaws.com/2021/04/22/pem8hxalyx7i/a1d29797-4739-4a89-b8dc-60ea7a4ef363.flac?X-Amz-Algorithm=AWS4-HMAC-SHA256&X-Amz-Content-Sha256=UNSIGNED-PAYLOAD&X-Amz-Credential=AKIA45B7YWBX5HAZMGOU%2F20260223%2Feu-west-1%2Fs3%2Faws4_request&X-Amz-Date=20260223T001158Z&X-Amz-Expires=604800&X-Amz-Signature=b9304430a1c4858b459763ad5e164b3d62a261421dbe8612a59681cf521d1664&X-Amz-SignedHeaders=host&response-content-disposition=attachment%3B%20filename%3Da1d29797-4739-4a89-b8dc-60ea7a4ef363.flac&x-id=GetObject,0.254451811,24544
K2am-2021-04-22_09-40.WAV,2021 Kern 2,2021,4,22,9,40,sp32,Simple Call,32.43199921,33.26933289,2906,6188,24000,present,https://rfcx-streams-production.s3.eu-west-1.amazonaws.com/2021/04/22/pem8hxalyx7i/5e7fa79c-4f5c-4aad-ab8f-5561f9b94867.flac?X-Amz-Algorithm=AWS4-HMAC-SHA256&X-Amz-Content-Sha256=UNSIGNED-PAYLOAD&X-Amz-Credential=AKIA45B7YWBX5HAZMGOU%2F20260223%2Feu-west-1%2Fs3%2Faws4_request&X-Amz-Date=20260223T001158Z&X-Amz-Expires=604800&X-Amz-Signature=30a6590e2946eee4a822c7ff92863ab2d44469886e93eda4c243598112cdc533&X-Amz-SignedHeaders=host&response-content-disposition=attachment%3B%20filename%3D5e7fa79c-4f5c-4aad-ab8f-5561f9b94867.flac&x-id=GetObject,0.309921265,24544
K2am-2021-04-22_10-00.WAV,2021 Kern 2,2021,4,22,10,0,sp32,Simple Call,3.002666712,3.839999914,2906,6188,24000,present,https://rfcx-streams-production.s3.eu-west-1.amazonaws.com/2021/04/22/pem8hxalyx7i/7563b3be-86fd-497a-a2db-d92256c8c340.flac?X-Amz-Algorithm=AWS4-HMAC-SHA256&X-Amz-Content-Sha256=UNSIGNED-PAYLOAD&X-Amz-Credential=AKIA45B7YWBX5HAZMGOU%2F20260223%2Feu-west-1%2Fs3%2Faws4_request&X-Amz-Date=20260223T001158Z&X-Amz-Expires=604800&X-Amz-Signature=803dce3f3eaf3518150fe5e928547ab19c4306d5bd1a305a8fbbdc2f2f19e8e5&X-Amz-SignedHeaders=host&response-content-disposition=attachment%3B%20filename%3D7563b3be-86fd-497a-a2db-d92256c8c340.flac&x-id=GetObject,0.299982876,24544
K2am-2021-04-22_10-40.WAV,2021 Kern 2,2021,4,22,10,40,sp32,Simple Call,4.602666855,5.440000057,2906,6188,24000,present,https://rfcx-streams-production.s3.eu-west-1.amazonaws.com/2021/04/22/pem8hxalyx7i/e2bba9b8-6309-44ff-9a5b-83ae68ccdc2a.flac?X-Amz-Algorithm=AWS4-HMAC-SHA256&X-Amz-Content-Sha256=UNSIGNED-PAYLOAD&X-Amz-Credential=AKIA45B7YWBX5HAZMGOU%2F20260223%2Feu-west-1%2Fs3%2Faws4_request&X-Amz-Date=20260223T001158Z&X-Amz-Expires=604800&X-Amz-Signature=b1a948be0934e90f174883aef9e8eef2c400a6d7039ad176d18a174846d78a41&X-Amz-SignedHeaders=host&response-content-disposition=attachment%3B%20filename%3De2bba9b8-6309-44ff-9a5b-83ae68ccdc2a.flac&x-id=GetObject,0.265634775,24544
K2am-2021-04-22_11-00.WAV,2021 Kern 2,2021,4,22,11,0,sp32,Simple Call,50.73066711,51.56800079,2906,6188,24000,present,https://rfcx-streams-production.s3.eu-west-1.amazonaws.com/2021/04/22/pem8hxalyx7i/ed00ad5f-e022-44a4-8660-dcc4abbb542a.flac?X-Amz-Algorithm=AWS4-HMAC-SHA256&X-Amz-Content-Sha256=UNSIGNED-PAYLOAD&X-Amz-Credential=AKIA45B7YWBX5HAZMGOU%2F20260223%2Feu-west-1%2Fs3%2Faws4_request&X-Amz-Date=20260223T001200Z&X-Amz-Expires=604800&X-Amz-Signature=d083bd43fe5b5e0e34066e845e9a721a1c2c2665b85219f2a031258898808ffc&X-Amz-SignedHeaders=host&response-content-disposition=attachment%3B%20filename%3Ded00ad5f-e022-44a4-8660-dcc4abbb542a.flac&x-id=GetObject,0.303010106,24544
K2am-2021-04-22_11-20.WAV,2021 Kern 2,2021,4,22,11,20,sp32,Simple Call,54.9280014,55.76533508,2906,6188,24000,present,https://rfcx-streams-production.s3.eu-west-1.amazonaws.com/2021/04/22/pem8hxalyx7i/3807a0f0-e0dd-43f8-b848-b2892a2551bf.flac?X-Amz-Algorithm=AWS4-HMAC-SHA256&X-Amz-Content-Sha256=UNSIGNED-PAYLOAD&X-Amz-Credential=AKIA45B7YWBX5HAZMGOU%2F20260223%2Feu-west-1%2Fs3%2Faws4_request&X-Amz-Date=20260223T001158Z&X-Amz-Expires=604800&X-Amz-Signature=333534e202719c0d28f3c7d58ddb06248fd16e579d9d24a7fb0d7d25be975647&X-Amz-SignedHeaders=host&response-content-disposition=attachment%3B%20filename%3D3807a0f0-e0dd-43f8-b848-b2892a2551bf.flac&x-id=GetObject,0.244913369,24544
K2am-2021-04-22_15-00.WAV,2021 Kern 2,2021,4,22,15,0,sp32,Simple Call,51.59999847,52.43733215,2906,6188,24000,present,https://rfcx-streams-production.s3.eu-west-1.amazonaws.com/2021/04/22/pem8hxalyx7i/d04b2330-4ee2-4573-93d7-965b4c10d1dd.flac?X-Amz-Algorithm=AWS4-HMAC-SHA256&X-Amz-Content-Sha256=UNSIGNED-PAYLOAD&X-Amz-Credential=AKIA45B7YWBX5HAZMGOU%2F20260223%2Feu-west-1%2Fs3%2Faws4_request&X-Amz-Date=20260223T001158Z&X-Amz-Expires=604800&X-Amz-Signature=4e280490f42826c87afc6e73b0e9a043ca512ad55639275898f3d81478b5e618&X-Amz-SignedHeaders=host&response-content-disposition=attachment%3B%20filename%3Dd04b2330-4ee2-4573-93d7-965b4c10d1dd.flac&x-id=GetObject,0.261488974,24544
K2am-2021-04-22_16-20.WAV,2021 Kern 2,2021,4,22,16,20,sp32,Simple Call,3.951999903,4.789333344,2906,6188,24000,present,https://rfcx-streams-production.s3.eu-west-1.amazonaws.com/2021/04/22/pem8hxalyx7i/921f0abd-ff8c-4c20-b392-8b08500e78a3.flac?X-Amz-Algorithm=AWS4-HMAC-SHA256&X-Amz-Content-Sha256=UNSIGNED-PAYLOAD&X-Amz-Credential=AKIA45B7YWBX5HAZMGOU%2F20260223%2Feu-west-1%2Fs3%2Faws4_request&X-Amz-Date=20260223T001158Z&X-Amz-Expires=604800&X-Amz-Signature=11b343f50792d34f0e5cb3ab489868c3ac706a1067121b7e48660e8683da9bf8&X-Amz-SignedHeaders=host&response-content-disposition=attachment%3B%20filename%3D921f0abd-ff8c-4c20-b392-8b08500e78a3.flac&x-id=GetObject,0.346316993,24544
K2am-2021-04-22_17-00.WAV,2021 Kern 2,2021,4,22,17,0,sp32,Simple Call,19.81333351,20.65066719,2906,6188,24000,present,https://rfcx-streams-production.s3.eu-west-1.amazonaws.com/2021/04/23/pem8hxalyx7i/89824842-4966-44ab-9327-f6b10d57bad4.flac?X-Amz-Algorithm=AWS4-HMAC-SHA256&X-Amz-Content-Sha256=UNSIGNED-PAYLOAD&X-Amz-Credential=AKIA45B7YWBX5HAZMGOU%2F20260223%2Feu-west-1%2Fs3%2Faws4_request&X-Amz-Date=20260223T001158Z&X-Amz-Expires=604800&X-Amz-Signature=c0c3026bfda348b9b08c02011964f82676492ea93cf972236bd818865f4e5b82&X-Amz-SignedHeaders=host&response-content-disposition=attachment%3B%20filename%3D89824842-4966-44ab-9327-f6b10d57bad4.flac&x-id=GetObject,0.282798827,24544
K2am-2021-04-22_17-20.WAV,2021 Kern 2,2021,4,22,17,20,sp32,Simple Call,56.01066589,56.84799957,2906,6188,24000,present,https://rfcx-streams-production.s3.eu-west-1.amazonaws.com/2021/04/23/pem8hxalyx7i/018fd70b-984e-4582-8496-e491fc458f3e.flac?X-Amz-Algorithm=AWS4-HMAC-SHA256&X-Amz-Content-Sha256=UNSIGNED-PAYLOAD&X-Amz-Credential=AKIA45B7YWBX5HAZMGOU%2F20260223%2Feu-west-1%2Fs3%2Faws4_request&X-Amz-Date=20260223T001200Z&X-Amz-Expires=604800&X-Amz-Signature=4a46a819166e31704bb17d4b0a6f30d1807f7be7a852feae17fa634200f08891&X-Amz-SignedHeaders=host&response-content-disposition=attachment%3B%20filename%3D018fd70b-984e-4582-8496-e491fc458f3e.flac&x-id=GetObject,0.200863957,24544
K2am-2021-04-22_17-40.WAV,2021 Kern 2,2021,4,22,17,40,sp32,Simple Call,8.005332947,8.842666626,2906,6188,24000,present,https://rfcx-streams-production.s3.eu-west-1.amazonaws.com/2021/04/23/pem8hxalyx7i/4096c45f-6679-4976-b4b6-d1ca464c7c86.flac?X-Amz-Algorithm=AWS4-HMAC-SHA256&X-Amz-Content-Sha256=UNSIGNED-PAYLOAD&X-Amz-Credential=AKIA45B7YWBX5HAZMGOU%2F20260223%2Feu-west-1%2Fs3%2Faws4_request&X-Amz-Date=20260223T001200Z&X-Amz-Expires=604800&X-Amz-Signature=e195b9830d7983b992c16be2ea7de912c4f32af90c24ee078921756255929582&X-Amz-SignedHeaders=host&response-content-disposition=attachment%3B%20filename%3D4096c45f-6679-4976-b4b6-d1ca464c7c86.flac&x-id=GetObject,0.3744151,24544
K2am-2021-04-22_19-00.WAV,2021 Kern 2,2021,4,22,19,0,sp32,Simple Call,29.51466751,30.35199928,2906,6188,24000,present,https://rfcx-streams-production.s3.eu-west-1.amazonaws.com/2021/04/23/pem8hxalyx7i/e6a3360c-d96c-4558-bcb9-ba0341e2732d.flac?X-Amz-Algorithm=AWS4-HMAC-SHA256&X-Amz-Content-Sha256=UNSIGNED-PAYLOAD&X-Amz-Credential=AKIA45B7YWBX5HAZMGOU%2F20260223%2Feu-west-1%2Fs3%2Faws4_request&X-Amz-Date=20260223T001158Z&X-Amz-Expires=604800&X-Amz-Signature=be55e7641bbc853c08714e2678bbb721078181de3bd6da0470f2bb3e32886f99&X-Amz-SignedHeaders=host&response-content-disposition=attachment%3B%20filename%3De6a3360c-d96c-4558-bcb9-ba0341e2732d.flac&x-id=GetObject,0.214089051,24544
K2am-2021-04-22_21-20.WAV,2021 Kern 2,2021,4,22,21,20,sp32,Simple Call,38.4426651,39.27999878,2906,6188,24000,present,https://rfcx-streams-production.s3.eu-west-1.amazonaws.com/2021/04/23/pem8hxalyx7i/391a14d0-94c8-4f2a-bf92-1f1bfd82cd34.flac?X-Amz-Algorithm=AWS4-HMAC-SHA256&X-Amz-Content-Sha256=UNSIGNED-PAYLOAD&X-Amz-Credential=AKIA45B7YWBX5HAZMGOU%2F20260223%2Feu-west-1%2Fs3%2Faws4_request&X-Amz-Date=20260223T001158Z&X-Amz-Expires=604800&X-Amz-Signature=1aa4126a3307aec0d294132c1ec66b15fdb7bea9ecac60f67053ed722c2c5c43&X-Amz-SignedHeaders=host&response-content-disposition=attachment%3B%20filename%3D391a14d0-94c8-4f2a-bf92-1f1bfd82cd34.flac&x-id=GetObject,0.21874769,24544
K2am-2021-04-22_21-40.WAV,2021 Kern 2,2021,4,22,21,40,sp32,Simple Call,32.1866684,33.02399826,2906,6188,24000,present,https://rfcx-streams-production.s3.eu-west-1.amazonaws.com/2021/04/23/pem8hxalyx7i/9e82d487-7af4-401e-b6a4-9ee655b3f163.flac?X-Amz-Algorithm=AWS4-HMAC-SHA256&X-Amz-Content-Sha256=UNSIGNED-PAYLOAD&X-Amz-Credential=AKIA45B7YWBX5HAZMGOU%2F20260223%2Feu-west-1%2Fs3%2Faws4_request&X-Amz-Date=20260223T001158Z&X-Amz-Expires=604800&X-Amz-Signature=92f2a086d44b5b988c9afc343c9c83d9a5aeeac21df11f8885f940099b674f7a&X-Amz-SignedHeaders=host&response-content-disposition=attachment%3B%20filename%3D9e82d487-7af4-401e-b6a4-9ee655b3f163.flac&x-id=GetObject,0.216085687,24544
K2am-2021-04-22_22-00.WAV,2021 Kern 2,2021,4,22,22,0,sp32,Simple Call,20.67733383,21.51466751,2906,6188,24000,present,https://rfcx-streams-production.s3.eu-west-1.amazonaws.com/2021/04/23/pem8hxalyx7i/03b8f2f9-d1fd-4210-b4b8-47db346150ce.flac?X-Amz-Algorithm=AWS4-HMAC-SHA256&X-Amz-Content-Sha256=UNSIGNED-PAYLOAD&X-Amz-Credential=AKIA45B7YWBX5HAZMGOU%2F20260223%2Feu-west-1%2Fs3%2Faws4_request&X-Amz-Date=20260223T001200Z&X-Amz-Expires=604800&X-Amz-Signature=9addfed915169ee47f0c89d4cae94a8293ecca0876f905a99a239fb7bdc08972&X-Amz-SignedHeaders=host&response-content-disposition=attachment%3B%20filename%3D03b8f2f9-d1fd-4210-b4b8-47db346150ce.flac&x-id=GetObject,0.222105607,24544
K2am-2021-04-23_08-40.WAV,2021 Kern 2,2021,4,23,8,40,sp32,Simple Call,50.64533234,51.48266602,2906,6188,24000,present,https://rfcx-streams-production.s3.eu-west-1.amazonaws.com/2021/04/23/pem8hxalyx7i/36158cf7-ce93-41bd-ba38-229445a9b68b.flac?X-Amz-Algorithm=AWS4-HMAC-SHA256&X-Amz-Content-Sha256=UNSIGNED-PAYLOAD&X-Amz-Credential=AKIA45B7YWBX5HAZMGOU%2F20260223%2Feu-west-1%2Fs3%2Faws4_request&X-Amz-Date=20260223T001200Z&X-Amz-Expires=604800&X-Amz-Signature=0cf2e9ec16fcf88c49bf0f2f879881db74b31f53c9988c0cc76daac3dca7ef2b&X-Amz-SignedHeaders=host&response-content-disposition=attachment%3B%20filename%3D36158cf7-ce93-41bd-ba38-229445a9b68b.flac&x-id=GetObject,0.261339933,24544
K2am-2021-04-23_09-00.WAV,2021 Kern 2,2021,4,23,9,0,sp32,Simple Call,57.74399948,58.58133316,2906,6188,24000,present,https://rfcx-streams-production.s3.eu-west-1.amazonaws.com/2021/04/23/pem8hxalyx7i/be328386-e393-42af-9686-acc89daff071.flac?X-Amz-Algorithm=AWS4-HMAC-SHA256&X-Amz-Content-Sha256=UNSIGNED-PAYLOAD&X-Amz-Credential=AKIA45B7YWBX5HAZMGOU%2F20260223%2Feu-west-1%2Fs3%2Faws4_request&X-Amz-Date=20260223T001200Z&X-Amz-Expires=604800&X-Amz-Signature=780f6c17bee29864b620d8c12dd37b4610771df9e0c569bd953c7efc566d9253&X-Amz-SignedHeaders=host&response-content-disposition=attachment%3B%20filename%3Dbe328386-e393-42af-9686-acc89daff071.flac&x-id=GetObject,0.24389416,24544
K2am-2021-04-23_09-20.WAV,2021 Kern 2,2021,4,23,9,20,sp32,Simple Call,5.781333447,6.618666649,2906,6188,24000,present,https://rfcx-streams-production.s3.eu-west-1.amazonaws.com/2021/04/23/pem8hxalyx7i/54b6f404-4065-43c7-a5f2-568abb917736.flac?X-Amz-Algorithm=AWS4-HMAC-SHA256&X-Amz-Content-Sha256=UNSIGNED-PAYLOAD&X-Amz-Credential=AKIA45B7YWBX5HAZMGOU%2F20260223%2Feu-west-1%2Fs3%2Faws4_request&X-Amz-Date=20260223T001200Z&X-Amz-Expires=604800&X-Amz-Signature=ae273066142cd8f6984db1bfd625826423cb58e2adbdf28f99bade86334f36bf&X-Amz-SignedHeaders=host&response-content-disposition=attachment%3B%20filename%3D54b6f404-4065-43c7-a5f2-568abb917736.flac&x-id=GetObject,0.337582767,24544
K2am-2021-04-23_09-40.WAV,2021 Kern 2,2021,4,23,9,40,sp32,Simple Call,0.143999994,0.981333315,2906,6188,24000,present,https://rfcx-streams-production.s3.eu-west-1.amazonaws.com/2021/04/23/pem8hxalyx7i/e92899ac-21eb-4984-aba1-de0808c47beb.flac?X-Amz-Algorithm=AWS4-HMAC-SHA256&X-Amz-Content-Sha256=UNSIGNED-PAYLOAD&X-Amz-Credential=AKIA45B7YWBX5HAZMGOU%2F20260223%2Feu-west-1%2Fs3%2Faws4_request&X-Amz-Date=20260223T001158Z&X-Amz-Expires=604800&X-Amz-Signature=a3a0bfa96cb582f69dcbe82c4f8b78685cf372add0aaf020cdb1992b45f686e2&X-Amz-SignedHeaders=host&response-content-disposition=attachment%3B%20filename%3De92899ac-21eb-4984-aba1-de0808c47beb.flac&x-id=GetObject,0.330270737,24544
K2am-2021-04-23_10-00.WAV,2021 Kern 2,2021,4,23,10,0,sp32,Simple Call,52.86399841,53.70133209,2906,6188,24000,present,https://rfcx-streams-production.s3.eu-west-1.amazonaws.com/2021/04/23/pem8hxalyx7i/99791dc7-d7e7-4be6-878b-e72d68e140e8.flac?X-Amz-Algorithm=AWS4-HMAC-SHA256&X-Amz-Content-Sha256=UNSIGNED-PAYLOAD&X-Amz-Credential=AKIA45B7YWBX5HAZMGOU%2F20260223%2Feu-west-1%2Fs3%2Faws4_request&X-Amz-Date=20260223T001200Z&X-Amz-Expires=604800&X-Amz-Signature=130a429464c8f9fab14141d15b02c1fe93022124548fe432855079cd01e1aee3&X-Amz-SignedHeaders=host&response-content-disposition=attachment%3B%20filename%3D99791dc7-d7e7-4be6-878b-e72d68e140e8.flac&x-id=GetObject,0.228269652,24544
K2am-2021-04-23_10-20.WAV,2021 Kern 2,2021,4,23,10,20,sp32,Simple Call,45.24266815,46.08000183,2906,6188,24000,present,https://rfcx-streams-production.s3.eu-west-1.amazonaws.com/2021/04/23/pem8hxalyx7i/1eef6cea-16a3-4b35-9ea8-ea0b41e2a2a3.flac?X-Amz-Algorithm=AWS4-HMAC-SHA256&X-Amz-Content-Sha256=UNSIGNED-PAYLOAD&X-Amz-Credential=AKIA45B7YWBX5HAZMGOU%2F20260223%2Feu-west-1%2Fs3%2Faws4_request&X-Amz-Date=20260223T001200Z&X-Amz-Expires=604800&X-Amz-Signature=74b1f36ee9f727b9176aff3cfd9461a57866a50de2c0783c9c062d22b3357004&X-Amz-SignedHeaders=host&response-content-disposition=attachment%3B%20filename%3D1eef6cea-16a3-4b35-9ea8-ea0b41e2a2a3.flac&x-id=GetObject,0.215281397,24544
K2am-2021-04-23_10-40.WAV,2021 Kern 2,2021,4,23,10,40,sp32,Simple Call,20.31466675,21.15200043,2906,6188,24000,present,https://rfcx-streams-production.s3.eu-west-1.amazonaws.com/2021/04/23/pem8hxalyx7i/f33aa173-bc84-4938-99e0-35956c1b3efa.flac?X-Amz-Algorithm=AWS4-HMAC-SHA256&X-Amz-Content-Sha256=UNSIGNED-PAYLOAD&X-Amz-Credential=AKIA45B7YWBX5HAZMGOU%2F20260223%2Feu-west-1%2Fs3%2Faws4_request&X-Amz-Date=20260223T001200Z&X-Amz-Expires=604800&X-Amz-Signature=27a3e18c066dc190748ea28bcf6ebab8f6b28c24dfa904214c923936f5112609&X-Amz-SignedHeaders=host&response-content-disposition=attachment%3B%20filename%3Df33aa173-bc84-4938-99e0-35956c1b3efa.flac&x-id=GetObject,0.266116083,24544
K2am-2021-04-23_11-00.WAV,2021 Kern 2,2021,4,23,11,0,sp32,Simple Call,0.149333328,0.986666679,2906,6188,24000,present,https://rfcx-streams-production.s3.eu-west-1.amazonaws.com/2021/04/23/pem8hxalyx7i/7a2f0cf9-4e93-4322-949a-eddcb293f28c.flac?X-Amz-Algorithm=AWS4-HMAC-SHA256&X-Amz-Content-Sha256=UNSIGNED-PAYLOAD&X-Amz-Credential=AKIA45B7YWBX5HAZMGOU%2F20260223%2Feu-west-1%2Fs3%2Faws4_request&X-Amz-Date=20260223T001200Z&X-Amz-Expires=604800&X-Amz-Signature=831357e77899b11f883bbc1aa7d4f20e2ecc4fbfe63a8581edb7a5299fcd2702&X-Amz-SignedHeaders=host&response-content-disposition=attachment%3B%20filename%3D7a2f0cf9-4e93-4322-949a-eddcb293f28c.flac&x-id=GetObject,0.260530531,24544
K2am-2021-04-23_11-20.WAV,2021 Kern 2,2021,4,23,11,20,sp32,Simple Call,31.56800079,32.40533447,2906,6188,24000,present,https://rfcx-streams-production.s3.eu-west-1.amazonaws.com/2021/04/23/pem8hxalyx7i/5dbba4ac-98b7-4801-ac33-41cb4cbc123e.flac?X-Amz-Algorithm=AWS4-HMAC-SHA256&X-Amz-Content-Sha256=UNSIGNED-PAYLOAD&X-Amz-Credential=AKIA45B7YWBX5HAZMGOU%2F20260223%2Feu-west-1%2Fs3%2Faws4_request&X-Amz-Date=20260223T001200Z&X-Amz-Expires=604800&X-Amz-Signature=4bab17c389ee15bd03ee8af63c417f2add7f5dc7ab5816f91006eeecb2322a82&X-Amz-SignedHeaders=host&response-content-disposition=attachment%3B%20filename%3D5dbba4ac-98b7-4801-ac33-41cb4cbc123e.flac&x-id=GetObject,0.280410349,24544
K2am-2021-04-23_16-00.WAV,2021 Kern 2,2021,4,23,16,0,sp32,Simple Call,28.89599991,29.73333359,2906,6188,24000,present,https://rfcx-streams-production.s3.eu-west-1.amazonaws.com/2021/04/23/pem8hxalyx7i/9ba0f0f6-2ec6-4691-86ea-980d486196bf.flac?X-Amz-Algorithm=AWS4-HMAC-SHA256&X-Amz-Content-Sha256=UNSIGNED-PAYLOAD&X-Amz-Credential=AKIA45B7YWBX5HAZMGOU%2F20260223%2Feu-west-1%2Fs3%2Faws4_request&X-Amz-Date=20260223T001200Z&X-Amz-Expires=604800&X-Amz-Signature=61e2310316855129ff27aab50f5105c625842a9cb1f73488b6dbcb8ba907a583&X-Amz-SignedHeaders=host&response-content-disposition=attachment%3B%20filename%3D9ba0f0f6-2ec6-4691-86ea-980d486196bf.flac&x-id=GetObject,0.225789398,24544
K2am-2021-04-23_16-20.WAV,2021 Kern 2,2021,4,23,16,20,sp32,Simple Call,14.68266678,15.52000046,2906,6188,24000,present,https://rfcx-streams-production.s3.eu-west-1.amazonaws.com/2021/04/23/pem8hxalyx7i/c1b4e3b7-8b50-4f13-ae88-ac14b89d5382.flac?X-Amz-Algorithm=AWS4-HMAC-SHA256&X-Amz-Content-Sha256=UNSIGNED-PAYLOAD&X-Amz-Credential=AKIA45B7YWBX5HAZMGOU%2F20260223%2Feu-west-1%2Fs3%2Faws4_request&X-Amz-Date=20260223T001200Z&X-Amz-Expires=604800&X-Amz-Signature=b3397db07a5b3873aee5d0b15c4bbee87e522e3f0fbcabba87ee6d3b956046cd&X-Amz-SignedHeaders=host&response-content-disposition=attachment%3B%20filename%3Dc1b4e3b7-8b50-4f13-ae88-ac14b89d5382.flac&x-id=GetObject,0.33513847,24544
K2am-2021-04-23_16-40.WAV,2021 Kern 2,2021,4,23,16,40,sp32,Simple Call,5.013333321,5.850666523,2906,6188,24000,present,https://rfcx-streams-production.s3.eu-west-1.amazonaws.com/2021/04/23/pem8hxalyx7i/c1074768-90a6-4f4e-9b62-ce367527dd72.flac?X-Amz-Algorithm=AWS4-HMAC-SHA256&X-Amz-Content-Sha256=UNSIGNED-PAYLOAD&X-Amz-Credential=AKIA45B7YWBX5HAZMGOU%2F20260223%2Feu-west-1%2Fs3%2Faws4_request&X-Amz-Date=20260223T001200Z&X-Amz-Expires=604800&X-Amz-Signature=8d6de978b5e7809c86567ff4ddae49edc8aa262a32f2abfc4663c173b2f8f0a9&X-Amz-SignedHeaders=host&response-content-disposition=attachment%3B%20filename%3Dc1074768-90a6-4f4e-9b62-ce367527dd72.flac&x-id=GetObject,0.385680676,24544
K2am-2021-04-23_17-00.WAV,2021 Kern 2,2021,4,23,17,0,sp32,Simple Call,38.56533432,39.402668,2906,6188,24000,present,https://rfcx-streams-production.s3.eu-west-1.amazonaws.com/2021/04/24/pem8hxalyx7i/28851e81-9f5d-4ab8-8702-075e0c3bfba1.flac?X-Amz-Algorithm=AWS4-HMAC-SHA256&X-Amz-Content-Sha256=UNSIGNED-PAYLOAD&X-Amz-Credential=AKIA45B7YWBX5HAZMGOU%2F20260223%2Feu-west-1%2Fs3%2Faws4_request&X-Amz-Date=20260223T001200Z&X-Amz-Expires=604800&X-Amz-Signature=e6cd318a8ba1bd0e9d6752b1907cff15e7954fcd1eaaed48b77a08c19b3d5fee&X-Amz-SignedHeaders=host&response-content-disposition=attachment%3B%20filename%3D28851e81-9f5d-4ab8-8702-075e0c3bfba1.flac&x-id=GetObject,0.301312596,24544
K2am-2021-04-23_17-20.WAV,2021 Kern 2,2021,4,23,17,20,sp32,Simple Call,15.09866619,15.93599987,2906,6188,24000,present,https://rfcx-streams-production.s3.eu-west-1.amazonaws.com/2021/04/24/pem8hxalyx7i/a02dae49-5447-4ed0-aabd-c6edc1aa86a4.flac?X-Amz-Algorithm=AWS4-HMAC-SHA256&X-Amz-Content-Sha256=UNSIGNED-PAYLOAD&X-Amz-Credential=AKIA45B7YWBX5HAZMGOU%2F20260223%2Feu-west-1%2Fs3%2Faws4_request&X-Amz-Date=20260223T001206Z&X-Amz-Expires=604800&X-Amz-Signature=217eb91d26830ab9f19e6d8f28739fecad262f2fbe1a70d036a57303d104f09d&X-Amz-SignedHeaders=host&response-content-disposition=attachment%3B%20filename%3Da02dae49-5447-4ed0-aabd-c6edc1aa86a4.flac&x-id=GetObject,0.326068223,24544
K2am-2021-04-23_17-40.WAV,2021 Kern 2,2021,4,23,17,40,sp32,Simple Call,42.22933197,43.06666565,2906,6188,24000,present,https://rfcx-streams-production.s3.eu-west-1.amazonaws.com/2021/04/24/pem8hxalyx7i/73fbbd76-4e0a-40d4-aa94-e08022e68d4d.flac?X-Amz-Algorithm=AWS4-HMAC-SHA256&X-Amz-Content-Sha256=UNSIGNED-PAYLOAD&X-Amz-Credential=AKIA45B7YWBX5HAZMGOU%2F20260223%2Feu-west-1%2Fs3%2Faws4_request&X-Amz-Date=20260223T001158Z&X-Amz-Expires=604800&X-Amz-Signature=ec7206d877cdc67712214d0e473d52125f67d05a247aefe0abb9f4d6d54c4acb&X-Amz-SignedHeaders=host&response-content-disposition=attachment%3B%20filename%3D73fbbd76-4e0a-40d4-aa94-e08022e68d4d.flac&x-id=GetObject,0.337399006,24544
K2am-2021-04-23_18-00.WAV,2021 Kern 2,2021,4,23,18,0,sp32,Simple Call,6.191999912,7.029333115,2906,6188,24000,present,https://rfcx-streams-production.s3.eu-west-1.amazonaws.com/2021/04/24/pem8hxalyx7i/511deaa2-ee1b-40c6-881c-1415fb98d43e.flac?X-Amz-Algorithm=AWS4-HMAC-SHA256&X-Amz-Content-Sha256=UNSIGNED-PAYLOAD&X-Amz-Credential=AKIA45B7YWBX5HAZMGOU%2F20260223%2Feu-west-1%2Fs3%2Faws4_request&X-Amz-Date=20260223T001200Z&X-Amz-Expires=604800&X-Amz-Signature=cd621b159e96d1bc1d1352e2018fd8b328e7c2deef76c927c46be72ddbf7a73b&X-Amz-SignedHeaders=host&response-content-disposition=attachment%3B%20filename%3D511deaa2-ee1b-40c6-881c-1415fb98d43e.flac&x-id=GetObject,0.259175748,24544
K2am-2021-04-23_18-40.WAV,2021 Kern 2,2021,4,23,18,40,sp32,Simple Call,36.77866745,37.61600113,2906,6188,24000,present,https://rfcx-streams-production.s3.eu-west-1.amazonaws.com/2021/04/24/pem8hxalyx7i/bdc78393-10fd-4715-9246-551aac0eee4b.flac?X-Amz-Algorithm=AWS4-HMAC-SHA256&X-Amz-Content-Sha256=UNSIGNED-PAYLOAD&X-Amz-Credential=AKIA45B7YWBX5HAZMGOU%2F20260223%2Feu-west-1%2Fs3%2Faws4_request&X-Amz-Date=20260223T001158Z&X-Amz-Expires=604800&X-Amz-Signature=4fbbabc8e4954abdda6033b4d7cd7f69ed47e310e113a7f7a11288fb7c7c71f9&X-Amz-SignedHeaders=host&response-content-disposition=attachment%3B%20filename%3Dbdc78393-10fd-4715-9246-551aac0eee4b.flac&x-id=GetObject,0.250541747,24544
K2am-2021-04-23_19-00.WAV,2021 Kern 2,2021,4,23,19,0,sp32,Simple Call,47.30666733,48.14400101,2906,6188,24000,present,https://rfcx-streams-production.s3.eu-west-1.amazonaws.com/2021/04/24/pem8hxalyx7i/3382bffb-6ab1-4930-9ffe-813ce43c378b.flac?X-Amz-Algorithm=AWS4-HMAC-SHA256&X-Amz-Content-Sha256=UNSIGNED-PAYLOAD&X-Amz-Credential=AKIA45B7YWBX5HAZMGOU%2F20260223%2Feu-west-1%2Fs3%2Faws4_request&X-Amz-Date=20260223T001158Z&X-Amz-Expires=604800&X-Amz-Signature=c28329ec5f359611092e07d419150c50465d5d1d0f8f7451a54a2d6b55830484&X-Amz-SignedHeaders=host&response-content-disposition=attachment%3B%20filename%3D3382bffb-6ab1-4930-9ffe-813ce43c378b.flac&x-id=GetObject,0.223673344,24544
K2am-2021-04-24_09-00.WAV,2021 Kern 2,2021,4,24,9,0,sp32,Simple Call,25.26933289,26.10666656,2906,6188,24000,present,https://rfcx-streams-production.s3.eu-west-1.amazonaws.com/2021/04/24/pem8hxalyx7i/8dea9249-784a-45e0-86c7-367036670efa.flac?X-Amz-Algorithm=AWS4-HMAC-SHA256&X-Amz-Content-Sha256=UNSIGNED-PAYLOAD&X-Amz-Credential=AKIA45B7YWBX5HAZMGOU%2F20260223%2Feu-west-1%2Fs3%2Faws4_request&X-Amz-Date=20260223T001158Z&X-Amz-Expires=604800&X-Amz-Signature=680b213baf8d382533e1a085a46fcb3984afbc2b997e84da57fd979ed0e49bd8&X-Amz-SignedHeaders=host&response-content-disposition=attachment%3B%20filename%3D8dea9249-784a-45e0-86c7-367036670efa.flac&x-id=GetObject,0.211995333,24544
K2am-2021-04-24_10-00.WAV,2021 Kern 2,2021,4,24,10,0,sp32,Simple Call,0.538666666,1.376000047,2906,6188,24000,present,https://rfcx-streams-production.s3.eu-west-1.amazonaws.com/2021/04/24/pem8hxalyx7i/2dea22b0-ece8-4b3e-8d92-16da3d9ddba1.flac?X-Amz-Algorithm=AWS4-HMAC-SHA256&X-Amz-Content-Sha256=UNSIGNED-PAYLOAD&X-Amz-Credential=AKIA45B7YWBX5HAZMGOU%2F20260223%2Feu-west-1%2Fs3%2Faws4_request&X-Amz-Date=20260223T001200Z&X-Amz-Expires=604800&X-Amz-Signature=382d1ab980e98f2651eb2a970194e8b0bee1513c63707abdc42e9a411205fae3&X-Amz-SignedHeaders=host&response-content-disposition=attachment%3B%20filename%3D2dea22b0-ece8-4b3e-8d92-16da3d9ddba1.flac&x-id=GetObject,0.290386409,24544
K2am-2021-04-24_10-40.WAV,2021 Kern 2,2021,4,24,10,40,sp32,Simple Call,30.10133362,30.9386673,2906,6188,24000,present,https://rfcx-streams-production.s3.eu-west-1.amazonaws.com/2021/04/24/pem8hxalyx7i/9dc8de6e-82f6-44b6-b140-8b41cd20103e.flac?X-Amz-Algorithm=AWS4-HMAC-SHA256&X-Amz-Content-Sha256=UNSIGNED-PAYLOAD&X-Amz-Credential=AKIA45B7YWBX5HAZMGOU%2F20260223%2Feu-west-1%2Fs3%2Faws4_request&X-Amz-Date=20260223T001200Z&X-Amz-Expires=604800&X-Amz-Signature=2bf702c5d8dc7571a26a474b31e0a7696708f1429e41782758bafcf8176b5b2a&X-Amz-SignedHeaders=host&response-content-disposition=attachment%3B%20filename%3D9dc8de6e-82f6-44b6-b140-8b41cd20103e.flac&x-id=GetObject,0.34542197,24544
K2am-2021-04-24_11-00.WAV,2021 Kern 2,2021,4,24,11,0,sp32,Simple Call,34.44800186,35.28533173,2906,6188,24000,present,https://rfcx-streams-production.s3.eu-west-1.amazonaws.com/2021/04/24/pem8hxalyx7i/5374d96b-9432-46ec-931b-d4dc60a88c88.flac?X-Amz-Algorithm=AWS4-HMAC-SHA256&X-Amz-Content-Sha256=UNSIGNED-PAYLOAD&X-Amz-Credential=AKIA45B7YWBX5HAZMGOU%2F20260223%2Feu-west-1%2Fs3%2Faws4_request&X-Amz-Date=20260223T001200Z&X-Amz-Expires=604800&X-Amz-Signature=edba592199d14517c4a9add135d9a7587e2c56f45dd5b74ee370dd225e44d3bc&X-Amz-SignedHeaders=host&response-content-disposition=attachment%3B%20filename%3D5374d96b-9432-46ec-931b-d4dc60a88c88.flac&x-id=GetObject,0.24037984,24544
K2am-2021-04-24_11-20.WAV,2021 Kern 2,2021,4,24,11,20,sp32,Simple Call,6,6.837333202,2906,6188,24000,present,https://rfcx-streams-production.s3.eu-west-1.amazonaws.com/2021/04/24/pem8hxalyx7i/6a4b437a-fe77-4abe-b96f-813fd3a3a274.flac?X-Amz-Algorithm=AWS4-HMAC-SHA256&X-Amz-Content-Sha256=UNSIGNED-PAYLOAD&X-Amz-Credential=AKIA45B7YWBX5HAZMGOU%2F20260223%2Feu-west-1%2Fs3%2Faws4_request&X-Amz-Date=20260223T001200Z&X-Amz-Expires=604800&X-Amz-Signature=5cd0fed46460f028e63b315eda980c8a44fb4c5f9ece7a2e239da151fd67e02c&X-Amz-SignedHeaders=host&response-content-disposition=attachment%3B%20filename%3D6a4b437a-fe77-4abe-b96f-813fd3a3a274.flac&x-id=GetObject,0.2765733,24544
K2am-2021-04-24_11-40.WAV,2021 Kern 2,2021,4,24,11,40,sp32,Simple Call,53.32266617,54.15999985,2906,6188,24000,present,https://rfcx-streams-production.s3.eu-west-1.amazonaws.com/2021/04/24/pem8hxalyx7i/c0f574de-688a-4122-8cfd-773b2e1e0749.flac?X-Amz-Algorithm=AWS4-HMAC-SHA256&X-Amz-Content-Sha256=UNSIGNED-PAYLOAD&X-Amz-Credential=AKIA45B7YWBX5HAZMGOU%2F20260223%2Feu-west-1%2Fs3%2Faws4_request&X-Amz-Date=20260223T001200Z&X-Amz-Expires=604800&X-Amz-Signature=b51c371bcc6ce1e0aa7362ab2306cfeb9e2c17bc2a44175d56082e18caa6e6f6&X-Amz-SignedHeaders=host&response-content-disposition=attachment%3B%20filename%3Dc0f574de-688a-4122-8cfd-773b2e1e0749.flac&x-id=GetObject,0.340840936,24544
K2am-2021-04-24_13-20.WAV,2021 Kern 2,2021,4,24,13,20,sp32,Simple Call,0.885333359,1.722666621,2906,6188,24000,present,https://rfcx-streams-production.s3.eu-west-1.amazonaws.com/2021/04/24/pem8hxalyx7i/6339eeec-247f-4bc7-8dc3-6251452ee5d0.flac?X-Amz-Algorithm=AWS4-HMAC-SHA256&X-Amz-Content-Sha256=UNSIGNED-PAYLOAD&X-Amz-Credential=AKIA45B7YWBX5HAZMGOU%2F20260223%2Feu-west-1%2Fs3%2Faws4_request&X-Amz-Date=20260223T001200Z&X-Amz-Expires=604800&X-Amz-Signature=89f7ac58c0b06db73d8b1b254e8f5195b68854b2ea6376e62f034f142bd95c8f&X-Amz-SignedHeaders=host&response-content-disposition=attachment%3B%20filename%3D6339eeec-247f-4bc7-8dc3-6251452ee5d0.flac&x-id=GetObject,0.223344892,24544
K2am-2021-04-24_14-00.WAV,2021 Kern 2,2021,4,24,14,0,sp32,Simple Call,55.01866531,55.85599899,2906,6188,24000,present,https://rfcx-streams-production.s3.eu-west-1.amazonaws.com/2021/04/24/pem8hxalyx7i/0b07a354-5ac1-4c5d-9388-7c422080e155.flac?X-Amz-Algorithm=AWS4-HMAC-SHA256&X-Amz-Content-Sha256=UNSIGNED-PAYLOAD&X-Amz-Credential=AKIA45B7YWBX5HAZMGOU%2F20260223%2Feu-west-1%2Fs3%2Faws4_request&X-Amz-Date=20260223T001200Z&X-Amz-Expires=604800&X-Amz-Signature=5e6c2946d6f5ca9850971d4716460f4cca9b3ab812cd0de0ad9bf1acac3a4dd0&X-Amz-SignedHeaders=host&response-content-disposition=attachment%3B%20filename%3D0b07a354-5ac1-4c5d-9388-7c422080e155.flac&x-id=GetObject,0.243659616,24544
K2am-2021-04-24_15-00.WAV,2021 Kern 2,2021,4,24,15,0,sp32,Simple Call,31.26933289,32.10666656,2906,6188,24000,present,https://rfcx-streams-production.s3.eu-west-1.amazonaws.com/2021/04/24/pem8hxalyx7i/14beea2d-c0bf-422b-9aa3-40d34c5b39e0.flac?X-Amz-Algorithm=AWS4-HMAC-SHA256&X-Amz-Content-Sha256=UNSIGNED-PAYLOAD&X-Amz-Credential=AKIA45B7YWBX5HAZMGOU%2F20260223%2Feu-west-1%2Fs3%2Faws4_request&X-Amz-Date=20260223T001158Z&X-Amz-Expires=604800&X-Amz-Signature=5979c84211c1bdf5d0856baf8153991d3b3f67b248ebe62f0d4650dab3af676c&X-Amz-SignedHeaders=host&response-content-disposition=attachment%3B%20filename%3D14beea2d-c0bf-422b-9aa3-40d34c5b39e0.flac&x-id=GetObject,0.355690479,24544
K2am-2021-04-24_16-00.WAV,2021 Kern 2,2021,4,24,16,0,sp32,Simple Call,54.32533264,55.16266632,2906,6188,24000,present,https://rfcx-streams-production.s3.eu-west-1.amazonaws.com/2021/04/24/pem8hxalyx7i/0ed22a6f-3e9c-4064-9c91-417285b1021d.flac?X-Amz-Algorithm=AWS4-HMAC-SHA256&X-Amz-Content-Sha256=UNSIGNED-PAYLOAD&X-Amz-Credential=AKIA45B7YWBX5HAZMGOU%2F20260223%2Feu-west-1%2Fs3%2Faws4_request&X-Amz-Date=20260223T001158Z&X-Amz-Expires=604800&X-Amz-Signature=9eb91bbda6763b2fd0e0d6a2c5652e98d6d5ae3fe8fee706e952fdfccdf61a37&X-Amz-SignedHeaders=host&response-content-disposition=attachment%3B%20filename%3D0ed22a6f-3e9c-4064-9c91-417285b1021d.flac&x-id=GetObject,0.311263949,24544
K2am-2021-04-24_17-00.WAV,2021 Kern 2,2021,4,24,17,0,sp32,Simple Call,9.445333481,10.28266621,2906,6188,24000,present,https://rfcx-streams-production.s3.eu-west-1.amazonaws.com/2021/04/25/pem8hxalyx7i/cabac343-27ef-4895-929c-e9d241c9cd7a.flac?X-Amz-Algorithm=AWS4-HMAC-SHA256&X-Amz-Content-Sha256=UNSIGNED-PAYLOAD&X-Amz-Credential=AKIA45B7YWBX5HAZMGOU%2F20260223%2Feu-west-1%2Fs3%2Faws4_request&X-Amz-Date=20260223T001200Z&X-Amz-Expires=604800&X-Amz-Signature=cc9aeb0a58859d255a9e049278d92780dd9ca0872405f1e692f223ac2a7010d9&X-Amz-SignedHeaders=host&response-content-disposition=attachment%3B%20filename%3Dcabac343-27ef-4895-929c-e9d241c9cd7a.flac&x-id=GetObject,0.303417325,24544
K2am-2021-04-24_17-20.WAV,2021 Kern 2,2021,4,24,17,20,sp32,Simple Call,22.7840004,23.62133408,2906,6188,24000,present,https://rfcx-streams-production.s3.eu-west-1.amazonaws.com/2021/04/25/pem8hxalyx7i/49edc3f4-b158-4bd7-8d45-87663ba4ee9f.flac?X-Amz-Algorithm=AWS4-HMAC-SHA256&X-Amz-Content-Sha256=UNSIGNED-PAYLOAD&X-Amz-Credential=AKIA45B7YWBX5HAZMGOU%2F20260223%2Feu-west-1%2Fs3%2Faws4_request&X-Amz-Date=20260223T001200Z&X-Amz-Expires=604800&X-Amz-Signature=e3852803783cd9758392e39a5d98e330c2362cf87d8cc93aa4a86e6602a95c98&X-Amz-SignedHeaders=host&response-content-disposition=attachment%3B%20filename%3D49edc3f4-b158-4bd7-8d45-87663ba4ee9f.flac&x-id=GetObject,0.343334496,24544
K2am-2021-04-24_17-40.WAV,2021 Kern 2,2021,4,24,17,40,sp32,Simple Call,54.77866745,55.61600113,2906,6188,24000,present,https://rfcx-streams-production.s3.eu-west-1.amazonaws.com/2021/04/25/pem8hxalyx7i/57ecb4f1-27c7-49a7-aba5-a5ed123e1fe1.flac?X-Amz-Algorithm=AWS4-HMAC-SHA256&X-Amz-Content-Sha256=UNSIGNED-PAYLOAD&X-Amz-Credential=AKIA45B7YWBX5HAZMGOU%2F20260223%2Feu-west-1%2Fs3%2Faws4_request&X-Amz-Date=20260223T001200Z&X-Amz-Expires=604800&X-Amz-Signature=98f0c3841e67834ffbf8630c900ff81ff402f545e24067bfaa04bc0e2e66de2d&X-Amz-SignedHeaders=host&response-content-disposition=attachment%3B%20filename%3D57ecb4f1-27c7-49a7-aba5-a5ed123e1fe1.flac&x-id=GetObject,0.326843768,24544
K2am-2021-04-24_18-00.WAV,2021 Kern 2,2021,4,24,18,0,sp32,Simple Call,55.38666534,56.22399902,2906,6188,24000,present,https://rfcx-streams-production.s3.eu-west-1.amazonaws.com/2021/04/25/pem8hxalyx7i/2f099b77-9b48-4509-99ae-57d86f124c59.flac?X-Amz-Algorithm=AWS4-HMAC-SHA256&X-Amz-Content-Sha256=UNSIGNED-PAYLOAD&X-Amz-Credential=AKIA45B7YWBX5HAZMGOU%2F20260223%2Feu-west-1%2Fs3%2Faws4_request&X-Amz-Date=20260223T001200Z&X-Amz-Expires=604800&X-Amz-Signature=a42abd7c49934b1f90a3cc88ee755ab1fa5bee6404356230654d12bd0ab6df1c&X-Amz-SignedHeaders=host&response-content-disposition=attachment%3B%20filename%3D2f099b77-9b48-4509-99ae-57d86f124c59.flac&x-id=GetObject,0.309691578,24544
K2am-2021-04-24_18-20.WAV,2021 Kern 2,2021,4,24,18,20,sp32,Simple Call,57.91999817,58.75733185,2906,6188,24000,present,https://rfcx-streams-production.s3.eu-west-1.amazonaws.com/2021/04/25/pem8hxalyx7i/febc30d9-cc3c-4ae2-b890-cc99405173e2.flac?X-Amz-Algorithm=AWS4-HMAC-SHA256&X-Amz-Content-Sha256=UNSIGNED-PAYLOAD&X-Amz-Credential=AKIA45B7YWBX5HAZMGOU%2F20260223%2Feu-west-1%2Fs3%2Faws4_request&X-Amz-Date=20260223T001200Z&X-Amz-Expires=604800&X-Amz-Signature=edbb327cddaeecc35209caefb96b70cea6817df9d00dd4d4366f44a1919f582c&X-Amz-SignedHeaders=host&response-content-disposition=attachment%3B%20filename%3Dfebc30d9-cc3c-4ae2-b890-cc99405173e2.flac&x-id=GetObject,0.315695733,24544
K2am-2021-04-24_18-40.WAV,2021 Kern 2,2021,4,24,18,40,sp32,Simple Call,25.05066681,25.88800049,2906,6188,24000,present,https://rfcx-streams-production.s3.eu-west-1.amazonaws.com/2021/04/25/pem8hxalyx7i/48bfc763-36e3-46db-828f-458fc4ba26e5.flac?X-Amz-Algorithm=AWS4-HMAC-SHA256&X-Amz-Content-Sha256=UNSIGNED-PAYLOAD&X-Amz-Credential=AKIA45B7YWBX5HAZMGOU%2F20260223%2Feu-west-1%2Fs3%2Faws4_request&X-Amz-Date=20260223T001200Z&X-Amz-Expires=604800&X-Amz-Signature=e34b89d7c3df5ef1800d028f3a08a33c447bf352899038661e6906760883b512&X-Amz-SignedHeaders=host&response-content-disposition=attachment%3B%20filename%3D48bfc763-36e3-46db-828f-458fc4ba26e5.flac&x-id=GetObject,0.252496004,24544
K2am-2021-04-25_09-00.WAV,2021 Kern 2,2021,4,25,9,0,sp32,Simple Call,24.66133308,25.49866676,2906,6188,24000,present,https://rfcx-streams-production.s3.eu-west-1.amazonaws.com/2021/04/25/pem8hxalyx7i/bf06fba4-65c4-4f9c-b77c-72081df78450.flac?X-Amz-Algorithm=AWS4-HMAC-SHA256&X-Amz-Content-Sha256=UNSIGNED-PAYLOAD&X-Amz-Credential=AKIA45B7YWBX5HAZMGOU%2F20260223%2Feu-west-1%2Fs3%2Faws4_request&X-Amz-Date=20260223T001158Z&X-Amz-Expires=604800&X-Amz-Signature=02bffd720aed4ee4ebdd363dc50ead9b6b40c9a059d084ced6ec47cac9dac3e1&X-Amz-SignedHeaders=host&response-content-disposition=attachment%3B%20filename%3Dbf06fba4-65c4-4f9c-b77c-72081df78450.flac&x-id=GetObject,0.209900334,24544
K2am-2021-04-25_09-40.WAV,2021 Kern 2,2021,4,25,9,40,sp32,Simple Call,36.49066544,37.32799911,2906,6188,24000,present,https://rfcx-streams-production.s3.eu-west-1.amazonaws.com/2021/04/25/pem8hxalyx7i/c53a8c90-588b-450a-b840-3697880a9a4f.flac?X-Amz-Algorithm=AWS4-HMAC-SHA256&X-Amz-Content-Sha256=UNSIGNED-PAYLOAD&X-Amz-Credential=AKIA45B7YWBX5HAZMGOU%2F20260223%2Feu-west-1%2Fs3%2Faws4_request&X-Amz-Date=20260223T001158Z&X-Amz-Expires=604800&X-Amz-Signature=0717265c6b88655970313e5a847b8bdd9bddf61f01aee57b0b1516718fb71fe9&X-Amz-SignedHeaders=host&response-content-disposition=attachment%3B%20filename%3Dc53a8c90-588b-450a-b840-3697880a9a4f.flac&x-id=GetObject,0.207146049,24544
K2am-2021-04-25_10-00.WAV,2021 Kern 2,2021,4,25,10,0,sp32,Simple Call,42.34666824,43.18399811,2906,6188,24000,present,https://rfcx-streams-production.s3.eu-west-1.amazonaws.com/2021/04/25/pem8hxalyx7i/8e23a6e4-80b3-4815-a8f0-b1f7e1d118aa.flac?X-Amz-Algorithm=AWS4-HMAC-SHA256&X-Amz-Content-Sha256=UNSIGNED-PAYLOAD&X-Amz-Credential=AKIA45B7YWBX5HAZMGOU%2F20260223%2Feu-west-1%2Fs3%2Faws4_request&X-Amz-Date=20260223T001200Z&X-Amz-Expires=604800&X-Amz-Signature=e9e1ece5f7a037861de2aef3d04beb3993c0ac909a5221db503e825df5845e4b&X-Amz-SignedHeaders=host&response-content-disposition=attachment%3B%20filename%3D8e23a6e4-80b3-4815-a8f0-b1f7e1d118aa.flac&x-id=GetObject,0.21579349,24544
K2am-2021-04-25_10-20.WAV,2021 Kern 2,2021,4,25,10,20,sp32,Simple Call,6.837333202,7.674666882,2906,6188,24000,present,https://rfcx-streams-production.s3.eu-west-1.amazonaws.com/2021/04/25/pem8hxalyx7i/dcaba2da-eb55-46c0-907d-48c424fab09f.flac?X-Amz-Algorithm=AWS4-HMAC-SHA256&X-Amz-Content-Sha256=UNSIGNED-PAYLOAD&X-Amz-Credential=AKIA45B7YWBX5HAZMGOU%2F20260223%2Feu-west-1%2Fs3%2Faws4_request&X-Amz-Date=20260223T001158Z&X-Amz-Expires=604800&X-Amz-Signature=576b8ed9e33e763ccfb6ebe962ef9be56d2bf94f3672c0b523069ba318936c71&X-Amz-SignedHeaders=host&response-content-disposition=attachment%3B%20filename%3Ddcaba2da-eb55-46c0-907d-48c424fab09f.flac&x-id=GetObject,0.289213926,24544
K2am-2021-04-25_11-00.WAV,2021 Kern 2,2021,4,25,11,0,sp32,Simple Call,1.866666675,2.703999996,2906,6188,24000,present,https://rfcx-streams-production.s3.eu-west-1.amazonaws.com/2021/04/25/pem8hxalyx7i/e3db687e-0548-429b-8b01-e2f217d6781c.flac?X-Amz-Algorithm=AWS4-HMAC-SHA256&X-Amz-Content-Sha256=UNSIGNED-PAYLOAD&X-Amz-Credential=AKIA45B7YWBX5HAZMGOU%2F20260223%2Feu-west-1%2Fs3%2Faws4_request&X-Amz-Date=20260223T001200Z&X-Amz-Expires=604800&X-Amz-Signature=1cfa25385eb04d14b85fe49a0e5a60b06bfe0cb2ec1982d424db16433ccbdc7a&X-Amz-SignedHeaders=host&response-content-disposition=attachment%3B%20filename%3De3db687e-0548-429b-8b01-e2f217d6781c.flac&x-id=GetObject,0.222081795,24544
K2am-2021-04-25_11-20.WAV,2021 Kern 2,2021,4,25,11,20,sp32,Simple Call,0.768000007,1.605333328,2906,6188,24000,present,https://rfcx-streams-production.s3.eu-west-1.amazonaws.com/2021/04/25/pem8hxalyx7i/fe37b7c4-aa45-4c09-a4a0-ed817b01e97b.flac?X-Amz-Algorithm=AWS4-HMAC-SHA256&X-Amz-Content-Sha256=UNSIGNED-PAYLOAD&X-Amz-Credential=AKIA45B7YWBX5HAZMGOU%2F20260223%2Feu-west-1%2Fs3%2Faws4_request&X-Amz-Date=20260223T001200Z&X-Amz-Expires=604800&X-Amz-Signature=47d47b9aba6f4137d591d89b7f7dcae156bccb0bf721ec1169e531fb6cc221cc&X-Amz-SignedHeaders=host&response-content-disposition=attachment%3B%20filename%3Dfe37b7c4-aa45-4c09-a4a0-ed817b01e97b.flac&x-id=GetObject,0.305947006,24544
K2am-2021-04-25_11-40.WAV,2021 Kern 2,2021,4,25,11,40,sp32,Simple Call,30.98133278,31.81866646,2906,6188,24000,present,https://rfcx-streams-production.s3.eu-west-1.amazonaws.com/2021/04/25/pem8hxalyx7i/40352a28-d830-4948-99ff-a0d447dd1716.flac?X-Amz-Algorithm=AWS4-HMAC-SHA256&X-Amz-Content-Sha256=UNSIGNED-PAYLOAD&X-Amz-Credential=AKIA45B7YWBX5HAZMGOU%2F20260223%2Feu-west-1%2Fs3%2Faws4_request&X-Amz-Date=20260223T001200Z&X-Amz-Expires=604800&X-Amz-Signature=23f859f47b7b3c5ba65658f7b236a052c955d85738ba24f3025607a48387d4b4&X-Amz-SignedHeaders=host&response-content-disposition=attachment%3B%20filename%3D40352a28-d830-4948-99ff-a0d447dd1716.flac&x-id=GetObject,0.320472717,24544
K2am-2021-04-25_12-00.WAV,2021 Kern 2,2021,4,25,12,0,sp32,Simple Call,29.63733292,30.4746666,2906,6188,24000,present,https://rfcx-streams-production.s3.eu-west-1.amazonaws.com/2021/04/25/pem8hxalyx7i/7fd0486f-effe-40bd-8a68-b720733682ba.flac?X-Amz-Algorithm=AWS4-HMAC-SHA256&X-Amz-Content-Sha256=UNSIGNED-PAYLOAD&X-Amz-Credential=AKIA45B7YWBX5HAZMGOU%2F20260223%2Feu-west-1%2Fs3%2Faws4_request&X-Amz-Date=20260223T001200Z&X-Amz-Expires=604800&X-Amz-Signature=210b1d22895b3dc43c8b276525b514b0ef0a698359428b008025c80da5c5b0be&X-Amz-SignedHeaders=host&response-content-disposition=attachment%3B%20filename%3D7fd0486f-effe-40bd-8a68-b720733682ba.flac&x-id=GetObject,0.283403784,24544
K2am-2021-04-25_12-40.WAV,2021 Kern 2,2021,4,25,12,40,sp32,Simple Call,44.06399918,44.90133286,2906,6188,24000,present,https://rfcx-streams-production.s3.eu-west-1.amazonaws.com/2021/04/25/pem8hxalyx7i/fc665608-784b-4b58-b156-d455f9580bd6.flac?X-Amz-Algorithm=AWS4-HMAC-SHA256&X-Amz-Content-Sha256=UNSIGNED-PAYLOAD&X-Amz-Credential=AKIA45B7YWBX5HAZMGOU%2F20260223%2Feu-west-1%2Fs3%2Faws4_request&X-Amz-Date=20260223T001200Z&X-Amz-Expires=604800&X-Amz-Signature=ef2e5abca9e6d63a3fd5d81e8a3c3d150d0ee5ccd1f33f1286cdadb30b478d1a&X-Amz-SignedHeaders=host&response-content-disposition=attachment%3B%20filename%3Dfc665608-784b-4b58-b156-d455f9580bd6.flac&x-id=GetObject,0.264145195,24544
K2am-2021-04-25_13-00.WAV,2021 Kern 2,2021,4,25,13,0,sp32,Simple Call,35.13600159,35.97333145,2906,6188,24000,present,https://rfcx-streams-production.s3.eu-west-1.amazonaws.com/2021/04/25/pem8hxalyx7i/6a0aa6c7-c8e8-40c2-bce9-c435f58ca1be.flac?X-Amz-Algorithm=AWS4-HMAC-SHA256&X-Amz-Content-Sha256=UNSIGNED-PAYLOAD&X-Amz-Credential=AKIA45B7YWBX5HAZMGOU%2F20260223%2Feu-west-1%2Fs3%2Faws4_request&X-Amz-Date=20260223T001200Z&X-Amz-Expires=604800&X-Amz-Signature=271c377808da72281efe8650b35aa8ce96c35988f12fc1e9c53602081ea3881a&X-Amz-SignedHeaders=host&response-content-disposition=attachment%3B%20filename%3D6a0aa6c7-c8e8-40c2-bce9-c435f58ca1be.flac&x-id=GetObject,0.308926761,24544
K2am-2021-04-25_13-20.WAV,2021 Kern 2,2021,4,25,13,20,sp32,Simple Call,11.17866707,12.01599979,2906,6188,24000,present,https://rfcx-streams-production.s3.eu-west-1.amazonaws.com/2021/04/25/pem8hxalyx7i/3b6abd73-4be7-4e9f-9a84-ec12315ec4d0.flac?X-Amz-Algorithm=AWS4-HMAC-SHA256&X-Amz-Content-Sha256=UNSIGNED-PAYLOAD&X-Amz-Credential=AKIA45B7YWBX5HAZMGOU%2F20260223%2Feu-west-1%2Fs3%2Faws4_request&X-Amz-Date=20260223T001200Z&X-Amz-Expires=604800&X-Amz-Signature=8d28e7b9c4912a0fb2be43b95fb65a23e669359eae5425121382583bb8a27feb&X-Amz-SignedHeaders=host&response-content-disposition=attachment%3B%20filename%3D3b6abd73-4be7-4e9f-9a84-ec12315ec4d0.flac&x-id=GetObject,0.302757263,24544
K2am-2021-04-25_13-40.WAV,2021 Kern 2,2021,4,25,13,40,sp32,Simple Call,0.298666656,1.136000037,2906,6188,24000,present,https://rfcx-streams-production.s3.eu-west-1.amazonaws.com/2021/04/25/pem8hxalyx7i/e6871a5b-1fee-45bb-841b-d1f2b4e51b81.flac?X-Amz-Algorithm=AWS4-HMAC-SHA256&X-Amz-Content-Sha256=UNSIGNED-PAYLOAD&X-Amz-Credential=AKIA45B7YWBX5HAZMGOU%2F20260223%2Feu-west-1%2Fs3%2Faws4_request&X-Amz-Date=20260223T001200Z&X-Amz-Expires=604800&X-Amz-Signature=cd14b766eed9432f1105f71b544511d263a73d6abf7b7a74f92d32323759bb4e&X-Amz-SignedHeaders=host&response-content-disposition=attachment%3B%20filename%3De6871a5b-1fee-45bb-841b-d1f2b4e51b81.flac&x-id=GetObject,0.298995495,24544
K2am-2021-04-25_14-20.WAV,2021 Kern 2,2021,4,25,14,20,sp32,Simple Call,58.79999924,59.63733292,2906,6188,24000,present,https://rfcx-streams-production.s3.eu-west-1.amazonaws.com/2021/04/25/pem8hxalyx7i/a1a35751-bd8e-4dc3-9da9-862a7a1a6ae2.flac?X-Amz-Algorithm=AWS4-HMAC-SHA256&X-Amz-Content-Sha256=UNSIGNED-PAYLOAD&X-Amz-Credential=AKIA45B7YWBX5HAZMGOU%2F20260223%2Feu-west-1%2Fs3%2Faws4_request&X-Amz-Date=20260223T001158Z&X-Amz-Expires=604800&X-Amz-Signature=91771f67bf9c8c3e50ad97977ba0a80a54fdafb050ebeea86a7cd6378b40a24b&X-Amz-SignedHeaders=host&response-content-disposition=attachment%3B%20filename%3Da1a35751-bd8e-4dc3-9da9-862a7a1a6ae2.flac&x-id=GetObject,0.260724634,24544
K2am-2021-04-25_14-40.WAV,2021 Kern 2,2021,4,25,14,40,sp32,Simple Call,8.592000008,9.429333687,2906,6188,24000,present,https://rfcx-streams-production.s3.eu-west-1.amazonaws.com/2021/04/25/pem8hxalyx7i/a102ad67-2d89-44fb-984d-0422a56d4499.flac?X-Amz-Algorithm=AWS4-HMAC-SHA256&X-Amz-Content-Sha256=UNSIGNED-PAYLOAD&X-Amz-Credential=AKIA45B7YWBX5HAZMGOU%2F20260223%2Feu-west-1%2Fs3%2Faws4_request&X-Amz-Date=20260223T001158Z&X-Amz-Expires=604800&X-Amz-Signature=c6b9d85cea37dc23a24c2114030ec3524eb583a74a35b1b175ebd278ddfe6abd&X-Amz-SignedHeaders=host&response-content-disposition=attachment%3B%20filename%3Da102ad67-2d89-44fb-984d-0422a56d4499.flac&x-id=GetObject,0.285121977,24544
K2am-2021-04-25_15-00.WAV,2021 Kern 2,2021,4,25,15,0,sp32,Simple Call,51.42933273,52.26666641,2906,6188,24000,present,https://rfcx-streams-production.s3.eu-west-1.amazonaws.com/2021/04/25/pem8hxalyx7i/9d99595d-5bd8-49c4-9355-82ff6f283709.flac?X-Amz-Algorithm=AWS4-HMAC-SHA256&X-Amz-Content-Sha256=UNSIGNED-PAYLOAD&X-Amz-Credential=AKIA45B7YWBX5HAZMGOU%2F20260223%2Feu-west-1%2Fs3%2Faws4_request&X-Amz-Date=20260223T001158Z&X-Amz-Expires=604800&X-Amz-Signature=909e05a40d2e421ff577ad31af54dd58b4a74c5068856dbbb6d5e681725cbeb8&X-Amz-SignedHeaders=host&response-content-disposition=attachment%3B%20filename%3D9d99595d-5bd8-49c4-9355-82ff6f283709.flac&x-id=GetObject,0.273477942,24544
K2am-2021-04-25_15-20.WAV,2021 Kern 2,2021,4,25,15,20,sp32,Simple Call,46.98666763,47.82400131,2906,6188,24000,present,https://rfcx-streams-production.s3.eu-west-1.amazonaws.com/2021/04/25/pem8hxalyx7i/9d59f709-eeb6-4b7e-a921-88e3ee84ca80.flac?X-Amz-Algorithm=AWS4-HMAC-SHA256&X-Amz-Content-Sha256=UNSIGNED-PAYLOAD&X-Amz-Credential=AKIA45B7YWBX5HAZMGOU%2F20260223%2Feu-west-1%2Fs3%2Faws4_request&X-Amz-Date=20260223T001158Z&X-Amz-Expires=604800&X-Amz-Signature=0f4833c9e6fffccfacda04c14d7cf371c6b6d7dd8da620c757c6e380db9f2e45&X-Amz-SignedHeaders=host&response-content-disposition=attachment%3B%20filename%3D9d59f709-eeb6-4b7e-a921-88e3ee84ca80.flac&x-id=GetObject,0.251366675,24544
K2am-2021-04-25_15-40.WAV,2021 Kern 2,2021,4,25,15,40,sp32,Simple Call,8.186666489,9.024000168,2906,6188,24000,present,https://rfcx-streams-production.s3.eu-west-1.amazonaws.com/2021/04/25/pem8hxalyx7i/31c3112b-08aa-4181-8455-9ae6019a61b1.flac?X-Amz-Algorithm=AWS4-HMAC-SHA256&X-Amz-Content-Sha256=UNSIGNED-PAYLOAD&X-Amz-Credential=AKIA45B7YWBX5HAZMGOU%2F20260223%2Feu-west-1%2Fs3%2Faws4_request&X-Amz-Date=20260223T001158Z&X-Amz-Expires=604800&X-Amz-Signature=2901d70155d2c05b229f99a570b3909882898f7d9b3a99aae56023b816ec6c1c&X-Amz-SignedHeaders=host&response-content-disposition=attachment%3B%20filename%3D31c3112b-08aa-4181-8455-9ae6019a61b1.flac&x-id=GetObject,0.232715786,24544
K2am-2021-04-25_16-00.WAV,2021 Kern 2,2021,4,25,16,0,sp32,Simple Call,56.82666779,57.66400146,2906,6188,24000,present,https://rfcx-streams-production.s3.eu-west-1.amazonaws.com/2021/04/25/pem8hxalyx7i/e6633b5a-dd0d-429e-a9c8-d50be95526f5.flac?X-Amz-Algorithm=AWS4-HMAC-SHA256&X-Amz-Content-Sha256=UNSIGNED-PAYLOAD&X-Amz-Credential=AKIA45B7YWBX5HAZMGOU%2F20260223%2Feu-west-1%2Fs3%2Faws4_request&X-Amz-Date=20260223T001158Z&X-Amz-Expires=604800&X-Amz-Signature=c47269da7474e16e59a0295ceb0cc3690038fb264a69d4eae97a00d5a862b026&X-Amz-SignedHeaders=host&response-content-disposition=attachment%3B%20filename%3De6633b5a-dd0d-429e-a9c8-d50be95526f5.flac&x-id=GetObject,0.28212893,24544
K2am-2021-04-25_16-20.WAV,2021 Kern 2,2021,4,25,16,20,sp32,Simple Call,4.400000095,5.237333298,2906,6188,24000,present,https://rfcx-streams-production.s3.eu-west-1.amazonaws.com/2021/04/25/pem8hxalyx7i/1b428850-0a84-48c9-a95d-dd7649db76ee.flac?X-Amz-Algorithm=AWS4-HMAC-SHA256&X-Amz-Content-Sha256=UNSIGNED-PAYLOAD&X-Amz-Credential=AKIA45B7YWBX5HAZMGOU%2F20260223%2Feu-west-1%2Fs3%2Faws4_request&X-Amz-Date=20260223T001200Z&X-Amz-Expires=604800&X-Amz-Signature=964dc929a6c970d2bb1a92021a1d87fad5e9527bbff6010857a3f58e64b832e5&X-Amz-SignedHeaders=host&response-content-disposition=attachment%3B%20filename%3D1b428850-0a84-48c9-a95d-dd7649db76ee.flac&x-id=GetObject,0.278416425,24544
K2am-2021-04-25_16-40.WAV,2021 Kern 2,2021,4,25,16,40,sp32,Simple Call,21.62133408,22.45866585,2906,6188,24000,present,https://rfcx-streams-production.s3.eu-west-1.amazonaws.com/2021/04/25/pem8hxalyx7i/ab5a8038-93b9-4861-bc8b-b4da086f15ee.flac?X-Amz-Algorithm=AWS4-HMAC-SHA256&X-Amz-Content-Sha256=UNSIGNED-PAYLOAD&X-Amz-Credential=AKIA45B7YWBX5HAZMGOU%2F20260223%2Feu-west-1%2Fs3%2Faws4_request&X-Amz-Date=20260223T001200Z&X-Amz-Expires=604800&X-Amz-Signature=bbca02322c74f02800c55e292c8bd69b38c532f6ff999f37c7ef1faeca357030&X-Amz-SignedHeaders=host&response-content-disposition=attachment%3B%20filename%3Dab5a8038-93b9-4861-bc8b-b4da086f15ee.flac&x-id=GetObject,0.223430067,24544
K2am-2021-04-26_11-20.WAV,2021 Kern 2,2021,4,26,11,20,sp32,Simple Call,10.40533352,11.24266624,2906,6188,24000,present,https://rfcx-streams-production.s3.eu-west-1.amazonaws.com/2021/04/26/pem8hxalyx7i/f5ca40e3-1d47-49e9-803c-b9c047072388.flac?X-Amz-Algorithm=AWS4-HMAC-SHA256&X-Amz-Content-Sha256=UNSIGNED-PAYLOAD&X-Amz-Credential=AKIA45B7YWBX5HAZMGOU%2F20260223%2Feu-west-1%2Fs3%2Faws4_request&X-Amz-Date=20260223T001200Z&X-Amz-Expires=604800&X-Amz-Signature=11d70672491fcd82ad7424b5c178d08d0ce96aa798d0aee1ae970bacc812eb93&X-Amz-SignedHeaders=host&response-content-disposition=attachment%3B%20filename%3Df5ca40e3-1d47-49e9-803c-b9c047072388.flac&x-id=GetObject,0.205237195,24544
K2am-2021-04-26_13-20.WAV,2021 Kern 2,2021,4,26,13,20,sp32,Simple Call,46.20266724,47.04000092,2906,6188,24000,present,https://rfcx-streams-production.s3.eu-west-1.amazonaws.com/2021/04/26/pem8hxalyx7i/6e220b87-8800-4c90-a115-4bab4e8d8b94.flac?X-Amz-Algorithm=AWS4-HMAC-SHA256&X-Amz-Content-Sha256=UNSIGNED-PAYLOAD&X-Amz-Credential=AKIA45B7YWBX5HAZMGOU%2F20260223%2Feu-west-1%2Fs3%2Faws4_request&X-Amz-Date=20260223T001200Z&X-Amz-Expires=604800&X-Amz-Signature=2d28e67bfab8b9b20878609a2d1001d3283799ecd20cc419ba76489dbe49a3c2&X-Amz-SignedHeaders=host&response-content-disposition=attachment%3B%20filename%3D6e220b87-8800-4c90-a115-4bab4e8d8b94.flac&x-id=GetObject,0.204271942,24544
K2am-2021-04-26_15-20.WAV,2021 Kern 2,2021,4,26,15,20,sp32,Simple Call,11.48799992,12.3253336,2906,6188,24000,present,https://rfcx-streams-production.s3.eu-west-1.amazonaws.com/2021/04/26/pem8hxalyx7i/2e56df8b-dccd-44ae-b22d-25578a2d87e9.flac?X-Amz-Algorithm=AWS4-HMAC-SHA256&X-Amz-Content-Sha256=UNSIGNED-PAYLOAD&X-Amz-Credential=AKIA45B7YWBX5HAZMGOU%2F20260223%2Feu-west-1%2Fs3%2Faws4_request&X-Amz-Date=20260223T001158Z&X-Amz-Expires=604800&X-Amz-Signature=2b3818da77497e66cdd470417a415603a8069146d014809af469a9ccf791c9c0&X-Amz-SignedHeaders=host&response-content-disposition=attachment%3B%20filename%3D2e56df8b-dccd-44ae-b22d-25578a2d87e9.flac&x-id=GetObject,0.225417867,24544
K2am-2021-04-26_15-40.WAV,2021 Kern 2,2021,4,26,15,40,sp32,Simple Call,1.882666707,2.720000029,2906,6188,24000,present,https://rfcx-streams-production.s3.eu-west-1.amazonaws.com/2021/04/26/pem8hxalyx7i/15ad12c1-3712-4ccd-90eb-e04bc8e734f0.flac?X-Amz-Algorithm=AWS4-HMAC-SHA256&X-Amz-Content-Sha256=UNSIGNED-PAYLOAD&X-Amz-Credential=AKIA45B7YWBX5HAZMGOU%2F20260223%2Feu-west-1%2Fs3%2Faws4_request&X-Amz-Date=20260223T001158Z&X-Amz-Expires=604800&X-Amz-Signature=67b28657abf5559e994bcb54e96412f0a356c09fc1f304be38a175952e7d9acb&X-Amz-SignedHeaders=host&response-content-disposition=attachment%3B%20filename%3D15ad12c1-3712-4ccd-90eb-e04bc8e734f0.flac&x-id=GetObject,0.252905875,24544
K2am-2021-04-26_16-00.WAV,2021 Kern 2,2021,4,26,16,0,sp32,Simple Call,19.05599976,19.89333344,2906,6188,24000,present,https://rfcx-streams-production.s3.eu-west-1.amazonaws.com/2021/04/26/pem8hxalyx7i/fa466218-d741-4f8c-aad7-2957e699af78.flac?X-Amz-Algorithm=AWS4-HMAC-SHA256&X-Amz-Content-Sha256=UNSIGNED-PAYLOAD&X-Amz-Credential=AKIA45B7YWBX5HAZMGOU%2F20260223%2Feu-west-1%2Fs3%2Faws4_request&X-Amz-Date=20260223T001200Z&X-Amz-Expires=604800&X-Amz-Signature=6df7464c3e10a5d0660830d9a82f9aa440141dd1f6a6f5a0aca2fd5b4ba464c1&X-Amz-SignedHeaders=host&response-content-disposition=attachment%3B%20filename%3Dfa466218-d741-4f8c-aad7-2957e699af78.flac&x-id=GetObject,0.223652825,24544
K2am-2021-04-26_16-20.WAV,2021 Kern 2,2021,4,26,16,20,sp32,Simple Call,44.67733383,45.51466751,2906,6188,24000,present,https://rfcx-streams-production.s3.eu-west-1.amazonaws.com/2021/04/26/pem8hxalyx7i/247a423d-28c3-4422-ade2-c603732d9a6c.flac?X-Amz-Algorithm=AWS4-HMAC-SHA256&X-Amz-Content-Sha256=UNSIGNED-PAYLOAD&X-Amz-Credential=AKIA45B7YWBX5HAZMGOU%2F20260223%2Feu-west-1%2Fs3%2Faws4_request&X-Amz-Date=20260223T001158Z&X-Amz-Expires=604800&X-Amz-Signature=5e3acc4281da7d0d7efa7469b556c4a5199f50ae0e67f9d5194881c9a724fbec&X-Amz-SignedHeaders=host&response-content-disposition=attachment%3B%20filename%3D247a423d-28c3-4422-ade2-c603732d9a6c.flac&x-id=GetObject,0.238527298,24544
K2am-2021-04-26_16-40.WAV,2021 Kern 2,2021,4,26,16,40,sp32,Simple Call,10.71466637,11.55200005,2906,6188,24000,present,https://rfcx-streams-production.s3.eu-west-1.amazonaws.com/2021/04/26/pem8hxalyx7i/5327f800-9472-4162-8ac3-573efa281d89.flac?X-Amz-Algorithm=AWS4-HMAC-SHA256&X-Amz-Content-Sha256=UNSIGNED-PAYLOAD&X-Amz-Credential=AKIA45B7YWBX5HAZMGOU%2F20260223%2Feu-west-1%2Fs3%2Faws4_request&X-Amz-Date=20260223T001158Z&X-Amz-Expires=604800&X-Amz-Signature=32c109ed7cd96bf10fecc0f98b43e6b467069584306c05327bbbc7d3611fbd3d&X-Amz-SignedHeaders=host&response-content-disposition=attachment%3B%20filename%3D5327f800-9472-4162-8ac3-573efa281d89.flac&x-id=GetObject,0.315829188,24544
K2am-2021-04-26_17-00.WAV,2021 Kern 2,2021,4,26,17,0,sp32,Simple Call,44.15999985,44.99733353,2906,6188,24000,present,https://rfcx-streams-production.s3.eu-west-1.amazonaws.com/2021/04/27/pem8hxalyx7i/8f742c4e-1b8c-43f6-89fc-cd86b18bedb6.flac?X-Amz-Algorithm=AWS4-HMAC-SHA256&X-Amz-Content-Sha256=UNSIGNED-PAYLOAD&X-Amz-Credential=AKIA45B7YWBX5HAZMGOU%2F20260223%2Feu-west-1%2Fs3%2Faws4_request&X-Amz-Date=20260223T001158Z&X-Amz-Expires=604800&X-Amz-Signature=60357a0f842e5ebe5a5c4bfb2970ceb98967b03af574902acd4677fd48643f27&X-Amz-SignedHeaders=host&response-content-disposition=attachment%3B%20filename%3D8f742c4e-1b8c-43f6-89fc-cd86b18bedb6.flac&x-id=GetObject,0.220639125,24544
K2am-2021-04-26_17-20.WAV,2021 Kern 2,2021,4,26,17,20,sp32,Simple Call,55.94666672,56.7840004,2906,6188,24000,present,https://rfcx-streams-production.s3.eu-west-1.amazonaws.com/2021/04/27/pem8hxalyx7i/d1e85153-0d4d-4358-9aa0-343ea1eba782.flac?X-Amz-Algorithm=AWS4-HMAC-SHA256&X-Amz-Content-Sha256=UNSIGNED-PAYLOAD&X-Amz-Credential=AKIA45B7YWBX5HAZMGOU%2F20260223%2Feu-west-1%2Fs3%2Faws4_request&X-Amz-Date=20260223T001158Z&X-Amz-Expires=604800&X-Amz-Signature=512fe2b60d23a4a7fedd1476337b16ec1ab68a2d23bb1de1ea36050b9622da09&X-Amz-SignedHeaders=host&response-content-disposition=attachment%3B%20filename%3Dd1e85153-0d4d-4358-9aa0-343ea1eba782.flac&x-id=GetObject,0.312754154,24544
K2am-2021-04-26_17-40.WAV,2021 Kern 2,2021,4,26,17,40,sp32,Simple Call,55.55199814,56.38933182,2906,6188,24000,present,https://rfcx-streams-production.s3.eu-west-1.amazonaws.com/2021/04/27/pem8hxalyx7i/014b9d92-193f-4fac-9c7f-3124fa7ddd77.flac?X-Amz-Algorithm=AWS4-HMAC-SHA256&X-Amz-Content-Sha256=UNSIGNED-PAYLOAD&X-Amz-Credential=AKIA45B7YWBX5HAZMGOU%2F20260223%2Feu-west-1%2Fs3%2Faws4_request&X-Amz-Date=20260223T001200Z&X-Amz-Expires=604800&X-Amz-Signature=d744653fb0292831aac61048f4dc141dfa257665d34f1ff10b3ab91c2704dd45&X-Amz-SignedHeaders=host&response-content-disposition=attachment%3B%20filename%3D014b9d92-193f-4fac-9c7f-3124fa7ddd77.flac&x-id=GetObject,0.338162184,24544
K2am-2021-04-27_10-20.WAV,2021 Kern 2,2021,4,27,10,20,sp32,Simple Call,6.527999878,7.365333557,2906,6188,24000,present,https://rfcx-streams-production.s3.eu-west-1.amazonaws.com/2021/04/27/pem8hxalyx7i/ab312456-f0e0-4ebc-9d63-9d2344fc43f3.flac?X-Amz-Algorithm=AWS4-HMAC-SHA256&X-Amz-Content-Sha256=UNSIGNED-PAYLOAD&X-Amz-Credential=AKIA45B7YWBX5HAZMGOU%2F20260223%2Feu-west-1%2Fs3%2Faws4_request&X-Amz-Date=20260223T001200Z&X-Amz-Expires=604800&X-Amz-Signature=89735baa3bace0dc6a2953d24004a8ab4c478154e5438ac1d6f541095d52a5ef&X-Amz-SignedHeaders=host&response-content-disposition=attachment%3B%20filename%3Dab312456-f0e0-4ebc-9d63-9d2344fc43f3.flac&x-id=GetObject,0.222917616,24544
K2am-2021-04-27_11-20.WAV,2021 Kern 2,2021,4,27,11,20,sp32,Simple Call,32.36800003,33.20533371,2906,6188,24000,present,https://rfcx-streams-production.s3.eu-west-1.amazonaws.com/2021/04/27/pem8hxalyx7i/f3b1d64f-a344-48fb-8ce9-3647ad265b20.flac?X-Amz-Algorithm=AWS4-HMAC-SHA256&X-Amz-Content-Sha256=UNSIGNED-PAYLOAD&X-Amz-Credential=AKIA45B7YWBX5HAZMGOU%2F20260223%2Feu-west-1%2Fs3%2Faws4_request&X-Amz-Date=20260223T001158Z&X-Amz-Expires=604800&X-Amz-Signature=cfaf3d0df115f568e76c2de12a54efebab707b41fc978c3771c8a93bdd577854&X-Amz-SignedHeaders=host&response-content-disposition=attachment%3B%20filename%3Df3b1d64f-a344-48fb-8ce9-3647ad265b20.flac&x-id=GetObject,0.233954012,24544
K2am-2021-04-27_11-40.WAV,2021 Kern 2,2021,4,27,11,40,sp32,Simple Call,56.72533417,57.56266785,2906,6188,24000,present,https://rfcx-streams-production.s3.eu-west-1.amazonaws.com/2021/04/27/pem8hxalyx7i/73db16a5-1fd7-417b-b73b-7121ae2502ca.flac?X-Amz-Algorithm=AWS4-HMAC-SHA256&X-Amz-Content-Sha256=UNSIGNED-PAYLOAD&X-Amz-Credential=AKIA45B7YWBX5HAZMGOU%2F20260223%2Feu-west-1%2Fs3%2Faws4_request&X-Amz-Date=20260223T001200Z&X-Amz-Expires=604800&X-Amz-Signature=e851156ebab4894fa11583f6b492f22f85ae1893dcea0b934233970d6ca8b6dd&X-Amz-SignedHeaders=host&response-content-disposition=attachment%3B%20filename%3D73db16a5-1fd7-417b-b73b-7121ae2502ca.flac&x-id=GetObject,0.304510772,24544
K2am-2021-04-27_12-00.WAV,2021 Kern 2,2021,4,27,12,0,sp32,Simple Call,30.7733326,31.61066628,2906,6188,24000,present,https://rfcx-streams-production.s3.eu-west-1.amazonaws.com/2021/04/27/pem8hxalyx7i/dbade6ae-d304-4569-a140-815dc0ab067b.flac?X-Amz-Algorithm=AWS4-HMAC-SHA256&X-Amz-Content-Sha256=UNSIGNED-PAYLOAD&X-Amz-Credential=AKIA45B7YWBX5HAZMGOU%2F20260223%2Feu-west-1%2Fs3%2Faws4_request&X-Amz-Date=20260223T001200Z&X-Amz-Expires=604800&X-Amz-Signature=d22e9d412bef17afb0000761c6bfa2e3f58d7a3c395a38d6ed6c25e713857cd5&X-Amz-SignedHeaders=host&response-content-disposition=attachment%3B%20filename%3Ddbade6ae-d304-4569-a140-815dc0ab067b.flac&x-id=GetObject,0.247497901,24544
K2am-2021-04-27_13-00.WAV,2021 Kern 2,2021,4,27,13,0,sp32,Simple Call,27.86666679,28.70400047,2906,6188,24000,present,https://rfcx-streams-production.s3.eu-west-1.amazonaws.com/2021/04/27/pem8hxalyx7i/ef2a8bf5-4888-4ba5-9bac-57b7bb62519b.flac?X-Amz-Algorithm=AWS4-HMAC-SHA256&X-Amz-Content-Sha256=UNSIGNED-PAYLOAD&X-Amz-Credential=AKIA45B7YWBX5HAZMGOU%2F20260223%2Feu-west-1%2Fs3%2Faws4_request&X-Amz-Date=20260223T001200Z&X-Amz-Expires=604800&X-Amz-Signature=5806955792ea79c3b5d021a31be6aee198913c52a7b59f4304a5d93df7839835&X-Amz-SignedHeaders=host&response-content-disposition=attachment%3B%20filename%3Def2a8bf5-4888-4ba5-9bac-57b7bb62519b.flac&x-id=GetObject,0.23821865,24544
K2am-2021-04-27_13-40.WAV,2021 Kern 2,2021,4,27,13,40,sp32,Simple Call,54.89066696,55.72800064,2906,6188,24000,present,https://rfcx-streams-production.s3.eu-west-1.amazonaws.com/2021/04/27/pem8hxalyx7i/f4f9cb88-f333-495b-9c42-a900b828e27c.flac?X-Amz-Algorithm=AWS4-HMAC-SHA256&X-Amz-Content-Sha256=UNSIGNED-PAYLOAD&X-Amz-Credential=AKIA45B7YWBX5HAZMGOU%2F20260223%2Feu-west-1%2Fs3%2Faws4_request&X-Amz-Date=20260223T001158Z&X-Amz-Expires=604800&X-Amz-Signature=b0442afbfe2a20ee95720dd2bdeb7deeebaed84e5d1f604508014747b57e71fe&X-Amz-SignedHeaders=host&response-content-disposition=attachment%3B%20filename%3Df4f9cb88-f333-495b-9c42-a900b828e27c.flac&x-id=GetObject,0.290569812,24544
K2am-2021-04-27_14-00.WAV,2021 Kern 2,2021,4,27,14,0,sp32,Simple Call,0.527999997,1.365333319,2906,6188,24000,present,https://rfcx-streams-production.s3.eu-west-1.amazonaws.com/2021/04/27/pem8hxalyx7i/714342fc-4b7d-4297-9943-3fcefd788159.flac?X-Amz-Algorithm=AWS4-HMAC-SHA256&X-Amz-Content-Sha256=UNSIGNED-PAYLOAD&X-Amz-Credential=AKIA45B7YWBX5HAZMGOU%2F20260223%2Feu-west-1%2Fs3%2Faws4_request&X-Amz-Date=20260223T001200Z&X-Amz-Expires=604800&X-Amz-Signature=71cc395ca7a441ebb6133c4b7caa6249e008f8b0b54d556b3de5db0a9f820e70&X-Amz-SignedHeaders=host&response-content-disposition=attachment%3B%20filename%3D714342fc-4b7d-4297-9943-3fcefd788159.flac&x-id=GetObject,0.266865313,24544
K2am-2021-04-27_14-20.WAV,2021 Kern 2,2021,4,27,14,20,sp32,Simple Call,58.91199875,59.74933243,2906,6188,24000,present,https://rfcx-streams-production.s3.eu-west-1.amazonaws.com/2021/04/27/pem8hxalyx7i/b970dae2-ed67-4b08-a3a8-229e84ba174b.flac?X-Amz-Algorithm=AWS4-HMAC-SHA256&X-Amz-Content-Sha256=UNSIGNED-PAYLOAD&X-Amz-Credential=AKIA45B7YWBX5HAZMGOU%2F20260223%2Feu-west-1%2Fs3%2Faws4_request&X-Amz-Date=20260223T001200Z&X-Amz-Expires=604800&X-Amz-Signature=3b5af76864e7302693011df37751c435b41976040386cedb86e09d02da9d59f9&X-Amz-SignedHeaders=host&response-content-disposition=attachment%3B%20filename%3Db970dae2-ed67-4b08-a3a8-229e84ba174b.flac&x-id=GetObject,0.274895757,24544
K2am-2021-04-27_14-40.WAV,2021 Kern 2,2021,4,27,14,40,sp32,Simple Call,47.49333191,48.33066559,2906,6188,24000,present,https://rfcx-streams-production.s3.eu-west-1.amazonaws.com/2021/04/27/pem8hxalyx7i/bc325ddd-6b8e-48f2-b23b-451eb94f808f.flac?X-Amz-Algorithm=AWS4-HMAC-SHA256&X-Amz-Content-Sha256=UNSIGNED-PAYLOAD&X-Amz-Credential=AKIA45B7YWBX5HAZMGOU%2F20260223%2Feu-west-1%2Fs3%2Faws4_request&X-Amz-Date=20260223T001200Z&X-Amz-Expires=604800&X-Amz-Signature=968d680d63d26195194e5100bbe17688f44d043fb45cce34e158f5f6e598ec02&X-Amz-SignedHeaders=host&response-content-disposition=attachment%3B%20filename%3Dbc325ddd-6b8e-48f2-b23b-451eb94f808f.flac&x-id=GetObject,0.274383575,24544
K2am-2021-04-27_15-20.WAV,2021 Kern 2,2021,4,27,15,20,sp32,Simple Call,4.71999979,5.557333469,2906,6188,24000,present,https://rfcx-streams-production.s3.eu-west-1.amazonaws.com/2021/04/27/pem8hxalyx7i/2e8ae626-97f8-4b92-8abb-2ef837b40108.flac?X-Amz-Algorithm=AWS4-HMAC-SHA256&X-Amz-Content-Sha256=UNSIGNED-PAYLOAD&X-Amz-Credential=AKIA45B7YWBX5HAZMGOU%2F20260223%2Feu-west-1%2Fs3%2Faws4_request&X-Amz-Date=20260223T001158Z&X-Amz-Expires=604800&X-Amz-Signature=ab83c245d048884ed200c481f8bf7a10eef5e5a2b7b07e6e2f7e64c47a656202&X-Amz-SignedHeaders=host&response-content-disposition=attachment%3B%20filename%3D2e8ae626-97f8-4b92-8abb-2ef837b40108.flac&x-id=GetObject,0.203865916,24544
K2am-2021-04-27_15-40.WAV,2021 Kern 2,2021,4,27,15,40,sp32,Simple Call,11.05599976,11.89333344,2906,6188,24000,present,https://rfcx-streams-production.s3.eu-west-1.amazonaws.com/2021/04/27/pem8hxalyx7i/83d7d3b7-f377-4b1c-a192-acf2a8bfef11.flac?X-Amz-Algorithm=AWS4-HMAC-SHA256&X-Amz-Content-Sha256=UNSIGNED-PAYLOAD&X-Amz-Credential=AKIA45B7YWBX5HAZMGOU%2F20260223%2Feu-west-1%2Fs3%2Faws4_request&X-Amz-Date=20260223T001158Z&X-Amz-Expires=604800&X-Amz-Signature=0285f6f277902f20b6b24225a60ced3866c7a7455d34309c03404d78048cc379&X-Amz-SignedHeaders=host&response-content-disposition=attachment%3B%20filename%3D83d7d3b7-f377-4b1c-a192-acf2a8bfef11.flac&x-id=GetObject,0.293180794,24544
K2am-2021-04-27_16-00.WAV,2021 Kern 2,2021,4,27,16,0,sp32,Simple Call,57.77066803,58.60800171,2906,6188,24000,present,https://rfcx-streams-production.s3.eu-west-1.amazonaws.com/2021/04/27/pem8hxalyx7i/04821e19-4c9a-4555-b78c-d16eed1e1bab.flac?X-Amz-Algorithm=AWS4-HMAC-SHA256&X-Amz-Content-Sha256=UNSIGNED-PAYLOAD&X-Amz-Credential=AKIA45B7YWBX5HAZMGOU%2F20260223%2Feu-west-1%2Fs3%2Faws4_request&X-Amz-Date=20260223T001158Z&X-Amz-Expires=604800&X-Amz-Signature=452fe2c518651a94bb55fa86ab99456413a83ec3452dc7a33fbd24b736897464&X-Amz-SignedHeaders=host&response-content-disposition=attachment%3B%20filename%3D04821e19-4c9a-4555-b78c-d16eed1e1bab.flac&x-id=GetObject,0.226574972,24544
K2am-2021-04-27_16-20.WAV,2021 Kern 2,2021,4,27,16,20,sp32,Simple Call,23.01333427,23.85066605,2906,6188,24000,present,https://rfcx-streams-production.s3.eu-west-1.amazonaws.com/2021/04/27/pem8hxalyx7i/53bc662a-270e-499e-98a9-58639a4c66f3.flac?X-Amz-Algorithm=AWS4-HMAC-SHA256&X-Amz-Content-Sha256=UNSIGNED-PAYLOAD&X-Amz-Credential=AKIA45B7YWBX5HAZMGOU%2F20260223%2Feu-west-1%2Fs3%2Faws4_request&X-Amz-Date=20260223T001158Z&X-Amz-Expires=604800&X-Amz-Signature=53fdf51596a6a8aeb522018761c5264e29893a9624e402b1ea660ff1a1185afa&X-Amz-SignedHeaders=host&response-content-disposition=attachment%3B%20filename%3D53bc662a-270e-499e-98a9-58639a4c66f3.flac&x-id=GetObject,0.304923356,24544
K2am-2021-04-27_16-40.WAV,2021 Kern 2,2021,4,27,16,40,sp32,Simple Call,0.250666678,1.088000059,2906,6188,24000,present,https://rfcx-streams-production.s3.eu-west-1.amazonaws.com/2021/04/27/pem8hxalyx7i/47b8c320-8255-49c4-811e-6070193d0bd4.flac?X-Amz-Algorithm=AWS4-HMAC-SHA256&X-Amz-Content-Sha256=UNSIGNED-PAYLOAD&X-Amz-Credential=AKIA45B7YWBX5HAZMGOU%2F20260223%2Feu-west-1%2Fs3%2Faws4_request&X-Amz-Date=20260223T001158Z&X-Amz-Expires=604800&X-Amz-Signature=caad0450f59b541e4480d011d5c82d89088f8212e42e4c4e82ee216a53af68e1&X-Amz-SignedHeaders=host&response-content-disposition=attachment%3B%20filename%3D47b8c320-8255-49c4-811e-6070193d0bd4.flac&x-id=GetObject,0.29589206,24544
K2am-2021-04-27_17-40.WAV,2021 Kern 2,2021,4,27,17,40,sp32,Simple Call,10.17066669,11.00800037,2906,6188,24000,present,https://rfcx-streams-production.s3.eu-west-1.amazonaws.com/2021/04/28/pem8hxalyx7i/49787595-a9d5-4960-87c8-5e1239ae1798.flac?X-Amz-Algorithm=AWS4-HMAC-SHA256&X-Amz-Content-Sha256=UNSIGNED-PAYLOAD&X-Amz-Credential=AKIA45B7YWBX5HAZMGOU%2F20260223%2Feu-west-1%2Fs3%2Faws4_request&X-Amz-Date=20260223T001158Z&X-Amz-Expires=604800&X-Amz-Signature=95c9df8f25b640578f5bcab8a4b29586a122872e74f727a3b7836a3389a86b9b&X-Amz-SignedHeaders=host&response-content-disposition=attachment%3B%20filename%3D49787595-a9d5-4960-87c8-5e1239ae1798.flac&x-id=GetObject,0.252262563,24544
K2am-2021-04-27_18-00.WAV,2021 Kern 2,2021,4,27,18,0,sp32,Simple Call,4.533333302,5.370666504,2906,6188,24000,present,https://rfcx-streams-production.s3.eu-west-1.amazonaws.com/2021/04/28/pem8hxalyx7i/510a22ce-4d96-441c-a61d-355815393c0c.flac?X-Amz-Algorithm=AWS4-HMAC-SHA256&X-Amz-Content-Sha256=UNSIGNED-PAYLOAD&X-Amz-Credential=AKIA45B7YWBX5HAZMGOU%2F20260223%2Feu-west-1%2Fs3%2Faws4_request&X-Amz-Date=20260223T001158Z&X-Amz-Expires=604800&X-Amz-Signature=2321664a53eeb88b1684bad91d78183fccc752a49e3f086a861f114ab5632f13&X-Amz-SignedHeaders=host&response-content-disposition=attachment%3B%20filename%3D510a22ce-4d96-441c-a61d-355815393c0c.flac&x-id=GetObject,0.329207301,24544
K2am-2021-04-27_18-20.WAV,2021 Kern 2,2021,4,27,18,20,sp32,Simple Call,37.58399963,38.42133331,2906,6188,24000,present,https://rfcx-streams-production.s3.eu-west-1.amazonaws.com/2021/04/28/pem8hxalyx7i/0144ba1f-c35e-4695-875c-452099354e66.flac?X-Amz-Algorithm=AWS4-HMAC-SHA256&X-Amz-Content-Sha256=UNSIGNED-PAYLOAD&X-Amz-Credential=AKIA45B7YWBX5HAZMGOU%2F20260223%2Feu-west-1%2Fs3%2Faws4_request&X-Amz-Date=20260223T001158Z&X-Amz-Expires=604800&X-Amz-Signature=1002c805789eb85a1489c2b7fd62505188e51703a0ab47991d9df308350bf11f&X-Amz-SignedHeaders=host&response-content-disposition=attachment%3B%20filename%3D0144ba1f-c35e-4695-875c-452099354e66.flac&x-id=GetObject,0.278414905,24544
K2am-2021-04-27_19-00.WAV,2021 Kern 2,2021,4,27,19,0,sp32,Simple Call,56.41600037,57.25333405,2906,6188,24000,present,https://rfcx-streams-production.s3.eu-west-1.amazonaws.com/2021/04/28/pem8hxalyx7i/83e5018e-be7f-4c48-b1e6-dda399bb053e.flac?X-Amz-Algorithm=AWS4-HMAC-SHA256&X-Amz-Content-Sha256=UNSIGNED-PAYLOAD&X-Amz-Credential=AKIA45B7YWBX5HAZMGOU%2F20260223%2Feu-west-1%2Fs3%2Faws4_request&X-Amz-Date=20260223T001200Z&X-Amz-Expires=604800&X-Amz-Signature=f7e48a08f7baf40cc34c28d687dadcf99f467946313cfec901b2a53eed3455c0&X-Amz-SignedHeaders=host&response-content-disposition=attachment%3B%20filename%3D83e5018e-be7f-4c48-b1e6-dda399bb053e.flac&x-id=GetObject,0.203829572,24544
K2am-2021-04-27_19-40.WAV,2021 Kern 2,2021,4,27,19,40,sp32,Simple Call,14.36266708,15.19999981,2906,6188,24000,present,https://rfcx-streams-production.s3.eu-west-1.amazonaws.com/2021/04/28/pem8hxalyx7i/2968f35b-46f0-47f7-86ae-f5c8151b6d9b.flac?X-Amz-Algorithm=AWS4-HMAC-SHA256&X-Amz-Content-Sha256=UNSIGNED-PAYLOAD&X-Amz-Credential=AKIA45B7YWBX5HAZMGOU%2F20260223%2Feu-west-1%2Fs3%2Faws4_request&X-Amz-Date=20260223T001200Z&X-Amz-Expires=604800&X-Amz-Signature=7681150709c2d9a8c2af331ce97d4cf7fde259d32e326d0e78e9fb0bf353229a&X-Amz-SignedHeaders=host&response-content-disposition=attachment%3B%20filename%3D2968f35b-46f0-47f7-86ae-f5c8151b6d9b.flac&x-id=GetObject,0.206504241,24544
K2am-2021-04-27_20-00.WAV,2021 Kern 2,2021,4,27,20,0,sp32,Simple Call,16.96533394,17.80266762,2906,6188,24000,present,https://rfcx-streams-production.s3.eu-west-1.amazonaws.com/2021/04/28/pem8hxalyx7i/b3dfb990-2f81-47b5-8339-d9c8feeed135.flac?X-Amz-Algorithm=AWS4-HMAC-SHA256&X-Amz-Content-Sha256=UNSIGNED-PAYLOAD&X-Amz-Credential=AKIA45B7YWBX5HAZMGOU%2F20260223%2Feu-west-1%2Fs3%2Faws4_request&X-Amz-Date=20260223T001200Z&X-Amz-Expires=604800&X-Amz-Signature=f7f26582128ca44dad416226dc6d0fc6557458da9d777f0875145589fe75d249&X-Amz-SignedHeaders=host&response-content-disposition=attachment%3B%20filename%3Db3dfb990-2f81-47b5-8339-d9c8feeed135.flac&x-id=GetObject,0.207015291,24544
K2am-2021-04-28_08-20.WAV,2021 Kern 2,2021,4,28,8,20,sp32,Simple Call,30.3306675,31.16799927,2906,6188,24000,present,https://rfcx-streams-production.s3.eu-west-1.amazonaws.com/2021/04/28/pem8hxalyx7i/58eef3a0-d061-4fa7-8381-b564ab535f8d.flac?X-Amz-Algorithm=AWS4-HMAC-SHA256&X-Amz-Content-Sha256=UNSIGNED-PAYLOAD&X-Amz-Credential=AKIA45B7YWBX5HAZMGOU%2F20260223%2Feu-west-1%2Fs3%2Faws4_request&X-Amz-Date=20260223T001158Z&X-Amz-Expires=604800&X-Amz-Signature=e8b0d295ed1c13de38325c527815120956df93a5c9e4317c57bf160ea8283fb0&X-Amz-SignedHeaders=host&response-content-disposition=attachment%3B%20filename%3D58eef3a0-d061-4fa7-8381-b564ab535f8d.flac&x-id=GetObject,0.231781632,24544
K2am-2021-04-28_08-40.WAV,2021 Kern 2,2021,4,28,8,40,sp32,Simple Call,40.04800034,40.88533401,2906,6188,24000,present,https://rfcx-streams-production.s3.eu-west-1.amazonaws.com/2021/04/28/pem8hxalyx7i/853ebf0f-1ab6-4df3-943e-fc811bb2ab06.flac?X-Amz-Algorithm=AWS4-HMAC-SHA256&X-Amz-Content-Sha256=UNSIGNED-PAYLOAD&X-Amz-Credential=AKIA45B7YWBX5HAZMGOU%2F20260223%2Feu-west-1%2Fs3%2Faws4_request&X-Amz-Date=20260223T001158Z&X-Amz-Expires=604800&X-Amz-Signature=9b04df1743d16df8f68d8bd64d3ad0148bb71fe8dfe8db7f2ce821907b038fd7&X-Amz-SignedHeaders=host&response-content-disposition=attachment%3B%20filename%3D853ebf0f-1ab6-4df3-943e-fc811bb2ab06.flac&x-id=GetObject,0.252691984,24544
K2am-2021-04-28_09-00.WAV,2021 Kern 2,2021,4,28,9,0,sp32,Simple Call,6.933333397,7.770666599,2906,6188,24000,present,https://rfcx-streams-production.s3.eu-west-1.amazonaws.com/2021/04/28/pem8hxalyx7i/511d52dd-d09f-49e3-a281-4763c8411f93.flac?X-Amz-Algorithm=AWS4-HMAC-SHA256&X-Amz-Content-Sha256=UNSIGNED-PAYLOAD&X-Amz-Credential=AKIA45B7YWBX5HAZMGOU%2F20260223%2Feu-west-1%2Fs3%2Faws4_request&X-Amz-Date=20260223T001158Z&X-Amz-Expires=604800&X-Amz-Signature=bdb54f32fa2e95b4f6896946270b4afbc7c1c2873051338bb5faceab9bf9e265&X-Amz-SignedHeaders=host&response-content-disposition=attachment%3B%20filename%3D511d52dd-d09f-49e3-a281-4763c8411f93.flac&x-id=GetObject,0.207510442,24544
K2am-2021-04-28_09-20.WAV,2021 Kern 2,2021,4,28,9,20,sp32,Simple Call,15.18400002,16.02133369,2906,6188,24000,present,https://rfcx-streams-production.s3.eu-west-1.amazonaws.com/2021/04/28/pem8hxalyx7i/4533c1da-120c-40b0-aabb-99ccbd33123f.flac?X-Amz-Algorithm=AWS4-HMAC-SHA256&X-Amz-Content-Sha256=UNSIGNED-PAYLOAD&X-Amz-Credential=AKIA45B7YWBX5HAZMGOU%2F20260223%2Feu-west-1%2Fs3%2Faws4_request&X-Amz-Date=20260223T001200Z&X-Amz-Expires=604800&X-Amz-Signature=eb97ba1dc7804aaa221d6b882c50f03e75ac3e0fa353d5755783de3052a699ca&X-Amz-SignedHeaders=host&response-content-disposition=attachment%3B%20filename%3D4533c1da-120c-40b0-aabb-99ccbd33123f.flac&x-id=GetObject,0.229808226,24544
K2am-2021-04-28_09-40.WAV,2021 Kern 2,2021,4,28,9,40,sp32,Simple Call,19.36000061,20.19733238,2906,6188,24000,present,https://rfcx-streams-production.s3.eu-west-1.amazonaws.com/2021/04/28/pem8hxalyx7i/077043b7-6a67-4b37-9beb-8949aff34591.flac?X-Amz-Algorithm=AWS4-HMAC-SHA256&X-Amz-Content-Sha256=UNSIGNED-PAYLOAD&X-Amz-Credential=AKIA45B7YWBX5HAZMGOU%2F20260223%2Feu-west-1%2Fs3%2Faws4_request&X-Amz-Date=20260223T001200Z&X-Amz-Expires=604800&X-Amz-Signature=3467c47f7ae1ca9070dc037a441ef633e29091728c232a9388a17c551cfb096f&X-Amz-SignedHeaders=host&response-content-disposition=attachment%3B%20filename%3D077043b7-6a67-4b37-9beb-8949aff34591.flac&x-id=GetObject,0.27375713,24544
K2am-2021-04-28_10-20.WAV,2021 Kern 2,2021,4,28,10,20,sp32,Simple Call,22.78933334,23.62666702,2906,6188,24000,present,https://rfcx-streams-production.s3.eu-west-1.amazonaws.com/2021/04/28/pem8hxalyx7i/53328791-d213-4431-b5b2-6c6e58a6786e.flac?X-Amz-Algorithm=AWS4-HMAC-SHA256&X-Amz-Content-Sha256=UNSIGNED-PAYLOAD&X-Amz-Credential=AKIA45B7YWBX5HAZMGOU%2F20260223%2Feu-west-1%2Fs3%2Faws4_request&X-Amz-Date=20260223T001200Z&X-Amz-Expires=604800&X-Amz-Signature=5ddafd1258ea6fe491ddbd4af9063202bf1e33b1cccafea0fa7be518e7f49022&X-Amz-SignedHeaders=host&response-content-disposition=attachment%3B%20filename%3D53328791-d213-4431-b5b2-6c6e58a6786e.flac&x-id=GetObject,0.263890386,24544
K2am-2021-04-28_10-40.WAV,2021 Kern 2,2021,4,28,10,40,sp32,Simple Call,55.18399811,56.02133179,2906,6188,24000,present,https://rfcx-streams-production.s3.eu-west-1.amazonaws.com/2021/04/28/pem8hxalyx7i/fb38e2a6-40b0-4acd-982d-ac8d1fb3fe68.flac?X-Amz-Algorithm=AWS4-HMAC-SHA256&X-Amz-Content-Sha256=UNSIGNED-PAYLOAD&X-Amz-Credential=AKIA45B7YWBX5HAZMGOU%2F20260223%2Feu-west-1%2Fs3%2Faws4_request&X-Amz-Date=20260223T001158Z&X-Amz-Expires=604800&X-Amz-Signature=af12954cfbb117783d0ad5efc7065e30182834a2abbca686b44bbdce9dd39f6b&X-Amz-SignedHeaders=host&response-content-disposition=attachment%3B%20filename%3Dfb38e2a6-40b0-4acd-982d-ac8d1fb3fe68.flac&x-id=GetObject,0.284632057,24544
K2am-2021-04-28_11-00.WAV,2021 Kern 2,2021,4,28,11,0,sp32,Simple Call,41.03466797,41.87200165,2906,6188,24000,present,https://rfcx-streams-production.s3.eu-west-1.amazonaws.com/2021/04/28/pem8hxalyx7i/b5bad78c-fb94-4833-8dd5-695175d5e260.flac?X-Amz-Algorithm=AWS4-HMAC-SHA256&X-Amz-Content-Sha256=UNSIGNED-PAYLOAD&X-Amz-Credential=AKIA45B7YWBX5HAZMGOU%2F20260223%2Feu-west-1%2Fs3%2Faws4_request&X-Amz-Date=20260223T001200Z&X-Amz-Expires=604800&X-Amz-Signature=9e66bf44b7c0c430b5743f6e67c3576ed6eb4d3a20c6dade6a3173db8063b41d&X-Amz-SignedHeaders=host&response-content-disposition=attachment%3B%20filename%3Db5bad78c-fb94-4833-8dd5-695175d5e260.flac&x-id=GetObject,0.292739898,24544
K2am-2021-04-28_11-20.WAV,2021 Kern 2,2021,4,28,11,20,sp32,Simple Call,33.41333389,34.25066757,2906,6188,24000,present,https://rfcx-streams-production.s3.eu-west-1.amazonaws.com/2021/04/28/pem8hxalyx7i/68b75085-827d-44ce-8aa9-75adf68e26cd.flac?X-Amz-Algorithm=AWS4-HMAC-SHA256&X-Amz-Content-Sha256=UNSIGNED-PAYLOAD&X-Amz-Credential=AKIA45B7YWBX5HAZMGOU%2F20260223%2Feu-west-1%2Fs3%2Faws4_request&X-Amz-Date=20260223T001200Z&X-Amz-Expires=604800&X-Amz-Signature=ddfa98a788b7678b4890caf2f78c3d8569bffc8b4470fcf801b6d77a563cb271&X-Amz-SignedHeaders=host&response-content-disposition=attachment%3B%20filename%3D68b75085-827d-44ce-8aa9-75adf68e26cd.flac&x-id=GetObject,0.331194609,24544
K2am-2021-04-28_12-00.WAV,2021 Kern 2,2021,4,28,12,0,sp32,Simple Call,29.50933266,30.34666634,2906,6188,24000,present,https://rfcx-streams-production.s3.eu-west-1.amazonaws.com/2021/04/28/pem8hxalyx7i/569d5e48-0f2b-42d1-94a4-5ed38b9f47f0.flac?X-Amz-Algorithm=AWS4-HMAC-SHA256&X-Amz-Content-Sha256=UNSIGNED-PAYLOAD&X-Amz-Credential=AKIA45B7YWBX5HAZMGOU%2F20260223%2Feu-west-1%2Fs3%2Faws4_request&X-Amz-Date=20260223T001158Z&X-Amz-Expires=604800&X-Amz-Signature=aa95b427ec024e8f4b70aab87b1a7572beab1f974663c053381df4d57c061908&X-Amz-SignedHeaders=host&response-content-disposition=attachment%3B%20filename%3D569d5e48-0f2b-42d1-94a4-5ed38b9f47f0.flac&x-id=GetObject,0.278318524,24544
K2am-2021-04-28_12-20.WAV,2021 Kern 2,2021,4,28,12,20,sp32,Simple Call,5.205333233,6.042666435,2906,6188,24000,present,https://rfcx-streams-production.s3.eu-west-1.amazonaws.com/2021/04/28/pem8hxalyx7i/59551ea7-4a3a-4056-ba31-a14cd12ba41b.flac?X-Amz-Algorithm=AWS4-HMAC-SHA256&X-Amz-Content-Sha256=UNSIGNED-PAYLOAD&X-Amz-Credential=AKIA45B7YWBX5HAZMGOU%2F20260223%2Feu-west-1%2Fs3%2Faws4_request&X-Amz-Date=20260223T001158Z&X-Amz-Expires=604800&X-Amz-Signature=0520b733fcd557ad8abcdb3eaba137f23a087c3e0dec87a35ff8204eb99914d0&X-Amz-SignedHeaders=host&response-content-disposition=attachment%3B%20filename%3D59551ea7-4a3a-4056-ba31-a14cd12ba41b.flac&x-id=GetObject,0.20302926,24544
K2am-2021-04-28_15-00.WAV,2021 Kern 2,2021,4,28,15,0,sp32,Simple Call,41.30666733,42.14400101,2906,6188,24000,present,https://rfcx-streams-production.s3.eu-west-1.amazonaws.com/2021/04/28/pem8hxalyx7i/ba8d59f6-b5ee-4f91-bec9-fde90d136436.flac?X-Amz-Algorithm=AWS4-HMAC-SHA256&X-Amz-Content-Sha256=UNSIGNED-PAYLOAD&X-Amz-Credential=AKIA45B7YWBX5HAZMGOU%2F20260223%2Feu-west-1%2Fs3%2Faws4_request&X-Amz-Date=20260223T001158Z&X-Amz-Expires=604800&X-Amz-Signature=513e7cb51236e683644883ea0fe8985505af1bd564dec08915da43f8b86d6a8e&X-Amz-SignedHeaders=host&response-content-disposition=attachment%3B%20filename%3Dba8d59f6-b5ee-4f91-bec9-fde90d136436.flac&x-id=GetObject,0.221286342,24544
K2am-2021-04-28_15-40.WAV,2021 Kern 2,2021,4,28,15,40,sp32,Simple Call,30.43199921,31.26933289,2906,6188,24000,present,https://rfcx-streams-production.s3.eu-west-1.amazonaws.com/2021/04/28/pem8hxalyx7i/97bb2925-afa7-4aee-a2b9-95c768eb427e.flac?X-Amz-Algorithm=AWS4-HMAC-SHA256&X-Amz-Content-Sha256=UNSIGNED-PAYLOAD&X-Amz-Credential=AKIA45B7YWBX5HAZMGOU%2F20260223%2Feu-west-1%2Fs3%2Faws4_request&X-Amz-Date=20260223T001200Z&X-Amz-Expires=604800&X-Amz-Signature=cdec837451a7cab6c6cd762a4f374700bc09f7fdf5a6327e92c6d58656cb2ada&X-Amz-SignedHeaders=host&response-content-disposition=attachment%3B%20filename%3D97bb2925-afa7-4aee-a2b9-95c768eb427e.flac&x-id=GetObject,0.24774076,24544
K2am-2021-04-28_16-00.WAV,2021 Kern 2,2021,4,28,16,0,sp32,Simple Call,50.9173317,51.75466537,2906,6188,24000,present,https://rfcx-streams-production.s3.eu-west-1.amazonaws.com/2021/04/28/pem8hxalyx7i/d04a0101-cb70-4495-90c8-d91b24d809ff.flac?X-Amz-Algorithm=AWS4-HMAC-SHA256&X-Amz-Content-Sha256=UNSIGNED-PAYLOAD&X-Amz-Credential=AKIA45B7YWBX5HAZMGOU%2F20260223%2Feu-west-1%2Fs3%2Faws4_request&X-Amz-Date=20260223T001200Z&X-Amz-Expires=604800&X-Amz-Signature=1db9dfd01b28a15d1a8667223ee6fc0754e1fa808b6711f52dbd44ddb59cab28&X-Amz-SignedHeaders=host&response-content-disposition=attachment%3B%20filename%3Dd04a0101-cb70-4495-90c8-d91b24d809ff.flac&x-id=GetObject,0.200035185,24544
K2am-2021-04-28_16-20.WAV,2021 Kern 2,2021,4,28,16,20,sp32,Simple Call,57.18399811,58.02133179,2906,6188,24000,present,https://rfcx-streams-production.s3.eu-west-1.amazonaws.com/2021/04/28/pem8hxalyx7i/99cd563a-17ad-4a6a-bab9-1dfe5179cb72.flac?X-Amz-Algorithm=AWS4-HMAC-SHA256&X-Amz-Content-Sha256=UNSIGNED-PAYLOAD&X-Amz-Credential=AKIA45B7YWBX5HAZMGOU%2F20260223%2Feu-west-1%2Fs3%2Faws4_request&X-Amz-Date=20260223T001200Z&X-Amz-Expires=604800&X-Amz-Signature=399ff1853a9798587c09830d9672aa20525de5bdb516f97373511a0cc359c309&X-Amz-SignedHeaders=host&response-content-disposition=attachment%3B%20filename%3D99cd563a-17ad-4a6a-bab9-1dfe5179cb72.flac&x-id=GetObject,0.210173532,24544
K2am-2021-04-28_18-00.WAV,2021 Kern 2,2021,4,28,18,0,sp32,Simple Call,3.615999937,4.453333378,2906,6188,24000,present,https://rfcx-streams-production.s3.eu-west-1.amazonaws.com/2021/04/29/pem8hxalyx7i/23b62b5d-f91a-4473-b6dc-218745714edf.flac?X-Amz-Algorithm=AWS4-HMAC-SHA256&X-Amz-Content-Sha256=UNSIGNED-PAYLOAD&X-Amz-Credential=AKIA45B7YWBX5HAZMGOU%2F20260223%2Feu-west-1%2Fs3%2Faws4_request&X-Amz-Date=20260223T001200Z&X-Amz-Expires=604800&X-Amz-Signature=b5c016048ff6a07063f651debec4c3616bda837308c3c7f500d5a840512557be&X-Amz-SignedHeaders=host&response-content-disposition=attachment%3B%20filename%3D23b62b5d-f91a-4473-b6dc-218745714edf.flac&x-id=GetObject,0.231106207,24544
K2am-2021-04-29_10-00.WAV,2021 Kern 2,2021,4,29,10,0,sp32,Simple Call,28.77866745,29.61599922,2906,6188,24000,present,https://rfcx-streams-production.s3.eu-west-1.amazonaws.com/2021/04/29/pem8hxalyx7i/6dec97b6-f133-4892-8cbc-3088c3943140.flac?X-Amz-Algorithm=AWS4-HMAC-SHA256&X-Amz-Content-Sha256=UNSIGNED-PAYLOAD&X-Amz-Credential=AKIA45B7YWBX5HAZMGOU%2F20260223%2Feu-west-1%2Fs3%2Faws4_request&X-Amz-Date=20260223T001200Z&X-Amz-Expires=604800&X-Amz-Signature=5c35f259f1c9eb3a2a7a79738887b43a7794f5ba5c6bbed961d79c74d8fd4385&X-Amz-SignedHeaders=host&response-content-disposition=attachment%3B%20filename%3D6dec97b6-f133-4892-8cbc-3088c3943140.flac&x-id=GetObject,0.259238988,24544
K2am-2021-04-29_10-20.WAV,2021 Kern 2,2021,4,29,10,20,sp32,Simple Call,58.98666763,59.82400131,2906,6188,24000,present,https://rfcx-streams-production.s3.eu-west-1.amazonaws.com/2021/04/29/pem8hxalyx7i/e6831486-afaf-413c-8764-ef212fcf9732.flac?X-Amz-Algorithm=AWS4-HMAC-SHA256&X-Amz-Content-Sha256=UNSIGNED-PAYLOAD&X-Amz-Credential=AKIA45B7YWBX5HAZMGOU%2F20260223%2Feu-west-1%2Fs3%2Faws4_request&X-Amz-Date=20260223T001200Z&X-Amz-Expires=604800&X-Amz-Signature=1134578d7e8afb11bee7e474eada1be5862891de74a2286a5adb90217aa667bf&X-Amz-SignedHeaders=host&response-content-disposition=attachment%3B%20filename%3De6831486-afaf-413c-8764-ef212fcf9732.flac&x-id=GetObject,0.300299972,24544
K2am-2021-04-29_10-40.WAV,2021 Kern 2,2021,4,29,10,40,sp32,Simple Call,46.34133148,47.17866516,2906,6188,24000,present,https://rfcx-streams-production.s3.eu-west-1.amazonaws.com/2021/04/29/pem8hxalyx7i/7d3a1ee0-4990-41bc-9ab3-00d44014d12e.flac?X-Amz-Algorithm=AWS4-HMAC-SHA256&X-Amz-Content-Sha256=UNSIGNED-PAYLOAD&X-Amz-Credential=AKIA45B7YWBX5HAZMGOU%2F20260223%2Feu-west-1%2Fs3%2Faws4_request&X-Amz-Date=20260223T001200Z&X-Amz-Expires=604800&X-Amz-Signature=7b65579abcd1ac98bdc3d4fca653bc012e7ca988424d5c1645a114baea0fc179&X-Amz-SignedHeaders=host&response-content-disposition=attachment%3B%20filename%3D7d3a1ee0-4990-41bc-9ab3-00d44014d12e.flac&x-id=GetObject,0.281479657,24544
K2am-2021-04-29_11-00.WAV,2021 Kern 2,2021,4,29,11,0,sp32,Simple Call,51.65333176,52.49066544,2906,6188,24000,present,https://rfcx-streams-production.s3.eu-west-1.amazonaws.com/2021/04/29/pem8hxalyx7i/57e25426-e365-4aa5-bd95-59f80d8ad578.flac?X-Amz-Algorithm=AWS4-HMAC-SHA256&X-Amz-Content-Sha256=UNSIGNED-PAYLOAD&X-Amz-Credential=AKIA45B7YWBX5HAZMGOU%2F20260223%2Feu-west-1%2Fs3%2Faws4_request&X-Amz-Date=20260223T001200Z&X-Amz-Expires=604800&X-Amz-Signature=4ec90771d948585c77c98a1d4a0dadf53d725dfe09018539970df75a4781833c&X-Amz-SignedHeaders=host&response-content-disposition=attachment%3B%20filename%3D57e25426-e365-4aa5-bd95-59f80d8ad578.flac&x-id=GetObject,0.213013783,24544
K2am-2021-04-29_11-20.WAV,2021 Kern 2,2021,4,29,11,20,sp32,Simple Call,5.669333458,6.50666666,2906,6188,24000,present,https://rfcx-streams-production.s3.eu-west-1.amazonaws.com/2021/04/29/pem8hxalyx7i/8eb279af-cc0a-4e11-b795-d8eed3ca4a29.flac?X-Amz-Algorithm=AWS4-HMAC-SHA256&X-Amz-Content-Sha256=UNSIGNED-PAYLOAD&X-Amz-Credential=AKIA45B7YWBX5HAZMGOU%2F20260223%2Feu-west-1%2Fs3%2Faws4_request&X-Amz-Date=20260223T001200Z&X-Amz-Expires=604800&X-Amz-Signature=b1ad6649e29e0cf7d580b55aa45a5055499b16f3508662cc1ad6947a1b41b037&X-Amz-SignedHeaders=host&response-content-disposition=attachment%3B%20filename%3D8eb279af-cc0a-4e11-b795-d8eed3ca4a29.flac&x-id=GetObject,0.255637228,24544
K2am-2021-04-29_11-40.WAV,2021 Kern 2,2021,4,29,11,40,sp32,Simple Call,53.08800125,53.92533493,2906,6188,24000,present,https://rfcx-streams-production.s3.eu-west-1.amazonaws.com/2021/04/29/pem8hxalyx7i/bb7bc6cf-3f91-4993-a695-d17b0ce48027.flac?X-Amz-Algorithm=AWS4-HMAC-SHA256&X-Amz-Content-Sha256=UNSIGNED-PAYLOAD&X-Amz-Credential=AKIA45B7YWBX5HAZMGOU%2F20260223%2Feu-west-1%2Fs3%2Faws4_request&X-Amz-Date=20260223T001158Z&X-Amz-Expires=604800&X-Amz-Signature=f72567b11f9de62b800ae4af343bc86ac04611195095bcccecb7f6cafbd7338c&X-Amz-SignedHeaders=host&response-content-disposition=attachment%3B%20filename%3Dbb7bc6cf-3f91-4993-a695-d17b0ce48027.flac&x-id=GetObject,0.28995356,24544
K2am-2021-04-29_12-00.WAV,2021 Kern 2,2021,4,29,12,0,sp32,Simple Call,3.89866662,4.736000061,2906,6188,24000,present,https://rfcx-streams-production.s3.eu-west-1.amazonaws.com/2021/04/29/pem8hxalyx7i/7dcb7de4-a969-48e3-9d1a-e9c437b25e1b.flac?X-Amz-Algorithm=AWS4-HMAC-SHA256&X-Amz-Content-Sha256=UNSIGNED-PAYLOAD&X-Amz-Credential=AKIA45B7YWBX5HAZMGOU%2F20260223%2Feu-west-1%2Fs3%2Faws4_request&X-Amz-Date=20260223T001200Z&X-Amz-Expires=604800&X-Amz-Signature=3d998397cc063660dd9d8b1df610618a20e671f71a92e69d32d14910358fcf8b&X-Amz-SignedHeaders=host&response-content-disposition=attachment%3B%20filename%3D7dcb7de4-a969-48e3-9d1a-e9c437b25e1b.flac&x-id=GetObject,0.295650959,24544
K2am-2021-04-29_12-20.WAV,2021 Kern 2,2021,4,29,12,20,sp32,Simple Call,56.83200073,57.66933441,2906,6188,24000,present,https://rfcx-streams-production.s3.eu-west-1.amazonaws.com/2021/04/29/pem8hxalyx7i/34249fab-0a67-43d0-a140-6f12daefd048.flac?X-Amz-Algorithm=AWS4-HMAC-SHA256&X-Amz-Content-Sha256=UNSIGNED-PAYLOAD&X-Amz-Credential=AKIA45B7YWBX5HAZMGOU%2F20260223%2Feu-west-1%2Fs3%2Faws4_request&X-Amz-Date=20260223T001200Z&X-Amz-Expires=604800&X-Amz-Signature=fbb6cbdb0a33ce300266c40a7fdf3aaeddb840318c59a5590d4e0d85a99c633f&X-Amz-SignedHeaders=host&response-content-disposition=attachment%3B%20filename%3D34249fab-0a67-43d0-a140-6f12daefd048.flac&x-id=GetObject,0.265788794,24544
K2am-2021-04-29_12-40.WAV,2021 Kern 2,2021,4,29,12,40,sp32,Simple Call,43.23199844,44.06933212,2906,6188,24000,present,https://rfcx-streams-production.s3.eu-west-1.amazonaws.com/2021/04/29/pem8hxalyx7i/88f64e6a-8f19-4413-868b-7533728f3f04.flac?X-Amz-Algorithm=AWS4-HMAC-SHA256&X-Amz-Content-Sha256=UNSIGNED-PAYLOAD&X-Amz-Credential=AKIA45B7YWBX5HAZMGOU%2F20260223%2Feu-west-1%2Fs3%2Faws4_request&X-Amz-Date=20260223T001200Z&X-Amz-Expires=604800&X-Amz-Signature=88de8118ae0e70a6dd541c76b88394b6f367c7a00fb5637b93323f21fcbdd9cc&X-Amz-SignedHeaders=host&response-content-disposition=attachment%3B%20filename%3D88f64e6a-8f19-4413-868b-7533728f3f04.flac&x-id=GetObject,0.267590255,24544
K2am-2021-04-29_13-00.WAV,2021 Kern 2,2021,4,29,13,0,sp32,Simple Call,9.589333534,10.42666626,2906,6188,24000,present,https://rfcx-streams-production.s3.eu-west-1.amazonaws.com/2021/04/29/pem8hxalyx7i/e3fb2133-3c6d-4544-95d9-0530d6e67476.flac?X-Amz-Algorithm=AWS4-HMAC-SHA256&X-Amz-Content-Sha256=UNSIGNED-PAYLOAD&X-Amz-Credential=AKIA45B7YWBX5HAZMGOU%2F20260223%2Feu-west-1%2Fs3%2Faws4_request&X-Amz-Date=20260223T001200Z&X-Amz-Expires=604800&X-Amz-Signature=6fc9fd48ae25c93ca3c05ca881c5c7fdd16aa72e01b6a3f4d101af44923bfe2e&X-Amz-SignedHeaders=host&response-content-disposition=attachment%3B%20filename%3De3fb2133-3c6d-4544-95d9-0530d6e67476.flac&x-id=GetObject,0.282707691,24544
K2am-2021-04-29_13-20.WAV,2021 Kern 2,2021,4,29,13,20,sp32,Simple Call,28.37333298,29.21066666,2906,6188,24000,present,https://rfcx-streams-production.s3.eu-west-1.amazonaws.com/2021/04/29/pem8hxalyx7i/b2b87982-229d-4ed2-9341-3761a7dbd7b5.flac?X-Amz-Algorithm=AWS4-HMAC-SHA256&X-Amz-Content-Sha256=UNSIGNED-PAYLOAD&X-Amz-Credential=AKIA45B7YWBX5HAZMGOU%2F20260223%2Feu-west-1%2Fs3%2Faws4_request&X-Amz-Date=20260223T001158Z&X-Amz-Expires=604800&X-Amz-Signature=321e21545118d9676dee7aa5380728b46121b23f58a596d91a8b63dc44a36f2a&X-Amz-SignedHeaders=host&response-content-disposition=attachment%3B%20filename%3Db2b87982-229d-4ed2-9341-3761a7dbd7b5.flac&x-id=GetObject,0.263877779,24544
K2am-2021-04-29_13-40.WAV,2021 Kern 2,2021,4,29,13,40,sp32,Simple Call,32.74666595,33.58399963,2906,6188,24000,present,https://rfcx-streams-production.s3.eu-west-1.amazonaws.com/2021/04/29/pem8hxalyx7i/80b6948c-9360-4e95-8947-864d346bf479.flac?X-Amz-Algorithm=AWS4-HMAC-SHA256&X-Amz-Content-Sha256=UNSIGNED-PAYLOAD&X-Amz-Credential=AKIA45B7YWBX5HAZMGOU%2F20260223%2Feu-west-1%2Fs3%2Faws4_request&X-Amz-Date=20260223T001158Z&X-Amz-Expires=604800&X-Amz-Signature=3a926a523f5df9ca809cf83da69c2dd0d0cc9b75bf92c96971aca57318bdca2f&X-Amz-SignedHeaders=host&response-content-disposition=attachment%3B%20filename%3D80b6948c-9360-4e95-8947-864d346bf479.flac&x-id=GetObject,0.267339259,24544
K2am-2021-04-29_14-00.WAV,2021 Kern 2,2021,4,29,14,0,sp32,Simple Call,16.19733238,17.03466606,2906,6188,24000,present,https://rfcx-streams-production.s3.eu-west-1.amazonaws.com/2021/04/29/pem8hxalyx7i/bd1accdc-aeed-4e89-930b-5498e2173fcd.flac?X-Amz-Algorithm=AWS4-HMAC-SHA256&X-Amz-Content-Sha256=UNSIGNED-PAYLOAD&X-Amz-Credential=AKIA45B7YWBX5HAZMGOU%2F20260223%2Feu-west-1%2Fs3%2Faws4_request&X-Amz-Date=20260223T001200Z&X-Amz-Expires=604800&X-Amz-Signature=0291863050e979a9e2a078204b4c636c7e1685b6ee5849fd367a0b0ff342ba4b&X-Amz-SignedHeaders=host&response-content-disposition=attachment%3B%20filename%3Dbd1accdc-aeed-4e89-930b-5498e2173fcd.flac&x-id=GetObject,0.2450964,24544
K2am-2021-04-29_16-20.WAV,2021 Kern 2,2021,4,29,16,20,sp32,Simple Call,47.5359993,48.37333298,2906,6188,24000,present,https://rfcx-streams-production.s3.eu-west-1.amazonaws.com/2021/04/29/pem8hxalyx7i/268548e2-d79b-4ac2-a213-94e09ac563ee.flac?X-Amz-Algorithm=AWS4-HMAC-SHA256&X-Amz-Content-Sha256=UNSIGNED-PAYLOAD&X-Amz-Credential=AKIA45B7YWBX5HAZMGOU%2F20260223%2Feu-west-1%2Fs3%2Faws4_request&X-Amz-Date=20260223T001158Z&X-Amz-Expires=604800&X-Amz-Signature=28f5004669441bc74418d40aa76c9823ab43dc4a20a6ad43a14e96c94673d3fd&X-Amz-SignedHeaders=host&response-content-disposition=attachment%3B%20filename%3D268548e2-d79b-4ac2-a213-94e09ac563ee.flac&x-id=GetObject,0.216744095,24544
K2am-2021-04-29_16-40.WAV,2021 Kern 2,2021,4,29,16,40,sp32,Simple Call,30.71466637,31.55200005,2906,6188,24000,present,https://rfcx-streams-production.s3.eu-west-1.amazonaws.com/2021/04/29/pem8hxalyx7i/d5faed55-cac3-4dbf-99d4-b84f582eae7c.flac?X-Amz-Algorithm=AWS4-HMAC-SHA256&X-Amz-Content-Sha256=UNSIGNED-PAYLOAD&X-Amz-Credential=AKIA45B7YWBX5HAZMGOU%2F20260223%2Feu-west-1%2Fs3%2Faws4_request&X-Amz-Date=20260223T001158Z&X-Amz-Expires=604800&X-Amz-Signature=5732e5eee0a6bce231f56a1f91393cd3944365f59a9f9e778669e04a222bc396&X-Amz-SignedHeaders=host&response-content-disposition=attachment%3B%20filename%3Dd5faed55-cac3-4dbf-99d4-b84f582eae7c.flac&x-id=GetObject,0.213714123,24544
K2am-2021-04-29_18-20.WAV,2021 Kern 2,2021,4,29,18,20,sp32,Simple Call,54.99200058,55.82933426,2906,6188,24000,present,https://rfcx-streams-production.s3.eu-west-1.amazonaws.com/2021/04/30/pem8hxalyx7i/6240f8e7-81fe-4888-8f86-90e43ae1a30a.flac?X-Amz-Algorithm=AWS4-HMAC-SHA256&X-Amz-Content-Sha256=UNSIGNED-PAYLOAD&X-Amz-Credential=AKIA45B7YWBX5HAZMGOU%2F20260223%2Feu-west-1%2Fs3%2Faws4_request&X-Amz-Date=20260223T001158Z&X-Amz-Expires=604800&X-Amz-Signature=a4120c60ebf5bc18b107a8d56f4b933bb4cf7b084b4d23075bfe59d2213d0444&X-Amz-SignedHeaders=host&response-content-disposition=attachment%3B%20filename%3D6240f8e7-81fe-4888-8f86-90e43ae1a30a.flac&x-id=GetObject,0.224728942,24544
K2am-2021-04-29_19-20.WAV,2021 Kern 2,2021,4,29,19,20,sp32,Simple Call,49.80266571,50.63999939,2906,6188,24000,present,https://rfcx-streams-production.s3.eu-west-1.amazonaws.com/2021/04/30/pem8hxalyx7i/9c00f521-f20b-42cd-9e4d-10e56aedb28c.flac?X-Amz-Algorithm=AWS4-HMAC-SHA256&X-Amz-Content-Sha256=UNSIGNED-PAYLOAD&X-Amz-Credential=AKIA45B7YWBX5HAZMGOU%2F20260223%2Feu-west-1%2Fs3%2Faws4_request&X-Amz-Date=20260223T001200Z&X-Amz-Expires=604800&X-Amz-Signature=ef92a8175d91175554c2a6610a58a6430a5927829b8e15632d0ab193b6467e16&X-Amz-SignedHeaders=host&response-content-disposition=attachment%3B%20filename%3D9c00f521-f20b-42cd-9e4d-10e56aedb28c.flac&x-id=GetObject,0.239961892,24544
K2am-2021-04-29_20-40.WAV,2021 Kern 2,2021,4,29,20,40,sp32,Simple Call,44.27733231,45.11466599,2906,6188,24000,present,https://rfcx-streams-production.s3.eu-west-1.amazonaws.com/2021/04/30/pem8hxalyx7i/b6dc399b-12be-40c4-9234-11bb8b13a07b.flac?X-Amz-Algorithm=AWS4-HMAC-SHA256&X-Amz-Content-Sha256=UNSIGNED-PAYLOAD&X-Amz-Credential=AKIA45B7YWBX5HAZMGOU%2F20260223%2Feu-west-1%2Fs3%2Faws4_request&X-Amz-Date=20260223T001200Z&X-Amz-Expires=604800&X-Amz-Signature=d30fb6a28d0f05e1a6199fbd493c56abc4b6e19081958eceaaa1ba72be6c21ac&X-Amz-SignedHeaders=host&response-content-disposition=attachment%3B%20filename%3Db6dc399b-12be-40c4-9234-11bb8b13a07b.flac&x-id=GetObject,0.229432747,24544
K2am-2021-04-30_08-00.WAV,2021 Kern 2,2021,4,30,8,0,sp32,Simple Call,59.02933502,59.86666489,2906,6188,24000,present,https://rfcx-streams-production.s3.eu-west-1.amazonaws.com/2021/04/30/pem8hxalyx7i/c09b8b07-f7ca-4e99-a02b-3fd42b1deb9e.flac?X-Amz-Algorithm=AWS4-HMAC-SHA256&X-Amz-Content-Sha256=UNSIGNED-PAYLOAD&X-Amz-Credential=AKIA45B7YWBX5HAZMGOU%2F20260223%2Feu-west-1%2Fs3%2Faws4_request&X-Amz-Date=20260223T001158Z&X-Amz-Expires=604800&X-Amz-Signature=72347f3f2fa9fba64490ce7b822008963c3c30143f1513c8adbfd4b1d054c31f&X-Amz-SignedHeaders=host&response-content-disposition=attachment%3B%20filename%3Dc09b8b07-f7ca-4e99-a02b-3fd42b1deb9e.flac&x-id=GetObject,0.237889916,24544
K2am-2021-04-30_08-20.WAV,2021 Kern 2,2021,4,30,8,20,sp32,Simple Call,2.46933341,3.306666613,2906,6188,24000,present,https://rfcx-streams-production.s3.eu-west-1.amazonaws.com/2021/04/30/pem8hxalyx7i/77be79f3-bdd4-4429-85a0-d1c55f65ab1f.flac?X-Amz-Algorithm=AWS4-HMAC-SHA256&X-Amz-Content-Sha256=UNSIGNED-PAYLOAD&X-Amz-Credential=AKIA45B7YWBX5HAZMGOU%2F20260223%2Feu-west-1%2Fs3%2Faws4_request&X-Amz-Date=20260223T001158Z&X-Amz-Expires=604800&X-Amz-Signature=c994d13a43799dd167d2bb35b4b55c06729be4d291e11cfc218ac01064d21f85&X-Amz-SignedHeaders=host&response-content-disposition=attachment%3B%20filename%3D77be79f3-bdd4-4429-85a0-d1c55f65ab1f.flac&x-id=GetObject,0.204626322,24544
K2am-2021-04-30_08-40.WAV,2021 Kern 2,2021,4,30,8,40,sp32,Simple Call,58.54933167,59.38666534,2906,6188,24000,present,https://rfcx-streams-production.s3.eu-west-1.amazonaws.com/2021/04/30/pem8hxalyx7i/b8e19a40-5a51-422c-b46e-5ffb38cfdf03.flac?X-Amz-Algorithm=AWS4-HMAC-SHA256&X-Amz-Content-Sha256=UNSIGNED-PAYLOAD&X-Amz-Credential=AKIA45B7YWBX5HAZMGOU%2F20260223%2Feu-west-1%2Fs3%2Faws4_request&X-Amz-Date=20260223T001201Z&X-Amz-Expires=604800&X-Amz-Signature=b8dd2d84e5c91afc7222dfe95d403777e22c5a17ac1763f0da91717370063366&X-Amz-SignedHeaders=host&response-content-disposition=attachment%3B%20filename%3Db8e19a40-5a51-422c-b46e-5ffb38cfdf03.flac&x-id=GetObject,0.25969407,24544
K2am-2021-04-30_09-00.WAV,2021 Kern 2,2021,4,30,9,0,sp32,Simple Call,29.94666672,30.7840004,2906,6188,24000,present,https://rfcx-streams-production.s3.eu-west-1.amazonaws.com/2021/04/30/pem8hxalyx7i/6c4f16a2-2a27-498f-ba62-b258b42a9346.flac?X-Amz-Algorithm=AWS4-HMAC-SHA256&X-Amz-Content-Sha256=UNSIGNED-PAYLOAD&X-Amz-Credential=AKIA45B7YWBX5HAZMGOU%2F20260223%2Feu-west-1%2Fs3%2Faws4_request&X-Amz-Date=20260223T001200Z&X-Amz-Expires=604800&X-Amz-Signature=699a797309c96c66ade5de2ca17fc22ffa6efe4f3705539cae170c51c32711fb&X-Amz-SignedHeaders=host&response-content-disposition=attachment%3B%20filename%3D6c4f16a2-2a27-498f-ba62-b258b42a9346.flac&x-id=GetObject,0.226414502,24544
K2am-2021-04-30_09-20.WAV,2021 Kern 2,2021,4,30,9,20,sp32,Simple Call,59.14133453,59.97866821,2906,6188,24000,present,https://rfcx-streams-production.s3.eu-west-1.amazonaws.com/2021/04/30/pem8hxalyx7i/e74924f0-e097-4408-bf7b-3628466a154c.flac?X-Amz-Algorithm=AWS4-HMAC-SHA256&X-Amz-Content-Sha256=UNSIGNED-PAYLOAD&X-Amz-Credential=AKIA45B7YWBX5HAZMGOU%2F20260223%2Feu-west-1%2Fs3%2Faws4_request&X-Amz-Date=20260223T001201Z&X-Amz-Expires=604800&X-Amz-Signature=78f10a087c65ff31d5fc97ef4c39a6b1a7d288eaf511ce0dbc6c0ee9995045ce&X-Amz-SignedHeaders=host&response-content-disposition=attachment%3B%20filename%3De74924f0-e097-4408-bf7b-3628466a154c.flac&x-id=GetObject,0.236262366,24544
K2am-2021-04-30_09-40.WAV,2021 Kern 2,2021,4,30,9,40,sp32,Simple Call,18.01600075,18.85333252,2906,6188,24000,present,https://rfcx-streams-production.s3.eu-west-1.amazonaws.com/2021/04/30/pem8hxalyx7i/fead86b7-24a6-4ba6-8579-8c9fd6f68e41.flac?X-Amz-Algorithm=AWS4-HMAC-SHA256&X-Amz-Content-Sha256=UNSIGNED-PAYLOAD&X-Amz-Credential=AKIA45B7YWBX5HAZMGOU%2F20260223%2Feu-west-1%2Fs3%2Faws4_request&X-Amz-Date=20260223T001200Z&X-Amz-Expires=604800&X-Amz-Signature=e328885ce7579d5a453d067b5e283db9a2b58ce8d658f0a50529e70932de3851&X-Amz-SignedHeaders=host&response-content-disposition=attachment%3B%20filename%3Dfead86b7-24a6-4ba6-8579-8c9fd6f68e41.flac&x-id=GetObject,0.227102265,24544
K2am-2021-04-30_10-00.WAV,2021 Kern 2,2021,4,30,10,0,sp32,Simple Call,34.32533264,35.16266632,2906,6188,24000,present,https://rfcx-streams-production.s3.eu-west-1.amazonaws.com/2021/04/30/pem8hxalyx7i/0b48f1d9-0e7d-452c-8794-5b0c209cb22e.flac?X-Amz-Algorithm=AWS4-HMAC-SHA256&X-Amz-Content-Sha256=UNSIGNED-PAYLOAD&X-Amz-Credential=AKIA45B7YWBX5HAZMGOU%2F20260223%2Feu-west-1%2Fs3%2Faws4_request&X-Amz-Date=20260223T001200Z&X-Amz-Expires=604800&X-Amz-Signature=6794fee49b1ffd4330c597ece98e9ef1b9b4fc693457693c15d5f50d31180975&X-Amz-SignedHeaders=host&response-content-disposition=attachment%3B%20filename%3D0b48f1d9-0e7d-452c-8794-5b0c209cb22e.flac&x-id=GetObject,0.238738447,24544
K2am-2021-04-30_10-20.WAV,2021 Kern 2,2021,4,30,10,20,sp32,Simple Call,25.08799934,25.92533302,2906,6188,24000,present,https://rfcx-streams-production.s3.eu-west-1.amazonaws.com/2021/04/30/pem8hxalyx7i/d53530a8-0c8e-4e2f-a105-08a645735ee2.flac?X-Amz-Algorithm=AWS4-HMAC-SHA256&X-Amz-Content-Sha256=UNSIGNED-PAYLOAD&X-Amz-Credential=AKIA45B7YWBX5HAZMGOU%2F20260223%2Feu-west-1%2Fs3%2Faws4_request&X-Amz-Date=20260223T001158Z&X-Amz-Expires=604800&X-Amz-Signature=00865bf33aea3bec3c439514f4fc51b7a8b32b547c18470db26c3d2e196869fc&X-Amz-SignedHeaders=host&response-content-disposition=attachment%3B%20filename%3Dd53530a8-0c8e-4e2f-a105-08a645735ee2.flac&x-id=GetObject,0.249792606,24544
K2am-2021-04-30_10-40.WAV,2021 Kern 2,2021,4,30,10,40,sp32,Simple Call,29.60533333,30.44266701,2906,6188,24000,present,https://rfcx-streams-production.s3.eu-west-1.amazonaws.com/2021/04/30/pem8hxalyx7i/e1e04001-a537-4921-85f2-eb52585c0d79.flac?X-Amz-Algorithm=AWS4-HMAC-SHA256&X-Amz-Content-Sha256=UNSIGNED-PAYLOAD&X-Amz-Credential=AKIA45B7YWBX5HAZMGOU%2F20260223%2Feu-west-1%2Fs3%2Faws4_request&X-Amz-Date=20260223T001158Z&X-Amz-Expires=604800&X-Amz-Signature=201f88dc20611babc204a34e4b1eea4545b1c00c2ca3b1653d6f89bf300fe1df&X-Amz-SignedHeaders=host&response-content-disposition=attachment%3B%20filename%3De1e04001-a537-4921-85f2-eb52585c0d79.flac&x-id=GetObject,0.289867073,24544
K2am-2021-04-30_11-00.WAV,2021 Kern 2,2021,4,30,11,0,sp32,Simple Call,19.74399948,20.58133316,2906,6188,24000,present,https://rfcx-streams-production.s3.eu-west-1.amazonaws.com/2021/04/30/pem8hxalyx7i/6bc5985e-3a76-4ea4-a7cf-8e4ad6ed3c47.flac?X-Amz-Algorithm=AWS4-HMAC-SHA256&X-Amz-Content-Sha256=UNSIGNED-PAYLOAD&X-Amz-Credential=AKIA45B7YWBX5HAZMGOU%2F20260223%2Feu-west-1%2Fs3%2Faws4_request&X-Amz-Date=20260223T001200Z&X-Amz-Expires=604800&X-Amz-Signature=0f6b0597e4a780204d484782e7b5b9ea1a2f1b5b98b4aea78e54d03b00a5579d&X-Amz-SignedHeaders=host&response-content-disposition=attachment%3B%20filename%3D6bc5985e-3a76-4ea4-a7cf-8e4ad6ed3c47.flac&x-id=GetObject,0.291694075,24544
K2am-2021-04-30_11-20.WAV,2021 Kern 2,2021,4,30,11,20,sp32,Simple Call,35.45066833,36.2879982,2906,6188,24000,present,https://rfcx-streams-production.s3.eu-west-1.amazonaws.com/2021/04/30/pem8hxalyx7i/8f70f15f-66f6-494b-8b91-b1cab3e37e4e.flac?X-Amz-Algorithm=AWS4-HMAC-SHA256&X-Amz-Content-Sha256=UNSIGNED-PAYLOAD&X-Amz-Credential=AKIA45B7YWBX5HAZMGOU%2F20260223%2Feu-west-1%2Fs3%2Faws4_request&X-Amz-Date=20260223T001200Z&X-Amz-Expires=604800&X-Amz-Signature=cd14f6127e3283dc1ad402cf3ae4eb9ae4c7abdad1bed0e945737f068e109c76&X-Amz-SignedHeaders=host&response-content-disposition=attachment%3B%20filename%3D8f70f15f-66f6-494b-8b91-b1cab3e37e4e.flac&x-id=GetObject,0.322246611,24544
K2am-2021-04-30_11-40.WAV,2021 Kern 2,2021,4,30,11,40,sp32,Simple Call,16.81066704,17.64800072,2906,6188,24000,present,https://rfcx-streams-production.s3.eu-west-1.amazonaws.com/2021/04/30/pem8hxalyx7i/67ff370d-d7d7-4062-949b-d1998761a498.flac?X-Amz-Algorithm=AWS4-HMAC-SHA256&X-Amz-Content-Sha256=UNSIGNED-PAYLOAD&X-Amz-Credential=AKIA45B7YWBX5HAZMGOU%2F20260223%2Feu-west-1%2Fs3%2Faws4_request&X-Amz-Date=20260223T001158Z&X-Amz-Expires=604800&X-Amz-Signature=cf77ce9f77809c211a6d76dfb8dc832a64c81dd0bb85fdaf88c41d847608f8b1&X-Amz-SignedHeaders=host&response-content-disposition=attachment%3B%20filename%3D67ff370d-d7d7-4062-949b-d1998761a498.flac&x-id=GetObject,0.275117993,24544
K2am-2021-04-30_12-00.WAV,2021 Kern 2,2021,4,30,12,0,sp32,Simple Call,13.41866684,14.25599957,2906,6188,24000,present,https://rfcx-streams-production.s3.eu-west-1.amazonaws.com/2021/04/30/pem8hxalyx7i/dfa60629-f005-4fca-a1fd-e4cf7c1a1cd9.flac?X-Amz-Algorithm=AWS4-HMAC-SHA256&X-Amz-Content-Sha256=UNSIGNED-PAYLOAD&X-Amz-Credential=AKIA45B7YWBX5HAZMGOU%2F20260223%2Feu-west-1%2Fs3%2Faws4_request&X-Amz-Date=20260223T001200Z&X-Amz-Expires=604800&X-Amz-Signature=e69913f98bd43805847b18dedf232c3c1b51797362b63f5cf8c4b5c36af2bbde&X-Amz-SignedHeaders=host&response-content-disposition=attachment%3B%20filename%3Ddfa60629-f005-4fca-a1fd-e4cf7c1a1cd9.flac&x-id=GetObject,0.309823394,24544
K2am-2021-04-30_12-20.WAV,2021 Kern 2,2021,4,30,12,20,sp32,Simple Call,4.165333271,5.002666473,2906,6188,24000,present,https://rfcx-streams-production.s3.eu-west-1.amazonaws.com/2021/04/30/pem8hxalyx7i/873733c4-33cb-4281-a567-ac5e618f71e0.flac?X-Amz-Algorithm=AWS4-HMAC-SHA256&X-Amz-Content-Sha256=UNSIGNED-PAYLOAD&X-Amz-Credential=AKIA45B7YWBX5HAZMGOU%2F20260223%2Feu-west-1%2Fs3%2Faws4_request&X-Amz-Date=20260223T001200Z&X-Amz-Expires=604800&X-Amz-Signature=da0521cd1c93de6809573e182ce9d128b266f3623bf2650f6b65fdfa6f362bed&X-Amz-SignedHeaders=host&response-content-disposition=attachment%3B%20filename%3D873733c4-33cb-4281-a567-ac5e618f71e0.flac&x-id=GetObject,0.209455878,24544
K2am-2021-04-30_13-00.WAV,2021 Kern 2,2021,4,30,13,0,sp32,Simple Call,26.26666641,27.10400009,2906,6188,24000,present,https://rfcx-streams-production.s3.eu-west-1.amazonaws.com/2021/04/30/pem8hxalyx7i/bfe962f5-2ae1-4ff6-937e-35c94f55c628.flac?X-Amz-Algorithm=AWS4-HMAC-SHA256&X-Amz-Content-Sha256=UNSIGNED-PAYLOAD&X-Amz-Credential=AKIA45B7YWBX5HAZMGOU%2F20260223%2Feu-west-1%2Fs3%2Faws4_request&X-Amz-Date=20260223T001200Z&X-Amz-Expires=604800&X-Amz-Signature=cfdef56034f9f0f66ec6ac17078196ceb0e5e5aac26be152aa38eaf39ab54010&X-Amz-SignedHeaders=host&response-content-disposition=attachment%3B%20filename%3Dbfe962f5-2ae1-4ff6-937e-35c94f55c628.flac&x-id=GetObject,0.23691535,24544
K2am-2021-04-30_16-00.WAV,2021 Kern 2,2021,4,30,16,0,sp32,Simple Call,17.03466606,17.87199974,2906,6188,24000,present,https://rfcx-streams-production.s3.eu-west-1.amazonaws.com/2021/04/30/pem8hxalyx7i/d3b3fe6c-2f22-4956-8435-dc959b214ca6.flac?X-Amz-Algorithm=AWS4-HMAC-SHA256&X-Amz-Content-Sha256=UNSIGNED-PAYLOAD&X-Amz-Credential=AKIA45B7YWBX5HAZMGOU%2F20260223%2Feu-west-1%2Fs3%2Faws4_request&X-Amz-Date=20260223T001200Z&X-Amz-Expires=604800&X-Amz-Signature=bc2de4a73e7bc64871a394b60d08def6f868a094d3ebeda2a18c895dd638a6ca&X-Amz-SignedHeaders=host&response-content-disposition=attachment%3B%20filename%3Dd3b3fe6c-2f22-4956-8435-dc959b214ca6.flac&x-id=GetObject,0.260299683,24544
K2am-2021-04-30_16-40.WAV,2021 Kern 2,2021,4,30,16,40,sp32,Simple Call,18.52799988,19.36533356,2906,6188,24000,present,https://rfcx-streams-production.s3.eu-west-1.amazonaws.com/2021/04/30/pem8hxalyx7i/e8063b45-7d88-48a7-aba5-5f46053626f0.flac?X-Amz-Algorithm=AWS4-HMAC-SHA256&X-Amz-Content-Sha256=UNSIGNED-PAYLOAD&X-Amz-Credential=AKIA45B7YWBX5HAZMGOU%2F20260223%2Feu-west-1%2Fs3%2Faws4_request&X-Amz-Date=20260223T001200Z&X-Amz-Expires=604800&X-Amz-Signature=4ba778ace9204c3a1d398e8f67b6b1e888cb950c6549d0b3caa5c6ea3fe6688e&X-Amz-SignedHeaders=host&response-content-disposition=attachment%3B%20filename%3De8063b45-7d88-48a7-aba5-5f46053626f0.flac&x-id=GetObject,0.236577272,24544
K2am-2021-04-30_17-40.WAV,2021 Kern 2,2021,4,30,17,40,sp32,Simple Call,54.9280014,55.76533508,2906,6188,24000,present,https://rfcx-streams-production.s3.eu-west-1.amazonaws.com/2021/05/01/pem8hxalyx7i/29c1e27d-8042-43e6-88f5-45b96a5d498b.flac?X-Amz-Algorithm=AWS4-HMAC-SHA256&X-Amz-Content-Sha256=UNSIGNED-PAYLOAD&X-Amz-Credential=AKIA45B7YWBX5HAZMGOU%2F20260223%2Feu-west-1%2Fs3%2Faws4_request&X-Amz-Date=20260223T001200Z&X-Amz-Expires=604800&X-Amz-Signature=d6b1949f643429aefaaa0db70263beddc35ad4cb6b58d5bb4bb2d4f1f8788340&X-Amz-SignedHeaders=host&response-content-disposition=attachment%3B%20filename%3D29c1e27d-8042-43e6-88f5-45b96a5d498b.flac&x-id=GetObject,0.205099881,24544
K2am-2021-04-30_18-00.WAV,2021 Kern 2,2021,4,30,18,0,sp32,Simple Call,55.48266602,56.31999969,2906,6188,24000,present,https://rfcx-streams-production.s3.eu-west-1.amazonaws.com/2021/05/01/pem8hxalyx7i/27c4e8c0-5b11-4cd6-bbdf-a990bd0894dd.flac?X-Amz-Algorithm=AWS4-HMAC-SHA256&X-Amz-Content-Sha256=UNSIGNED-PAYLOAD&X-Amz-Credential=AKIA45B7YWBX5HAZMGOU%2F20260223%2Feu-west-1%2Fs3%2Faws4_request&X-Amz-Date=20260223T001200Z&X-Amz-Expires=604800&X-Amz-Signature=dae877d29f2a599d7924157428799da516054760f2de4b1b37402c31ee9cdcbb&X-Amz-SignedHeaders=host&response-content-disposition=attachment%3B%20filename%3D27c4e8c0-5b11-4cd6-bbdf-a990bd0894dd.flac&x-id=GetObject,0.284556001,24544
K2am-2021-04-30_18-20.WAV,2021 Kern 2,2021,4,30,18,20,sp32,Simple Call,57.31200027,58.14933395,2906,6188,24000,present,https://rfcx-streams-production.s3.eu-west-1.amazonaws.com/2021/05/01/pem8hxalyx7i/eb51dfc8-2747-4d1d-8a03-f5444d60c162.flac?X-Amz-Algorithm=AWS4-HMAC-SHA256&X-Amz-Content-Sha256=UNSIGNED-PAYLOAD&X-Amz-Credential=AKIA45B7YWBX5HAZMGOU%2F20260223%2Feu-west-1%2Fs3%2Faws4_request&X-Amz-Date=20260223T001200Z&X-Amz-Expires=604800&X-Amz-Signature=774ff5f4e4699aa0907efbddc13b896faf6c6cdb5552555a3612cb987ef272c2&X-Amz-SignedHeaders=host&response-content-disposition=attachment%3B%20filename%3Deb51dfc8-2747-4d1d-8a03-f5444d60c162.flac&x-id=GetObject,0.280144721,24544
K2am-2021-04-30_18-40.WAV,2021 Kern 2,2021,4,30,18,40,sp32,Simple Call,36.93333435,37.77066803,2906,6188,24000,present,https://rfcx-streams-production.s3.eu-west-1.amazonaws.com/2021/05/01/pem8hxalyx7i/6b8a5d12-13ee-4518-92bb-8f764ab77f12.flac?X-Amz-Algorithm=AWS4-HMAC-SHA256&X-Amz-Content-Sha256=UNSIGNED-PAYLOAD&X-Amz-Credential=AKIA45B7YWBX5HAZMGOU%2F20260223%2Feu-west-1%2Fs3%2Faws4_request&X-Amz-Date=20260223T001200Z&X-Amz-Expires=604800&X-Amz-Signature=01809edcf705147c36a5520144764ad5a25ad85611b3897e355ea54dbc918c99&X-Amz-SignedHeaders=host&response-content-disposition=attachment%3B%20filename%3D6b8a5d12-13ee-4518-92bb-8f764ab77f12.flac&x-id=GetObject,0.271017879,24544
K2am-2021-04-30_20-40.WAV,2021 Kern 2,2021,4,30,20,40,sp32,Simple Call,24.48533249,25.32266617,2906,6188,24000,present,https://rfcx-streams-production.s3.eu-west-1.amazonaws.com/2021/05/01/pem8hxalyx7i/b1a32a08-ebc1-4af4-bd33-58a35d4813d7.flac?X-Amz-Algorithm=AWS4-HMAC-SHA256&X-Amz-Content-Sha256=UNSIGNED-PAYLOAD&X-Amz-Credential=AKIA45B7YWBX5HAZMGOU%2F20260223%2Feu-west-1%2Fs3%2Faws4_request&X-Amz-Date=20260223T001158Z&X-Amz-Expires=604800&X-Amz-Signature=5044a75c90fcbe6fbad60e828d745815ee5713e9b33b899bbc8d8b44f7ebb06c&X-Amz-SignedHeaders=host&response-content-disposition=attachment%3B%20filename%3Db1a32a08-ebc1-4af4-bd33-58a35d4813d7.flac&x-id=GetObject,0.240876511,24544
K2am-2021-04-30_21-00.WAV,2021 Kern 2,2021,4,30,21,0,sp32,Simple Call,23.84000015,24.67733383,2906,6188,24000,present,https://rfcx-streams-production.s3.eu-west-1.amazonaws.com/2021/05/01/pem8hxalyx7i/b6f16f65-c0b7-43e0-95a0-2a5b76565153.flac?X-Amz-Algorithm=AWS4-HMAC-SHA256&X-Amz-Content-Sha256=UNSIGNED-PAYLOAD&X-Amz-Credential=AKIA45B7YWBX5HAZMGOU%2F20260223%2Feu-west-1%2Fs3%2Faws4_request&X-Amz-Date=20260223T001158Z&X-Amz-Expires=604800&X-Amz-Signature=fc613a7c92229af12a3c86f0e51105f4352a0da6dc5d6bd951752e9d602aef6a&X-Amz-SignedHeaders=host&response-content-disposition=attachment%3B%20filename%3Db6f16f65-c0b7-43e0-95a0-2a5b76565153.flac&x-id=GetObject,0.202259555,24544
K2am-2021-05-01_09-00.WAV,2021 Kern 2,2021,5,1,9,0,sp32,Simple Call,26.84799957,27.68533325,2906,6188,24000,present,https://rfcx-streams-production.s3.eu-west-1.amazonaws.com/2021/05/01/pem8hxalyx7i/6246125f-8d6a-47ee-a602-777dbeb4870f.flac?X-Amz-Algorithm=AWS4-HMAC-SHA256&X-Amz-Content-Sha256=UNSIGNED-PAYLOAD&X-Amz-Credential=AKIA45B7YWBX5HAZMGOU%2F20260223%2Feu-west-1%2Fs3%2Faws4_request&X-Amz-Date=20260223T001200Z&X-Amz-Expires=604800&X-Amz-Signature=b3f97a0b8693dc5963b94b165b61f96c8a7013880f850803372a4a40e031559e&X-Amz-SignedHeaders=host&response-content-disposition=attachment%3B%20filename%3D6246125f-8d6a-47ee-a602-777dbeb4870f.flac&x-id=GetObject,0.206229523,24544
K2am-2021-05-01_09-20.WAV,2021 Kern 2,2021,5,1,9,20,sp32,Simple Call,52.24000168,53.07733154,2906,6188,24000,present,https://rfcx-streams-production.s3.eu-west-1.amazonaws.com/2021/05/01/pem8hxalyx7i/0d00737e-3015-440e-80eb-6340590ea9b2.flac?X-Amz-Algorithm=AWS4-HMAC-SHA256&X-Amz-Content-Sha256=UNSIGNED-PAYLOAD&X-Amz-Credential=AKIA45B7YWBX5HAZMGOU%2F20260223%2Feu-west-1%2Fs3%2Faws4_request&X-Amz-Date=20260223T001200Z&X-Amz-Expires=604800&X-Amz-Signature=152ee27f9f37b0611716708860bb4d5c89c113a99b807e28898cba19a33264ed&X-Amz-SignedHeaders=host&response-content-disposition=attachment%3B%20filename%3D0d00737e-3015-440e-80eb-6340590ea9b2.flac&x-id=GetObject,0.232154116,24544
K2am-2021-05-01_10-00.WAV,2021 Kern 2,2021,5,1,10,0,sp32,Simple Call,0.272000015,1.109333277,2906,6188,24000,present,https://rfcx-streams-production.s3.eu-west-1.amazonaws.com/2021/05/01/pem8hxalyx7i/badb9d11-ce5c-44f9-a502-2bce5327b776.flac?X-Amz-Algorithm=AWS4-HMAC-SHA256&X-Amz-Content-Sha256=UNSIGNED-PAYLOAD&X-Amz-Credential=AKIA45B7YWBX5HAZMGOU%2F20260223%2Feu-west-1%2Fs3%2Faws4_request&X-Amz-Date=20260223T001200Z&X-Amz-Expires=604800&X-Amz-Signature=4658bcc3297aa914b0a72d78c87161223806530430da161c04089846789f0386&X-Amz-SignedHeaders=host&response-content-disposition=attachment%3B%20filename%3Dbadb9d11-ce5c-44f9-a502-2bce5327b776.flac&x-id=GetObject,0.34072423,24544
K2am-2021-05-01_11-20.WAV,2021 Kern 2,2021,5,1,11,20,sp32,Simple Call,34.59199905,35.42933273,2906,6188,24000,present,https://rfcx-streams-production.s3.eu-west-1.amazonaws.com/2021/05/01/pem8hxalyx7i/6cb357d3-cb07-43da-9b4c-b5b2e86d51db.flac?X-Amz-Algorithm=AWS4-HMAC-SHA256&X-Amz-Content-Sha256=UNSIGNED-PAYLOAD&X-Amz-Credential=AKIA45B7YWBX5HAZMGOU%2F20260223%2Feu-west-1%2Fs3%2Faws4_request&X-Amz-Date=20260223T001158Z&X-Amz-Expires=604800&X-Amz-Signature=862fc46d40dbd8c515fa180d06b69f22d4226f7a65d5d765f962867d15c024ba&X-Amz-SignedHeaders=host&response-content-disposition=attachment%3B%20filename%3D6cb357d3-cb07-43da-9b4c-b5b2e86d51db.flac&x-id=GetObject,0.244847044,24544
K2am-2021-05-01_15-20.WAV,2021 Kern 2,2021,5,1,15,20,sp32,Simple Call,0.560000002,1.397333384,2906,6188,24000,present,https://rfcx-streams-production.s3.eu-west-1.amazonaws.com/2021/05/01/pem8hxalyx7i/99774d1c-45bb-48b1-b759-f3bd80b7782c.flac?X-Amz-Algorithm=AWS4-HMAC-SHA256&X-Amz-Content-Sha256=UNSIGNED-PAYLOAD&X-Amz-Credential=AKIA45B7YWBX5HAZMGOU%2F20260223%2Feu-west-1%2Fs3%2Faws4_request&X-Amz-Date=20260223T001201Z&X-Amz-Expires=604800&X-Amz-Signature=06f1bf67265086b7682d078e591e21ba587467a18726bdbe4b3b186c3e6fac35&X-Amz-SignedHeaders=host&response-content-disposition=attachment%3B%20filename%3D99774d1c-45bb-48b1-b759-f3bd80b7782c.flac&x-id=GetObject,0.201790437,24544
K2am-2021-05-01_17-40.WAV,2021 Kern 2,2021,5,1,17,40,sp32,Simple Call,22.91200066,23.74933243,2906,6188,24000,present,https://rfcx-streams-production.s3.eu-west-1.amazonaws.com/2021/05/02/pem8hxalyx7i/97200f8a-7eca-4b4f-b2a0-dd2d8e052d77.flac?X-Amz-Algorithm=AWS4-HMAC-SHA256&X-Amz-Content-Sha256=UNSIGNED-PAYLOAD&X-Amz-Credential=AKIA45B7YWBX5HAZMGOU%2F20260223%2Feu-west-1%2Fs3%2Faws4_request&X-Amz-Date=20260223T001158Z&X-Amz-Expires=604800&X-Amz-Signature=b49754337fea5596d3cc6166f3ef35841dc1891ae7058b1db3a150c2dfb4ad14&X-Amz-SignedHeaders=host&response-content-disposition=attachment%3B%20filename%3D97200f8a-7eca-4b4f-b2a0-dd2d8e052d77.flac&x-id=GetObject,0.25006935,24544
K2am-2021-05-01_18-00.WAV,2021 Kern 2,2021,5,1,18,0,sp32,Simple Call,16.31466675,17.15200043,2906,6188,24000,present,https://rfcx-streams-production.s3.eu-west-1.amazonaws.com/2021/05/02/pem8hxalyx7i/9d461619-75ae-445b-b699-01408eaec85f.flac?X-Amz-Algorithm=AWS4-HMAC-SHA256&X-Amz-Content-Sha256=UNSIGNED-PAYLOAD&X-Amz-Credential=AKIA45B7YWBX5HAZMGOU%2F20260223%2Feu-west-1%2Fs3%2Faws4_request&X-Amz-Date=20260223T001201Z&X-Amz-Expires=604800&X-Amz-Signature=2d20108e82968cd83b1cb9976f7498b4bd8e64c8ed725d410a418674298a35b5&X-Amz-SignedHeaders=host&response-content-disposition=attachment%3B%20filename%3D9d461619-75ae-445b-b699-01408eaec85f.flac&x-id=GetObject,0.261333108,24544
K2am-2021-05-01_18-20.WAV,2021 Kern 2,2021,5,1,18,20,sp32,Simple Call,16.30400085,17.14133263,2906,6188,24000,present,https://rfcx-streams-production.s3.eu-west-1.amazonaws.com/2021/05/02/pem8hxalyx7i/9a82e378-caae-4422-aaf4-79d265b9d6fa.flac?X-Amz-Algorithm=AWS4-HMAC-SHA256&X-Amz-Content-Sha256=UNSIGNED-PAYLOAD&X-Amz-Credential=AKIA45B7YWBX5HAZMGOU%2F20260223%2Feu-west-1%2Fs3%2Faws4_request&X-Amz-Date=20260223T001158Z&X-Amz-Expires=604800&X-Amz-Signature=c12b42daffc43f43b266662c6dffb24d2f5399876f716cc7e6d03a95f6fffc56&X-Amz-SignedHeaders=host&response-content-disposition=attachment%3B%20filename%3D9a82e378-caae-4422-aaf4-79d265b9d6fa.flac&x-id=GetObject,0.22626552,24544
K2am-2021-05-01_18-40.WAV,2021 Kern 2,2021,5,1,18,40,sp32,Simple Call,4.250666618,5.087999821,2906,6188,24000,present,https://rfcx-streams-production.s3.eu-west-1.amazonaws.com/2021/05/02/pem8hxalyx7i/10b003c8-b8e1-4520-b360-15073c2aba69.flac?X-Amz-Algorithm=AWS4-HMAC-SHA256&X-Amz-Content-Sha256=UNSIGNED-PAYLOAD&X-Amz-Credential=AKIA45B7YWBX5HAZMGOU%2F20260223%2Feu-west-1%2Fs3%2Faws4_request&X-Amz-Date=20260223T001201Z&X-Amz-Expires=604800&X-Amz-Signature=19b349e895629332b0557d776522c8dbf1044892ab5f74c21612a62fc9ab7ed7&X-Amz-SignedHeaders=host&response-content-disposition=attachment%3B%20filename%3D10b003c8-b8e1-4520-b360-15073c2aba69.flac&x-id=GetObject,0.247129798,24544
K2am-2021-05-01_20-20.WAV,2021 Kern 2,2021,5,1,20,20,sp32,Simple Call,21.5359993,22.37333298,2906,6188,24000,present,https://rfcx-streams-production.s3.eu-west-1.amazonaws.com/2021/05/02/pem8hxalyx7i/ca2a17a7-ebb0-4ba8-8544-b137fdc2e563.flac?X-Amz-Algorithm=AWS4-HMAC-SHA256&X-Amz-Content-Sha256=UNSIGNED-PAYLOAD&X-Amz-Credential=AKIA45B7YWBX5HAZMGOU%2F20260223%2Feu-west-1%2Fs3%2Faws4_request&X-Amz-Date=20260223T001201Z&X-Amz-Expires=604800&X-Amz-Signature=1ea8d35bb775c5a5ab9ca782e5ab614e8d4d5ede867e8717cdff714afab9bb5b&X-Amz-SignedHeaders=host&response-content-disposition=attachment%3B%20filename%3Dca2a17a7-ebb0-4ba8-8544-b137fdc2e563.flac&x-id=GetObject,0.231336221,24544
K2am-2021-05-02_09-40.WAV,2021 Kern 2,2021,5,2,9,40,sp32,Simple Call,36.31999969,37.15733337,2906,6188,24000,present,https://rfcx-streams-production.s3.eu-west-1.amazonaws.com/2021/05/02/pem8hxalyx7i/732346c5-2890-4d15-b684-9a488c59c18f.flac?X-Amz-Algorithm=AWS4-HMAC-SHA256&X-Amz-Content-Sha256=UNSIGNED-PAYLOAD&X-Amz-Credential=AKIA45B7YWBX5HAZMGOU%2F20260223%2Feu-west-1%2Fs3%2Faws4_request&X-Amz-Date=20260223T001158Z&X-Amz-Expires=604800&X-Amz-Signature=fcafa378875c6e1f33397212918e4deb525be3377347c56e6d3992747e0b90a2&X-Amz-SignedHeaders=host&response-content-disposition=attachment%3B%20filename%3D732346c5-2890-4d15-b684-9a488c59c18f.flac&x-id=GetObject,0.214771852,24544
K2am-2021-05-02_10-20.WAV,2021 Kern 2,2021,5,2,10,20,sp32,Simple Call,49.00799942,49.8453331,2906,6188,24000,present,https://rfcx-streams-production.s3.eu-west-1.amazonaws.com/2021/05/02/pem8hxalyx7i/14373510-ef00-4f07-803a-a2771e299033.flac?X-Amz-Algorithm=AWS4-HMAC-SHA256&X-Amz-Content-Sha256=UNSIGNED-PAYLOAD&X-Amz-Credential=AKIA45B7YWBX5HAZMGOU%2F20260223%2Feu-west-1%2Fs3%2Faws4_request&X-Amz-Date=20260223T001158Z&X-Amz-Expires=604800&X-Amz-Signature=ccee21b1e21b40ea10cfc9b81611e7c1febfc5a6464783df01ba59eff096c167&X-Amz-SignedHeaders=host&response-content-disposition=attachment%3B%20filename%3D14373510-ef00-4f07-803a-a2771e299033.flac&x-id=GetObject,0.334471881,24544
K2am-2021-05-02_10-40.WAV,2021 Kern 2,2021,5,2,10,40,sp32,Simple Call,29.14133263,29.97866631,2906,6188,24000,present,https://rfcx-streams-production.s3.eu-west-1.amazonaws.com/2021/05/02/pem8hxalyx7i/37d9c323-d04f-414c-818f-ab09fd9592e4.flac?X-Amz-Algorithm=AWS4-HMAC-SHA256&X-Amz-Content-Sha256=UNSIGNED-PAYLOAD&X-Amz-Credential=AKIA45B7YWBX5HAZMGOU%2F20260223%2Feu-west-1%2Fs3%2Faws4_request&X-Amz-Date=20260223T001201Z&X-Amz-Expires=604800&X-Amz-Signature=6e5df8bc3985e1ba33c8dd9c6aaf393bb603c304215a239807a808dd2b6d7c69&X-Amz-SignedHeaders=host&response-content-disposition=attachment%3B%20filename%3D37d9c323-d04f-414c-818f-ab09fd9592e4.flac&x-id=GetObject,0.214171648,24544
K2am-2021-05-02_11-20.WAV,2021 Kern 2,2021,5,2,11,20,sp32,Simple Call,40.42133331,41.25866699,2906,6188,24000,present,https://rfcx-streams-production.s3.eu-west-1.amazonaws.com/2021/05/02/pem8hxalyx7i/ace275c2-e624-4e10-9d54-40634b9bd0c2.flac?X-Amz-Algorithm=AWS4-HMAC-SHA256&X-Amz-Content-Sha256=UNSIGNED-PAYLOAD&X-Amz-Credential=AKIA45B7YWBX5HAZMGOU%2F20260223%2Feu-west-1%2Fs3%2Faws4_request&X-Amz-Date=20260223T001201Z&X-Amz-Expires=604800&X-Amz-Signature=8d2a4f92bb4b000a36fca897bba53d60cf3e80a38ff54dfd97fc93871d18b703&X-Amz-SignedHeaders=host&response-content-disposition=attachment%3B%20filename%3Dace275c2-e624-4e10-9d54-40634b9bd0c2.flac&x-id=GetObject,0.219056845,24544
K2am-2021-05-02_12-20.WAV,2021 Kern 2,2021,5,2,12,20,sp32,Simple Call,49.17333221,50.01066589,2906,6188,24000,present,https://rfcx-streams-production.s3.eu-west-1.amazonaws.com/2021/05/02/pem8hxalyx7i/bf225dfd-238e-4821-b002-ee0303c38966.flac?X-Amz-Algorithm=AWS4-HMAC-SHA256&X-Amz-Content-Sha256=UNSIGNED-PAYLOAD&X-Amz-Credential=AKIA45B7YWBX5HAZMGOU%2F20260223%2Feu-west-1%2Fs3%2Faws4_request&X-Amz-Date=20260223T001158Z&X-Amz-Expires=604800&X-Amz-Signature=9ce5da46f9651d38feb02664dc0d2c3d34bc75c8fddb1135567f98567a159f3f&X-Amz-SignedHeaders=host&response-content-disposition=attachment%3B%20filename%3Dbf225dfd-238e-4821-b002-ee0303c38966.flac&x-id=GetObject,0.211373955,24544
K2am-2021-05-02_12-40.WAV,2021 Kern 2,2021,5,2,12,40,sp32,Simple Call,2.490666628,3.328000069,2906,6188,24000,present,https://rfcx-streams-production.s3.eu-west-1.amazonaws.com/2021/05/02/pem8hxalyx7i/48e6dbe2-7792-47d6-869d-791ef5ecdca7.flac?X-Amz-Algorithm=AWS4-HMAC-SHA256&X-Amz-Content-Sha256=UNSIGNED-PAYLOAD&X-Amz-Credential=AKIA45B7YWBX5HAZMGOU%2F20260223%2Feu-west-1%2Fs3%2Faws4_request&X-Amz-Date=20260223T001158Z&X-Amz-Expires=604800&X-Amz-Signature=0eb1ac252d3cbf6980612a26dbf5c84051f4768d29b4f08e04dd75e992ce9b7f&X-Amz-SignedHeaders=host&response-content-disposition=attachment%3B%20filename%3D48e6dbe2-7792-47d6-869d-791ef5ecdca7.flac&x-id=GetObject,0.251552314,24544
K2am-2021-05-02_13-20.WAV,2021 Kern 2,2021,5,2,13,20,sp32,Simple Call,1.893333316,2.730666637,2906,6188,24000,present,https://rfcx-streams-production.s3.eu-west-1.amazonaws.com/2021/05/02/pem8hxalyx7i/a7d449ac-9e70-4240-9839-a216b04fdef5.flac?X-Amz-Algorithm=AWS4-HMAC-SHA256&X-Amz-Content-Sha256=UNSIGNED-PAYLOAD&X-Amz-Credential=AKIA45B7YWBX5HAZMGOU%2F20260223%2Feu-west-1%2Fs3%2Faws4_request&X-Amz-Date=20260223T001158Z&X-Amz-Expires=604800&X-Amz-Signature=268f4f223dcac1e4ac4b298d62b8bcef31e92a67c6798bc2b61fe6add41634f8&X-Amz-SignedHeaders=host&response-content-disposition=attachment%3B%20filename%3Da7d449ac-9e70-4240-9839-a216b04fdef5.flac&x-id=GetObject,0.201573819,24544
K2am-2021-05-02_15-20.WAV,2021 Kern 2,2021,5,2,15,20,sp32,Simple Call,6.751999855,7.589333534,2906,6188,24000,present,https://rfcx-streams-production.s3.eu-west-1.amazonaws.com/2021/05/02/pem8hxalyx7i/1b638c1d-8b21-40a5-88bb-656b3198ee31.flac?X-Amz-Algorithm=AWS4-HMAC-SHA256&X-Amz-Content-Sha256=UNSIGNED-PAYLOAD&X-Amz-Credential=AKIA45B7YWBX5HAZMGOU%2F20260223%2Feu-west-1%2Fs3%2Faws4_request&X-Amz-Date=20260223T001201Z&X-Amz-Expires=604800&X-Amz-Signature=83f19b8da1d01321cd045df2806228e0676e8bf6979f8d992fbb31f1b3e7fd6c&X-Amz-SignedHeaders=host&response-content-disposition=attachment%3B%20filename%3D1b638c1d-8b21-40a5-88bb-656b3198ee31.flac&x-id=GetObject,0.209155396,24544
K2am-2021-05-02_17-00.WAV,2021 Kern 2,2021,5,2,17,0,sp32,Simple Call,40.67733383,41.51466751,2906,6188,24000,present,https://rfcx-streams-production.s3.eu-west-1.amazonaws.com/2021/05/03/pem8hxalyx7i/1488c8ee-6ed7-4d40-8699-4a5bb9d1fa19.flac?X-Amz-Algorithm=AWS4-HMAC-SHA256&X-Amz-Content-Sha256=UNSIGNED-PAYLOAD&X-Amz-Credential=AKIA45B7YWBX5HAZMGOU%2F20260223%2Feu-west-1%2Fs3%2Faws4_request&X-Amz-Date=20260223T001158Z&X-Amz-Expires=604800&X-Amz-Signature=734b7527e45c3cef24b3d3f4078384fa7d9071a5d0bbcb161a6ec7d4d703ab87&X-Amz-SignedHeaders=host&response-content-disposition=attachment%3B%20filename%3D1488c8ee-6ed7-4d40-8699-4a5bb9d1fa19.flac&x-id=GetObject,0.225000635,24544
K2am-2021-05-02_22-40.WAV,2021 Kern 2,2021,5,2,22,40,sp32,Simple Call,12.20266628,13.03999996,2906,6188,24000,present,https://rfcx-streams-production.s3.eu-west-1.amazonaws.com/2021/05/03/pem8hxalyx7i/77a23325-1af1-41c9-b07e-f0d6bcfc93d6.flac?X-Amz-Algorithm=AWS4-HMAC-SHA256&X-Amz-Content-Sha256=UNSIGNED-PAYLOAD&X-Amz-Credential=AKIA45B7YWBX5HAZMGOU%2F20260223%2Feu-west-1%2Fs3%2Faws4_request&X-Amz-Date=20260223T001201Z&X-Amz-Expires=604800&X-Amz-Signature=638dfb00f98c1b06585e44b475a4c71cf6bd2dbd47c4250f29d089b69699797d&X-Amz-SignedHeaders=host&response-content-disposition=attachment%3B%20filename%3D77a23325-1af1-41c9-b07e-f0d6bcfc93d6.flac&x-id=GetObject,0.212294444,24544
K2am-2021-05-03_08-40.WAV,2021 Kern 2,2021,5,3,8,40,sp32,Simple Call,8.815999985,9.653333664,2906,6188,24000,present,https://rfcx-streams-production.s3.eu-west-1.amazonaws.com/2021/05/03/pem8hxalyx7i/64a2a22c-eedf-47fe-bf1c-d1aa49260193.flac?X-Amz-Algorithm=AWS4-HMAC-SHA256&X-Amz-Content-Sha256=UNSIGNED-PAYLOAD&X-Amz-Credential=AKIA45B7YWBX5HAZMGOU%2F20260223%2Feu-west-1%2Fs3%2Faws4_request&X-Amz-Date=20260223T001201Z&X-Amz-Expires=604800&X-Amz-Signature=495054c124aff2006673757698457065f1186ed9bc2b412c566ab99e767aef20&X-Amz-SignedHeaders=host&response-content-disposition=attachment%3B%20filename%3D64a2a22c-eedf-47fe-bf1c-d1aa49260193.flac&x-id=GetObject,0.372291625,24544
K2am-2021-05-03_09-40.WAV,2021 Kern 2,2021,5,3,9,40,sp32,Simple Call,50.19733429,51.03466797,2906,6188,24000,present,https://rfcx-streams-production.s3.eu-west-1.amazonaws.com/2021/05/03/pem8hxalyx7i/ec2edf51-8f90-4334-8b01-521fb811ed8d.flac?X-Amz-Algorithm=AWS4-HMAC-SHA256&X-Amz-Content-Sha256=UNSIGNED-PAYLOAD&X-Amz-Credential=AKIA45B7YWBX5HAZMGOU%2F20260223%2Feu-west-1%2Fs3%2Faws4_request&X-Amz-Date=20260223T001201Z&X-Amz-Expires=604800&X-Amz-Signature=ae931d0f8f8a535344439e04f18d382963ca9b5d5af479932e232b3e4cedce54&X-Amz-SignedHeaders=host&response-content-disposition=attachment%3B%20filename%3Dec2edf51-8f90-4334-8b01-521fb811ed8d.flac&x-id=GetObject,0.233058989,24544
K2am-2021-05-03_10-00.WAV,2021 Kern 2,2021,5,3,10,0,sp32,Simple Call,38.41066742,39.2480011,2906,6188,24000,present,https://rfcx-streams-production.s3.eu-west-1.amazonaws.com/2021/05/03/pem8hxalyx7i/ccb79afa-6b9a-4fba-a37f-6dbbc3fd8483.flac?X-Amz-Algorithm=AWS4-HMAC-SHA256&X-Amz-Content-Sha256=UNSIGNED-PAYLOAD&X-Amz-Credential=AKIA45B7YWBX5HAZMGOU%2F20260223%2Feu-west-1%2Fs3%2Faws4_request&X-Amz-Date=20260223T001201Z&X-Amz-Expires=604800&X-Amz-Signature=798299e6642f1248f2337c6940715efbdaf5549930180cbe53c6d6a3025b989e&X-Amz-SignedHeaders=host&response-content-disposition=attachment%3B%20filename%3Dccb79afa-6b9a-4fba-a37f-6dbbc3fd8483.flac&x-id=GetObject,0.229471654,24544
K2am-2021-05-03_10-20.WAV,2021 Kern 2,2021,5,3,10,20,sp32,Simple Call,21.87199974,22.70933342,2906,6188,24000,present,https://rfcx-streams-production.s3.eu-west-1.amazonaws.com/2021/05/03/pem8hxalyx7i/9b0bfd73-3c53-4158-86aa-06744b6069b1.flac?X-Amz-Algorithm=AWS4-HMAC-SHA256&X-Amz-Content-Sha256=UNSIGNED-PAYLOAD&X-Amz-Credential=AKIA45B7YWBX5HAZMGOU%2F20260223%2Feu-west-1%2Fs3%2Faws4_request&X-Amz-Date=20260223T001201Z&X-Amz-Expires=604800&X-Amz-Signature=374fb754b37c83fbf3d9650b0b51a6fad20051aa0f247c40d5603be50c10031f&X-Amz-SignedHeaders=host&response-content-disposition=attachment%3B%20filename%3D9b0bfd73-3c53-4158-86aa-06744b6069b1.flac&x-id=GetObject,0.291002363,24544
K2am-2021-05-03_11-00.WAV,2021 Kern 2,2021,5,3,11,0,sp32,Simple Call,34.28266525,35.11999893,2906,6188,24000,present,https://rfcx-streams-production.s3.eu-west-1.amazonaws.com/2021/05/03/pem8hxalyx7i/02cba53b-86d4-4116-a655-2825e4af7f40.flac?X-Amz-Algorithm=AWS4-HMAC-SHA256&X-Amz-Content-Sha256=UNSIGNED-PAYLOAD&X-Amz-Credential=AKIA45B7YWBX5HAZMGOU%2F20260223%2Feu-west-1%2Fs3%2Faws4_request&X-Amz-Date=20260223T001201Z&X-Amz-Expires=604800&X-Amz-Signature=d4cb6f5b706698474a9e8c1d21a732409f693afa6c1555e1507f38575f7a5e49&X-Amz-SignedHeaders=host&response-content-disposition=attachment%3B%20filename%3D02cba53b-86d4-4116-a655-2825e4af7f40.flac&x-id=GetObject,0.322200596,24544
K2am-2021-05-03_11-40.WAV,2021 Kern 2,2021,5,3,11,40,sp32,Simple Call,21.8453331,22.68266678,2906,6188,24000,present,https://rfcx-streams-production.s3.eu-west-1.amazonaws.com/2021/05/03/pem8hxalyx7i/c4d4f599-9d80-45e7-8be2-c274e156b634.flac?X-Amz-Algorithm=AWS4-HMAC-SHA256&X-Amz-Content-Sha256=UNSIGNED-PAYLOAD&X-Amz-Credential=AKIA45B7YWBX5HAZMGOU%2F20260223%2Feu-west-1%2Fs3%2Faws4_request&X-Amz-Date=20260223T001158Z&X-Amz-Expires=604800&X-Amz-Signature=11039134efa82200bc98c4e5b1b6a15ef5cd996a6a467b5b19ec06eb19342797&X-Amz-SignedHeaders=host&response-content-disposition=attachment%3B%20filename%3Dc4d4f599-9d80-45e7-8be2-c274e156b634.flac&x-id=GetObject,0.288196057,24544
K2am-2021-05-03_17-40.WAV,2021 Kern 2,2021,5,3,17,40,sp32,Simple Call,49.43466568,50.27199936,2906,6188,24000,present,https://rfcx-streams-production.s3.eu-west-1.amazonaws.com/2021/05/04/pem8hxalyx7i/88e1039a-2751-4205-8535-2a15863f94d4.flac?X-Amz-Algorithm=AWS4-HMAC-SHA256&X-Amz-Content-Sha256=UNSIGNED-PAYLOAD&X-Amz-Credential=AKIA45B7YWBX5HAZMGOU%2F20260223%2Feu-west-1%2Fs3%2Faws4_request&X-Amz-Date=20260223T001157Z&X-Amz-Expires=604800&X-Amz-Signature=689f5cb42beee7f07d3f15ec80bd67e0747d3c2bddf81549f4efe0756ffbe191&X-Amz-SignedHeaders=host&response-content-disposition=attachment%3B%20filename%3D88e1039a-2751-4205-8535-2a15863f94d4.flac&x-id=GetObject,0.212971747,24544
K2am-2021-05-03_18-20.WAV,2021 Kern 2,2021,5,3,18,20,sp32,Simple Call,53.74399948,54.58133316,2906,6188,24000,present,https://rfcx-streams-production.s3.eu-west-1.amazonaws.com/2021/05/04/pem8hxalyx7i/8e1f7245-5f4a-4b45-b917-8288f58e1c1d.flac?X-Amz-Algorithm=AWS4-HMAC-SHA256&X-Amz-Content-Sha256=UNSIGNED-PAYLOAD&X-Amz-Credential=AKIA45B7YWBX5HAZMGOU%2F20260223%2Feu-west-1%2Fs3%2Faws4_request&X-Amz-Date=20260223T001201Z&X-Amz-Expires=604800&X-Amz-Signature=8c06b75b8db112e656e8f0d207a50abcfb91c3bdcce6a273bfa6007881058c78&X-Amz-SignedHeaders=host&response-content-disposition=attachment%3B%20filename%3D8e1f7245-5f4a-4b45-b917-8288f58e1c1d.flac&x-id=GetObject,0.276044488,24544
K2am-2021-05-03_19-40.WAV,2021 Kern 2,2021,5,3,19,40,sp32,Simple Call,16.97599983,17.81333351,2906,6188,24000,present,https://rfcx-streams-production.s3.eu-west-1.amazonaws.com/2021/05/04/pem8hxalyx7i/99dbbe3a-ccd1-4792-a196-7dba31c50945.flac?X-Amz-Algorithm=AWS4-HMAC-SHA256&X-Amz-Content-Sha256=UNSIGNED-PAYLOAD&X-Amz-Credential=AKIA45B7YWBX5HAZMGOU%2F20260223%2Feu-west-1%2Fs3%2Faws4_request&X-Amz-Date=20260223T001201Z&X-Amz-Expires=604800&X-Amz-Signature=b0a9dfd86b2114c5463bddeeedc56ff57f8cc40ca2fc7f34cde1665518e732ae&X-Amz-SignedHeaders=host&response-content-disposition=attachment%3B%20filename%3D99dbbe3a-ccd1-4792-a196-7dba31c50945.flac&x-id=GetObject,0.222524524,24544
K2am-2021-05-03_20-40.WAV,2021 Kern 2,2021,5,3,20,40,sp32,Simple Call,31.01866722,31.8560009,2906,6188,24000,present,https://rfcx-streams-production.s3.eu-west-1.amazonaws.com/2021/05/04/pem8hxalyx7i/263bacde-8058-463e-b41a-4805f7595a98.flac?X-Amz-Algorithm=AWS4-HMAC-SHA256&X-Amz-Content-Sha256=UNSIGNED-PAYLOAD&X-Amz-Credential=AKIA45B7YWBX5HAZMGOU%2F20260223%2Feu-west-1%2Fs3%2Faws4_request&X-Amz-Date=20260223T001201Z&X-Amz-Expires=604800&X-Amz-Signature=181a803bbf1e2439c958d4f316a1252dc5a8ed56581560de611baade33dec1cc&X-Amz-SignedHeaders=host&response-content-disposition=attachment%3B%20filename%3D263bacde-8058-463e-b41a-4805f7595a98.flac&x-id=GetObject,0.204662517,24544
K2am-2021-05-04_08-20.WAV,2021 Kern 2,2021,5,4,8,20,sp32,Simple Call,42.66666794,43.50400162,2906,6188,24000,present,https://rfcx-streams-production.s3.eu-west-1.amazonaws.com/2021/05/04/pem8hxalyx7i/95292dc9-9c61-4b13-a7c7-960ee8456fcd.flac?X-Amz-Algorithm=AWS4-HMAC-SHA256&X-Amz-Content-Sha256=UNSIGNED-PAYLOAD&X-Amz-Credential=AKIA45B7YWBX5HAZMGOU%2F20260223%2Feu-west-1%2Fs3%2Faws4_request&X-Amz-Date=20260223T001157Z&X-Amz-Expires=604800&X-Amz-Signature=2bbef1453ac67bfd8bd72c4cdd3d5ccef1214e9f7e6beb10bec1df070f4c6439&X-Amz-SignedHeaders=host&response-content-disposition=attachment%3B%20filename%3D95292dc9-9c61-4b13-a7c7-960ee8456fcd.flac&x-id=GetObject,0.324285835,24544
K2am-2021-05-04_08-40.WAV,2021 Kern 2,2021,5,4,8,40,sp32,Simple Call,0.842666686,1.679999948,2906,6188,24000,present,https://rfcx-streams-production.s3.eu-west-1.amazonaws.com/2021/05/04/pem8hxalyx7i/44df1189-8650-4049-afde-a56a1aba50b2.flac?X-Amz-Algorithm=AWS4-HMAC-SHA256&X-Amz-Content-Sha256=UNSIGNED-PAYLOAD&X-Amz-Credential=AKIA45B7YWBX5HAZMGOU%2F20260223%2Feu-west-1%2Fs3%2Faws4_request&X-Amz-Date=20260223T001206Z&X-Amz-Expires=604800&X-Amz-Signature=7f4de4dd3b28aed4444b20c5236daffa0f56047e32d29e2c958f5d6ce147d0d6&X-Amz-SignedHeaders=host&response-content-disposition=attachment%3B%20filename%3D44df1189-8650-4049-afde-a56a1aba50b2.flac&x-id=GetObject,0.244427755,24544
K2am-2021-05-04_09-00.WAV,2021 Kern 2,2021,5,4,9,0,sp32,Simple Call,55.0613327,55.89866638,2906,6188,24000,present,https://rfcx-streams-production.s3.eu-west-1.amazonaws.com/2021/05/04/pem8hxalyx7i/0aebd41d-77f2-4b63-8cc3-3693f3d6dd4e.flac?X-Amz-Algorithm=AWS4-HMAC-SHA256&X-Amz-Content-Sha256=UNSIGNED-PAYLOAD&X-Amz-Credential=AKIA45B7YWBX5HAZMGOU%2F20260223%2Feu-west-1%2Fs3%2Faws4_request&X-Amz-Date=20260223T001157Z&X-Amz-Expires=604800&X-Amz-Signature=bff758a329278a9cb731c0cc9d3d2fe7b64f94d12b3b881ee15c8efd890eb5cc&X-Amz-SignedHeaders=host&response-content-disposition=attachment%3B%20filename%3D0aebd41d-77f2-4b63-8cc3-3693f3d6dd4e.flac&x-id=GetObject,0.247419745,24544
K2am-2021-05-04_09-20.WAV,2021 Kern 2,2021,5,4,9,20,sp32,Simple Call,3.685333252,4.522666454,2906,6188,24000,present,https://rfcx-streams-production.s3.eu-west-1.amazonaws.com/2021/05/04/pem8hxalyx7i/927ebf62-55d3-4fcb-a3c4-86336a8bf915.flac?X-Amz-Algorithm=AWS4-HMAC-SHA256&X-Amz-Content-Sha256=UNSIGNED-PAYLOAD&X-Amz-Credential=AKIA45B7YWBX5HAZMGOU%2F20260223%2Feu-west-1%2Fs3%2Faws4_request&X-Amz-Date=20260223T001157Z&X-Amz-Expires=604800&X-Amz-Signature=015d4e63eede820310e87516ae34a8948b2fded0d188f25daff6837aa3b4c46a&X-Amz-SignedHeaders=host&response-content-disposition=attachment%3B%20filename%3D927ebf62-55d3-4fcb-a3c4-86336a8bf915.flac&x-id=GetObject,0.310231328,24544
K2am-2021-05-04_09-40.WAV,2021 Kern 2,2021,5,4,9,40,sp32,Simple Call,40.6293335,41.46666718,2906,6188,24000,present,https://rfcx-streams-production.s3.eu-west-1.amazonaws.com/2021/05/04/pem8hxalyx7i/484b6e7d-e696-4c32-82b8-a15819e7c1cc.flac?X-Amz-Algorithm=AWS4-HMAC-SHA256&X-Amz-Content-Sha256=UNSIGNED-PAYLOAD&X-Amz-Credential=AKIA45B7YWBX5HAZMGOU%2F20260223%2Feu-west-1%2Fs3%2Faws4_request&X-Amz-Date=20260223T001158Z&X-Amz-Expires=604800&X-Amz-Signature=70d9ce00b711c690f77a23b4f9be3da8ca0e21502c7bc855d52649ec7ce220e5&X-Amz-SignedHeaders=host&response-content-disposition=attachment%3B%20filename%3D484b6e7d-e696-4c32-82b8-a15819e7c1cc.flac&x-id=GetObject,0.289479762,24544
K2am-2021-05-04_10-00.WAV,2021 Kern 2,2021,5,4,10,0,sp32,Simple Call,19.08799934,19.92533302,2906,6188,24000,present,https://rfcx-streams-production.s3.eu-west-1.amazonaws.com/2021/05/04/pem8hxalyx7i/d387911c-76cd-40a3-89dc-daf26e3768f9.flac?X-Amz-Algorithm=AWS4-HMAC-SHA256&X-Amz-Content-Sha256=UNSIGNED-PAYLOAD&X-Amz-Credential=AKIA45B7YWBX5HAZMGOU%2F20260223%2Feu-west-1%2Fs3%2Faws4_request&X-Amz-Date=20260223T001157Z&X-Amz-Expires=604800&X-Amz-Signature=45070cbde94d93701eb547eb5f031f9adf195c54d1a977766c20f17660000cc7&X-Amz-SignedHeaders=host&response-content-disposition=attachment%3B%20filename%3Dd387911c-76cd-40a3-89dc-daf26e3768f9.flac&x-id=GetObject,0.263411552,24544
K2am-2021-05-04_10-20.WAV,2021 Kern 2,2021,5,4,10,20,sp32,Simple Call,5.253333569,6.090666771,2906,6188,24000,present,https://rfcx-streams-production.s3.eu-west-1.amazonaws.com/2021/05/04/pem8hxalyx7i/47054fab-da40-4a1f-8ce3-f6a7551c6f46.flac?X-Amz-Algorithm=AWS4-HMAC-SHA256&X-Amz-Content-Sha256=UNSIGNED-PAYLOAD&X-Amz-Credential=AKIA45B7YWBX5HAZMGOU%2F20260223%2Feu-west-1%2Fs3%2Faws4_request&X-Amz-Date=20260223T001157Z&X-Amz-Expires=604800&X-Amz-Signature=d36ceccbc502e8189dc4154d0d2927ddf2cdbb739ac7b0d31480826db02bc7b0&X-Amz-SignedHeaders=host&response-content-disposition=attachment%3B%20filename%3D47054fab-da40-4a1f-8ce3-f6a7551c6f46.flac&x-id=GetObject,0.310246497,24544
K2am-2021-05-04_10-40.WAV,2021 Kern 2,2021,5,4,10,40,sp32,Simple Call,9.41866684,10.25599957,2906,6188,24000,present,https://rfcx-streams-production.s3.eu-west-1.amazonaws.com/2021/05/04/pem8hxalyx7i/c1ae6fdc-2736-4359-a5be-30f3626aaf41.flac?X-Amz-Algorithm=AWS4-HMAC-SHA256&X-Amz-Content-Sha256=UNSIGNED-PAYLOAD&X-Amz-Credential=AKIA45B7YWBX5HAZMGOU%2F20260223%2Feu-west-1%2Fs3%2Faws4_request&X-Amz-Date=20260223T001157Z&X-Amz-Expires=604800&X-Amz-Signature=b1b46b6dbd41f0a424143695945b89b5e0a02c5579c0007d1c0dbf51e4fe0cb0&X-Amz-SignedHeaders=host&response-content-disposition=attachment%3B%20filename%3Dc1ae6fdc-2736-4359-a5be-30f3626aaf41.flac&x-id=GetObject,0.219107091,24544
K2am-2021-05-04_11-20.WAV,2021 Kern 2,2021,5,4,11,20,sp32,Simple Call,5.823999882,6.661333561,2906,6188,24000,present,https://rfcx-streams-production.s3.eu-west-1.amazonaws.com/2021/05/04/pem8hxalyx7i/bb71f27d-daff-4c2d-8cd0-f71900ba5364.flac?X-Amz-Algorithm=AWS4-HMAC-SHA256&X-Amz-Content-Sha256=UNSIGNED-PAYLOAD&X-Amz-Credential=AKIA45B7YWBX5HAZMGOU%2F20260223%2Feu-west-1%2Fs3%2Faws4_request&X-Amz-Date=20260223T001201Z&X-Amz-Expires=604800&X-Amz-Signature=181bc32ed520586a3784fc3b6015970f522fb4c99f80692363a0a47103730fd2&X-Amz-SignedHeaders=host&response-content-disposition=attachment%3B%20filename%3Dbb71f27d-daff-4c2d-8cd0-f71900ba5364.flac&x-id=GetObject,0.228764594,24544
K2am-2021-05-04_11-40.WAV,2021 Kern 2,2021,5,4,11,40,sp32,Simple Call,53.36533356,54.20266724,2906,6188,24000,present,https://rfcx-streams-production.s3.eu-west-1.amazonaws.com/2021/05/04/pem8hxalyx7i/9fcec47c-b628-4ad3-8190-61b5a2d980d7.flac?X-Amz-Algorithm=AWS4-HMAC-SHA256&X-Amz-Content-Sha256=UNSIGNED-PAYLOAD&X-Amz-Credential=AKIA45B7YWBX5HAZMGOU%2F20260223%2Feu-west-1%2Fs3%2Faws4_request&X-Amz-Date=20260223T001201Z&X-Amz-Expires=604800&X-Amz-Signature=b7c9cd77c1c95e9b2cf016e0815ec4219f5800fd136d96efd44d43402c72f429&X-Amz-SignedHeaders=host&response-content-disposition=attachment%3B%20filename%3D9fcec47c-b628-4ad3-8190-61b5a2d980d7.flac&x-id=GetObject,0.227378279,24544
K2am-2021-05-04_12-00.WAV,2021 Kern 2,2021,5,4,12,0,sp32,Simple Call,8.026666641,8.86400032,2906,6188,24000,present,https://rfcx-streams-production.s3.eu-west-1.amazonaws.com/2021/05/04/pem8hxalyx7i/5bdea163-29ae-4b4d-b692-559e3353ac72.flac?X-Amz-Algorithm=AWS4-HMAC-SHA256&X-Amz-Content-Sha256=UNSIGNED-PAYLOAD&X-Amz-Credential=AKIA45B7YWBX5HAZMGOU%2F20260223%2Feu-west-1%2Fs3%2Faws4_request&X-Amz-Date=20260223T001201Z&X-Amz-Expires=604800&X-Amz-Signature=e641d9439bb3c776d49758e4f6390554d8dee840f3a9343aa33823cb92d47202&X-Amz-SignedHeaders=host&response-content-disposition=attachment%3B%20filename%3D5bdea163-29ae-4b4d-b692-559e3353ac72.flac&x-id=GetObject,0.262286454,24544
K2am-2021-05-04_12-40.WAV,2021 Kern 2,2021,5,4,12,40,sp32,Simple Call,48.99200058,49.82933426,2906,6188,24000,present,https://rfcx-streams-production.s3.eu-west-1.amazonaws.com/2021/05/04/pem8hxalyx7i/68d35887-f15d-42b5-a503-ca855fc8bba5.flac?X-Amz-Algorithm=AWS4-HMAC-SHA256&X-Amz-Content-Sha256=UNSIGNED-PAYLOAD&X-Amz-Credential=AKIA45B7YWBX5HAZMGOU%2F20260223%2Feu-west-1%2Fs3%2Faws4_request&X-Amz-Date=20260223T001201Z&X-Amz-Expires=604800&X-Amz-Signature=66d11f5e564c56d66f49b656db25cdbff705cdcad9708ada64e33b29095b1e7d&X-Amz-SignedHeaders=host&response-content-disposition=attachment%3B%20filename%3D68d35887-f15d-42b5-a503-ca855fc8bba5.flac&x-id=GetObject,0.283959627,24544
K2am-2021-05-04_16-00.WAV,2021 Kern 2,2021,5,4,16,0,sp32,Simple Call,52.47999954,53.31733322,2906,6188,24000,present,https://rfcx-streams-production.s3.eu-west-1.amazonaws.com/2021/05/04/pem8hxalyx7i/8b5c3098-9539-4a80-9376-e96499e9772d.flac?X-Amz-Algorithm=AWS4-HMAC-SHA256&X-Amz-Content-Sha256=UNSIGNED-PAYLOAD&X-Amz-Credential=AKIA45B7YWBX5HAZMGOU%2F20260223%2Feu-west-1%2Fs3%2Faws4_request&X-Amz-Date=20260223T001157Z&X-Amz-Expires=604800&X-Amz-Signature=9d692c87335aa86a368c563d7ec91137853a42e3088050178e8e0d45ee02910d&X-Amz-SignedHeaders=host&response-content-disposition=attachment%3B%20filename%3D8b5c3098-9539-4a80-9376-e96499e9772d.flac&x-id=GetObject,0.262429953,24544
K2am-2021-05-04_16-40.WAV,2021 Kern 2,2021,5,4,16,40,sp32,Simple Call,25.48266602,26.31999969,2906,6188,24000,present,https://rfcx-streams-production.s3.eu-west-1.amazonaws.com/2021/05/04/pem8hxalyx7i/a6d38606-179a-4def-821d-f51a9329090d.flac?X-Amz-Algorithm=AWS4-HMAC-SHA256&X-Amz-Content-Sha256=UNSIGNED-PAYLOAD&X-Amz-Credential=AKIA45B7YWBX5HAZMGOU%2F20260223%2Feu-west-1%2Fs3%2Faws4_request&X-Amz-Date=20260223T001201Z&X-Amz-Expires=604800&X-Amz-Signature=b8e551f989f3dd904bb3953e8031ffe2df306f039fac1aba34ca139defe3e0fa&X-Amz-SignedHeaders=host&response-content-disposition=attachment%3B%20filename%3Da6d38606-179a-4def-821d-f51a9329090d.flac&x-id=GetObject,0.305858523,24544
K2am-2021-05-04_17-00.WAV,2021 Kern 2,2021,5,4,17,0,sp32,Simple Call,5.455999851,6.29333353,2906,6188,24000,present,https://rfcx-streams-production.s3.eu-west-1.amazonaws.com/2021/05/05/pem8hxalyx7i/89b37ccb-5159-4447-8cd3-db321b59062f.flac?X-Amz-Algorithm=AWS4-HMAC-SHA256&X-Amz-Content-Sha256=UNSIGNED-PAYLOAD&X-Amz-Credential=AKIA45B7YWBX5HAZMGOU%2F20260223%2Feu-west-1%2Fs3%2Faws4_request&X-Amz-Date=20260223T001158Z&X-Amz-Expires=604800&X-Amz-Signature=934e9ef6724197c0068d2f1e134f89eb9980e814f6b98ef15452ed221e60d968&X-Amz-SignedHeaders=host&response-content-disposition=attachment%3B%20filename%3D89b37ccb-5159-4447-8cd3-db321b59062f.flac&x-id=GetObject,0.328978896,24544
K2am-2021-05-04_17-20.WAV,2021 Kern 2,2021,5,4,17,20,sp32,Simple Call,6.069333553,6.906666756,2906,6188,24000,present,https://rfcx-streams-production.s3.eu-west-1.amazonaws.com/2021/05/05/pem8hxalyx7i/710e844d-6d85-488a-bc9b-491510c32ecb.flac?X-Amz-Algorithm=AWS4-HMAC-SHA256&X-Amz-Content-Sha256=UNSIGNED-PAYLOAD&X-Amz-Credential=AKIA45B7YWBX5HAZMGOU%2F20260223%2Feu-west-1%2Fs3%2Faws4_request&X-Amz-Date=20260223T001201Z&X-Amz-Expires=604800&X-Amz-Signature=e5ef79996f5f577fe734a01161d589311a2505c8aac61a6004d16c2ded0ce044&X-Amz-SignedHeaders=host&response-content-disposition=attachment%3B%20filename%3D710e844d-6d85-488a-bc9b-491510c32ecb.flac&x-id=GetObject,0.285522312,24544
K2am-2021-05-04_17-40.WAV,2021 Kern 2,2021,5,4,17,40,sp32,Simple Call,5.482666492,6.320000172,2906,6188,24000,present,https://rfcx-streams-production.s3.eu-west-1.amazonaws.com/2021/05/05/pem8hxalyx7i/6d1e1adb-e207-47b5-9a8c-4355ee86fb76.flac?X-Amz-Algorithm=AWS4-HMAC-SHA256&X-Amz-Content-Sha256=UNSIGNED-PAYLOAD&X-Amz-Credential=AKIA45B7YWBX5HAZMGOU%2F20260223%2Feu-west-1%2Fs3%2Faws4_request&X-Amz-Date=20260223T001201Z&X-Amz-Expires=604800&X-Amz-Signature=c80be59ae502715f84f5aa0c746ef117f63a50934a8cdfaf7432d84778026cc0&X-Amz-SignedHeaders=host&response-content-disposition=attachment%3B%20filename%3D6d1e1adb-e207-47b5-9a8c-4355ee86fb76.flac&x-id=GetObject,0.336873382,24544
K2am-2021-05-04_18-00.WAV,2021 Kern 2,2021,5,4,18,0,sp32,Simple Call,15.18933296,16.02666664,2906,6188,24000,present,https://rfcx-streams-production.s3.eu-west-1.amazonaws.com/2021/05/05/pem8hxalyx7i/8f1493b7-6ae7-4309-8b4b-3d8dd0326282.flac?X-Amz-Algorithm=AWS4-HMAC-SHA256&X-Amz-Content-Sha256=UNSIGNED-PAYLOAD&X-Amz-Credential=AKIA45B7YWBX5HAZMGOU%2F20260223%2Feu-west-1%2Fs3%2Faws4_request&X-Amz-Date=20260223T001201Z&X-Amz-Expires=604800&X-Amz-Signature=c20eb42271e699cfa2f6de96c83a6d584d14f27f9745e6a7ff0562b605aa38b8&X-Amz-SignedHeaders=host&response-content-disposition=attachment%3B%20filename%3D8f1493b7-6ae7-4309-8b4b-3d8dd0326282.flac&x-id=GetObject,0.247429669,24544
K2am-2021-05-05_08-20.WAV,2021 Kern 2,2021,5,5,8,20,sp32,Simple Call,20.51199913,21.34933281,2906,6188,24000,present,https://rfcx-streams-production.s3.eu-west-1.amazonaws.com/2021/05/05/pem8hxalyx7i/3b352a2e-26c4-4341-b8d1-bab8c8d3eef7.flac?X-Amz-Algorithm=AWS4-HMAC-SHA256&X-Amz-Content-Sha256=UNSIGNED-PAYLOAD&X-Amz-Credential=AKIA45B7YWBX5HAZMGOU%2F20260223%2Feu-west-1%2Fs3%2Faws4_request&X-Amz-Date=20260223T001157Z&X-Amz-Expires=604800&X-Amz-Signature=26c9eb8fbe243f90162c17a4f92955f338a2439ff880844f2005d04e7805da70&X-Amz-SignedHeaders=host&response-content-disposition=attachment%3B%20filename%3D3b352a2e-26c4-4341-b8d1-bab8c8d3eef7.flac&x-id=GetObject,0.217303529,24544
K2am-2021-05-05_09-40.WAV,2021 Kern 2,2021,5,5,9,40,sp32,Simple Call,25.49333382,26.3306675,2906,6188,24000,present,https://rfcx-streams-production.s3.eu-west-1.amazonaws.com/2021/05/05/pem8hxalyx7i/76d3bdc8-7f73-4ec8-82d3-88a60cba8124.flac?X-Amz-Algorithm=AWS4-HMAC-SHA256&X-Amz-Content-Sha256=UNSIGNED-PAYLOAD&X-Amz-Credential=AKIA45B7YWBX5HAZMGOU%2F20260223%2Feu-west-1%2Fs3%2Faws4_request&X-Amz-Date=20260223T001201Z&X-Amz-Expires=604800&X-Amz-Signature=5661df54825985c6d89b37a626a367848481ef3bea352b2bd4f9910ad449b723&X-Amz-SignedHeaders=host&response-content-disposition=attachment%3B%20filename%3D76d3bdc8-7f73-4ec8-82d3-88a60cba8124.flac&x-id=GetObject,0.266141802,24544
K2am-2021-05-05_10-00.WAV,2021 Kern 2,2021,5,5,10,0,sp32,Simple Call,57.36533356,58.20266724,2906,6188,24000,present,https://rfcx-streams-production.s3.eu-west-1.amazonaws.com/2021/05/05/pem8hxalyx7i/ba9313d9-f84c-40d9-81c1-39d6db420f7e.flac?X-Amz-Algorithm=AWS4-HMAC-SHA256&X-Amz-Content-Sha256=UNSIGNED-PAYLOAD&X-Amz-Credential=AKIA45B7YWBX5HAZMGOU%2F20260223%2Feu-west-1%2Fs3%2Faws4_request&X-Amz-Date=20260223T001157Z&X-Amz-Expires=604800&X-Amz-Signature=27eefcbd1f7225fe4f87e093369775cf26eebb1fb2110330818886141489a86a&X-Amz-SignedHeaders=host&response-content-disposition=attachment%3B%20filename%3Dba9313d9-f84c-40d9-81c1-39d6db420f7e.flac&x-id=GetObject,0.252293289,24544
K2am-2021-05-05_10-20.WAV,2021 Kern 2,2021,5,5,10,20,sp32,Simple Call,0.720000029,1.55733335,2906,6188,24000,present,https://rfcx-streams-production.s3.eu-west-1.amazonaws.com/2021/05/05/pem8hxalyx7i/93617dfe-8c60-40ba-bd53-5d364f0c920f.flac?X-Amz-Algorithm=AWS4-HMAC-SHA256&X-Amz-Content-Sha256=UNSIGNED-PAYLOAD&X-Amz-Credential=AKIA45B7YWBX5HAZMGOU%2F20260223%2Feu-west-1%2Fs3%2Faws4_request&X-Amz-Date=20260223T001201Z&X-Amz-Expires=604800&X-Amz-Signature=8abc773662a2cca2a1c4b90edca4f59eb611acbc6199ab773ec5b52181f63fb0&X-Amz-SignedHeaders=host&response-content-disposition=attachment%3B%20filename%3D93617dfe-8c60-40ba-bd53-5d364f0c920f.flac&x-id=GetObject,0.206430793,24544
K2am-2021-05-05_11-00.WAV,2021 Kern 2,2021,5,5,11,0,sp32,Simple Call,53.17866516,54.01599884,2906,6188,24000,present,https://rfcx-streams-production.s3.eu-west-1.amazonaws.com/2021/05/05/pem8hxalyx7i/6f5af2a2-2a0c-4d1c-b177-f454a83eab35.flac?X-Amz-Algorithm=AWS4-HMAC-SHA256&X-Amz-Content-Sha256=UNSIGNED-PAYLOAD&X-Amz-Credential=AKIA45B7YWBX5HAZMGOU%2F20260223%2Feu-west-1%2Fs3%2Faws4_request&X-Amz-Date=20260223T001157Z&X-Amz-Expires=604800&X-Amz-Signature=8cbb39f41aefc40c66fa36d7df7eb9e42167a2272a8d94f376643f139adca387&X-Amz-SignedHeaders=host&response-content-disposition=attachment%3B%20filename%3D6f5af2a2-2a0c-4d1c-b177-f454a83eab35.flac&x-id=GetObject,0.201190829,24544
K2am-2021-05-05_11-20.WAV,2021 Kern 2,2021,5,5,11,20,sp32,Simple Call,1.05066669,1.888000011,2906,6188,24000,present,https://rfcx-streams-production.s3.eu-west-1.amazonaws.com/2021/05/05/pem8hxalyx7i/db2b080d-7871-4b45-ad18-3703f770b14c.flac?X-Amz-Algorithm=AWS4-HMAC-SHA256&X-Amz-Content-Sha256=UNSIGNED-PAYLOAD&X-Amz-Credential=AKIA45B7YWBX5HAZMGOU%2F20260223%2Feu-west-1%2Fs3%2Faws4_request&X-Amz-Date=20260223T001157Z&X-Amz-Expires=604800&X-Amz-Signature=1b6692a0ae0ddd3bd0b78fde78ebafaac26a09cca249a27c14d5a5213ef553cf&X-Amz-SignedHeaders=host&response-content-disposition=attachment%3B%20filename%3Ddb2b080d-7871-4b45-ad18-3703f770b14c.flac&x-id=GetObject,0.221923083,24544
K2am-2021-05-05_11-40.WAV,2021 Kern 2,2021,5,5,11,40,sp32,Simple Call,54.04266739,54.88000107,2906,6188,24000,present,https://rfcx-streams-production.s3.eu-west-1.amazonaws.com/2021/05/05/pem8hxalyx7i/75e399c9-ebd5-4064-9534-8dddb0fb0247.flac?X-Amz-Algorithm=AWS4-HMAC-SHA256&X-Amz-Content-Sha256=UNSIGNED-PAYLOAD&X-Amz-Credential=AKIA45B7YWBX5HAZMGOU%2F20260223%2Feu-west-1%2Fs3%2Faws4_request&X-Amz-Date=20260223T001201Z&X-Amz-Expires=604800&X-Amz-Signature=2f9b3d3f85224b5f6403db1426828b3b63777520f39a7dcfb1d955e51c0dec2d&X-Amz-SignedHeaders=host&response-content-disposition=attachment%3B%20filename%3D75e399c9-ebd5-4064-9534-8dddb0fb0247.flac&x-id=GetObject,0.267852128,24544
K2am-2021-05-05_13-40.WAV,2021 Kern 2,2021,5,5,13,40,sp32,Simple Call,27.79199982,28.6293335,2906,6188,24000,present,https://rfcx-streams-production.s3.eu-west-1.amazonaws.com/2021/05/05/pem8hxalyx7i/331e6a98-5b0d-46ac-97b5-f55a2e0fc995.flac?X-Amz-Algorithm=AWS4-HMAC-SHA256&X-Amz-Content-Sha256=UNSIGNED-PAYLOAD&X-Amz-Credential=AKIA45B7YWBX5HAZMGOU%2F20260223%2Feu-west-1%2Fs3%2Faws4_request&X-Amz-Date=20260223T001201Z&X-Amz-Expires=604800&X-Amz-Signature=2807815f2bd70b53fbb7691df3a0d6263b92c6b8432ddf3ef3ce66a84a39bd07&X-Amz-SignedHeaders=host&response-content-disposition=attachment%3B%20filename%3D331e6a98-5b0d-46ac-97b5-f55a2e0fc995.flac&x-id=GetObject,0.237651706,24544
K2am-2021-05-05_15-20.WAV,2021 Kern 2,2021,5,5,15,20,sp32,Simple Call,18.57066727,19.40800095,2906,6188,24000,present,https://rfcx-streams-production.s3.eu-west-1.amazonaws.com/2021/05/05/pem8hxalyx7i/c187c94c-d3e9-4206-94bd-9164ce3437e3.flac?X-Amz-Algorithm=AWS4-HMAC-SHA256&X-Amz-Content-Sha256=UNSIGNED-PAYLOAD&X-Amz-Credential=AKIA45B7YWBX5HAZMGOU%2F20260223%2Feu-west-1%2Fs3%2Faws4_request&X-Amz-Date=20260223T001201Z&X-Amz-Expires=604800&X-Amz-Signature=e424b963d669a97a876aa3b1a253c66d52180eb78ba202d3916af85f9e9bfed4&X-Amz-SignedHeaders=host&response-content-disposition=attachment%3B%20filename%3Dc187c94c-d3e9-4206-94bd-9164ce3437e3.flac&x-id=GetObject,0.282773018,24544
K2am-2021-05-05_17-00.WAV,2021 Kern 2,2021,5,5,17,0,sp32,Simple Call,9.78666687,10.6239996,2906,6188,24000,present,https://rfcx-streams-production.s3.eu-west-1.amazonaws.com/2021/05/06/pem8hxalyx7i/45f17daf-ca11-4033-90e5-b4ff18f09a48.flac?X-Amz-Algorithm=AWS4-HMAC-SHA256&X-Amz-Content-Sha256=UNSIGNED-PAYLOAD&X-Amz-Credential=AKIA45B7YWBX5HAZMGOU%2F20260223%2Feu-west-1%2Fs3%2Faws4_request&X-Amz-Date=20260223T001157Z&X-Amz-Expires=604800&X-Amz-Signature=66a4ceb65ca7dd8c78fac19db6e19fdfa0b1d2b5f491fe9679420062470bc01f&X-Amz-SignedHeaders=host&response-content-disposition=attachment%3B%20filename%3D45f17daf-ca11-4033-90e5-b4ff18f09a48.flac&x-id=GetObject,0.288014024,24544
K2am-2021-05-05_17-20.WAV,2021 Kern 2,2021,5,5,17,20,sp32,Simple Call,43.22133255,44.05866623,2906,6188,24000,present,https://rfcx-streams-production.s3.eu-west-1.amazonaws.com/2021/05/06/pem8hxalyx7i/4651b5cc-f00e-49e1-a79b-f952e1743062.flac?X-Amz-Algorithm=AWS4-HMAC-SHA256&X-Amz-Content-Sha256=UNSIGNED-PAYLOAD&X-Amz-Credential=AKIA45B7YWBX5HAZMGOU%2F20260223%2Feu-west-1%2Fs3%2Faws4_request&X-Amz-Date=20260223T001157Z&X-Amz-Expires=604800&X-Amz-Signature=7884633e774a1fff95f151369e9260eac5228724896ad2163c2826dfe9510c65&X-Amz-SignedHeaders=host&response-content-disposition=attachment%3B%20filename%3D4651b5cc-f00e-49e1-a79b-f952e1743062.flac&x-id=GetObject,0.232844934,24544
K2am-2021-05-05_17-40.WAV,2021 Kern 2,2021,5,5,17,40,sp32,Simple Call,50.72533417,51.56266785,2906,6188,24000,present,https://rfcx-streams-production.s3.eu-west-1.amazonaws.com/2021/05/06/pem8hxalyx7i/c6d5f416-d48a-405a-b4cc-5355e22b4d61.flac?X-Amz-Algorithm=AWS4-HMAC-SHA256&X-Amz-Content-Sha256=UNSIGNED-PAYLOAD&X-Amz-Credential=AKIA45B7YWBX5HAZMGOU%2F20260223%2Feu-west-1%2Fs3%2Faws4_request&X-Amz-Date=20260223T001157Z&X-Amz-Expires=604800&X-Amz-Signature=48dc9dd0ec026301b37952ab1bdcd0ef30fdcb1ae8974f4d639b50e2e3906314&X-Amz-SignedHeaders=host&response-content-disposition=attachment%3B%20filename%3Dc6d5f416-d48a-405a-b4cc-5355e22b4d61.flac&x-id=GetObject,0.333527476,24544
K2am-2021-05-05_18-00.WAV,2021 Kern 2,2021,5,5,18,0,sp32,Simple Call,33.82400131,34.66133499,2906,6188,24000,present,https://rfcx-streams-production.s3.eu-west-1.amazonaws.com/2021/05/06/pem8hxalyx7i/73b1db76-e777-498c-b760-fb2fc43b972a.flac?X-Amz-Algorithm=AWS4-HMAC-SHA256&X-Amz-Content-Sha256=UNSIGNED-PAYLOAD&X-Amz-Credential=AKIA45B7YWBX5HAZMGOU%2F20260223%2Feu-west-1%2Fs3%2Faws4_request&X-Amz-Date=20260223T001157Z&X-Amz-Expires=604800&X-Amz-Signature=7562803b8711f2b0625c885d363bf90beeb14edff531d69b680e0582d5d6f817&X-Amz-SignedHeaders=host&response-content-disposition=attachment%3B%20filename%3D73b1db76-e777-498c-b760-fb2fc43b972a.flac&x-id=GetObject,0.251070619,24544
K2am-2021-05-05_18-20.WAV,2021 Kern 2,2021,5,5,18,20,sp32,Simple Call,41.34933472,42.1866684,2906,6188,24000,present,https://rfcx-streams-production.s3.eu-west-1.amazonaws.com/2021/05/06/pem8hxalyx7i/31abeb0a-6e5f-4386-8409-988333287846.flac?X-Amz-Algorithm=AWS4-HMAC-SHA256&X-Amz-Content-Sha256=UNSIGNED-PAYLOAD&X-Amz-Credential=AKIA45B7YWBX5HAZMGOU%2F20260223%2Feu-west-1%2Fs3%2Faws4_request&X-Amz-Date=20260223T001157Z&X-Amz-Expires=604800&X-Amz-Signature=1882f4f929c41072c27d15fe71ffa61fb2be0ebac044e86c78d12d81669fe3ff&X-Amz-SignedHeaders=host&response-content-disposition=attachment%3B%20filename%3D31abeb0a-6e5f-4386-8409-988333287846.flac&x-id=GetObject,0.293382972,24544
K2am-2021-05-05_18-40.WAV,2021 Kern 2,2021,5,5,18,40,sp32,Simple Call,6.06400013,6.901333332,2906,6188,24000,present,https://rfcx-streams-production.s3.eu-west-1.amazonaws.com/2021/05/06/pem8hxalyx7i/adcf7509-e28c-4fe5-bed1-fef0f8f9fa75.flac?X-Amz-Algorithm=AWS4-HMAC-SHA256&X-Amz-Content-Sha256=UNSIGNED-PAYLOAD&X-Amz-Credential=AKIA45B7YWBX5HAZMGOU%2F20260223%2Feu-west-1%2Fs3%2Faws4_request&X-Amz-Date=20260223T001157Z&X-Amz-Expires=604800&X-Amz-Signature=e7e797a7406047823321934c83d3bd4eceb956a1a74ac2454fbd0960047b4327&X-Amz-SignedHeaders=host&response-content-disposition=attachment%3B%20filename%3Dadcf7509-e28c-4fe5-bed1-fef0f8f9fa75.flac&x-id=GetObject,0.205003232,24544
K2am-2021-05-05_19-00.WAV,2021 Kern 2,2021,5,5,19,0,sp32,Simple Call,44.74666595,45.58399963,2906,6188,24000,present,https://rfcx-streams-production.s3.eu-west-1.amazonaws.com/2021/05/06/pem8hxalyx7i/063256c2-7526-4568-a0ad-a95c92b86a73.flac?X-Amz-Algorithm=AWS4-HMAC-SHA256&X-Amz-Content-Sha256=UNSIGNED-PAYLOAD&X-Amz-Credential=AKIA45B7YWBX5HAZMGOU%2F20260223%2Feu-west-1%2Fs3%2Faws4_request&X-Amz-Date=20260223T001157Z&X-Amz-Expires=604800&X-Amz-Signature=cbd802bce0946f72f17026b5a2c750d637536a5ce2db1bea4e07d9133e76dc96&X-Amz-SignedHeaders=host&response-content-disposition=attachment%3B%20filename%3D063256c2-7526-4568-a0ad-a95c92b86a73.flac&x-id=GetObject,0.264360905,24544
K2am-2021-05-05_20-00.WAV,2021 Kern 2,2021,5,5,20,0,sp32,Simple Call,13.49333286,14.33066654,2906,6188,24000,present,https://rfcx-streams-production.s3.eu-west-1.amazonaws.com/2021/05/06/pem8hxalyx7i/1e93a951-1c91-4660-ba16-d6878aa6d6fb.flac?X-Amz-Algorithm=AWS4-HMAC-SHA256&X-Amz-Content-Sha256=UNSIGNED-PAYLOAD&X-Amz-Credential=AKIA45B7YWBX5HAZMGOU%2F20260223%2Feu-west-1%2Fs3%2Faws4_request&X-Amz-Date=20260223T001157Z&X-Amz-Expires=604800&X-Amz-Signature=949a01351478261809d839875319c290bfca6f54202b8cd491a35db31b3f2b9a&X-Amz-SignedHeaders=host&response-content-disposition=attachment%3B%20filename%3D1e93a951-1c91-4660-ba16-d6878aa6d6fb.flac&x-id=GetObject,0.205241114,24544
K2am-2021-05-05_20-40.WAV,2021 Kern 2,2021,5,5,20,40,sp32,Simple Call,22.84266663,23.68000031,2906,6188,24000,present,https://rfcx-streams-production.s3.eu-west-1.amazonaws.com/2021/05/06/pem8hxalyx7i/14daca33-9e6f-4cca-b18e-4c56c67c3535.flac?X-Amz-Algorithm=AWS4-HMAC-SHA256&X-Amz-Content-Sha256=UNSIGNED-PAYLOAD&X-Amz-Credential=AKIA45B7YWBX5HAZMGOU%2F20260223%2Feu-west-1%2Fs3%2Faws4_request&X-Amz-Date=20260223T001201Z&X-Amz-Expires=604800&X-Amz-Signature=3ab9cd7e65a8d8b32e6f2c6dbab751475574ab88db0da2a5181c5d2dd16cea48&X-Amz-SignedHeaders=host&response-content-disposition=attachment%3B%20filename%3D14daca33-9e6f-4cca-b18e-4c56c67c3535.flac&x-id=GetObject,0.256594688,24544
K2am-2021-05-05_21-20.WAV,2021 Kern 2,2021,5,5,21,20,sp32,Simple Call,32.63999939,33.47733307,2906,6188,24000,present,https://rfcx-streams-production.s3.eu-west-1.amazonaws.com/2021/05/06/pem8hxalyx7i/7bb3ddab-24d7-4b37-92bc-1c8585ba736a.flac?X-Amz-Algorithm=AWS4-HMAC-SHA256&X-Amz-Content-Sha256=UNSIGNED-PAYLOAD&X-Amz-Credential=AKIA45B7YWBX5HAZMGOU%2F20260223%2Feu-west-1%2Fs3%2Faws4_request&X-Amz-Date=20260223T001201Z&X-Amz-Expires=604800&X-Amz-Signature=382c40f736c8c5846fddce6958585dfc9eaf9e174b078a14b5c890f0d6145a9d&X-Amz-SignedHeaders=host&response-content-disposition=attachment%3B%20filename%3D7bb3ddab-24d7-4b37-92bc-1c8585ba736a.flac&x-id=GetObject,0.211189732,24544
K2am-2021-05-06_00-40.WAV,2021 Kern 2,2021,5,6,0,40,sp32,Simple Call,49.44533157,50.28266525,2906,6188,24000,present,https://rfcx-streams-production.s3.eu-west-1.amazonaws.com/2021/05/06/pem8hxalyx7i/61718a75-a202-4aac-936a-d65e72c57422.flac?X-Amz-Algorithm=AWS4-HMAC-SHA256&X-Amz-Content-Sha256=UNSIGNED-PAYLOAD&X-Amz-Credential=AKIA45B7YWBX5HAZMGOU%2F20260223%2Feu-west-1%2Fs3%2Faws4_request&X-Amz-Date=20260223T001201Z&X-Amz-Expires=604800&X-Amz-Signature=2721398fbf8f09e4efc46cfb5a7c3760d4a7bdc3e304151dfecfbbffdfc6898f&X-Amz-SignedHeaders=host&response-content-disposition=attachment%3B%20filename%3D61718a75-a202-4aac-936a-d65e72c57422.flac&x-id=GetObject,0.214388087,24544
K2am-2021-05-06_01-20.WAV,2021 Kern 2,2021,5,6,1,20,sp32,Simple Call,3.743999958,4.58133316,2906,6188,24000,present,https://rfcx-streams-production.s3.eu-west-1.amazonaws.com/2021/05/06/pem8hxalyx7i/e0af4938-7aec-4c62-8015-b115e66a240b.flac?X-Amz-Algorithm=AWS4-HMAC-SHA256&X-Amz-Content-Sha256=UNSIGNED-PAYLOAD&X-Amz-Credential=AKIA45B7YWBX5HAZMGOU%2F20260223%2Feu-west-1%2Fs3%2Faws4_request&X-Amz-Date=20260223T001201Z&X-Amz-Expires=604800&X-Amz-Signature=051c17e691b10cee148441523103c44b149cdcbf7a09cb8b39e578de538270fc&X-Amz-SignedHeaders=host&response-content-disposition=attachment%3B%20filename%3De0af4938-7aec-4c62-8015-b115e66a240b.flac&x-id=GetObject,0.203270361,24544
K2am-2021-05-06_03-00.WAV,2021 Kern 2,2021,5,6,3,0,sp32,Simple Call,7.28000021,8.117333412,2906,6188,24000,present,https://rfcx-streams-production.s3.eu-west-1.amazonaws.com/2021/05/06/pem8hxalyx7i/5c134c84-00b9-4646-b9f4-1961a1ec99cf.flac?X-Amz-Algorithm=AWS4-HMAC-SHA256&X-Amz-Content-Sha256=UNSIGNED-PAYLOAD&X-Amz-Credential=AKIA45B7YWBX5HAZMGOU%2F20260223%2Feu-west-1%2Fs3%2Faws4_request&X-Amz-Date=20260223T001201Z&X-Amz-Expires=604800&X-Amz-Signature=456b9c72bf04a7095cfb2f73dd2124b9add4a461a1f1704a6fe2b8e589c1d39a&X-Amz-SignedHeaders=host&response-content-disposition=attachment%3B%20filename%3D5c134c84-00b9-4646-b9f4-1961a1ec99cf.flac&x-id=GetObject,0.203727335,24544
K2am-2021-05-06_08-40.WAV,2021 Kern 2,2021,5,6,8,40,sp32,Simple Call,57.51466751,58.35200119,2906,6188,24000,present,https://rfcx-streams-production.s3.eu-west-1.amazonaws.com/2021/05/06/pem8hxalyx7i/c812cf74-a49a-4d84-876f-c1beee36450c.flac?X-Amz-Algorithm=AWS4-HMAC-SHA256&X-Amz-Content-Sha256=UNSIGNED-PAYLOAD&X-Amz-Credential=AKIA45B7YWBX5HAZMGOU%2F20260223%2Feu-west-1%2Fs3%2Faws4_request&X-Amz-Date=20260223T001201Z&X-Amz-Expires=604800&X-Amz-Signature=74fc9b82bc4fe3748421bba199f0efd942543ff5b1be72eb16e03497706d40ab&X-Amz-SignedHeaders=host&response-content-disposition=attachment%3B%20filename%3Dc812cf74-a49a-4d84-876f-c1beee36450c.flac&x-id=GetObject,0.251330376,24544
K2am-2021-05-06_10-00.WAV,2021 Kern 2,2021,5,6,10,0,sp32,Simple Call,6.592000008,7.42933321,2906,6188,24000,present,https://rfcx-streams-production.s3.eu-west-1.amazonaws.com/2021/05/06/pem8hxalyx7i/86a497e8-93e5-46d1-8132-8d56c7ba2792.flac?X-Amz-Algorithm=AWS4-HMAC-SHA256&X-Amz-Content-Sha256=UNSIGNED-PAYLOAD&X-Amz-Credential=AKIA45B7YWBX5HAZMGOU%2F20260223%2Feu-west-1%2Fs3%2Faws4_request&X-Amz-Date=20260223T001201Z&X-Amz-Expires=604800&X-Amz-Signature=6009701b086a26a4f53ec50c95ec3987211cf2e1dc33e6a0b42f6fb6aa2d1849&X-Amz-SignedHeaders=host&response-content-disposition=attachment%3B%20filename%3D86a497e8-93e5-46d1-8132-8d56c7ba2792.flac&x-id=GetObject,0.283550382,24544
K2am-2021-05-06_10-40.WAV,2021 Kern 2,2021,5,6,10,40,sp32,Simple Call,41.37599945,42.21333313,2906,6188,24000,present,https://rfcx-streams-production.s3.eu-west-1.amazonaws.com/2021/05/06/pem8hxalyx7i/ff3c4caa-8efb-4658-89b5-f6ee09cbdc5f.flac?X-Amz-Algorithm=AWS4-HMAC-SHA256&X-Amz-Content-Sha256=UNSIGNED-PAYLOAD&X-Amz-Credential=AKIA45B7YWBX5HAZMGOU%2F20260223%2Feu-west-1%2Fs3%2Faws4_request&X-Amz-Date=20260223T001157Z&X-Amz-Expires=604800&X-Amz-Signature=641f4e29c0c98c029a7909d9a6b2eb0a1a4db19e42b2f5148e9e6cc43e665151&X-Amz-SignedHeaders=host&response-content-disposition=attachment%3B%20filename%3Dff3c4caa-8efb-4658-89b5-f6ee09cbdc5f.flac&x-id=GetObject,0.208574146,24544
K2am-2021-05-06_11-00.WAV,2021 Kern 2,2021,5,6,11,0,sp32,Simple Call,3.039999962,3.877333403,2906,6188,24000,present,https://rfcx-streams-production.s3.eu-west-1.amazonaws.com/2021/05/06/pem8hxalyx7i/0d9f3172-cee2-4320-93de-d8e89039a672.flac?X-Amz-Algorithm=AWS4-HMAC-SHA256&X-Amz-Content-Sha256=UNSIGNED-PAYLOAD&X-Amz-Credential=AKIA45B7YWBX5HAZMGOU%2F20260223%2Feu-west-1%2Fs3%2Faws4_request&X-Amz-Date=20260223T001157Z&X-Amz-Expires=604800&X-Amz-Signature=54fe92cd7c661b8dc96c5297caaf1fc27aff0b61d3c823c7932b511c6d63e7e7&X-Amz-SignedHeaders=host&response-content-disposition=attachment%3B%20filename%3D0d9f3172-cee2-4320-93de-d8e89039a672.flac&x-id=GetObject,0.241926044,24544
K2am-2021-05-06_16-00.WAV,2021 Kern 2,2021,5,6,16,0,sp32,Simple Call,11.02933311,11.86666679,2906,6188,24000,present,https://rfcx-streams-production.s3.eu-west-1.amazonaws.com/2021/05/06/pem8hxalyx7i/a78fe04b-c5bd-4cc4-b178-0278560a3142.flac?X-Amz-Algorithm=AWS4-HMAC-SHA256&X-Amz-Content-Sha256=UNSIGNED-PAYLOAD&X-Amz-Credential=AKIA45B7YWBX5HAZMGOU%2F20260223%2Feu-west-1%2Fs3%2Faws4_request&X-Amz-Date=20260223T001201Z&X-Amz-Expires=604800&X-Amz-Signature=f7da1bc22fa08bdefd334a66880662e328678f709dd0d4a8c3a2450e882a4bf8&X-Amz-SignedHeaders=host&response-content-disposition=attachment%3B%20filename%3Da78fe04b-c5bd-4cc4-b178-0278560a3142.flac&x-id=GetObject,0.318080604,24544
K2am-2021-05-06_16-20.WAV,2021 Kern 2,2021,5,6,16,20,sp32,Simple Call,30.04800034,30.88533401,2906,6188,24000,present,https://rfcx-streams-production.s3.eu-west-1.amazonaws.com/2021/05/06/pem8hxalyx7i/b6bea687-b287-4f17-94b7-08b43dbe8b08.flac?X-Amz-Algorithm=AWS4-HMAC-SHA256&X-Amz-Content-Sha256=UNSIGNED-PAYLOAD&X-Amz-Credential=AKIA45B7YWBX5HAZMGOU%2F20260223%2Feu-west-1%2Fs3%2Faws4_request&X-Amz-Date=20260223T001201Z&X-Amz-Expires=604800&X-Amz-Signature=afae29ede9abcb020290574e1dd06b6d629d57ab608764099ff949ae0b2df254&X-Amz-SignedHeaders=host&response-content-disposition=attachment%3B%20filename%3Db6bea687-b287-4f17-94b7-08b43dbe8b08.flac&x-id=GetObject,0.381802171,24544
K2am-2021-05-06_17-20.WAV,2021 Kern 2,2021,5,6,17,20,sp32,Simple Call,31.25333405,32.09066772,2906,6188,24000,present,https://rfcx-streams-production.s3.eu-west-1.amazonaws.com/2021/05/07/pem8hxalyx7i/db886fcc-2c43-43f4-b957-9d2b61928335.flac?X-Amz-Algorithm=AWS4-HMAC-SHA256&X-Amz-Content-Sha256=UNSIGNED-PAYLOAD&X-Amz-Credential=AKIA45B7YWBX5HAZMGOU%2F20260223%2Feu-west-1%2Fs3%2Faws4_request&X-Amz-Date=20260223T001157Z&X-Amz-Expires=604800&X-Amz-Signature=bb05b7cbdd8de63feb3988023c3c96eff958c7cc6a8296705768209594bb5693&X-Amz-SignedHeaders=host&response-content-disposition=attachment%3B%20filename%3Ddb886fcc-2c43-43f4-b957-9d2b61928335.flac&x-id=GetObject,0.333258659,24544
K2am-2021-05-06_18-20.WAV,2021 Kern 2,2021,5,6,18,20,sp32,Simple Call,58.48533249,59.32266617,2906,6188,24000,present,https://rfcx-streams-production.s3.eu-west-1.amazonaws.com/2021/05/07/pem8hxalyx7i/5dbd22fc-f021-437d-9972-609b7e942472.flac?X-Amz-Algorithm=AWS4-HMAC-SHA256&X-Amz-Content-Sha256=UNSIGNED-PAYLOAD&X-Amz-Credential=AKIA45B7YWBX5HAZMGOU%2F20260223%2Feu-west-1%2Fs3%2Faws4_request&X-Amz-Date=20260223T001201Z&X-Amz-Expires=604800&X-Amz-Signature=92f1188c31ef34fccecb97df7f7cb9810b14547b41629dd2d4838903689cfc6b&X-Amz-SignedHeaders=host&response-content-disposition=attachment%3B%20filename%3D5dbd22fc-f021-437d-9972-609b7e942472.flac&x-id=GetObject,0.278880984,24544
K2am-2021-05-06_18-40.WAV,2021 Kern 2,2021,5,6,18,40,sp32,Simple Call,40.88533401,41.72266769,2906,6188,24000,present,https://rfcx-streams-production.s3.eu-west-1.amazonaws.com/2021/05/07/pem8hxalyx7i/b359c01c-14cc-4a35-9718-f96034196cf7.flac?X-Amz-Algorithm=AWS4-HMAC-SHA256&X-Amz-Content-Sha256=UNSIGNED-PAYLOAD&X-Amz-Credential=AKIA45B7YWBX5HAZMGOU%2F20260223%2Feu-west-1%2Fs3%2Faws4_request&X-Amz-Date=20260223T001157Z&X-Amz-Expires=604800&X-Amz-Signature=fe61bc78604479bb636496705bdbbc67ec08367aaf2f62a155479de9722bf3ae&X-Amz-SignedHeaders=host&response-content-disposition=attachment%3B%20filename%3Db359c01c-14cc-4a35-9718-f96034196cf7.flac&x-id=GetObject,0.211833492,24544
K2am-2021-05-06_20-00.WAV,2021 Kern 2,2021,5,6,20,0,sp32,Simple Call,6.005333424,6.842666626,2906,6188,24000,present,https://rfcx-streams-production.s3.eu-west-1.amazonaws.com/2021/05/07/pem8hxalyx7i/da816e2e-b27b-40e5-8b22-379d6ecb669b.flac?X-Amz-Algorithm=AWS4-HMAC-SHA256&X-Amz-Content-Sha256=UNSIGNED-PAYLOAD&X-Amz-Credential=AKIA45B7YWBX5HAZMGOU%2F20260223%2Feu-west-1%2Fs3%2Faws4_request&X-Amz-Date=20260223T001157Z&X-Amz-Expires=604800&X-Amz-Signature=56bee1151c14740c7edcca47fc4d6840b05b2562410951fd1a47b159385e8945&X-Amz-SignedHeaders=host&response-content-disposition=attachment%3B%20filename%3Dda816e2e-b27b-40e5-8b22-379d6ecb669b.flac&x-id=GetObject,0.225485817,24544
K2am-2021-05-06_20-20.WAV,2021 Kern 2,2021,5,6,20,20,sp32,Simple Call,5.07733345,5.914666653,2906,6188,24000,present,https://rfcx-streams-production.s3.eu-west-1.amazonaws.com/2021/05/07/pem8hxalyx7i/5d3c260d-65b5-4d4e-80ba-e12ae6ec1293.flac?X-Amz-Algorithm=AWS4-HMAC-SHA256&X-Amz-Content-Sha256=UNSIGNED-PAYLOAD&X-Amz-Credential=AKIA45B7YWBX5HAZMGOU%2F20260223%2Feu-west-1%2Fs3%2Faws4_request&X-Amz-Date=20260223T001157Z&X-Amz-Expires=604800&X-Amz-Signature=27284696fc76a5c6572a3d745c4f046d3704dd15b802ab5452679899bbe3a5d9&X-Amz-SignedHeaders=host&response-content-disposition=attachment%3B%20filename%3D5d3c260d-65b5-4d4e-80ba-e12ae6ec1293.flac&x-id=GetObject,0.305441976,24544
K2am-2021-05-07_01-00.WAV,2021 Kern 2,2021,5,7,1,0,sp32,Simple Call,1.184000015,2.021333218,2906,6188,24000,present,https://rfcx-streams-production.s3.eu-west-1.amazonaws.com/2021/05/07/pem8hxalyx7i/8153c1c3-3e3e-4dd8-9a28-efd63ef9bfda.flac?X-Amz-Algorithm=AWS4-HMAC-SHA256&X-Amz-Content-Sha256=UNSIGNED-PAYLOAD&X-Amz-Credential=AKIA45B7YWBX5HAZMGOU%2F20260223%2Feu-west-1%2Fs3%2Faws4_request&X-Amz-Date=20260223T001201Z&X-Amz-Expires=604800&X-Amz-Signature=0808c41550f8c62bbb5f14ddf25980de53323b45de9d86651b6aaf699088b1b3&X-Amz-SignedHeaders=host&response-content-disposition=attachment%3B%20filename%3D8153c1c3-3e3e-4dd8-9a28-efd63ef9bfda.flac&x-id=GetObject,0.20640178,24544
K2am-2021-05-07_09-20.WAV,2021 Kern 2,2021,5,7,9,20,sp32,Simple Call,18.10666656,18.94400024,2906,6188,24000,present,https://rfcx-streams-production.s3.eu-west-1.amazonaws.com/2021/05/07/pem8hxalyx7i/6b93cb5e-a7f8-4ca3-954a-a9765f5ed77d.flac?X-Amz-Algorithm=AWS4-HMAC-SHA256&X-Amz-Content-Sha256=UNSIGNED-PAYLOAD&X-Amz-Credential=AKIA45B7YWBX5HAZMGOU%2F20260223%2Feu-west-1%2Fs3%2Faws4_request&X-Amz-Date=20260223T001157Z&X-Amz-Expires=604800&X-Amz-Signature=0c13fc09c2d5b7fdd9b61dec5bbe6e27283c13a76d4fb990ef4b72554507ede6&X-Amz-SignedHeaders=host&response-content-disposition=attachment%3B%20filename%3D6b93cb5e-a7f8-4ca3-954a-a9765f5ed77d.flac&x-id=GetObject,0.203207001,24544
K2am-2021-05-07_09-40.WAV,2021 Kern 2,2021,5,7,9,40,sp32,Simple Call,38.23466492,39.0719986,2906,6188,24000,present,https://rfcx-streams-production.s3.eu-west-1.amazonaws.com/2021/05/07/pem8hxalyx7i/10cd8f3a-faf4-404f-a547-6dc2d93b04e4.flac?X-Amz-Algorithm=AWS4-HMAC-SHA256&X-Amz-Content-Sha256=UNSIGNED-PAYLOAD&X-Amz-Credential=AKIA45B7YWBX5HAZMGOU%2F20260223%2Feu-west-1%2Fs3%2Faws4_request&X-Amz-Date=20260223T001157Z&X-Amz-Expires=604800&X-Amz-Signature=903201f1c4904de4f64ced5b12fb420991f6731a75c378450d3d5192a4df3a09&X-Amz-SignedHeaders=host&response-content-disposition=attachment%3B%20filename%3D10cd8f3a-faf4-404f-a547-6dc2d93b04e4.flac&x-id=GetObject,0.235744014,24544
K2am-2021-05-07_10-40.WAV,2021 Kern 2,2021,5,7,10,40,sp32,Simple Call,12.35733318,13.19466686,2906,6188,24000,present,https://rfcx-streams-production.s3.eu-west-1.amazonaws.com/2021/05/07/pem8hxalyx7i/b0d23a6d-194c-46ef-8fb0-d83396d671ca.flac?X-Amz-Algorithm=AWS4-HMAC-SHA256&X-Amz-Content-Sha256=UNSIGNED-PAYLOAD&X-Amz-Credential=AKIA45B7YWBX5HAZMGOU%2F20260223%2Feu-west-1%2Fs3%2Faws4_request&X-Amz-Date=20260223T001201Z&X-Amz-Expires=604800&X-Amz-Signature=cdf5e2b3ae4e231919d63c0c9005187c9b4e9bb7754605422c3196bd282fb3bb&X-Amz-SignedHeaders=host&response-content-disposition=attachment%3B%20filename%3Db0d23a6d-194c-46ef-8fb0-d83396d671ca.flac&x-id=GetObject,0.259051412,24544
K2am-2021-05-07_11-00.WAV,2021 Kern 2,2021,5,7,11,0,sp32,Simple Call,0.335999995,1.173333287,2906,6188,24000,present,https://rfcx-streams-production.s3.eu-west-1.amazonaws.com/2021/05/07/pem8hxalyx7i/00924f78-c391-44cf-a2a4-1455d4eeee20.flac?X-Amz-Algorithm=AWS4-HMAC-SHA256&X-Amz-Content-Sha256=UNSIGNED-PAYLOAD&X-Amz-Credential=AKIA45B7YWBX5HAZMGOU%2F20260223%2Feu-west-1%2Fs3%2Faws4_request&X-Amz-Date=20260223T001206Z&X-Amz-Expires=604800&X-Amz-Signature=2a6f4f419c2eae03b9e8a8ab81f0fdd0cc3275b7b442804d7d05d1e9736fa7c9&X-Amz-SignedHeaders=host&response-content-disposition=attachment%3B%20filename%3D00924f78-c391-44cf-a2a4-1455d4eeee20.flac&x-id=GetObject,0.2589342,24544
K2am-2021-05-07_13-20.WAV,2021 Kern 2,2021,5,7,13,20,sp32,Simple Call,37.59466553,38.43199921,2906,6188,24000,present,https://rfcx-streams-production.s3.eu-west-1.amazonaws.com/2021/05/07/pem8hxalyx7i/4bd06e2c-3de9-4189-a276-796da27647e4.flac?X-Amz-Algorithm=AWS4-HMAC-SHA256&X-Amz-Content-Sha256=UNSIGNED-PAYLOAD&X-Amz-Credential=AKIA45B7YWBX5HAZMGOU%2F20260223%2Feu-west-1%2Fs3%2Faws4_request&X-Amz-Date=20260223T001157Z&X-Amz-Expires=604800&X-Amz-Signature=748f19f21db2868f4afff9e626428f892ca1e56c6976a3ebe4d5cd3277352551&X-Amz-SignedHeaders=host&response-content-disposition=attachment%3B%20filename%3D4bd06e2c-3de9-4189-a276-796da27647e4.flac&x-id=GetObject,0.21509923,24544
K2am-2021-05-07_17-20.WAV,2021 Kern 2,2021,5,7,17,20,sp32,Simple Call,27.00266647,27.84000015,2906,6188,24000,present,https://rfcx-streams-production.s3.eu-west-1.amazonaws.com/2021/05/08/pem8hxalyx7i/627a7883-72b5-48ef-8e0b-df0a24c9a389.flac?X-Amz-Algorithm=AWS4-HMAC-SHA256&X-Amz-Content-Sha256=UNSIGNED-PAYLOAD&X-Amz-Credential=AKIA45B7YWBX5HAZMGOU%2F20260223%2Feu-west-1%2Fs3%2Faws4_request&X-Amz-Date=20260223T001201Z&X-Amz-Expires=604800&X-Amz-Signature=c043afbad00fdfa43163732e8fde12b23215698073adeae058e9766bd253c769&X-Amz-SignedHeaders=host&response-content-disposition=attachment%3B%20filename%3D627a7883-72b5-48ef-8e0b-df0a24c9a389.flac&x-id=GetObject,0.237627834,24544
K2am-2021-05-08_04-20.WAV,2021 Kern 2,2021,5,8,4,20,sp32,Simple Call,0.853333354,1.690666676,2906,6188,24000,present,https://rfcx-streams-production.s3.eu-west-1.amazonaws.com/2021/05/08/pem8hxalyx7i/3348bd0f-b929-426c-9bdf-d0346bd09a34.flac?X-Amz-Algorithm=AWS4-HMAC-SHA256&X-Amz-Content-Sha256=UNSIGNED-PAYLOAD&X-Amz-Credential=AKIA45B7YWBX5HAZMGOU%2F20260223%2Feu-west-1%2Fs3%2Faws4_request&X-Amz-Date=20260223T001157Z&X-Amz-Expires=604800&X-Amz-Signature=6aec6546b00e24f66da2f5a74de0bd6b7b124309a334f5defcda28cde72609d1&X-Amz-SignedHeaders=host&response-content-disposition=attachment%3B%20filename%3D3348bd0f-b929-426c-9bdf-d0346bd09a34.flac&x-id=GetObject,0.221972838,24544
K2am-2021-05-08_08-40.WAV,2021 Kern 2,2021,5,8,8,40,sp32,Simple Call,47.49333191,48.33066559,2906,6188,24000,present,https://rfcx-streams-production.s3.eu-west-1.amazonaws.com/2021/05/08/pem8hxalyx7i/1222d264-d935-4ca0-8438-9474b58845c1.flac?X-Amz-Algorithm=AWS4-HMAC-SHA256&X-Amz-Content-Sha256=UNSIGNED-PAYLOAD&X-Amz-Credential=AKIA45B7YWBX5HAZMGOU%2F20260223%2Feu-west-1%2Fs3%2Faws4_request&X-Amz-Date=20260223T001157Z&X-Amz-Expires=604800&X-Amz-Signature=a1d7180a5ed9e18b2509fdb3c43cd780ae5ea79e2d9151debaf6a238a582afb0&X-Amz-SignedHeaders=host&response-content-disposition=attachment%3B%20filename%3D1222d264-d935-4ca0-8438-9474b58845c1.flac&x-id=GetObject,0.240558237,24544
K2am-2021-05-08_09-00.WAV,2021 Kern 2,2021,5,8,9,0,sp32,Simple Call,58.54933167,59.38666534,2906,6188,24000,present,https://rfcx-streams-production.s3.eu-west-1.amazonaws.com/2021/05/08/pem8hxalyx7i/2dd92bb7-3ea3-4297-8b0e-4dcf08b25a65.flac?X-Amz-Algorithm=AWS4-HMAC-SHA256&X-Amz-Content-Sha256=UNSIGNED-PAYLOAD&X-Amz-Credential=AKIA45B7YWBX5HAZMGOU%2F20260223%2Feu-west-1%2Fs3%2Faws4_request&X-Amz-Date=20260223T001157Z&X-Amz-Expires=604800&X-Amz-Signature=845ce0b5cb5ed0af7d12b7fa63b4a89ef7b58a6d388046d709f1989e24d2f367&X-Amz-SignedHeaders=host&response-content-disposition=attachment%3B%20filename%3D2dd92bb7-3ea3-4297-8b0e-4dcf08b25a65.flac&x-id=GetObject,0.244741961,24544
K2am-2021-05-08_09-20.WAV,2021 Kern 2,2021,5,8,9,20,sp32,Simple Call,28.43733406,29.27466583,2906,6188,24000,present,https://rfcx-streams-production.s3.eu-west-1.amazonaws.com/2021/05/08/pem8hxalyx7i/3ac5d91b-fabf-42c0-9299-b33bfa954fd4.flac?X-Amz-Algorithm=AWS4-HMAC-SHA256&X-Amz-Content-Sha256=UNSIGNED-PAYLOAD&X-Amz-Credential=AKIA45B7YWBX5HAZMGOU%2F20260223%2Feu-west-1%2Fs3%2Faws4_request&X-Amz-Date=20260223T001157Z&X-Amz-Expires=604800&X-Amz-Signature=d084041442f311adf18bd9d6f9458a3c893ca7f5097687e33802b5a0f9ce2cd8&X-Amz-SignedHeaders=host&response-content-disposition=attachment%3B%20filename%3D3ac5d91b-fabf-42c0-9299-b33bfa954fd4.flac&x-id=GetObject,0.279555976,24544
K2am-2021-05-08_09-40.WAV,2021 Kern 2,2021,5,8,9,40,sp32,Simple Call,15.6746664,16.51199913,2906,6188,24000,present,https://rfcx-streams-production.s3.eu-west-1.amazonaws.com/2021/05/08/pem8hxalyx7i/7bf8f184-44c3-4bd2-b5f0-98f27c8c58a5.flac?X-Amz-Algorithm=AWS4-HMAC-SHA256&X-Amz-Content-Sha256=UNSIGNED-PAYLOAD&X-Amz-Credential=AKIA45B7YWBX5HAZMGOU%2F20260223%2Feu-west-1%2Fs3%2Faws4_request&X-Amz-Date=20260223T001157Z&X-Amz-Expires=604800&X-Amz-Signature=6d9ee3e75aebc4bde62ce08d82a75afdd73146d87dbbaa01373651e44fc05bf9&X-Amz-SignedHeaders=host&response-content-disposition=attachment%3B%20filename%3D7bf8f184-44c3-4bd2-b5f0-98f27c8c58a5.flac&x-id=GetObject,0.330392003,24544
K2am-2021-05-08_10-00.WAV,2021 Kern 2,2021,5,8,10,0,sp32,Simple Call,49.90933228,50.74666595,2906,6188,24000,present,https://rfcx-streams-production.s3.eu-west-1.amazonaws.com/2021/05/08/pem8hxalyx7i/e6b9e75d-3c9b-405c-9b33-799429bb9454.flac?X-Amz-Algorithm=AWS4-HMAC-SHA256&X-Amz-Content-Sha256=UNSIGNED-PAYLOAD&X-Amz-Credential=AKIA45B7YWBX5HAZMGOU%2F20260223%2Feu-west-1%2Fs3%2Faws4_request&X-Amz-Date=20260223T001201Z&X-Amz-Expires=604800&X-Amz-Signature=4a789e3f2e68a91cd9d5077e4f538b940cb78ea050a52884238103b217692e49&X-Amz-SignedHeaders=host&response-content-disposition=attachment%3B%20filename%3De6b9e75d-3c9b-405c-9b33-799429bb9454.flac&x-id=GetObject,0.20310162,24544
K2am-2021-05-08_10-20.WAV,2021 Kern 2,2021,5,8,10,20,sp32,Simple Call,52.53333282,53.3706665,2906,6188,24000,present,https://rfcx-streams-production.s3.eu-west-1.amazonaws.com/2021/05/08/pem8hxalyx7i/f002bc23-27c5-42a9-892f-b6f07f820c7b.flac?X-Amz-Algorithm=AWS4-HMAC-SHA256&X-Amz-Content-Sha256=UNSIGNED-PAYLOAD&X-Amz-Credential=AKIA45B7YWBX5HAZMGOU%2F20260223%2Feu-west-1%2Fs3%2Faws4_request&X-Amz-Date=20260223T001157Z&X-Amz-Expires=604800&X-Amz-Signature=8555a2c933c57eb33e5d7a78435ad577463170f5fce78e470e2777c3f3073fd4&X-Amz-SignedHeaders=host&response-content-disposition=attachment%3B%20filename%3Df002bc23-27c5-42a9-892f-b6f07f820c7b.flac&x-id=GetObject,0.266218662,24544
K2am-2021-05-08_10-40.WAV,2021 Kern 2,2021,5,8,10,40,sp32,Simple Call,16.98666573,17.8239994,2906,6188,24000,present,https://rfcx-streams-production.s3.eu-west-1.amazonaws.com/2021/05/08/pem8hxalyx7i/bd225ac3-bc07-42f0-969c-33976c14fc23.flac?X-Amz-Algorithm=AWS4-HMAC-SHA256&X-Amz-Content-Sha256=UNSIGNED-PAYLOAD&X-Amz-Credential=AKIA45B7YWBX5HAZMGOU%2F20260223%2Feu-west-1%2Fs3%2Faws4_request&X-Amz-Date=20260223T001201Z&X-Amz-Expires=604800&X-Amz-Signature=1fa7d6f746c87d96d18f9f2328de6d1cbd52a021b35ca05065f2bc3af9382816&X-Amz-SignedHeaders=host&response-content-disposition=attachment%3B%20filename%3Dbd225ac3-bc07-42f0-969c-33976c14fc23.flac&x-id=GetObject,0.273725301,24544
K2am-2021-05-08_11-20.WAV,2021 Kern 2,2021,5,8,11,20,sp32,Simple Call,1.749333382,2.586666584,2906,6188,24000,present,https://rfcx-streams-production.s3.eu-west-1.amazonaws.com/2021/05/08/pem8hxalyx7i/afacba22-dc35-4784-b6cf-a003546eef83.flac?X-Amz-Algorithm=AWS4-HMAC-SHA256&X-Amz-Content-Sha256=UNSIGNED-PAYLOAD&X-Amz-Credential=AKIA45B7YWBX5HAZMGOU%2F20260223%2Feu-west-1%2Fs3%2Faws4_request&X-Amz-Date=20260223T001201Z&X-Amz-Expires=604800&X-Amz-Signature=76158897ac294c511472d3e1eb82896a8ed40e258701546b948f68c65e2d1869&X-Amz-SignedHeaders=host&response-content-disposition=attachment%3B%20filename%3Dafacba22-dc35-4784-b6cf-a003546eef83.flac&x-id=GetObject,0.279893935,24544
K2am-2021-05-08_16-40.WAV,2021 Kern 2,2021,5,8,16,40,sp32,Simple Call,33.98933411,34.82666779,2906,6188,24000,present,https://rfcx-streams-production.s3.eu-west-1.amazonaws.com/2021/05/08/pem8hxalyx7i/3aeb24e4-833a-43d0-8f24-c3f4ceef79fc.flac?X-Amz-Algorithm=AWS4-HMAC-SHA256&X-Amz-Content-Sha256=UNSIGNED-PAYLOAD&X-Amz-Credential=AKIA45B7YWBX5HAZMGOU%2F20260223%2Feu-west-1%2Fs3%2Faws4_request&X-Amz-Date=20260223T001201Z&X-Amz-Expires=604800&X-Amz-Signature=7a262e578a4b06e1e50463fd98600a5f59b3a39a13fcb35014b80b3d4f1dc72d&X-Amz-SignedHeaders=host&response-content-disposition=attachment%3B%20filename%3D3aeb24e4-833a-43d0-8f24-c3f4ceef79fc.flac&x-id=GetObject,0.230649382,24544
K2am-2021-05-08_17-20.WAV,2021 Kern 2,2021,5,8,17,20,sp32,Simple Call,7.375999928,8.21333313,2906,6188,24000,present,https://rfcx-streams-production.s3.eu-west-1.amazonaws.com/2021/05/09/pem8hxalyx7i/b99b5b76-6cf2-4132-9969-620156247c51.flac?X-Amz-Algorithm=AWS4-HMAC-SHA256&X-Amz-Content-Sha256=UNSIGNED-PAYLOAD&X-Amz-Credential=AKIA45B7YWBX5HAZMGOU%2F20260223%2Feu-west-1%2Fs3%2Faws4_request&X-Amz-Date=20260223T001157Z&X-Amz-Expires=604800&X-Amz-Signature=20704fc0d66c86d69cc17733251d5a9f538996db81bfab1336652a8aeedd219a&X-Amz-SignedHeaders=host&response-content-disposition=attachment%3B%20filename%3Db99b5b76-6cf2-4132-9969-620156247c51.flac&x-id=GetObject,0.245520145,24544
K2am-2021-05-08_17-40.WAV,2021 Kern 2,2021,5,8,17,40,sp32,Simple Call,41.50933456,42.34666824,2906,6188,24000,present,https://rfcx-streams-production.s3.eu-west-1.amazonaws.com/2021/05/09/pem8hxalyx7i/0fe4fb90-9e32-489a-9c78-2220a7b203d0.flac?X-Amz-Algorithm=AWS4-HMAC-SHA256&X-Amz-Content-Sha256=UNSIGNED-PAYLOAD&X-Amz-Credential=AKIA45B7YWBX5HAZMGOU%2F20260223%2Feu-west-1%2Fs3%2Faws4_request&X-Amz-Date=20260223T001157Z&X-Amz-Expires=604800&X-Amz-Signature=1fe1bc46821f08ed2c534ccbc23ad97abd41197c36fef1a8abaa4337a872335f&X-Amz-SignedHeaders=host&response-content-disposition=attachment%3B%20filename%3D0fe4fb90-9e32-489a-9c78-2220a7b203d0.flac&x-id=GetObject,0.244243756,24544
K2am-2021-05-08_21-20.WAV,2021 Kern 2,2021,5,8,21,20,sp32,Simple Call,20.18133354,21.01866722,2906,6188,24000,present,https://rfcx-streams-production.s3.eu-west-1.amazonaws.com/2021/05/09/pem8hxalyx7i/f221502a-45f1-4acd-9ce3-5749490560ee.flac?X-Amz-Algorithm=AWS4-HMAC-SHA256&X-Amz-Content-Sha256=UNSIGNED-PAYLOAD&X-Amz-Credential=AKIA45B7YWBX5HAZMGOU%2F20260223%2Feu-west-1%2Fs3%2Faws4_request&X-Amz-Date=20260223T001157Z&X-Amz-Expires=604800&X-Amz-Signature=466bcf81fe62ce420f468f3d94479e4ceb655d7cc9e7afe6b406446b9a34b8ff&X-Amz-SignedHeaders=host&response-content-disposition=attachment%3B%20filename%3Df221502a-45f1-4acd-9ce3-5749490560ee.flac&x-id=GetObject,0.203638405,24544
K2am-2021-05-08_22-20.WAV,2021 Kern 2,2021,5,8,22,20,sp32,Simple Call,0.218666673,1.055999994,2906,6188,24000,present,https://rfcx-streams-production.s3.eu-west-1.amazonaws.com/2021/05/09/pem8hxalyx7i/252b15ee-0734-468e-ba55-57cc82ca1ed7.flac?X-Amz-Algorithm=AWS4-HMAC-SHA256&X-Amz-Content-Sha256=UNSIGNED-PAYLOAD&X-Amz-Credential=AKIA45B7YWBX5HAZMGOU%2F20260223%2Feu-west-1%2Fs3%2Faws4_request&X-Amz-Date=20260223T001157Z&X-Amz-Expires=604800&X-Amz-Signature=719d9f803355a24190ef32a2cc73ef62c0c6d799ef1f5e46ef704c4dcc8406b9&X-Amz-SignedHeaders=host&response-content-disposition=attachment%3B%20filename%3D252b15ee-0734-468e-ba55-57cc82ca1ed7.flac&x-id=GetObject,0.210369304,24544
K2am-2021-05-08_22-40.WAV,2021 Kern 2,2021,5,8,22,40,sp32,Simple Call,22.34133339,23.17866707,2906,6188,24000,present,https://rfcx-streams-production.s3.eu-west-1.amazonaws.com/2021/05/09/pem8hxalyx7i/64dc9685-b0f9-42b0-9cc0-3d70459c3b3d.flac?X-Amz-Algorithm=AWS4-HMAC-SHA256&X-Amz-Content-Sha256=UNSIGNED-PAYLOAD&X-Amz-Credential=AKIA45B7YWBX5HAZMGOU%2F20260223%2Feu-west-1%2Fs3%2Faws4_request&X-Amz-Date=20260223T001157Z&X-Amz-Expires=604800&X-Amz-Signature=1ee1577420e9ddd431dbfb2677e0b07c996aae0001981f52639711bc495af425&X-Amz-SignedHeaders=host&response-content-disposition=attachment%3B%20filename%3D64dc9685-b0f9-42b0-9cc0-3d70459c3b3d.flac&x-id=GetObject,0.203226686,24544
K2am-2021-05-08_23-00.WAV,2021 Kern 2,2021,5,8,23,0,sp32,Simple Call,27.3706665,28.20800018,2906,6188,24000,present,https://rfcx-streams-production.s3.eu-west-1.amazonaws.com/2021/05/09/pem8hxalyx7i/2e792e99-be54-4ab0-a006-1ea55a3fc625.flac?X-Amz-Algorithm=AWS4-HMAC-SHA256&X-Amz-Content-Sha256=UNSIGNED-PAYLOAD&X-Amz-Credential=AKIA45B7YWBX5HAZMGOU%2F20260223%2Feu-west-1%2Fs3%2Faws4_request&X-Amz-Date=20260223T001201Z&X-Amz-Expires=604800&X-Amz-Signature=16576cfa57ad537bff87ee9a44d03702821de557edd80f6bedd1f8cfbeef3140&X-Amz-SignedHeaders=host&response-content-disposition=attachment%3B%20filename%3D2e792e99-be54-4ab0-a006-1ea55a3fc625.flac&x-id=GetObject,0.209772915,24544
K2am-2021-05-08_23-20.WAV,2021 Kern 2,2021,5,8,23,20,sp32,Simple Call,5.199999809,6.037333488,2906,6188,24000,present,https://rfcx-streams-production.s3.eu-west-1.amazonaws.com/2021/05/09/pem8hxalyx7i/30418ee1-cbf7-46d6-9ef1-42b2ee78c79d.flac?X-Amz-Algorithm=AWS4-HMAC-SHA256&X-Amz-Content-Sha256=UNSIGNED-PAYLOAD&X-Amz-Credential=AKIA45B7YWBX5HAZMGOU%2F20260223%2Feu-west-1%2Fs3%2Faws4_request&X-Amz-Date=20260223T001201Z&X-Amz-Expires=604800&X-Amz-Signature=4699cbfcc22fb059fa0ab8d3cec61d11e09455a19df07d6e46100778003f23f8&X-Amz-SignedHeaders=host&response-content-disposition=attachment%3B%20filename%3D30418ee1-cbf7-46d6-9ef1-42b2ee78c79d.flac&x-id=GetObject,0.207993791,24544
K2am-2021-05-08_23-40.WAV,2021 Kern 2,2021,5,8,23,40,sp32,Simple Call,14.81599998,15.65333366,2906,6188,24000,present,https://rfcx-streams-production.s3.eu-west-1.amazonaws.com/2021/05/09/pem8hxalyx7i/46de954a-6f7e-4ab9-bc90-cebb6ca692d1.flac?X-Amz-Algorithm=AWS4-HMAC-SHA256&X-Amz-Content-Sha256=UNSIGNED-PAYLOAD&X-Amz-Credential=AKIA45B7YWBX5HAZMGOU%2F20260223%2Feu-west-1%2Fs3%2Faws4_request&X-Amz-Date=20260223T001157Z&X-Amz-Expires=604800&X-Amz-Signature=51ed7fd8803cb1e6fd68f8b43b8c66a2627f690849d35d13dd81db782f967264&X-Amz-SignedHeaders=host&response-content-disposition=attachment%3B%20filename%3D46de954a-6f7e-4ab9-bc90-cebb6ca692d1.flac&x-id=GetObject,0.211311296,24544
K2am-2021-05-09_01-00.WAV,2021 Kern 2,2021,5,9,1,0,sp32,Simple Call,0.976000011,1.813333392,2906,6188,24000,present,https://rfcx-streams-production.s3.eu-west-1.amazonaws.com/2021/05/09/pem8hxalyx7i/32b7aed8-66d2-4db0-b8ff-a2ce0678aab8.flac?X-Amz-Algorithm=AWS4-HMAC-SHA256&X-Amz-Content-Sha256=UNSIGNED-PAYLOAD&X-Amz-Credential=AKIA45B7YWBX5HAZMGOU%2F20260223%2Feu-west-1%2Fs3%2Faws4_request&X-Amz-Date=20260223T001201Z&X-Amz-Expires=604800&X-Amz-Signature=de979710257195071ff68168384d098c4be5930db7b38e8d0ea0c481d44e4e54&X-Amz-SignedHeaders=host&response-content-disposition=attachment%3B%20filename%3D32b7aed8-66d2-4db0-b8ff-a2ce0678aab8.flac&x-id=GetObject,0.265507996,24544
K2am-2021-05-09_08-20.WAV,2021 Kern 2,2021,5,9,8,20,sp32,Simple Call,29.77599907,30.61333275,2906,6188,24000,present,https://rfcx-streams-production.s3.eu-west-1.amazonaws.com/2021/05/09/pem8hxalyx7i/158f1854-fbd1-4017-9711-c877800f36fd.flac?X-Amz-Algorithm=AWS4-HMAC-SHA256&X-Amz-Content-Sha256=UNSIGNED-PAYLOAD&X-Amz-Credential=AKIA45B7YWBX5HAZMGOU%2F20260223%2Feu-west-1%2Fs3%2Faws4_request&X-Amz-Date=20260223T001201Z&X-Amz-Expires=604800&X-Amz-Signature=956ae7278ad992834f4b2fce2804a2bfcf7d116c0474be53bbb2e7f96f58831c&X-Amz-SignedHeaders=host&response-content-disposition=attachment%3B%20filename%3D158f1854-fbd1-4017-9711-c877800f36fd.flac&x-id=GetObject,0.22789453,24544
K2am-2021-05-09_08-40.WAV,2021 Kern 2,2021,5,9,8,40,sp32,Simple Call,38.51733398,39.35466766,2906,6188,24000,present,https://rfcx-streams-production.s3.eu-west-1.amazonaws.com/2021/05/09/pem8hxalyx7i/f443bba6-11de-4614-852b-f50b57cd894c.flac?X-Amz-Algorithm=AWS4-HMAC-SHA256&X-Amz-Content-Sha256=UNSIGNED-PAYLOAD&X-Amz-Credential=AKIA45B7YWBX5HAZMGOU%2F20260223%2Feu-west-1%2Fs3%2Faws4_request&X-Amz-Date=20260223T001201Z&X-Amz-Expires=604800&X-Amz-Signature=357c03c569428365c770ecc9efceb5ec5dd7640a46d1546324b359688daf6ff4&X-Amz-SignedHeaders=host&response-content-disposition=attachment%3B%20filename%3Df443bba6-11de-4614-852b-f50b57cd894c.flac&x-id=GetObject,0.220236167,24544
K2am-2021-05-09_09-20.WAV,2021 Kern 2,2021,5,9,9,20,sp32,Simple Call,21.81333351,22.65066719,2906,6188,24000,present,https://rfcx-streams-production.s3.eu-west-1.amazonaws.com/2021/05/09/pem8hxalyx7i/fd7452f8-e8ec-472c-a844-b1b913218a1f.flac?X-Amz-Algorithm=AWS4-HMAC-SHA256&X-Amz-Content-Sha256=UNSIGNED-PAYLOAD&X-Amz-Credential=AKIA45B7YWBX5HAZMGOU%2F20260223%2Feu-west-1%2Fs3%2Faws4_request&X-Amz-Date=20260223T001201Z&X-Amz-Expires=604800&X-Amz-Signature=7b7b3009b4ee2b31990d7fea73f77b6304644b268912ca44ac4797c087d42836&X-Amz-SignedHeaders=host&response-content-disposition=attachment%3B%20filename%3Dfd7452f8-e8ec-472c-a844-b1b913218a1f.flac&x-id=GetObject,0.266065061,24544
K2am-2021-05-09_09-40.WAV,2021 Kern 2,2021,5,9,9,40,sp32,Simple Call,41.80799866,42.64533234,2906,6188,24000,present,https://rfcx-streams-production.s3.eu-west-1.amazonaws.com/2021/05/09/pem8hxalyx7i/4a3240d4-7977-432d-b208-fb4a3f475a78.flac?X-Amz-Algorithm=AWS4-HMAC-SHA256&X-Amz-Content-Sha256=UNSIGNED-PAYLOAD&X-Amz-Credential=AKIA45B7YWBX5HAZMGOU%2F20260223%2Feu-west-1%2Fs3%2Faws4_request&X-Amz-Date=20260223T001201Z&X-Amz-Expires=604800&X-Amz-Signature=1675bb31eb5c5ef696cd0afdb022a8cba6d6bfb278ae8dfc1018468d9c689fc8&X-Amz-SignedHeaders=host&response-content-disposition=attachment%3B%20filename%3D4a3240d4-7977-432d-b208-fb4a3f475a78.flac&x-id=GetObject,0.235869467,24544
K2am-2021-05-09_10-00.WAV,2021 Kern 2,2021,5,9,10,0,sp32,Simple Call,44.6186676,45.45600128,2906,6188,24000,present,https://rfcx-streams-production.s3.eu-west-1.amazonaws.com/2021/05/09/pem8hxalyx7i/e42c2510-c34c-4442-9d4c-2b2e4002b77c.flac?X-Amz-Algorithm=AWS4-HMAC-SHA256&X-Amz-Content-Sha256=UNSIGNED-PAYLOAD&X-Amz-Credential=AKIA45B7YWBX5HAZMGOU%2F20260223%2Feu-west-1%2Fs3%2Faws4_request&X-Amz-Date=20260223T001157Z&X-Amz-Expires=604800&X-Amz-Signature=758b1be629a54bb3c7168357cf7b40f9afac1bebac9299f4d8a4f7f5ee95b17e&X-Amz-SignedHeaders=host&response-content-disposition=attachment%3B%20filename%3De42c2510-c34c-4442-9d4c-2b2e4002b77c.flac&x-id=GetObject,0.222456202,24544
K2am-2021-05-09_10-20.WAV,2021 Kern 2,2021,5,9,10,20,sp32,Simple Call,31.45066643,32.2879982,2906,6188,24000,present,https://rfcx-streams-production.s3.eu-west-1.amazonaws.com/2021/05/09/pem8hxalyx7i/3917b434-7e3d-43af-af08-e882ee402655.flac?X-Amz-Algorithm=AWS4-HMAC-SHA256&X-Amz-Content-Sha256=UNSIGNED-PAYLOAD&X-Amz-Credential=AKIA45B7YWBX5HAZMGOU%2F20260223%2Feu-west-1%2Fs3%2Faws4_request&X-Amz-Date=20260223T001201Z&X-Amz-Expires=604800&X-Amz-Signature=c98cfe189f51062c1d37e7c9c83cb5192a82e9f8cee98c17016ea9e35e4f5441&X-Amz-SignedHeaders=host&response-content-disposition=attachment%3B%20filename%3D3917b434-7e3d-43af-af08-e882ee402655.flac&x-id=GetObject,0.23578544,24544
K2am-2021-05-09_10-40.WAV,2021 Kern 2,2021,5,9,10,40,sp32,Simple Call,43.50933456,44.34666824,2906,6188,24000,present,https://rfcx-streams-production.s3.eu-west-1.amazonaws.com/2021/05/09/pem8hxalyx7i/62752d39-bf22-4d63-bc6c-10d2065b52ab.flac?X-Amz-Algorithm=AWS4-HMAC-SHA256&X-Amz-Content-Sha256=UNSIGNED-PAYLOAD&X-Amz-Credential=AKIA45B7YWBX5HAZMGOU%2F20260223%2Feu-west-1%2Fs3%2Faws4_request&X-Amz-Date=20260223T001201Z&X-Amz-Expires=604800&X-Amz-Signature=738d621ac83ca0f8284b8a787df4b7760b64811a7737adb7e4f122f19bccf74e&X-Amz-SignedHeaders=host&response-content-disposition=attachment%3B%20filename%3D62752d39-bf22-4d63-bc6c-10d2065b52ab.flac&x-id=GetObject,0.252305388,24544
K2am-2021-05-09_11-00.WAV,2021 Kern 2,2021,5,9,11,0,sp32,Simple Call,43.48266602,44.31999969,2906,6188,24000,present,https://rfcx-streams-production.s3.eu-west-1.amazonaws.com/2021/05/09/pem8hxalyx7i/b1e5fa4c-8021-435d-b0e3-2b03369fa35a.flac?X-Amz-Algorithm=AWS4-HMAC-SHA256&X-Amz-Content-Sha256=UNSIGNED-PAYLOAD&X-Amz-Credential=AKIA45B7YWBX5HAZMGOU%2F20260223%2Feu-west-1%2Fs3%2Faws4_request&X-Amz-Date=20260223T001201Z&X-Amz-Expires=604800&X-Amz-Signature=e79f6cc5c490fdc9e106d50459128e0fc9fc219e9d29dee50cd15cd38d74eb45&X-Amz-SignedHeaders=host&response-content-disposition=attachment%3B%20filename%3Db1e5fa4c-8021-435d-b0e3-2b03369fa35a.flac&x-id=GetObject,0.245589986,24544
K2am-2021-05-09_11-20.WAV,2021 Kern 2,2021,5,9,11,20,sp32,Simple Call,21.61599922,22.4533329,2906,6188,24000,present,https://rfcx-streams-production.s3.eu-west-1.amazonaws.com/2021/05/09/pem8hxalyx7i/60c412cb-e5fd-40f8-b9ef-dba87a736dba.flac?X-Amz-Algorithm=AWS4-HMAC-SHA256&X-Amz-Content-Sha256=UNSIGNED-PAYLOAD&X-Amz-Credential=AKIA45B7YWBX5HAZMGOU%2F20260223%2Feu-west-1%2Fs3%2Faws4_request&X-Amz-Date=20260223T001201Z&X-Amz-Expires=604800&X-Amz-Signature=de55fd4eaf1aa5e2a9c794a5f4d935b976aa769d5b84fe70f2aa8d96a3176892&X-Amz-SignedHeaders=host&response-content-disposition=attachment%3B%20filename%3D60c412cb-e5fd-40f8-b9ef-dba87a736dba.flac&x-id=GetObject,0.273156792,24544
K2am-2021-05-09_11-40.WAV,2021 Kern 2,2021,5,9,11,40,sp32,Simple Call,21.17333412,22.01066589,2906,6188,24000,present,https://rfcx-streams-production.s3.eu-west-1.amazonaws.com/2021/05/09/pem8hxalyx7i/4117c794-eb30-47d2-85de-a1b812d61eac.flac?X-Amz-Algorithm=AWS4-HMAC-SHA256&X-Amz-Content-Sha256=UNSIGNED-PAYLOAD&X-Amz-Credential=AKIA45B7YWBX5HAZMGOU%2F20260223%2Feu-west-1%2Fs3%2Faws4_request&X-Amz-Date=20260223T001201Z&X-Amz-Expires=604800&X-Amz-Signature=1e2067cb8306ff7618cb55af60cc9ab5cd3063ab3d7bad46e3c72ad9977703ee&X-Amz-SignedHeaders=host&response-content-disposition=attachment%3B%20filename%3D4117c794-eb30-47d2-85de-a1b812d61eac.flac&x-id=GetObject,0.260321528,24544
K2am-2021-05-09_16-20.WAV,2021 Kern 2,2021,5,9,16,20,sp32,Simple Call,15.86133289,16.69866753,2906,6188,24000,present,https://rfcx-streams-production.s3.eu-west-1.amazonaws.com/2021/05/09/pem8hxalyx7i/98dcb611-db97-4f39-90fa-23eb0ef5d4b9.flac?X-Amz-Algorithm=AWS4-HMAC-SHA256&X-Amz-Content-Sha256=UNSIGNED-PAYLOAD&X-Amz-Credential=AKIA45B7YWBX5HAZMGOU%2F20260223%2Feu-west-1%2Fs3%2Faws4_request&X-Amz-Date=20260223T001157Z&X-Amz-Expires=604800&X-Amz-Signature=7c11fdf4c2aecfdf882bc194fb4a8b34e5f02f2533f06589706422cbd139a3c7&X-Amz-SignedHeaders=host&response-content-disposition=attachment%3B%20filename%3D98dcb611-db97-4f39-90fa-23eb0ef5d4b9.flac&x-id=GetObject,0.235928863,24544
K2am-2021-05-09_19-20.WAV,2021 Kern 2,2021,5,9,19,20,sp32,Simple Call,28.84266663,29.68000031,2906,6188,24000,present,https://rfcx-streams-production.s3.eu-west-1.amazonaws.com/2021/05/10/pem8hxalyx7i/af8f8bf4-7012-48e1-9507-540e7c99fa9f.flac?X-Amz-Algorithm=AWS4-HMAC-SHA256&X-Amz-Content-Sha256=UNSIGNED-PAYLOAD&X-Amz-Credential=AKIA45B7YWBX5HAZMGOU%2F20260223%2Feu-west-1%2Fs3%2Faws4_request&X-Amz-Date=20260223T001201Z&X-Amz-Expires=604800&X-Amz-Signature=2771fa71bd268b9ff9e9f188c292a212a4934ba530457090e10f1b86acdf3641&X-Amz-SignedHeaders=host&response-content-disposition=attachment%3B%20filename%3Daf8f8bf4-7012-48e1-9507-540e7c99fa9f.flac&x-id=GetObject,0.223073691,24544
K2am-2021-05-09_20-00.WAV,2021 Kern 2,2021,5,9,20,0,sp32,Simple Call,1.472000003,2.309333324,2906,6188,24000,present,https://rfcx-streams-production.s3.eu-west-1.amazonaws.com/2021/05/10/pem8hxalyx7i/0a197efd-2b64-4fd4-a027-4106270e29ea.flac?X-Amz-Algorithm=AWS4-HMAC-SHA256&X-Amz-Content-Sha256=UNSIGNED-PAYLOAD&X-Amz-Credential=AKIA45B7YWBX5HAZMGOU%2F20260223%2Feu-west-1%2Fs3%2Faws4_request&X-Amz-Date=20260223T001201Z&X-Amz-Expires=604800&X-Amz-Signature=074217ef64f66835463301340e5d297a0d737711fb46d9b619c945d14a3d8b2f&X-Amz-SignedHeaders=host&response-content-disposition=attachment%3B%20filename%3D0a197efd-2b64-4fd4-a027-4106270e29ea.flac&x-id=GetObject,0.302573532,24544
K2am-2021-05-09_20-40.WAV,2021 Kern 2,2021,5,9,20,40,sp32,Simple Call,24.98133278,25.81866646,2906,6188,24000,present,https://rfcx-streams-production.s3.eu-west-1.amazonaws.com/2021/05/10/pem8hxalyx7i/366755dc-b90a-4237-8c54-53239a79ef9e.flac?X-Amz-Algorithm=AWS4-HMAC-SHA256&X-Amz-Content-Sha256=UNSIGNED-PAYLOAD&X-Amz-Credential=AKIA45B7YWBX5HAZMGOU%2F20260223%2Feu-west-1%2Fs3%2Faws4_request&X-Amz-Date=20260223T001157Z&X-Amz-Expires=604800&X-Amz-Signature=520340ad825757696e0d90834eae545b19f7b91c105acd76190414811c15f58e&X-Amz-SignedHeaders=host&response-content-disposition=attachment%3B%20filename%3D366755dc-b90a-4237-8c54-53239a79ef9e.flac&x-id=GetObject,0.215650156,24544
K2am-2021-05-10_08-40.WAV,2021 Kern 2,2021,5,10,8,40,sp32,Simple Call,29.76533318,30.60266685,2906,6188,24000,present,https://rfcx-streams-production.s3.eu-west-1.amazonaws.com/2021/05/10/pem8hxalyx7i/dfe4fd6b-26df-4ee7-9584-ffdfe9251665.flac?X-Amz-Algorithm=AWS4-HMAC-SHA256&X-Amz-Content-Sha256=UNSIGNED-PAYLOAD&X-Amz-Credential=AKIA45B7YWBX5HAZMGOU%2F20260223%2Feu-west-1%2Fs3%2Faws4_request&X-Amz-Date=20260223T001157Z&X-Amz-Expires=604800&X-Amz-Signature=c9c61f310b5afcd94f1c6e38412c57d294f9e63ae048c0a46f10a89f98ef521a&X-Amz-SignedHeaders=host&response-content-disposition=attachment%3B%20filename%3Ddfe4fd6b-26df-4ee7-9584-ffdfe9251665.flac&x-id=GetObject,0.213022724,24544
K2am-2021-05-10_09-00.WAV,2021 Kern 2,2021,5,10,9,0,sp32,Simple Call,57.62666702,58.4640007,2906,6188,24000,present,https://rfcx-streams-production.s3.eu-west-1.amazonaws.com/2021/05/10/pem8hxalyx7i/08461c6a-c2a6-4501-ab4e-9931a08e24c6.flac?X-Amz-Algorithm=AWS4-HMAC-SHA256&X-Amz-Content-Sha256=UNSIGNED-PAYLOAD&X-Amz-Credential=AKIA45B7YWBX5HAZMGOU%2F20260223%2Feu-west-1%2Fs3%2Faws4_request&X-Amz-Date=20260223T001201Z&X-Amz-Expires=604800&X-Amz-Signature=dfdb6b892ae4424c68cc5001f6c6c59f30b743a5e9b8396661c4dd5153769b74&X-Amz-SignedHeaders=host&response-content-disposition=attachment%3B%20filename%3D08461c6a-c2a6-4501-ab4e-9931a08e24c6.flac&x-id=GetObject,0.268541396,24544
K2am-2021-05-10_09-20.WAV,2021 Kern 2,2021,5,10,9,20,sp32,Simple Call,43.19466782,44.0320015,2906,6188,24000,present,https://rfcx-streams-production.s3.eu-west-1.amazonaws.com/2021/05/10/pem8hxalyx7i/221f0687-8b15-443f-83c9-9082997f539f.flac?X-Amz-Algorithm=AWS4-HMAC-SHA256&X-Amz-Content-Sha256=UNSIGNED-PAYLOAD&X-Amz-Credential=AKIA45B7YWBX5HAZMGOU%2F20260223%2Feu-west-1%2Fs3%2Faws4_request&X-Amz-Date=20260223T001201Z&X-Amz-Expires=604800&X-Amz-Signature=46ca92ecd5918f41c9a7348d82b6476fa70ff37343e31e9c26743b3fd98dc09c&X-Amz-SignedHeaders=host&response-content-disposition=attachment%3B%20filename%3D221f0687-8b15-443f-83c9-9082997f539f.flac&x-id=GetObject,0.263105005,24544
K2am-2021-05-10_09-40.WAV,2021 Kern 2,2021,5,10,9,40,sp32,Simple Call,15.6906662,16.52799988,2906,6188,24000,present,https://rfcx-streams-production.s3.eu-west-1.amazonaws.com/2021/05/10/pem8hxalyx7i/a5749576-02a6-44d0-9d45-5973fb117092.flac?X-Amz-Algorithm=AWS4-HMAC-SHA256&X-Amz-Content-Sha256=UNSIGNED-PAYLOAD&X-Amz-Credential=AKIA45B7YWBX5HAZMGOU%2F20260223%2Feu-west-1%2Fs3%2Faws4_request&X-Amz-Date=20260223T001201Z&X-Amz-Expires=604800&X-Amz-Signature=e1068699537d07e6b92066dfe6ce35c18005eb50d7d8578dcb02b1c7d972f4de&X-Amz-SignedHeaders=host&response-content-disposition=attachment%3B%20filename%3Da5749576-02a6-44d0-9d45-5973fb117092.flac&x-id=GetObject,0.289916039,24544
K2am-2021-05-10_10-00.WAV,2021 Kern 2,2021,5,10,10,0,sp32,Simple Call,24.05333328,24.89066696,2906,6188,24000,present,https://rfcx-streams-production.s3.eu-west-1.amazonaws.com/2021/05/10/pem8hxalyx7i/b1a55579-4fb4-491c-9f61-d73fac2b531a.flac?X-Amz-Algorithm=AWS4-HMAC-SHA256&X-Amz-Content-Sha256=UNSIGNED-PAYLOAD&X-Amz-Credential=AKIA45B7YWBX5HAZMGOU%2F20260223%2Feu-west-1%2Fs3%2Faws4_request&X-Amz-Date=20260223T001157Z&X-Amz-Expires=604800&X-Amz-Signature=e35617edb0574f4e2ebb6f43de5a5dbea20a9183df9fc99da4824d8af7d95806&X-Amz-SignedHeaders=host&response-content-disposition=attachment%3B%20filename%3Db1a55579-4fb4-491c-9f61-d73fac2b531a.flac&x-id=GetObject,0.286770672,24544
K2am-2021-05-10_11-00.WAV,2021 Kern 2,2021,5,10,11,0,sp32,Simple Call,55.13600159,55.97333145,2906,6188,24000,present,https://rfcx-streams-production.s3.eu-west-1.amazonaws.com/2021/05/10/pem8hxalyx7i/00e7ce1f-545d-43b5-b832-a596f1554b44.flac?X-Amz-Algorithm=AWS4-HMAC-SHA256&X-Amz-Content-Sha256=UNSIGNED-PAYLOAD&X-Amz-Credential=AKIA45B7YWBX5HAZMGOU%2F20260223%2Feu-west-1%2Fs3%2Faws4_request&X-Amz-Date=20260223T001201Z&X-Amz-Expires=604800&X-Amz-Signature=bbf7a44cf91a30d2b1bd35d44dd2c98ec946c21ca11d399aa6d24564498161d6&X-Amz-SignedHeaders=host&response-content-disposition=attachment%3B%20filename%3D00e7ce1f-545d-43b5-b832-a596f1554b44.flac&x-id=GetObject,0.243713915,24544
K2am-2021-05-10_20-20.WAV,2021 Kern 2,2021,5,10,20,20,sp32,Simple Call,42.82666779,43.66400146,2906,6188,24000,present,https://rfcx-streams-production.s3.eu-west-1.amazonaws.com/2021/05/11/pem8hxalyx7i/da6dd2fc-c151-4b6d-af1a-f6f3add6cd4c.flac?X-Amz-Algorithm=AWS4-HMAC-SHA256&X-Amz-Content-Sha256=UNSIGNED-PAYLOAD&X-Amz-Credential=AKIA45B7YWBX5HAZMGOU%2F20260223%2Feu-west-1%2Fs3%2Faws4_request&X-Amz-Date=20260223T001201Z&X-Amz-Expires=604800&X-Amz-Signature=3cb9d514262f37d2cddbcd184f0edf1a4e6ebb4e3dfae2f47cddd01e86d94a15&X-Amz-SignedHeaders=host&response-content-disposition=attachment%3B%20filename%3Dda6dd2fc-c151-4b6d-af1a-f6f3add6cd4c.flac&x-id=GetObject,0.204790279,24544
K2am-2021-05-10_20-40.WAV,2021 Kern 2,2021,5,10,20,40,sp32,Simple Call,24.75200081,25.58933258,2906,6188,24000,present,https://rfcx-streams-production.s3.eu-west-1.amazonaws.com/2021/05/11/pem8hxalyx7i/a7ae339c-eef6-4668-a627-ae7f928ae5f2.flac?X-Amz-Algorithm=AWS4-HMAC-SHA256&X-Amz-Content-Sha256=UNSIGNED-PAYLOAD&X-Amz-Credential=AKIA45B7YWBX5HAZMGOU%2F20260223%2Feu-west-1%2Fs3%2Faws4_request&X-Amz-Date=20260223T001157Z&X-Amz-Expires=604800&X-Amz-Signature=b6fbba584a908930c920f3e67619307ac0c09d114bd3245ba6707ac210549b2c&X-Amz-SignedHeaders=host&response-content-disposition=attachment%3B%20filename%3Da7ae339c-eef6-4668-a627-ae7f928ae5f2.flac&x-id=GetObject,0.232330561,24544
K2am-2021-05-10_21-00.WAV,2021 Kern 2,2021,5,10,21,0,sp32,Simple Call,24.52799988,25.36533356,2906,6188,24000,present,https://rfcx-streams-production.s3.eu-west-1.amazonaws.com/2021/05/11/pem8hxalyx7i/149b87ea-f15a-4981-a786-0f6bb1ebe83e.flac?X-Amz-Algorithm=AWS4-HMAC-SHA256&X-Amz-Content-Sha256=UNSIGNED-PAYLOAD&X-Amz-Credential=AKIA45B7YWBX5HAZMGOU%2F20260223%2Feu-west-1%2Fs3%2Faws4_request&X-Amz-Date=20260223T001157Z&X-Amz-Expires=604800&X-Amz-Signature=4d319a9b7220773cac4686270290fc0420b0fc09f5f5ce7c351d4febd246510c&X-Amz-SignedHeaders=host&response-content-disposition=attachment%3B%20filename%3D149b87ea-f15a-4981-a786-0f6bb1ebe83e.flac&x-id=GetObject,0.205425233,24544
K2am-2021-05-10_21-40.WAV,2021 Kern 2,2021,5,10,21,40,sp32,Simple Call,17.36533356,18.20266724,2906,6188,24000,present,https://rfcx-streams-production.s3.eu-west-1.amazonaws.com/2021/05/11/pem8hxalyx7i/d42d2953-5ea8-46f7-95aa-92a2081e700c.flac?X-Amz-Algorithm=AWS4-HMAC-SHA256&X-Amz-Content-Sha256=UNSIGNED-PAYLOAD&X-Amz-Credential=AKIA45B7YWBX5HAZMGOU%2F20260223%2Feu-west-1%2Fs3%2Faws4_request&X-Amz-Date=20260223T001201Z&X-Amz-Expires=604800&X-Amz-Signature=6ffe4a2d6f69a4032a9094152736eba3d1eaaf4a138df3356eb3792060254da2&X-Amz-SignedHeaders=host&response-content-disposition=attachment%3B%20filename%3Dd42d2953-5ea8-46f7-95aa-92a2081e700c.flac&x-id=GetObject,0.239811197,24544
K2am-2021-05-10_22-00.WAV,2021 Kern 2,2021,5,10,22,0,sp32,Simple Call,25.75466728,26.59199905,2906,6188,24000,present,https://rfcx-streams-production.s3.eu-west-1.amazonaws.com/2021/05/11/pem8hxalyx7i/eec4aa86-5ac1-4e87-9a72-23b55cc22912.flac?X-Amz-Algorithm=AWS4-HMAC-SHA256&X-Amz-Content-Sha256=UNSIGNED-PAYLOAD&X-Amz-Credential=AKIA45B7YWBX5HAZMGOU%2F20260223%2Feu-west-1%2Fs3%2Faws4_request&X-Amz-Date=20260223T001201Z&X-Amz-Expires=604800&X-Amz-Signature=162b947973af0bdc9b09be7cc410e368d8697e8ed5bf0193c8bd45616cefd23d&X-Amz-SignedHeaders=host&response-content-disposition=attachment%3B%20filename%3Deec4aa86-5ac1-4e87-9a72-23b55cc22912.flac&x-id=GetObject,0.206106499,24544
K2am-2021-05-10_22-40.WAV,2021 Kern 2,2021,5,10,22,40,sp32,Simple Call,1.919999957,2.757333279,2906,6188,24000,present,https://rfcx-streams-production.s3.eu-west-1.amazonaws.com/2021/05/11/pem8hxalyx7i/89ac439c-d89b-4bf9-b2ea-8f71730e1237.flac?X-Amz-Algorithm=AWS4-HMAC-SHA256&X-Amz-Content-Sha256=UNSIGNED-PAYLOAD&X-Amz-Credential=AKIA45B7YWBX5HAZMGOU%2F20260223%2Feu-west-1%2Fs3%2Faws4_request&X-Amz-Date=20260223T001157Z&X-Amz-Expires=604800&X-Amz-Signature=923dd569ba8234dcc6e3e00c0f9cd9399fbc6260253c01cd9730988b3908d12a&X-Amz-SignedHeaders=host&response-content-disposition=attachment%3B%20filename%3D89ac439c-d89b-4bf9-b2ea-8f71730e1237.flac&x-id=GetObject,0.20569779,24544
K2am-2021-05-11_00-00.WAV,2021 Kern 2,2021,5,11,0,0,sp32,Simple Call,29.87199974,30.70933342,2906,6188,24000,present,https://rfcx-streams-production.s3.eu-west-1.amazonaws.com/2021/05/11/pem8hxalyx7i/a74b6265-d678-4d83-9c8c-ed0a2e1c64e2.flac?X-Amz-Algorithm=AWS4-HMAC-SHA256&X-Amz-Content-Sha256=UNSIGNED-PAYLOAD&X-Amz-Credential=AKIA45B7YWBX5HAZMGOU%2F20260223%2Feu-west-1%2Fs3%2Faws4_request&X-Amz-Date=20260223T001201Z&X-Amz-Expires=604800&X-Amz-Signature=8f082fa087cec865d0c9c585ad7e20d91c0fbf7e6da375d96f33e39f098f7ffd&X-Amz-SignedHeaders=host&response-content-disposition=attachment%3B%20filename%3Da74b6265-d678-4d83-9c8c-ed0a2e1c64e2.flac&x-id=GetObject,0.216125965,24544
K2am-2021-05-11_08-40.WAV,2021 Kern 2,2021,5,11,8,40,sp32,Simple Call,38.14933395,38.98666763,2906,6188,24000,present,https://rfcx-streams-production.s3.eu-west-1.amazonaws.com/2021/05/11/pem8hxalyx7i/b5ece075-1a01-4ae1-a556-e6ba51623329.flac?X-Amz-Algorithm=AWS4-HMAC-SHA256&X-Amz-Content-Sha256=UNSIGNED-PAYLOAD&X-Amz-Credential=AKIA45B7YWBX5HAZMGOU%2F20260223%2Feu-west-1%2Fs3%2Faws4_request&X-Amz-Date=20260223T001201Z&X-Amz-Expires=604800&X-Amz-Signature=34d8b74c8e4c011526a5a8f65fd975c63cd9d117dd836c09cc0f384fef51c02e&X-Amz-SignedHeaders=host&response-content-disposition=attachment%3B%20filename%3Db5ece075-1a01-4ae1-a556-e6ba51623329.flac&x-id=GetObject,0.24526383,24544
K2am-2021-05-11_09-00.WAV,2021 Kern 2,2021,5,11,9,0,sp32,Simple Call,45.25866699,46.09600067,2906,6188,24000,present,https://rfcx-streams-production.s3.eu-west-1.amazonaws.com/2021/05/11/pem8hxalyx7i/8d09e7f0-7b7c-4af9-a1e2-c9a9af0a12ec.flac?X-Amz-Algorithm=AWS4-HMAC-SHA256&X-Amz-Content-Sha256=UNSIGNED-PAYLOAD&X-Amz-Credential=AKIA45B7YWBX5HAZMGOU%2F20260223%2Feu-west-1%2Fs3%2Faws4_request&X-Amz-Date=20260223T001157Z&X-Amz-Expires=604800&X-Amz-Signature=8b24c93aff3f6c0c08fe3f0e79dcee4a88e91194e30cf78846599a736dce37c1&X-Amz-SignedHeaders=host&response-content-disposition=attachment%3B%20filename%3D8d09e7f0-7b7c-4af9-a1e2-c9a9af0a12ec.flac&x-id=GetObject,0.248943225,24544
K2am-2021-05-11_09-20.WAV,2021 Kern 2,2021,5,11,9,20,sp32,Simple Call,55.20533371,56.04266739,2906,6188,24000,present,https://rfcx-streams-production.s3.eu-west-1.amazonaws.com/2021/05/11/pem8hxalyx7i/7f5b8db8-5965-4f5e-b85e-6be400157fcf.flac?X-Amz-Algorithm=AWS4-HMAC-SHA256&X-Amz-Content-Sha256=UNSIGNED-PAYLOAD&X-Amz-Credential=AKIA45B7YWBX5HAZMGOU%2F20260223%2Feu-west-1%2Fs3%2Faws4_request&X-Amz-Date=20260223T001201Z&X-Amz-Expires=604800&X-Amz-Signature=85f4e2aa64da265e7076a07eaa266bc92dd015bdbe72ea94f64a24480c38e32c&X-Amz-SignedHeaders=host&response-content-disposition=attachment%3B%20filename%3D7f5b8db8-5965-4f5e-b85e-6be400157fcf.flac&x-id=GetObject,0.261478633,24544
K2am-2021-05-11_09-40.WAV,2021 Kern 2,2021,5,11,9,40,sp32,Simple Call,45.85599899,46.69333267,2906,6188,24000,present,https://rfcx-streams-production.s3.eu-west-1.amazonaws.com/2021/05/11/pem8hxalyx7i/a955846a-514c-4ed6-afb6-2769b383ae6a.flac?X-Amz-Algorithm=AWS4-HMAC-SHA256&X-Amz-Content-Sha256=UNSIGNED-PAYLOAD&X-Amz-Credential=AKIA45B7YWBX5HAZMGOU%2F20260223%2Feu-west-1%2Fs3%2Faws4_request&X-Amz-Date=20260223T001157Z&X-Amz-Expires=604800&X-Amz-Signature=06ed65ed9f079b8c3916d26caaf05419e59e2a4043feb770bbc6d7f309dcfe75&X-Amz-SignedHeaders=host&response-content-disposition=attachment%3B%20filename%3Da955846a-514c-4ed6-afb6-2769b383ae6a.flac&x-id=GetObject,0.250153035,24544
K2am-2021-05-11_10-00.WAV,2021 Kern 2,2021,5,11,10,0,sp32,Simple Call,9.184000015,10.02133369,2906,6188,24000,present,https://rfcx-streams-production.s3.eu-west-1.amazonaws.com/2021/05/11/pem8hxalyx7i/df663bdc-fd2c-4412-bf9d-dd963e42a9db.flac?X-Amz-Algorithm=AWS4-HMAC-SHA256&X-Amz-Content-Sha256=UNSIGNED-PAYLOAD&X-Amz-Credential=AKIA45B7YWBX5HAZMGOU%2F20260223%2Feu-west-1%2Fs3%2Faws4_request&X-Amz-Date=20260223T001157Z&X-Amz-Expires=604800&X-Amz-Signature=306365125578d2791be6dbcd2be450131ed4bb95ecad9499c803e28efbc4cf62&X-Amz-SignedHeaders=host&response-content-disposition=attachment%3B%20filename%3Ddf663bdc-fd2c-4412-bf9d-dd963e42a9db.flac&x-id=GetObject,0.230162084,24544
K2am-2021-05-11_10-20.WAV,2021 Kern 2,2021,5,11,10,20,sp32,Simple Call,39.8453331,40.68266678,2906,6188,24000,present,https://rfcx-streams-production.s3.eu-west-1.amazonaws.com/2021/05/11/pem8hxalyx7i/fdd52290-342b-4246-b346-f2eb52494162.flac?X-Amz-Algorithm=AWS4-HMAC-SHA256&X-Amz-Content-Sha256=UNSIGNED-PAYLOAD&X-Amz-Credential=AKIA45B7YWBX5HAZMGOU%2F20260223%2Feu-west-1%2Fs3%2Faws4_request&X-Amz-Date=20260223T001201Z&X-Amz-Expires=604800&X-Amz-Signature=905a7e33730d24c27ff510b24c90b6c522ac6c831a9714114b9f75969c478e64&X-Amz-SignedHeaders=host&response-content-disposition=attachment%3B%20filename%3Dfdd52290-342b-4246-b346-f2eb52494162.flac&x-id=GetObject,0.245347485,24544
K2am-2021-05-11_10-40.WAV,2021 Kern 2,2021,5,11,10,40,sp32,Simple Call,30.98666573,31.8239994,2906,6188,24000,present,https://rfcx-streams-production.s3.eu-west-1.amazonaws.com/2021/05/11/pem8hxalyx7i/6ec124ed-cf12-4d1c-893b-67489b101c7e.flac?X-Amz-Algorithm=AWS4-HMAC-SHA256&X-Amz-Content-Sha256=UNSIGNED-PAYLOAD&X-Amz-Credential=AKIA45B7YWBX5HAZMGOU%2F20260223%2Feu-west-1%2Fs3%2Faws4_request&X-Amz-Date=20260223T001201Z&X-Amz-Expires=604800&X-Amz-Signature=c43007c069b68a41048c68b2cd582678585ee520fc7337c21fcaa578402b7788&X-Amz-SignedHeaders=host&response-content-disposition=attachment%3B%20filename%3D6ec124ed-cf12-4d1c-893b-67489b101c7e.flac&x-id=GetObject,0.236022815,24544
K2am-2021-05-11_11-00.WAV,2021 Kern 2,2021,5,11,11,0,sp32,Simple Call,47.54666519,48.38399887,2906,6188,24000,present,https://rfcx-streams-production.s3.eu-west-1.amazonaws.com/2021/05/11/pem8hxalyx7i/a76566a5-c815-4300-8935-1fe43dfac0ca.flac?X-Amz-Algorithm=AWS4-HMAC-SHA256&X-Amz-Content-Sha256=UNSIGNED-PAYLOAD&X-Amz-Credential=AKIA45B7YWBX5HAZMGOU%2F20260223%2Feu-west-1%2Fs3%2Faws4_request&X-Amz-Date=20260223T001201Z&X-Amz-Expires=604800&X-Amz-Signature=32359b8c639981d4fd520679b041a0ad27c737d475a4431514d7d40ebe96ae93&X-Amz-SignedHeaders=host&response-content-disposition=attachment%3B%20filename%3Da76566a5-c815-4300-8935-1fe43dfac0ca.flac&x-id=GetObject,0.235696957,24544
K2am-2021-05-11_11-20.WAV,2021 Kern 2,2021,5,11,11,20,sp32,Simple Call,18.05866623,18.89599991,2906,6188,24000,present,https://rfcx-streams-production.s3.eu-west-1.amazonaws.com/2021/05/11/pem8hxalyx7i/70a27924-f431-47e2-b9af-f221f087f059.flac?X-Amz-Algorithm=AWS4-HMAC-SHA256&X-Amz-Content-Sha256=UNSIGNED-PAYLOAD&X-Amz-Credential=AKIA45B7YWBX5HAZMGOU%2F20260223%2Feu-west-1%2Fs3%2Faws4_request&X-Amz-Date=20260223T001157Z&X-Amz-Expires=604800&X-Amz-Signature=dae245164ca9cb7ab784e88c55ba000364c61d184dadf6dc02e4a74a0b23a469&X-Amz-SignedHeaders=host&response-content-disposition=attachment%3B%20filename%3D70a27924-f431-47e2-b9af-f221f087f059.flac&x-id=GetObject,0.273315996,24544
K2am-2021-05-11_13-20.WAV,2021 Kern 2,2021,5,11,13,20,sp32,Simple Call,38.36800003,39.20533371,2906,6188,24000,present,https://rfcx-streams-production.s3.eu-west-1.amazonaws.com/2021/05/11/pem8hxalyx7i/0822a1b5-0712-4521-ae61-0d611f6dae26.flac?X-Amz-Algorithm=AWS4-HMAC-SHA256&X-Amz-Content-Sha256=UNSIGNED-PAYLOAD&X-Amz-Credential=AKIA45B7YWBX5HAZMGOU%2F20260223%2Feu-west-1%2Fs3%2Faws4_request&X-Amz-Date=20260223T001201Z&X-Amz-Expires=604800&X-Amz-Signature=c174220fe87bc1ab9fbc7fd3cd911bb7020bf89300758b7ad551d387576d34e4&X-Amz-SignedHeaders=host&response-content-disposition=attachment%3B%20filename%3D0822a1b5-0712-4521-ae61-0d611f6dae26.flac&x-id=GetObject,0.253417164,24544
K2am-2021-05-11_17-20.WAV,2021 Kern 2,2021,5,11,17,20,sp32,Simple Call,1.370666623,2.207999945,2906,6188,24000,present,https://rfcx-streams-production.s3.eu-west-1.amazonaws.com/2021/05/12/pem8hxalyx7i/6bfc9fe7-2b96-4869-9428-636f5052a2e2.flac?X-Amz-Algorithm=AWS4-HMAC-SHA256&X-Amz-Content-Sha256=UNSIGNED-PAYLOAD&X-Amz-Credential=AKIA45B7YWBX5HAZMGOU%2F20260223%2Feu-west-1%2Fs3%2Faws4_request&X-Amz-Date=20260223T001157Z&X-Amz-Expires=604800&X-Amz-Signature=96c825453d2993570d6368d5cb4749bbd6fb7a9027d79038d9d633f479eb372d&X-Amz-SignedHeaders=host&response-content-disposition=attachment%3B%20filename%3D6bfc9fe7-2b96-4869-9428-636f5052a2e2.flac&x-id=GetObject,0.274005085,24544
K2am-2021-05-12_08-20.WAV,2021 Kern 2,2021,5,12,8,20,sp32,Simple Call,0.906666696,1.743999958,2906,6188,24000,present,https://rfcx-streams-production.s3.eu-west-1.amazonaws.com/2021/05/12/pem8hxalyx7i/011873e8-658b-4793-a3c9-5c1af1769853.flac?X-Amz-Algorithm=AWS4-HMAC-SHA256&X-Amz-Content-Sha256=UNSIGNED-PAYLOAD&X-Amz-Credential=AKIA45B7YWBX5HAZMGOU%2F20260223%2Feu-west-1%2Fs3%2Faws4_request&X-Amz-Date=20260223T001157Z&X-Amz-Expires=604800&X-Amz-Signature=1b3f71134350a5d88a51091d6138a667c0f9cecbd04808c78f4a94d8accdb696&X-Amz-SignedHeaders=host&response-content-disposition=attachment%3B%20filename%3D011873e8-658b-4793-a3c9-5c1af1769853.flac&x-id=GetObject,0.214039594,24544
K2am-2021-05-12_08-40.WAV,2021 Kern 2,2021,5,12,8,40,sp32,Simple Call,34.22399902,35.0613327,2906,6188,24000,present,https://rfcx-streams-production.s3.eu-west-1.amazonaws.com/2021/05/12/pem8hxalyx7i/779402c8-5dbd-4ae9-9304-a047fc977982.flac?X-Amz-Algorithm=AWS4-HMAC-SHA256&X-Amz-Content-Sha256=UNSIGNED-PAYLOAD&X-Amz-Credential=AKIA45B7YWBX5HAZMGOU%2F20260223%2Feu-west-1%2Fs3%2Faws4_request&X-Amz-Date=20260223T001201Z&X-Amz-Expires=604800&X-Amz-Signature=1350e67715546e7a78630115699059aaa7e4fbdbc0b0a8670d2854d633502deb&X-Amz-SignedHeaders=host&response-content-disposition=attachment%3B%20filename%3D779402c8-5dbd-4ae9-9304-a047fc977982.flac&x-id=GetObject,0.20605962,24544
K2am-2021-05-12_09-00.WAV,2021 Kern 2,2021,5,12,9,0,sp32,Simple Call,49.54666519,50.38399887,2906,6188,24000,present,https://rfcx-streams-production.s3.eu-west-1.amazonaws.com/2021/05/12/pem8hxalyx7i/176ba426-c757-456b-8e54-b9e13d33daca.flac?X-Amz-Algorithm=AWS4-HMAC-SHA256&X-Amz-Content-Sha256=UNSIGNED-PAYLOAD&X-Amz-Credential=AKIA45B7YWBX5HAZMGOU%2F20260223%2Feu-west-1%2Fs3%2Faws4_request&X-Amz-Date=20260223T001201Z&X-Amz-Expires=604800&X-Amz-Signature=3f1a7b6d0a7a9d709d28fbbadfa0cefdd9ec3eacaab7c317a7c7017da627cb48&X-Amz-SignedHeaders=host&response-content-disposition=attachment%3B%20filename%3D176ba426-c757-456b-8e54-b9e13d33daca.flac&x-id=GetObject,0.232570365,24544
K2am-2021-05-12_09-20.WAV,2021 Kern 2,2021,5,12,9,20,sp32,Simple Call,30.64533424,31.48266602,2906,6188,24000,present,https://rfcx-streams-production.s3.eu-west-1.amazonaws.com/2021/05/12/pem8hxalyx7i/caa09b2c-972a-4368-bc85-8950e26fe080.flac?X-Amz-Algorithm=AWS4-HMAC-SHA256&X-Amz-Content-Sha256=UNSIGNED-PAYLOAD&X-Amz-Credential=AKIA45B7YWBX5HAZMGOU%2F20260223%2Feu-west-1%2Fs3%2Faws4_request&X-Amz-Date=20260223T001157Z&X-Amz-Expires=604800&X-Amz-Signature=5121e748ebaf3ec1881920aebb6ec39f4553dcf545de5179445942002a1adc17&X-Amz-SignedHeaders=host&response-content-disposition=attachment%3B%20filename%3Dcaa09b2c-972a-4368-bc85-8950e26fe080.flac&x-id=GetObject,0.22648859,24544
K2am-2021-05-12_09-40.WAV,2021 Kern 2,2021,5,12,9,40,sp32,Simple Call,44.83200073,45.66933441,2906,6188,24000,present,https://rfcx-streams-production.s3.eu-west-1.amazonaws.com/2021/05/12/pem8hxalyx7i/86a2258d-6e46-4647-b629-66e771299a05.flac?X-Amz-Algorithm=AWS4-HMAC-SHA256&X-Amz-Content-Sha256=UNSIGNED-PAYLOAD&X-Amz-Credential=AKIA45B7YWBX5HAZMGOU%2F20260223%2Feu-west-1%2Fs3%2Faws4_request&X-Amz-Date=20260223T001201Z&X-Amz-Expires=604800&X-Amz-Signature=78ac7c1cf7ebf2753831217e48653593b64e8be37c1f677db2eb823f822f6945&X-Amz-SignedHeaders=host&response-content-disposition=attachment%3B%20filename%3D86a2258d-6e46-4647-b629-66e771299a05.flac&x-id=GetObject,0.286739558,24544
K2am-2021-05-12_10-20.WAV,2021 Kern 2,2021,5,12,10,20,sp32,Simple Call,37.18933487,38.02666855,2906,6188,24000,present,https://rfcx-streams-production.s3.eu-west-1.amazonaws.com/2021/05/12/pem8hxalyx7i/c59cd1aa-58fd-4881-9f31-9653635c1667.flac?X-Amz-Algorithm=AWS4-HMAC-SHA256&X-Amz-Content-Sha256=UNSIGNED-PAYLOAD&X-Amz-Credential=AKIA45B7YWBX5HAZMGOU%2F20260223%2Feu-west-1%2Fs3%2Faws4_request&X-Amz-Date=20260223T001201Z&X-Amz-Expires=604800&X-Amz-Signature=55f33a0e2904d53ea6e3f90ee6b9acf400d574363442f926be68a3a3fcb40d1d&X-Amz-SignedHeaders=host&response-content-disposition=attachment%3B%20filename%3Dc59cd1aa-58fd-4881-9f31-9653635c1667.flac&x-id=GetObject,0.246286437,24544
K2am-2021-05-12_11-00.WAV,2021 Kern 2,2021,5,12,11,0,sp32,Simple Call,5.877333164,6.714666843,2906,6188,24000,present,https://rfcx-streams-production.s3.eu-west-1.amazonaws.com/2021/05/12/pem8hxalyx7i/5767f6f2-7045-4cc0-8f9e-81b4119dd1c0.flac?X-Amz-Algorithm=AWS4-HMAC-SHA256&X-Amz-Content-Sha256=UNSIGNED-PAYLOAD&X-Amz-Credential=AKIA45B7YWBX5HAZMGOU%2F20260223%2Feu-west-1%2Fs3%2Faws4_request&X-Amz-Date=20260223T001157Z&X-Amz-Expires=604800&X-Amz-Signature=3824db3e7e3a3ccb823048599ac7083a0d767f845ba031082509cd31f5d46619&X-Amz-SignedHeaders=host&response-content-disposition=attachment%3B%20filename%3D5767f6f2-7045-4cc0-8f9e-81b4119dd1c0.flac&x-id=GetObject,0.250667989,24544
K2am-2021-05-12_11-20.WAV,2021 Kern 2,2021,5,12,11,20,sp32,Simple Call,35.16266632,36,2906,6188,24000,present,https://rfcx-streams-production.s3.eu-west-1.amazonaws.com/2021/05/12/pem8hxalyx7i/9fe4e972-701f-4ac7-a0b2-5dfb442a89a3.flac?X-Amz-Algorithm=AWS4-HMAC-SHA256&X-Amz-Content-Sha256=UNSIGNED-PAYLOAD&X-Amz-Credential=AKIA45B7YWBX5HAZMGOU%2F20260223%2Feu-west-1%2Fs3%2Faws4_request&X-Amz-Date=20260223T001201Z&X-Amz-Expires=604800&X-Amz-Signature=a1a4f7c1746cad2d398e22a7f8694cebeae933d1226fa7ad3462b3bd84e6ebc8&X-Amz-SignedHeaders=host&response-content-disposition=attachment%3B%20filename%3D9fe4e972-701f-4ac7-a0b2-5dfb442a89a3.flac&x-id=GetObject,0.207343802,24544
K2am-2021-05-12_11-40.WAV,2021 Kern 2,2021,5,12,11,40,sp32,Simple Call,58.70933151,59.54666519,2906,6188,24000,present,https://rfcx-streams-production.s3.eu-west-1.amazonaws.com/2021/05/12/pem8hxalyx7i/00893668-537e-40a0-b140-f523af28179f.flac?X-Amz-Algorithm=AWS4-HMAC-SHA256&X-Amz-Content-Sha256=UNSIGNED-PAYLOAD&X-Amz-Credential=AKIA45B7YWBX5HAZMGOU%2F20260223%2Feu-west-1%2Fs3%2Faws4_request&X-Amz-Date=20260223T001201Z&X-Amz-Expires=604800&X-Amz-Signature=bc7641d0a6cf85bf30bb169b339ac064fee7208af4816423a719e1aae8dcd826&X-Amz-SignedHeaders=host&response-content-disposition=attachment%3B%20filename%3D00893668-537e-40a0-b140-f523af28179f.flac&x-id=GetObject,0.278411686,24544
K2am-2021-05-12_12-20.WAV,2021 Kern 2,2021,5,12,12,20,sp32,Simple Call,1.290666699,2.128000021,2906,6188,24000,present,https://rfcx-streams-production.s3.eu-west-1.amazonaws.com/2021/05/12/pem8hxalyx7i/9f71320a-ff68-4903-9189-c60970635c97.flac?X-Amz-Algorithm=AWS4-HMAC-SHA256&X-Amz-Content-Sha256=UNSIGNED-PAYLOAD&X-Amz-Credential=AKIA45B7YWBX5HAZMGOU%2F20260223%2Feu-west-1%2Fs3%2Faws4_request&X-Amz-Date=20260223T001157Z&X-Amz-Expires=604800&X-Amz-Signature=a91f5fad5bc1891d035c5a93ecf3cb7af003c0dc55a105d33aa3472ba5236e39&X-Amz-SignedHeaders=host&response-content-disposition=attachment%3B%20filename%3D9f71320a-ff68-4903-9189-c60970635c97.flac&x-id=GetObject,0.291138619,24544
K2am-2021-05-13_00-20.WAV,2021 Kern 2,2021,5,13,0,20,sp32,Simple Call,33.42399979,34.26133347,2906,6188,24000,present,https://rfcx-streams-production.s3.eu-west-1.amazonaws.com/2021/05/13/pem8hxalyx7i/10e9322c-6dd7-40f4-a33f-eac8ea3b53da.flac?X-Amz-Algorithm=AWS4-HMAC-SHA256&X-Amz-Content-Sha256=UNSIGNED-PAYLOAD&X-Amz-Credential=AKIA45B7YWBX5HAZMGOU%2F20260223%2Feu-west-1%2Fs3%2Faws4_request&X-Amz-Date=20260223T001157Z&X-Amz-Expires=604800&X-Amz-Signature=55a3ac344cd8e932f0c6efd4107f9f023e9560d552ca8e2098155311d49af39b&X-Amz-SignedHeaders=host&response-content-disposition=attachment%3B%20filename%3D10e9322c-6dd7-40f4-a33f-eac8ea3b53da.flac&x-id=GetObject,0.211654961,24544
K2am-2021-05-13_05-20.WAV,2021 Kern 2,2021,5,13,5,20,sp32,Simple Call,42.78933334,43.62666702,2906,6188,24000,present,https://rfcx-streams-production.s3.eu-west-1.amazonaws.com/2021/05/13/pem8hxalyx7i/6bf1d7f6-dc8c-4bc7-8aa8-935771fff2c7.flac?X-Amz-Algorithm=AWS4-HMAC-SHA256&X-Amz-Content-Sha256=UNSIGNED-PAYLOAD&X-Amz-Credential=AKIA45B7YWBX5HAZMGOU%2F20260223%2Feu-west-1%2Fs3%2Faws4_request&X-Amz-Date=20260223T001201Z&X-Amz-Expires=604800&X-Amz-Signature=f3af9fa05e701d896213dc79124a164572c9d8482a672de04a080b233ce256ca&X-Amz-SignedHeaders=host&response-content-disposition=attachment%3B%20filename%3D6bf1d7f6-dc8c-4bc7-8aa8-935771fff2c7.flac&x-id=GetObject,0.206812829,24544
K2am-2021-05-13_09-20.WAV,2021 Kern 2,2021,5,13,9,20,sp32,Simple Call,52.13333511,52.97066498,2906,6188,24000,present,https://rfcx-streams-production.s3.eu-west-1.amazonaws.com/2021/05/13/pem8hxalyx7i/23d856b5-8c33-4077-b6ce-33f8a4071853.flac?X-Amz-Algorithm=AWS4-HMAC-SHA256&X-Amz-Content-Sha256=UNSIGNED-PAYLOAD&X-Amz-Credential=AKIA45B7YWBX5HAZMGOU%2F20260223%2Feu-west-1%2Fs3%2Faws4_request&X-Amz-Date=20260223T001157Z&X-Amz-Expires=604800&X-Amz-Signature=6eed7210562572534be185a55b2c4088333e00f482d22fbb5b908b5c258b4d2b&X-Amz-SignedHeaders=host&response-content-disposition=attachment%3B%20filename%3D23d856b5-8c33-4077-b6ce-33f8a4071853.flac&x-id=GetObject,0.219112188,24544
K2am-2021-05-13_10-20.WAV,2021 Kern 2,2021,5,13,10,20,sp32,Simple Call,29.49866676,30.33600044,2906,6188,24000,present,https://rfcx-streams-production.s3.eu-west-1.amazonaws.com/2021/05/13/pem8hxalyx7i/687e3fef-53ce-4e0b-b647-47b2e7f296e6.flac?X-Amz-Algorithm=AWS4-HMAC-SHA256&X-Amz-Content-Sha256=UNSIGNED-PAYLOAD&X-Amz-Credential=AKIA45B7YWBX5HAZMGOU%2F20260223%2Feu-west-1%2Fs3%2Faws4_request&X-Amz-Date=20260223T001201Z&X-Amz-Expires=604800&X-Amz-Signature=3477e6e437e5700e82d97bef35bc0aae43f2ed5adf8be1dfb145323711e03b1b&X-Amz-SignedHeaders=host&response-content-disposition=attachment%3B%20filename%3D687e3fef-53ce-4e0b-b647-47b2e7f296e6.flac&x-id=GetObject,0.213288456,24544
K2am-2021-05-13_10-40.WAV,2021 Kern 2,2021,5,13,10,40,sp32,Simple Call,13.66933346,14.50666714,2906,6188,24000,present,https://rfcx-streams-production.s3.eu-west-1.amazonaws.com/2021/05/13/pem8hxalyx7i/40d33b33-93b0-4179-a177-590b10046297.flac?X-Amz-Algorithm=AWS4-HMAC-SHA256&X-Amz-Content-Sha256=UNSIGNED-PAYLOAD&X-Amz-Credential=AKIA45B7YWBX5HAZMGOU%2F20260223%2Feu-west-1%2Fs3%2Faws4_request&X-Amz-Date=20260223T001157Z&X-Amz-Expires=604800&X-Amz-Signature=cc0dbb4b7def80fed381d50e54412439d551376b1eeb5fdf2e4766792da83c39&X-Amz-SignedHeaders=host&response-content-disposition=attachment%3B%20filename%3D40d33b33-93b0-4179-a177-590b10046297.flac&x-id=GetObject,0.211827695,24544
K2am-2021-05-13_11-00.WAV,2021 Kern 2,2021,5,13,11,0,sp32,Simple Call,26.51199913,27.34933281,2906,6188,24000,present,https://rfcx-streams-production.s3.eu-west-1.amazonaws.com/2021/05/13/pem8hxalyx7i/5ae22d75-c747-4597-84f7-21a100befa25.flac?X-Amz-Algorithm=AWS4-HMAC-SHA256&X-Amz-Content-Sha256=UNSIGNED-PAYLOAD&X-Amz-Credential=AKIA45B7YWBX5HAZMGOU%2F20260223%2Feu-west-1%2Fs3%2Faws4_request&X-Amz-Date=20260223T001201Z&X-Amz-Expires=604800&X-Amz-Signature=f0a1313c43bfe458b51ca3ebd2520cc3173b68af01faf2877c83f6de28f4222b&X-Amz-SignedHeaders=host&response-content-disposition=attachment%3B%20filename%3D5ae22d75-c747-4597-84f7-21a100befa25.flac&x-id=GetObject,0.227373406,24544
K2am-2021-05-13_17-40.WAV,2021 Kern 2,2021,5,13,17,40,sp32,Simple Call,42.72000122,43.5573349,2906,6188,24000,present,https://rfcx-streams-production.s3.eu-west-1.amazonaws.com/2021/05/14/pem8hxalyx7i/304183bd-9c46-400d-92f8-96d78ff3c6ec.flac?X-Amz-Algorithm=AWS4-HMAC-SHA256&X-Amz-Content-Sha256=UNSIGNED-PAYLOAD&X-Amz-Credential=AKIA45B7YWBX5HAZMGOU%2F20260223%2Feu-west-1%2Fs3%2Faws4_request&X-Amz-Date=20260223T001201Z&X-Amz-Expires=604800&X-Amz-Signature=2b1585b657dbb20aa3cb2f9eb7eb7f3a5a4e81186ebfe257bd19352d8052401b&X-Amz-SignedHeaders=host&response-content-disposition=attachment%3B%20filename%3D304183bd-9c46-400d-92f8-96d78ff3c6ec.flac&x-id=GetObject,0.276290864,24544
K2am-2021-05-13_18-00.WAV,2021 Kern 2,2021,5,13,18,0,sp32,Simple Call,51.47200012,52.3093338,2906,6188,24000,present,https://rfcx-streams-production.s3.eu-west-1.amazonaws.com/2021/05/14/pem8hxalyx7i/e0370ce4-937f-4c34-83bf-e72f161753d2.flac?X-Amz-Algorithm=AWS4-HMAC-SHA256&X-Amz-Content-Sha256=UNSIGNED-PAYLOAD&X-Amz-Credential=AKIA45B7YWBX5HAZMGOU%2F20260223%2Feu-west-1%2Fs3%2Faws4_request&X-Amz-Date=20260223T001201Z&X-Amz-Expires=604800&X-Amz-Signature=a3f4ff547a18abfedefb18a534fb70849fe564e00e1fc8514578538bbafe0fcc&X-Amz-SignedHeaders=host&response-content-disposition=attachment%3B%20filename%3De0370ce4-937f-4c34-83bf-e72f161753d2.flac&x-id=GetObject,0.316673815,24544
K2am-2021-05-13_23-00.WAV,2021 Kern 2,2021,5,13,23,0,sp32,Simple Call,7.994666576,8.831999779,2906,6188,24000,present,https://rfcx-streams-production.s3.eu-west-1.amazonaws.com/2021/05/14/pem8hxalyx7i/638e8e9e-9342-4eb3-905c-9a08aa41bc1c.flac?X-Amz-Algorithm=AWS4-HMAC-SHA256&X-Amz-Content-Sha256=UNSIGNED-PAYLOAD&X-Amz-Credential=AKIA45B7YWBX5HAZMGOU%2F20260223%2Feu-west-1%2Fs3%2Faws4_request&X-Amz-Date=20260223T001201Z&X-Amz-Expires=604800&X-Amz-Signature=0e7f996cc7f8b3a454d967259a5bc7670cccde60ba97180632a4721bed4fb57f&X-Amz-SignedHeaders=host&response-content-disposition=attachment%3B%20filename%3D638e8e9e-9342-4eb3-905c-9a08aa41bc1c.flac&x-id=GetObject,0.216410682,24544
K2am-2021-05-13_23-20.WAV,2021 Kern 2,2021,5,13,23,20,sp32,Simple Call,9.887999535,10.72533321,2906,6188,24000,present,https://rfcx-streams-production.s3.eu-west-1.amazonaws.com/2021/05/14/pem8hxalyx7i/e6e9d032-3463-4fe7-bbc6-1ea1e7fd86e7.flac?X-Amz-Algorithm=AWS4-HMAC-SHA256&X-Amz-Content-Sha256=UNSIGNED-PAYLOAD&X-Amz-Credential=AKIA45B7YWBX5HAZMGOU%2F20260223%2Feu-west-1%2Fs3%2Faws4_request&X-Amz-Date=20260223T001201Z&X-Amz-Expires=604800&X-Amz-Signature=fe7d3a17763bf3b3dd738cd262c60bf542957040d34ebc581738204a95913472&X-Amz-SignedHeaders=host&response-content-disposition=attachment%3B%20filename%3De6e9d032-3463-4fe7-bbc6-1ea1e7fd86e7.flac&x-id=GetObject,0.225484431,24544
K2am-2021-05-13_23-40.WAV,2021 Kern 2,2021,5,13,23,40,sp32,Simple Call,55.48266602,56.31999969,2906,6188,24000,present,https://rfcx-streams-production.s3.eu-west-1.amazonaws.com/2021/05/14/pem8hxalyx7i/0ed3f696-8115-4bfb-902a-5d6505e0b91d.flac?X-Amz-Algorithm=AWS4-HMAC-SHA256&X-Amz-Content-Sha256=UNSIGNED-PAYLOAD&X-Amz-Credential=AKIA45B7YWBX5HAZMGOU%2F20260223%2Feu-west-1%2Fs3%2Faws4_request&X-Amz-Date=20260223T001201Z&X-Amz-Expires=604800&X-Amz-Signature=bf4b6d3f4ab9edc40bd4d6252abaaadbc3e49d56306c4fd769aeda4662762994&X-Amz-SignedHeaders=host&response-content-disposition=attachment%3B%20filename%3D0ed3f696-8115-4bfb-902a-5d6505e0b91d.flac&x-id=GetObject,0.225242481,24544
K2am-2021-05-14_00-00.WAV,2021 Kern 2,2021,5,14,0,0,sp32,Simple Call,10.40533352,11.24266624,2906,6188,24000,present,https://rfcx-streams-production.s3.eu-west-1.amazonaws.com/2021/05/14/pem8hxalyx7i/2556ae71-a035-42c9-886a-2cd473b13cb7.flac?X-Amz-Algorithm=AWS4-HMAC-SHA256&X-Amz-Content-Sha256=UNSIGNED-PAYLOAD&X-Amz-Credential=AKIA45B7YWBX5HAZMGOU%2F20260223%2Feu-west-1%2Fs3%2Faws4_request&X-Amz-Date=20260223T001201Z&X-Amz-Expires=604800&X-Amz-Signature=07eb2b030512f4e4274524825f5190e5b7127c86e5f6ce556c754e0586557dcf&X-Amz-SignedHeaders=host&response-content-disposition=attachment%3B%20filename%3D2556ae71-a035-42c9-886a-2cd473b13cb7.flac&x-id=GetObject,0.217146426,24544
K2am-2021-05-14_00-20.WAV,2021 Kern 2,2021,5,14,0,20,sp32,Simple Call,47.62666702,48.4640007,2906,6188,24000,present,https://rfcx-streams-production.s3.eu-west-1.amazonaws.com/2021/05/14/pem8hxalyx7i/92699a9f-dcd4-4cac-a9c1-60398be0c5d7.flac?X-Amz-Algorithm=AWS4-HMAC-SHA256&X-Amz-Content-Sha256=UNSIGNED-PAYLOAD&X-Amz-Credential=AKIA45B7YWBX5HAZMGOU%2F20260223%2Feu-west-1%2Fs3%2Faws4_request&X-Amz-Date=20260223T001201Z&X-Amz-Expires=604800&X-Amz-Signature=36eee536e2f100d346a141fb5cfd1f5fbcc1e1cd6304114b4e9acac4891145e2&X-Amz-SignedHeaders=host&response-content-disposition=attachment%3B%20filename%3D92699a9f-dcd4-4cac-a9c1-60398be0c5d7.flac&x-id=GetObject,0.227726504,24544
K2am-2021-05-14_01-00.WAV,2021 Kern 2,2021,5,14,1,0,sp32,Simple Call,24.7840004,25.62133408,2906,6188,24000,present,https://rfcx-streams-production.s3.eu-west-1.amazonaws.com/2021/05/14/pem8hxalyx7i/e7d51eb8-f95a-4ed5-8e04-cb46a0d795c1.flac?X-Amz-Algorithm=AWS4-HMAC-SHA256&X-Amz-Content-Sha256=UNSIGNED-PAYLOAD&X-Amz-Credential=AKIA45B7YWBX5HAZMGOU%2F20260223%2Feu-west-1%2Fs3%2Faws4_request&X-Amz-Date=20260223T001201Z&X-Amz-Expires=604800&X-Amz-Signature=10737aa04aa23f9053e49dad26a4bb84e5ceeac86086e3a99a3035c61a53c87d&X-Amz-SignedHeaders=host&response-content-disposition=attachment%3B%20filename%3De7d51eb8-f95a-4ed5-8e04-cb46a0d795c1.flac&x-id=GetObject,0.209334791,24544
K2am-2021-05-14_02-00.WAV,2021 Kern 2,2021,5,14,2,0,sp32,Simple Call,35.8133316,36.65066528,2906,6188,24000,present,https://rfcx-streams-production.s3.eu-west-1.amazonaws.com/2021/05/14/pem8hxalyx7i/3e7d0672-e889-4a03-b1d9-0021ce8014a4.flac?X-Amz-Algorithm=AWS4-HMAC-SHA256&X-Amz-Content-Sha256=UNSIGNED-PAYLOAD&X-Amz-Credential=AKIA45B7YWBX5HAZMGOU%2F20260223%2Feu-west-1%2Fs3%2Faws4_request&X-Amz-Date=20260223T001201Z&X-Amz-Expires=604800&X-Amz-Signature=1499252b7faf79e91f373a1550ffe4472f74ae449add68f3263d4f57f85d0134&X-Amz-SignedHeaders=host&response-content-disposition=attachment%3B%20filename%3D3e7d0672-e889-4a03-b1d9-0021ce8014a4.flac&x-id=GetObject,0.229010701,24544
K2am-2021-05-14_02-20.WAV,2021 Kern 2,2021,5,14,2,20,sp32,Simple Call,37.2266655,38.06399918,2906,6188,24000,present,https://rfcx-streams-production.s3.eu-west-1.amazonaws.com/2021/05/14/pem8hxalyx7i/a938e59c-f861-4fb4-a4a0-9abbc7807008.flac?X-Amz-Algorithm=AWS4-HMAC-SHA256&X-Amz-Content-Sha256=UNSIGNED-PAYLOAD&X-Amz-Credential=AKIA45B7YWBX5HAZMGOU%2F20260223%2Feu-west-1%2Fs3%2Faws4_request&X-Amz-Date=20260223T001157Z&X-Amz-Expires=604800&X-Amz-Signature=35f69c7d2a35e7d5ee8bc2f6b7ca1334913a8b452901f25cbab8e536710b2320&X-Amz-SignedHeaders=host&response-content-disposition=attachment%3B%20filename%3Da938e59c-f861-4fb4-a4a0-9abbc7807008.flac&x-id=GetObject,0.25534007,24544
K2am-2021-05-14_09-00.WAV,2021 Kern 2,2021,5,14,9,0,sp32,Simple Call,16.01600075,16.85333252,2906,6188,24000,present,https://rfcx-streams-production.s3.eu-west-1.amazonaws.com/2021/05/14/pem8hxalyx7i/b2931820-a4a0-4d1a-87dd-4ce0e00ed41a.flac?X-Amz-Algorithm=AWS4-HMAC-SHA256&X-Amz-Content-Sha256=UNSIGNED-PAYLOAD&X-Amz-Credential=AKIA45B7YWBX5HAZMGOU%2F20260223%2Feu-west-1%2Fs3%2Faws4_request&X-Amz-Date=20260223T001201Z&X-Amz-Expires=604800&X-Amz-Signature=b3794c4925b5c5829b44c47e68a7798711c914d0a5bd0b1a270233c27772da1e&X-Amz-SignedHeaders=host&response-content-disposition=attachment%3B%20filename%3Db2931820-a4a0-4d1a-87dd-4ce0e00ed41a.flac&x-id=GetObject,0.204758108,24544
K2am-2021-05-14_09-40.WAV,2021 Kern 2,2021,5,14,9,40,sp32,Simple Call,14.89066696,15.72799969,2906,6188,24000,present,https://rfcx-streams-production.s3.eu-west-1.amazonaws.com/2021/05/14/pem8hxalyx7i/0ffd9199-599b-4b1e-a57c-e294033033d1.flac?X-Amz-Algorithm=AWS4-HMAC-SHA256&X-Amz-Content-Sha256=UNSIGNED-PAYLOAD&X-Amz-Credential=AKIA45B7YWBX5HAZMGOU%2F20260223%2Feu-west-1%2Fs3%2Faws4_request&X-Amz-Date=20260223T001157Z&X-Amz-Expires=604800&X-Amz-Signature=44f78ad77d01401c1909e061f3d9eed26f49918ad278de1edc4e00045d58f327&X-Amz-SignedHeaders=host&response-content-disposition=attachment%3B%20filename%3D0ffd9199-599b-4b1e-a57c-e294033033d1.flac&x-id=GetObject,0.243912041,24544
K2am-2021-05-14_10-00.WAV,2021 Kern 2,2021,5,14,10,0,sp32,Simple Call,59.01866531,59.85599899,2906,6188,24000,present,https://rfcx-streams-production.s3.eu-west-1.amazonaws.com/2021/05/14/pem8hxalyx7i/81d6b98c-46a7-46b3-9142-7d735e3a2529.flac?X-Amz-Algorithm=AWS4-HMAC-SHA256&X-Amz-Content-Sha256=UNSIGNED-PAYLOAD&X-Amz-Credential=AKIA45B7YWBX5HAZMGOU%2F20260223%2Feu-west-1%2Fs3%2Faws4_request&X-Amz-Date=20260223T001157Z&X-Amz-Expires=604800&X-Amz-Signature=a89609035a10275e86ff96c2c4f31b211e700709fee9def45d90cce79e44e400&X-Amz-SignedHeaders=host&response-content-disposition=attachment%3B%20filename%3D81d6b98c-46a7-46b3-9142-7d735e3a2529.flac&x-id=GetObject,0.278163016,24544
K2am-2021-05-14_10-20.WAV,2021 Kern 2,2021,5,14,10,20,sp32,Simple Call,48.80533218,49.64266586,2906,6188,24000,present,https://rfcx-streams-production.s3.eu-west-1.amazonaws.com/2021/05/14/pem8hxalyx7i/9d279d47-ed58-4444-a53d-c7a34d217bd3.flac?X-Amz-Algorithm=AWS4-HMAC-SHA256&X-Amz-Content-Sha256=UNSIGNED-PAYLOAD&X-Amz-Credential=AKIA45B7YWBX5HAZMGOU%2F20260223%2Feu-west-1%2Fs3%2Faws4_request&X-Amz-Date=20260223T001157Z&X-Amz-Expires=604800&X-Amz-Signature=1e44b477d12566b749b864e08713ac57cbc6e4355d2f6b2ed8cfc63390e2e5d8&X-Amz-SignedHeaders=host&response-content-disposition=attachment%3B%20filename%3D9d279d47-ed58-4444-a53d-c7a34d217bd3.flac&x-id=GetObject,0.287979305,24544
K2am-2021-05-14_16-00.WAV,2021 Kern 2,2021,5,14,16,0,sp32,Simple Call,8.117333412,8.954667091,2906,6188,24000,present,https://rfcx-streams-production.s3.eu-west-1.amazonaws.com/2021/05/14/pem8hxalyx7i/41bbf040-fe6c-4a0d-9109-606f433eabe9.flac?X-Amz-Algorithm=AWS4-HMAC-SHA256&X-Amz-Content-Sha256=UNSIGNED-PAYLOAD&X-Amz-Credential=AKIA45B7YWBX5HAZMGOU%2F20260223%2Feu-west-1%2Fs3%2Faws4_request&X-Amz-Date=20260223T001157Z&X-Amz-Expires=604800&X-Amz-Signature=0f9123587d4302400fb30fb9a79e1c53568debe9f8e0ac0b4d7e9c7906b707b7&X-Amz-SignedHeaders=host&response-content-disposition=attachment%3B%20filename%3D41bbf040-fe6c-4a0d-9109-606f433eabe9.flac&x-id=GetObject,0.219535962,24544
K2am-2021-05-14_16-40.WAV,2021 Kern 2,2021,5,14,16,40,sp32,Simple Call,33.56800079,34.40533447,2906,6188,24000,present,https://rfcx-streams-production.s3.eu-west-1.amazonaws.com/2021/05/14/pem8hxalyx7i/d7e1c90d-16b0-43f3-b193-eb0024648d1b.flac?X-Amz-Algorithm=AWS4-HMAC-SHA256&X-Amz-Content-Sha256=UNSIGNED-PAYLOAD&X-Amz-Credential=AKIA45B7YWBX5HAZMGOU%2F20260223%2Feu-west-1%2Fs3%2Faws4_request&X-Amz-Date=20260223T001157Z&X-Amz-Expires=604800&X-Amz-Signature=426e2f04b3a8190cb89199d5e304c3446fb151861d6e79641c551f829d2a0a8f&X-Amz-SignedHeaders=host&response-content-disposition=attachment%3B%20filename%3Dd7e1c90d-16b0-43f3-b193-eb0024648d1b.flac&x-id=GetObject,0.205487475,24544
K2am-2021-05-14_20-20.WAV,2021 Kern 2,2021,5,14,20,20,sp32,Simple Call,18.23466682,19.0720005,2906,6188,24000,present,https://rfcx-streams-production.s3.eu-west-1.amazonaws.com/2021/05/15/pem8hxalyx7i/ea009036-5285-493b-b8f0-e77a7c031a1a.flac?X-Amz-Algorithm=AWS4-HMAC-SHA256&X-Amz-Content-Sha256=UNSIGNED-PAYLOAD&X-Amz-Credential=AKIA45B7YWBX5HAZMGOU%2F20260223%2Feu-west-1%2Fs3%2Faws4_request&X-Amz-Date=20260223T001201Z&X-Amz-Expires=604800&X-Amz-Signature=c5a35fffbea37b621fc9543444ebe386f33b1dfa663373a1d17974f1fcd4bbf6&X-Amz-SignedHeaders=host&response-content-disposition=attachment%3B%20filename%3Dea009036-5285-493b-b8f0-e77a7c031a1a.flac&x-id=GetObject,0.243965924,24544
K2am-2021-05-14_21-00.WAV,2021 Kern 2,2021,5,14,21,0,sp32,Simple Call,3.503999949,4.341333389,2906,6188,24000,present,https://rfcx-streams-production.s3.eu-west-1.amazonaws.com/2021/05/15/pem8hxalyx7i/7c8c5c9d-9ee7-4733-933b-5c33d2e42daf.flac?X-Amz-Algorithm=AWS4-HMAC-SHA256&X-Amz-Content-Sha256=UNSIGNED-PAYLOAD&X-Amz-Credential=AKIA45B7YWBX5HAZMGOU%2F20260223%2Feu-west-1%2Fs3%2Faws4_request&X-Amz-Date=20260223T001201Z&X-Amz-Expires=604800&X-Amz-Signature=ab4f1b88097f243a5d97848994461d6d0f78de7a3a99d955f62c4464fa55744e&X-Amz-SignedHeaders=host&response-content-disposition=attachment%3B%20filename%3D7c8c5c9d-9ee7-4733-933b-5c33d2e42daf.flac&x-id=GetObject,0.202322885,24544
K2am-2021-05-14_22-20.WAV,2021 Kern 2,2021,5,14,22,20,sp32,Simple Call,16.84799957,17.68533325,2906,6188,24000,present,https://rfcx-streams-production.s3.eu-west-1.amazonaws.com/2021/05/15/pem8hxalyx7i/92ddc802-d9ee-42b4-bc76-933062f9ceff.flac?X-Amz-Algorithm=AWS4-HMAC-SHA256&X-Amz-Content-Sha256=UNSIGNED-PAYLOAD&X-Amz-Credential=AKIA45B7YWBX5HAZMGOU%2F20260223%2Feu-west-1%2Fs3%2Faws4_request&X-Amz-Date=20260223T001201Z&X-Amz-Expires=604800&X-Amz-Signature=599bc133ef3a63591ea956026cde2328062aa3e9718432f248b1be225a3eca7b&X-Amz-SignedHeaders=host&response-content-disposition=attachment%3B%20filename%3D92ddc802-d9ee-42b4-bc76-933062f9ceff.flac&x-id=GetObject,0.205782786,24544
K2am-2021-05-15_00-20.WAV,2021 Kern 2,2021,5,15,0,20,sp32,Simple Call,14.7626667,15.60000038,2906,6188,24000,present,https://rfcx-streams-production.s3.eu-west-1.amazonaws.com/2021/05/15/pem8hxalyx7i/6209c238-feb9-4240-8cb1-537d63484b52.flac?X-Amz-Algorithm=AWS4-HMAC-SHA256&X-Amz-Content-Sha256=UNSIGNED-PAYLOAD&X-Amz-Credential=AKIA45B7YWBX5HAZMGOU%2F20260223%2Feu-west-1%2Fs3%2Faws4_request&X-Amz-Date=20260223T001201Z&X-Amz-Expires=604800&X-Amz-Signature=e9cff650c2895674c3a61e35500f24f35771fcf32293a65d396e04f2ed04c838&X-Amz-SignedHeaders=host&response-content-disposition=attachment%3B%20filename%3D6209c238-feb9-4240-8cb1-537d63484b52.flac&x-id=GetObject,0.220766023,24544
K2am-2021-05-15_00-40.WAV,2021 Kern 2,2021,5,15,0,40,sp32,Simple Call,15.89333344,16.73066711,2906,6188,24000,present,https://rfcx-streams-production.s3.eu-west-1.amazonaws.com/2021/05/15/pem8hxalyx7i/bcdff326-45d5-4b17-8ce2-c45388ba29d1.flac?X-Amz-Algorithm=AWS4-HMAC-SHA256&X-Amz-Content-Sha256=UNSIGNED-PAYLOAD&X-Amz-Credential=AKIA45B7YWBX5HAZMGOU%2F20260223%2Feu-west-1%2Fs3%2Faws4_request&X-Amz-Date=20260223T001157Z&X-Amz-Expires=604800&X-Amz-Signature=8e0e3c1450326f7efa5b34aa18d5043ae72f76d783edc1ffda8649eaeed878a1&X-Amz-SignedHeaders=host&response-content-disposition=attachment%3B%20filename%3Dbcdff326-45d5-4b17-8ce2-c45388ba29d1.flac&x-id=GetObject,0.224174023,24544
K2am-2021-05-15_02-20.WAV,2021 Kern 2,2021,5,15,2,20,sp32,Simple Call,25.86133385,26.69866753,2906,6188,24000,present,https://rfcx-streams-production.s3.eu-west-1.amazonaws.com/2021/05/15/pem8hxalyx7i/f680f8e6-c1ca-4f80-9935-059b2ac664e0.flac?X-Amz-Algorithm=AWS4-HMAC-SHA256&X-Amz-Content-Sha256=UNSIGNED-PAYLOAD&X-Amz-Credential=AKIA45B7YWBX5HAZMGOU%2F20260223%2Feu-west-1%2Fs3%2Faws4_request&X-Amz-Date=20260223T001201Z&X-Amz-Expires=604800&X-Amz-Signature=54050466e257ca4c866a1833eb47082f471885a3748518298ae176754a3d3d58&X-Amz-SignedHeaders=host&response-content-disposition=attachment%3B%20filename%3Df680f8e6-c1ca-4f80-9935-059b2ac664e0.flac&x-id=GetObject,0.255072981,24544
K2am-2021-05-15_03-00.WAV,2021 Kern 2,2021,5,15,3,0,sp32,Simple Call,0.800000012,1.637333274,2906,6188,24000,present,https://rfcx-streams-production.s3.eu-west-1.amazonaws.com/2021/05/15/pem8hxalyx7i/e0fb365f-ab3a-4449-aad7-8ab20d12fa93.flac?X-Amz-Algorithm=AWS4-HMAC-SHA256&X-Amz-Content-Sha256=UNSIGNED-PAYLOAD&X-Amz-Credential=AKIA45B7YWBX5HAZMGOU%2F20260223%2Feu-west-1%2Fs3%2Faws4_request&X-Amz-Date=20260223T001201Z&X-Amz-Expires=604800&X-Amz-Signature=184e853415cd50b6e1c841b9bf8f6f73f03dbd760246e40b79155f30e41ead91&X-Amz-SignedHeaders=host&response-content-disposition=attachment%3B%20filename%3De0fb365f-ab3a-4449-aad7-8ab20d12fa93.flac&x-id=GetObject,0.247223794,24544
K2am-2021-05-15_10-20.WAV,2021 Kern 2,2021,5,15,10,20,sp32,Simple Call,53.90933228,54.74666595,2906,6188,24000,present,https://rfcx-streams-production.s3.eu-west-1.amazonaws.com/2021/05/15/pem8hxalyx7i/396f67f6-f4a1-4130-8dc5-542ee46f353a.flac?X-Amz-Algorithm=AWS4-HMAC-SHA256&X-Amz-Content-Sha256=UNSIGNED-PAYLOAD&X-Amz-Credential=AKIA45B7YWBX5HAZMGOU%2F20260223%2Feu-west-1%2Fs3%2Faws4_request&X-Amz-Date=20260223T001157Z&X-Amz-Expires=604800&X-Amz-Signature=5a242a9d27fd392e9c0b6f3c7ff6f1f6b31f8cb980a1cca037b5fa3f12fafa23&X-Amz-SignedHeaders=host&response-content-disposition=attachment%3B%20filename%3D396f67f6-f4a1-4130-8dc5-542ee46f353a.flac&x-id=GetObject,0.279058635,24544
K2am-2021-05-15_10-40.WAV,2021 Kern 2,2021,5,15,10,40,sp32,Simple Call,30.11199951,30.94933319,2906,6188,24000,present,https://rfcx-streams-production.s3.eu-west-1.amazonaws.com/2021/05/15/pem8hxalyx7i/57ca3878-cc2a-4f3c-b06b-701807b716cb.flac?X-Amz-Algorithm=AWS4-HMAC-SHA256&X-Amz-Content-Sha256=UNSIGNED-PAYLOAD&X-Amz-Credential=AKIA45B7YWBX5HAZMGOU%2F20260223%2Feu-west-1%2Fs3%2Faws4_request&X-Amz-Date=20260223T001201Z&X-Amz-Expires=604800&X-Amz-Signature=c393146a9fd9b788b2263e65d632eb256647f2f349e1d3dcec17e47270517040&X-Amz-SignedHeaders=host&response-content-disposition=attachment%3B%20filename%3D57ca3878-cc2a-4f3c-b06b-701807b716cb.flac&x-id=GetObject,0.234091282,24544
K2am-2021-05-16_09-40.WAV,2021 Kern 2,2021,5,16,9,40,sp32,Simple Call,45.27999878,46.11733246,2906,6188,24000,present,https://rfcx-streams-production.s3.eu-west-1.amazonaws.com/2021/05/16/pem8hxalyx7i/101bb89b-192f-436c-a753-b43761081026.flac?X-Amz-Algorithm=AWS4-HMAC-SHA256&X-Amz-Content-Sha256=UNSIGNED-PAYLOAD&X-Amz-Credential=AKIA45B7YWBX5HAZMGOU%2F20260223%2Feu-west-1%2Fs3%2Faws4_request&X-Amz-Date=20260223T001206Z&X-Amz-Expires=604800&X-Amz-Signature=f99155a0f8f5b068b801d0b8a5b517af2cde71377c9807a35d1e09793a97efaa&X-Amz-SignedHeaders=host&response-content-disposition=attachment%3B%20filename%3D101bb89b-192f-436c-a753-b43761081026.flac&x-id=GetObject,0.23369655,24544
K2am-2021-05-16_10-20.WAV,2021 Kern 2,2021,5,16,10,20,sp32,Simple Call,14.07466698,14.9119997,2906,6188,24000,present,https://rfcx-streams-production.s3.eu-west-1.amazonaws.com/2021/05/16/pem8hxalyx7i/e5f32501-8f22-495e-8fb6-f614120578e5.flac?X-Amz-Algorithm=AWS4-HMAC-SHA256&X-Amz-Content-Sha256=UNSIGNED-PAYLOAD&X-Amz-Credential=AKIA45B7YWBX5HAZMGOU%2F20260223%2Feu-west-1%2Fs3%2Faws4_request&X-Amz-Date=20260223T001201Z&X-Amz-Expires=604800&X-Amz-Signature=b177997d17d03f0f159fb3574a1c706e77de702409b769551c226bb69adbd582&X-Amz-SignedHeaders=host&response-content-disposition=attachment%3B%20filename%3De5f32501-8f22-495e-8fb6-f614120578e5.flac&x-id=GetObject,0.208086252,24544
K2am-2021-05-16_15-40.WAV,2021 Kern 2,2021,5,16,15,40,sp32,Simple Call,4.586666584,5.423999786,2906,6188,24000,present,https://rfcx-streams-production.s3.eu-west-1.amazonaws.com/2021/05/16/pem8hxalyx7i/5061f9a8-c54e-4be6-bd67-fe1b92888254.flac?X-Amz-Algorithm=AWS4-HMAC-SHA256&X-Amz-Content-Sha256=UNSIGNED-PAYLOAD&X-Amz-Credential=AKIA45B7YWBX5HAZMGOU%2F20260223%2Feu-west-1%2Fs3%2Faws4_request&X-Amz-Date=20260223T001201Z&X-Amz-Expires=604800&X-Amz-Signature=6fb8902f987fe39a9236b1d64131c155acd2b7045b484a683af471b65ba8ec71&X-Amz-SignedHeaders=host&response-content-disposition=attachment%3B%20filename%3D5061f9a8-c54e-4be6-bd67-fe1b92888254.flac&x-id=GetObject,0.29116118,24544
K2am-2021-05-16_16-40.WAV,2021 Kern 2,2021,5,16,16,40,sp32,Simple Call,53.65333176,54.49066544,2906,6188,24000,present,https://rfcx-streams-production.s3.eu-west-1.amazonaws.com/2021/05/16/pem8hxalyx7i/84a6f14d-4108-4b7a-9a3a-214295ec7c81.flac?X-Amz-Algorithm=AWS4-HMAC-SHA256&X-Amz-Content-Sha256=UNSIGNED-PAYLOAD&X-Amz-Credential=AKIA45B7YWBX5HAZMGOU%2F20260223%2Feu-west-1%2Fs3%2Faws4_request&X-Amz-Date=20260223T001201Z&X-Amz-Expires=604800&X-Amz-Signature=0988b0c208fdcbfb86fbc97e29affd2ef9555078c175d914d752f3d2e1f89301&X-Amz-SignedHeaders=host&response-content-disposition=attachment%3B%20filename%3D84a6f14d-4108-4b7a-9a3a-214295ec7c81.flac&x-id=GetObject,0.260560632,24544
K2am-2021-05-16_18-40.WAV,2021 Kern 2,2021,5,16,18,40,sp32,Simple Call,26.55999947,27.39733315,2906,6188,24000,present,https://rfcx-streams-production.s3.eu-west-1.amazonaws.com/2021/05/17/pem8hxalyx7i/f6e1e8ce-51b1-4db9-b83d-7346dff45b95.flac?X-Amz-Algorithm=AWS4-HMAC-SHA256&X-Amz-Content-Sha256=UNSIGNED-PAYLOAD&X-Amz-Credential=AKIA45B7YWBX5HAZMGOU%2F20260223%2Feu-west-1%2Fs3%2Faws4_request&X-Amz-Date=20260223T001201Z&X-Amz-Expires=604800&X-Amz-Signature=4f866608364972ec9295894c6b19fd8e43e0a31be7b39b41e729cb1e32c980de&X-Amz-SignedHeaders=host&response-content-disposition=attachment%3B%20filename%3Df6e1e8ce-51b1-4db9-b83d-7346dff45b95.flac&x-id=GetObject,0.263424367,24544
K2am-2021-05-16_19-40.WAV,2021 Kern 2,2021,5,16,19,40,sp32,Simple Call,45.24266815,46.08000183,2906,6188,24000,present,https://rfcx-streams-production.s3.eu-west-1.amazonaws.com/2021/05/17/pem8hxalyx7i/e3e778d2-1d7f-4109-bf34-e2864a2349b3.flac?X-Amz-Algorithm=AWS4-HMAC-SHA256&X-Amz-Content-Sha256=UNSIGNED-PAYLOAD&X-Amz-Credential=AKIA45B7YWBX5HAZMGOU%2F20260223%2Feu-west-1%2Fs3%2Faws4_request&X-Amz-Date=20260223T001157Z&X-Amz-Expires=604800&X-Amz-Signature=fc69a6d0c1ca5bde44ef9c61d0b883a41d5545888654780eeef7744eeab6ca1b&X-Amz-SignedHeaders=host&response-content-disposition=attachment%3B%20filename%3De3e778d2-1d7f-4109-bf34-e2864a2349b3.flac&x-id=GetObject,0.20589374,24544
K2am-2021-05-16_20-00.WAV,2021 Kern 2,2021,5,16,20,0,sp32,Simple Call,41.59999847,42.43733215,2906,6188,24000,present,https://rfcx-streams-production.s3.eu-west-1.amazonaws.com/2021/05/17/pem8hxalyx7i/6476cbc6-9b23-4668-9465-8821ad88d614.flac?X-Amz-Algorithm=AWS4-HMAC-SHA256&X-Amz-Content-Sha256=UNSIGNED-PAYLOAD&X-Amz-Credential=AKIA45B7YWBX5HAZMGOU%2F20260223%2Feu-west-1%2Fs3%2Faws4_request&X-Amz-Date=20260223T001201Z&X-Amz-Expires=604800&X-Amz-Signature=fc1d793ed1c43bf75845c7e9c6758b8d67953b31280d82bbfb316acd9fff7477&X-Amz-SignedHeaders=host&response-content-disposition=attachment%3B%20filename%3D6476cbc6-9b23-4668-9465-8821ad88d614.flac&x-id=GetObject,0.252032548,24544
K2am-2021-05-16_20-20.WAV,2021 Kern 2,2021,5,16,20,20,sp32,Simple Call,15.45600033,16.29333305,2906,6188,24000,present,https://rfcx-streams-production.s3.eu-west-1.amazonaws.com/2021/05/17/pem8hxalyx7i/578f5f65-ebe0-4994-93eb-de1d1facf3e6.flac?X-Amz-Algorithm=AWS4-HMAC-SHA256&X-Amz-Content-Sha256=UNSIGNED-PAYLOAD&X-Amz-Credential=AKIA45B7YWBX5HAZMGOU%2F20260223%2Feu-west-1%2Fs3%2Faws4_request&X-Amz-Date=20260223T001201Z&X-Amz-Expires=604800&X-Amz-Signature=ed9c1253b5a08480d7ba36f1156480182fd2d08b31019cb3bbd252fa7ae5d499&X-Amz-SignedHeaders=host&response-content-disposition=attachment%3B%20filename%3D578f5f65-ebe0-4994-93eb-de1d1facf3e6.flac&x-id=GetObject,0.236206934,24544
K2am-2021-05-16_20-40.WAV,2021 Kern 2,2021,5,16,20,40,sp32,Simple Call,9.658666611,10.49600029,2906,6188,24000,present,https://rfcx-streams-production.s3.eu-west-1.amazonaws.com/2021/05/17/pem8hxalyx7i/5ee52694-00ce-43fc-bd7c-b227a394663f.flac?X-Amz-Algorithm=AWS4-HMAC-SHA256&X-Amz-Content-Sha256=UNSIGNED-PAYLOAD&X-Amz-Credential=AKIA45B7YWBX5HAZMGOU%2F20260223%2Feu-west-1%2Fs3%2Faws4_request&X-Amz-Date=20260223T001157Z&X-Amz-Expires=604800&X-Amz-Signature=db768be77137436d1c80d9d8db2a2763d3aaaef339563d5813886620afffd78a&X-Amz-SignedHeaders=host&response-content-disposition=attachment%3B%20filename%3D5ee52694-00ce-43fc-bd7c-b227a394663f.flac&x-id=GetObject,0.216030404,24544
K2am-2021-05-16_21-20.WAV,2021 Kern 2,2021,5,16,21,20,sp32,Simple Call,6.586666584,7.423999786,2906,6188,24000,present,https://rfcx-streams-production.s3.eu-west-1.amazonaws.com/2021/05/17/pem8hxalyx7i/0d4edb26-10a1-4eeb-ae58-1a37bf16fe33.flac?X-Amz-Algorithm=AWS4-HMAC-SHA256&X-Amz-Content-Sha256=UNSIGNED-PAYLOAD&X-Amz-Credential=AKIA45B7YWBX5HAZMGOU%2F20260223%2Feu-west-1%2Fs3%2Faws4_request&X-Amz-Date=20260223T001157Z&X-Amz-Expires=604800&X-Amz-Signature=19a70cafbcc94dbac6e01d5348f3deb350e6bc64514c7fa996ccc94b9a5f0874&X-Amz-SignedHeaders=host&response-content-disposition=attachment%3B%20filename%3D0d4edb26-10a1-4eeb-ae58-1a37bf16fe33.flac&x-id=GetObject,0.235479921,24544
K2am-2021-05-16_23-20.WAV,2021 Kern 2,2021,5,16,23,20,sp32,Simple Call,1.989333391,2.826666594,2906,6188,24000,present,https://rfcx-streams-production.s3.eu-west-1.amazonaws.com/2021/05/17/pem8hxalyx7i/e4761cc2-e6ab-4d67-b00e-bb4d24fc8293.flac?X-Amz-Algorithm=AWS4-HMAC-SHA256&X-Amz-Content-Sha256=UNSIGNED-PAYLOAD&X-Amz-Credential=AKIA45B7YWBX5HAZMGOU%2F20260223%2Feu-west-1%2Fs3%2Faws4_request&X-Amz-Date=20260223T001157Z&X-Amz-Expires=604800&X-Amz-Signature=63624de634bbe9d811c8035c260093cabaee03c5308d3bc98459bfdce194cb11&X-Amz-SignedHeaders=host&response-content-disposition=attachment%3B%20filename%3De4761cc2-e6ab-4d67-b00e-bb4d24fc8293.flac&x-id=GetObject,0.224780545,24544
K2am-2021-05-17_00-00.WAV,2021 Kern 2,2021,5,17,0,0,sp32,Simple Call,32.25600052,33.0933342,2906,6188,24000,present,https://rfcx-streams-production.s3.eu-west-1.amazonaws.com/2021/05/17/pem8hxalyx7i/af443c6e-0529-48e5-9a54-c91fadc13005.flac?X-Amz-Algorithm=AWS4-HMAC-SHA256&X-Amz-Content-Sha256=UNSIGNED-PAYLOAD&X-Amz-Credential=AKIA45B7YWBX5HAZMGOU%2F20260223%2Feu-west-1%2Fs3%2Faws4_request&X-Amz-Date=20260223T001157Z&X-Amz-Expires=604800&X-Amz-Signature=05744d7cac79b904f1634b7b8343801ffbd53fb9cccbba90149ac341a0c307a1&X-Amz-SignedHeaders=host&response-content-disposition=attachment%3B%20filename%3Daf443c6e-0529-48e5-9a54-c91fadc13005.flac&x-id=GetObject,0.220348448,24544
K2am-2021-05-17_00-20.WAV,2021 Kern 2,2021,5,17,0,20,sp32,Simple Call,41.48266602,42.31999969,2906,6188,24000,present,https://rfcx-streams-production.s3.eu-west-1.amazonaws.com/2021/05/17/pem8hxalyx7i/595134ee-40a4-48f5-a809-2c874a0d4dc9.flac?X-Amz-Algorithm=AWS4-HMAC-SHA256&X-Amz-Content-Sha256=UNSIGNED-PAYLOAD&X-Amz-Credential=AKIA45B7YWBX5HAZMGOU%2F20260223%2Feu-west-1%2Fs3%2Faws4_request&X-Amz-Date=20260223T001201Z&X-Amz-Expires=604800&X-Amz-Signature=3396caf7663503c505cd921a81c766b2626c87f6df175254fd9075c6101f5235&X-Amz-SignedHeaders=host&response-content-disposition=attachment%3B%20filename%3D595134ee-40a4-48f5-a809-2c874a0d4dc9.flac&x-id=GetObject,0.211654991,24544
K2am-2021-05-17_01-00.WAV,2021 Kern 2,2021,5,17,1,0,sp32,Simple Call,6.410666466,7.248000145,2906,6188,24000,present,https://rfcx-streams-production.s3.eu-west-1.amazonaws.com/2021/05/17/pem8hxalyx7i/3f1e5967-b71d-4bb5-8594-59ecc8820bee.flac?X-Amz-Algorithm=AWS4-HMAC-SHA256&X-Amz-Content-Sha256=UNSIGNED-PAYLOAD&X-Amz-Credential=AKIA45B7YWBX5HAZMGOU%2F20260223%2Feu-west-1%2Fs3%2Faws4_request&X-Amz-Date=20260223T001157Z&X-Amz-Expires=604800&X-Amz-Signature=b39e62556d1833ec68d80e9affc86eff10dbda35f2d56633675f7452b3ab3528&X-Amz-SignedHeaders=host&response-content-disposition=attachment%3B%20filename%3D3f1e5967-b71d-4bb5-8594-59ecc8820bee.flac&x-id=GetObject,0.227887988,24544
K2am-2021-05-17_02-20.WAV,2021 Kern 2,2021,5,17,2,20,sp32,Simple Call,14.69866657,15.53600025,2906,6188,24000,present,https://rfcx-streams-production.s3.eu-west-1.amazonaws.com/2021/05/17/pem8hxalyx7i/c5f044a3-c571-48e1-91f5-f1e560748b72.flac?X-Amz-Algorithm=AWS4-HMAC-SHA256&X-Amz-Content-Sha256=UNSIGNED-PAYLOAD&X-Amz-Credential=AKIA45B7YWBX5HAZMGOU%2F20260223%2Feu-west-1%2Fs3%2Faws4_request&X-Amz-Date=20260223T001201Z&X-Amz-Expires=604800&X-Amz-Signature=b9a1c629c019acdb36c66b688765d7298b1fc4c0cba67fe4f2230355e9fddfbc&X-Amz-SignedHeaders=host&response-content-disposition=attachment%3B%20filename%3Dc5f044a3-c571-48e1-91f5-f1e560748b72.flac&x-id=GetObject,0.210495874,24544
K2am-2021-05-17_03-20.WAV,2021 Kern 2,2021,5,17,3,20,sp32,Simple Call,40.04266739,40.88000107,2906,6188,24000,present,https://rfcx-streams-production.s3.eu-west-1.amazonaws.com/2021/05/17/pem8hxalyx7i/b342dc0f-4514-4d3b-abc0-8bb1d36b3246.flac?X-Amz-Algorithm=AWS4-HMAC-SHA256&X-Amz-Content-Sha256=UNSIGNED-PAYLOAD&X-Amz-Credential=AKIA45B7YWBX5HAZMGOU%2F20260223%2Feu-west-1%2Fs3%2Faws4_request&X-Amz-Date=20260223T001201Z&X-Amz-Expires=604800&X-Amz-Signature=0b2b16cadeec83610d96dafd08fb65c4e4033707e78ae88f7747e5c9328a8965&X-Amz-SignedHeaders=host&response-content-disposition=attachment%3B%20filename%3Db342dc0f-4514-4d3b-abc0-8bb1d36b3246.flac&x-id=GetObject,0.219805539,24544
K2am-2021-05-17_05-20.WAV,2021 Kern 2,2021,5,17,5,20,sp32,Simple Call,16.03199959,16.86933327,2906,6188,24000,present,https://rfcx-streams-production.s3.eu-west-1.amazonaws.com/2021/05/17/pem8hxalyx7i/74e63303-3128-4829-8e63-6e5cfb7acbb1.flac?X-Amz-Algorithm=AWS4-HMAC-SHA256&X-Amz-Content-Sha256=UNSIGNED-PAYLOAD&X-Amz-Credential=AKIA45B7YWBX5HAZMGOU%2F20260223%2Feu-west-1%2Fs3%2Faws4_request&X-Amz-Date=20260223T001157Z&X-Amz-Expires=604800&X-Amz-Signature=a2ff308872bea85c53bc734be3ed2933362511612dcde88b00c09c07c92caedf&X-Amz-SignedHeaders=host&response-content-disposition=attachment%3B%20filename%3D74e63303-3128-4829-8e63-6e5cfb7acbb1.flac&x-id=GetObject,0.227592602,24544
K2am-2021-05-17_05-40.WAV,2021 Kern 2,2021,5,17,5,40,sp32,Simple Call,53.58933258,54.42666626,2906,6188,24000,present,https://rfcx-streams-production.s3.eu-west-1.amazonaws.com/2021/05/17/pem8hxalyx7i/1c05d29e-fb99-459c-b800-3835ba7b35a1.flac?X-Amz-Algorithm=AWS4-HMAC-SHA256&X-Amz-Content-Sha256=UNSIGNED-PAYLOAD&X-Amz-Credential=AKIA45B7YWBX5HAZMGOU%2F20260223%2Feu-west-1%2Fs3%2Faws4_request&X-Amz-Date=20260223T001201Z&X-Amz-Expires=604800&X-Amz-Signature=efa60321c56f9273243a384dcc8eed2cbf534979a4c80961b9cca34bf146dd27&X-Amz-SignedHeaders=host&response-content-disposition=attachment%3B%20filename%3D1c05d29e-fb99-459c-b800-3835ba7b35a1.flac&x-id=GetObject,0.212089851,24544
K2am-2021-05-17_08-20.WAV,2021 Kern 2,2021,5,17,8,20,sp32,Simple Call,6.773333549,7.610666752,2906,6188,24000,present,https://rfcx-streams-production.s3.eu-west-1.amazonaws.com/2021/05/17/pem8hxalyx7i/59f135a5-733c-4d0c-951b-f73abf796acb.flac?X-Amz-Algorithm=AWS4-HMAC-SHA256&X-Amz-Content-Sha256=UNSIGNED-PAYLOAD&X-Amz-Credential=AKIA45B7YWBX5HAZMGOU%2F20260223%2Feu-west-1%2Fs3%2Faws4_request&X-Amz-Date=20260223T001201Z&X-Amz-Expires=604800&X-Amz-Signature=a14fe32587323fe05ff2be0f1310cbad7f774eed2016e14773a5deedc4129af3&X-Amz-SignedHeaders=host&response-content-disposition=attachment%3B%20filename%3D59f135a5-733c-4d0c-951b-f73abf796acb.flac&x-id=GetObject,0.214763239,24544
K2am-2021-05-17_09-20.WAV,2021 Kern 2,2021,5,17,9,20,sp32,Simple Call,15.96800041,16.80533409,2906,6188,24000,present,https://rfcx-streams-production.s3.eu-west-1.amazonaws.com/2021/05/17/pem8hxalyx7i/e9065cd7-6ee1-44bc-8c58-aaccb07c4e06.flac?X-Amz-Algorithm=AWS4-HMAC-SHA256&X-Amz-Content-Sha256=UNSIGNED-PAYLOAD&X-Amz-Credential=AKIA45B7YWBX5HAZMGOU%2F20260223%2Feu-west-1%2Fs3%2Faws4_request&X-Amz-Date=20260223T001157Z&X-Amz-Expires=604800&X-Amz-Signature=86a2ca7206b58b3697c1f55995f218505174ada053a74ba1d68a5260dc8b5ea0&X-Amz-SignedHeaders=host&response-content-disposition=attachment%3B%20filename%3De9065cd7-6ee1-44bc-8c58-aaccb07c4e06.flac&x-id=GetObject,0.219253659,24544
K2am-2021-05-17_09-40.WAV,2021 Kern 2,2021,5,17,9,40,sp32,Simple Call,45.17333221,46.01066589,2906,6188,24000,present,https://rfcx-streams-production.s3.eu-west-1.amazonaws.com/2021/05/17/pem8hxalyx7i/bb274bec-fe15-4c35-b39c-0aaf387fed35.flac?X-Amz-Algorithm=AWS4-HMAC-SHA256&X-Amz-Content-Sha256=UNSIGNED-PAYLOAD&X-Amz-Credential=AKIA45B7YWBX5HAZMGOU%2F20260223%2Feu-west-1%2Fs3%2Faws4_request&X-Amz-Date=20260223T001201Z&X-Amz-Expires=604800&X-Amz-Signature=8041718cc3a73881ec50090c2c16cf2411d57348ba4c03b3f69fb5db336bfbf6&X-Amz-SignedHeaders=host&response-content-disposition=attachment%3B%20filename%3Dbb274bec-fe15-4c35-b39c-0aaf387fed35.flac&x-id=GetObject,0.210279867,24544
K2am-2021-05-17_10-00.WAV,2021 Kern 2,2021,5,17,10,0,sp32,Simple Call,48.23466492,49.0719986,2906,6188,24000,present,https://rfcx-streams-production.s3.eu-west-1.amazonaws.com/2021/05/17/pem8hxalyx7i/7851732d-9bda-4daf-b576-741ca2e2d037.flac?X-Amz-Algorithm=AWS4-HMAC-SHA256&X-Amz-Content-Sha256=UNSIGNED-PAYLOAD&X-Amz-Credential=AKIA45B7YWBX5HAZMGOU%2F20260223%2Feu-west-1%2Fs3%2Faws4_request&X-Amz-Date=20260223T001202Z&X-Amz-Expires=604800&X-Amz-Signature=0cf7eff1a9d9215f4d08ee0975392c871c5034712d881fc55f8e85525e5383df&X-Amz-SignedHeaders=host&response-content-disposition=attachment%3B%20filename%3D7851732d-9bda-4daf-b576-741ca2e2d037.flac&x-id=GetObject,0.296964228,24544
K2am-2021-05-17_10-20.WAV,2021 Kern 2,2021,5,17,10,20,sp32,Simple Call,20.14933395,20.98666573,2906,6188,24000,present,https://rfcx-streams-production.s3.eu-west-1.amazonaws.com/2021/05/17/pem8hxalyx7i/88f7a2e1-37d3-4137-8cb6-90fd25015dae.flac?X-Amz-Algorithm=AWS4-HMAC-SHA256&X-Amz-Content-Sha256=UNSIGNED-PAYLOAD&X-Amz-Credential=AKIA45B7YWBX5HAZMGOU%2F20260223%2Feu-west-1%2Fs3%2Faws4_request&X-Amz-Date=20260223T001157Z&X-Amz-Expires=604800&X-Amz-Signature=4f506d1b85a1c08f2d8f1092b1fd4df90236fc77a61adca43c20821609a00ba9&X-Amz-SignedHeaders=host&response-content-disposition=attachment%3B%20filename%3D88f7a2e1-37d3-4137-8cb6-90fd25015dae.flac&x-id=GetObject,0.285757154,24544
K2am-2021-05-17_10-40.WAV,2021 Kern 2,2021,5,17,10,40,sp32,Simple Call,50.97066498,51.80799866,2906,6188,24000,present,https://rfcx-streams-production.s3.eu-west-1.amazonaws.com/2021/05/17/pem8hxalyx7i/c2f703da-8148-42cc-b692-d2d1fe5bcb49.flac?X-Amz-Algorithm=AWS4-HMAC-SHA256&X-Amz-Content-Sha256=UNSIGNED-PAYLOAD&X-Amz-Credential=AKIA45B7YWBX5HAZMGOU%2F20260223%2Feu-west-1%2Fs3%2Faws4_request&X-Amz-Date=20260223T001157Z&X-Amz-Expires=604800&X-Amz-Signature=0048796c4039f24596ea4c75630b4ba2b950b2c45490a15def79051b716aa55c&X-Amz-SignedHeaders=host&response-content-disposition=attachment%3B%20filename%3Dc2f703da-8148-42cc-b692-d2d1fe5bcb49.flac&x-id=GetObject,0.2811566,24544
K2am-2021-05-17_11-20.WAV,2021 Kern 2,2021,5,17,11,20,sp32,Simple Call,52.88000107,53.71733475,2906,6188,24000,present,https://rfcx-streams-production.s3.eu-west-1.amazonaws.com/2021/05/17/pem8hxalyx7i/4f876380-c56e-4f71-86c7-51ee0503e361.flac?X-Amz-Algorithm=AWS4-HMAC-SHA256&X-Amz-Content-Sha256=UNSIGNED-PAYLOAD&X-Amz-Credential=AKIA45B7YWBX5HAZMGOU%2F20260223%2Feu-west-1%2Fs3%2Faws4_request&X-Amz-Date=20260223T001201Z&X-Amz-Expires=604800&X-Amz-Signature=4d28e2efec862cf3588c97ba40cd40a44add481cb9a2d4cc7b991676c1071fb4&X-Amz-SignedHeaders=host&response-content-disposition=attachment%3B%20filename%3D4f876380-c56e-4f71-86c7-51ee0503e361.flac&x-id=GetObject,0.253758729,24544
K2am-2021-05-17_17-20.WAV,2021 Kern 2,2021,5,17,17,20,sp32,Simple Call,23.62666702,24.4640007,2906,6188,24000,present,https://rfcx-streams-production.s3.eu-west-1.amazonaws.com/2021/05/18/pem8hxalyx7i/b268407c-367d-4c31-aa11-31a3f530bcb4.flac?X-Amz-Algorithm=AWS4-HMAC-SHA256&X-Amz-Content-Sha256=UNSIGNED-PAYLOAD&X-Amz-Credential=AKIA45B7YWBX5HAZMGOU%2F20260223%2Feu-west-1%2Fs3%2Faws4_request&X-Amz-Date=20260223T001201Z&X-Amz-Expires=604800&X-Amz-Signature=08a0846e36f174ea8e5f851b8e3c0519a4569c0d22aba3258ce53a900151c402&X-Amz-SignedHeaders=host&response-content-disposition=attachment%3B%20filename%3Db268407c-367d-4c31-aa11-31a3f530bcb4.flac&x-id=GetObject,0.25771302,24544
K2am-2021-05-17_18-00.WAV,2021 Kern 2,2021,5,17,18,0,sp32,Simple Call,33.84000015,34.67733383,2906,6188,24000,present,https://rfcx-streams-production.s3.eu-west-1.amazonaws.com/2021/05/18/pem8hxalyx7i/633fc849-face-4cd8-8b5e-2ef22f657735.flac?X-Amz-Algorithm=AWS4-HMAC-SHA256&X-Amz-Content-Sha256=UNSIGNED-PAYLOAD&X-Amz-Credential=AKIA45B7YWBX5HAZMGOU%2F20260223%2Feu-west-1%2Fs3%2Faws4_request&X-Amz-Date=20260223T001156Z&X-Amz-Expires=604800&X-Amz-Signature=98df11573e1acaaba4e6c97e55438809eafcafdbcb52a21ba49bd9303f6d5796&X-Amz-SignedHeaders=host&response-content-disposition=attachment%3B%20filename%3D633fc849-face-4cd8-8b5e-2ef22f657735.flac&x-id=GetObject,0.207584918,24544
K2am-2021-05-17_18-40.WAV,2021 Kern 2,2021,5,17,18,40,sp32,Simple Call,5.743999958,6.58133316,2906,6188,24000,present,https://rfcx-streams-production.s3.eu-west-1.amazonaws.com/2021/05/18/pem8hxalyx7i/87450d16-57be-49a9-ba69-50b47dcebf4c.flac?X-Amz-Algorithm=AWS4-HMAC-SHA256&X-Amz-Content-Sha256=UNSIGNED-PAYLOAD&X-Amz-Credential=AKIA45B7YWBX5HAZMGOU%2F20260223%2Feu-west-1%2Fs3%2Faws4_request&X-Amz-Date=20260223T001156Z&X-Amz-Expires=604800&X-Amz-Signature=8bf9e63655285b9e0b658d01eb4bb5a743f2cba1409b330f79eee2ffeb938694&X-Amz-SignedHeaders=host&response-content-disposition=attachment%3B%20filename%3D87450d16-57be-49a9-ba69-50b47dcebf4c.flac&x-id=GetObject,0.316624284,24544
K2am-2021-05-17_19-20.WAV,2021 Kern 2,2021,5,17,19,20,sp32,Simple Call,39.42399979,40.26133347,2906,6188,24000,present,https://rfcx-streams-production.s3.eu-west-1.amazonaws.com/2021/05/18/pem8hxalyx7i/b4c2bfb0-e113-46ae-b6b2-24f52b8ef714.flac?X-Amz-Algorithm=AWS4-HMAC-SHA256&X-Amz-Content-Sha256=UNSIGNED-PAYLOAD&X-Amz-Credential=AKIA45B7YWBX5HAZMGOU%2F20260223%2Feu-west-1%2Fs3%2Faws4_request&X-Amz-Date=20260223T001201Z&X-Amz-Expires=604800&X-Amz-Signature=541344b2b395e0b1fc80c2e832e853e8defd237e8d95ddbc604148f4fe848bd8&X-Amz-SignedHeaders=host&response-content-disposition=attachment%3B%20filename%3Db4c2bfb0-e113-46ae-b6b2-24f52b8ef714.flac&x-id=GetObject,0.259292245,24544
K2am-2021-05-17_20-00.WAV,2021 Kern 2,2021,5,17,20,0,sp32,Simple Call,16.65066719,17.48800087,2906,6188,24000,present,https://rfcx-streams-production.s3.eu-west-1.amazonaws.com/2021/05/18/pem8hxalyx7i/aba1f583-fc9a-478e-b16d-f190badb12fa.flac?X-Amz-Algorithm=AWS4-HMAC-SHA256&X-Amz-Content-Sha256=UNSIGNED-PAYLOAD&X-Amz-Credential=AKIA45B7YWBX5HAZMGOU%2F20260223%2Feu-west-1%2Fs3%2Faws4_request&X-Amz-Date=20260223T001202Z&X-Amz-Expires=604800&X-Amz-Signature=e1a9a1a96e63cf8938010fbf7beaab34a2374d2ab5d33d328618753a6d328f8d&X-Amz-SignedHeaders=host&response-content-disposition=attachment%3B%20filename%3Daba1f583-fc9a-478e-b16d-f190badb12fa.flac&x-id=GetObject,0.262361079,24544
K2am-2021-05-17_20-20.WAV,2021 Kern 2,2021,5,17,20,20,sp32,Simple Call,36.42666626,37.26399994,2906,6188,24000,present,https://rfcx-streams-production.s3.eu-west-1.amazonaws.com/2021/05/18/pem8hxalyx7i/7ec7cb7c-3e5f-4eae-887d-b460b99ee985.flac?X-Amz-Algorithm=AWS4-HMAC-SHA256&X-Amz-Content-Sha256=UNSIGNED-PAYLOAD&X-Amz-Credential=AKIA45B7YWBX5HAZMGOU%2F20260223%2Feu-west-1%2Fs3%2Faws4_request&X-Amz-Date=20260223T001202Z&X-Amz-Expires=604800&X-Amz-Signature=b85db48da01b99462ed93442cad419ff122c355fa938e7f4624383b6743d5904&X-Amz-SignedHeaders=host&response-content-disposition=attachment%3B%20filename%3D7ec7cb7c-3e5f-4eae-887d-b460b99ee985.flac&x-id=GetObject,0.250639141,24544
K2am-2021-05-17_20-40.WAV,2021 Kern 2,2021,5,17,20,40,sp32,Simple Call,49.35466766,50.19200134,2906,6188,24000,present,https://rfcx-streams-production.s3.eu-west-1.amazonaws.com/2021/05/18/pem8hxalyx7i/aa8e6fb8-6eda-4b10-b0ac-fa6161d910e4.flac?X-Amz-Algorithm=AWS4-HMAC-SHA256&X-Amz-Content-Sha256=UNSIGNED-PAYLOAD&X-Amz-Credential=AKIA45B7YWBX5HAZMGOU%2F20260223%2Feu-west-1%2Fs3%2Faws4_request&X-Amz-Date=20260223T001201Z&X-Amz-Expires=604800&X-Amz-Signature=a33c20ffcd90f827d97f46cfd8b3a582448dc715ec71bf54e761f0af82dac04c&X-Amz-SignedHeaders=host&response-content-disposition=attachment%3B%20filename%3Daa8e6fb8-6eda-4b10-b0ac-fa6161d910e4.flac&x-id=GetObject,0.245341629,24544
K2am-2021-05-17_21-00.WAV,2021 Kern 2,2021,5,17,21,0,sp32,Simple Call,19.41333389,20.25066757,2906,6188,24000,present,https://rfcx-streams-production.s3.eu-west-1.amazonaws.com/2021/05/18/pem8hxalyx7i/2e9951f9-b239-46ce-8d6a-63d0a7cbea1d.flac?X-Amz-Algorithm=AWS4-HMAC-SHA256&X-Amz-Content-Sha256=UNSIGNED-PAYLOAD&X-Amz-Credential=AKIA45B7YWBX5HAZMGOU%2F20260223%2Feu-west-1%2Fs3%2Faws4_request&X-Amz-Date=20260223T001202Z&X-Amz-Expires=604800&X-Amz-Signature=b03c209a45f5187a3cd1e407edb4231da050b45ba1dc96997fd48a41dd70728d&X-Amz-SignedHeaders=host&response-content-disposition=attachment%3B%20filename%3D2e9951f9-b239-46ce-8d6a-63d0a7cbea1d.flac&x-id=GetObject,0.254300803,24544
K2am-2021-05-17_22-00.WAV,2021 Kern 2,2021,5,17,22,0,sp32,Simple Call,58.23466492,59.0719986,2906,6188,24000,present,https://rfcx-streams-production.s3.eu-west-1.amazonaws.com/2021/05/18/pem8hxalyx7i/d7f53602-74f9-4f6c-9db2-1de88d6f23c7.flac?X-Amz-Algorithm=AWS4-HMAC-SHA256&X-Amz-Content-Sha256=UNSIGNED-PAYLOAD&X-Amz-Credential=AKIA45B7YWBX5HAZMGOU%2F20260223%2Feu-west-1%2Fs3%2Faws4_request&X-Amz-Date=20260223T001201Z&X-Amz-Expires=604800&X-Amz-Signature=537597bf0e72a86da699b2a69c6bb812067dc3036c0b943b33012a7e4b87fbd3&X-Amz-SignedHeaders=host&response-content-disposition=attachment%3B%20filename%3Dd7f53602-74f9-4f6c-9db2-1de88d6f23c7.flac&x-id=GetObject,0.249476641,24544
K2am-2021-05-17_22-20.WAV,2021 Kern 2,2021,5,17,22,20,sp32,Simple Call,50.98133469,51.81866837,2906,6188,24000,present,https://rfcx-streams-production.s3.eu-west-1.amazonaws.com/2021/05/18/pem8hxalyx7i/f1d5d3ec-7690-40bd-ab77-2ac495a19bcb.flac?X-Amz-Algorithm=AWS4-HMAC-SHA256&X-Amz-Content-Sha256=UNSIGNED-PAYLOAD&X-Amz-Credential=AKIA45B7YWBX5HAZMGOU%2F20260223%2Feu-west-1%2Fs3%2Faws4_request&X-Amz-Date=20260223T001201Z&X-Amz-Expires=604800&X-Amz-Signature=6ec5ecf3d1b2c2705a386f1b72acd466bde58fac86993436aeb5fa1f5b9c2cb0&X-Amz-SignedHeaders=host&response-content-disposition=attachment%3B%20filename%3Df1d5d3ec-7690-40bd-ab77-2ac495a19bcb.flac&x-id=GetObject,0.253415823,24544
K2am-2021-05-17_22-40.WAV,2021 Kern 2,2021,5,17,22,40,sp32,Simple Call,14.26133347,15.09866619,2906,6188,24000,present,https://rfcx-streams-production.s3.eu-west-1.amazonaws.com/2021/05/18/pem8hxalyx7i/3820533b-1c7e-46e2-a1da-905d7cad2b88.flac?X-Amz-Algorithm=AWS4-HMAC-SHA256&X-Amz-Content-Sha256=UNSIGNED-PAYLOAD&X-Amz-Credential=AKIA45B7YWBX5HAZMGOU%2F20260223%2Feu-west-1%2Fs3%2Faws4_request&X-Amz-Date=20260223T001201Z&X-Amz-Expires=604800&X-Amz-Signature=8f4bd4faa1e7669dbf6ddbebf5cb985efcaa7875bb062543d092233103f3344a&X-Amz-SignedHeaders=host&response-content-disposition=attachment%3B%20filename%3D3820533b-1c7e-46e2-a1da-905d7cad2b88.flac&x-id=GetObject,0.236551806,24544
K2am-2021-05-17_23-00.WAV,2021 Kern 2,2021,5,17,23,0,sp32,Simple Call,59.01333237,59.85066605,2906,6188,24000,present,https://rfcx-streams-production.s3.eu-west-1.amazonaws.com/2021/05/18/pem8hxalyx7i/4b85ef22-3b70-4f58-bb5b-b71d8e7aa723.flac?X-Amz-Algorithm=AWS4-HMAC-SHA256&X-Amz-Content-Sha256=UNSIGNED-PAYLOAD&X-Amz-Credential=AKIA45B7YWBX5HAZMGOU%2F20260223%2Feu-west-1%2Fs3%2Faws4_request&X-Amz-Date=20260223T001202Z&X-Amz-Expires=604800&X-Amz-Signature=90030637103cdfc9a6f35fcddfa6afe72072695f94ea661a547df7c0e70ac48f&X-Amz-SignedHeaders=host&response-content-disposition=attachment%3B%20filename%3D4b85ef22-3b70-4f58-bb5b-b71d8e7aa723.flac&x-id=GetObject,0.215285152,24544
K2am-2021-05-17_23-20.WAV,2021 Kern 2,2021,5,17,23,20,sp32,Simple Call,48.67200089,49.50933456,2906,6188,24000,present,https://rfcx-streams-production.s3.eu-west-1.amazonaws.com/2021/05/18/pem8hxalyx7i/91788c5d-b7e7-48c7-8a7d-94fd7640dc36.flac?X-Amz-Algorithm=AWS4-HMAC-SHA256&X-Amz-Content-Sha256=UNSIGNED-PAYLOAD&X-Amz-Credential=AKIA45B7YWBX5HAZMGOU%2F20260223%2Feu-west-1%2Fs3%2Faws4_request&X-Amz-Date=20260223T001156Z&X-Amz-Expires=604800&X-Amz-Signature=92a6265d793c279373c37da6203ce42bcea8779814d5ff8cb00ce60755fae11a&X-Amz-SignedHeaders=host&response-content-disposition=attachment%3B%20filename%3D91788c5d-b7e7-48c7-8a7d-94fd7640dc36.flac&x-id=GetObject,0.21239458,24544
K2am-2021-05-17_23-40.WAV,2021 Kern 2,2021,5,17,23,40,sp32,Simple Call,17.26933289,18.10666656,2906,6188,24000,present,https://rfcx-streams-production.s3.eu-west-1.amazonaws.com/2021/05/18/pem8hxalyx7i/d9636f3c-9c82-4ea8-9496-b04eb7020053.flac?X-Amz-Algorithm=AWS4-HMAC-SHA256&X-Amz-Content-Sha256=UNSIGNED-PAYLOAD&X-Amz-Credential=AKIA45B7YWBX5HAZMGOU%2F20260223%2Feu-west-1%2Fs3%2Faws4_request&X-Amz-Date=20260223T001201Z&X-Amz-Expires=604800&X-Amz-Signature=18cbab1e982ad03c5b15c62e77ab8f75e1d626215f0d820a1925a50bf58653f7&X-Amz-SignedHeaders=host&response-content-disposition=attachment%3B%20filename%3Dd9636f3c-9c82-4ea8-9496-b04eb7020053.flac&x-id=GetObject,0.204876959,24544
K2am-2021-05-18_00-00.WAV,2021 Kern 2,2021,5,18,0,0,sp32,Simple Call,16.96533394,17.80266762,2906,6188,24000,present,https://rfcx-streams-production.s3.eu-west-1.amazonaws.com/2021/05/18/pem8hxalyx7i/4a6304c4-0596-4194-8512-4b2a96dca697.flac?X-Amz-Algorithm=AWS4-HMAC-SHA256&X-Amz-Content-Sha256=UNSIGNED-PAYLOAD&X-Amz-Credential=AKIA45B7YWBX5HAZMGOU%2F20260223%2Feu-west-1%2Fs3%2Faws4_request&X-Amz-Date=20260223T001201Z&X-Amz-Expires=604800&X-Amz-Signature=bb70f7a432b145938cc0514de50208c8365b5798996d3d07f2386e7435fb0e56&X-Amz-SignedHeaders=host&response-content-disposition=attachment%3B%20filename%3D4a6304c4-0596-4194-8512-4b2a96dca697.flac&x-id=GetObject,0.221691906,24544
K2am-2021-05-18_00-40.WAV,2021 Kern 2,2021,5,18,0,40,sp32,Simple Call,53.87200165,54.70933151,2906,6188,24000,present,https://rfcx-streams-production.s3.eu-west-1.amazonaws.com/2021/05/18/pem8hxalyx7i/898f2c91-6ad6-47c5-ae0f-5454a3128ae6.flac?X-Amz-Algorithm=AWS4-HMAC-SHA256&X-Amz-Content-Sha256=UNSIGNED-PAYLOAD&X-Amz-Credential=AKIA45B7YWBX5HAZMGOU%2F20260223%2Feu-west-1%2Fs3%2Faws4_request&X-Amz-Date=20260223T001202Z&X-Amz-Expires=604800&X-Amz-Signature=bc0eb9e0eb00bbf27bd7b1f7efe0e8cc3b1bea48955177e542e036a5491a58c0&X-Amz-SignedHeaders=host&response-content-disposition=attachment%3B%20filename%3D898f2c91-6ad6-47c5-ae0f-5454a3128ae6.flac&x-id=GetObject,0.224663302,24544
K2am-2021-05-18_07-40.WAV,2021 Kern 2,2021,5,18,7,40,sp32,Simple Call,16.74133301,17.57866669,2906,6188,24000,present,https://rfcx-streams-production.s3.eu-west-1.amazonaws.com/2021/05/18/pem8hxalyx7i/e36913ef-5048-4d34-9249-bca962463b3c.flac?X-Amz-Algorithm=AWS4-HMAC-SHA256&X-Amz-Content-Sha256=UNSIGNED-PAYLOAD&X-Amz-Credential=AKIA45B7YWBX5HAZMGOU%2F20260223%2Feu-west-1%2Fs3%2Faws4_request&X-Amz-Date=20260223T001156Z&X-Amz-Expires=604800&X-Amz-Signature=9bc7bca08323f785787fe2cfb2c20039167a0029c3a1daad6ddfe4e2e50438d9&X-Amz-SignedHeaders=host&response-content-disposition=attachment%3B%20filename%3De36913ef-5048-4d34-9249-bca962463b3c.flac&x-id=GetObject,0.205302641,24544
K2am-2021-05-18_08-00.WAV,2021 Kern 2,2021,5,18,8,0,sp32,Simple Call,40.66666794,41.50400162,2906,6188,24000,present,https://rfcx-streams-production.s3.eu-west-1.amazonaws.com/2021/05/18/pem8hxalyx7i/4bafd604-b877-424e-bb27-aae914d87995.flac?X-Amz-Algorithm=AWS4-HMAC-SHA256&X-Amz-Content-Sha256=UNSIGNED-PAYLOAD&X-Amz-Credential=AKIA45B7YWBX5HAZMGOU%2F20260223%2Feu-west-1%2Fs3%2Faws4_request&X-Amz-Date=20260223T001156Z&X-Amz-Expires=604800&X-Amz-Signature=f1df67dcb3d4d5aecf9a3da3315fe993bed562e6a9ba0e437bd533c9a31c4fc6&X-Amz-SignedHeaders=host&response-content-disposition=attachment%3B%20filename%3D4bafd604-b877-424e-bb27-aae914d87995.flac&x-id=GetObject,0.209034204,24544
K2am-2021-05-18_08-20.WAV,2021 Kern 2,2021,5,18,8,20,sp32,Simple Call,25.99466705,26.83200073,2906,6188,24000,present,https://rfcx-streams-production.s3.eu-west-1.amazonaws.com/2021/05/18/pem8hxalyx7i/4934e567-a75a-4844-86d4-eac795d4b482.flac?X-Amz-Algorithm=AWS4-HMAC-SHA256&X-Amz-Content-Sha256=UNSIGNED-PAYLOAD&X-Amz-Credential=AKIA45B7YWBX5HAZMGOU%2F20260223%2Feu-west-1%2Fs3%2Faws4_request&X-Amz-Date=20260223T001156Z&X-Amz-Expires=604800&X-Amz-Signature=40a8496f53ad40b6cbb38222390a7f43c0a62c5c08b52841b0bceb897e426925&X-Amz-SignedHeaders=host&response-content-disposition=attachment%3B%20filename%3D4934e567-a75a-4844-86d4-eac795d4b482.flac&x-id=GetObject,0.242470339,24544
K2am-2021-05-18_09-00.WAV,2021 Kern 2,2021,5,18,9,0,sp32,Simple Call,20.34133339,21.17866707,2906,6188,24000,present,https://rfcx-streams-production.s3.eu-west-1.amazonaws.com/2021/05/18/pem8hxalyx7i/9447261a-b5c0-4f6a-b126-4a6d78ff4c69.flac?X-Amz-Algorithm=AWS4-HMAC-SHA256&X-Amz-Content-Sha256=UNSIGNED-PAYLOAD&X-Amz-Credential=AKIA45B7YWBX5HAZMGOU%2F20260223%2Feu-west-1%2Fs3%2Faws4_request&X-Amz-Date=20260223T001202Z&X-Amz-Expires=604800&X-Amz-Signature=882f76401afe3e508d9e58eb1865764df304c19990d327b21005bcc5a5d7544e&X-Amz-SignedHeaders=host&response-content-disposition=attachment%3B%20filename%3D9447261a-b5c0-4f6a-b126-4a6d78ff4c69.flac&x-id=GetObject,0.272849858,24544
K2am-2021-05-18_09-20.WAV,2021 Kern 2,2021,5,18,9,20,sp32,Simple Call,43.88266754,44.72000122,2906,6188,24000,present,https://rfcx-streams-production.s3.eu-west-1.amazonaws.com/2021/05/18/pem8hxalyx7i/83f51537-f5a1-440f-8fbf-efe55bba4053.flac?X-Amz-Algorithm=AWS4-HMAC-SHA256&X-Amz-Content-Sha256=UNSIGNED-PAYLOAD&X-Amz-Credential=AKIA45B7YWBX5HAZMGOU%2F20260223%2Feu-west-1%2Fs3%2Faws4_request&X-Amz-Date=20260223T001202Z&X-Amz-Expires=604800&X-Amz-Signature=7ed17fbceeb00db67adf12e8d1bf17e3d2fa51656f755e5c23faa7c7693188b2&X-Amz-SignedHeaders=host&response-content-disposition=attachment%3B%20filename%3D83f51537-f5a1-440f-8fbf-efe55bba4053.flac&x-id=GetObject,0.2163717,24544
K2am-2021-05-18_09-40.WAV,2021 Kern 2,2021,5,18,9,40,sp32,Simple Call,55.93066788,56.76800156,2906,6188,24000,present,https://rfcx-streams-production.s3.eu-west-1.amazonaws.com/2021/05/18/pem8hxalyx7i/b8f5e1bc-9530-4569-b5ca-cf581d8f5f49.flac?X-Amz-Algorithm=AWS4-HMAC-SHA256&X-Amz-Content-Sha256=UNSIGNED-PAYLOAD&X-Amz-Credential=AKIA45B7YWBX5HAZMGOU%2F20260223%2Feu-west-1%2Fs3%2Faws4_request&X-Amz-Date=20260223T001156Z&X-Amz-Expires=604800&X-Amz-Signature=800f2b755d7584aab45f520b05aa2d32ded87e524b7fffa2cbdd29195f1c2818&X-Amz-SignedHeaders=host&response-content-disposition=attachment%3B%20filename%3Db8f5e1bc-9530-4569-b5ca-cf581d8f5f49.flac&x-id=GetObject,0.290190756,24544
K2am-2021-05-18_10-20.WAV,2021 Kern 2,2021,5,18,10,20,sp32,Simple Call,53.74399948,54.58133316,2906,6188,24000,present,https://rfcx-streams-production.s3.eu-west-1.amazonaws.com/2021/05/18/pem8hxalyx7i/9711a7ce-65ca-4128-8894-26be0bea37fb.flac?X-Amz-Algorithm=AWS4-HMAC-SHA256&X-Amz-Content-Sha256=UNSIGNED-PAYLOAD&X-Amz-Credential=AKIA45B7YWBX5HAZMGOU%2F20260223%2Feu-west-1%2Fs3%2Faws4_request&X-Amz-Date=20260223T001156Z&X-Amz-Expires=604800&X-Amz-Signature=c4bb4c0aef27a9c271f2b9badbbe0cb05a425e6a4aace4c884e0fab679e822b5&X-Amz-SignedHeaders=host&response-content-disposition=attachment%3B%20filename%3D9711a7ce-65ca-4128-8894-26be0bea37fb.flac&x-id=GetObject,0.203252614,24544
K2am-2021-05-18_10-40.WAV,2021 Kern 2,2021,5,18,10,40,sp32,Simple Call,0.474666655,1.312000036,2906,6188,24000,present,https://rfcx-streams-production.s3.eu-west-1.amazonaws.com/2021/05/18/pem8hxalyx7i/cb5c8f2b-8449-4201-b16c-23b39d855023.flac?X-Amz-Algorithm=AWS4-HMAC-SHA256&X-Amz-Content-Sha256=UNSIGNED-PAYLOAD&X-Amz-Credential=AKIA45B7YWBX5HAZMGOU%2F20260223%2Feu-west-1%2Fs3%2Faws4_request&X-Amz-Date=20260223T001202Z&X-Amz-Expires=604800&X-Amz-Signature=b0c2383f6d84c09e6089cfc197a492f6127183be845ef5b2f45a73d01200bc46&X-Amz-SignedHeaders=host&response-content-disposition=attachment%3B%20filename%3Dcb5c8f2b-8449-4201-b16c-23b39d855023.flac&x-id=GetObject,0.206248447,24544
K2am-2021-05-18_19-40.WAV,2021 Kern 2,2021,5,18,19,40,sp32,Simple Call,49.82400131,50.66133499,2906,6188,24000,present,https://rfcx-streams-production.s3.eu-west-1.amazonaws.com/2021/05/19/pem8hxalyx7i/6f894193-8b20-45c9-8e7a-8d033a943d2b.flac?X-Amz-Algorithm=AWS4-HMAC-SHA256&X-Amz-Content-Sha256=UNSIGNED-PAYLOAD&X-Amz-Credential=AKIA45B7YWBX5HAZMGOU%2F20260223%2Feu-west-1%2Fs3%2Faws4_request&X-Amz-Date=20260223T001202Z&X-Amz-Expires=604800&X-Amz-Signature=22b398bf3e0c7f86b471e613b94e83b4fab3c74dfb405669b1bce61d28bdac78&X-Amz-SignedHeaders=host&response-content-disposition=attachment%3B%20filename%3D6f894193-8b20-45c9-8e7a-8d033a943d2b.flac&x-id=GetObject,0.215858355,24544
K2am-2021-05-19_08-20.WAV,2021 Kern 2,2021,5,19,8,20,sp32,Simple Call,23.46666718,24.30400085,2906,6188,24000,present,https://rfcx-streams-production.s3.eu-west-1.amazonaws.com/2021/05/19/pem8hxalyx7i/c90f3d3e-1c1a-4e32-a59c-3fc3430eb422.flac?X-Amz-Algorithm=AWS4-HMAC-SHA256&X-Amz-Content-Sha256=UNSIGNED-PAYLOAD&X-Amz-Credential=AKIA45B7YWBX5HAZMGOU%2F20260223%2Feu-west-1%2Fs3%2Faws4_request&X-Amz-Date=20260223T001156Z&X-Amz-Expires=604800&X-Amz-Signature=cfd3a7c9c7b1441dce57af5a268d661b3d275215bf69454a2ba2d3173c58e2a1&X-Amz-SignedHeaders=host&response-content-disposition=attachment%3B%20filename%3Dc90f3d3e-1c1a-4e32-a59c-3fc3430eb422.flac&x-id=GetObject,0.203500479,24544
K2am-2021-05-19_17-40.WAV,2021 Kern 2,2021,5,19,17,40,sp32,Simple Call,12.20800018,13.04533291,2906,6188,24000,present,https://rfcx-streams-production.s3.eu-west-1.amazonaws.com/2021/05/20/pem8hxalyx7i/ad042478-0bfc-4f4f-bb73-7f128120025e.flac?X-Amz-Algorithm=AWS4-HMAC-SHA256&X-Amz-Content-Sha256=UNSIGNED-PAYLOAD&X-Amz-Credential=AKIA45B7YWBX5HAZMGOU%2F20260223%2Feu-west-1%2Fs3%2Faws4_request&X-Amz-Date=20260223T001202Z&X-Amz-Expires=604800&X-Amz-Signature=fa7477fc891579eb21b13147760b04c686bcfeb6d16f849954db79537740aea1&X-Amz-SignedHeaders=host&response-content-disposition=attachment%3B%20filename%3Dad042478-0bfc-4f4f-bb73-7f128120025e.flac&x-id=GetObject,0.276753724,24544
K2am-2021-05-19_18-20.WAV,2021 Kern 2,2021,5,19,18,20,sp32,Simple Call,16.80533409,17.64266586,2906,6188,24000,present,https://rfcx-streams-production.s3.eu-west-1.amazonaws.com/2021/05/20/pem8hxalyx7i/9a6e8024-cd1d-4dae-9f8a-796b5aaac595.flac?X-Amz-Algorithm=AWS4-HMAC-SHA256&X-Amz-Content-Sha256=UNSIGNED-PAYLOAD&X-Amz-Credential=AKIA45B7YWBX5HAZMGOU%2F20260223%2Feu-west-1%2Fs3%2Faws4_request&X-Amz-Date=20260223T001206Z&X-Amz-Expires=604800&X-Amz-Signature=97d0c23333316ec8278520613faf85fd7675e19a5b6fffa6ede41ee7d8a1f614&X-Amz-SignedHeaders=host&response-content-disposition=attachment%3B%20filename%3D9a6e8024-cd1d-4dae-9f8a-796b5aaac595.flac&x-id=GetObject,0.292139024,24544
K2am-2021-05-19_20-20.WAV,2021 Kern 2,2021,5,19,20,20,sp32,Simple Call,53.49333191,54.33066559,2906,6188,24000,present,https://rfcx-streams-production.s3.eu-west-1.amazonaws.com/2021/05/20/pem8hxalyx7i/696ff3a7-cd92-4db7-9d99-deeec9cef7e2.flac?X-Amz-Algorithm=AWS4-HMAC-SHA256&X-Amz-Content-Sha256=UNSIGNED-PAYLOAD&X-Amz-Credential=AKIA45B7YWBX5HAZMGOU%2F20260223%2Feu-west-1%2Fs3%2Faws4_request&X-Amz-Date=20260223T001202Z&X-Amz-Expires=604800&X-Amz-Signature=50a2656f163540e7d9bc6bce0d5173696f5c53deb73ab22a6c151b78d5a1fe16&X-Amz-SignedHeaders=host&response-content-disposition=attachment%3B%20filename%3D696ff3a7-cd92-4db7-9d99-deeec9cef7e2.flac&x-id=GetObject,0.227688,24544
K2am-2021-05-19_22-20.WAV,2021 Kern 2,2021,5,19,22,20,sp32,Simple Call,57.42933273,58.26666641,2906,6188,24000,present,https://rfcx-streams-production.s3.eu-west-1.amazonaws.com/2021/05/20/pem8hxalyx7i/380a321e-3741-437a-afab-2d1ac8edd3ff.flac?X-Amz-Algorithm=AWS4-HMAC-SHA256&X-Amz-Content-Sha256=UNSIGNED-PAYLOAD&X-Amz-Credential=AKIA45B7YWBX5HAZMGOU%2F20260223%2Feu-west-1%2Fs3%2Faws4_request&X-Amz-Date=20260223T001156Z&X-Amz-Expires=604800&X-Amz-Signature=f206eee9b656afb24b8246e03707642879d4f29aa601e1e82121f9e2e13b2803&X-Amz-SignedHeaders=host&response-content-disposition=attachment%3B%20filename%3D380a321e-3741-437a-afab-2d1ac8edd3ff.flac&x-id=GetObject,0.20538941,24544
K2am-2021-05-20_10-40.WAV,2021 Kern 2,2021,5,20,10,40,sp32,Simple Call,28.55999947,29.39733315,2906,6188,24000,present,https://rfcx-streams-production.s3.eu-west-1.amazonaws.com/2021/05/20/pem8hxalyx7i/d17db5df-8335-413e-bc2b-0aad8c6e4f5c.flac?X-Amz-Algorithm=AWS4-HMAC-SHA256&X-Amz-Content-Sha256=UNSIGNED-PAYLOAD&X-Amz-Credential=AKIA45B7YWBX5HAZMGOU%2F20260223%2Feu-west-1%2Fs3%2Faws4_request&X-Amz-Date=20260223T001156Z&X-Amz-Expires=604800&X-Amz-Signature=3c88c6925de2bfcfcd523c708042cf676f4445be582851cc3728d5af49fccaa2&X-Amz-SignedHeaders=host&response-content-disposition=attachment%3B%20filename%3Dd17db5df-8335-413e-bc2b-0aad8c6e4f5c.flac&x-id=GetObject,0.22491017,24544
K2am-2021-05-20_11-20.WAV,2021 Kern 2,2021,5,20,11,20,sp32,Simple Call,5.28000021,6.117333412,2906,6188,24000,present,https://rfcx-streams-production.s3.eu-west-1.amazonaws.com/2021/05/20/pem8hxalyx7i/5ed0675d-57d8-4427-9cfe-c1f797f2fd92.flac?X-Amz-Algorithm=AWS4-HMAC-SHA256&X-Amz-Content-Sha256=UNSIGNED-PAYLOAD&X-Amz-Credential=AKIA45B7YWBX5HAZMGOU%2F20260223%2Feu-west-1%2Fs3%2Faws4_request&X-Amz-Date=20260223T001156Z&X-Amz-Expires=604800&X-Amz-Signature=312092b10df4ffc396de9a70e588b5bc86a37d26bd37ef225936ba8a375ed2e7&X-Amz-SignedHeaders=host&response-content-disposition=attachment%3B%20filename%3D5ed0675d-57d8-4427-9cfe-c1f797f2fd92.flac&x-id=GetObject,0.264463723,24544
K2am-2021-05-20_11-40.WAV,2021 Kern 2,2021,5,20,11,40,sp32,Simple Call,48.9173317,49.75466537,2906,6188,24000,present,https://rfcx-streams-production.s3.eu-west-1.amazonaws.com/2021/05/20/pem8hxalyx7i/df0de2af-7fbf-469d-9b07-8db95c044d7b.flac?X-Amz-Algorithm=AWS4-HMAC-SHA256&X-Amz-Content-Sha256=UNSIGNED-PAYLOAD&X-Amz-Credential=AKIA45B7YWBX5HAZMGOU%2F20260223%2Feu-west-1%2Fs3%2Faws4_request&X-Amz-Date=20260223T001206Z&X-Amz-Expires=604800&X-Amz-Signature=40989a56a078f47172e0412c00f05caf6bead041349f5b970bbd4ddb1399a5ec&X-Amz-SignedHeaders=host&response-content-disposition=attachment%3B%20filename%3Ddf0de2af-7fbf-469d-9b07-8db95c044d7b.flac&x-id=GetObject,0.205381826,24544
K2am-2021-05-20_12-00.WAV,2021 Kern 2,2021,5,20,12,0,sp32,Simple Call,5.322666645,6.159999847,2906,6188,24000,present,https://rfcx-streams-production.s3.eu-west-1.amazonaws.com/2021/05/20/pem8hxalyx7i/67343f69-82ca-47b5-8ee7-f2d89688749e.flac?X-Amz-Algorithm=AWS4-HMAC-SHA256&X-Amz-Content-Sha256=UNSIGNED-PAYLOAD&X-Amz-Credential=AKIA45B7YWBX5HAZMGOU%2F20260223%2Feu-west-1%2Fs3%2Faws4_request&X-Amz-Date=20260223T001156Z&X-Amz-Expires=604800&X-Amz-Signature=af81f66891fb194a6f47dbec73f9acbed894c12826ca1887dd9b5bbcd3ce4cd7&X-Amz-SignedHeaders=host&response-content-disposition=attachment%3B%20filename%3D67343f69-82ca-47b5-8ee7-f2d89688749e.flac&x-id=GetObject,0.232918933,24544
K2am-2021-05-20_15-40.WAV,2021 Kern 2,2021,5,20,15,40,sp32,Simple Call,4.762666702,5.599999905,2906,6188,24000,present,https://rfcx-streams-production.s3.eu-west-1.amazonaws.com/2021/05/20/pem8hxalyx7i/a7d974a2-9765-4743-9a11-596aef35d6f7.flac?X-Amz-Algorithm=AWS4-HMAC-SHA256&X-Amz-Content-Sha256=UNSIGNED-PAYLOAD&X-Amz-Credential=AKIA45B7YWBX5HAZMGOU%2F20260223%2Feu-west-1%2Fs3%2Faws4_request&X-Amz-Date=20260223T001202Z&X-Amz-Expires=604800&X-Amz-Signature=4f4b3ae7dda1a3d07fd8f85130813697a386035e44bdbb853e63fd01e099b8c7&X-Amz-SignedHeaders=host&response-content-disposition=attachment%3B%20filename%3Da7d974a2-9765-4743-9a11-596aef35d6f7.flac&x-id=GetObject,0.320892513,24544
K2am-2021-05-20_16-00.WAV,2021 Kern 2,2021,5,20,16,0,sp32,Simple Call,39.02399826,39.86133194,2906,6188,24000,present,https://rfcx-streams-production.s3.eu-west-1.amazonaws.com/2021/05/20/pem8hxalyx7i/0b1d089a-7fdb-41bd-8d9c-b81c2338c43e.flac?X-Amz-Algorithm=AWS4-HMAC-SHA256&X-Amz-Content-Sha256=UNSIGNED-PAYLOAD&X-Amz-Credential=AKIA45B7YWBX5HAZMGOU%2F20260223%2Feu-west-1%2Fs3%2Faws4_request&X-Amz-Date=20260223T001156Z&X-Amz-Expires=604800&X-Amz-Signature=58e8202967418911b879357793f1071bc7cbce2dc61aa3d2c8133b4978828336&X-Amz-SignedHeaders=host&response-content-disposition=attachment%3B%20filename%3D0b1d089a-7fdb-41bd-8d9c-b81c2338c43e.flac&x-id=GetObject,0.215260476,24544
K2am-2021-05-20_16-20.WAV,2021 Kern 2,2021,5,20,16,20,sp32,Simple Call,2.069333315,2.906666756,2906,6188,24000,present,https://rfcx-streams-production.s3.eu-west-1.amazonaws.com/2021/05/20/pem8hxalyx7i/9234a28b-fb2e-493f-a683-569c278ec893.flac?X-Amz-Algorithm=AWS4-HMAC-SHA256&X-Amz-Content-Sha256=UNSIGNED-PAYLOAD&X-Amz-Credential=AKIA45B7YWBX5HAZMGOU%2F20260223%2Feu-west-1%2Fs3%2Faws4_request&X-Amz-Date=20260223T001156Z&X-Amz-Expires=604800&X-Amz-Signature=919fb3fb545bfbc76c19fd0f35b85676632e92818cf25e47c389fbc809a92554&X-Amz-SignedHeaders=host&response-content-disposition=attachment%3B%20filename%3D9234a28b-fb2e-493f-a683-569c278ec893.flac&x-id=GetObject,0.205576345,24544
K2am-2021-05-20_17-40.WAV,2021 Kern 2,2021,5,20,17,40,sp32,Simple Call,0.101333335,0.938666642,2906,6188,24000,present,https://rfcx-streams-production.s3.eu-west-1.amazonaws.com/2021/05/21/pem8hxalyx7i/53ad9eb6-119d-4afc-b8b3-dea1e68cf2ad.flac?X-Amz-Algorithm=AWS4-HMAC-SHA256&X-Amz-Content-Sha256=UNSIGNED-PAYLOAD&X-Amz-Credential=AKIA45B7YWBX5HAZMGOU%2F20260223%2Feu-west-1%2Fs3%2Faws4_request&X-Amz-Date=20260223T001202Z&X-Amz-Expires=604800&X-Amz-Signature=61d5f1d0d1d40aa1df393da6dac0e659d429b1a1970db286ff6f4714e7c3232e&X-Amz-SignedHeaders=host&response-content-disposition=attachment%3B%20filename%3D53ad9eb6-119d-4afc-b8b3-dea1e68cf2ad.flac&x-id=GetObject,0.284207642,24544
K2am-2021-05-21_11-40.WAV,2021 Kern 2,2021,5,21,11,40,sp32,Simple Call,47.23199844,48.06933212,2906,6188,24000,present,https://rfcx-streams-production.s3.eu-west-1.amazonaws.com/2021/05/21/pem8hxalyx7i/7ed8e9e3-cfab-48cc-9a4d-656d14b3ffd8.flac?X-Amz-Algorithm=AWS4-HMAC-SHA256&X-Amz-Content-Sha256=UNSIGNED-PAYLOAD&X-Amz-Credential=AKIA45B7YWBX5HAZMGOU%2F20260223%2Feu-west-1%2Fs3%2Faws4_request&X-Amz-Date=20260223T001202Z&X-Amz-Expires=604800&X-Amz-Signature=fd1a575598ee5ed93fc5761d788f27a7027de374b1b0cddb4de977b38bb08be6&X-Amz-SignedHeaders=host&response-content-disposition=attachment%3B%20filename%3D7ed8e9e3-cfab-48cc-9a4d-656d14b3ffd8.flac&x-id=GetObject,0.224781886,24544
K2am-2021-05-21_13-20.WAV,2021 Kern 2,2021,5,21,13,20,sp32,Simple Call,55.30666733,56.14400101,2906,6188,24000,present,https://rfcx-streams-production.s3.eu-west-1.amazonaws.com/2021/05/21/pem8hxalyx7i/731a5895-04ac-47eb-9719-763dd3625cd6.flac?X-Amz-Algorithm=AWS4-HMAC-SHA256&X-Amz-Content-Sha256=UNSIGNED-PAYLOAD&X-Amz-Credential=AKIA45B7YWBX5HAZMGOU%2F20260223%2Feu-west-1%2Fs3%2Faws4_request&X-Amz-Date=20260223T001202Z&X-Amz-Expires=604800&X-Amz-Signature=9931fca88ce21c1075fb022ed1a324b975fe6c2e926272e1baef2f8c0cf534ed&X-Amz-SignedHeaders=host&response-content-disposition=attachment%3B%20filename%3D731a5895-04ac-47eb-9719-763dd3625cd6.flac&x-id=GetObject,0.239846289,24544
K2am-2021-05-21_13-40.WAV,2021 Kern 2,2021,5,21,13,40,sp32,Simple Call,48.09600067,48.93333435,2906,6188,24000,present,https://rfcx-streams-production.s3.eu-west-1.amazonaws.com/2021/05/21/pem8hxalyx7i/0e44dae5-9419-4971-8bc3-e52458d217a9.flac?X-Amz-Algorithm=AWS4-HMAC-SHA256&X-Amz-Content-Sha256=UNSIGNED-PAYLOAD&X-Amz-Credential=AKIA45B7YWBX5HAZMGOU%2F20260223%2Feu-west-1%2Fs3%2Faws4_request&X-Amz-Date=20260223T001202Z&X-Amz-Expires=604800&X-Amz-Signature=1bf3eb67646804badd51b33a5e7da8868bdc018942bbc863c5e9f84badaa731d&X-Amz-SignedHeaders=host&response-content-disposition=attachment%3B%20filename%3D0e44dae5-9419-4971-8bc3-e52458d217a9.flac&x-id=GetObject,0.23775506,24544
K2am-2021-05-21_14-00.WAV,2021 Kern 2,2021,5,21,14,0,sp32,Simple Call,32.82133484,33.65866852,2906,6188,24000,present,https://rfcx-streams-production.s3.eu-west-1.amazonaws.com/2021/05/21/pem8hxalyx7i/65467b44-87e3-489f-b061-47f07b62a653.flac?X-Amz-Algorithm=AWS4-HMAC-SHA256&X-Amz-Content-Sha256=UNSIGNED-PAYLOAD&X-Amz-Credential=AKIA45B7YWBX5HAZMGOU%2F20260223%2Feu-west-1%2Fs3%2Faws4_request&X-Amz-Date=20260223T001202Z&X-Amz-Expires=604800&X-Amz-Signature=7e899a7d3d121096a35913ef3c0ff381039dced0cec6e1d49236837ef1ae8087&X-Amz-SignedHeaders=host&response-content-disposition=attachment%3B%20filename%3D65467b44-87e3-489f-b061-47f07b62a653.flac&x-id=GetObject,0.309798926,24544
K2am-2021-05-21_14-20.WAV,2021 Kern 2,2021,5,21,14,20,sp32,Simple Call,46.06399918,46.90133286,2906,6188,24000,present,https://rfcx-streams-production.s3.eu-west-1.amazonaws.com/2021/05/21/pem8hxalyx7i/8cfc212a-8f4c-4ae7-815d-522f35e818f5.flac?X-Amz-Algorithm=AWS4-HMAC-SHA256&X-Amz-Content-Sha256=UNSIGNED-PAYLOAD&X-Amz-Credential=AKIA45B7YWBX5HAZMGOU%2F20260223%2Feu-west-1%2Fs3%2Faws4_request&X-Amz-Date=20260223T001156Z&X-Amz-Expires=604800&X-Amz-Signature=7e9c549d88258e08b4b0eb252443d64d0131a37073e05f0305bf9bf638127c63&X-Amz-SignedHeaders=host&response-content-disposition=attachment%3B%20filename%3D8cfc212a-8f4c-4ae7-815d-522f35e818f5.flac&x-id=GetObject,0.251746714,24544
K2am-2021-05-21_14-40.WAV,2021 Kern 2,2021,5,21,14,40,sp32,Simple Call,37.31200027,38.14933395,2906,6188,24000,present,https://rfcx-streams-production.s3.eu-west-1.amazonaws.com/2021/05/21/pem8hxalyx7i/daddb1dd-d1a5-4d25-b5e2-ef8b451d8e60.flac?X-Amz-Algorithm=AWS4-HMAC-SHA256&X-Amz-Content-Sha256=UNSIGNED-PAYLOAD&X-Amz-Credential=AKIA45B7YWBX5HAZMGOU%2F20260223%2Feu-west-1%2Fs3%2Faws4_request&X-Amz-Date=20260223T001156Z&X-Amz-Expires=604800&X-Amz-Signature=3672d0a11d57b76a94f72d5aa0f4c15ad93562395650facdf52d06d0c8efbda5&X-Amz-SignedHeaders=host&response-content-disposition=attachment%3B%20filename%3Ddaddb1dd-d1a5-4d25-b5e2-ef8b451d8e60.flac&x-id=GetObject,0.233411819,24544
K2am-2021-05-21_15-00.WAV,2021 Kern 2,2021,5,21,15,0,sp32,Simple Call,58.4640007,59.30133438,2906,6188,24000,present,https://rfcx-streams-production.s3.eu-west-1.amazonaws.com/2021/05/21/pem8hxalyx7i/3e71a05c-5382-4b8e-bbd3-acce60da2f05.flac?X-Amz-Algorithm=AWS4-HMAC-SHA256&X-Amz-Content-Sha256=UNSIGNED-PAYLOAD&X-Amz-Credential=AKIA45B7YWBX5HAZMGOU%2F20260223%2Feu-west-1%2Fs3%2Faws4_request&X-Amz-Date=20260223T001156Z&X-Amz-Expires=604800&X-Amz-Signature=c338a6ab782cc67217d748953d3d56eeed1ae5f39bb26048ebf20bd2bb1f5c4e&X-Amz-SignedHeaders=host&response-content-disposition=attachment%3B%20filename%3D3e71a05c-5382-4b8e-bbd3-acce60da2f05.flac&x-id=GetObject,0.296856523,24544
K2am-2021-05-21_16-40.WAV,2021 Kern 2,2021,5,21,16,40,sp32,Simple Call,4.975999832,5.813333511,2906,6188,24000,present,https://rfcx-streams-production.s3.eu-west-1.amazonaws.com/2021/05/21/pem8hxalyx7i/a455f407-8ff6-413d-8088-c1e98621077a.flac?X-Amz-Algorithm=AWS4-HMAC-SHA256&X-Amz-Content-Sha256=UNSIGNED-PAYLOAD&X-Amz-Credential=AKIA45B7YWBX5HAZMGOU%2F20260223%2Feu-west-1%2Fs3%2Faws4_request&X-Amz-Date=20260223T001156Z&X-Amz-Expires=604800&X-Amz-Signature=a15bfdc0da0174f72b63912ee02e54da298382a664fbb6a8bd230d6e29a1d3c9&X-Amz-SignedHeaders=host&response-content-disposition=attachment%3B%20filename%3Da455f407-8ff6-413d-8088-c1e98621077a.flac&x-id=GetObject,0.205826849,24544
K2am-2021-05-21_17-00.WAV,2021 Kern 2,2021,5,21,17,0,sp32,Simple Call,52.97600174,53.8133316,2906,6188,24000,present,https://rfcx-streams-production.s3.eu-west-1.amazonaws.com/2021/05/22/pem8hxalyx7i/070de581-b99a-4c55-9a2d-3f4c956a9ec3.flac?X-Amz-Algorithm=AWS4-HMAC-SHA256&X-Amz-Content-Sha256=UNSIGNED-PAYLOAD&X-Amz-Credential=AKIA45B7YWBX5HAZMGOU%2F20260223%2Feu-west-1%2Fs3%2Faws4_request&X-Amz-Date=20260223T001156Z&X-Amz-Expires=604800&X-Amz-Signature=1e60ddc3c0fa5fe2d97ee3eb7440573ecdb3cbf4d75bdf3c61fd30578990c3a6&X-Amz-SignedHeaders=host&response-content-disposition=attachment%3B%20filename%3D070de581-b99a-4c55-9a2d-3f4c956a9ec3.flac&x-id=GetObject,0.255243003,24544
K2am-2021-05-21_17-20.WAV,2021 Kern 2,2021,5,21,17,20,sp32,Simple Call,38.66666794,39.50400162,2906,6188,24000,present,https://rfcx-streams-production.s3.eu-west-1.amazonaws.com/2021/05/22/pem8hxalyx7i/6af67bcd-d47e-48ef-ab6f-301d18599afd.flac?X-Amz-Algorithm=AWS4-HMAC-SHA256&X-Amz-Content-Sha256=UNSIGNED-PAYLOAD&X-Amz-Credential=AKIA45B7YWBX5HAZMGOU%2F20260223%2Feu-west-1%2Fs3%2Faws4_request&X-Amz-Date=20260223T001156Z&X-Amz-Expires=604800&X-Amz-Signature=9e4f871d0ba3547758a8f88947e83612ccb483229bbbaf2301b32e61f18a928d&X-Amz-SignedHeaders=host&response-content-disposition=attachment%3B%20filename%3D6af67bcd-d47e-48ef-ab6f-301d18599afd.flac&x-id=GetObject,0.244931027,24544
K2am-2021-05-21_17-40.WAV,2021 Kern 2,2021,5,21,17,40,sp32,Simple Call,16.95466614,17.79199982,2906,6188,24000,present,https://rfcx-streams-production.s3.eu-west-1.amazonaws.com/2021/05/22/pem8hxalyx7i/ab09e80e-8b53-4417-bae1-e307aba0a502.flac?X-Amz-Algorithm=AWS4-HMAC-SHA256&X-Amz-Content-Sha256=UNSIGNED-PAYLOAD&X-Amz-Credential=AKIA45B7YWBX5HAZMGOU%2F20260223%2Feu-west-1%2Fs3%2Faws4_request&X-Amz-Date=20260223T001156Z&X-Amz-Expires=604800&X-Amz-Signature=95e3974acf6e739459b2e0193827b71a795580180133c370dc6908d1e30342fa&X-Amz-SignedHeaders=host&response-content-disposition=attachment%3B%20filename%3Dab09e80e-8b53-4417-bae1-e307aba0a502.flac&x-id=GetObject,0.262940943,24544
K2am-2021-05-21_18-20.WAV,2021 Kern 2,2021,5,21,18,20,sp32,Simple Call,13.90400028,14.74133301,2906,6188,24000,present,https://rfcx-streams-production.s3.eu-west-1.amazonaws.com/2021/05/22/pem8hxalyx7i/37c710e1-2c40-4c2c-9fe9-ea22e218ad6f.flac?X-Amz-Algorithm=AWS4-HMAC-SHA256&X-Amz-Content-Sha256=UNSIGNED-PAYLOAD&X-Amz-Credential=AKIA45B7YWBX5HAZMGOU%2F20260223%2Feu-west-1%2Fs3%2Faws4_request&X-Amz-Date=20260223T001202Z&X-Amz-Expires=604800&X-Amz-Signature=749e378f610b1ca362cb8c6485e503c5526bf55669dedc24ba5d547732ab4daa&X-Amz-SignedHeaders=host&response-content-disposition=attachment%3B%20filename%3D37c710e1-2c40-4c2c-9fe9-ea22e218ad6f.flac&x-id=GetObject,0.214679241,24544
K2am-2021-05-22_09-00.WAV,2021 Kern 2,2021,5,22,9,0,sp32,Simple Call,55.19466782,56.0320015,2906,6188,24000,present,https://rfcx-streams-production.s3.eu-west-1.amazonaws.com/2021/05/22/pem8hxalyx7i/b6d95c71-7845-4dd2-adc4-286658fd0f98.flac?X-Amz-Algorithm=AWS4-HMAC-SHA256&X-Amz-Content-Sha256=UNSIGNED-PAYLOAD&X-Amz-Credential=AKIA45B7YWBX5HAZMGOU%2F20260223%2Feu-west-1%2Fs3%2Faws4_request&X-Amz-Date=20260223T001156Z&X-Amz-Expires=604800&X-Amz-Signature=7e76abef68faceb1ffe86d055851c34df99f059285327e7d3c6b4ba2a3f6c3d2&X-Amz-SignedHeaders=host&response-content-disposition=attachment%3B%20filename%3Db6d95c71-7845-4dd2-adc4-286658fd0f98.flac&x-id=GetObject,0.219484165,24544
K2am-2021-05-22_09-20.WAV,2021 Kern 2,2021,5,22,9,20,sp32,Simple Call,53.47733307,54.31466675,2906,6188,24000,present,https://rfcx-streams-production.s3.eu-west-1.amazonaws.com/2021/05/22/pem8hxalyx7i/76e540fa-014a-4996-8662-2ebbb798eaac.flac?X-Amz-Algorithm=AWS4-HMAC-SHA256&X-Amz-Content-Sha256=UNSIGNED-PAYLOAD&X-Amz-Credential=AKIA45B7YWBX5HAZMGOU%2F20260223%2Feu-west-1%2Fs3%2Faws4_request&X-Amz-Date=20260223T001156Z&X-Amz-Expires=604800&X-Amz-Signature=07fb06edd06df6ef1ed9555fe02c4ad13880c088c94b2f49d04e9b326468fbd4&X-Amz-SignedHeaders=host&response-content-disposition=attachment%3B%20filename%3D76e540fa-014a-4996-8662-2ebbb798eaac.flac&x-id=GetObject,0.229678914,24544
K2am-2021-05-22_10-20.WAV,2021 Kern 2,2021,5,22,10,20,sp32,Simple Call,49.10933304,49.94666672,2906,6188,24000,present,https://rfcx-streams-production.s3.eu-west-1.amazonaws.com/2021/05/22/pem8hxalyx7i/6c848c8e-5971-4049-9b5d-e95825da5ff8.flac?X-Amz-Algorithm=AWS4-HMAC-SHA256&X-Amz-Content-Sha256=UNSIGNED-PAYLOAD&X-Amz-Credential=AKIA45B7YWBX5HAZMGOU%2F20260223%2Feu-west-1%2Fs3%2Faws4_request&X-Amz-Date=20260223T001156Z&X-Amz-Expires=604800&X-Amz-Signature=2faf49991e47d42ef4a22e6b73f4777b25c267fdf8a1c88f63ca3dacad8773a6&X-Amz-SignedHeaders=host&response-content-disposition=attachment%3B%20filename%3D6c848c8e-5971-4049-9b5d-e95825da5ff8.flac&x-id=GetObject,0.312790155,24544
K2am-2021-05-22_10-40.WAV,2021 Kern 2,2021,5,22,10,40,sp32,Simple Call,13.6746664,14.51200008,2906,6188,24000,present,https://rfcx-streams-production.s3.eu-west-1.amazonaws.com/2021/05/22/pem8hxalyx7i/305c37f0-1d1c-48ac-9c1b-aa803f947ab8.flac?X-Amz-Algorithm=AWS4-HMAC-SHA256&X-Amz-Content-Sha256=UNSIGNED-PAYLOAD&X-Amz-Credential=AKIA45B7YWBX5HAZMGOU%2F20260223%2Feu-west-1%2Fs3%2Faws4_request&X-Amz-Date=20260223T001156Z&X-Amz-Expires=604800&X-Amz-Signature=fb7f46e7fe8bb4d9394439b917a5d46accf0f8f01e578dacd47a3c8c58ffe5d1&X-Amz-SignedHeaders=host&response-content-disposition=attachment%3B%20filename%3D305c37f0-1d1c-48ac-9c1b-aa803f947ab8.flac&x-id=GetObject,0.333637863,24544
K2am-2021-05-22_11-00.WAV,2021 Kern 2,2021,5,22,11,0,sp32,Simple Call,22.24533272,23.0826664,2906,6188,24000,present,https://rfcx-streams-production.s3.eu-west-1.amazonaws.com/2021/05/22/pem8hxalyx7i/7a591183-5dce-4b93-9be2-ecdb30231f50.flac?X-Amz-Algorithm=AWS4-HMAC-SHA256&X-Amz-Content-Sha256=UNSIGNED-PAYLOAD&X-Amz-Credential=AKIA45B7YWBX5HAZMGOU%2F20260223%2Feu-west-1%2Fs3%2Faws4_request&X-Amz-Date=20260223T001156Z&X-Amz-Expires=604800&X-Amz-Signature=53c3d25aae931fa1572c4cdca83036f02a2222ef2437eb87bbd4ce1474fce574&X-Amz-SignedHeaders=host&response-content-disposition=attachment%3B%20filename%3D7a591183-5dce-4b93-9be2-ecdb30231f50.flac&x-id=GetObject,0.250297397,24544
K2am-2021-05-22_11-20.WAV,2021 Kern 2,2021,5,22,11,20,sp32,Simple Call,24.38400078,25.22133255,2906,6188,24000,present,https://rfcx-streams-production.s3.eu-west-1.amazonaws.com/2021/05/22/pem8hxalyx7i/1de7eb43-1904-42ac-a239-9848557cbbf8.flac?X-Amz-Algorithm=AWS4-HMAC-SHA256&X-Amz-Content-Sha256=UNSIGNED-PAYLOAD&X-Amz-Credential=AKIA45B7YWBX5HAZMGOU%2F20260223%2Feu-west-1%2Fs3%2Faws4_request&X-Amz-Date=20260223T001202Z&X-Amz-Expires=604800&X-Amz-Signature=cab0edc7f421ca86c0ed6ab55701b3beaca8bac9beb2d6349cdeb30c23f8a8ac&X-Amz-SignedHeaders=host&response-content-disposition=attachment%3B%20filename%3D1de7eb43-1904-42ac-a239-9848557cbbf8.flac&x-id=GetObject,0.212158293,24544
K2am-2021-05-22_11-40.WAV,2021 Kern 2,2021,5,22,11,40,sp32,Simple Call,7.978666782,8.815999985,2906,6188,24000,present,https://rfcx-streams-production.s3.eu-west-1.amazonaws.com/2021/05/22/pem8hxalyx7i/88b13d44-ab8c-49b3-a044-5bb8b52727e3.flac?X-Amz-Algorithm=AWS4-HMAC-SHA256&X-Amz-Content-Sha256=UNSIGNED-PAYLOAD&X-Amz-Credential=AKIA45B7YWBX5HAZMGOU%2F20260223%2Feu-west-1%2Fs3%2Faws4_request&X-Amz-Date=20260223T001156Z&X-Amz-Expires=604800&X-Amz-Signature=a62ec8c04fd44a230920fb974678a137d223dacf7ed457987080bfefe6b61a37&X-Amz-SignedHeaders=host&response-content-disposition=attachment%3B%20filename%3D88b13d44-ab8c-49b3-a044-5bb8b52727e3.flac&x-id=GetObject,0.296483368,24544
K2am-2021-05-22_12-00.WAV,2021 Kern 2,2021,5,22,12,0,sp32,Simple Call,57.30133438,58.13866806,2906,6188,24000,present,https://rfcx-streams-production.s3.eu-west-1.amazonaws.com/2021/05/22/pem8hxalyx7i/52ffedef-7272-4f61-98d3-4044c3e75e5f.flac?X-Amz-Algorithm=AWS4-HMAC-SHA256&X-Amz-Content-Sha256=UNSIGNED-PAYLOAD&X-Amz-Credential=AKIA45B7YWBX5HAZMGOU%2F20260223%2Feu-west-1%2Fs3%2Faws4_request&X-Amz-Date=20260223T001202Z&X-Amz-Expires=604800&X-Amz-Signature=b651b2416b61d7148a954b3b94fdd6cf386f5f9e66466e53a13d844e6ddba83f&X-Amz-SignedHeaders=host&response-content-disposition=attachment%3B%20filename%3D52ffedef-7272-4f61-98d3-4044c3e75e5f.flac&x-id=GetObject,0.29424727,24544
K2am-2021-05-22_12-40.WAV,2021 Kern 2,2021,5,22,12,40,sp32,Simple Call,51.14133453,51.97866821,2906,6188,24000,present,https://rfcx-streams-production.s3.eu-west-1.amazonaws.com/2021/05/22/pem8hxalyx7i/24e5f6ca-b93d-4773-9825-cb9be9c80f22.flac?X-Amz-Algorithm=AWS4-HMAC-SHA256&X-Amz-Content-Sha256=UNSIGNED-PAYLOAD&X-Amz-Credential=AKIA45B7YWBX5HAZMGOU%2F20260223%2Feu-west-1%2Fs3%2Faws4_request&X-Amz-Date=20260223T001156Z&X-Amz-Expires=604800&X-Amz-Signature=fb3e72231f4330eb397c207ceba0908b7d912157fc70152fd2f1dc35c46498c7&X-Amz-SignedHeaders=host&response-content-disposition=attachment%3B%20filename%3D24e5f6ca-b93d-4773-9825-cb9be9c80f22.flac&x-id=GetObject,0.266083628,24544
K2am-2021-05-22_13-00.WAV,2021 Kern 2,2021,5,22,13,0,sp32,Simple Call,8.847999573,9.685333252,2906,6188,24000,present,https://rfcx-streams-production.s3.eu-west-1.amazonaws.com/2021/05/22/pem8hxalyx7i/748dd9c0-9c42-4aaf-ab39-14ec1df57e9a.flac?X-Amz-Algorithm=AWS4-HMAC-SHA256&X-Amz-Content-Sha256=UNSIGNED-PAYLOAD&X-Amz-Credential=AKIA45B7YWBX5HAZMGOU%2F20260223%2Feu-west-1%2Fs3%2Faws4_request&X-Amz-Date=20260223T001156Z&X-Amz-Expires=604800&X-Amz-Signature=45c61b7b3e5ae84cbd4cc9668ac3eb328366499d15160c360ac484e727ac94a1&X-Amz-SignedHeaders=host&response-content-disposition=attachment%3B%20filename%3D748dd9c0-9c42-4aaf-ab39-14ec1df57e9a.flac&x-id=GetObject,0.210351765,24544
K2am-2021-05-22_17-00.WAV,2021 Kern 2,2021,5,22,17,0,sp32,Simple Call,25.92533302,26.7626667,2906,6188,24000,present,https://rfcx-streams-production.s3.eu-west-1.amazonaws.com/2021/05/23/pem8hxalyx7i/5757a497-5588-449a-9f73-7902cc18dec4.flac?X-Amz-Algorithm=AWS4-HMAC-SHA256&X-Amz-Content-Sha256=UNSIGNED-PAYLOAD&X-Amz-Credential=AKIA45B7YWBX5HAZMGOU%2F20260223%2Feu-west-1%2Fs3%2Faws4_request&X-Amz-Date=20260223T001202Z&X-Amz-Expires=604800&X-Amz-Signature=929371972d9c70d4236113b21be33b3652e131a5e08b51b825e9069fa1810f75&X-Amz-SignedHeaders=host&response-content-disposition=attachment%3B%20filename%3D5757a497-5588-449a-9f73-7902cc18dec4.flac&x-id=GetObject,0.337400705,24544
K2am-2021-05-22_17-20.WAV,2021 Kern 2,2021,5,22,17,20,sp32,Simple Call,54.32533264,55.16266632,2906,6188,24000,present,https://rfcx-streams-production.s3.eu-west-1.amazonaws.com/2021/05/23/pem8hxalyx7i/ebfb603f-3656-447a-b9c7-7d6915661a71.flac?X-Amz-Algorithm=AWS4-HMAC-SHA256&X-Amz-Content-Sha256=UNSIGNED-PAYLOAD&X-Amz-Credential=AKIA45B7YWBX5HAZMGOU%2F20260223%2Feu-west-1%2Fs3%2Faws4_request&X-Amz-Date=20260223T001156Z&X-Amz-Expires=604800&X-Amz-Signature=a4edf08dffc0d503d6281023b241d69ee91f04a3f32523b864ac2dd19bcb16df&X-Amz-SignedHeaders=host&response-content-disposition=attachment%3B%20filename%3Debfb603f-3656-447a-b9c7-7d6915661a71.flac&x-id=GetObject,0.242994398,24544
K2am-2021-05-22_17-40.WAV,2021 Kern 2,2021,5,22,17,40,sp32,Simple Call,4.869333267,5.70666647,2906,6188,24000,present,https://rfcx-streams-production.s3.eu-west-1.amazonaws.com/2021/05/23/pem8hxalyx7i/f8a30207-b032-4c15-a351-05e5a1a748ee.flac?X-Amz-Algorithm=AWS4-HMAC-SHA256&X-Amz-Content-Sha256=UNSIGNED-PAYLOAD&X-Amz-Credential=AKIA45B7YWBX5HAZMGOU%2F20260223%2Feu-west-1%2Fs3%2Faws4_request&X-Amz-Date=20260223T001156Z&X-Amz-Expires=604800&X-Amz-Signature=37283500ff90e7aceec9b97743b40b8681a5cc838abe41305d42376b99ccb240&X-Amz-SignedHeaders=host&response-content-disposition=attachment%3B%20filename%3Df8a30207-b032-4c15-a351-05e5a1a748ee.flac&x-id=GetObject,0.294855982,24544
K2am-2021-05-22_18-40.WAV,2021 Kern 2,2021,5,22,18,40,sp32,Simple Call,40.82666779,41.66400146,2906,6188,24000,present,https://rfcx-streams-production.s3.eu-west-1.amazonaws.com/2021/05/23/pem8hxalyx7i/29ed1439-24dd-4a01-b925-563e6bb27c7e.flac?X-Amz-Algorithm=AWS4-HMAC-SHA256&X-Amz-Content-Sha256=UNSIGNED-PAYLOAD&X-Amz-Credential=AKIA45B7YWBX5HAZMGOU%2F20260223%2Feu-west-1%2Fs3%2Faws4_request&X-Amz-Date=20260223T001156Z&X-Amz-Expires=604800&X-Amz-Signature=552ac883cb0bdae56785eb31f1b09c7975573212af45e0fe34bdb6848b24f708&X-Amz-SignedHeaders=host&response-content-disposition=attachment%3B%20filename%3D29ed1439-24dd-4a01-b925-563e6bb27c7e.flac&x-id=GetObject,0.251126498,24544
K2am-2021-05-22_19-00.WAV,2021 Kern 2,2021,5,22,19,0,sp32,Simple Call,4.176000118,5.013333321,2906,6188,24000,present,https://rfcx-streams-production.s3.eu-west-1.amazonaws.com/2021/05/23/pem8hxalyx7i/21ceef61-f0ad-44ab-9e84-c706c956fd27.flac?X-Amz-Algorithm=AWS4-HMAC-SHA256&X-Amz-Content-Sha256=UNSIGNED-PAYLOAD&X-Amz-Credential=AKIA45B7YWBX5HAZMGOU%2F20260223%2Feu-west-1%2Fs3%2Faws4_request&X-Amz-Date=20260223T001156Z&X-Amz-Expires=604800&X-Amz-Signature=beca7911214a9a90d489a14b3275bfa2c9e1ff664fc4a59ec24faa5c9d3ae91a&X-Amz-SignedHeaders=host&response-content-disposition=attachment%3B%20filename%3D21ceef61-f0ad-44ab-9e84-c706c956fd27.flac&x-id=GetObject,0.254007369,24544
K2am-2021-05-22_19-20.WAV,2021 Kern 2,2021,5,22,19,20,sp32,Simple Call,39.05599976,39.89333344,2906,6188,24000,present,https://rfcx-streams-production.s3.eu-west-1.amazonaws.com/2021/05/23/pem8hxalyx7i/d76ed7b3-7e00-4669-986a-44ac83a0a863.flac?X-Amz-Algorithm=AWS4-HMAC-SHA256&X-Amz-Content-Sha256=UNSIGNED-PAYLOAD&X-Amz-Credential=AKIA45B7YWBX5HAZMGOU%2F20260223%2Feu-west-1%2Fs3%2Faws4_request&X-Amz-Date=20260223T001202Z&X-Amz-Expires=604800&X-Amz-Signature=469f3a265c22d2ede7740ec9fe8c10ec078b303f2d90341af03b584cd25b06e7&X-Amz-SignedHeaders=host&response-content-disposition=attachment%3B%20filename%3Dd76ed7b3-7e00-4669-986a-44ac83a0a863.flac&x-id=GetObject,0.222732022,24544
K2am-2021-05-23_08-40.WAV,2021 Kern 2,2021,5,23,8,40,sp32,Simple Call,58.21866608,59.05599976,2906,6188,24000,present,https://rfcx-streams-production.s3.eu-west-1.amazonaws.com/2021/05/23/pem8hxalyx7i/1859d3d3-e0ea-41dd-a2e5-374ebbef7028.flac?X-Amz-Algorithm=AWS4-HMAC-SHA256&X-Amz-Content-Sha256=UNSIGNED-PAYLOAD&X-Amz-Credential=AKIA45B7YWBX5HAZMGOU%2F20260223%2Feu-west-1%2Fs3%2Faws4_request&X-Amz-Date=20260223T001156Z&X-Amz-Expires=604800&X-Amz-Signature=9dbde1c4b8000dbd1b6bb2aaf12492a27583de0b45cd7cc198e8c7f9fd9cbb50&X-Amz-SignedHeaders=host&response-content-disposition=attachment%3B%20filename%3D1859d3d3-e0ea-41dd-a2e5-374ebbef7028.flac&x-id=GetObject,0.26913771,24544
K2am-2021-05-23_09-20.WAV,2021 Kern 2,2021,5,23,9,20,sp32,Simple Call,56.81066513,57.64799881,2906,6188,24000,present,https://rfcx-streams-production.s3.eu-west-1.amazonaws.com/2021/05/23/pem8hxalyx7i/b17c5a7e-0d9e-44e6-bae3-ad03a485a30f.flac?X-Amz-Algorithm=AWS4-HMAC-SHA256&X-Amz-Content-Sha256=UNSIGNED-PAYLOAD&X-Amz-Credential=AKIA45B7YWBX5HAZMGOU%2F20260223%2Feu-west-1%2Fs3%2Faws4_request&X-Amz-Date=20260223T001156Z&X-Amz-Expires=604800&X-Amz-Signature=9b350fb102b1f841764b7018710bff1f3bc7e464b571f3324fb2f44bba9eec6f&X-Amz-SignedHeaders=host&response-content-disposition=attachment%3B%20filename%3Db17c5a7e-0d9e-44e6-bae3-ad03a485a30f.flac&x-id=GetObject,0.22932227,24544
K2am-2021-05-23_09-40.WAV,2021 Kern 2,2021,5,23,9,40,sp32,Simple Call,7.477333546,8.314666748,2906,6188,24000,present,https://rfcx-streams-production.s3.eu-west-1.amazonaws.com/2021/05/23/pem8hxalyx7i/55431607-18f9-480a-a6de-d8f733492075.flac?X-Amz-Algorithm=AWS4-HMAC-SHA256&X-Amz-Content-Sha256=UNSIGNED-PAYLOAD&X-Amz-Credential=AKIA45B7YWBX5HAZMGOU%2F20260223%2Feu-west-1%2Fs3%2Faws4_request&X-Amz-Date=20260223T001202Z&X-Amz-Expires=604800&X-Amz-Signature=3abe65c3773134015ebd8103bc314d629077e899dae071b2f7be397f145aca42&X-Amz-SignedHeaders=host&response-content-disposition=attachment%3B%20filename%3D55431607-18f9-480a-a6de-d8f733492075.flac&x-id=GetObject,0.304977149,24544
K2am-2021-05-23_10-00.WAV,2021 Kern 2,2021,5,23,10,0,sp32,Simple Call,53.47200012,54.3093338,2906,6188,24000,present,https://rfcx-streams-production.s3.eu-west-1.amazonaws.com/2021/05/23/pem8hxalyx7i/22d43d0e-c6e4-49e0-ba66-57e275780501.flac?X-Amz-Algorithm=AWS4-HMAC-SHA256&X-Amz-Content-Sha256=UNSIGNED-PAYLOAD&X-Amz-Credential=AKIA45B7YWBX5HAZMGOU%2F20260223%2Feu-west-1%2Fs3%2Faws4_request&X-Amz-Date=20260223T001202Z&X-Amz-Expires=604800&X-Amz-Signature=e17ecfe1ea227aa98040c5b1caa42ea1956eca7c74abf276ae2bcc5f600e9877&X-Amz-SignedHeaders=host&response-content-disposition=attachment%3B%20filename%3D22d43d0e-c6e4-49e0-ba66-57e275780501.flac&x-id=GetObject,0.261652023,24544
K2am-2021-05-23_10-20.WAV,2021 Kern 2,2021,5,23,10,20,sp32,Simple Call,46.14400101,46.98133469,2906,6188,24000,present,https://rfcx-streams-production.s3.eu-west-1.amazonaws.com/2021/05/23/pem8hxalyx7i/5dfcbfb6-8476-422e-8194-7042fa23d760.flac?X-Amz-Algorithm=AWS4-HMAC-SHA256&X-Amz-Content-Sha256=UNSIGNED-PAYLOAD&X-Amz-Credential=AKIA45B7YWBX5HAZMGOU%2F20260223%2Feu-west-1%2Fs3%2Faws4_request&X-Amz-Date=20260223T001202Z&X-Amz-Expires=604800&X-Amz-Signature=805302f379a3c56276a8f3c18e541776af42e14af442c7f563a93d30682ebc34&X-Amz-SignedHeaders=host&response-content-disposition=attachment%3B%20filename%3D5dfcbfb6-8476-422e-8194-7042fa23d760.flac&x-id=GetObject,0.344312578,24544
K2am-2021-05-23_10-40.WAV,2021 Kern 2,2021,5,23,10,40,sp32,Simple Call,0.671999991,1.509333372,2906,6188,24000,present,https://rfcx-streams-production.s3.eu-west-1.amazonaws.com/2021/05/23/pem8hxalyx7i/848c5d44-d69b-4e51-b6ae-4fd40a6b338d.flac?X-Amz-Algorithm=AWS4-HMAC-SHA256&X-Amz-Content-Sha256=UNSIGNED-PAYLOAD&X-Amz-Credential=AKIA45B7YWBX5HAZMGOU%2F20260223%2Feu-west-1%2Fs3%2Faws4_request&X-Amz-Date=20260223T001202Z&X-Amz-Expires=604800&X-Amz-Signature=09cbe0b1664558c6251b2ef84d7f767d176fb26e593dc7e16bed51287f9bc41e&X-Amz-SignedHeaders=host&response-content-disposition=attachment%3B%20filename%3D848c5d44-d69b-4e51-b6ae-4fd40a6b338d.flac&x-id=GetObject,0.34349975,24544
K2am-2021-05-23_11-00.WAV,2021 Kern 2,2021,5,23,11,0,sp32,Simple Call,26.75733376,27.59466743,2906,6188,24000,present,https://rfcx-streams-production.s3.eu-west-1.amazonaws.com/2021/05/23/pem8hxalyx7i/beb72358-3d8b-4ef8-b5ce-1bfa2f027f4c.flac?X-Amz-Algorithm=AWS4-HMAC-SHA256&X-Amz-Content-Sha256=UNSIGNED-PAYLOAD&X-Amz-Credential=AKIA45B7YWBX5HAZMGOU%2F20260223%2Feu-west-1%2Fs3%2Faws4_request&X-Amz-Date=20260223T001156Z&X-Amz-Expires=604800&X-Amz-Signature=062bf7f71947fa5e2c6b97947e7b7c23e0210d17976f78ad8a8ef10c42b7adc6&X-Amz-SignedHeaders=host&response-content-disposition=attachment%3B%20filename%3Dbeb72358-3d8b-4ef8-b5ce-1bfa2f027f4c.flac&x-id=GetObject,0.201470271,24544
K2am-2021-05-23_11-20.WAV,2021 Kern 2,2021,5,23,11,20,sp32,Simple Call,19.26399994,20.10133362,2906,6188,24000,present,https://rfcx-streams-production.s3.eu-west-1.amazonaws.com/2021/05/23/pem8hxalyx7i/76cd7bfe-9cee-4f09-9b57-07b8296afb3c.flac?X-Amz-Algorithm=AWS4-HMAC-SHA256&X-Amz-Content-Sha256=UNSIGNED-PAYLOAD&X-Amz-Credential=AKIA45B7YWBX5HAZMGOU%2F20260223%2Feu-west-1%2Fs3%2Faws4_request&X-Amz-Date=20260223T001156Z&X-Amz-Expires=604800&X-Amz-Signature=b1e5cc2963b31634bc4ce9307e08e7565297a5aead8218ffa9de4c9c06dd7361&X-Amz-SignedHeaders=host&response-content-disposition=attachment%3B%20filename%3D76cd7bfe-9cee-4f09-9b57-07b8296afb3c.flac&x-id=GetObject,0.232056677,24544
K2am-2021-05-23_11-40.WAV,2021 Kern 2,2021,5,23,11,40,sp32,Simple Call,30.19199944,31.02933311,2906,6188,24000,present,https://rfcx-streams-production.s3.eu-west-1.amazonaws.com/2021/05/23/pem8hxalyx7i/a5c79d7b-53b3-4196-828f-48a97394e320.flac?X-Amz-Algorithm=AWS4-HMAC-SHA256&X-Amz-Content-Sha256=UNSIGNED-PAYLOAD&X-Amz-Credential=AKIA45B7YWBX5HAZMGOU%2F20260223%2Feu-west-1%2Fs3%2Faws4_request&X-Amz-Date=20260223T001202Z&X-Amz-Expires=604800&X-Amz-Signature=9087d511960d6886b47c842d6e299e03f0cf1910fc259e809856bc3e6b9b77dd&X-Amz-SignedHeaders=host&response-content-disposition=attachment%3B%20filename%3Da5c79d7b-53b3-4196-828f-48a97394e320.flac&x-id=GetObject,0.248020306,24544
K2am-2021-05-23_12-00.WAV,2021 Kern 2,2021,5,23,12,0,sp32,Simple Call,37.18933487,38.02666855,2906,6188,24000,present,https://rfcx-streams-production.s3.eu-west-1.amazonaws.com/2021/05/23/pem8hxalyx7i/1a8f868c-9d46-42f0-8277-e2550cdf8a00.flac?X-Amz-Algorithm=AWS4-HMAC-SHA256&X-Amz-Content-Sha256=UNSIGNED-PAYLOAD&X-Amz-Credential=AKIA45B7YWBX5HAZMGOU%2F20260223%2Feu-west-1%2Fs3%2Faws4_request&X-Amz-Date=20260223T001156Z&X-Amz-Expires=604800&X-Amz-Signature=34e4e011d953698535a268143992dd26ba789486cf6df76fc898b092058fb66f&X-Amz-SignedHeaders=host&response-content-disposition=attachment%3B%20filename%3D1a8f868c-9d46-42f0-8277-e2550cdf8a00.flac&x-id=GetObject,0.247160494,24544
K2am-2021-05-23_13-00.WAV,2021 Kern 2,2021,5,23,13,0,sp32,Simple Call,53.97333145,54.81066513,2906,6188,24000,present,https://rfcx-streams-production.s3.eu-west-1.amazonaws.com/2021/05/23/pem8hxalyx7i/e625907b-d8da-4b2c-9c2b-3d633f5b83cd.flac?X-Amz-Algorithm=AWS4-HMAC-SHA256&X-Amz-Content-Sha256=UNSIGNED-PAYLOAD&X-Amz-Credential=AKIA45B7YWBX5HAZMGOU%2F20260223%2Feu-west-1%2Fs3%2Faws4_request&X-Amz-Date=20260223T001156Z&X-Amz-Expires=604800&X-Amz-Signature=6c97d159874c5546d496111a654e49b35038888891944acba2b0c537cefe2666&X-Amz-SignedHeaders=host&response-content-disposition=attachment%3B%20filename%3De625907b-d8da-4b2c-9c2b-3d633f5b83cd.flac&x-id=GetObject,0.224078506,24544
K2am-2021-05-23_15-00.WAV,2021 Kern 2,2021,5,23,15,0,sp32,Simple Call,15.18933296,16.02666664,2906,6188,24000,present,https://rfcx-streams-production.s3.eu-west-1.amazonaws.com/2021/05/23/pem8hxalyx7i/2caa5314-5fe7-4c62-a340-756826d810d6.flac?X-Amz-Algorithm=AWS4-HMAC-SHA256&X-Amz-Content-Sha256=UNSIGNED-PAYLOAD&X-Amz-Credential=AKIA45B7YWBX5HAZMGOU%2F20260223%2Feu-west-1%2Fs3%2Faws4_request&X-Amz-Date=20260223T001156Z&X-Amz-Expires=604800&X-Amz-Signature=3847922a830f0a634a2be4e35b46f8762bac97b0276ac4e747216945ab380aae&X-Amz-SignedHeaders=host&response-content-disposition=attachment%3B%20filename%3D2caa5314-5fe7-4c62-a340-756826d810d6.flac&x-id=GetObject,0.237027884,24544
K2am-2021-05-23_17-00.WAV,2021 Kern 2,2021,5,23,17,0,sp32,Simple Call,57.61600113,58.45333481,2906,6188,24000,present,https://rfcx-streams-production.s3.eu-west-1.amazonaws.com/2021/05/24/pem8hxalyx7i/282b73c9-bbbc-4335-85e4-90f806e6090d.flac?X-Amz-Algorithm=AWS4-HMAC-SHA256&X-Amz-Content-Sha256=UNSIGNED-PAYLOAD&X-Amz-Credential=AKIA45B7YWBX5HAZMGOU%2F20260223%2Feu-west-1%2Fs3%2Faws4_request&X-Amz-Date=20260223T001202Z&X-Amz-Expires=604800&X-Amz-Signature=e693f087bb395d95cb552f338cd00d3274b9bad8e781f2e3c97c1f91bd8e8f18&X-Amz-SignedHeaders=host&response-content-disposition=attachment%3B%20filename%3D282b73c9-bbbc-4335-85e4-90f806e6090d.flac&x-id=GetObject,0.202958509,24544
K2am-2021-05-23_18-00.WAV,2021 Kern 2,2021,5,23,18,0,sp32,Simple Call,27.15200043,27.98933411,2906,6188,24000,present,https://rfcx-streams-production.s3.eu-west-1.amazonaws.com/2021/05/24/pem8hxalyx7i/8b0b97b3-64f2-4c28-b9a8-da29ac809b3d.flac?X-Amz-Algorithm=AWS4-HMAC-SHA256&X-Amz-Content-Sha256=UNSIGNED-PAYLOAD&X-Amz-Credential=AKIA45B7YWBX5HAZMGOU%2F20260223%2Feu-west-1%2Fs3%2Faws4_request&X-Amz-Date=20260223T001202Z&X-Amz-Expires=604800&X-Amz-Signature=272f0d283933c36f19bfd464a5ce853502da5aa67ff994b9789640ba2ff30d9d&X-Amz-SignedHeaders=host&response-content-disposition=attachment%3B%20filename%3D8b0b97b3-64f2-4c28-b9a8-da29ac809b3d.flac&x-id=GetObject,0.288688242,24544
K2am-2021-05-23_18-20.WAV,2021 Kern 2,2021,5,23,18,20,sp32,Simple Call,20.43733406,21.27466583,2906,6188,24000,present,https://rfcx-streams-production.s3.eu-west-1.amazonaws.com/2021/05/24/pem8hxalyx7i/5f10a68e-2d1f-4f64-add7-745b0d79b34b.flac?X-Amz-Algorithm=AWS4-HMAC-SHA256&X-Amz-Content-Sha256=UNSIGNED-PAYLOAD&X-Amz-Credential=AKIA45B7YWBX5HAZMGOU%2F20260223%2Feu-west-1%2Fs3%2Faws4_request&X-Amz-Date=20260223T001202Z&X-Amz-Expires=604800&X-Amz-Signature=a200901b9d1a3bca66ec7d86a0773126ffe99174b8a7bd5e036f6636e0e20a51&X-Amz-SignedHeaders=host&response-content-disposition=attachment%3B%20filename%3D5f10a68e-2d1f-4f64-add7-745b0d79b34b.flac&x-id=GetObject,0.216800466,24544
K2am-2021-05-23_18-40.WAV,2021 Kern 2,2021,5,23,18,40,sp32,Simple Call,31.40266609,32.24000168,2906,6188,24000,present,https://rfcx-streams-production.s3.eu-west-1.amazonaws.com/2021/05/24/pem8hxalyx7i/e062d31c-5565-43a8-b4a2-e65970db00bb.flac?X-Amz-Algorithm=AWS4-HMAC-SHA256&X-Amz-Content-Sha256=UNSIGNED-PAYLOAD&X-Amz-Credential=AKIA45B7YWBX5HAZMGOU%2F20260223%2Feu-west-1%2Fs3%2Faws4_request&X-Amz-Date=20260223T001156Z&X-Amz-Expires=604800&X-Amz-Signature=f3e1badccb4137164ee054917c8b8c13eca38c5f1d1b5cc520780a802f428476&X-Amz-SignedHeaders=host&response-content-disposition=attachment%3B%20filename%3De062d31c-5565-43a8-b4a2-e65970db00bb.flac&x-id=GetObject,0.262988985,24544
K2am-2021-05-23_19-00.WAV,2021 Kern 2,2021,5,23,19,0,sp32,Simple Call,6.527999878,7.365333557,2906,6188,24000,present,https://rfcx-streams-production.s3.eu-west-1.amazonaws.com/2021/05/24/pem8hxalyx7i/abc29329-83c3-42c4-a05c-ad666c2a13da.flac?X-Amz-Algorithm=AWS4-HMAC-SHA256&X-Amz-Content-Sha256=UNSIGNED-PAYLOAD&X-Amz-Credential=AKIA45B7YWBX5HAZMGOU%2F20260223%2Feu-west-1%2Fs3%2Faws4_request&X-Amz-Date=20260223T001156Z&X-Amz-Expires=604800&X-Amz-Signature=cff70c270d23c3c7db66a92ff9bd9fa4d17b8bb266a662e0c7ede5393bde0ff5&X-Amz-SignedHeaders=host&response-content-disposition=attachment%3B%20filename%3Dabc29329-83c3-42c4-a05c-ad666c2a13da.flac&x-id=GetObject,0.277650476,24544
K2am-2021-05-23_19-40.WAV,2021 Kern 2,2021,5,23,19,40,sp32,Simple Call,48.38933182,49.2266655,2906,6188,24000,present,https://rfcx-streams-production.s3.eu-west-1.amazonaws.com/2021/05/24/pem8hxalyx7i/37ce2a32-cf05-4403-83f3-37bb244fabe1.flac?X-Amz-Algorithm=AWS4-HMAC-SHA256&X-Amz-Content-Sha256=UNSIGNED-PAYLOAD&X-Amz-Credential=AKIA45B7YWBX5HAZMGOU%2F20260223%2Feu-west-1%2Fs3%2Faws4_request&X-Amz-Date=20260223T001156Z&X-Amz-Expires=604800&X-Amz-Signature=d539a21bf674270f9eff06125ad487a934e451c67adc0f4fccce529440a9b7e5&X-Amz-SignedHeaders=host&response-content-disposition=attachment%3B%20filename%3D37ce2a32-cf05-4403-83f3-37bb244fabe1.flac&x-id=GetObject,0.210705072,24544
K2am-2021-05-23_20-40.WAV,2021 Kern 2,2021,5,23,20,40,sp32,Simple Call,22.6293335,23.46666718,2906,6188,24000,present,https://rfcx-streams-production.s3.eu-west-1.amazonaws.com/2021/05/24/pem8hxalyx7i/bd74c758-35e5-415d-b449-5526f1291841.flac?X-Amz-Algorithm=AWS4-HMAC-SHA256&X-Amz-Content-Sha256=UNSIGNED-PAYLOAD&X-Amz-Credential=AKIA45B7YWBX5HAZMGOU%2F20260223%2Feu-west-1%2Fs3%2Faws4_request&X-Amz-Date=20260223T001156Z&X-Amz-Expires=604800&X-Amz-Signature=a9693ce30c4ed9577dc219083b2867c22d11f8b1bd968bc9142d63ac86521be4&X-Amz-SignedHeaders=host&response-content-disposition=attachment%3B%20filename%3Dbd74c758-35e5-415d-b449-5526f1291841.flac&x-id=GetObject,0.201609805,24544
K2am-2021-05-24_08-20.WAV,2021 Kern 2,2021,5,24,8,20,sp32,Simple Call,39.63199997,40.46933365,2906,6188,24000,present,https://rfcx-streams-production.s3.eu-west-1.amazonaws.com/2021/05/24/pem8hxalyx7i/9d56b78b-98c2-4532-992d-85651ae7b0de.flac?X-Amz-Algorithm=AWS4-HMAC-SHA256&X-Amz-Content-Sha256=UNSIGNED-PAYLOAD&X-Amz-Credential=AKIA45B7YWBX5HAZMGOU%2F20260223%2Feu-west-1%2Fs3%2Faws4_request&X-Amz-Date=20260223T001202Z&X-Amz-Expires=604800&X-Amz-Signature=bd7987e43d4527ba4f7e58bd42c35f4ce0735c5205550d8a1505309c2613e8fa&X-Amz-SignedHeaders=host&response-content-disposition=attachment%3B%20filename%3D9d56b78b-98c2-4532-992d-85651ae7b0de.flac&x-id=GetObject,0.205915868,24544
K2am-2021-05-24_09-00.WAV,2021 Kern 2,2021,5,24,9,0,sp32,Simple Call,10.10133362,10.93866634,2906,6188,24000,present,https://rfcx-streams-production.s3.eu-west-1.amazonaws.com/2021/05/24/pem8hxalyx7i/791ff97c-90ed-489f-8857-50051d4e68f6.flac?X-Amz-Algorithm=AWS4-HMAC-SHA256&X-Amz-Content-Sha256=UNSIGNED-PAYLOAD&X-Amz-Credential=AKIA45B7YWBX5HAZMGOU%2F20260223%2Feu-west-1%2Fs3%2Faws4_request&X-Amz-Date=20260223T001156Z&X-Amz-Expires=604800&X-Amz-Signature=168acd29a0a4b8752e1d7c240b108c95203d8206fa6910d91cca1219fd2d20ff&X-Amz-SignedHeaders=host&response-content-disposition=attachment%3B%20filename%3D791ff97c-90ed-489f-8857-50051d4e68f6.flac&x-id=GetObject,0.207565531,24544
K2am-2021-05-24_09-20.WAV,2021 Kern 2,2021,5,24,9,20,sp32,Simple Call,48.86399841,49.70133209,2906,6188,24000,present,https://rfcx-streams-production.s3.eu-west-1.amazonaws.com/2021/05/24/pem8hxalyx7i/2edb2599-b59a-4b97-a85b-fb2cc2f548c1.flac?X-Amz-Algorithm=AWS4-HMAC-SHA256&X-Amz-Content-Sha256=UNSIGNED-PAYLOAD&X-Amz-Credential=AKIA45B7YWBX5HAZMGOU%2F20260223%2Feu-west-1%2Fs3%2Faws4_request&X-Amz-Date=20260223T001202Z&X-Amz-Expires=604800&X-Amz-Signature=682fdb278e3225b1bc11996b71f365ef41407acde3816ab4fbfb9a2a9537b0e9&X-Amz-SignedHeaders=host&response-content-disposition=attachment%3B%20filename%3D2edb2599-b59a-4b97-a85b-fb2cc2f548c1.flac&x-id=GetObject,0.246939942,24544
K2am-2021-05-24_09-40.WAV,2021 Kern 2,2021,5,24,9,40,sp32,Simple Call,18.01600075,18.85333252,2906,6188,24000,present,https://rfcx-streams-production.s3.eu-west-1.amazonaws.com/2021/05/24/pem8hxalyx7i/3b8d326a-b9ef-4a10-85c4-829590237211.flac?X-Amz-Algorithm=AWS4-HMAC-SHA256&X-Amz-Content-Sha256=UNSIGNED-PAYLOAD&X-Amz-Credential=AKIA45B7YWBX5HAZMGOU%2F20260223%2Feu-west-1%2Fs3%2Faws4_request&X-Amz-Date=20260223T001202Z&X-Amz-Expires=604800&X-Amz-Signature=a860ae3e1b0243208c1042703f623e26e55377b8db44637df69c0ff969bfcda8&X-Amz-SignedHeaders=host&response-content-disposition=attachment%3B%20filename%3D3b8d326a-b9ef-4a10-85c4-829590237211.flac&x-id=GetObject,0.239178419,24544
K2am-2021-05-24_10-40.WAV,2021 Kern 2,2021,5,24,10,40,sp32,Simple Call,19.72266579,20.55999947,2906,6188,24000,present,https://rfcx-streams-production.s3.eu-west-1.amazonaws.com/2021/05/24/pem8hxalyx7i/f0dda547-88a4-4904-8aed-e9b3c4551484.flac?X-Amz-Algorithm=AWS4-HMAC-SHA256&X-Amz-Content-Sha256=UNSIGNED-PAYLOAD&X-Amz-Credential=AKIA45B7YWBX5HAZMGOU%2F20260223%2Feu-west-1%2Fs3%2Faws4_request&X-Amz-Date=20260223T001202Z&X-Amz-Expires=604800&X-Amz-Signature=6e112d65f455f29bbed38a42ab3e9fd3faeb9dd9ed2ffd88f9782efecd21df44&X-Amz-SignedHeaders=host&response-content-disposition=attachment%3B%20filename%3Df0dda547-88a4-4904-8aed-e9b3c4551484.flac&x-id=GetObject,0.246688291,24544
K2am-2021-05-24_11-00.WAV,2021 Kern 2,2021,5,24,11,0,sp32,Simple Call,17.23200035,18.06933403,2906,6188,24000,present,https://rfcx-streams-production.s3.eu-west-1.amazonaws.com/2021/05/24/pem8hxalyx7i/4d00cc6d-74f4-4f83-8ec6-2a3864ca2674.flac?X-Amz-Algorithm=AWS4-HMAC-SHA256&X-Amz-Content-Sha256=UNSIGNED-PAYLOAD&X-Amz-Credential=AKIA45B7YWBX5HAZMGOU%2F20260223%2Feu-west-1%2Fs3%2Faws4_request&X-Amz-Date=20260223T001156Z&X-Amz-Expires=604800&X-Amz-Signature=0d9a7b80a3c742218b6e794469bdd96a97b45b4cf60e4de564f10600b248c576&X-Amz-SignedHeaders=host&response-content-disposition=attachment%3B%20filename%3D4d00cc6d-74f4-4f83-8ec6-2a3864ca2674.flac&x-id=GetObject,0.215775207,24544
K2am-2021-05-24_11-20.WAV,2021 Kern 2,2021,5,24,11,20,sp32,Simple Call,27.41333389,28.25066757,2906,6188,24000,present,https://rfcx-streams-production.s3.eu-west-1.amazonaws.com/2021/05/24/pem8hxalyx7i/18298553-bb04-4e00-b6c9-54493f0e6bed.flac?X-Amz-Algorithm=AWS4-HMAC-SHA256&X-Amz-Content-Sha256=UNSIGNED-PAYLOAD&X-Amz-Credential=AKIA45B7YWBX5HAZMGOU%2F20260223%2Feu-west-1%2Fs3%2Faws4_request&X-Amz-Date=20260223T001156Z&X-Amz-Expires=604800&X-Amz-Signature=c84b0cf8e91c2f16a7d95f2ad0ff857b05a1baaef15424ff60785e9f8cff5092&X-Amz-SignedHeaders=host&response-content-disposition=attachment%3B%20filename%3D18298553-bb04-4e00-b6c9-54493f0e6bed.flac&x-id=GetObject,0.261296839,24544
K2am-2021-05-24_12-00.WAV,2021 Kern 2,2021,5,24,12,0,sp32,Simple Call,11.02933311,11.86666679,2906,6188,24000,present,https://rfcx-streams-production.s3.eu-west-1.amazonaws.com/2021/05/24/pem8hxalyx7i/e63109a7-9ee7-4557-a8a6-16375b532eed.flac?X-Amz-Algorithm=AWS4-HMAC-SHA256&X-Amz-Content-Sha256=UNSIGNED-PAYLOAD&X-Amz-Credential=AKIA45B7YWBX5HAZMGOU%2F20260223%2Feu-west-1%2Fs3%2Faws4_request&X-Amz-Date=20260223T001156Z&X-Amz-Expires=604800&X-Amz-Signature=773a1e58063660b05b6cc1378da7c9cc2ed1605f6a4cbfe00f0763a9b4300fef&X-Amz-SignedHeaders=host&response-content-disposition=attachment%3B%20filename%3De63109a7-9ee7-4557-a8a6-16375b532eed.flac&x-id=GetObject,0.278323889,24544
K2am-2021-05-24_12-20.WAV,2021 Kern 2,2021,5,24,12,20,sp32,Simple Call,38.29866791,39.13600159,2906,6188,24000,present,https://rfcx-streams-production.s3.eu-west-1.amazonaws.com/2021/05/24/pem8hxalyx7i/027db6c3-1df8-47b2-a093-5f327ee58f4d.flac?X-Amz-Algorithm=AWS4-HMAC-SHA256&X-Amz-Content-Sha256=UNSIGNED-PAYLOAD&X-Amz-Credential=AKIA45B7YWBX5HAZMGOU%2F20260223%2Feu-west-1%2Fs3%2Faws4_request&X-Amz-Date=20260223T001156Z&X-Amz-Expires=604800&X-Amz-Signature=905b8e4b6e754b78ea2766ef16a3510809c8a6c4ba2e247987f22323042b7fcb&X-Amz-SignedHeaders=host&response-content-disposition=attachment%3B%20filename%3D027db6c3-1df8-47b2-a093-5f327ee58f4d.flac&x-id=GetObject,0.26341936,24544
K2am-2021-05-24_12-40.WAV,2021 Kern 2,2021,5,24,12,40,sp32,Simple Call,1.376000047,2.213333368,2906,6188,24000,present,https://rfcx-streams-production.s3.eu-west-1.amazonaws.com/2021/05/24/pem8hxalyx7i/bc027df9-502f-43eb-82e8-9fa579038865.flac?X-Amz-Algorithm=AWS4-HMAC-SHA256&X-Amz-Content-Sha256=UNSIGNED-PAYLOAD&X-Amz-Credential=AKIA45B7YWBX5HAZMGOU%2F20260223%2Feu-west-1%2Fs3%2Faws4_request&X-Amz-Date=20260223T001156Z&X-Amz-Expires=604800&X-Amz-Signature=614aea2b614f18d577a05f46e829464211c524c023435eed88a8b63e44c1cdfd&X-Amz-SignedHeaders=host&response-content-disposition=attachment%3B%20filename%3Dbc027df9-502f-43eb-82e8-9fa579038865.flac&x-id=GetObject,0.236599579,24544
K2am-2021-05-24_18-00.WAV,2021 Kern 2,2021,5,24,18,0,sp32,Simple Call,10.21333313,11.05066681,2906,6188,24000,present,https://rfcx-streams-production.s3.eu-west-1.amazonaws.com/2021/05/25/pem8hxalyx7i/cfa74e93-e60b-48aa-8e72-e377868444f6.flac?X-Amz-Algorithm=AWS4-HMAC-SHA256&X-Amz-Content-Sha256=UNSIGNED-PAYLOAD&X-Amz-Credential=AKIA45B7YWBX5HAZMGOU%2F20260223%2Feu-west-1%2Fs3%2Faws4_request&X-Amz-Date=20260223T001202Z&X-Amz-Expires=604800&X-Amz-Signature=7d516981bfe98b63cb7f63dbaff714f4b9f43e1b50742751d31ed29c1e6fc988&X-Amz-SignedHeaders=host&response-content-disposition=attachment%3B%20filename%3Dcfa74e93-e60b-48aa-8e72-e377868444f6.flac&x-id=GetObject,0.251015276,24544
K2am-2021-05-24_18-20.WAV,2021 Kern 2,2021,5,24,18,20,sp32,Simple Call,12.17066669,13.00800037,2906,6188,24000,present,https://rfcx-streams-production.s3.eu-west-1.amazonaws.com/2021/05/25/pem8hxalyx7i/57db042b-bca8-4065-8897-798479fa6d13.flac?X-Amz-Algorithm=AWS4-HMAC-SHA256&X-Amz-Content-Sha256=UNSIGNED-PAYLOAD&X-Amz-Credential=AKIA45B7YWBX5HAZMGOU%2F20260223%2Feu-west-1%2Fs3%2Faws4_request&X-Amz-Date=20260223T001156Z&X-Amz-Expires=604800&X-Amz-Signature=961ef017a42bde598b72544276ee6a8c799c59d9df98384a4fd0099cf73b625c&X-Amz-SignedHeaders=host&response-content-disposition=attachment%3B%20filename%3D57db042b-bca8-4065-8897-798479fa6d13.flac&x-id=GetObject,0.213984281,24544
K2am-2021-05-24_18-40.WAV,2021 Kern 2,2021,5,24,18,40,sp32,Simple Call,31.34399986,32.18133163,2906,6188,24000,present,https://rfcx-streams-production.s3.eu-west-1.amazonaws.com/2021/05/25/pem8hxalyx7i/e90ca15a-eca9-4576-82d7-921b5e7bb394.flac?X-Amz-Algorithm=AWS4-HMAC-SHA256&X-Amz-Content-Sha256=UNSIGNED-PAYLOAD&X-Amz-Credential=AKIA45B7YWBX5HAZMGOU%2F20260223%2Feu-west-1%2Fs3%2Faws4_request&X-Amz-Date=20260223T001202Z&X-Amz-Expires=604800&X-Amz-Signature=51a64be9cc90bbf1bbf39fe352992bb205af494cdf52891a551f0f11f0a82e02&X-Amz-SignedHeaders=host&response-content-disposition=attachment%3B%20filename%3De90ca15a-eca9-4576-82d7-921b5e7bb394.flac&x-id=GetObject,0.255640268,24544
K2am-2021-05-24_22-20.WAV,2021 Kern 2,2021,5,24,22,20,sp32,Simple Call,42.08533478,42.92266846,2906,6188,24000,present,https://rfcx-streams-production.s3.eu-west-1.amazonaws.com/2021/05/25/pem8hxalyx7i/307f25ae-b8b0-4d09-ad10-1090ef2f8b4a.flac?X-Amz-Algorithm=AWS4-HMAC-SHA256&X-Amz-Content-Sha256=UNSIGNED-PAYLOAD&X-Amz-Credential=AKIA45B7YWBX5HAZMGOU%2F20260223%2Feu-west-1%2Fs3%2Faws4_request&X-Amz-Date=20260223T001202Z&X-Amz-Expires=604800&X-Amz-Signature=1b2a4a7ef49c0499467cb7a64a103ee2a3ce3179bf35fbf4a5e6c9a987a3bd3c&X-Amz-SignedHeaders=host&response-content-disposition=attachment%3B%20filename%3D307f25ae-b8b0-4d09-ad10-1090ef2f8b4a.flac&x-id=GetObject,0.205536172,24544
K2am-2021-05-24_22-40.WAV,2021 Kern 2,2021,5,24,22,40,sp32,Simple Call,45.64266586,46.47999954,2906,6188,24000,present,https://rfcx-streams-production.s3.eu-west-1.amazonaws.com/2021/05/25/pem8hxalyx7i/f5e9fd6d-122a-491c-958c-9337c3f9997b.flac?X-Amz-Algorithm=AWS4-HMAC-SHA256&X-Amz-Content-Sha256=UNSIGNED-PAYLOAD&X-Amz-Credential=AKIA45B7YWBX5HAZMGOU%2F20260223%2Feu-west-1%2Fs3%2Faws4_request&X-Amz-Date=20260223T001156Z&X-Amz-Expires=604800&X-Amz-Signature=e34dceb790d32923a1ad2129ae35c32bec1f350b968a1c55f8047b94453b250a&X-Amz-SignedHeaders=host&response-content-disposition=attachment%3B%20filename%3Df5e9fd6d-122a-491c-958c-9337c3f9997b.flac&x-id=GetObject,0.210955366,24544
K2am-2021-05-24_23-00.WAV,2021 Kern 2,2021,5,24,23,0,sp32,Simple Call,24.42133331,25.25866699,2906,6188,24000,present,https://rfcx-streams-production.s3.eu-west-1.amazonaws.com/2021/05/25/pem8hxalyx7i/05c83f12-5118-45f8-a8d3-d7335f959b64.flac?X-Amz-Algorithm=AWS4-HMAC-SHA256&X-Amz-Content-Sha256=UNSIGNED-PAYLOAD&X-Amz-Credential=AKIA45B7YWBX5HAZMGOU%2F20260223%2Feu-west-1%2Fs3%2Faws4_request&X-Amz-Date=20260223T001156Z&X-Amz-Expires=604800&X-Amz-Signature=34051cdf7c992015fe049d369bff69115c61c119846dc9c77e7acd29f3d46f47&X-Amz-SignedHeaders=host&response-content-disposition=attachment%3B%20filename%3D05c83f12-5118-45f8-a8d3-d7335f959b64.flac&x-id=GetObject,0.221163899,24544
K2am-2021-05-25_01-40.WAV,2021 Kern 2,2021,5,25,1,40,sp32,Simple Call,13.57333374,14.41066647,2906,6188,24000,present,https://rfcx-streams-production.s3.eu-west-1.amazonaws.com/2021/05/25/pem8hxalyx7i/a53d8def-5d04-4c8f-8983-74bbcfd4c3ff.flac?X-Amz-Algorithm=AWS4-HMAC-SHA256&X-Amz-Content-Sha256=UNSIGNED-PAYLOAD&X-Amz-Credential=AKIA45B7YWBX5HAZMGOU%2F20260223%2Feu-west-1%2Fs3%2Faws4_request&X-Amz-Date=20260223T001156Z&X-Amz-Expires=604800&X-Amz-Signature=031fc0a47f99429eb003d75e37be3dfb5b6b1f680ac15c45fc297f1963e470cb&X-Amz-SignedHeaders=host&response-content-disposition=attachment%3B%20filename%3Da53d8def-5d04-4c8f-8983-74bbcfd4c3ff.flac&x-id=GetObject,0.200416461,24544
K2am-2021-05-25_09-20.WAV,2021 Kern 2,2021,5,25,9,20,sp32,Simple Call,42.4640007,43.30133438,2906,6188,24000,present,https://rfcx-streams-production.s3.eu-west-1.amazonaws.com/2021/05/25/pem8hxalyx7i/91f8028c-f74f-46eb-985b-07bab30cf821.flac?X-Amz-Algorithm=AWS4-HMAC-SHA256&X-Amz-Content-Sha256=UNSIGNED-PAYLOAD&X-Amz-Credential=AKIA45B7YWBX5HAZMGOU%2F20260223%2Feu-west-1%2Fs3%2Faws4_request&X-Amz-Date=20260223T001202Z&X-Amz-Expires=604800&X-Amz-Signature=c95e8571a22cec125823edb4c3c6d5fb435f09ea8c37450dadf33af65213a8f7&X-Amz-SignedHeaders=host&response-content-disposition=attachment%3B%20filename%3D91f8028c-f74f-46eb-985b-07bab30cf821.flac&x-id=GetObject,0.23349829,24544
K2am-2021-05-25_10-00.WAV,2021 Kern 2,2021,5,25,10,0,sp32,Simple Call,49.00266647,49.84000015,2906,6188,24000,present,https://rfcx-streams-production.s3.eu-west-1.amazonaws.com/2021/05/25/pem8hxalyx7i/8275a505-a411-4e29-8836-c5d3e27e95ba.flac?X-Amz-Algorithm=AWS4-HMAC-SHA256&X-Amz-Content-Sha256=UNSIGNED-PAYLOAD&X-Amz-Credential=AKIA45B7YWBX5HAZMGOU%2F20260223%2Feu-west-1%2Fs3%2Faws4_request&X-Amz-Date=20260223T001156Z&X-Amz-Expires=604800&X-Amz-Signature=6fc73d4120e5734e1fb54ea2b51f4e0e534facb0b2a25c7d000a056723e29298&X-Amz-SignedHeaders=host&response-content-disposition=attachment%3B%20filename%3D8275a505-a411-4e29-8836-c5d3e27e95ba.flac&x-id=GetObject,0.251879841,24544
K2am-2021-05-25_10-20.WAV,2021 Kern 2,2021,5,25,10,20,sp32,Simple Call,20.65600014,21.49333382,2906,6188,24000,present,https://rfcx-streams-production.s3.eu-west-1.amazonaws.com/2021/05/25/pem8hxalyx7i/61d6dce0-563a-4b58-ad83-6436decccbe5.flac?X-Amz-Algorithm=AWS4-HMAC-SHA256&X-Amz-Content-Sha256=UNSIGNED-PAYLOAD&X-Amz-Credential=AKIA45B7YWBX5HAZMGOU%2F20260223%2Feu-west-1%2Fs3%2Faws4_request&X-Amz-Date=20260223T001156Z&X-Amz-Expires=604800&X-Amz-Signature=673cf91fcba17f8d7e598c95fd9585021316ffa9e48eefcc80269484e7ac3d40&X-Amz-SignedHeaders=host&response-content-disposition=attachment%3B%20filename%3D61d6dce0-563a-4b58-ad83-6436decccbe5.flac&x-id=GetObject,0.226572901,24544
K2am-2021-05-25_17-20.WAV,2021 Kern 2,2021,5,25,17,20,sp32,Simple Call,32.22399902,33.0613327,2906,6188,24000,present,https://rfcx-streams-production.s3.eu-west-1.amazonaws.com/2021/05/26/pem8hxalyx7i/70683613-65e1-4c71-8d73-82d9b0eb740a.flac?X-Amz-Algorithm=AWS4-HMAC-SHA256&X-Amz-Content-Sha256=UNSIGNED-PAYLOAD&X-Amz-Credential=AKIA45B7YWBX5HAZMGOU%2F20260223%2Feu-west-1%2Fs3%2Faws4_request&X-Amz-Date=20260223T001156Z&X-Amz-Expires=604800&X-Amz-Signature=c8ba97d2e1ffd5842ff276a48d5497ae9c967e707539dec6e0c4ae2d2faf5509&X-Amz-SignedHeaders=host&response-content-disposition=attachment%3B%20filename%3D70683613-65e1-4c71-8d73-82d9b0eb740a.flac&x-id=GetObject,0.203485221,24544
K2am-2021-05-26_08-20.WAV,2021 Kern 2,2021,5,26,8,20,sp32,Simple Call,34.10666656,34.94400024,2906,6188,24000,present,https://rfcx-streams-production.s3.eu-west-1.amazonaws.com/2021/05/26/pem8hxalyx7i/32e99361-7786-407e-b128-0dafe765e84e.flac?X-Amz-Algorithm=AWS4-HMAC-SHA256&X-Amz-Content-Sha256=UNSIGNED-PAYLOAD&X-Amz-Credential=AKIA45B7YWBX5HAZMGOU%2F20260223%2Feu-west-1%2Fs3%2Faws4_request&X-Amz-Date=20260223T001156Z&X-Amz-Expires=604800&X-Amz-Signature=6016f000463e40d3f41af36d9b9ae16030cd0a44e2644d747ab85dc5aa291cc0&X-Amz-SignedHeaders=host&response-content-disposition=attachment%3B%20filename%3D32e99361-7786-407e-b128-0dafe765e84e.flac&x-id=GetObject,0.216651127,24544
K2am-2021-05-26_08-40.WAV,2021 Kern 2,2021,5,26,8,40,sp32,Simple Call,34.73066711,35.56800079,2906,6188,24000,present,https://rfcx-streams-production.s3.eu-west-1.amazonaws.com/2021/05/26/pem8hxalyx7i/8b9616f8-b9f4-4bbd-a3d8-da81b3fdd2f7.flac?X-Amz-Algorithm=AWS4-HMAC-SHA256&X-Amz-Content-Sha256=UNSIGNED-PAYLOAD&X-Amz-Credential=AKIA45B7YWBX5HAZMGOU%2F20260223%2Feu-west-1%2Fs3%2Faws4_request&X-Amz-Date=20260223T001156Z&X-Amz-Expires=604800&X-Amz-Signature=4293517b6140d155640d7d1cbed3a4fbc0c6d46138a8f648b8db5e64de998767&X-Amz-SignedHeaders=host&response-content-disposition=attachment%3B%20filename%3D8b9616f8-b9f4-4bbd-a3d8-da81b3fdd2f7.flac&x-id=GetObject,0.255733669,24544
K2am-2021-05-26_09-00.WAV,2021 Kern 2,2021,5,26,9,0,sp32,Simple Call,9.824000359,10.66133308,2906,6188,24000,present,https://rfcx-streams-production.s3.eu-west-1.amazonaws.com/2021/05/26/pem8hxalyx7i/022c16bd-d4e2-4c7b-a6a2-8fdcf8158805.flac?X-Amz-Algorithm=AWS4-HMAC-SHA256&X-Amz-Content-Sha256=UNSIGNED-PAYLOAD&X-Amz-Credential=AKIA45B7YWBX5HAZMGOU%2F20260223%2Feu-west-1%2Fs3%2Faws4_request&X-Amz-Date=20260223T001156Z&X-Amz-Expires=604800&X-Amz-Signature=633c16719af9684c6cd7c22ea7f1235017d4a248997d2510ea3ac0dc4be4c2e1&X-Amz-SignedHeaders=host&response-content-disposition=attachment%3B%20filename%3D022c16bd-d4e2-4c7b-a6a2-8fdcf8158805.flac&x-id=GetObject,0.2344632,24544
K2am-2021-05-26_09-20.WAV,2021 Kern 2,2021,5,26,9,20,sp32,Simple Call,31.25866699,32.09600067,2906,6188,24000,present,https://rfcx-streams-production.s3.eu-west-1.amazonaws.com/2021/05/26/pem8hxalyx7i/f5869f63-b17d-453e-ac11-c86075b57d72.flac?X-Amz-Algorithm=AWS4-HMAC-SHA256&X-Amz-Content-Sha256=UNSIGNED-PAYLOAD&X-Amz-Credential=AKIA45B7YWBX5HAZMGOU%2F20260223%2Feu-west-1%2Fs3%2Faws4_request&X-Amz-Date=20260223T001156Z&X-Amz-Expires=604800&X-Amz-Signature=f30b31a1b37adbeb88947580c12d3a8c3e2b5a705f4d01e702c04c57a980189d&X-Amz-SignedHeaders=host&response-content-disposition=attachment%3B%20filename%3Df5869f63-b17d-453e-ac11-c86075b57d72.flac&x-id=GetObject,0.273466051,24544
K2am-2021-05-26_09-40.WAV,2021 Kern 2,2021,5,26,9,40,sp32,Simple Call,41.36533356,42.20266724,2906,6188,24000,present,https://rfcx-streams-production.s3.eu-west-1.amazonaws.com/2021/05/26/pem8hxalyx7i/8b87d7a3-c54f-4674-88ac-ff615e3dedce.flac?X-Amz-Algorithm=AWS4-HMAC-SHA256&X-Amz-Content-Sha256=UNSIGNED-PAYLOAD&X-Amz-Credential=AKIA45B7YWBX5HAZMGOU%2F20260223%2Feu-west-1%2Fs3%2Faws4_request&X-Amz-Date=20260223T001202Z&X-Amz-Expires=604800&X-Amz-Signature=cabbfe23993eeb85a7e488147db6da3a4d7d7183e074f9fd68afee7488930819&X-Amz-SignedHeaders=host&response-content-disposition=attachment%3B%20filename%3D8b87d7a3-c54f-4674-88ac-ff615e3dedce.flac&x-id=GetObject,0.284519792,24544
K2am-2021-05-26_10-00.WAV,2021 Kern 2,2021,5,26,10,0,sp32,Simple Call,53.58399963,54.42133331,2906,6188,24000,present,https://rfcx-streams-production.s3.eu-west-1.amazonaws.com/2021/05/26/pem8hxalyx7i/99777e1d-96ce-42a3-802a-6438ef290702.flac?X-Amz-Algorithm=AWS4-HMAC-SHA256&X-Amz-Content-Sha256=UNSIGNED-PAYLOAD&X-Amz-Credential=AKIA45B7YWBX5HAZMGOU%2F20260223%2Feu-west-1%2Fs3%2Faws4_request&X-Amz-Date=20260223T001156Z&X-Amz-Expires=604800&X-Amz-Signature=20d248d24dfe6e918591eaac35d27cd6842b54c3dd36cbe14c267b9e3e75ef6c&X-Amz-SignedHeaders=host&response-content-disposition=attachment%3B%20filename%3D99777e1d-96ce-42a3-802a-6438ef290702.flac&x-id=GetObject,0.251841813,24544
K2am-2021-05-26_10-40.WAV,2021 Kern 2,2021,5,26,10,40,sp32,Simple Call,2.92266655,3.75999999,2906,6188,24000,present,https://rfcx-streams-production.s3.eu-west-1.amazonaws.com/2021/05/26/pem8hxalyx7i/82ed1bea-4423-4816-abbe-a9a3bd4243c9.flac?X-Amz-Algorithm=AWS4-HMAC-SHA256&X-Amz-Content-Sha256=UNSIGNED-PAYLOAD&X-Amz-Credential=AKIA45B7YWBX5HAZMGOU%2F20260223%2Feu-west-1%2Fs3%2Faws4_request&X-Amz-Date=20260223T001156Z&X-Amz-Expires=604800&X-Amz-Signature=74601821c616a32153f059d04900f920377c774ddefdfec03661d030bfd0687e&X-Amz-SignedHeaders=host&response-content-disposition=attachment%3B%20filename%3D82ed1bea-4423-4816-abbe-a9a3bd4243c9.flac&x-id=GetObject,0.303869426,24544
K2am-2021-05-26_11-20.WAV,2021 Kern 2,2021,5,26,11,20,sp32,Simple Call,53.6906662,54.52799988,2906,6188,24000,present,https://rfcx-streams-production.s3.eu-west-1.amazonaws.com/2021/05/26/pem8hxalyx7i/3953aced-5e3c-4381-84c2-f46a49b847a2.flac?X-Amz-Algorithm=AWS4-HMAC-SHA256&X-Amz-Content-Sha256=UNSIGNED-PAYLOAD&X-Amz-Credential=AKIA45B7YWBX5HAZMGOU%2F20260223%2Feu-west-1%2Fs3%2Faws4_request&X-Amz-Date=20260223T001156Z&X-Amz-Expires=604800&X-Amz-Signature=f789de908f2af86f01502ef9440c089260f64bd57c28418e6be4c5db772baace&X-Amz-SignedHeaders=host&response-content-disposition=attachment%3B%20filename%3D3953aced-5e3c-4381-84c2-f46a49b847a2.flac&x-id=GetObject,0.211526304,24544
K2am-2021-05-26_11-40.WAV,2021 Kern 2,2021,5,26,11,40,sp32,Simple Call,10.36266708,11.19999981,2906,6188,24000,present,https://rfcx-streams-production.s3.eu-west-1.amazonaws.com/2021/05/26/pem8hxalyx7i/942fdd58-fe44-4053-b9bc-ad458fc341c5.flac?X-Amz-Algorithm=AWS4-HMAC-SHA256&X-Amz-Content-Sha256=UNSIGNED-PAYLOAD&X-Amz-Credential=AKIA45B7YWBX5HAZMGOU%2F20260223%2Feu-west-1%2Fs3%2Faws4_request&X-Amz-Date=20260223T001156Z&X-Amz-Expires=604800&X-Amz-Signature=e546fa342b73b903a046a8dbef7f7f8fbff63ea0ed91be83a6344a755ed4f91c&X-Amz-SignedHeaders=host&response-content-disposition=attachment%3B%20filename%3D942fdd58-fe44-4053-b9bc-ad458fc341c5.flac&x-id=GetObject,0.20432961,24544
K2am-2021-05-26_17-00.WAV,2021 Kern 2,2021,5,26,17,0,sp32,Simple Call,39.58399963,40.42133331,2906,6188,24000,present,https://rfcx-streams-production.s3.eu-west-1.amazonaws.com/2021/05/27/pem8hxalyx7i/fa056372-2258-41a9-ad2b-86a6cef4b37b.flac?X-Amz-Algorithm=AWS4-HMAC-SHA256&X-Amz-Content-Sha256=UNSIGNED-PAYLOAD&X-Amz-Credential=AKIA45B7YWBX5HAZMGOU%2F20260223%2Feu-west-1%2Fs3%2Faws4_request&X-Amz-Date=20260223T001156Z&X-Amz-Expires=604800&X-Amz-Signature=f3b6da919575f7f673a0e3451ec8ab6cdeda3ddc6abfaf80fdbd369dd69c741e&X-Amz-SignedHeaders=host&response-content-disposition=attachment%3B%20filename%3Dfa056372-2258-41a9-ad2b-86a6cef4b37b.flac&x-id=GetObject,0.220262229,24544
K2am-2021-05-26_18-00.WAV,2021 Kern 2,2021,5,26,18,0,sp32,Simple Call,58.1546669,58.99200058,2906,6188,24000,present,https://rfcx-streams-production.s3.eu-west-1.amazonaws.com/2021/05/27/pem8hxalyx7i/f4b7080f-010e-4da1-a90d-c4432ad22154.flac?X-Amz-Algorithm=AWS4-HMAC-SHA256&X-Amz-Content-Sha256=UNSIGNED-PAYLOAD&X-Amz-Credential=AKIA45B7YWBX5HAZMGOU%2F20260223%2Feu-west-1%2Fs3%2Faws4_request&X-Amz-Date=20260223T001156Z&X-Amz-Expires=604800&X-Amz-Signature=3000e007ef5423b15d46e24e3264e16663a95b8ff1f89e2f181db72a37bb3f65&X-Amz-SignedHeaders=host&response-content-disposition=attachment%3B%20filename%3Df4b7080f-010e-4da1-a90d-c4432ad22154.flac&x-id=GetObject,0.233186916,24544
K2am-2021-05-26_19-00.WAV,2021 Kern 2,2021,5,26,19,0,sp32,Simple Call,41.62133408,42.45866776,2906,6188,24000,present,https://rfcx-streams-production.s3.eu-west-1.amazonaws.com/2021/05/27/pem8hxalyx7i/dc11b068-40e9-4e76-af99-1e3492a77098.flac?X-Amz-Algorithm=AWS4-HMAC-SHA256&X-Amz-Content-Sha256=UNSIGNED-PAYLOAD&X-Amz-Credential=AKIA45B7YWBX5HAZMGOU%2F20260223%2Feu-west-1%2Fs3%2Faws4_request&X-Amz-Date=20260223T001156Z&X-Amz-Expires=604800&X-Amz-Signature=6fc7366b18bc454ab559e3abd38dbe240fdd7e3e3f3a56be500c6c15254dbb79&X-Amz-SignedHeaders=host&response-content-disposition=attachment%3B%20filename%3Ddc11b068-40e9-4e76-af99-1e3492a77098.flac&x-id=GetObject,0.209656909,24544
K2am-2021-05-27_07-40.WAV,2021 Kern 2,2021,5,27,7,40,sp32,Simple Call,1.136000037,1.973333359,2906,6188,24000,present,https://rfcx-streams-production.s3.eu-west-1.amazonaws.com/2021/05/27/pem8hxalyx7i/99917d99-b06c-4e9a-b92d-a5a91f9cb835.flac?X-Amz-Algorithm=AWS4-HMAC-SHA256&X-Amz-Content-Sha256=UNSIGNED-PAYLOAD&X-Amz-Credential=AKIA45B7YWBX5HAZMGOU%2F20260223%2Feu-west-1%2Fs3%2Faws4_request&X-Amz-Date=20260223T001202Z&X-Amz-Expires=604800&X-Amz-Signature=f18bad31968955bbfbde044835a574650bfe658052d576e1e0b273f88c3e3a49&X-Amz-SignedHeaders=host&response-content-disposition=attachment%3B%20filename%3D99917d99-b06c-4e9a-b92d-a5a91f9cb835.flac&x-id=GetObject,0.226783097,24544
K2am-2021-05-27_08-20.WAV,2021 Kern 2,2021,5,27,8,20,sp32,Simple Call,17.02400017,17.86133385,2906,6188,24000,present,https://rfcx-streams-production.s3.eu-west-1.amazonaws.com/2021/05/27/pem8hxalyx7i/1f8882c5-a3b6-4ac1-a122-5e4b1a8bde44.flac?X-Amz-Algorithm=AWS4-HMAC-SHA256&X-Amz-Content-Sha256=UNSIGNED-PAYLOAD&X-Amz-Credential=AKIA45B7YWBX5HAZMGOU%2F20260223%2Feu-west-1%2Fs3%2Faws4_request&X-Amz-Date=20260223T001202Z&X-Amz-Expires=604800&X-Amz-Signature=7952d1557a878f65c91f1ec470747ee4c63502ed655c0afe35b06b1c7d7d9139&X-Amz-SignedHeaders=host&response-content-disposition=attachment%3B%20filename%3D1f8882c5-a3b6-4ac1-a122-5e4b1a8bde44.flac&x-id=GetObject,0.205554619,24544
K2am-2021-05-27_08-40.WAV,2021 Kern 2,2021,5,27,8,40,sp32,Simple Call,42.35733414,43.19466782,2906,6188,24000,present,https://rfcx-streams-production.s3.eu-west-1.amazonaws.com/2021/05/27/pem8hxalyx7i/c874c538-273c-4d4e-b94f-6ce7e42282e6.flac?X-Amz-Algorithm=AWS4-HMAC-SHA256&X-Amz-Content-Sha256=UNSIGNED-PAYLOAD&X-Amz-Credential=AKIA45B7YWBX5HAZMGOU%2F20260223%2Feu-west-1%2Fs3%2Faws4_request&X-Amz-Date=20260223T001202Z&X-Amz-Expires=604800&X-Amz-Signature=8890d78f8183335e12b14a52f918f4e4427a6f94d50543470e568750fb83ecd7&X-Amz-SignedHeaders=host&response-content-disposition=attachment%3B%20filename%3Dc874c538-273c-4d4e-b94f-6ce7e42282e6.flac&x-id=GetObject,0.223532334,24544
K2am-2021-05-27_09-00.WAV,2021 Kern 2,2021,5,27,9,0,sp32,Simple Call,20.97599983,21.81333351,2906,6188,24000,present,https://rfcx-streams-production.s3.eu-west-1.amazonaws.com/2021/05/27/pem8hxalyx7i/fc2ea485-0dda-4f8f-b930-c96bd50525a1.flac?X-Amz-Algorithm=AWS4-HMAC-SHA256&X-Amz-Content-Sha256=UNSIGNED-PAYLOAD&X-Amz-Credential=AKIA45B7YWBX5HAZMGOU%2F20260223%2Feu-west-1%2Fs3%2Faws4_request&X-Amz-Date=20260223T001202Z&X-Amz-Expires=604800&X-Amz-Signature=8f73063521f2aa0375a910fe39b6d63de911f894725381ebffe1813462113896&X-Amz-SignedHeaders=host&response-content-disposition=attachment%3B%20filename%3Dfc2ea485-0dda-4f8f-b930-c96bd50525a1.flac&x-id=GetObject,0.24659121,24544
K2am-2021-05-27_09-40.WAV,2021 Kern 2,2021,5,27,9,40,sp32,Simple Call,11.07733345,11.91466713,2906,6188,24000,present,https://rfcx-streams-production.s3.eu-west-1.amazonaws.com/2021/05/27/pem8hxalyx7i/75e437fe-561e-4832-aa1e-72e40616519e.flac?X-Amz-Algorithm=AWS4-HMAC-SHA256&X-Amz-Content-Sha256=UNSIGNED-PAYLOAD&X-Amz-Credential=AKIA45B7YWBX5HAZMGOU%2F20260223%2Feu-west-1%2Fs3%2Faws4_request&X-Amz-Date=20260223T001202Z&X-Amz-Expires=604800&X-Amz-Signature=330bdb97c77fa24ef3c749acf258b44d78625f9194b8561f42cc1fa3f141e084&X-Amz-SignedHeaders=host&response-content-disposition=attachment%3B%20filename%3D75e437fe-561e-4832-aa1e-72e40616519e.flac&x-id=GetObject,0.23106122,24544
K2am-2021-05-27_10-00.WAV,2021 Kern 2,2021,5,27,10,0,sp32,Simple Call,22.19733238,23.03466606,2906,6188,24000,present,https://rfcx-streams-production.s3.eu-west-1.amazonaws.com/2021/05/27/pem8hxalyx7i/3c3ca4c2-fae0-4ef1-8eda-a4d9917fd4ed.flac?X-Amz-Algorithm=AWS4-HMAC-SHA256&X-Amz-Content-Sha256=UNSIGNED-PAYLOAD&X-Amz-Credential=AKIA45B7YWBX5HAZMGOU%2F20260223%2Feu-west-1%2Fs3%2Faws4_request&X-Amz-Date=20260223T001156Z&X-Amz-Expires=604800&X-Amz-Signature=f1fc99b03b0dd3b10d752f31547fe503a1e079eab81fdd969cf5bbca8c1aab48&X-Amz-SignedHeaders=host&response-content-disposition=attachment%3B%20filename%3D3c3ca4c2-fae0-4ef1-8eda-a4d9917fd4ed.flac&x-id=GetObject,0.204633251,24544
K2am-2021-05-27_10-20.WAV,2021 Kern 2,2021,5,27,10,20,sp32,Simple Call,30.57600021,31.41333389,2906,6188,24000,present,https://rfcx-streams-production.s3.eu-west-1.amazonaws.com/2021/05/27/pem8hxalyx7i/48351c04-8f03-49f1-8ca3-1c1b9ce87ea1.flac?X-Amz-Algorithm=AWS4-HMAC-SHA256&X-Amz-Content-Sha256=UNSIGNED-PAYLOAD&X-Amz-Credential=AKIA45B7YWBX5HAZMGOU%2F20260223%2Feu-west-1%2Fs3%2Faws4_request&X-Amz-Date=20260223T001202Z&X-Amz-Expires=604800&X-Amz-Signature=a2cb38a6baad43302c1f64648ccf244bbae7ad93fe200dec7e6b6212172f31d7&X-Amz-SignedHeaders=host&response-content-disposition=attachment%3B%20filename%3D48351c04-8f03-49f1-8ca3-1c1b9ce87ea1.flac&x-id=GetObject,0.242873415,24544
K2am-2021-05-27_10-40.WAV,2021 Kern 2,2021,5,27,10,40,sp32,Simple Call,0.768000007,1.605333328,2906,6188,24000,present,https://rfcx-streams-production.s3.eu-west-1.amazonaws.com/2021/05/27/pem8hxalyx7i/0295e31c-6ce6-4c2e-8215-66dd9f03cd98.flac?X-Amz-Algorithm=AWS4-HMAC-SHA256&X-Amz-Content-Sha256=UNSIGNED-PAYLOAD&X-Amz-Credential=AKIA45B7YWBX5HAZMGOU%2F20260223%2Feu-west-1%2Fs3%2Faws4_request&X-Amz-Date=20260223T001202Z&X-Amz-Expires=604800&X-Amz-Signature=309c668ca3f7566af8103cbd27bf46eee8e11e1beef7007fc3531ac25ffd2be7&X-Amz-SignedHeaders=host&response-content-disposition=attachment%3B%20filename%3D0295e31c-6ce6-4c2e-8215-66dd9f03cd98.flac&x-id=GetObject,0.304549724,24544
K2am-2021-05-27_11-00.WAV,2021 Kern 2,2021,5,27,11,0,sp32,Simple Call,11.48266697,12.31999969,2906,6188,24000,present,https://rfcx-streams-production.s3.eu-west-1.amazonaws.com/2021/05/27/pem8hxalyx7i/1b6d3c47-d578-4dd9-859e-6e6cb49a41a7.flac?X-Amz-Algorithm=AWS4-HMAC-SHA256&X-Amz-Content-Sha256=UNSIGNED-PAYLOAD&X-Amz-Credential=AKIA45B7YWBX5HAZMGOU%2F20260223%2Feu-west-1%2Fs3%2Faws4_request&X-Amz-Date=20260223T001202Z&X-Amz-Expires=604800&X-Amz-Signature=5f322a4f2d656b6c00d5659bf97b56662417b7e832689848995570502c60a497&X-Amz-SignedHeaders=host&response-content-disposition=attachment%3B%20filename%3D1b6d3c47-d578-4dd9-859e-6e6cb49a41a7.flac&x-id=GetObject,0.238724232,24544
K2am-2021-05-28_08-00.WAV,2021 Kern 2,2021,5,28,8,0,sp32,Simple Call,34.26133347,35.09866714,2906,6188,24000,present,https://rfcx-streams-production.s3.eu-west-1.amazonaws.com/2021/05/28/pem8hxalyx7i/539a2f63-ff12-4784-915f-f0cf66ede4c2.flac?X-Amz-Algorithm=AWS4-HMAC-SHA256&X-Amz-Content-Sha256=UNSIGNED-PAYLOAD&X-Amz-Credential=AKIA45B7YWBX5HAZMGOU%2F20260223%2Feu-west-1%2Fs3%2Faws4_request&X-Amz-Date=20260223T001202Z&X-Amz-Expires=604800&X-Amz-Signature=ddcbca8b28d2bb8923b600ea2a4bbed9c59a06565c678e4f1f6f996074443104&X-Amz-SignedHeaders=host&response-content-disposition=attachment%3B%20filename%3D539a2f63-ff12-4784-915f-f0cf66ede4c2.flac&x-id=GetObject,0.241868719,24544
K2am-2021-05-28_08-20.WAV,2021 Kern 2,2021,5,28,8,20,sp32,Simple Call,21.8453331,22.68266678,2906,6188,24000,present,https://rfcx-streams-production.s3.eu-west-1.amazonaws.com/2021/05/28/pem8hxalyx7i/4069759f-7d9a-4da5-be20-919f69d56294.flac?X-Amz-Algorithm=AWS4-HMAC-SHA256&X-Amz-Content-Sha256=UNSIGNED-PAYLOAD&X-Amz-Credential=AKIA45B7YWBX5HAZMGOU%2F20260223%2Feu-west-1%2Fs3%2Faws4_request&X-Amz-Date=20260223T001202Z&X-Amz-Expires=604800&X-Amz-Signature=6a30a60aa0971aa927a34deb9691e164fb8a4b23ab97390808316000859c86cd&X-Amz-SignedHeaders=host&response-content-disposition=attachment%3B%20filename%3D4069759f-7d9a-4da5-be20-919f69d56294.flac&x-id=GetObject,0.261558026,24544
K2am-2021-05-28_08-40.WAV,2021 Kern 2,2021,5,28,8,40,sp32,Simple Call,45.36000061,46.19733429,2906,6188,24000,present,https://rfcx-streams-production.s3.eu-west-1.amazonaws.com/2021/05/28/pem8hxalyx7i/08d49c09-2876-4a6f-821f-191b7647f611.flac?X-Amz-Algorithm=AWS4-HMAC-SHA256&X-Amz-Content-Sha256=UNSIGNED-PAYLOAD&X-Amz-Credential=AKIA45B7YWBX5HAZMGOU%2F20260223%2Feu-west-1%2Fs3%2Faws4_request&X-Amz-Date=20260223T001206Z&X-Amz-Expires=604800&X-Amz-Signature=089fa6262cd3aa44c4ba5b2c0ddca5fc8bbc301e2334acfdc782fb20e862a9b9&X-Amz-SignedHeaders=host&response-content-disposition=attachment%3B%20filename%3D08d49c09-2876-4a6f-821f-191b7647f611.flac&x-id=GetObject,0.217629343,24544
K2am-2021-05-28_09-00.WAV,2021 Kern 2,2021,5,28,9,0,sp32,Simple Call,41.41333389,42.25066757,2906,6188,24000,present,https://rfcx-streams-production.s3.eu-west-1.amazonaws.com/2021/05/28/pem8hxalyx7i/202b2f40-8106-47fd-aa5d-611a0b11483d.flac?X-Amz-Algorithm=AWS4-HMAC-SHA256&X-Amz-Content-Sha256=UNSIGNED-PAYLOAD&X-Amz-Credential=AKIA45B7YWBX5HAZMGOU%2F20260223%2Feu-west-1%2Fs3%2Faws4_request&X-Amz-Date=20260223T001202Z&X-Amz-Expires=604800&X-Amz-Signature=684b45de6ad51a2f43c327dd9cccfb373b6c214f9bf10b13453ff5b6926d6845&X-Amz-SignedHeaders=host&response-content-disposition=attachment%3B%20filename%3D202b2f40-8106-47fd-aa5d-611a0b11483d.flac&x-id=GetObject,0.204087898,24544
K2am-2021-05-28_10-00.WAV,2021 Kern 2,2021,5,28,10,0,sp32,Simple Call,40.13333511,40.97066498,2906,6188,24000,present,https://rfcx-streams-production.s3.eu-west-1.amazonaws.com/2021/05/28/pem8hxalyx7i/31297377-fec0-4549-a27d-ec93854eab6e.flac?X-Amz-Algorithm=AWS4-HMAC-SHA256&X-Amz-Content-Sha256=UNSIGNED-PAYLOAD&X-Amz-Credential=AKIA45B7YWBX5HAZMGOU%2F20260223%2Feu-west-1%2Fs3%2Faws4_request&X-Amz-Date=20260223T001156Z&X-Amz-Expires=604800&X-Amz-Signature=ad9ef1eaffdf613ddf4ba7289120fa5bff0d0b1f58d2d1d0300b72ec0ee2cf44&X-Amz-SignedHeaders=host&response-content-disposition=attachment%3B%20filename%3D31297377-fec0-4549-a27d-ec93854eab6e.flac&x-id=GetObject,0.254665673,24544
K2am-2021-05-28_19-00.WAV,2021 Kern 2,2021,5,28,19,0,sp32,Simple Call,42.62400055,43.46133423,2906,6188,24000,present,https://rfcx-streams-production.s3.eu-west-1.amazonaws.com/2021/05/29/pem8hxalyx7i/61991e83-fe51-4786-99b2-33aa1b7453b4.flac?X-Amz-Algorithm=AWS4-HMAC-SHA256&X-Amz-Content-Sha256=UNSIGNED-PAYLOAD&X-Amz-Credential=AKIA45B7YWBX5HAZMGOU%2F20260223%2Feu-west-1%2Fs3%2Faws4_request&X-Amz-Date=20260223T001156Z&X-Amz-Expires=604800&X-Amz-Signature=737921be83349d849af1ff8fed884a501295fc1a8b583f97b5f648854c82e160&X-Amz-SignedHeaders=host&response-content-disposition=attachment%3B%20filename%3D61991e83-fe51-4786-99b2-33aa1b7453b4.flac&x-id=GetObject,0.248027682,24544
K2am-2021-05-28_19-20.WAV,2021 Kern 2,2021,5,28,19,20,sp32,Simple Call,41.96266556,42.79999924,2906,6188,24000,present,https://rfcx-streams-production.s3.eu-west-1.amazonaws.com/2021/05/29/pem8hxalyx7i/876c4edf-fd05-49a5-8584-7efccf4997e3.flac?X-Amz-Algorithm=AWS4-HMAC-SHA256&X-Amz-Content-Sha256=UNSIGNED-PAYLOAD&X-Amz-Credential=AKIA45B7YWBX5HAZMGOU%2F20260223%2Feu-west-1%2Fs3%2Faws4_request&X-Amz-Date=20260223T001202Z&X-Amz-Expires=604800&X-Amz-Signature=7eacdc2e67c84c00cd27abb485ad869c8e0e438fa2bb8c7ee6cbd9226891daa5&X-Amz-SignedHeaders=host&response-content-disposition=attachment%3B%20filename%3D876c4edf-fd05-49a5-8584-7efccf4997e3.flac&x-id=GetObject,0.202020168,24544
K2am-2021-05-28_21-00.WAV,2021 Kern 2,2021,5,28,21,0,sp32,Simple Call,18.25600052,19.0933342,2906,6188,24000,present,https://rfcx-streams-production.s3.eu-west-1.amazonaws.com/2021/05/29/pem8hxalyx7i/683197d9-8995-49bd-8456-dfffe4985ac3.flac?X-Amz-Algorithm=AWS4-HMAC-SHA256&X-Amz-Content-Sha256=UNSIGNED-PAYLOAD&X-Amz-Credential=AKIA45B7YWBX5HAZMGOU%2F20260223%2Feu-west-1%2Fs3%2Faws4_request&X-Amz-Date=20260223T001156Z&X-Amz-Expires=604800&X-Amz-Signature=7d44bf0890860b5a9db69f14718cfe73b5fe40c9d237f227b50a59288c94facd&X-Amz-SignedHeaders=host&response-content-disposition=attachment%3B%20filename%3D683197d9-8995-49bd-8456-dfffe4985ac3.flac&x-id=GetObject,0.208468512,24544
K2am-2021-05-28_21-20.WAV,2021 Kern 2,2021,5,28,21,20,sp32,Simple Call,55.48799896,56.32533264,2906,6188,24000,present,https://rfcx-streams-production.s3.eu-west-1.amazonaws.com/2021/05/29/pem8hxalyx7i/e1996a58-54ec-4869-8899-4903be99b17b.flac?X-Amz-Algorithm=AWS4-HMAC-SHA256&X-Amz-Content-Sha256=UNSIGNED-PAYLOAD&X-Amz-Credential=AKIA45B7YWBX5HAZMGOU%2F20260223%2Feu-west-1%2Fs3%2Faws4_request&X-Amz-Date=20260223T001156Z&X-Amz-Expires=604800&X-Amz-Signature=a70e87e2caf4612db1bc6d0a3fef777fe0ffc3a4a92be2b0365627e8c488c02e&X-Amz-SignedHeaders=host&response-content-disposition=attachment%3B%20filename%3De1996a58-54ec-4869-8899-4903be99b17b.flac&x-id=GetObject,0.215848923,24544
K2am-2021-05-28_21-40.WAV,2021 Kern 2,2021,5,28,21,40,sp32,Simple Call,31.05599976,31.89333344,2906,6188,24000,present,https://rfcx-streams-production.s3.eu-west-1.amazonaws.com/2021/05/29/pem8hxalyx7i/d4a52515-4a7a-4405-9806-c41eb22aa53c.flac?X-Amz-Algorithm=AWS4-HMAC-SHA256&X-Amz-Content-Sha256=UNSIGNED-PAYLOAD&X-Amz-Credential=AKIA45B7YWBX5HAZMGOU%2F20260223%2Feu-west-1%2Fs3%2Faws4_request&X-Amz-Date=20260223T001156Z&X-Amz-Expires=604800&X-Amz-Signature=14a9dd4fbd5a4cd8ee4f0df2e20dd3b421770942a9806696e0b63872b586538a&X-Amz-SignedHeaders=host&response-content-disposition=attachment%3B%20filename%3Dd4a52515-4a7a-4405-9806-c41eb22aa53c.flac&x-id=GetObject,0.230776042,24544
K2am-2021-05-29_05-20.WAV,2021 Kern 2,2021,5,29,5,20,sp32,Simple Call,12.97599983,13.81333351,2906,6188,24000,present,https://rfcx-streams-production.s3.eu-west-1.amazonaws.com/2021/05/29/pem8hxalyx7i/befa6917-efdc-48f7-a362-48a38f4e8aac.flac?X-Amz-Algorithm=AWS4-HMAC-SHA256&X-Amz-Content-Sha256=UNSIGNED-PAYLOAD&X-Amz-Credential=AKIA45B7YWBX5HAZMGOU%2F20260223%2Feu-west-1%2Fs3%2Faws4_request&X-Amz-Date=20260223T001156Z&X-Amz-Expires=604800&X-Amz-Signature=090f14ff6b47061798fdfd2b8e1ed1e17d1ca8f8b62eb707a849ed0b8de5625d&X-Amz-SignedHeaders=host&response-content-disposition=attachment%3B%20filename%3Dbefa6917-efdc-48f7-a362-48a38f4e8aac.flac&x-id=GetObject,0.206189051,24544
K2am-2021-05-29_08-40.WAV,2021 Kern 2,2021,5,29,8,40,sp32,Simple Call,34.58133316,35.41866684,2906,6188,24000,present,https://rfcx-streams-production.s3.eu-west-1.amazonaws.com/2021/05/29/pem8hxalyx7i/b5f7a1c1-e091-4053-933a-98a651a9b35f.flac?X-Amz-Algorithm=AWS4-HMAC-SHA256&X-Amz-Content-Sha256=UNSIGNED-PAYLOAD&X-Amz-Credential=AKIA45B7YWBX5HAZMGOU%2F20260223%2Feu-west-1%2Fs3%2Faws4_request&X-Amz-Date=20260223T001202Z&X-Amz-Expires=604800&X-Amz-Signature=819045d8f49e25048b61232ac94e339cfd610c9da2d51c0fbb82e4840b0835f3&X-Amz-SignedHeaders=host&response-content-disposition=attachment%3B%20filename%3Db5f7a1c1-e091-4053-933a-98a651a9b35f.flac&x-id=GetObject,0.27509138,24544
K2am-2021-05-29_09-20.WAV,2021 Kern 2,2021,5,29,9,20,sp32,Simple Call,54.08533478,54.92266846,2906,6188,24000,present,https://rfcx-streams-production.s3.eu-west-1.amazonaws.com/2021/05/29/pem8hxalyx7i/ae4a7cbf-423e-47e8-9a12-3464f7d66baf.flac?X-Amz-Algorithm=AWS4-HMAC-SHA256&X-Amz-Content-Sha256=UNSIGNED-PAYLOAD&X-Amz-Credential=AKIA45B7YWBX5HAZMGOU%2F20260223%2Feu-west-1%2Fs3%2Faws4_request&X-Amz-Date=20260223T001202Z&X-Amz-Expires=604800&X-Amz-Signature=925628b69743482fcf2d2cacc3bebe146532ac2fa750a968dc9092b3ff4872eb&X-Amz-SignedHeaders=host&response-content-disposition=attachment%3B%20filename%3Dae4a7cbf-423e-47e8-9a12-3464f7d66baf.flac&x-id=GetObject,0.223330081,24544
K2am-2021-05-29_09-40.WAV,2021 Kern 2,2021,5,29,9,40,sp32,Simple Call,17.47733307,18.31466675,2906,6188,24000,present,https://rfcx-streams-production.s3.eu-west-1.amazonaws.com/2021/05/29/pem8hxalyx7i/7d646935-f82a-44a9-a940-c6eac8af587f.flac?X-Amz-Algorithm=AWS4-HMAC-SHA256&X-Amz-Content-Sha256=UNSIGNED-PAYLOAD&X-Amz-Credential=AKIA45B7YWBX5HAZMGOU%2F20260223%2Feu-west-1%2Fs3%2Faws4_request&X-Amz-Date=20260223T001202Z&X-Amz-Expires=604800&X-Amz-Signature=2809213d98dc5948694aa646a5f8b2ac582dba516e8936bcd5b630505ec81976&X-Amz-SignedHeaders=host&response-content-disposition=attachment%3B%20filename%3D7d646935-f82a-44a9-a940-c6eac8af587f.flac&x-id=GetObject,0.258951873,24544
K2am-2021-05-29_10-00.WAV,2021 Kern 2,2021,5,29,10,0,sp32,Simple Call,46.70933151,47.54666519,2906,6188,24000,present,https://rfcx-streams-production.s3.eu-west-1.amazonaws.com/2021/05/29/pem8hxalyx7i/447fc85d-7d24-4b27-9e72-c70e565abe3b.flac?X-Amz-Algorithm=AWS4-HMAC-SHA256&X-Amz-Content-Sha256=UNSIGNED-PAYLOAD&X-Amz-Credential=AKIA45B7YWBX5HAZMGOU%2F20260223%2Feu-west-1%2Fs3%2Faws4_request&X-Amz-Date=20260223T001202Z&X-Amz-Expires=604800&X-Amz-Signature=512e37462440b88d47ea612f10e2402b070dffba37a3f94e06691584c742eec5&X-Amz-SignedHeaders=host&response-content-disposition=attachment%3B%20filename%3D447fc85d-7d24-4b27-9e72-c70e565abe3b.flac&x-id=GetObject,0.313368291,24544
K2am-2021-05-29_10-40.WAV,2021 Kern 2,2021,5,29,10,40,sp32,Simple Call,2.24000001,3.07733345,2906,6188,24000,present,https://rfcx-streams-production.s3.eu-west-1.amazonaws.com/2021/05/29/pem8hxalyx7i/2d4ce527-c269-4a47-bcd9-5e50e59b3d0f.flac?X-Amz-Algorithm=AWS4-HMAC-SHA256&X-Amz-Content-Sha256=UNSIGNED-PAYLOAD&X-Amz-Credential=AKIA45B7YWBX5HAZMGOU%2F20260223%2Feu-west-1%2Fs3%2Faws4_request&X-Amz-Date=20260223T001202Z&X-Amz-Expires=604800&X-Amz-Signature=e4b134cca81c7217d7e705406101c85f11f0aaa3f278ac58c2aa5881e5617224&X-Amz-SignedHeaders=host&response-content-disposition=attachment%3B%20filename%3D2d4ce527-c269-4a47-bcd9-5e50e59b3d0f.flac&x-id=GetObject,0.244746268,24544
K2am-2021-05-29_19-00.WAV,2021 Kern 2,2021,5,29,19,0,sp32,Simple Call,30.31999969,31.15733337,2906,6188,24000,present,https://rfcx-streams-production.s3.eu-west-1.amazonaws.com/2021/05/30/pem8hxalyx7i/d493168c-a6b2-43e9-ba37-8d9cf93b0e98.flac?X-Amz-Algorithm=AWS4-HMAC-SHA256&X-Amz-Content-Sha256=UNSIGNED-PAYLOAD&X-Amz-Credential=AKIA45B7YWBX5HAZMGOU%2F20260223%2Feu-west-1%2Fs3%2Faws4_request&X-Amz-Date=20260223T001202Z&X-Amz-Expires=604800&X-Amz-Signature=58058a0dbf6b6f9c03d3b8f908e77cd171662aca36cf8084e0a57f18f67a5ede&X-Amz-SignedHeaders=host&response-content-disposition=attachment%3B%20filename%3Dd493168c-a6b2-43e9-ba37-8d9cf93b0e98.flac&x-id=GetObject,0.227446616,24544
K2am-2021-05-29_21-40.WAV,2021 Kern 2,2021,5,29,21,40,sp32,Simple Call,37.8453331,38.68266678,2906,6188,24000,present,https://rfcx-streams-production.s3.eu-west-1.amazonaws.com/2021/05/30/pem8hxalyx7i/39d8e8eb-88f0-4f12-922e-aa94025f9043.flac?X-Amz-Algorithm=AWS4-HMAC-SHA256&X-Amz-Content-Sha256=UNSIGNED-PAYLOAD&X-Amz-Credential=AKIA45B7YWBX5HAZMGOU%2F20260223%2Feu-west-1%2Fs3%2Faws4_request&X-Amz-Date=20260223T001202Z&X-Amz-Expires=604800&X-Amz-Signature=5f178fb2b3b5684e10b6580cda06470e60b82bd0ff72b23b311e29e563b3ab7a&X-Amz-SignedHeaders=host&response-content-disposition=attachment%3B%20filename%3D39d8e8eb-88f0-4f12-922e-aa94025f9043.flac&x-id=GetObject,0.205495417,24544
K2am-2021-05-30_09-00.WAV,2021 Kern 2,2021,5,30,9,0,sp32,Simple Call,19.93066597,20.76799965,2906,6188,24000,present,https://rfcx-streams-production.s3.eu-west-1.amazonaws.com/2021/05/30/pem8hxalyx7i/343c6021-e147-46ef-8d1d-6af9bbd2a5b0.flac?X-Amz-Algorithm=AWS4-HMAC-SHA256&X-Amz-Content-Sha256=UNSIGNED-PAYLOAD&X-Amz-Credential=AKIA45B7YWBX5HAZMGOU%2F20260223%2Feu-west-1%2Fs3%2Faws4_request&X-Amz-Date=20260223T001202Z&X-Amz-Expires=604800&X-Amz-Signature=8db1125ff15c809828048a3b5c533fb94c61ac686f2482a1826d2f25e7ce48c9&X-Amz-SignedHeaders=host&response-content-disposition=attachment%3B%20filename%3D343c6021-e147-46ef-8d1d-6af9bbd2a5b0.flac&x-id=GetObject,0.214246705,24544
K2am-2021-05-30_09-20.WAV,2021 Kern 2,2021,5,30,9,20,sp32,Simple Call,57.97866821,58.81600189,2906,6188,24000,present,https://rfcx-streams-production.s3.eu-west-1.amazonaws.com/2021/05/30/pem8hxalyx7i/d6b6d825-2610-47be-87b4-6ffe93328f14.flac?X-Amz-Algorithm=AWS4-HMAC-SHA256&X-Amz-Content-Sha256=UNSIGNED-PAYLOAD&X-Amz-Credential=AKIA45B7YWBX5HAZMGOU%2F20260223%2Feu-west-1%2Fs3%2Faws4_request&X-Amz-Date=20260223T001156Z&X-Amz-Expires=604800&X-Amz-Signature=c331dfceef858f75712e54f5edf5eb8d1559bc9dd3a1f75aba555304344dd347&X-Amz-SignedHeaders=host&response-content-disposition=attachment%3B%20filename%3Dd6b6d825-2610-47be-87b4-6ffe93328f14.flac&x-id=GetObject,0.30358997,24544
K2am-2021-05-30_09-40.WAV,2021 Kern 2,2021,5,30,9,40,sp32,Simple Call,0.495999992,1.333333373,2906,6188,24000,present,https://rfcx-streams-production.s3.eu-west-1.amazonaws.com/2021/05/30/pem8hxalyx7i/6481952a-502a-4318-bdd6-fd88638864f2.flac?X-Amz-Algorithm=AWS4-HMAC-SHA256&X-Amz-Content-Sha256=UNSIGNED-PAYLOAD&X-Amz-Credential=AKIA45B7YWBX5HAZMGOU%2F20260223%2Feu-west-1%2Fs3%2Faws4_request&X-Amz-Date=20260223T001202Z&X-Amz-Expires=604800&X-Amz-Signature=f342e9fd6e305e158a8e2cc5c9071c945b4eba02283052a8393f3b5829af1a7c&X-Amz-SignedHeaders=host&response-content-disposition=attachment%3B%20filename%3D6481952a-502a-4318-bdd6-fd88638864f2.flac&x-id=GetObject,0.229530007,24544
K2am-2021-05-30_10-00.WAV,2021 Kern 2,2021,5,30,10,0,sp32,Simple Call,46.76266479,47.59999847,2906,6188,24000,present,https://rfcx-streams-production.s3.eu-west-1.amazonaws.com/2021/05/30/pem8hxalyx7i/8b425d95-a59f-4096-9dac-6ac0b6182558.flac?X-Amz-Algorithm=AWS4-HMAC-SHA256&X-Amz-Content-Sha256=UNSIGNED-PAYLOAD&X-Amz-Credential=AKIA45B7YWBX5HAZMGOU%2F20260223%2Feu-west-1%2Fs3%2Faws4_request&X-Amz-Date=20260223T001202Z&X-Amz-Expires=604800&X-Amz-Signature=9a727b07d5a7fcbcf3c6c140a66d2a51e48b8f90f9b193ec02a797b34b83778f&X-Amz-SignedHeaders=host&response-content-disposition=attachment%3B%20filename%3D8b425d95-a59f-4096-9dac-6ac0b6182558.flac&x-id=GetObject,0.277999312,24544
K2am-2021-05-30_10-20.WAV,2021 Kern 2,2021,5,30,10,20,sp32,Simple Call,12.40533352,13.24266624,2906,6188,24000,present,https://rfcx-streams-production.s3.eu-west-1.amazonaws.com/2021/05/30/pem8hxalyx7i/d863ed56-b2a0-4fc4-87ec-f38a5707d9bf.flac?X-Amz-Algorithm=AWS4-HMAC-SHA256&X-Amz-Content-Sha256=UNSIGNED-PAYLOAD&X-Amz-Credential=AKIA45B7YWBX5HAZMGOU%2F20260223%2Feu-west-1%2Fs3%2Faws4_request&X-Amz-Date=20260223T001156Z&X-Amz-Expires=604800&X-Amz-Signature=8f5e345bb835d1cd42626a98843793236fceff600b1501c91199000ad5904b7e&X-Amz-SignedHeaders=host&response-content-disposition=attachment%3B%20filename%3Dd863ed56-b2a0-4fc4-87ec-f38a5707d9bf.flac&x-id=GetObject,0.24549593,24544
K2am-2021-05-30_10-40.WAV,2021 Kern 2,2021,5,30,10,40,sp32,Simple Call,40.17066574,41.00799942,2906,6188,24000,present,https://rfcx-streams-production.s3.eu-west-1.amazonaws.com/2021/05/30/pem8hxalyx7i/7cd0bab9-1411-4da8-878a-0c86d1215aae.flac?X-Amz-Algorithm=AWS4-HMAC-SHA256&X-Amz-Content-Sha256=UNSIGNED-PAYLOAD&X-Amz-Credential=AKIA45B7YWBX5HAZMGOU%2F20260223%2Feu-west-1%2Fs3%2Faws4_request&X-Amz-Date=20260223T001156Z&X-Amz-Expires=604800&X-Amz-Signature=3e1080a347b22884a2fcd865b342c3a66690ea468fc0f526b13a620221afd940&X-Amz-SignedHeaders=host&response-content-disposition=attachment%3B%20filename%3D7cd0bab9-1411-4da8-878a-0c86d1215aae.flac&x-id=GetObject,0.302346915,24544
K2am-2021-05-30_11-00.WAV,2021 Kern 2,2021,5,30,11,0,sp32,Simple Call,19.64266586,20.47999954,2906,6188,24000,present,https://rfcx-streams-production.s3.eu-west-1.amazonaws.com/2021/05/30/pem8hxalyx7i/00fabc60-5abc-420b-b40a-56941e8243b3.flac?X-Amz-Algorithm=AWS4-HMAC-SHA256&X-Amz-Content-Sha256=UNSIGNED-PAYLOAD&X-Amz-Credential=AKIA45B7YWBX5HAZMGOU%2F20260223%2Feu-west-1%2Fs3%2Faws4_request&X-Amz-Date=20260223T001202Z&X-Amz-Expires=604800&X-Amz-Signature=8ed48fcaec08ff3e4d0c5609980338a200a6affa93935c0b44d1a2e639396e51&X-Amz-SignedHeaders=host&response-content-disposition=attachment%3B%20filename%3D00fabc60-5abc-420b-b40a-56941e8243b3.flac&x-id=GetObject,0.238952845,24544
K2am-2021-05-30_12-20.WAV,2021 Kern 2,2021,5,30,12,20,sp32,Simple Call,20.48533249,21.32266617,2906,6188,24000,present,https://rfcx-streams-production.s3.eu-west-1.amazonaws.com/2021/05/30/pem8hxalyx7i/dc3d23c2-ef62-4222-be33-e4b9dc364bf5.flac?X-Amz-Algorithm=AWS4-HMAC-SHA256&X-Amz-Content-Sha256=UNSIGNED-PAYLOAD&X-Amz-Credential=AKIA45B7YWBX5HAZMGOU%2F20260223%2Feu-west-1%2Fs3%2Faws4_request&X-Amz-Date=20260223T001202Z&X-Amz-Expires=604800&X-Amz-Signature=6198cd2a08da26138af200f6e7959968b58d5cda8586d1b477f28d6b60ee9426&X-Amz-SignedHeaders=host&response-content-disposition=attachment%3B%20filename%3Ddc3d23c2-ef62-4222-be33-e4b9dc364bf5.flac&x-id=GetObject,0.210729033,24544
K2am-2021-05-31_08-00.WAV,2021 Kern 2,2021,5,31,8,0,sp32,Simple Call,47.0826683,47.91999817,2906,6188,24000,present,https://rfcx-streams-production.s3.eu-west-1.amazonaws.com/2021/05/31/pem8hxalyx7i/172396f5-2294-4b8c-8507-932ee3120e66.flac?X-Amz-Algorithm=AWS4-HMAC-SHA256&X-Amz-Content-Sha256=UNSIGNED-PAYLOAD&X-Amz-Credential=AKIA45B7YWBX5HAZMGOU%2F20260223%2Feu-west-1%2Fs3%2Faws4_request&X-Amz-Date=20260223T001156Z&X-Amz-Expires=604800&X-Amz-Signature=7743e28dd11fe3ef9209a1eb9761cca341744f4611699066ead2cc1e30a57511&X-Amz-SignedHeaders=host&response-content-disposition=attachment%3B%20filename%3D172396f5-2294-4b8c-8507-932ee3120e66.flac&x-id=GetObject,0.294717222,24544
K2am-2021-05-31_08-20.WAV,2021 Kern 2,2021,5,31,8,20,sp32,Simple Call,18.04800034,18.88533401,2906,6188,24000,present,https://rfcx-streams-production.s3.eu-west-1.amazonaws.com/2021/05/31/pem8hxalyx7i/c1652bc7-f262-44a4-a8e4-10a130a9b36f.flac?X-Amz-Algorithm=AWS4-HMAC-SHA256&X-Amz-Content-Sha256=UNSIGNED-PAYLOAD&X-Amz-Credential=AKIA45B7YWBX5HAZMGOU%2F20260223%2Feu-west-1%2Fs3%2Faws4_request&X-Amz-Date=20260223T001156Z&X-Amz-Expires=604800&X-Amz-Signature=9218fd64c6bd57a37784cfd5b5392cac4243cbf880fa19d6085b6496a878bfb0&X-Amz-SignedHeaders=host&response-content-disposition=attachment%3B%20filename%3Dc1652bc7-f262-44a4-a8e4-10a130a9b36f.flac&x-id=GetObject,0.246005833,24544
K2am-2021-05-31_08-40.WAV,2021 Kern 2,2021,5,31,8,40,sp32,Simple Call,16.12266731,16.95999908,2906,6188,24000,present,https://rfcx-streams-production.s3.eu-west-1.amazonaws.com/2021/05/31/pem8hxalyx7i/a88323d7-1fae-40cc-a925-851eca961b1e.flac?X-Amz-Algorithm=AWS4-HMAC-SHA256&X-Amz-Content-Sha256=UNSIGNED-PAYLOAD&X-Amz-Credential=AKIA45B7YWBX5HAZMGOU%2F20260223%2Feu-west-1%2Fs3%2Faws4_request&X-Amz-Date=20260223T001156Z&X-Amz-Expires=604800&X-Amz-Signature=430fb10c36ed406c13189b4e36aa323aa8f5d19b72823da32b668b5d0cca6f42&X-Amz-SignedHeaders=host&response-content-disposition=attachment%3B%20filename%3Da88323d7-1fae-40cc-a925-851eca961b1e.flac&x-id=GetObject,0.204744831,24544
K2am-2021-05-31_09-00.WAV,2021 Kern 2,2021,5,31,9,0,sp32,Simple Call,3.696000099,4.533333302,2906,6188,24000,present,https://rfcx-streams-production.s3.eu-west-1.amazonaws.com/2021/05/31/pem8hxalyx7i/38ae602b-007a-46e4-97ab-819fab2a0dd0.flac?X-Amz-Algorithm=AWS4-HMAC-SHA256&X-Amz-Content-Sha256=UNSIGNED-PAYLOAD&X-Amz-Credential=AKIA45B7YWBX5HAZMGOU%2F20260223%2Feu-west-1%2Fs3%2Faws4_request&X-Amz-Date=20260223T001156Z&X-Amz-Expires=604800&X-Amz-Signature=469e7b0425d799301154e79b143d8dc6e48721717edcdbbcf54771291c69b5e1&X-Amz-SignedHeaders=host&response-content-disposition=attachment%3B%20filename%3D38ae602b-007a-46e4-97ab-819fab2a0dd0.flac&x-id=GetObject,0.218318999,24544
K2am-2021-05-31_09-20.WAV,2021 Kern 2,2021,5,31,9,20,sp32,Simple Call,26.34133339,27.17866707,2906,6188,24000,present,https://rfcx-streams-production.s3.eu-west-1.amazonaws.com/2021/05/31/pem8hxalyx7i/f05839a2-6f42-43b1-964a-960272aae8c1.flac?X-Amz-Algorithm=AWS4-HMAC-SHA256&X-Amz-Content-Sha256=UNSIGNED-PAYLOAD&X-Amz-Credential=AKIA45B7YWBX5HAZMGOU%2F20260223%2Feu-west-1%2Fs3%2Faws4_request&X-Amz-Date=20260223T001156Z&X-Amz-Expires=604800&X-Amz-Signature=2b22d68539140edaa238212934ef44da76a32571a5fd8626f0e7f203158bfc68&X-Amz-SignedHeaders=host&response-content-disposition=attachment%3B%20filename%3Df05839a2-6f42-43b1-964a-960272aae8c1.flac&x-id=GetObject,0.249159873,24544
K2am-2021-05-31_09-40.WAV,2021 Kern 2,2021,5,31,9,40,sp32,Simple Call,55.63199997,56.46933365,2906,6188,24000,present,https://rfcx-streams-production.s3.eu-west-1.amazonaws.com/2021/05/31/pem8hxalyx7i/63976451-163e-4d54-8f18-2f1f7b24f2c2.flac?X-Amz-Algorithm=AWS4-HMAC-SHA256&X-Amz-Content-Sha256=UNSIGNED-PAYLOAD&X-Amz-Credential=AKIA45B7YWBX5HAZMGOU%2F20260223%2Feu-west-1%2Fs3%2Faws4_request&X-Amz-Date=20260223T001156Z&X-Amz-Expires=604800&X-Amz-Signature=bf87ad38331aae1c1953f56198be9f1393a7df1882d7ce1124d0fa577ec4cb0d&X-Amz-SignedHeaders=host&response-content-disposition=attachment%3B%20filename%3D63976451-163e-4d54-8f18-2f1f7b24f2c2.flac&x-id=GetObject,0.273386419,24544
K2am-2021-05-31_10-00.WAV,2021 Kern 2,2021,5,31,10,0,sp32,Simple Call,48.53333282,49.3706665,2906,6188,24000,present,https://rfcx-streams-production.s3.eu-west-1.amazonaws.com/2021/05/31/pem8hxalyx7i/c3924765-9131-4ccc-80e5-5fe9d41a8111.flac?X-Amz-Algorithm=AWS4-HMAC-SHA256&X-Amz-Content-Sha256=UNSIGNED-PAYLOAD&X-Amz-Credential=AKIA45B7YWBX5HAZMGOU%2F20260223%2Feu-west-1%2Fs3%2Faws4_request&X-Amz-Date=20260223T001156Z&X-Amz-Expires=604800&X-Amz-Signature=b15f347e25abc49a49b71b55ad36995788c2c71d40ac34dafb4413407139da7f&X-Amz-SignedHeaders=host&response-content-disposition=attachment%3B%20filename%3Dc3924765-9131-4ccc-80e5-5fe9d41a8111.flac&x-id=GetObject,0.260622948,24544
K2am-2021-05-31_10-20.WAV,2021 Kern 2,2021,5,31,10,20,sp32,Simple Call,5.743999958,6.58133316,2906,6188,24000,present,https://rfcx-streams-production.s3.eu-west-1.amazonaws.com/2021/05/31/pem8hxalyx7i/ccd7c32e-183f-4405-895f-c11e7fbc702e.flac?X-Amz-Algorithm=AWS4-HMAC-SHA256&X-Amz-Content-Sha256=UNSIGNED-PAYLOAD&X-Amz-Credential=AKIA45B7YWBX5HAZMGOU%2F20260223%2Feu-west-1%2Fs3%2Faws4_request&X-Amz-Date=20260223T001156Z&X-Amz-Expires=604800&X-Amz-Signature=712025f7d994cb9dce8e3660de67b642dfde015ec61c80e97601b86522bbad6a&X-Amz-SignedHeaders=host&response-content-disposition=attachment%3B%20filename%3Dccd7c32e-183f-4405-895f-c11e7fbc702e.flac&x-id=GetObject,0.235438377,24544
K2am-2021-05-31_10-40.WAV,2021 Kern 2,2021,5,31,10,40,sp32,Simple Call,11.50933361,12.34666634,2906,6188,24000,present,https://rfcx-streams-production.s3.eu-west-1.amazonaws.com/2021/05/31/pem8hxalyx7i/e7aff029-110d-4a18-99e9-323d4670ae5b.flac?X-Amz-Algorithm=AWS4-HMAC-SHA256&X-Amz-Content-Sha256=UNSIGNED-PAYLOAD&X-Amz-Credential=AKIA45B7YWBX5HAZMGOU%2F20260223%2Feu-west-1%2Fs3%2Faws4_request&X-Amz-Date=20260223T001156Z&X-Amz-Expires=604800&X-Amz-Signature=7589fbb924ef29389df8d32340100b2a5b3d583640e5d94cc6ca6d71b19f192d&X-Amz-SignedHeaders=host&response-content-disposition=attachment%3B%20filename%3De7aff029-110d-4a18-99e9-323d4670ae5b.flac&x-id=GetObject,0.276883841,24544
K2am-2021-05-31_11-00.WAV,2021 Kern 2,2021,5,31,11,0,sp32,Simple Call,17.0826664,17.92000008,2906,6188,24000,present,https://rfcx-streams-production.s3.eu-west-1.amazonaws.com/2021/05/31/pem8hxalyx7i/e57c1d54-7774-476c-bd87-3c32bafb72e3.flac?X-Amz-Algorithm=AWS4-HMAC-SHA256&X-Amz-Content-Sha256=UNSIGNED-PAYLOAD&X-Amz-Credential=AKIA45B7YWBX5HAZMGOU%2F20260223%2Feu-west-1%2Fs3%2Faws4_request&X-Amz-Date=20260223T001156Z&X-Amz-Expires=604800&X-Amz-Signature=a4b71d33bb9685eebb372397f06175ed2bbc1e50235314a743d487a07af62e1d&X-Amz-SignedHeaders=host&response-content-disposition=attachment%3B%20filename%3De57c1d54-7774-476c-bd87-3c32bafb72e3.flac&x-id=GetObject,0.291193008,24544
K2am-2021-05-31_11-20.WAV,2021 Kern 2,2021,5,31,11,20,sp32,Simple Call,34.42133331,35.25866699,2906,6188,24000,present,https://rfcx-streams-production.s3.eu-west-1.amazonaws.com/2021/05/31/pem8hxalyx7i/520b3e28-c1c2-412b-91a6-f08265f836a2.flac?X-Amz-Algorithm=AWS4-HMAC-SHA256&X-Amz-Content-Sha256=UNSIGNED-PAYLOAD&X-Amz-Credential=AKIA45B7YWBX5HAZMGOU%2F20260223%2Feu-west-1%2Fs3%2Faws4_request&X-Amz-Date=20260223T001156Z&X-Amz-Expires=604800&X-Amz-Signature=84bb17efcbb8b6ab1b6723f87802e74ccbd9f0aa9444be3d95803f6f71b0ccf8&X-Amz-SignedHeaders=host&response-content-disposition=attachment%3B%20filename%3D520b3e28-c1c2-412b-91a6-f08265f836a2.flac&x-id=GetObject,0.207708865,24544
K2am-2021-05-31_11-40.WAV,2021 Kern 2,2021,5,31,11,40,sp32,Simple Call,14.07999992,14.9173336,2906,6188,24000,present,https://rfcx-streams-production.s3.eu-west-1.amazonaws.com/2021/05/31/pem8hxalyx7i/1a38c157-c940-409f-861c-079159330b11.flac?X-Amz-Algorithm=AWS4-HMAC-SHA256&X-Amz-Content-Sha256=UNSIGNED-PAYLOAD&X-Amz-Credential=AKIA45B7YWBX5HAZMGOU%2F20260223%2Feu-west-1%2Fs3%2Faws4_request&X-Amz-Date=20260223T001202Z&X-Amz-Expires=604800&X-Amz-Signature=245077a9a1d2ab116dc19940babed40dc8f0f839d7c2f4a8ad3c8893f72f4c56&X-Amz-SignedHeaders=host&response-content-disposition=attachment%3B%20filename%3D1a38c157-c940-409f-861c-079159330b11.flac&x-id=GetObject,0.318972856,24544
K2am-2021-05-31_12-20.WAV,2021 Kern 2,2021,5,31,12,20,sp32,Simple Call,58.76800156,59.60533524,2906,6188,24000,present,https://rfcx-streams-production.s3.eu-west-1.amazonaws.com/2021/05/31/pem8hxalyx7i/6aa165bf-61cc-4168-b880-1f3e031c1e0a.flac?X-Amz-Algorithm=AWS4-HMAC-SHA256&X-Amz-Content-Sha256=UNSIGNED-PAYLOAD&X-Amz-Credential=AKIA45B7YWBX5HAZMGOU%2F20260223%2Feu-west-1%2Fs3%2Faws4_request&X-Amz-Date=20260223T001202Z&X-Amz-Expires=604800&X-Amz-Signature=6a49ffcc8adf3d8f68d4ef9030d88555ffcad18735e4445a0e6e44d62a0526b6&X-Amz-SignedHeaders=host&response-content-disposition=attachment%3B%20filename%3D6aa165bf-61cc-4168-b880-1f3e031c1e0a.flac&x-id=GetObject,0.347585738,24544
K2am-2021-05-31_12-40.WAV,2021 Kern 2,2021,5,31,12,40,sp32,Simple Call,15.6906662,16.52799988,2906,6188,24000,present,https://rfcx-streams-production.s3.eu-west-1.amazonaws.com/2021/05/31/pem8hxalyx7i/c5a93a71-0c1e-49a0-ba1e-f17d6209b3bb.flac?X-Amz-Algorithm=AWS4-HMAC-SHA256&X-Amz-Content-Sha256=UNSIGNED-PAYLOAD&X-Amz-Credential=AKIA45B7YWBX5HAZMGOU%2F20260223%2Feu-west-1%2Fs3%2Faws4_request&X-Amz-Date=20260223T001202Z&X-Amz-Expires=604800&X-Amz-Signature=600d4d6e5e30879fd2e74e4a400c939aa7fbbec5b280c43cd2008218ac24e5ad&X-Amz-SignedHeaders=host&response-content-disposition=attachment%3B%20filename%3Dc5a93a71-0c1e-49a0-ba1e-f17d6209b3bb.flac&x-id=GetObject,0.310273498,24544
K2am-2021-05-31_17-40.WAV,2021 Kern 2,2021,5,31,17,40,sp32,Simple Call,18.31999969,19.15733337,2906,6188,24000,present,https://rfcx-streams-production.s3.eu-west-1.amazonaws.com/2021/06/01/pem8hxalyx7i/ba832219-9a8a-47dd-b3c4-a8fdeb91039b.flac?X-Amz-Algorithm=AWS4-HMAC-SHA256&X-Amz-Content-Sha256=UNSIGNED-PAYLOAD&X-Amz-Credential=AKIA45B7YWBX5HAZMGOU%2F20260223%2Feu-west-1%2Fs3%2Faws4_request&X-Amz-Date=20260223T001202Z&X-Amz-Expires=604800&X-Amz-Signature=dd6e1b25346229c5000c43609b4b043a1115d07e41e0c70c0baa7125f5898cb0&X-Amz-SignedHeaders=host&response-content-disposition=attachment%3B%20filename%3Dba832219-9a8a-47dd-b3c4-a8fdeb91039b.flac&x-id=GetObject,0.239947364,24544
K2am-2021-05-31_18-40.WAV,2021 Kern 2,2021,5,31,18,40,sp32,Simple Call,43.18933487,44.02666855,2906,6188,24000,present,https://rfcx-streams-production.s3.eu-west-1.amazonaws.com/2021/06/01/pem8hxalyx7i/c4b599ae-e022-4b8c-a33c-1e37ffe084d0.flac?X-Amz-Algorithm=AWS4-HMAC-SHA256&X-Amz-Content-Sha256=UNSIGNED-PAYLOAD&X-Amz-Credential=AKIA45B7YWBX5HAZMGOU%2F20260223%2Feu-west-1%2Fs3%2Faws4_request&X-Amz-Date=20260223T001202Z&X-Amz-Expires=604800&X-Amz-Signature=6680dc604fdcb537b685ad0124c5223dfd08a6cd6686c1a02875af66daebf879&X-Amz-SignedHeaders=host&response-content-disposition=attachment%3B%20filename%3Dc4b599ae-e022-4b8c-a33c-1e37ffe084d0.flac&x-id=GetObject,0.338042557,24544
K2am-2021-05-31_19-00.WAV,2021 Kern 2,2021,5,31,19,0,sp32,Simple Call,42.56533432,43.402668,2906,6188,24000,present,https://rfcx-streams-production.s3.eu-west-1.amazonaws.com/2021/06/01/pem8hxalyx7i/b23fc958-0b3a-4ffc-b025-836fdbe950ad.flac?X-Amz-Algorithm=AWS4-HMAC-SHA256&X-Amz-Content-Sha256=UNSIGNED-PAYLOAD&X-Amz-Credential=AKIA45B7YWBX5HAZMGOU%2F20260223%2Feu-west-1%2Fs3%2Faws4_request&X-Amz-Date=20260223T001202Z&X-Amz-Expires=604800&X-Amz-Signature=6c4dd3966279123e03ac6d701b13dd62da3cbb8d200fcec75bcf5e9fbaab5107&X-Amz-SignedHeaders=host&response-content-disposition=attachment%3B%20filename%3Db23fc958-0b3a-4ffc-b025-836fdbe950ad.flac&x-id=GetObject,0.364486009,24544
K2am-2021-05-31_19-20.WAV,2021 Kern 2,2021,5,31,19,20,sp32,Simple Call,58.49066544,59.32799911,2906,6188,24000,present,https://rfcx-streams-production.s3.eu-west-1.amazonaws.com/2021/06/01/pem8hxalyx7i/f3fdc9ed-64d6-4ce5-8f96-7ee914400ae3.flac?X-Amz-Algorithm=AWS4-HMAC-SHA256&X-Amz-Content-Sha256=UNSIGNED-PAYLOAD&X-Amz-Credential=AKIA45B7YWBX5HAZMGOU%2F20260223%2Feu-west-1%2Fs3%2Faws4_request&X-Amz-Date=20260223T001202Z&X-Amz-Expires=604800&X-Amz-Signature=c9d87709b2357152353ab6e674b4c491fec56427c451cf4986663278a9793801&X-Amz-SignedHeaders=host&response-content-disposition=attachment%3B%20filename%3Df3fdc9ed-64d6-4ce5-8f96-7ee914400ae3.flac&x-id=GetObject,0.392799348,24544
K2am-2021-05-31_22-20.WAV,2021 Kern 2,2021,5,31,22,20,sp32,Simple Call,31.42399979,32.26133347,2906,6188,24000,present,https://rfcx-streams-production.s3.eu-west-1.amazonaws.com/2021/06/01/pem8hxalyx7i/bea95537-2b5e-4f59-a608-2e1ad1cfb31f.flac?X-Amz-Algorithm=AWS4-HMAC-SHA256&X-Amz-Content-Sha256=UNSIGNED-PAYLOAD&X-Amz-Credential=AKIA45B7YWBX5HAZMGOU%2F20260223%2Feu-west-1%2Fs3%2Faws4_request&X-Amz-Date=20260223T001156Z&X-Amz-Expires=604800&X-Amz-Signature=6a940d5d0ed859514d67e6fcc3e32639ae9f3e5d7f4d63537658c85d5f086f94&X-Amz-SignedHeaders=host&response-content-disposition=attachment%3B%20filename%3Dbea95537-2b5e-4f59-a608-2e1ad1cfb31f.flac&x-id=GetObject,0.20193918,24544
K2am-2021-06-01_08-00.WAV,2021 Kern 2,2021,6,1,8,0,sp32,Simple Call,25.83466721,26.67200089,2906,6188,24000,present,https://rfcx-streams-production.s3.eu-west-1.amazonaws.com/2021/06/01/pem8hxalyx7i/c9d9ea5b-ac04-4e61-a499-f691c2dec5ba.flac?X-Amz-Algorithm=AWS4-HMAC-SHA256&X-Amz-Content-Sha256=UNSIGNED-PAYLOAD&X-Amz-Credential=AKIA45B7YWBX5HAZMGOU%2F20260223%2Feu-west-1%2Fs3%2Faws4_request&X-Amz-Date=20260223T001202Z&X-Amz-Expires=604800&X-Amz-Signature=181c905f1174d26a9d52085eb3536fa994d823fb91f259c97f0a789cee89da34&X-Amz-SignedHeaders=host&response-content-disposition=attachment%3B%20filename%3Dc9d9ea5b-ac04-4e61-a499-f691c2dec5ba.flac&x-id=GetObject,0.288766742,24544
K2am-2021-06-01_08-40.WAV,2021 Kern 2,2021,6,1,8,40,sp32,Simple Call,10.6079998,11.44533348,2906,6188,24000,present,https://rfcx-streams-production.s3.eu-west-1.amazonaws.com/2021/06/01/pem8hxalyx7i/6d641b4d-fe3e-496b-bd44-7ae2630ff2df.flac?X-Amz-Algorithm=AWS4-HMAC-SHA256&X-Amz-Content-Sha256=UNSIGNED-PAYLOAD&X-Amz-Credential=AKIA45B7YWBX5HAZMGOU%2F20260223%2Feu-west-1%2Fs3%2Faws4_request&X-Amz-Date=20260223T001156Z&X-Amz-Expires=604800&X-Amz-Signature=7db283f69651f7b3e6bee2e1258927cc494ae12ac2f6201e989f36427656e1fb&X-Amz-SignedHeaders=host&response-content-disposition=attachment%3B%20filename%3D6d641b4d-fe3e-496b-bd44-7ae2630ff2df.flac&x-id=GetObject,0.21490024,24544
K2am-2021-06-01_09-00.WAV,2021 Kern 2,2021,6,1,9,0,sp32,Simple Call,1.642666698,2.480000019,2906,6188,24000,present,https://rfcx-streams-production.s3.eu-west-1.amazonaws.com/2021/06/01/pem8hxalyx7i/8acede31-5eea-4bd7-8f06-0ec348ee016e.flac?X-Amz-Algorithm=AWS4-HMAC-SHA256&X-Amz-Content-Sha256=UNSIGNED-PAYLOAD&X-Amz-Credential=AKIA45B7YWBX5HAZMGOU%2F20260223%2Feu-west-1%2Fs3%2Faws4_request&X-Amz-Date=20260223T001156Z&X-Amz-Expires=604800&X-Amz-Signature=4c16ffa222848a02ac12f3ec8620221787a1ebf8b43ce047d6f2e7d0c99c898f&X-Amz-SignedHeaders=host&response-content-disposition=attachment%3B%20filename%3D8acede31-5eea-4bd7-8f06-0ec348ee016e.flac&x-id=GetObject,0.308038831,24544
K2am-2021-06-01_09-20.WAV,2021 Kern 2,2021,6,1,9,20,sp32,Simple Call,6.442666531,7.28000021,2906,6188,24000,present,https://rfcx-streams-production.s3.eu-west-1.amazonaws.com/2021/06/01/pem8hxalyx7i/e01213bc-f77f-4f15-a6a1-8504e53f6843.flac?X-Amz-Algorithm=AWS4-HMAC-SHA256&X-Amz-Content-Sha256=UNSIGNED-PAYLOAD&X-Amz-Credential=AKIA45B7YWBX5HAZMGOU%2F20260223%2Feu-west-1%2Fs3%2Faws4_request&X-Amz-Date=20260223T001156Z&X-Amz-Expires=604800&X-Amz-Signature=c990c9f81ad99687ab0f7e254afd35cf5516c13e9141a2665779e3196c5f8194&X-Amz-SignedHeaders=host&response-content-disposition=attachment%3B%20filename%3De01213bc-f77f-4f15-a6a1-8504e53f6843.flac&x-id=GetObject,0.291842967,24544
K2am-2021-06-01_09-40.WAV,2021 Kern 2,2021,6,1,9,40,sp32,Simple Call,18.30400085,19.14133263,2906,6188,24000,present,https://rfcx-streams-production.s3.eu-west-1.amazonaws.com/2021/06/01/pem8hxalyx7i/47d3da90-ace5-4f8f-8b3c-6fcbfbc3697c.flac?X-Amz-Algorithm=AWS4-HMAC-SHA256&X-Amz-Content-Sha256=UNSIGNED-PAYLOAD&X-Amz-Credential=AKIA45B7YWBX5HAZMGOU%2F20260223%2Feu-west-1%2Fs3%2Faws4_request&X-Amz-Date=20260223T001202Z&X-Amz-Expires=604800&X-Amz-Signature=273cc3b634e0e4a3c6fe93bb5ae028d66581de78a8ae7a6e3de7c58dd2326cdd&X-Amz-SignedHeaders=host&response-content-disposition=attachment%3B%20filename%3D47d3da90-ace5-4f8f-8b3c-6fcbfbc3697c.flac&x-id=GetObject,0.311558515,24544
K2am-2021-06-01_10-00.WAV,2021 Kern 2,2021,6,1,10,0,sp32,Simple Call,1.717333317,2.554666758,2906,6188,24000,present,https://rfcx-streams-production.s3.eu-west-1.amazonaws.com/2021/06/01/pem8hxalyx7i/1822dd21-ef33-4b75-8eed-9c78e1b48d87.flac?X-Amz-Algorithm=AWS4-HMAC-SHA256&X-Amz-Content-Sha256=UNSIGNED-PAYLOAD&X-Amz-Credential=AKIA45B7YWBX5HAZMGOU%2F20260223%2Feu-west-1%2Fs3%2Faws4_request&X-Amz-Date=20260223T001156Z&X-Amz-Expires=604800&X-Amz-Signature=a00ee246a92b4bf1c57b816075a81fa52a76f68827b47e661706308f61ba70a6&X-Amz-SignedHeaders=host&response-content-disposition=attachment%3B%20filename%3D1822dd21-ef33-4b75-8eed-9c78e1b48d87.flac&x-id=GetObject,0.277476281,24544
K2am-2021-06-01_10-20.WAV,2021 Kern 2,2021,6,1,10,20,sp32,Simple Call,39.95199966,40.78933334,2906,6188,24000,present,https://rfcx-streams-production.s3.eu-west-1.amazonaws.com/2021/06/01/pem8hxalyx7i/79d76049-3903-4f4f-a3cc-eef0676a537c.flac?X-Amz-Algorithm=AWS4-HMAC-SHA256&X-Amz-Content-Sha256=UNSIGNED-PAYLOAD&X-Amz-Credential=AKIA45B7YWBX5HAZMGOU%2F20260223%2Feu-west-1%2Fs3%2Faws4_request&X-Amz-Date=20260223T001202Z&X-Amz-Expires=604800&X-Amz-Signature=3b4d397c84d3c5ccc4e8622b8678b1a612185ae9e252e21e295adb5cf0c8be46&X-Amz-SignedHeaders=host&response-content-disposition=attachment%3B%20filename%3D79d76049-3903-4f4f-a3cc-eef0676a537c.flac&x-id=GetObject,0.337686658,24544
K2am-2021-06-01_10-40.WAV,2021 Kern 2,2021,6,1,10,40,sp32,Simple Call,32.28266525,33.11999893,2906,6188,24000,present,https://rfcx-streams-production.s3.eu-west-1.amazonaws.com/2021/06/01/pem8hxalyx7i/a96d254c-4585-420b-a374-e16ce7a58085.flac?X-Amz-Algorithm=AWS4-HMAC-SHA256&X-Amz-Content-Sha256=UNSIGNED-PAYLOAD&X-Amz-Credential=AKIA45B7YWBX5HAZMGOU%2F20260223%2Feu-west-1%2Fs3%2Faws4_request&X-Amz-Date=20260223T001202Z&X-Amz-Expires=604800&X-Amz-Signature=e1ad8b4579ad66bd8dc230a753f32f6f43a350dfb2cdd719590b5cf716d3e5e9&X-Amz-SignedHeaders=host&response-content-disposition=attachment%3B%20filename%3Da96d254c-4585-420b-a374-e16ce7a58085.flac&x-id=GetObject,0.242537811,24544
K2am-2021-06-01_11-20.WAV,2021 Kern 2,2021,6,1,11,20,sp32,Simple Call,3.365333319,4.202666759,2906,6188,24000,present,https://rfcx-streams-production.s3.eu-west-1.amazonaws.com/2021/06/01/pem8hxalyx7i/e5f3bec1-22e1-4b8c-a41f-d120738e9687.flac?X-Amz-Algorithm=AWS4-HMAC-SHA256&X-Amz-Content-Sha256=UNSIGNED-PAYLOAD&X-Amz-Credential=AKIA45B7YWBX5HAZMGOU%2F20260223%2Feu-west-1%2Fs3%2Faws4_request&X-Amz-Date=20260223T001202Z&X-Amz-Expires=604800&X-Amz-Signature=0eab7ad4d80464c5dcc8f6f9df31600172b6800a19d065c3df143ccd33f4750d&X-Amz-SignedHeaders=host&response-content-disposition=attachment%3B%20filename%3De5f3bec1-22e1-4b8c-a41f-d120738e9687.flac&x-id=GetObject,0.28252092,24544
K2am-2021-06-01_11-40.WAV,2021 Kern 2,2021,6,1,11,40,sp32,Simple Call,30.58666611,31.42399979,2906,6188,24000,present,https://rfcx-streams-production.s3.eu-west-1.amazonaws.com/2021/06/01/pem8hxalyx7i/56bd5760-e8de-4404-9717-65176302ed9f.flac?X-Amz-Algorithm=AWS4-HMAC-SHA256&X-Amz-Content-Sha256=UNSIGNED-PAYLOAD&X-Amz-Credential=AKIA45B7YWBX5HAZMGOU%2F20260223%2Feu-west-1%2Fs3%2Faws4_request&X-Amz-Date=20260223T001202Z&X-Amz-Expires=604800&X-Amz-Signature=f4dccc348ac2447ea10fa9b8858aff27619518142234c11d01dbe65eec5eec0c&X-Amz-SignedHeaders=host&response-content-disposition=attachment%3B%20filename%3D56bd5760-e8de-4404-9717-65176302ed9f.flac&x-id=GetObject,0.204183891,24544
K2am-2021-06-01_12-00.WAV,2021 Kern 2,2021,6,1,12,0,sp32,Simple Call,11.12533379,11.96266651,2906,6188,24000,present,https://rfcx-streams-production.s3.eu-west-1.amazonaws.com/2021/06/01/pem8hxalyx7i/6d972c34-d3b0-4f3a-b637-837db558cc46.flac?X-Amz-Algorithm=AWS4-HMAC-SHA256&X-Amz-Content-Sha256=UNSIGNED-PAYLOAD&X-Amz-Credential=AKIA45B7YWBX5HAZMGOU%2F20260223%2Feu-west-1%2Fs3%2Faws4_request&X-Amz-Date=20260223T001202Z&X-Amz-Expires=604800&X-Amz-Signature=0c49c6fd94466ca455da5d63465b710829c092898c4e0d38dc7eabe6dd92efeb&X-Amz-SignedHeaders=host&response-content-disposition=attachment%3B%20filename%3D6d972c34-d3b0-4f3a-b637-837db558cc46.flac&x-id=GetObject,0.288634181,24544
K2am-2021-06-01_16-00.WAV,2021 Kern 2,2021,6,1,16,0,sp32,Simple Call,29.17866707,30.01600075,2906,6188,24000,present,https://rfcx-streams-production.s3.eu-west-1.amazonaws.com/2021/06/01/pem8hxalyx7i/2fac6273-03bd-4857-91d0-df4fbfde2adc.flac?X-Amz-Algorithm=AWS4-HMAC-SHA256&X-Amz-Content-Sha256=UNSIGNED-PAYLOAD&X-Amz-Credential=AKIA45B7YWBX5HAZMGOU%2F20260223%2Feu-west-1%2Fs3%2Faws4_request&X-Amz-Date=20260223T001202Z&X-Amz-Expires=604800&X-Amz-Signature=419fb245f7713018f54467da1420b15b9fc893d95429c24e7696ce6e56c67607&X-Amz-SignedHeaders=host&response-content-disposition=attachment%3B%20filename%3D2fac6273-03bd-4857-91d0-df4fbfde2adc.flac&x-id=GetObject,0.331832916,24544
K2am-2021-06-01_18-00.WAV,2021 Kern 2,2021,6,1,18,0,sp32,Simple Call,45.50400162,46.34133148,2906,6188,24000,present,https://rfcx-streams-production.s3.eu-west-1.amazonaws.com/2021/06/02/pem8hxalyx7i/106eb4b2-05fe-4de9-9119-cf19410a10d2.flac?X-Amz-Algorithm=AWS4-HMAC-SHA256&X-Amz-Content-Sha256=UNSIGNED-PAYLOAD&X-Amz-Credential=AKIA45B7YWBX5HAZMGOU%2F20260223%2Feu-west-1%2Fs3%2Faws4_request&X-Amz-Date=20260223T001202Z&X-Amz-Expires=604800&X-Amz-Signature=246b240934d47b15a21a12e08e68e145874a31e6f0eeb9a1fb5b4542717d2190&X-Amz-SignedHeaders=host&response-content-disposition=attachment%3B%20filename%3D106eb4b2-05fe-4de9-9119-cf19410a10d2.flac&x-id=GetObject,0.23538816,24544
K2am-2021-06-01_18-20.WAV,2021 Kern 2,2021,6,1,18,20,sp32,Simple Call,37.82400131,38.66133499,2906,6188,24000,present,https://rfcx-streams-production.s3.eu-west-1.amazonaws.com/2021/06/02/pem8hxalyx7i/43abb494-33e0-4d86-ab55-11e81698af18.flac?X-Amz-Algorithm=AWS4-HMAC-SHA256&X-Amz-Content-Sha256=UNSIGNED-PAYLOAD&X-Amz-Credential=AKIA45B7YWBX5HAZMGOU%2F20260223%2Feu-west-1%2Fs3%2Faws4_request&X-Amz-Date=20260223T001202Z&X-Amz-Expires=604800&X-Amz-Signature=1b20d60069bd2e24e23dc906d85cc05abc4c488ec23ffb51d3f8a23aee85964b&X-Amz-SignedHeaders=host&response-content-disposition=attachment%3B%20filename%3D43abb494-33e0-4d86-ab55-11e81698af18.flac&x-id=GetObject,0.212493986,24544
K2am-2021-06-01_19-40.WAV,2021 Kern 2,2021,6,1,19,40,sp32,Simple Call,51.07733154,51.91466522,2906,6188,24000,present,https://rfcx-streams-production.s3.eu-west-1.amazonaws.com/2021/06/02/pem8hxalyx7i/45fa11ba-b60c-4855-b7e6-5b358f3f0f22.flac?X-Amz-Algorithm=AWS4-HMAC-SHA256&X-Amz-Content-Sha256=UNSIGNED-PAYLOAD&X-Amz-Credential=AKIA45B7YWBX5HAZMGOU%2F20260223%2Feu-west-1%2Fs3%2Faws4_request&X-Amz-Date=20260223T001202Z&X-Amz-Expires=604800&X-Amz-Signature=986119a0c022782a66910df16f5d872b4876cde290b5f6dfa618b3cec303eb4a&X-Amz-SignedHeaders=host&response-content-disposition=attachment%3B%20filename%3D45fa11ba-b60c-4855-b7e6-5b358f3f0f22.flac&x-id=GetObject,0.220666885,24544
K2am-2021-06-01_23-00.WAV,2021 Kern 2,2021,6,1,23,0,sp32,Simple Call,51.80266571,52.63999939,2906,6188,24000,present,https://rfcx-streams-production.s3.eu-west-1.amazonaws.com/2021/06/02/pem8hxalyx7i/5a92e457-7871-4670-9fed-324d08048bc2.flac?X-Amz-Algorithm=AWS4-HMAC-SHA256&X-Amz-Content-Sha256=UNSIGNED-PAYLOAD&X-Amz-Credential=AKIA45B7YWBX5HAZMGOU%2F20260223%2Feu-west-1%2Fs3%2Faws4_request&X-Amz-Date=20260223T001202Z&X-Amz-Expires=604800&X-Amz-Signature=aadc89b5615f4b7e194a72cf52dc6924bfb72b4c0fd1323fdfcb39fffb562197&X-Amz-SignedHeaders=host&response-content-disposition=attachment%3B%20filename%3D5a92e457-7871-4670-9fed-324d08048bc2.flac&x-id=GetObject,0.213666588,24544
K2am-2021-06-02_02-40.WAV,2021 Kern 2,2021,6,2,2,40,sp32,Simple Call,11.77600002,12.6133337,2906,6188,24000,present,https://rfcx-streams-production.s3.eu-west-1.amazonaws.com/2021/06/02/pem8hxalyx7i/b2955652-e548-4864-86ee-d29bf374815c.flac?X-Amz-Algorithm=AWS4-HMAC-SHA256&X-Amz-Content-Sha256=UNSIGNED-PAYLOAD&X-Amz-Credential=AKIA45B7YWBX5HAZMGOU%2F20260223%2Feu-west-1%2Fs3%2Faws4_request&X-Amz-Date=20260223T001202Z&X-Amz-Expires=604800&X-Amz-Signature=db41457239c438f42a9faccc608d1879b5ea5094583a87be8b3ee9f7b539b338&X-Amz-SignedHeaders=host&response-content-disposition=attachment%3B%20filename%3Db2955652-e548-4864-86ee-d29bf374815c.flac&x-id=GetObject,0.208288163,24544
K2am-2021-06-02_07-20.WAV,2021 Kern 2,2021,6,2,7,20,sp32,Simple Call,4.533333302,5.370666504,2906,6188,24000,present,https://rfcx-streams-production.s3.eu-west-1.amazonaws.com/2021/06/02/pem8hxalyx7i/0c7f9e3b-3e38-4bed-9e48-bd8f540e257b.flac?X-Amz-Algorithm=AWS4-HMAC-SHA256&X-Amz-Content-Sha256=UNSIGNED-PAYLOAD&X-Amz-Credential=AKIA45B7YWBX5HAZMGOU%2F20260223%2Feu-west-1%2Fs3%2Faws4_request&X-Amz-Date=20260223T001202Z&X-Amz-Expires=604800&X-Amz-Signature=da5f40d5961bcecf57f4dba81a61c9e0786fe34fd7b8e0d6e4b108c5ef843e2c&X-Amz-SignedHeaders=host&response-content-disposition=attachment%3B%20filename%3D0c7f9e3b-3e38-4bed-9e48-bd8f540e257b.flac&x-id=GetObject,0.232569322,24544
K2am-2021-06-02_09-00.WAV,2021 Kern 2,2021,6,2,9,0,sp32,Simple Call,3.509333372,4.346666813,2906,6188,24000,present,https://rfcx-streams-production.s3.eu-west-1.amazonaws.com/2021/06/02/pem8hxalyx7i/c34041e9-02a4-47db-84e8-a67c6c837bf4.flac?X-Amz-Algorithm=AWS4-HMAC-SHA256&X-Amz-Content-Sha256=UNSIGNED-PAYLOAD&X-Amz-Credential=AKIA45B7YWBX5HAZMGOU%2F20260223%2Feu-west-1%2Fs3%2Faws4_request&X-Amz-Date=20260223T001202Z&X-Amz-Expires=604800&X-Amz-Signature=ae9a8858cc478491e81eeed43d6ae5e94e0f6ae518647c608ddf7a638f5a190a&X-Amz-SignedHeaders=host&response-content-disposition=attachment%3B%20filename%3Dc34041e9-02a4-47db-84e8-a67c6c837bf4.flac&x-id=GetObject,0.222706884,24544
K2am-2021-06-02_09-20.WAV,2021 Kern 2,2021,6,2,9,20,sp32,Simple Call,28.21333313,29.05066681,2906,6188,24000,present,https://rfcx-streams-production.s3.eu-west-1.amazonaws.com/2021/06/02/pem8hxalyx7i/589c6e62-859a-4be6-adfd-b93a42b04c59.flac?X-Amz-Algorithm=AWS4-HMAC-SHA256&X-Amz-Content-Sha256=UNSIGNED-PAYLOAD&X-Amz-Credential=AKIA45B7YWBX5HAZMGOU%2F20260223%2Feu-west-1%2Fs3%2Faws4_request&X-Amz-Date=20260223T001202Z&X-Amz-Expires=604800&X-Amz-Signature=213c4a83f77629ff6f925ac9a224936385a4d6ad8dfa0b29dd8cc655294e6177&X-Amz-SignedHeaders=host&response-content-disposition=attachment%3B%20filename%3D589c6e62-859a-4be6-adfd-b93a42b04c59.flac&x-id=GetObject,0.29947871,24544
K2am-2021-06-02_09-40.WAV,2021 Kern 2,2021,6,2,9,40,sp32,Simple Call,56.0320015,56.86933517,2906,6188,24000,present,https://rfcx-streams-production.s3.eu-west-1.amazonaws.com/2021/06/02/pem8hxalyx7i/74d92234-40a5-48ab-835b-692d0b9f7212.flac?X-Amz-Algorithm=AWS4-HMAC-SHA256&X-Amz-Content-Sha256=UNSIGNED-PAYLOAD&X-Amz-Credential=AKIA45B7YWBX5HAZMGOU%2F20260223%2Feu-west-1%2Fs3%2Faws4_request&X-Amz-Date=20260223T001156Z&X-Amz-Expires=604800&X-Amz-Signature=a5d89bc6194f5884f0e4862bdc881dad8d78d9c7d760bcb8fe7529d5aa0572c9&X-Amz-SignedHeaders=host&response-content-disposition=attachment%3B%20filename%3D74d92234-40a5-48ab-835b-692d0b9f7212.flac&x-id=GetObject,0.219919875,24544
K2am-2021-06-02_20-40.WAV,2021 Kern 2,2021,6,2,20,40,sp32,Simple Call,7.392000198,8.229332924,2906,6188,24000,present,https://rfcx-streams-production.s3.eu-west-1.amazonaws.com/2021/06/03/pem8hxalyx7i/a027ba45-b87e-40b6-8ed2-dffa1e17c15e.flac?X-Amz-Algorithm=AWS4-HMAC-SHA256&X-Amz-Content-Sha256=UNSIGNED-PAYLOAD&X-Amz-Credential=AKIA45B7YWBX5HAZMGOU%2F20260223%2Feu-west-1%2Fs3%2Faws4_request&X-Amz-Date=20260223T001202Z&X-Amz-Expires=604800&X-Amz-Signature=e822aeac9809122a9419fc0651484130dea1dbc5f956f7c26d5df5e0a3736cef&X-Amz-SignedHeaders=host&response-content-disposition=attachment%3B%20filename%3Da027ba45-b87e-40b6-8ed2-dffa1e17c15e.flac&x-id=GetObject,0.21824649,24544
K2am-2021-06-03_04-20.WAV,2021 Kern 2,2021,6,3,4,20,sp32,Simple Call,51.34400177,52.18133163,2906,6188,24000,present,https://rfcx-streams-production.s3.eu-west-1.amazonaws.com/2021/06/03/pem8hxalyx7i/93cac5a4-4b02-495a-91c5-154611717298.flac?X-Amz-Algorithm=AWS4-HMAC-SHA256&X-Amz-Content-Sha256=UNSIGNED-PAYLOAD&X-Amz-Credential=AKIA45B7YWBX5HAZMGOU%2F20260223%2Feu-west-1%2Fs3%2Faws4_request&X-Amz-Date=20260223T001155Z&X-Amz-Expires=604800&X-Amz-Signature=82e98bd419b005086ff8174753caf6c0f45fc079c0fabcfc8ec5d3183e067337&X-Amz-SignedHeaders=host&response-content-disposition=attachment%3B%20filename%3D93cac5a4-4b02-495a-91c5-154611717298.flac&x-id=GetObject,0.207120478,24544
K2am-2021-06-03_04-40.WAV,2021 Kern 2,2021,6,3,4,40,sp32,Simple Call,52.98133469,53.81866837,2906,6188,24000,present,https://rfcx-streams-production.s3.eu-west-1.amazonaws.com/2021/06/03/pem8hxalyx7i/9b41a471-dd73-4780-8775-03211736d746.flac?X-Amz-Algorithm=AWS4-HMAC-SHA256&X-Amz-Content-Sha256=UNSIGNED-PAYLOAD&X-Amz-Credential=AKIA45B7YWBX5HAZMGOU%2F20260223%2Feu-west-1%2Fs3%2Faws4_request&X-Amz-Date=20260223T001155Z&X-Amz-Expires=604800&X-Amz-Signature=10d95a31cc825b12896cef18eba193b9fdea083467fc0c8789b647b19f80abde&X-Amz-SignedHeaders=host&response-content-disposition=attachment%3B%20filename%3D9b41a471-dd73-4780-8775-03211736d746.flac&x-id=GetObject,0.222609967,24544
K2am-2021-06-03_07-20.WAV,2021 Kern 2,2021,6,3,7,20,sp32,Simple Call,19.02400017,19.86133385,2906,6188,24000,present,https://rfcx-streams-production.s3.eu-west-1.amazonaws.com/2021/06/03/pem8hxalyx7i/f36e6f16-edb1-4668-8757-56451cab117c.flac?X-Amz-Algorithm=AWS4-HMAC-SHA256&X-Amz-Content-Sha256=UNSIGNED-PAYLOAD&X-Amz-Credential=AKIA45B7YWBX5HAZMGOU%2F20260223%2Feu-west-1%2Fs3%2Faws4_request&X-Amz-Date=20260223T001202Z&X-Amz-Expires=604800&X-Amz-Signature=9c481ecfd1df3dc2e7af88f83b3878adf4f7c8939b206421816b5389bd4ec270&X-Amz-SignedHeaders=host&response-content-disposition=attachment%3B%20filename%3Df36e6f16-edb1-4668-8757-56451cab117c.flac&x-id=GetObject,0.205033943,24544
K2am-2021-06-03_09-00.WAV,2021 Kern 2,2021,6,3,9,0,sp32,Simple Call,54.69866562,55.5359993,2906,6188,24000,present,https://rfcx-streams-production.s3.eu-west-1.amazonaws.com/2021/06/03/pem8hxalyx7i/c125f1fd-9ac6-47c3-acc8-5e2406c04aa8.flac?X-Amz-Algorithm=AWS4-HMAC-SHA256&X-Amz-Content-Sha256=UNSIGNED-PAYLOAD&X-Amz-Credential=AKIA45B7YWBX5HAZMGOU%2F20260223%2Feu-west-1%2Fs3%2Faws4_request&X-Amz-Date=20260223T001202Z&X-Amz-Expires=604800&X-Amz-Signature=8ea945a4fa39bbb6cb4754d467d653c8f4a34e68b26cfd1ec21c478cbe0aedce&X-Amz-SignedHeaders=host&response-content-disposition=attachment%3B%20filename%3Dc125f1fd-9ac6-47c3-acc8-5e2406c04aa8.flac&x-id=GetObject,0.215827525,24544
K2am-2021-06-03_21-40.WAV,2021 Kern 2,2021,6,3,21,40,sp32,Simple Call,20.94933319,21.78666687,2906,6188,24000,present,https://rfcx-streams-production.s3.eu-west-1.amazonaws.com/2021/06/04/pem8hxalyx7i/0b6c3e90-428b-4a2e-9776-724e1d190576.flac?X-Amz-Algorithm=AWS4-HMAC-SHA256&X-Amz-Content-Sha256=UNSIGNED-PAYLOAD&X-Amz-Credential=AKIA45B7YWBX5HAZMGOU%2F20260223%2Feu-west-1%2Fs3%2Faws4_request&X-Amz-Date=20260223T001155Z&X-Amz-Expires=604800&X-Amz-Signature=bbcc086617fd203a94e5019b62d4a9c43083ec42afec495613bf92cbc15a341f&X-Amz-SignedHeaders=host&response-content-disposition=attachment%3B%20filename%3D0b6c3e90-428b-4a2e-9776-724e1d190576.flac&x-id=GetObject,0.201607227,24544
K2am-2021-06-03_23-00.WAV,2021 Kern 2,2021,6,3,23,0,sp32,Simple Call,39.34400177,40.18133163,2906,6188,24000,present,https://rfcx-streams-production.s3.eu-west-1.amazonaws.com/2021/06/04/pem8hxalyx7i/ccaa0023-fece-4328-9955-a0373f4ba785.flac?X-Amz-Algorithm=AWS4-HMAC-SHA256&X-Amz-Content-Sha256=UNSIGNED-PAYLOAD&X-Amz-Credential=AKIA45B7YWBX5HAZMGOU%2F20260223%2Feu-west-1%2Fs3%2Faws4_request&X-Amz-Date=20260223T001155Z&X-Amz-Expires=604800&X-Amz-Signature=5386bb48aaee96d2bc5186e43b3e97ef64a7acb311732046c89904b11e438155&X-Amz-SignedHeaders=host&response-content-disposition=attachment%3B%20filename%3Dccaa0023-fece-4328-9955-a0373f4ba785.flac&x-id=GetObject,0.21544075,24544
K2am-2021-06-03_23-40.WAV,2021 Kern 2,2021,6,3,23,40,sp32,Simple Call,54.20266724,55.04000092,2906,6188,24000,present,https://rfcx-streams-production.s3.eu-west-1.amazonaws.com/2021/06/04/pem8hxalyx7i/9f4e5c5e-0675-4260-84df-fdacdfd049a5.flac?X-Amz-Algorithm=AWS4-HMAC-SHA256&X-Amz-Content-Sha256=UNSIGNED-PAYLOAD&X-Amz-Credential=AKIA45B7YWBX5HAZMGOU%2F20260223%2Feu-west-1%2Fs3%2Faws4_request&X-Amz-Date=20260223T001155Z&X-Amz-Expires=604800&X-Amz-Signature=bdfec14204dd159204d8c0679d48598f2ccbfa923b8a0ebb1034f73faf8900db&X-Amz-SignedHeaders=host&response-content-disposition=attachment%3B%20filename%3D9f4e5c5e-0675-4260-84df-fdacdfd049a5.flac&x-id=GetObject,0.214731023,24544
K2am-2021-06-04_00-40.WAV,2021 Kern 2,2021,6,4,0,40,sp32,Simple Call,18.44266701,19.28000069,2906,6188,24000,present,https://rfcx-streams-production.s3.eu-west-1.amazonaws.com/2021/06/04/pem8hxalyx7i/b57a67c0-ae3e-4d33-947a-64c8f59a31a0.flac?X-Amz-Algorithm=AWS4-HMAC-SHA256&X-Amz-Content-Sha256=UNSIGNED-PAYLOAD&X-Amz-Credential=AKIA45B7YWBX5HAZMGOU%2F20260223%2Feu-west-1%2Fs3%2Faws4_request&X-Amz-Date=20260223T001202Z&X-Amz-Expires=604800&X-Amz-Signature=79f6b2145945444b2cceeddaa76dc6315f8432e4b0db079e932a7d049176447b&X-Amz-SignedHeaders=host&response-content-disposition=attachment%3B%20filename%3Db57a67c0-ae3e-4d33-947a-64c8f59a31a0.flac&x-id=GetObject,0.200102016,24544
K2am-2021-06-04_01-20.WAV,2021 Kern 2,2021,6,4,1,20,sp32,Simple Call,5.168000221,6.005333424,2906,6188,24000,present,https://rfcx-streams-production.s3.eu-west-1.amazonaws.com/2021/06/04/pem8hxalyx7i/39f0310b-f62f-4160-bb46-460d4cd90f5a.flac?X-Amz-Algorithm=AWS4-HMAC-SHA256&X-Amz-Content-Sha256=UNSIGNED-PAYLOAD&X-Amz-Credential=AKIA45B7YWBX5HAZMGOU%2F20260223%2Feu-west-1%2Fs3%2Faws4_request&X-Amz-Date=20260223T001155Z&X-Amz-Expires=604800&X-Amz-Signature=57b464d7d3a7fe3c6ce7ed73a68855048e5f9df987972ccfd9fd18beb81b2add&X-Amz-SignedHeaders=host&response-content-disposition=attachment%3B%20filename%3D39f0310b-f62f-4160-bb46-460d4cd90f5a.flac&x-id=GetObject,0.219835877,24544
K2am-2021-06-04_01-40.WAV,2021 Kern 2,2021,6,4,1,40,sp32,Simple Call,43.16799927,44.00533295,2906,6188,24000,present,https://rfcx-streams-production.s3.eu-west-1.amazonaws.com/2021/06/04/pem8hxalyx7i/aa40bf03-096e-47fc-b41b-4b9cfa07e543.flac?X-Amz-Algorithm=AWS4-HMAC-SHA256&X-Amz-Content-Sha256=UNSIGNED-PAYLOAD&X-Amz-Credential=AKIA45B7YWBX5HAZMGOU%2F20260223%2Feu-west-1%2Fs3%2Faws4_request&X-Amz-Date=20260223T001203Z&X-Amz-Expires=604800&X-Amz-Signature=00657a31219a22fa66b884699cef935e99cb0a5ff36060d19868e68a9a0cda09&X-Amz-SignedHeaders=host&response-content-disposition=attachment%3B%20filename%3Daa40bf03-096e-47fc-b41b-4b9cfa07e543.flac&x-id=GetObject,0.230603382,24544
K2am-2021-06-04_02-00.WAV,2021 Kern 2,2021,6,4,2,0,sp32,Simple Call,44.9173317,45.75466537,2906,6188,24000,present,https://rfcx-streams-production.s3.eu-west-1.amazonaws.com/2021/06/04/pem8hxalyx7i/51e7a5f3-6b23-4c92-874b-955927d091a4.flac?X-Amz-Algorithm=AWS4-HMAC-SHA256&X-Amz-Content-Sha256=UNSIGNED-PAYLOAD&X-Amz-Credential=AKIA45B7YWBX5HAZMGOU%2F20260223%2Feu-west-1%2Fs3%2Faws4_request&X-Amz-Date=20260223T001202Z&X-Amz-Expires=604800&X-Amz-Signature=27625e2740138fd51fe40f7b90ee3895bcb2264ae8c08b1721037960eab42643&X-Amz-SignedHeaders=host&response-content-disposition=attachment%3B%20filename%3D51e7a5f3-6b23-4c92-874b-955927d091a4.flac&x-id=GetObject,0.23915118,24544
K2am-2021-06-04_02-20.WAV,2021 Kern 2,2021,6,4,2,20,sp32,Simple Call,24.24533272,25.0826664,2906,6188,24000,present,https://rfcx-streams-production.s3.eu-west-1.amazonaws.com/2021/06/04/pem8hxalyx7i/6fa7f903-aefa-4d1d-a474-4e4b371a57a2.flac?X-Amz-Algorithm=AWS4-HMAC-SHA256&X-Amz-Content-Sha256=UNSIGNED-PAYLOAD&X-Amz-Credential=AKIA45B7YWBX5HAZMGOU%2F20260223%2Feu-west-1%2Fs3%2Faws4_request&X-Amz-Date=20260223T001155Z&X-Amz-Expires=604800&X-Amz-Signature=83794303fe1de0be1a157532299ace4a536238420864201cf4806665464bde20&X-Amz-SignedHeaders=host&response-content-disposition=attachment%3B%20filename%3D6fa7f903-aefa-4d1d-a474-4e4b371a57a2.flac&x-id=GetObject,0.221240476,24544
K2am-2021-06-04_02-40.WAV,2021 Kern 2,2021,6,4,2,40,sp32,Simple Call,35.87733459,36.71466827,2906,6188,24000,present,https://rfcx-streams-production.s3.eu-west-1.amazonaws.com/2021/06/04/pem8hxalyx7i/672509a4-ad02-4361-9eeb-6a6c6310a241.flac?X-Amz-Algorithm=AWS4-HMAC-SHA256&X-Amz-Content-Sha256=UNSIGNED-PAYLOAD&X-Amz-Credential=AKIA45B7YWBX5HAZMGOU%2F20260223%2Feu-west-1%2Fs3%2Faws4_request&X-Amz-Date=20260223T001202Z&X-Amz-Expires=604800&X-Amz-Signature=6e7c1fb5930c1b0a717ea22de26cdda04d3fe26eaccbc07539861277b2c3a595&X-Amz-SignedHeaders=host&response-content-disposition=attachment%3B%20filename%3D672509a4-ad02-4361-9eeb-6a6c6310a241.flac&x-id=GetObject,0.204085872,24544
K2am-2021-06-04_03-00.WAV,2021 Kern 2,2021,6,4,3,0,sp32,Simple Call,46.40000153,47.23733521,2906,6188,24000,present,https://rfcx-streams-production.s3.eu-west-1.amazonaws.com/2021/06/04/pem8hxalyx7i/6ee7e52f-6157-46ca-ac2e-e39d83bed17a.flac?X-Amz-Algorithm=AWS4-HMAC-SHA256&X-Amz-Content-Sha256=UNSIGNED-PAYLOAD&X-Amz-Credential=AKIA45B7YWBX5HAZMGOU%2F20260223%2Feu-west-1%2Fs3%2Faws4_request&X-Amz-Date=20260223T001155Z&X-Amz-Expires=604800&X-Amz-Signature=540eb0a41f954c3f34ed178410443467d2d817f5e5a8e1197549a359a12eafbd&X-Amz-SignedHeaders=host&response-content-disposition=attachment%3B%20filename%3D6ee7e52f-6157-46ca-ac2e-e39d83bed17a.flac&x-id=GetObject,0.237428367,24544
K2am-2021-06-04_04-20.WAV,2021 Kern 2,2021,6,4,4,20,sp32,Simple Call,25.96266747,26.79999924,2906,6188,24000,present,https://rfcx-streams-production.s3.eu-west-1.amazonaws.com/2021/06/04/pem8hxalyx7i/817da087-f187-43b4-90e7-00334189b42f.flac?X-Amz-Algorithm=AWS4-HMAC-SHA256&X-Amz-Content-Sha256=UNSIGNED-PAYLOAD&X-Amz-Credential=AKIA45B7YWBX5HAZMGOU%2F20260223%2Feu-west-1%2Fs3%2Faws4_request&X-Amz-Date=20260223T001202Z&X-Amz-Expires=604800&X-Amz-Signature=17779b449f7172ad4f973e8250b38d20fe3c55d907f6b5baa6d1903ddd0ab532&X-Amz-SignedHeaders=host&response-content-disposition=attachment%3B%20filename%3D817da087-f187-43b4-90e7-00334189b42f.flac&x-id=GetObject,0.216438115,24544
K2am-2021-06-04_04-40.WAV,2021 Kern 2,2021,6,4,4,40,sp32,Simple Call,52.66133499,53.49866486,2906,6188,24000,present,https://rfcx-streams-production.s3.eu-west-1.amazonaws.com/2021/06/04/pem8hxalyx7i/bd27cd55-da3f-43b2-aa83-c6dbe6fac44f.flac?X-Amz-Algorithm=AWS4-HMAC-SHA256&X-Amz-Content-Sha256=UNSIGNED-PAYLOAD&X-Amz-Credential=AKIA45B7YWBX5HAZMGOU%2F20260223%2Feu-west-1%2Fs3%2Faws4_request&X-Amz-Date=20260223T001156Z&X-Amz-Expires=604800&X-Amz-Signature=8a25dfaebdf55406deae4097e0343881b4b3c655e5d164643b8fb00d6a79c70d&X-Amz-SignedHeaders=host&response-content-disposition=attachment%3B%20filename%3Dbd27cd55-da3f-43b2-aa83-c6dbe6fac44f.flac&x-id=GetObject,0.208034471,24544
K2am-2021-06-04_05-00.WAV,2021 Kern 2,2021,6,4,5,0,sp32,Simple Call,33.25333405,34.09066772,2906,6188,24000,present,https://rfcx-streams-production.s3.eu-west-1.amazonaws.com/2021/06/04/pem8hxalyx7i/6a2c4c9e-dd3f-4516-8482-857b5e9c0741.flac?X-Amz-Algorithm=AWS4-HMAC-SHA256&X-Amz-Content-Sha256=UNSIGNED-PAYLOAD&X-Amz-Credential=AKIA45B7YWBX5HAZMGOU%2F20260223%2Feu-west-1%2Fs3%2Faws4_request&X-Amz-Date=20260223T001202Z&X-Amz-Expires=604800&X-Amz-Signature=3d53923d2b352d9c68e58adfc85eda678601f0ade54adf497f0df838968e3087&X-Amz-SignedHeaders=host&response-content-disposition=attachment%3B%20filename%3D6a2c4c9e-dd3f-4516-8482-857b5e9c0741.flac&x-id=GetObject,0.232363924,24544
K2am-2021-06-04_05-20.WAV,2021 Kern 2,2021,6,4,5,20,sp32,Simple Call,47.04533386,47.88266754,2906,6188,24000,present,https://rfcx-streams-production.s3.eu-west-1.amazonaws.com/2021/06/04/pem8hxalyx7i/740d8175-2a0e-4303-85c1-b5fcd07e9044.flac?X-Amz-Algorithm=AWS4-HMAC-SHA256&X-Amz-Content-Sha256=UNSIGNED-PAYLOAD&X-Amz-Credential=AKIA45B7YWBX5HAZMGOU%2F20260223%2Feu-west-1%2Fs3%2Faws4_request&X-Amz-Date=20260223T001202Z&X-Amz-Expires=604800&X-Amz-Signature=8c18f94e57f76f86a0e872e298f9553b96c5e40d77f775a17566f90844130c7f&X-Amz-SignedHeaders=host&response-content-disposition=attachment%3B%20filename%3D740d8175-2a0e-4303-85c1-b5fcd07e9044.flac&x-id=GetObject,0.27062735,24544
K2am-2021-06-04_07-20.WAV,2021 Kern 2,2021,6,4,7,20,sp32,Simple Call,59.11466599,59.95199966,2906,6188,24000,present,https://rfcx-streams-production.s3.eu-west-1.amazonaws.com/2021/06/04/pem8hxalyx7i/18e904b6-1ac9-4215-b89e-37284357ee2a.flac?X-Amz-Algorithm=AWS4-HMAC-SHA256&X-Amz-Content-Sha256=UNSIGNED-PAYLOAD&X-Amz-Credential=AKIA45B7YWBX5HAZMGOU%2F20260223%2Feu-west-1%2Fs3%2Faws4_request&X-Amz-Date=20260223T001202Z&X-Amz-Expires=604800&X-Amz-Signature=edbb8a23d7bcd03b3dbf9146255bf4eab489200b416d6503174d2150729d74a4&X-Amz-SignedHeaders=host&response-content-disposition=attachment%3B%20filename%3D18e904b6-1ac9-4215-b89e-37284357ee2a.flac&x-id=GetObject,0.206902295,24544
K2am-2021-06-04_08-20.WAV,2021 Kern 2,2021,6,4,8,20,sp32,Simple Call,44.60266495,45.43999863,2906,6188,24000,present,https://rfcx-streams-production.s3.eu-west-1.amazonaws.com/2021/06/04/pem8hxalyx7i/1f911975-8869-45bd-a50a-5c1235e26e90.flac?X-Amz-Algorithm=AWS4-HMAC-SHA256&X-Amz-Content-Sha256=UNSIGNED-PAYLOAD&X-Amz-Credential=AKIA45B7YWBX5HAZMGOU%2F20260223%2Feu-west-1%2Fs3%2Faws4_request&X-Amz-Date=20260223T001202Z&X-Amz-Expires=604800&X-Amz-Signature=0a6da6aaa4d9b9bd082cd179b387facf5f3cbf5065aa25897a7c7c22da405564&X-Amz-SignedHeaders=host&response-content-disposition=attachment%3B%20filename%3D1f911975-8869-45bd-a50a-5c1235e26e90.flac&x-id=GetObject,0.23893556,24544
K2am-2021-06-04_08-40.WAV,2021 Kern 2,2021,6,4,8,40,sp32,Simple Call,33.02933502,33.86666489,2906,6188,24000,present,https://rfcx-streams-production.s3.eu-west-1.amazonaws.com/2021/06/04/pem8hxalyx7i/24e244d9-70d7-4a64-a004-e6c2d7f7a258.flac?X-Amz-Algorithm=AWS4-HMAC-SHA256&X-Amz-Content-Sha256=UNSIGNED-PAYLOAD&X-Amz-Credential=AKIA45B7YWBX5HAZMGOU%2F20260223%2Feu-west-1%2Fs3%2Faws4_request&X-Amz-Date=20260223T001155Z&X-Amz-Expires=604800&X-Amz-Signature=d9c5274198460dcf41129e4bda6e6569f2adb142ad3ed334e5bcf4aa9fdacfa8&X-Amz-SignedHeaders=host&response-content-disposition=attachment%3B%20filename%3D24e244d9-70d7-4a64-a004-e6c2d7f7a258.flac&x-id=GetObject,0.218051285,24544
K2am-2021-06-04_09-00.WAV,2021 Kern 2,2021,6,4,9,0,sp32,Simple Call,27.67466736,28.51199913,2906,6188,24000,present,https://rfcx-streams-production.s3.eu-west-1.amazonaws.com/2021/06/04/pem8hxalyx7i/d248c6e0-b84c-4a67-be4e-203d5607837a.flac?X-Amz-Algorithm=AWS4-HMAC-SHA256&X-Amz-Content-Sha256=UNSIGNED-PAYLOAD&X-Amz-Credential=AKIA45B7YWBX5HAZMGOU%2F20260223%2Feu-west-1%2Fs3%2Faws4_request&X-Amz-Date=20260223T001202Z&X-Amz-Expires=604800&X-Amz-Signature=b5fe801e8a176949d487aa4f85ff8c6a7b6a7947ddd150fc962735514e699301&X-Amz-SignedHeaders=host&response-content-disposition=attachment%3B%20filename%3Dd248c6e0-b84c-4a67-be4e-203d5607837a.flac&x-id=GetObject,0.239865318,24544
K2am-2021-06-04_09-20.WAV,2021 Kern 2,2021,6,4,9,20,sp32,Simple Call,38.38933182,39.2266655,2906,6188,24000,present,https://rfcx-streams-production.s3.eu-west-1.amazonaws.com/2021/06/04/pem8hxalyx7i/163b868e-3b94-4c48-9f0c-bc655800ecc6.flac?X-Amz-Algorithm=AWS4-HMAC-SHA256&X-Amz-Content-Sha256=UNSIGNED-PAYLOAD&X-Amz-Credential=AKIA45B7YWBX5HAZMGOU%2F20260223%2Feu-west-1%2Fs3%2Faws4_request&X-Amz-Date=20260223T001202Z&X-Amz-Expires=604800&X-Amz-Signature=8d12636ef96d61d5eed3f43fedd4b2004e15405b0ea431cd4ea35503da9f6488&X-Amz-SignedHeaders=host&response-content-disposition=attachment%3B%20filename%3D163b868e-3b94-4c48-9f0c-bc655800ecc6.flac&x-id=GetObject,0.259700596,24544
K2am-2021-06-04_09-40.WAV,2021 Kern 2,2021,6,4,9,40,sp32,Simple Call,16.61333275,17.45066643,2906,6188,24000,present,https://rfcx-streams-production.s3.eu-west-1.amazonaws.com/2021/06/04/pem8hxalyx7i/f9c2aa4b-d089-451c-be2f-a9a0740b7a0b.flac?X-Amz-Algorithm=AWS4-HMAC-SHA256&X-Amz-Content-Sha256=UNSIGNED-PAYLOAD&X-Amz-Credential=AKIA45B7YWBX5HAZMGOU%2F20260223%2Feu-west-1%2Fs3%2Faws4_request&X-Amz-Date=20260223T001156Z&X-Amz-Expires=604800&X-Amz-Signature=099d868b0ddf5ee9ab939ba4d2ac51b879084d124b42f27a504d87b4ee86fe62&X-Amz-SignedHeaders=host&response-content-disposition=attachment%3B%20filename%3Df9c2aa4b-d089-451c-be2f-a9a0740b7a0b.flac&x-id=GetObject,0.280185938,24544
K2am-2021-06-04_10-20.WAV,2021 Kern 2,2021,6,4,10,20,sp32,Simple Call,6.954666615,7.791999817,2906,6188,24000,present,https://rfcx-streams-production.s3.eu-west-1.amazonaws.com/2021/06/04/pem8hxalyx7i/d5b58456-3edb-4715-a04b-a4790ed956ee.flac?X-Amz-Algorithm=AWS4-HMAC-SHA256&X-Amz-Content-Sha256=UNSIGNED-PAYLOAD&X-Amz-Credential=AKIA45B7YWBX5HAZMGOU%2F20260223%2Feu-west-1%2Fs3%2Faws4_request&X-Amz-Date=20260223T001155Z&X-Amz-Expires=604800&X-Amz-Signature=e74ad97e5097c02acc11685bf5b53ec4431a764b5efb57ca992c5167b281cdae&X-Amz-SignedHeaders=host&response-content-disposition=attachment%3B%20filename%3Dd5b58456-3edb-4715-a04b-a4790ed956ee.flac&x-id=GetObject,0.20816797,24544
K2am-2021-06-04_22-40.WAV,2021 Kern 2,2021,6,4,22,40,sp32,Simple Call,44.26133347,45.09866714,2906,6188,24000,present,https://rfcx-streams-production.s3.eu-west-1.amazonaws.com/2021/06/05/pem8hxalyx7i/ce1af91a-8414-4d7d-be68-7541546a2d0b.flac?X-Amz-Algorithm=AWS4-HMAC-SHA256&X-Amz-Content-Sha256=UNSIGNED-PAYLOAD&X-Amz-Credential=AKIA45B7YWBX5HAZMGOU%2F20260223%2Feu-west-1%2Fs3%2Faws4_request&X-Amz-Date=20260223T001155Z&X-Amz-Expires=604800&X-Amz-Signature=be90ed0e7f2dba8595374d7ef68ddc715c088158a4a66d456e46b7ed89e113a4&X-Amz-SignedHeaders=host&response-content-disposition=attachment%3B%20filename%3Dce1af91a-8414-4d7d-be68-7541546a2d0b.flac&x-id=GetObject,0.225455076,24544
K2am-2021-06-04_23-00.WAV,2021 Kern 2,2021,6,4,23,0,sp32,Simple Call,44.06399918,44.90133286,2906,6188,24000,present,https://rfcx-streams-production.s3.eu-west-1.amazonaws.com/2021/06/05/pem8hxalyx7i/c86c3ba9-37b6-4a32-9361-62a8a85c4843.flac?X-Amz-Algorithm=AWS4-HMAC-SHA256&X-Amz-Content-Sha256=UNSIGNED-PAYLOAD&X-Amz-Credential=AKIA45B7YWBX5HAZMGOU%2F20260223%2Feu-west-1%2Fs3%2Faws4_request&X-Amz-Date=20260223T001155Z&X-Amz-Expires=604800&X-Amz-Signature=96b5809c98ec0979957ff861a1174521537d9b39d4aa373f42d60553ef0cd389&X-Amz-SignedHeaders=host&response-content-disposition=attachment%3B%20filename%3Dc86c3ba9-37b6-4a32-9361-62a8a85c4843.flac&x-id=GetObject,0.213571548,24544
K2am-2021-06-04_23-40.WAV,2021 Kern 2,2021,6,4,23,40,sp32,Simple Call,13.05066681,13.88799953,2906,6188,24000,present,https://rfcx-streams-production.s3.eu-west-1.amazonaws.com/2021/06/05/pem8hxalyx7i/bdadc420-cce6-49c8-90dc-9d5e3b10c574.flac?X-Amz-Algorithm=AWS4-HMAC-SHA256&X-Amz-Content-Sha256=UNSIGNED-PAYLOAD&X-Amz-Credential=AKIA45B7YWBX5HAZMGOU%2F20260223%2Feu-west-1%2Fs3%2Faws4_request&X-Amz-Date=20260223T001202Z&X-Amz-Expires=604800&X-Amz-Signature=1c46e517cc4af2809d52fa3dcbe95d8673fbfb77fb853b97c576900ac61d89b0&X-Amz-SignedHeaders=host&response-content-disposition=attachment%3B%20filename%3Dbdadc420-cce6-49c8-90dc-9d5e3b10c574.flac&x-id=GetObject,0.222925693,24544
K2am-2021-06-05_00-20.WAV,2021 Kern 2,2021,6,5,0,20,sp32,Simple Call,8.911999702,9.749333382,2906,6188,24000,present,https://rfcx-streams-production.s3.eu-west-1.amazonaws.com/2021/06/05/pem8hxalyx7i/549f19f8-97f7-4a6a-b091-4a1bd765d340.flac?X-Amz-Algorithm=AWS4-HMAC-SHA256&X-Amz-Content-Sha256=UNSIGNED-PAYLOAD&X-Amz-Credential=AKIA45B7YWBX5HAZMGOU%2F20260223%2Feu-west-1%2Fs3%2Faws4_request&X-Amz-Date=20260223T001155Z&X-Amz-Expires=604800&X-Amz-Signature=1e12480060e349e5f2c7616320db1b0966d7d2309f1b1eb1eb0832780aefda7b&X-Amz-SignedHeaders=host&response-content-disposition=attachment%3B%20filename%3D549f19f8-97f7-4a6a-b091-4a1bd765d340.flac&x-id=GetObject,0.229232967,24544
K2am-2021-06-05_06-20.WAV,2021 Kern 2,2021,6,5,6,20,sp32,Simple Call,56.84266663,57.68000031,2906,6188,24000,present,https://rfcx-streams-production.s3.eu-west-1.amazonaws.com/2021/06/05/pem8hxalyx7i/05b821aa-54bf-4c91-9285-ab88152e2e4f.flac?X-Amz-Algorithm=AWS4-HMAC-SHA256&X-Amz-Content-Sha256=UNSIGNED-PAYLOAD&X-Amz-Credential=AKIA45B7YWBX5HAZMGOU%2F20260223%2Feu-west-1%2Fs3%2Faws4_request&X-Amz-Date=20260223T001155Z&X-Amz-Expires=604800&X-Amz-Signature=b819e46c9979b8384e02d32bf0261cf4f55fb4ed9afba4e6fa185f21f30b5fb4&X-Amz-SignedHeaders=host&response-content-disposition=attachment%3B%20filename%3D05b821aa-54bf-4c91-9285-ab88152e2e4f.flac&x-id=GetObject,0.225060731,24544
K2am-2021-06-05_07-00.WAV,2021 Kern 2,2021,6,5,7,0,sp32,Simple Call,45.64799881,46.48533249,2906,6188,24000,present,https://rfcx-streams-production.s3.eu-west-1.amazonaws.com/2021/06/05/pem8hxalyx7i/0fab2110-3b90-4c96-ad38-5d8d2aca8f39.flac?X-Amz-Algorithm=AWS4-HMAC-SHA256&X-Amz-Content-Sha256=UNSIGNED-PAYLOAD&X-Amz-Credential=AKIA45B7YWBX5HAZMGOU%2F20260223%2Feu-west-1%2Fs3%2Faws4_request&X-Amz-Date=20260223T001155Z&X-Amz-Expires=604800&X-Amz-Signature=c6ced9fd08be30aa9df6f7a43b6b7be60ea6231c459fe8830874da8d994a017e&X-Amz-SignedHeaders=host&response-content-disposition=attachment%3B%20filename%3D0fab2110-3b90-4c96-ad38-5d8d2aca8f39.flac&x-id=GetObject,0.204278737,24544
K2am-2021-06-05_07-40.WAV,2021 Kern 2,2021,6,5,7,40,sp32,Simple Call,14.92266655,15.76000023,2906,6188,24000,present,https://rfcx-streams-production.s3.eu-west-1.amazonaws.com/2021/06/05/pem8hxalyx7i/aeb05c8c-806e-4ec8-be0c-8f96031606fc.flac?X-Amz-Algorithm=AWS4-HMAC-SHA256&X-Amz-Content-Sha256=UNSIGNED-PAYLOAD&X-Amz-Credential=AKIA45B7YWBX5HAZMGOU%2F20260223%2Feu-west-1%2Fs3%2Faws4_request&X-Amz-Date=20260223T001155Z&X-Amz-Expires=604800&X-Amz-Signature=5d56c2195a095c7a9f5a23667537c19dc5ed5689fcdbe1a83daa214fefddf0a9&X-Amz-SignedHeaders=host&response-content-disposition=attachment%3B%20filename%3Daeb05c8c-806e-4ec8-be0c-8f96031606fc.flac&x-id=GetObject,0.211525425,24544
K2am-2021-06-05_08-20.WAV,2021 Kern 2,2021,6,5,8,20,sp32,Simple Call,16.34666634,17.18400002,2906,6188,24000,present,https://rfcx-streams-production.s3.eu-west-1.amazonaws.com/2021/06/05/pem8hxalyx7i/0a15e40a-6c00-41af-a91f-beae00558273.flac?X-Amz-Algorithm=AWS4-HMAC-SHA256&X-Amz-Content-Sha256=UNSIGNED-PAYLOAD&X-Amz-Credential=AKIA45B7YWBX5HAZMGOU%2F20260223%2Feu-west-1%2Fs3%2Faws4_request&X-Amz-Date=20260223T001202Z&X-Amz-Expires=604800&X-Amz-Signature=e331c0a6318c1ce09d5d671e7c89e765b56b2de0b4c9a9c35cc375a7d9cbd110&X-Amz-SignedHeaders=host&response-content-disposition=attachment%3B%20filename%3D0a15e40a-6c00-41af-a91f-beae00558273.flac&x-id=GetObject,0.286236972,24544
K2am-2021-06-05_09-00.WAV,2021 Kern 2,2021,6,5,9,0,sp32,Simple Call,57.91999817,58.75733185,2906,6188,24000,present,https://rfcx-streams-production.s3.eu-west-1.amazonaws.com/2021/06/05/pem8hxalyx7i/6a124bf5-763f-46e4-a159-f9ea268cf9d3.flac?X-Amz-Algorithm=AWS4-HMAC-SHA256&X-Amz-Content-Sha256=UNSIGNED-PAYLOAD&X-Amz-Credential=AKIA45B7YWBX5HAZMGOU%2F20260223%2Feu-west-1%2Fs3%2Faws4_request&X-Amz-Date=20260223T001202Z&X-Amz-Expires=604800&X-Amz-Signature=97bfb313c087b977cac5f3ff2685e5d44929d4fe0648131d88013edd36a26262&X-Amz-SignedHeaders=host&response-content-disposition=attachment%3B%20filename%3D6a124bf5-763f-46e4-a159-f9ea268cf9d3.flac&x-id=GetObject,0.21453698,24544
K2am-2021-06-05_09-40.WAV,2021 Kern 2,2021,6,5,9,40,sp32,Simple Call,18.65066719,19.48800087,2906,6188,24000,present,https://rfcx-streams-production.s3.eu-west-1.amazonaws.com/2021/06/05/pem8hxalyx7i/b4189f42-90f2-42f0-bb5e-580961a78956.flac?X-Amz-Algorithm=AWS4-HMAC-SHA256&X-Amz-Content-Sha256=UNSIGNED-PAYLOAD&X-Amz-Credential=AKIA45B7YWBX5HAZMGOU%2F20260223%2Feu-west-1%2Fs3%2Faws4_request&X-Amz-Date=20260223T001203Z&X-Amz-Expires=604800&X-Amz-Signature=26dfed2889196022ca70a4adad293fa246843e5786d863b405f1a15bc04fecd7&X-Amz-SignedHeaders=host&response-content-disposition=attachment%3B%20filename%3Db4189f42-90f2-42f0-bb5e-580961a78956.flac&x-id=GetObject,0.247319445,24544
K2am-2021-06-05_17-00.WAV,2021 Kern 2,2021,6,5,17,0,sp32,Simple Call,18.63999939,19.47733307,2906,6188,24000,present,https://rfcx-streams-production.s3.eu-west-1.amazonaws.com/2021/06/06/pem8hxalyx7i/a8fa3832-9b57-4546-965a-806e3d0692c9.flac?X-Amz-Algorithm=AWS4-HMAC-SHA256&X-Amz-Content-Sha256=UNSIGNED-PAYLOAD&X-Amz-Credential=AKIA45B7YWBX5HAZMGOU%2F20260223%2Feu-west-1%2Fs3%2Faws4_request&X-Amz-Date=20260223T001202Z&X-Amz-Expires=604800&X-Amz-Signature=31f4c9f1a9d69d7d6251c23388903d033032812fba04f9cf8c0768d216a51259&X-Amz-SignedHeaders=host&response-content-disposition=attachment%3B%20filename%3Da8fa3832-9b57-4546-965a-806e3d0692c9.flac&x-id=GetObject,0.260039389,24544
K2am-2021-06-05_17-40.WAV,2021 Kern 2,2021,6,5,17,40,sp32,Simple Call,14.66666698,15.50399971,2906,6188,24000,present,https://rfcx-streams-production.s3.eu-west-1.amazonaws.com/2021/06/06/pem8hxalyx7i/999be22a-7c0c-47b2-805d-eba390ac4c8e.flac?X-Amz-Algorithm=AWS4-HMAC-SHA256&X-Amz-Content-Sha256=UNSIGNED-PAYLOAD&X-Amz-Credential=AKIA45B7YWBX5HAZMGOU%2F20260223%2Feu-west-1%2Fs3%2Faws4_request&X-Amz-Date=20260223T001202Z&X-Amz-Expires=604800&X-Amz-Signature=842a006e4d89278aa549572dbfe9b69fcc3ddf2ca741ad1c4878299039606a15&X-Amz-SignedHeaders=host&response-content-disposition=attachment%3B%20filename%3D999be22a-7c0c-47b2-805d-eba390ac4c8e.flac&x-id=GetObject,0.214581206,24544
K2am-2021-06-06_08-20.WAV,2021 Kern 2,2021,6,6,8,20,sp32,Simple Call,22.27733421,23.11466599,2906,6188,24000,present,https://rfcx-streams-production.s3.eu-west-1.amazonaws.com/2021/06/06/pem8hxalyx7i/024125e0-90ea-4fad-87d0-9983f15a86b9.flac?X-Amz-Algorithm=AWS4-HMAC-SHA256&X-Amz-Content-Sha256=UNSIGNED-PAYLOAD&X-Amz-Credential=AKIA45B7YWBX5HAZMGOU%2F20260223%2Feu-west-1%2Fs3%2Faws4_request&X-Amz-Date=20260223T001155Z&X-Amz-Expires=604800&X-Amz-Signature=872b0ce6f505942f58796745f4b641695730ffd7f8edb547f2ef8d01cc1a63af&X-Amz-SignedHeaders=host&response-content-disposition=attachment%3B%20filename%3D024125e0-90ea-4fad-87d0-9983f15a86b9.flac&x-id=GetObject,0.216507703,24544
K2am-2021-06-06_08-40.WAV,2021 Kern 2,2021,6,6,8,40,sp32,Simple Call,41.45600128,42.29333496,2906,6188,24000,present,https://rfcx-streams-production.s3.eu-west-1.amazonaws.com/2021/06/06/pem8hxalyx7i/b04f0acf-6520-414a-a2fe-e5944392cf89.flac?X-Amz-Algorithm=AWS4-HMAC-SHA256&X-Amz-Content-Sha256=UNSIGNED-PAYLOAD&X-Amz-Credential=AKIA45B7YWBX5HAZMGOU%2F20260223%2Feu-west-1%2Fs3%2Faws4_request&X-Amz-Date=20260223T001155Z&X-Amz-Expires=604800&X-Amz-Signature=1e02dfa968a069521d38470aedc76c14d9a654d316b043343a942c334b96ba00&X-Amz-SignedHeaders=host&response-content-disposition=attachment%3B%20filename%3Db04f0acf-6520-414a-a2fe-e5944392cf89.flac&x-id=GetObject,0.273441136,24544
K2am-2021-06-06_09-00.WAV,2021 Kern 2,2021,6,6,9,0,sp32,Simple Call,6.021333218,6.858666897,2906,6188,24000,present,https://rfcx-streams-production.s3.eu-west-1.amazonaws.com/2021/06/06/pem8hxalyx7i/df4dbdd8-f714-4c45-8b76-b9b03215282a.flac?X-Amz-Algorithm=AWS4-HMAC-SHA256&X-Amz-Content-Sha256=UNSIGNED-PAYLOAD&X-Amz-Credential=AKIA45B7YWBX5HAZMGOU%2F20260223%2Feu-west-1%2Fs3%2Faws4_request&X-Amz-Date=20260223T001155Z&X-Amz-Expires=604800&X-Amz-Signature=c5b1b725792c541ead0d5c6c2883c227693f12b90d88feff6f48175cb90a7f93&X-Amz-SignedHeaders=host&response-content-disposition=attachment%3B%20filename%3Ddf4dbdd8-f714-4c45-8b76-b9b03215282a.flac&x-id=GetObject,0.315020829,24544
K2am-2021-06-06_09-20.WAV,2021 Kern 2,2021,6,6,9,20,sp32,Simple Call,3.738666773,4.576000214,2906,6188,24000,present,https://rfcx-streams-production.s3.eu-west-1.amazonaws.com/2021/06/06/pem8hxalyx7i/85a51a96-8cd0-448b-88dc-c6873971330e.flac?X-Amz-Algorithm=AWS4-HMAC-SHA256&X-Amz-Content-Sha256=UNSIGNED-PAYLOAD&X-Amz-Credential=AKIA45B7YWBX5HAZMGOU%2F20260223%2Feu-west-1%2Fs3%2Faws4_request&X-Amz-Date=20260223T001155Z&X-Amz-Expires=604800&X-Amz-Signature=083cdbe2d68728417d02bbfd08b20c7046eaf5e6c222e23ea8f6cb532a8b59ad&X-Amz-SignedHeaders=host&response-content-disposition=attachment%3B%20filename%3D85a51a96-8cd0-448b-88dc-c6873971330e.flac&x-id=GetObject,0.253649175,24544
K2am-2021-06-06_09-40.WAV,2021 Kern 2,2021,6,6,9,40,sp32,Simple Call,35.01866531,35.85599899,2906,6188,24000,present,https://rfcx-streams-production.s3.eu-west-1.amazonaws.com/2021/06/06/pem8hxalyx7i/85db4805-782c-4117-8e84-a0833dea2343.flac?X-Amz-Algorithm=AWS4-HMAC-SHA256&X-Amz-Content-Sha256=UNSIGNED-PAYLOAD&X-Amz-Credential=AKIA45B7YWBX5HAZMGOU%2F20260223%2Feu-west-1%2Fs3%2Faws4_request&X-Amz-Date=20260223T001155Z&X-Amz-Expires=604800&X-Amz-Signature=fd8a91fd705b1241eac13265a440b7efd368f2a6474d63eb5d759bd36617e602&X-Amz-SignedHeaders=host&response-content-disposition=attachment%3B%20filename%3D85db4805-782c-4117-8e84-a0833dea2343.flac&x-id=GetObject,0.307750791,24544
K2am-2021-06-06_10-00.WAV,2021 Kern 2,2021,6,6,10,0,sp32,Simple Call,30.40533257,31.24266624,2906,6188,24000,present,https://rfcx-streams-production.s3.eu-west-1.amazonaws.com/2021/06/06/pem8hxalyx7i/715cbeb8-501e-4b6d-a7d4-58a7296117e6.flac?X-Amz-Algorithm=AWS4-HMAC-SHA256&X-Amz-Content-Sha256=UNSIGNED-PAYLOAD&X-Amz-Credential=AKIA45B7YWBX5HAZMGOU%2F20260223%2Feu-west-1%2Fs3%2Faws4_request&X-Amz-Date=20260223T001155Z&X-Amz-Expires=604800&X-Amz-Signature=5ab860031c0f03c5ec1c222981f07f46e8ae049f86e548d40fd466f994942082&X-Amz-SignedHeaders=host&response-content-disposition=attachment%3B%20filename%3D715cbeb8-501e-4b6d-a7d4-58a7296117e6.flac&x-id=GetObject,0.228360355,24544
K2am-2021-06-06_23-20.WAV,2021 Kern 2,2021,6,6,23,20,sp32,Simple Call,58.57600021,59.41333389,2906,6188,24000,present,https://rfcx-streams-production.s3.eu-west-1.amazonaws.com/2021/06/07/pem8hxalyx7i/40f01c1f-37f9-4af2-91f0-62e2e416c82c.flac?X-Amz-Algorithm=AWS4-HMAC-SHA256&X-Amz-Content-Sha256=UNSIGNED-PAYLOAD&X-Amz-Credential=AKIA45B7YWBX5HAZMGOU%2F20260223%2Feu-west-1%2Fs3%2Faws4_request&X-Amz-Date=20260223T001203Z&X-Amz-Expires=604800&X-Amz-Signature=03f80d6062699274e08900e56320ab3bb2578117aa7a52913f0c7ac79a37dd1d&X-Amz-SignedHeaders=host&response-content-disposition=attachment%3B%20filename%3D40f01c1f-37f9-4af2-91f0-62e2e416c82c.flac&x-id=GetObject,0.227095351,24544
K2am-2021-06-07_10-00.WAV,2021 Kern 2,2021,6,7,10,0,sp32,Simple Call,44.98133469,45.81866837,2906,6188,24000,present,https://rfcx-streams-production.s3.eu-west-1.amazonaws.com/2021/06/07/pem8hxalyx7i/ca3351c4-f096-454a-85e5-db315fc9d7a2.flac?X-Amz-Algorithm=AWS4-HMAC-SHA256&X-Amz-Content-Sha256=UNSIGNED-PAYLOAD&X-Amz-Credential=AKIA45B7YWBX5HAZMGOU%2F20260223%2Feu-west-1%2Fs3%2Faws4_request&X-Amz-Date=20260223T001203Z&X-Amz-Expires=604800&X-Amz-Signature=8946ac35e03794d101d6c1d6b072020ca153a8f2cec49e78491fe4bbd9560ff7&X-Amz-SignedHeaders=host&response-content-disposition=attachment%3B%20filename%3Dca3351c4-f096-454a-85e5-db315fc9d7a2.flac&x-id=GetObject,0.235075563,24544
K2am-2021-06-07_10-20.WAV,2021 Kern 2,2021,6,7,10,20,sp32,Simple Call,15.02933311,15.86666679,2906,6188,24000,present,https://rfcx-streams-production.s3.eu-west-1.amazonaws.com/2021/06/07/pem8hxalyx7i/0b96bcee-980a-4ad4-b2c2-01f45d03b120.flac?X-Amz-Algorithm=AWS4-HMAC-SHA256&X-Amz-Content-Sha256=UNSIGNED-PAYLOAD&X-Amz-Credential=AKIA45B7YWBX5HAZMGOU%2F20260223%2Feu-west-1%2Fs3%2Faws4_request&X-Amz-Date=20260223T001155Z&X-Amz-Expires=604800&X-Amz-Signature=301d63e0fd408b29ade83a79adcd606a9c87b5cbbd10afc775e3358997dc47e9&X-Amz-SignedHeaders=host&response-content-disposition=attachment%3B%20filename%3D0b96bcee-980a-4ad4-b2c2-01f45d03b120.flac&x-id=GetObject,0.234386161,24544
K2am-2021-06-08_10-40.WAV,2021 Kern 2,2021,6,8,10,40,sp32,Simple Call,56.56000137,57.39733505,2906,6188,24000,present,https://rfcx-streams-production.s3.eu-west-1.amazonaws.com/2021/06/08/pem8hxalyx7i/8a9c2036-9ee3-4d77-a5b2-b9408f6181a5.flac?X-Amz-Algorithm=AWS4-HMAC-SHA256&X-Amz-Content-Sha256=UNSIGNED-PAYLOAD&X-Amz-Credential=AKIA45B7YWBX5HAZMGOU%2F20260223%2Feu-west-1%2Fs3%2Faws4_request&X-Amz-Date=20260223T001155Z&X-Amz-Expires=604800&X-Amz-Signature=0fc112e35ff027704c34f0eda5bbb494fd1a2f5b132eb3f618d5b7ec433aa46a&X-Amz-SignedHeaders=host&response-content-disposition=attachment%3B%20filename%3D8a9c2036-9ee3-4d77-a5b2-b9408f6181a5.flac&x-id=GetObject,0.207804978,24544
K2am-2021-06-08_11-00.WAV,2021 Kern 2,2021,6,8,11,0,sp32,Simple Call,41.81866837,42.65599823,2906,6188,24000,present,https://rfcx-streams-production.s3.eu-west-1.amazonaws.com/2021/06/08/pem8hxalyx7i/5ddd60ba-8934-4777-8b32-bc17f5a5b0be.flac?X-Amz-Algorithm=AWS4-HMAC-SHA256&X-Amz-Content-Sha256=UNSIGNED-PAYLOAD&X-Amz-Credential=AKIA45B7YWBX5HAZMGOU%2F20260223%2Feu-west-1%2Fs3%2Faws4_request&X-Amz-Date=20260223T001155Z&X-Amz-Expires=604800&X-Amz-Signature=a918a931f0310818abf61a23c8ea18ccb34ba21fa38b36c7ace461e3f8e6c45a&X-Amz-SignedHeaders=host&response-content-disposition=attachment%3B%20filename%3D5ddd60ba-8934-4777-8b32-bc17f5a5b0be.flac&x-id=GetObject,0.218402639,24544
K2am-2021-06-08_15-40.WAV,2021 Kern 2,2021,6,8,15,40,sp32,Simple Call,43.57866669,44.41600037,2906,6188,24000,present,https://rfcx-streams-production.s3.eu-west-1.amazonaws.com/2021/06/08/pem8hxalyx7i/24fcfa6f-9d1b-45e8-ba3e-140481f9e4b8.flac?X-Amz-Algorithm=AWS4-HMAC-SHA256&X-Amz-Content-Sha256=UNSIGNED-PAYLOAD&X-Amz-Credential=AKIA45B7YWBX5HAZMGOU%2F20260223%2Feu-west-1%2Fs3%2Faws4_request&X-Amz-Date=20260223T001203Z&X-Amz-Expires=604800&X-Amz-Signature=a5f198f41c2352c1e5be167148da84c9e9ba6368df36b390032f1b0d155a9808&X-Amz-SignedHeaders=host&response-content-disposition=attachment%3B%20filename%3D24fcfa6f-9d1b-45e8-ba3e-140481f9e4b8.flac&x-id=GetObject,0.239300415,24544
K2am-2021-06-09_09-40.WAV,2021 Kern 2,2021,6,9,9,40,sp32,Simple Call,42.88000107,43.71733475,2906,6188,24000,present,https://rfcx-streams-production.s3.eu-west-1.amazonaws.com/2021/06/09/pem8hxalyx7i/78d9ce32-6552-4d98-9e0d-d7cd2a90b6ca.flac?X-Amz-Algorithm=AWS4-HMAC-SHA256&X-Amz-Content-Sha256=UNSIGNED-PAYLOAD&X-Amz-Credential=AKIA45B7YWBX5HAZMGOU%2F20260223%2Feu-west-1%2Fs3%2Faws4_request&X-Amz-Date=20260223T001203Z&X-Amz-Expires=604800&X-Amz-Signature=619800c79f51f5f959d53a627dd2c700f1a35d8ed3bee073bb6a45160e616817&X-Amz-SignedHeaders=host&response-content-disposition=attachment%3B%20filename%3D78d9ce32-6552-4d98-9e0d-d7cd2a90b6ca.flac&x-id=GetObject,0.266325146,24544
K2am-2021-06-09_10-00.WAV,2021 Kern 2,2021,6,9,10,0,sp32,Simple Call,53.61066818,54.44800186,2906,6188,24000,present,https://rfcx-streams-production.s3.eu-west-1.amazonaws.com/2021/06/09/pem8hxalyx7i/09b4cef8-ed70-4fda-8ea7-f579f9da5b84.flac?X-Amz-Algorithm=AWS4-HMAC-SHA256&X-Amz-Content-Sha256=UNSIGNED-PAYLOAD&X-Amz-Credential=AKIA45B7YWBX5HAZMGOU%2F20260223%2Feu-west-1%2Fs3%2Faws4_request&X-Amz-Date=20260223T001203Z&X-Amz-Expires=604800&X-Amz-Signature=ab0caa8fc70e2b6c5c95575679505dc7d702c5c235fe5c0218887486075b4296&X-Amz-SignedHeaders=host&response-content-disposition=attachment%3B%20filename%3D09b4cef8-ed70-4fda-8ea7-f579f9da5b84.flac&x-id=GetObject,0.267963618,24544
K2am-2021-06-09_10-20.WAV,2021 Kern 2,2021,6,9,10,20,sp32,Simple Call,48.33599854,49.17333221,2906,6188,24000,present,https://rfcx-streams-production.s3.eu-west-1.amazonaws.com/2021/06/09/pem8hxalyx7i/7653d958-16ef-46e0-9ae0-64d9a3684455.flac?X-Amz-Algorithm=AWS4-HMAC-SHA256&X-Amz-Content-Sha256=UNSIGNED-PAYLOAD&X-Amz-Credential=AKIA45B7YWBX5HAZMGOU%2F20260223%2Feu-west-1%2Fs3%2Faws4_request&X-Amz-Date=20260223T001155Z&X-Amz-Expires=604800&X-Amz-Signature=f842ad25abbb0da0436d22477acefe615bb7b44ed8d6c0568e3b6f87439d9573&X-Amz-SignedHeaders=host&response-content-disposition=attachment%3B%20filename%3D7653d958-16ef-46e0-9ae0-64d9a3684455.flac&x-id=GetObject,0.213703379,24544
K2am-2021-06-09_10-40.WAV,2021 Kern 2,2021,6,9,10,40,sp32,Simple Call,32.52266693,33.36000061,2906,6188,24000,present,https://rfcx-streams-production.s3.eu-west-1.amazonaws.com/2021/06/09/pem8hxalyx7i/ef01f605-270c-414d-aeaf-f5246d5c9c33.flac?X-Amz-Algorithm=AWS4-HMAC-SHA256&X-Amz-Content-Sha256=UNSIGNED-PAYLOAD&X-Amz-Credential=AKIA45B7YWBX5HAZMGOU%2F20260223%2Feu-west-1%2Fs3%2Faws4_request&X-Amz-Date=20260223T001155Z&X-Amz-Expires=604800&X-Amz-Signature=aa8c595229e72fba3c7a8c04d2e0c52f3bbffaf940dd18c5799b39a4dfa135e5&X-Amz-SignedHeaders=host&response-content-disposition=attachment%3B%20filename%3Def01f605-270c-414d-aeaf-f5246d5c9c33.flac&x-id=GetObject,0.204969987,24544
K2am-2021-06-09_12-00.WAV,2021 Kern 2,2021,6,9,12,0,sp32,Simple Call,57.41333389,58.25066757,2906,6188,24000,present,https://rfcx-streams-production.s3.eu-west-1.amazonaws.com/2021/06/09/pem8hxalyx7i/1721393e-a118-47a8-9e92-c7b03a2b454b.flac?X-Amz-Algorithm=AWS4-HMAC-SHA256&X-Amz-Content-Sha256=UNSIGNED-PAYLOAD&X-Amz-Credential=AKIA45B7YWBX5HAZMGOU%2F20260223%2Feu-west-1%2Fs3%2Faws4_request&X-Amz-Date=20260223T001203Z&X-Amz-Expires=604800&X-Amz-Signature=a0add8c63f5aeb8869162e1e30255f6c3642aad61b5aff755b3e3c5a36ffead6&X-Amz-SignedHeaders=host&response-content-disposition=attachment%3B%20filename%3D1721393e-a118-47a8-9e92-c7b03a2b454b.flac&x-id=GetObject,0.202731743,24544
K2am-2021-06-11_09-40.WAV,2021 Kern 2,2021,6,11,9,40,sp32,Simple Call,36.97600174,37.8133316,2906,6188,24000,present,https://rfcx-streams-production.s3.eu-west-1.amazonaws.com/2021/06/11/pem8hxalyx7i/efd8a25b-82be-4cad-8cf3-2d23b967f715.flac?X-Amz-Algorithm=AWS4-HMAC-SHA256&X-Amz-Content-Sha256=UNSIGNED-PAYLOAD&X-Amz-Credential=AKIA45B7YWBX5HAZMGOU%2F20260223%2Feu-west-1%2Fs3%2Faws4_request&X-Amz-Date=20260223T001203Z&X-Amz-Expires=604800&X-Amz-Signature=5c33cb66618833d3b5368802e871550df4ec6ccab369bdb9cae7e6b809663109&X-Amz-SignedHeaders=host&response-content-disposition=attachment%3B%20filename%3Defd8a25b-82be-4cad-8cf3-2d23b967f715.flac&x-id=GetObject,0.204463348,24544
K2am-2021-06-11_10-00.WAV,2021 Kern 2,2021,6,11,10,0,sp32,Simple Call,50.6186676,51.45600128,2906,6188,24000,present,https://rfcx-streams-production.s3.eu-west-1.amazonaws.com/2021/06/11/pem8hxalyx7i/b3c5269f-01dd-4746-ae96-5b1fb61d436f.flac?X-Amz-Algorithm=AWS4-HMAC-SHA256&X-Amz-Content-Sha256=UNSIGNED-PAYLOAD&X-Amz-Credential=AKIA45B7YWBX5HAZMGOU%2F20260223%2Feu-west-1%2Fs3%2Faws4_request&X-Amz-Date=20260223T001203Z&X-Amz-Expires=604800&X-Amz-Signature=a1fa31fcc43dd9d55909acf0690c0217471c170eea709fe9f9adb4a9213a130c&X-Amz-SignedHeaders=host&response-content-disposition=attachment%3B%20filename%3Db3c5269f-01dd-4746-ae96-5b1fb61d436f.flac&x-id=GetObject,0.281588018,24544
K2am-2021-06-11_10-20.WAV,2021 Kern 2,2021,6,11,10,20,sp32,Simple Call,47.75466537,48.59199905,2906,6188,24000,present,https://rfcx-streams-production.s3.eu-west-1.amazonaws.com/2021/06/11/pem8hxalyx7i/5978ed7a-a493-49a6-9ad4-bb9c064b4e92.flac?X-Amz-Algorithm=AWS4-HMAC-SHA256&X-Amz-Content-Sha256=UNSIGNED-PAYLOAD&X-Amz-Credential=AKIA45B7YWBX5HAZMGOU%2F20260223%2Feu-west-1%2Fs3%2Faws4_request&X-Amz-Date=20260223T001155Z&X-Amz-Expires=604800&X-Amz-Signature=832ab09c3f1101542a9e11d403a6ea3c426593897611a435bb1261dfd6dddfa4&X-Amz-SignedHeaders=host&response-content-disposition=attachment%3B%20filename%3D5978ed7a-a493-49a6-9ad4-bb9c064b4e92.flac&x-id=GetObject,0.289245963,24544
K2am-2021-06-11_10-40.WAV,2021 Kern 2,2021,6,11,10,40,sp32,Simple Call,53.94666672,54.7840004,2906,6188,24000,present,https://rfcx-streams-production.s3.eu-west-1.amazonaws.com/2021/06/11/pem8hxalyx7i/666f52ad-9fd8-426e-9e0a-a33aac9ca215.flac?X-Amz-Algorithm=AWS4-HMAC-SHA256&X-Amz-Content-Sha256=UNSIGNED-PAYLOAD&X-Amz-Credential=AKIA45B7YWBX5HAZMGOU%2F20260223%2Feu-west-1%2Fs3%2Faws4_request&X-Amz-Date=20260223T001203Z&X-Amz-Expires=604800&X-Amz-Signature=cc62b55c4582eed75a4cd785ecb328459733fa622170932d70573142b429b75e&X-Amz-SignedHeaders=host&response-content-disposition=attachment%3B%20filename%3D666f52ad-9fd8-426e-9e0a-a33aac9ca215.flac&x-id=GetObject,0.325226873,24544
K2am-2021-06-11_11-00.WAV,2021 Kern 2,2021,6,11,11,0,sp32,Simple Call,14.47999954,15.31733322,2906,6188,24000,present,https://rfcx-streams-production.s3.eu-west-1.amazonaws.com/2021/06/11/pem8hxalyx7i/0b2cc798-fd85-4452-8ede-40922e266420.flac?X-Amz-Algorithm=AWS4-HMAC-SHA256&X-Amz-Content-Sha256=UNSIGNED-PAYLOAD&X-Amz-Credential=AKIA45B7YWBX5HAZMGOU%2F20260223%2Feu-west-1%2Fs3%2Faws4_request&X-Amz-Date=20260223T001155Z&X-Amz-Expires=604800&X-Amz-Signature=30b7a022d145d92d6375f0320a1296b5f9aa855cc146ed958f6737a15f45f196&X-Amz-SignedHeaders=host&response-content-disposition=attachment%3B%20filename%3D0b2cc798-fd85-4452-8ede-40922e266420.flac&x-id=GetObject,0.314659089,24544
K2am-2021-06-11_11-40.WAV,2021 Kern 2,2021,6,11,11,40,sp32,Simple Call,32.68799973,33.5253334,2906,6188,24000,present,https://rfcx-streams-production.s3.eu-west-1.amazonaws.com/2021/06/11/pem8hxalyx7i/0a95cdfb-5554-4a3c-b7b8-597e1443ce45.flac?X-Amz-Algorithm=AWS4-HMAC-SHA256&X-Amz-Content-Sha256=UNSIGNED-PAYLOAD&X-Amz-Credential=AKIA45B7YWBX5HAZMGOU%2F20260223%2Feu-west-1%2Fs3%2Faws4_request&X-Amz-Date=20260223T001203Z&X-Amz-Expires=604800&X-Amz-Signature=3ddc6385dc5ebaa6781d867eabb8766f390e5a66c4e0aad1ca238d8da7ee16b0&X-Amz-SignedHeaders=host&response-content-disposition=attachment%3B%20filename%3D0a95cdfb-5554-4a3c-b7b8-597e1443ce45.flac&x-id=GetObject,0.276881307,24544
K2am-2021-06-11_12-20.WAV,2021 Kern 2,2021,6,11,12,20,sp32,Simple Call,1.882666707,2.720000029,2906,6188,24000,present,https://rfcx-streams-production.s3.eu-west-1.amazonaws.com/2021/06/11/pem8hxalyx7i/d00a8899-4640-4073-863d-adcb59d83357.flac?X-Amz-Algorithm=AWS4-HMAC-SHA256&X-Amz-Content-Sha256=UNSIGNED-PAYLOAD&X-Amz-Credential=AKIA45B7YWBX5HAZMGOU%2F20260223%2Feu-west-1%2Fs3%2Faws4_request&X-Amz-Date=20260223T001203Z&X-Amz-Expires=604800&X-Amz-Signature=577c57ea251c93ecf162b63842bacbfe35684e14aa2623f71e8582b5ea663a27&X-Amz-SignedHeaders=host&response-content-disposition=attachment%3B%20filename%3Dd00a8899-4640-4073-863d-adcb59d83357.flac&x-id=GetObject,0.231734753,24544
K2am-2021-06-12_09-00.WAV,2021 Kern 2,2021,6,12,9,0,sp32,Simple Call,5.888000011,6.725333214,2906,6188,24000,present,https://rfcx-streams-production.s3.eu-west-1.amazonaws.com/2021/06/12/pem8hxalyx7i/e80cfc7a-932d-45f6-a427-4ad2c797a138.flac?X-Amz-Algorithm=AWS4-HMAC-SHA256&X-Amz-Content-Sha256=UNSIGNED-PAYLOAD&X-Amz-Credential=AKIA45B7YWBX5HAZMGOU%2F20260223%2Feu-west-1%2Fs3%2Faws4_request&X-Amz-Date=20260223T001155Z&X-Amz-Expires=604800&X-Amz-Signature=68a23182ed246b4e80aba838bc127afe65a8460dae0d89f73d881bf717fa4479&X-Amz-SignedHeaders=host&response-content-disposition=attachment%3B%20filename%3De80cfc7a-932d-45f6-a427-4ad2c797a138.flac&x-id=GetObject,0.219720796,24544
K2am-2021-06-12_09-20.WAV,2021 Kern 2,2021,6,12,9,20,sp32,Simple Call,19.02933311,19.86666679,2906,6188,24000,present,https://rfcx-streams-production.s3.eu-west-1.amazonaws.com/2021/06/12/pem8hxalyx7i/24f5bf7b-54c7-49eb-bd97-04b2a9eba7c9.flac?X-Amz-Algorithm=AWS4-HMAC-SHA256&X-Amz-Content-Sha256=UNSIGNED-PAYLOAD&X-Amz-Credential=AKIA45B7YWBX5HAZMGOU%2F20260223%2Feu-west-1%2Fs3%2Faws4_request&X-Amz-Date=20260223T001155Z&X-Amz-Expires=604800&X-Amz-Signature=dfadb85b4e5c142d0469e93c9b9dba94e26469323a0ff1117a784120c5353588&X-Amz-SignedHeaders=host&response-content-disposition=attachment%3B%20filename%3D24f5bf7b-54c7-49eb-bd97-04b2a9eba7c9.flac&x-id=GetObject,0.251204014,24544
K2am-2021-06-12_09-40.WAV,2021 Kern 2,2021,6,12,9,40,sp32,Simple Call,40.9066658,41.74399948,2906,6188,24000,present,https://rfcx-streams-production.s3.eu-west-1.amazonaws.com/2021/06/12/pem8hxalyx7i/b6fa8e4f-5d79-479b-b0df-2492793ea270.flac?X-Amz-Algorithm=AWS4-HMAC-SHA256&X-Amz-Content-Sha256=UNSIGNED-PAYLOAD&X-Amz-Credential=AKIA45B7YWBX5HAZMGOU%2F20260223%2Feu-west-1%2Fs3%2Faws4_request&X-Amz-Date=20260223T001155Z&X-Amz-Expires=604800&X-Amz-Signature=6f02cd97af1ddf8d2a06e8ddd3fbd0455a3d5d5803b35c339f6bfe199dab0f18&X-Amz-SignedHeaders=host&response-content-disposition=attachment%3B%20filename%3Db6fa8e4f-5d79-479b-b0df-2492793ea270.flac&x-id=GetObject,0.267664999,24544
K2am-2021-06-12_11-20.WAV,2021 Kern 2,2021,6,12,11,20,sp32,Simple Call,36.63999939,37.47733307,2906,6188,24000,present,https://rfcx-streams-production.s3.eu-west-1.amazonaws.com/2021/06/12/pem8hxalyx7i/5c8c1ae3-1ad3-4ac6-8362-8ccaf566f9ab.flac?X-Amz-Algorithm=AWS4-HMAC-SHA256&X-Amz-Content-Sha256=UNSIGNED-PAYLOAD&X-Amz-Credential=AKIA45B7YWBX5HAZMGOU%2F20260223%2Feu-west-1%2Fs3%2Faws4_request&X-Amz-Date=20260223T001155Z&X-Amz-Expires=604800&X-Amz-Signature=93ad3a0d31e99c1845ae46f642c2faec7a923856dfe3e121d304a0a8a1cfd18a&X-Amz-SignedHeaders=host&response-content-disposition=attachment%3B%20filename%3D5c8c1ae3-1ad3-4ac6-8362-8ccaf566f9ab.flac&x-id=GetObject,0.288950622,24544
K2am-2021-06-12_11-40.WAV,2021 Kern 2,2021,6,12,11,40,sp32,Simple Call,32.02133179,32.85866547,2906,6188,24000,present,https://rfcx-streams-production.s3.eu-west-1.amazonaws.com/2021/06/12/pem8hxalyx7i/3fd4a6c7-bd6d-4d8b-a767-70e5422bbb21.flac?X-Amz-Algorithm=AWS4-HMAC-SHA256&X-Amz-Content-Sha256=UNSIGNED-PAYLOAD&X-Amz-Credential=AKIA45B7YWBX5HAZMGOU%2F20260223%2Feu-west-1%2Fs3%2Faws4_request&X-Amz-Date=20260223T001203Z&X-Amz-Expires=604800&X-Amz-Signature=c17325de2ffec88ae051272dc9e30d1774f25dc9882e3e2dcb51f084ee5c62e7&X-Amz-SignedHeaders=host&response-content-disposition=attachment%3B%20filename%3D3fd4a6c7-bd6d-4d8b-a767-70e5422bbb21.flac&x-id=GetObject,0.321854681,24544
K2am-2021-06-13_09-20.WAV,2021 Kern 2,2021,6,13,9,20,sp32,Simple Call,42.7840004,43.62133408,2906,6188,24000,present,https://rfcx-streams-production.s3.eu-west-1.amazonaws.com/2021/06/13/pem8hxalyx7i/c34e9ff1-bf52-425a-88ea-a5cba1170e70.flac?X-Amz-Algorithm=AWS4-HMAC-SHA256&X-Amz-Content-Sha256=UNSIGNED-PAYLOAD&X-Amz-Credential=AKIA45B7YWBX5HAZMGOU%2F20260223%2Feu-west-1%2Fs3%2Faws4_request&X-Amz-Date=20260223T001155Z&X-Amz-Expires=604800&X-Amz-Signature=6fa24fa6f1ba0422bc75ed7047c41beb76b16758577e1eac0c2abd241e4dbcff&X-Amz-SignedHeaders=host&response-content-disposition=attachment%3B%20filename%3Dc34e9ff1-bf52-425a-88ea-a5cba1170e70.flac&x-id=GetObject,0.236213565,24544
K2am-2021-06-13_10-20.WAV,2021 Kern 2,2021,6,13,10,20,sp32,Simple Call,22.55466652,23.3920002,2906,6188,24000,present,https://rfcx-streams-production.s3.eu-west-1.amazonaws.com/2021/06/13/pem8hxalyx7i/1d947d75-2c47-4dc6-be5d-9f7668534576.flac?X-Amz-Algorithm=AWS4-HMAC-SHA256&X-Amz-Content-Sha256=UNSIGNED-PAYLOAD&X-Amz-Credential=AKIA45B7YWBX5HAZMGOU%2F20260223%2Feu-west-1%2Fs3%2Faws4_request&X-Amz-Date=20260223T001203Z&X-Amz-Expires=604800&X-Amz-Signature=0a180c0b03398a8fce21d25c70229e4ad755a17653baa017b269d86b6a22caca&X-Amz-SignedHeaders=host&response-content-disposition=attachment%3B%20filename%3D1d947d75-2c47-4dc6-be5d-9f7668534576.flac&x-id=GetObject,0.208695188,24544
K2am-2021-06-13_11-20.WAV,2021 Kern 2,2021,6,13,11,20,sp32,Simple Call,10.23466682,11.07199955,2906,6188,24000,present,https://rfcx-streams-production.s3.eu-west-1.amazonaws.com/2021/06/13/pem8hxalyx7i/2023afb4-7fc2-418d-82f4-54ec6bd6d4ae.flac?X-Amz-Algorithm=AWS4-HMAC-SHA256&X-Amz-Content-Sha256=UNSIGNED-PAYLOAD&X-Amz-Credential=AKIA45B7YWBX5HAZMGOU%2F20260223%2Feu-west-1%2Fs3%2Faws4_request&X-Amz-Date=20260223T001155Z&X-Amz-Expires=604800&X-Amz-Signature=2086a40bae50a8446f555f3b2ab35cb6ea180b268e04c2d004f0ce42b64c92ed&X-Amz-SignedHeaders=host&response-content-disposition=attachment%3B%20filename%3D2023afb4-7fc2-418d-82f4-54ec6bd6d4ae.flac&x-id=GetObject,0.2225364,24544
K2am-2021-06-14_07-20.WAV,2021 Kern 2,2021,6,14,7,20,sp32,Simple Call,54.04266739,54.88000107,2906,6188,24000,present,https://rfcx-streams-production.s3.eu-west-1.amazonaws.com/2021/06/14/pem8hxalyx7i/69496390-8e82-4639-a55a-45262c40026e.flac?X-Amz-Algorithm=AWS4-HMAC-SHA256&X-Amz-Content-Sha256=UNSIGNED-PAYLOAD&X-Amz-Credential=AKIA45B7YWBX5HAZMGOU%2F20260223%2Feu-west-1%2Fs3%2Faws4_request&X-Amz-Date=20260223T001155Z&X-Amz-Expires=604800&X-Amz-Signature=cac294bd8e2601ce01e4d6f3f4b1b962c1f4c4f325dd807e8d3fdd4ea861df76&X-Amz-SignedHeaders=host&response-content-disposition=attachment%3B%20filename%3D69496390-8e82-4639-a55a-45262c40026e.flac&x-id=GetObject,0.20751673,24544
K2am-2021-06-14_09-40.WAV,2021 Kern 2,2021,6,14,9,40,sp32,Simple Call,27.83466721,28.67200089,2906,6188,24000,present,https://rfcx-streams-production.s3.eu-west-1.amazonaws.com/2021/06/14/pem8hxalyx7i/b3945604-0a08-4409-b0b8-8eda1e936873.flac?X-Amz-Algorithm=AWS4-HMAC-SHA256&X-Amz-Content-Sha256=UNSIGNED-PAYLOAD&X-Amz-Credential=AKIA45B7YWBX5HAZMGOU%2F20260223%2Feu-west-1%2Fs3%2Faws4_request&X-Amz-Date=20260223T001203Z&X-Amz-Expires=604800&X-Amz-Signature=326bfd39d3ea7a607c21a2ad5ce710ef6f834cb2159a663989b232f9f188e88e&X-Amz-SignedHeaders=host&response-content-disposition=attachment%3B%20filename%3Db3945604-0a08-4409-b0b8-8eda1e936873.flac&x-id=GetObject,0.200115398,24544
K2am-2021-06-14_10-00.WAV,2021 Kern 2,2021,6,14,10,0,sp32,Simple Call,46.37333298,47.21066666,2906,6188,24000,present,https://rfcx-streams-production.s3.eu-west-1.amazonaws.com/2021/06/14/pem8hxalyx7i/d27c97ac-8828-4e88-82f1-0632a8f75628.flac?X-Amz-Algorithm=AWS4-HMAC-SHA256&X-Amz-Content-Sha256=UNSIGNED-PAYLOAD&X-Amz-Credential=AKIA45B7YWBX5HAZMGOU%2F20260223%2Feu-west-1%2Fs3%2Faws4_request&X-Amz-Date=20260223T001203Z&X-Amz-Expires=604800&X-Amz-Signature=dbaaa29335a586ac4e914cd843237d02f89f95563fda82a78713e8093815388b&X-Amz-SignedHeaders=host&response-content-disposition=attachment%3B%20filename%3Dd27c97ac-8828-4e88-82f1-0632a8f75628.flac&x-id=GetObject,0.23286666,24544
K2am-2021-06-14_10-20.WAV,2021 Kern 2,2021,6,14,10,20,sp32,Simple Call,36.82666779,37.66400146,2906,6188,24000,present,https://rfcx-streams-production.s3.eu-west-1.amazonaws.com/2021/06/14/pem8hxalyx7i/dc9f0b99-0dca-403e-bfcd-5b9c3ae2ab12.flac?X-Amz-Algorithm=AWS4-HMAC-SHA256&X-Amz-Content-Sha256=UNSIGNED-PAYLOAD&X-Amz-Credential=AKIA45B7YWBX5HAZMGOU%2F20260223%2Feu-west-1%2Fs3%2Faws4_request&X-Amz-Date=20260223T001155Z&X-Amz-Expires=604800&X-Amz-Signature=694cfa89d94a0a474e4e5f8980afdf1064db3bae3914577eb31e71e5e840e134&X-Amz-SignedHeaders=host&response-content-disposition=attachment%3B%20filename%3Ddc9f0b99-0dca-403e-bfcd-5b9c3ae2ab12.flac&x-id=GetObject,0.229537502,24544
K2am-2021-06-16_09-00.WAV,2021 Kern 2,2021,6,16,9,0,sp32,Simple Call,54.4426651,55.27999878,2906,6188,24000,present,https://rfcx-streams-production.s3.eu-west-1.amazonaws.com/2021/06/16/pem8hxalyx7i/0fcecc80-1fb5-4801-9039-3e661aed05df.flac?X-Amz-Algorithm=AWS4-HMAC-SHA256&X-Amz-Content-Sha256=UNSIGNED-PAYLOAD&X-Amz-Credential=AKIA45B7YWBX5HAZMGOU%2F20260223%2Feu-west-1%2Fs3%2Faws4_request&X-Amz-Date=20260223T001203Z&X-Amz-Expires=604800&X-Amz-Signature=a7b183ced340eec4d368dac1c9d95bd756d2ed5ed6b05794b52c47716d672253&X-Amz-SignedHeaders=host&response-content-disposition=attachment%3B%20filename%3D0fcecc80-1fb5-4801-9039-3e661aed05df.flac&x-id=GetObject,0.235410497,24544
K2am-2021-06-16_09-20.WAV,2021 Kern 2,2021,6,16,9,20,sp32,Simple Call,0.021333333,0.858666658,2906,6188,24000,present,https://rfcx-streams-production.s3.eu-west-1.amazonaws.com/2021/06/16/pem8hxalyx7i/78316f22-f415-4089-af58-bbb4103b7d33.flac?X-Amz-Algorithm=AWS4-HMAC-SHA256&X-Amz-Content-Sha256=UNSIGNED-PAYLOAD&X-Amz-Credential=AKIA45B7YWBX5HAZMGOU%2F20260223%2Feu-west-1%2Fs3%2Faws4_request&X-Amz-Date=20260223T001203Z&X-Amz-Expires=604800&X-Amz-Signature=a944adbbfef0a3ee6a7192b2dbcb1c8762c716359ba839d0224ed9474a9c48ff&X-Amz-SignedHeaders=host&response-content-disposition=attachment%3B%20filename%3D78316f22-f415-4089-af58-bbb4103b7d33.flac&x-id=GetObject,0.202440724,24544
K2am-2021-06-16_11-00.WAV,2021 Kern 2,2021,6,16,11,0,sp32,Simple Call,26.64533424,27.48266602,2906,6188,24000,present,https://rfcx-streams-production.s3.eu-west-1.amazonaws.com/2021/06/16/pem8hxalyx7i/0a9a0da1-6724-4e48-a417-0b420dfc0579.flac?X-Amz-Algorithm=AWS4-HMAC-SHA256&X-Amz-Content-Sha256=UNSIGNED-PAYLOAD&X-Amz-Credential=AKIA45B7YWBX5HAZMGOU%2F20260223%2Feu-west-1%2Fs3%2Faws4_request&X-Amz-Date=20260223T001203Z&X-Amz-Expires=604800&X-Amz-Signature=8b40504aaef4e926d9bfcf5e7aa27877a36b453032bb55f5c6a33db8deba85bb&X-Amz-SignedHeaders=host&response-content-disposition=attachment%3B%20filename%3D0a9a0da1-6724-4e48-a417-0b420dfc0579.flac&x-id=GetObject,0.216933191,24544
K2am-2021-06-17_09-00.WAV,2021 Kern 2,2021,6,17,9,0,sp32,Simple Call,5.199999809,6.037333488,2906,6188,24000,present,https://rfcx-streams-production.s3.eu-west-1.amazonaws.com/2021/06/17/pem8hxalyx7i/026c49b2-9879-402f-a806-dfbf864b09fe.flac?X-Amz-Algorithm=AWS4-HMAC-SHA256&X-Amz-Content-Sha256=UNSIGNED-PAYLOAD&X-Amz-Credential=AKIA45B7YWBX5HAZMGOU%2F20260223%2Feu-west-1%2Fs3%2Faws4_request&X-Amz-Date=20260223T001154Z&X-Amz-Expires=604800&X-Amz-Signature=6ac8a8e5cc6300f30e1e81236eb63459e883ac7587a2a6827bc705bc877ad945&X-Amz-SignedHeaders=host&response-content-disposition=attachment%3B%20filename%3D026c49b2-9879-402f-a806-dfbf864b09fe.flac&x-id=GetObject,0.224041983,24544
K2am-2021-06-17_09-20.WAV,2021 Kern 2,2021,6,17,9,20,sp32,Simple Call,15.6960001,16.53333282,2906,6188,24000,present,https://rfcx-streams-production.s3.eu-west-1.amazonaws.com/2021/06/17/pem8hxalyx7i/8c27a568-379d-454e-a9a6-69c851e46b88.flac?X-Amz-Algorithm=AWS4-HMAC-SHA256&X-Amz-Content-Sha256=UNSIGNED-PAYLOAD&X-Amz-Credential=AKIA45B7YWBX5HAZMGOU%2F20260223%2Feu-west-1%2Fs3%2Faws4_request&X-Amz-Date=20260223T001155Z&X-Amz-Expires=604800&X-Amz-Signature=43cfd7869367441f6fb394a53e0a5cad5fc467a6f6c5e9e3c4cd3cacb590ae89&X-Amz-SignedHeaders=host&response-content-disposition=attachment%3B%20filename%3D8c27a568-379d-454e-a9a6-69c851e46b88.flac&x-id=GetObject,0.211566284,24544
K2am-2021-06-17_10-00.WAV,2021 Kern 2,2021,6,17,10,0,sp32,Simple Call,48.84799957,49.68533325,2906,6188,24000,present,https://rfcx-streams-production.s3.eu-west-1.amazonaws.com/2021/06/17/pem8hxalyx7i/1261acaa-9d16-457b-a862-9a69f6b49391.flac?X-Amz-Algorithm=AWS4-HMAC-SHA256&X-Amz-Content-Sha256=UNSIGNED-PAYLOAD&X-Amz-Credential=AKIA45B7YWBX5HAZMGOU%2F20260223%2Feu-west-1%2Fs3%2Faws4_request&X-Amz-Date=20260223T001154Z&X-Amz-Expires=604800&X-Amz-Signature=b6e0bf3d8c19e6af5e6926bb1d686ef51b53b563567e061ee519fc22a9e55453&X-Amz-SignedHeaders=host&response-content-disposition=attachment%3B%20filename%3D1261acaa-9d16-457b-a862-9a69f6b49391.flac&x-id=GetObject,0.254262477,24544
K2am-2021-06-17_11-40.WAV,2021 Kern 2,2021,6,17,11,40,sp32,Simple Call,1.552000046,2.389333248,2906,6188,24000,present,https://rfcx-streams-production.s3.eu-west-1.amazonaws.com/2021/06/17/pem8hxalyx7i/09e85aed-6dbc-420e-9f98-68e96ab96908.flac?X-Amz-Algorithm=AWS4-HMAC-SHA256&X-Amz-Content-Sha256=UNSIGNED-PAYLOAD&X-Amz-Credential=AKIA45B7YWBX5HAZMGOU%2F20260223%2Feu-west-1%2Fs3%2Faws4_request&X-Amz-Date=20260223T001154Z&X-Amz-Expires=604800&X-Amz-Signature=67f29d45db304a90e5a5bf44a1c1bc3d73e110926406fdf581f7e9b896d8f69f&X-Amz-SignedHeaders=host&response-content-disposition=attachment%3B%20filename%3D09e85aed-6dbc-420e-9f98-68e96ab96908.flac&x-id=GetObject,0.228902325,24544
K2am-2021-06-18_09-00.WAV,2021 Kern 2,2021,6,18,9,0,sp32,Simple Call,28.35733414,29.19466591,2906,6188,24000,present,https://rfcx-streams-production.s3.eu-west-1.amazonaws.com/2021/06/18/pem8hxalyx7i/2a530d61-f171-4f6e-8047-bd314d027293.flac?X-Amz-Algorithm=AWS4-HMAC-SHA256&X-Amz-Content-Sha256=UNSIGNED-PAYLOAD&X-Amz-Credential=AKIA45B7YWBX5HAZMGOU%2F20260223%2Feu-west-1%2Fs3%2Faws4_request&X-Amz-Date=20260223T001154Z&X-Amz-Expires=604800&X-Amz-Signature=083ae486f4c4f05a6f44cf04ffdb2f044213c6d493a2790803f02185a3c67dfe&X-Amz-SignedHeaders=host&response-content-disposition=attachment%3B%20filename%3D2a530d61-f171-4f6e-8047-bd314d027293.flac&x-id=GetObject,0.27131173,24544
K2am-2021-06-19_09-00.WAV,2021 Kern 2,2021,6,19,9,0,sp32,Simple Call,48.11199951,48.94933319,2906,6188,24000,present,https://rfcx-streams-production.s3.eu-west-1.amazonaws.com/2021/06/19/pem8hxalyx7i/4c9c7f76-4ac3-4f84-9a02-495d4eefc37f.flac?X-Amz-Algorithm=AWS4-HMAC-SHA256&X-Amz-Content-Sha256=UNSIGNED-PAYLOAD&X-Amz-Credential=AKIA45B7YWBX5HAZMGOU%2F20260223%2Feu-west-1%2Fs3%2Faws4_request&X-Amz-Date=20260223T001154Z&X-Amz-Expires=604800&X-Amz-Signature=a20894a7de5d3053ae63003fa4693da02c14c553a456446b761e5ee78c2682f2&X-Amz-SignedHeaders=host&response-content-disposition=attachment%3B%20filename%3D4c9c7f76-4ac3-4f84-9a02-495d4eefc37f.flac&x-id=GetObject,0.241428927,24544
K2am-2021-06-19_09-20.WAV,2021 Kern 2,2021,6,19,9,20,sp32,Simple Call,28.88533401,29.72266579,2906,6188,24000,present,https://rfcx-streams-production.s3.eu-west-1.amazonaws.com/2021/06/19/pem8hxalyx7i/b93ed854-fdb1-48ae-8c82-9dfac0ea89c4.flac?X-Amz-Algorithm=AWS4-HMAC-SHA256&X-Amz-Content-Sha256=UNSIGNED-PAYLOAD&X-Amz-Credential=AKIA45B7YWBX5HAZMGOU%2F20260223%2Feu-west-1%2Fs3%2Faws4_request&X-Amz-Date=20260223T001203Z&X-Amz-Expires=604800&X-Amz-Signature=73cc451720a26b5f8e40a4f14732985090ed970596f21933fefc499ba72c8c54&X-Amz-SignedHeaders=host&response-content-disposition=attachment%3B%20filename%3Db93ed854-fdb1-48ae-8c82-9dfac0ea89c4.flac&x-id=GetObject,0.252760887,24544
K2am-2021-06-19_10-00.WAV,2021 Kern 2,2021,6,19,10,0,sp32,Simple Call,24.77866745,25.61599922,2906,6188,24000,present,https://rfcx-streams-production.s3.eu-west-1.amazonaws.com/2021/06/19/pem8hxalyx7i/ad4d7aec-4301-475d-995c-4516026bacea.flac?X-Amz-Algorithm=AWS4-HMAC-SHA256&X-Amz-Content-Sha256=UNSIGNED-PAYLOAD&X-Amz-Credential=AKIA45B7YWBX5HAZMGOU%2F20260223%2Feu-west-1%2Fs3%2Faws4_request&X-Amz-Date=20260223T001206Z&X-Amz-Expires=604800&X-Amz-Signature=89f0922e173e1d3e38c9ee3eb81245b5c2f2156d4d64d1ac7089248f2c58df5f&X-Amz-SignedHeaders=host&response-content-disposition=attachment%3B%20filename%3Dad4d7aec-4301-475d-995c-4516026bacea.flac&x-id=GetObject,0.307084292,24544
K2am-2021-06-20_09-20.WAV,2021 Kern 2,2021,6,20,9,20,sp32,Simple Call,23.94666672,24.7840004,2906,6188,24000,present,https://rfcx-streams-production.s3.eu-west-1.amazonaws.com/2021/06/20/pem8hxalyx7i/7726e6ad-c0b4-4e88-a43d-be6dfea6b3ac.flac?X-Amz-Algorithm=AWS4-HMAC-SHA256&X-Amz-Content-Sha256=UNSIGNED-PAYLOAD&X-Amz-Credential=AKIA45B7YWBX5HAZMGOU%2F20260223%2Feu-west-1%2Fs3%2Faws4_request&X-Amz-Date=20260223T001154Z&X-Amz-Expires=604800&X-Amz-Signature=75e87e3026324c8d6e50aaff1e5d4353deae1edc0bbae2e6d4068340894c3d91&X-Amz-SignedHeaders=host&response-content-disposition=attachment%3B%20filename%3D7726e6ad-c0b4-4e88-a43d-be6dfea6b3ac.flac&x-id=GetObject,0.23357062,24544
