id,recording,site,year,month,day,hour,minute,species,songtype,x1,x2,y1,y2,frequency,validated,url,score,site_id
1129061379,CR.Nam-2023-06-08_13-20.WAV,2023 Conaway Ranch North 1,2023,6,8,13,20,Agelaius tricolor,Simple Call,26.112,26.944,844,13500,24000,present,https://rfcx-streams-production.s3.eu-west-1.amazonaws.com/2023/06/08/jze8tiy9iurn/4b8388a5-5e0b-4b0f-a94a-7c0d19db0c3a.flac?AWSAccessKeyId=AKIA45B7YWBX7MUJ7QCX&Expires=1777992887&Signature=2i%2BFtu5%2BoXsig%2Bkh0U6WAW968o4%3D,0.373496,48477
1129061380,CR.Nam-2023-06-08_13-20.WAV,2023 Conaway Ranch North 1,2023,6,8,13,20,Agelaius tricolor,Simple Call,26.5387,27.3707,844,13500,24000,present,https://rfcx-streams-production.s3.eu-west-1.amazonaws.com/2023/06/08/jze8tiy9iurn/4b8388a5-5e0b-4b0f-a94a-7c0d19db0c3a.flac?AWSAccessKeyId=AKIA45B7YWBX7MUJ7QCX&Expires=1777992887&Signature=2i%2BFtu5%2BoXsig%2Bkh0U6WAW968o4%3D,0.354975,48477
1129061381,CR.Nam-2023-06-08_13-20.WAV,2023 Conaway Ranch North 1,2023,6,8,13,20,Agelaius tricolor,Simple Call,37.7707,38.6027,844,13500,24000,(not validated),https://rfcx-streams-production.s3.eu-west-1.amazonaws.com/2023/06/08/jze8tiy9iurn/4b8388a5-5e0b-4b0f-a94a-7c0d19db0c3a.flac?AWSAccessKeyId=AKIA45B7YWBX7MUJ7QCX&Expires=1777992887&Signature=2i%2BFtu5%2BoXsig%2Bkh0U6WAW968o4%3D,0.253677,48477
1129061382,CR.Nam-2023-06-08_13-20.WAV,2023 Conaway Ranch North 1,2023,6,8,13,20,Agelaius tricolor,Simple Call,1.59467,2.42667,844,13500,24000,(not validated),https://rfcx-streams-production.s3.eu-west-1.amazonaws.com/2023/06/08/jze8tiy9iurn/4b8388a5-5e0b-4b0f-a94a-7c0d19db0c3a.flac?AWSAccessKeyId=AKIA45B7YWBX7MUJ7QCX&Expires=1777992887&Signature=2i%2BFtu5%2BoXsig%2Bkh0U6WAW968o4%3D,0.248555,48477
1129061383,CR.Nam-2023-06-08_13-20.WAV,2023 Conaway Ranch North 1,2023,6,8,13,20,Agelaius tricolor,Simple Call,53.9733,54.8053,844,13500,24000,(not validated),https://rfcx-streams-production.s3.eu-west-1.amazonaws.com/2023/06/08/jze8tiy9iurn/4b8388a5-5e0b-4b0f-a94a-7c0d19db0c3a.flac?AWSAccessKeyId=AKIA45B7YWBX7MUJ7QCX&Expires=1777992887&Signature=2i%2BFtu5%2BoXsig%2Bkh0U6WAW968o4%3D,0.244783,48477
1129061384,CR.Nam-2023-06-08_13-20.WAV,2023 Conaway Ranch North 1,2023,6,8,13,20,Agelaius tricolor,Simple Call,11.3333,12.1653,844,13500,24000,(not validated),https://rfcx-streams-production.s3.eu-west-1.amazonaws.com/2023/06/08/jze8tiy9iurn/4b8388a5-5e0b-4b0f-a94a-7c0d19db0c3a.flac?AWSAccessKeyId=AKIA45B7YWBX7MUJ7QCX&Expires=1777992887&Signature=2i%2BFtu5%2BoXsig%2Bkh0U6WAW968o4%3D,0.239954,48477
1129061385,CR.Nam-2023-06-08_13-20.WAV,2023 Conaway Ranch North 1,2023,6,8,13,20,Agelaius tricolor,Simple Call,2.24533,3.07733,844,13500,24000,(not validated),https://rfcx-streams-production.s3.eu-west-1.amazonaws.com/2023/06/08/jze8tiy9iurn/4b8388a5-5e0b-4b0f-a94a-7c0d19db0c3a.flac?AWSAccessKeyId=AKIA45B7YWBX7MUJ7QCX&Expires=1777992887&Signature=2i%2BFtu5%2BoXsig%2Bkh0U6WAW968o4%3D,0.229631,48477
1129061386,CR.Nam-2023-06-08_13-20.WAV,2023 Conaway Ranch North 1,2023,6,8,13,20,Agelaius tricolor,Simple Call,38.192,39.024,844,13500,24000,(not validated),https://rfcx-streams-production.s3.eu-west-1.amazonaws.com/2023/06/08/jze8tiy9iurn/4b8388a5-5e0b-4b0f-a94a-7c0d19db0c3a.flac?AWSAccessKeyId=AKIA45B7YWBX7MUJ7QCX&Expires=1777992887&Signature=2i%2BFtu5%2BoXsig%2Bkh0U6WAW968o4%3D,0.211011,48477
1129061387,CR.Nam-2023-06-08_13-20.WAV,2023 Conaway Ranch North 1,2023,6,8,13,20,Agelaius tricolor,Simple Call,22.2987,23.1307,844,13500,24000,(not validated),https://rfcx-streams-production.s3.eu-west-1.amazonaws.com/2023/06/08/jze8tiy9iurn/4b8388a5-5e0b-4b0f-a94a-7c0d19db0c3a.flac?AWSAccessKeyId=AKIA45B7YWBX7MUJ7QCX&Expires=1777992887&Signature=2i%2BFtu5%2BoXsig%2Bkh0U6WAW968o4%3D,0.205976,48477
1129061388,CR.Nam-2023-06-08_13-20.WAV,2023 Conaway Ranch North 1,2023,6,8,13,20,Agelaius tricolor,Simple Call,3.00267,3.83467,844,13500,24000,(not validated),https://rfcx-streams-production.s3.eu-west-1.amazonaws.com/2023/06/08/jze8tiy9iurn/4b8388a5-5e0b-4b0f-a94a-7c0d19db0c3a.flac?AWSAccessKeyId=AKIA45B7YWBX7MUJ7QCX&Expires=1777992887&Signature=2i%2BFtu5%2BoXsig%2Bkh0U6WAW968o4%3D,0.203192,48477
1129061389,CR.Nam-2023-06-15_20-40.WAV,2023 Conaway Ranch North 1,2023,6,15,20,40,Agelaius tricolor,Simple Call,19.312,20.144,844,13500,24000,present,https://rfcx-streams-production.s3.eu-west-1.amazonaws.com/2023/06/16/jze8tiy9iurn/c7048172-2c69-4daa-a017-555ce02e5561.flac?AWSAccessKeyId=AKIA45B7YWBX7MUJ7QCX&Expires=1777992887&Signature=ionLqNTI%2BN8%2B7B1J0DqW%2BmCd6Hs%3D,0.318347,48477
1129061390,CR.Nam-2023-06-15_20-40.WAV,2023 Conaway Ranch North 1,2023,6,15,20,40,Agelaius tricolor,Simple Call,19.728,20.56,844,13500,24000,present,https://rfcx-streams-production.s3.eu-west-1.amazonaws.com/2023/06/16/jze8tiy9iurn/c7048172-2c69-4daa-a017-555ce02e5561.flac?AWSAccessKeyId=AKIA45B7YWBX7MUJ7QCX&Expires=1777992887&Signature=ionLqNTI%2BN8%2B7B1J0DqW%2BmCd6Hs%3D,0.24954,48477
1129061391,CR.Nam-2023-06-15_20-40.WAV,2023 Conaway Ranch North 1,2023,6,15,20,40,Agelaius tricolor,Simple Call,6.50133,7.33333,844,13500,24000,(not validated),https://rfcx-streams-production.s3.eu-west-1.amazonaws.com/2023/06/16/jze8tiy9iurn/c7048172-2c69-4daa-a017-555ce02e5561.flac?AWSAccessKeyId=AKIA45B7YWBX7MUJ7QCX&Expires=1777992887&Signature=ionLqNTI%2BN8%2B7B1J0DqW%2BmCd6Hs%3D,0.239312,48477
1129061392,CR.Nam-2023-06-15_20-40.WAV,2023 Conaway Ranch North 1,2023,6,15,20,40,Agelaius tricolor,Simple Call,22.112,22.944,844,13500,24000,(not validated),https://rfcx-streams-production.s3.eu-west-1.amazonaws.com/2023/06/16/jze8tiy9iurn/c7048172-2c69-4daa-a017-555ce02e5561.flac?AWSAccessKeyId=AKIA45B7YWBX7MUJ7QCX&Expires=1777992887&Signature=ionLqNTI%2BN8%2B7B1J0DqW%2BmCd6Hs%3D,0.225075,48477
1129061393,CR.Nam-2023-06-15_20-40.WAV,2023 Conaway Ranch North 1,2023,6,15,20,40,Agelaius tricolor,Simple Call,56.128,56.96,844,13500,24000,(not validated),https://rfcx-streams-production.s3.eu-west-1.amazonaws.com/2023/06/16/jze8tiy9iurn/c7048172-2c69-4daa-a017-555ce02e5561.flac?AWSAccessKeyId=AKIA45B7YWBX7MUJ7QCX&Expires=1777992887&Signature=ionLqNTI%2BN8%2B7B1J0DqW%2BmCd6Hs%3D,0.222086,48477
1129061394,CR.Nam-2023-06-15_05-40.WAV,2023 Conaway Ranch North 1,2023,6,15,5,40,Agelaius tricolor,Simple Call,8.08,8.912,844,13500,24000,present,https://rfcx-streams-production.s3.eu-west-1.amazonaws.com/2023/06/15/jze8tiy9iurn/bc3fa9f6-53a4-46f1-ae1e-531178fa518a.flac?AWSAccessKeyId=AKIA45B7YWBX7MUJ7QCX&Expires=1777992887&Signature=iFgPq%2BGRnbALyJZ7pPTTviKG0aU%3D,0.330463,48477
1129061395,CR.Nam-2023-06-15_05-40.WAV,2023 Conaway Ranch North 1,2023,6,15,5,40,Agelaius tricolor,Simple Call,8.512,9.344,844,13500,24000,present,https://rfcx-streams-production.s3.eu-west-1.amazonaws.com/2023/06/15/jze8tiy9iurn/bc3fa9f6-53a4-46f1-ae1e-531178fa518a.flac?AWSAccessKeyId=AKIA45B7YWBX7MUJ7QCX&Expires=1777992887&Signature=iFgPq%2BGRnbALyJZ7pPTTviKG0aU%3D,0.293208,48477
1129061396,CR.Nam-2023-06-15_05-40.WAV,2023 Conaway Ranch North 1,2023,6,15,5,40,Agelaius tricolor,Simple Call,43.9573,44.7893,844,13500,24000,(not validated),https://rfcx-streams-production.s3.eu-west-1.amazonaws.com/2023/06/15/jze8tiy9iurn/bc3fa9f6-53a4-46f1-ae1e-531178fa518a.flac?AWSAccessKeyId=AKIA45B7YWBX7MUJ7QCX&Expires=1777992887&Signature=iFgPq%2BGRnbALyJZ7pPTTviKG0aU%3D,0.25884,48477
1129061397,CR.Nam-2023-06-12_13-20.WAV,2023 Conaway Ranch North 1,2023,6,12,13,20,Agelaius tricolor,Simple Call,53.0027,53.8347,844,13500,24000,present,https://rfcx-streams-production.s3.eu-west-1.amazonaws.com/2023/06/12/jze8tiy9iurn/8aefa91e-5d71-40fd-b40e-5ebd954adecd.flac?AWSAccessKeyId=AKIA45B7YWBX7MUJ7QCX&Expires=1777992887&Signature=YM2az4HYVjVruLBa%2BzfkYvE%2FtAM%3D,0.322802,48477
1129061398,CR.Nam-2023-06-12_13-20.WAV,2023 Conaway Ranch North 1,2023,6,12,13,20,Agelaius tricolor,Simple Call,55.5627,56.3947,844,13500,24000,(not validated),https://rfcx-streams-production.s3.eu-west-1.amazonaws.com/2023/06/12/jze8tiy9iurn/8aefa91e-5d71-40fd-b40e-5ebd954adecd.flac?AWSAccessKeyId=AKIA45B7YWBX7MUJ7QCX&Expires=1777992887&Signature=YM2az4HYVjVruLBa%2BzfkYvE%2FtAM%3D,0.304565,48477
1129061399,CR.Nam-2023-06-12_13-20.WAV,2023 Conaway Ranch North 1,2023,6,12,13,20,Agelaius tricolor,Simple Call,9.68,10.512,844,13500,24000,(not validated),https://rfcx-streams-production.s3.eu-west-1.amazonaws.com/2023/06/12/jze8tiy9iurn/8aefa91e-5d71-40fd-b40e-5ebd954adecd.flac?AWSAccessKeyId=AKIA45B7YWBX7MUJ7QCX&Expires=1777992887&Signature=YM2az4HYVjVruLBa%2BzfkYvE%2FtAM%3D,0.234892,48477
1129061400,CR.Nam-2023-06-12_13-20.WAV,2023 Conaway Ranch North 1,2023,6,12,13,20,Agelaius tricolor,Simple Call,20.736,21.568,844,13500,24000,(not validated),https://rfcx-streams-production.s3.eu-west-1.amazonaws.com/2023/06/12/jze8tiy9iurn/8aefa91e-5d71-40fd-b40e-5ebd954adecd.flac?AWSAccessKeyId=AKIA45B7YWBX7MUJ7QCX&Expires=1777992887&Signature=YM2az4HYVjVruLBa%2BzfkYvE%2FtAM%3D,0.218783,48477
1129061401,CR.Nam-2023-06-12_13-20.WAV,2023 Conaway Ranch North 1,2023,6,12,13,20,Agelaius tricolor,Simple Call,34.3467,35.1787,844,13500,24000,(not validated),https://rfcx-streams-production.s3.eu-west-1.amazonaws.com/2023/06/12/jze8tiy9iurn/8aefa91e-5d71-40fd-b40e-5ebd954adecd.flac?AWSAccessKeyId=AKIA45B7YWBX7MUJ7QCX&Expires=1777992887&Signature=YM2az4HYVjVruLBa%2BzfkYvE%2FtAM%3D,0.21771,48477
1129061402,CR.Nam-2023-06-12_13-20.WAV,2023 Conaway Ranch North 1,2023,6,12,13,20,Agelaius tricolor,Simple Call,5.728,6.56,844,13500,24000,(not validated),https://rfcx-streams-production.s3.eu-west-1.amazonaws.com/2023/06/12/jze8tiy9iurn/8aefa91e-5d71-40fd-b40e-5ebd954adecd.flac?AWSAccessKeyId=AKIA45B7YWBX7MUJ7QCX&Expires=1777992887&Signature=YM2az4HYVjVruLBa%2BzfkYvE%2FtAM%3D,0.206869,48477
1129061403,CR.Nam-2023-06-12_05-40.WAV,2023 Conaway Ranch North 1,2023,6,12,5,40,Agelaius tricolor,Simple Call,17.392,18.224,844,13500,24000,present,https://rfcx-streams-production.s3.eu-west-1.amazonaws.com/2023/06/12/jze8tiy9iurn/15aa43e3-167e-4d5d-a401-b9d853384e31.flac?AWSAccessKeyId=AKIA45B7YWBX7MUJ7QCX&Expires=1777992887&Signature=Cuw6h67z9MRZZ8R27HvlL8tbmmw%3D,0.314636,48477
1129061404,CR.Nam-2023-06-12_05-40.WAV,2023 Conaway Ranch North 1,2023,6,12,5,40,Agelaius tricolor,Simple Call,21.4027,22.2347,844,13500,24000,(not validated),https://rfcx-streams-production.s3.eu-west-1.amazonaws.com/2023/06/12/jze8tiy9iurn/15aa43e3-167e-4d5d-a401-b9d853384e31.flac?AWSAccessKeyId=AKIA45B7YWBX7MUJ7QCX&Expires=1777992887&Signature=Cuw6h67z9MRZZ8R27HvlL8tbmmw%3D,0.256611,48477
1129061405,CR.Nam-2023-06-12_05-40.WAV,2023 Conaway Ranch North 1,2023,6,12,5,40,Agelaius tricolor,Simple Call,17.8133,18.6453,844,13500,24000,present,https://rfcx-streams-production.s3.eu-west-1.amazonaws.com/2023/06/12/jze8tiy9iurn/15aa43e3-167e-4d5d-a401-b9d853384e31.flac?AWSAccessKeyId=AKIA45B7YWBX7MUJ7QCX&Expires=1777992887&Signature=Cuw6h67z9MRZZ8R27HvlL8tbmmw%3D,0.255666,48477
1129061406,CR.Nam-2023-06-12_05-40.WAV,2023 Conaway Ranch North 1,2023,6,12,5,40,Agelaius tricolor,Simple Call,30.5813,31.4133,844,13500,24000,(not validated),https://rfcx-streams-production.s3.eu-west-1.amazonaws.com/2023/06/12/jze8tiy9iurn/15aa43e3-167e-4d5d-a401-b9d853384e31.flac?AWSAccessKeyId=AKIA45B7YWBX7MUJ7QCX&Expires=1777992887&Signature=Cuw6h67z9MRZZ8R27HvlL8tbmmw%3D,0.249268,48477
1129061407,CR.Nam-2023-06-12_05-40.WAV,2023 Conaway Ranch North 1,2023,6,12,5,40,Agelaius tricolor,Simple Call,47.5147,48.3467,844,13500,24000,(not validated),https://rfcx-streams-production.s3.eu-west-1.amazonaws.com/2023/06/12/jze8tiy9iurn/15aa43e3-167e-4d5d-a401-b9d853384e31.flac?AWSAccessKeyId=AKIA45B7YWBX7MUJ7QCX&Expires=1777992887&Signature=Cuw6h67z9MRZZ8R27HvlL8tbmmw%3D,0.226917,48477
1129061408,CR.Nam-2023-06-12_05-40.WAV,2023 Conaway Ranch North 1,2023,6,12,5,40,Agelaius tricolor,Simple Call,4.85867,5.69067,844,13500,24000,(not validated),https://rfcx-streams-production.s3.eu-west-1.amazonaws.com/2023/06/12/jze8tiy9iurn/15aa43e3-167e-4d5d-a401-b9d853384e31.flac?AWSAccessKeyId=AKIA45B7YWBX7MUJ7QCX&Expires=1777992887&Signature=Cuw6h67z9MRZZ8R27HvlL8tbmmw%3D,0.222038,48477
1129061409,CR.Nam-2023-06-12_05-40.WAV,2023 Conaway Ranch North 1,2023,6,12,5,40,Agelaius tricolor,Simple Call,30.1653,30.9973,844,13500,24000,(not validated),https://rfcx-streams-production.s3.eu-west-1.amazonaws.com/2023/06/12/jze8tiy9iurn/15aa43e3-167e-4d5d-a401-b9d853384e31.flac?AWSAccessKeyId=AKIA45B7YWBX7MUJ7QCX&Expires=1777992887&Signature=Cuw6h67z9MRZZ8R27HvlL8tbmmw%3D,0.213379,48477
1129061410,CR.Nam-2023-06-12_05-40.WAV,2023 Conaway Ranch North 1,2023,6,12,5,40,Agelaius tricolor,Simple Call,53.3813,54.2133,844,13500,24000,(not validated),https://rfcx-streams-production.s3.eu-west-1.amazonaws.com/2023/06/12/jze8tiy9iurn/15aa43e3-167e-4d5d-a401-b9d853384e31.flac?AWSAccessKeyId=AKIA45B7YWBX7MUJ7QCX&Expires=1777992887&Signature=Cuw6h67z9MRZZ8R27HvlL8tbmmw%3D,0.212651,48477
1129061411,CR.Nam-2023-06-12_05-40.WAV,2023 Conaway Ranch North 1,2023,6,12,5,40,Agelaius tricolor,Simple Call,5.27467,6.10667,844,13500,24000,present,https://rfcx-streams-production.s3.eu-west-1.amazonaws.com/2023/06/12/jze8tiy9iurn/15aa43e3-167e-4d5d-a401-b9d853384e31.flac?AWSAccessKeyId=AKIA45B7YWBX7MUJ7QCX&Expires=1777992887&Signature=Cuw6h67z9MRZZ8R27HvlL8tbmmw%3D,0.210218,48477
1129061412,CR.Nam-2023-06-12_05-40.WAV,2023 Conaway Ranch North 1,2023,6,12,5,40,Agelaius tricolor,Simple Call,42.3573,43.1893,844,13500,24000,(not validated),https://rfcx-streams-production.s3.eu-west-1.amazonaws.com/2023/06/12/jze8tiy9iurn/15aa43e3-167e-4d5d-a401-b9d853384e31.flac?AWSAccessKeyId=AKIA45B7YWBX7MUJ7QCX&Expires=1777992887&Signature=Cuw6h67z9MRZZ8R27HvlL8tbmmw%3D,0.209703,48477
1129061413,CR.Nam-2023-06-10_11-40.WAV,2023 Conaway Ranch North 1,2023,6,10,11,40,Agelaius tricolor,Simple Call,33.1947,34.0267,844,13500,24000,present,https://rfcx-streams-production.s3.eu-west-1.amazonaws.com/2023/06/10/jze8tiy9iurn/97d18540-6bdc-4c13-8965-b88d825fe9a8.flac?AWSAccessKeyId=AKIA45B7YWBX7MUJ7QCX&Expires=1777992887&Signature=HfWNNiKzkYws3%2FSn6f9XWiHC6wM%3D,0.410795,48477
1129061414,CR.Nam-2023-06-10_11-40.WAV,2023 Conaway Ranch North 1,2023,6,10,11,40,Agelaius tricolor,Simple Call,24.16,24.992,844,13500,24000,present,https://rfcx-streams-production.s3.eu-west-1.amazonaws.com/2023/06/10/jze8tiy9iurn/97d18540-6bdc-4c13-8965-b88d825fe9a8.flac?AWSAccessKeyId=AKIA45B7YWBX7MUJ7QCX&Expires=1777992887&Signature=HfWNNiKzkYws3%2FSn6f9XWiHC6wM%3D,0.373587,48477
1129061415,CR.Nam-2023-06-10_11-40.WAV,2023 Conaway Ranch North 1,2023,6,10,11,40,Agelaius tricolor,Simple Call,28.3413,29.1733,844,13500,24000,(not validated),https://rfcx-streams-production.s3.eu-west-1.amazonaws.com/2023/06/10/jze8tiy9iurn/97d18540-6bdc-4c13-8965-b88d825fe9a8.flac?AWSAccessKeyId=AKIA45B7YWBX7MUJ7QCX&Expires=1777992887&Signature=HfWNNiKzkYws3%2FSn6f9XWiHC6wM%3D,0.363578,48477
1129061416,CR.Nam-2023-06-10_11-40.WAV,2023 Conaway Ranch North 1,2023,6,10,11,40,Agelaius tricolor,Simple Call,27.888,28.72,844,13500,24000,(not validated),https://rfcx-streams-production.s3.eu-west-1.amazonaws.com/2023/06/10/jze8tiy9iurn/97d18540-6bdc-4c13-8965-b88d825fe9a8.flac?AWSAccessKeyId=AKIA45B7YWBX7MUJ7QCX&Expires=1777992887&Signature=HfWNNiKzkYws3%2FSn6f9XWiHC6wM%3D,0.310337,48477
1129061417,CR.Nam-2023-06-10_11-40.WAV,2023 Conaway Ranch North 1,2023,6,10,11,40,Agelaius tricolor,Simple Call,20.5867,21.4187,844,13500,24000,(not validated),https://rfcx-streams-production.s3.eu-west-1.amazonaws.com/2023/06/10/jze8tiy9iurn/97d18540-6bdc-4c13-8965-b88d825fe9a8.flac?AWSAccessKeyId=AKIA45B7YWBX7MUJ7QCX&Expires=1777992887&Signature=HfWNNiKzkYws3%2FSn6f9XWiHC6wM%3D,0.290186,48477
1129061418,CR.Nam-2023-06-10_11-40.WAV,2023 Conaway Ranch North 1,2023,6,10,11,40,Agelaius tricolor,Simple Call,2.33067,3.16267,844,13500,24000,(not validated),https://rfcx-streams-production.s3.eu-west-1.amazonaws.com/2023/06/10/jze8tiy9iurn/97d18540-6bdc-4c13-8965-b88d825fe9a8.flac?AWSAccessKeyId=AKIA45B7YWBX7MUJ7QCX&Expires=1777992887&Signature=HfWNNiKzkYws3%2FSn6f9XWiHC6wM%3D,0.284692,48477
1129061419,CR.Nam-2023-06-10_11-40.WAV,2023 Conaway Ranch North 1,2023,6,10,11,40,Agelaius tricolor,Simple Call,26.5813,27.4133,844,13500,24000,(not validated),https://rfcx-streams-production.s3.eu-west-1.amazonaws.com/2023/06/10/jze8tiy9iurn/97d18540-6bdc-4c13-8965-b88d825fe9a8.flac?AWSAccessKeyId=AKIA45B7YWBX7MUJ7QCX&Expires=1777992887&Signature=HfWNNiKzkYws3%2FSn6f9XWiHC6wM%3D,0.28032,48477
1129061420,CR.Nam-2023-06-10_11-40.WAV,2023 Conaway Ranch North 1,2023,6,10,11,40,Agelaius tricolor,Simple Call,24.5973,25.4293,844,13500,24000,present,https://rfcx-streams-production.s3.eu-west-1.amazonaws.com/2023/06/10/jze8tiy9iurn/97d18540-6bdc-4c13-8965-b88d825fe9a8.flac?AWSAccessKeyId=AKIA45B7YWBX7MUJ7QCX&Expires=1777992887&Signature=HfWNNiKzkYws3%2FSn6f9XWiHC6wM%3D,0.257482,48477
1129061421,CR.Nam-2023-06-10_11-40.WAV,2023 Conaway Ranch North 1,2023,6,10,11,40,Agelaius tricolor,Simple Call,36.3627,37.1947,844,13500,24000,(not validated),https://rfcx-streams-production.s3.eu-west-1.amazonaws.com/2023/06/10/jze8tiy9iurn/97d18540-6bdc-4c13-8965-b88d825fe9a8.flac?AWSAccessKeyId=AKIA45B7YWBX7MUJ7QCX&Expires=1777992887&Signature=HfWNNiKzkYws3%2FSn6f9XWiHC6wM%3D,0.246084,48477
1129061422,CR.Nam-2023-06-10_11-40.WAV,2023 Conaway Ranch North 1,2023,6,10,11,40,Agelaius tricolor,Simple Call,12.32,13.152,844,13500,24000,(not validated),https://rfcx-streams-production.s3.eu-west-1.amazonaws.com/2023/06/10/jze8tiy9iurn/97d18540-6bdc-4c13-8965-b88d825fe9a8.flac?AWSAccessKeyId=AKIA45B7YWBX7MUJ7QCX&Expires=1777992887&Signature=HfWNNiKzkYws3%2FSn6f9XWiHC6wM%3D,0.23054,48477
1129061423,CR.Nam-2023-06-22_11-00.WAV,2023 Conaway Ranch North 1,2023,6,22,11,0,Agelaius tricolor,Simple Call,15.28,16.112,844,13500,24000,present,https://rfcx-streams-production.s3.eu-west-1.amazonaws.com/2023/06/22/jze8tiy9iurn/9c049671-a386-4823-afd4-b98fd5c42c03.flac?AWSAccessKeyId=AKIA45B7YWBX7MUJ7QCX&Expires=1777992887&Signature=G6mns1NpiCgBCq3KupME0RS8l7E%3D,0.422288,48477
1129061424,CR.Nam-2023-06-22_11-00.WAV,2023 Conaway Ranch North 1,2023,6,22,11,0,Agelaius tricolor,Simple Call,15.8773,16.7093,844,13500,24000,(not validated),https://rfcx-streams-production.s3.eu-west-1.amazonaws.com/2023/06/22/jze8tiy9iurn/9c049671-a386-4823-afd4-b98fd5c42c03.flac?AWSAccessKeyId=AKIA45B7YWBX7MUJ7QCX&Expires=1777992887&Signature=G6mns1NpiCgBCq3KupME0RS8l7E%3D,0.360566,48477
1129061425,CR.Nam-2023-06-22_11-00.WAV,2023 Conaway Ranch North 1,2023,6,22,11,0,Agelaius tricolor,Simple Call,14.8533,15.6853,844,13500,24000,present,https://rfcx-streams-production.s3.eu-west-1.amazonaws.com/2023/06/22/jze8tiy9iurn/9c049671-a386-4823-afd4-b98fd5c42c03.flac?AWSAccessKeyId=AKIA45B7YWBX7MUJ7QCX&Expires=1777992887&Signature=G6mns1NpiCgBCq3KupME0RS8l7E%3D,0.358707,48477
1129061426,CR.Nam-2023-06-22_11-00.WAV,2023 Conaway Ranch North 1,2023,6,22,11,0,Agelaius tricolor,Simple Call,31.1733,32.0053,844,13500,24000,(not validated),https://rfcx-streams-production.s3.eu-west-1.amazonaws.com/2023/06/22/jze8tiy9iurn/9c049671-a386-4823-afd4-b98fd5c42c03.flac?AWSAccessKeyId=AKIA45B7YWBX7MUJ7QCX&Expires=1777992887&Signature=G6mns1NpiCgBCq3KupME0RS8l7E%3D,0.355379,48477
1129061427,CR.Nam-2023-06-22_11-00.WAV,2023 Conaway Ranch North 1,2023,6,22,11,0,Agelaius tricolor,Simple Call,48.6507,49.4827,844,13500,24000,(not validated),https://rfcx-streams-production.s3.eu-west-1.amazonaws.com/2023/06/22/jze8tiy9iurn/9c049671-a386-4823-afd4-b98fd5c42c03.flac?AWSAccessKeyId=AKIA45B7YWBX7MUJ7QCX&Expires=1777992887&Signature=G6mns1NpiCgBCq3KupME0RS8l7E%3D,0.305472,48477
1129061428,CR.Nam-2023-06-22_11-00.WAV,2023 Conaway Ranch North 1,2023,6,22,11,0,Agelaius tricolor,Simple Call,54.0267,54.8587,844,13500,24000,(not validated),https://rfcx-streams-production.s3.eu-west-1.amazonaws.com/2023/06/22/jze8tiy9iurn/9c049671-a386-4823-afd4-b98fd5c42c03.flac?AWSAccessKeyId=AKIA45B7YWBX7MUJ7QCX&Expires=1777992887&Signature=G6mns1NpiCgBCq3KupME0RS8l7E%3D,0.293303,48477
1129061429,CR.Nam-2023-06-22_11-00.WAV,2023 Conaway Ranch North 1,2023,6,22,11,0,Agelaius tricolor,Simple Call,44.1973,45.0293,844,13500,24000,(not validated),https://rfcx-streams-production.s3.eu-west-1.amazonaws.com/2023/06/22/jze8tiy9iurn/9c049671-a386-4823-afd4-b98fd5c42c03.flac?AWSAccessKeyId=AKIA45B7YWBX7MUJ7QCX&Expires=1777992887&Signature=G6mns1NpiCgBCq3KupME0RS8l7E%3D,0.266505,48477
1129061430,CR.Nam-2023-06-22_11-00.WAV,2023 Conaway Ranch North 1,2023,6,22,11,0,Agelaius tricolor,Simple Call,49.6,50.432,844,13500,24000,(not validated),https://rfcx-streams-production.s3.eu-west-1.amazonaws.com/2023/06/22/jze8tiy9iurn/9c049671-a386-4823-afd4-b98fd5c42c03.flac?AWSAccessKeyId=AKIA45B7YWBX7MUJ7QCX&Expires=1777992887&Signature=G6mns1NpiCgBCq3KupME0RS8l7E%3D,0.256624,48477
1129061431,CR.Nam-2023-06-22_11-00.WAV,2023 Conaway Ranch North 1,2023,6,22,11,0,Agelaius tricolor,Simple Call,44.624,45.456,844,13500,24000,(not validated),https://rfcx-streams-production.s3.eu-west-1.amazonaws.com/2023/06/22/jze8tiy9iurn/9c049671-a386-4823-afd4-b98fd5c42c03.flac?AWSAccessKeyId=AKIA45B7YWBX7MUJ7QCX&Expires=1777992887&Signature=G6mns1NpiCgBCq3KupME0RS8l7E%3D,0.249032,48477
1129061432,CR.Nam-2023-06-22_11-00.WAV,2023 Conaway Ranch North 1,2023,6,22,11,0,Agelaius tricolor,Simple Call,50.0747,50.9067,844,13500,24000,(not validated),https://rfcx-streams-production.s3.eu-west-1.amazonaws.com/2023/06/22/jze8tiy9iurn/9c049671-a386-4823-afd4-b98fd5c42c03.flac?AWSAccessKeyId=AKIA45B7YWBX7MUJ7QCX&Expires=1777992887&Signature=G6mns1NpiCgBCq3KupME0RS8l7E%3D,0.24495,48477
1129061433,CR.Nam-2023-06-21_20-00.WAV,2023 Conaway Ranch North 1,2023,6,21,20,0,Agelaius tricolor,Simple Call,28.8853,29.7173,844,13500,24000,present,https://rfcx-streams-production.s3.eu-west-1.amazonaws.com/2023/06/22/jze8tiy9iurn/0ee825da-2a73-4a14-8386-7ab7ff262d59.flac?AWSAccessKeyId=AKIA45B7YWBX7MUJ7QCX&Expires=1777992887&Signature=FGmHn8%2BuGPF9BDaVWQ0B1QnooFU%3D,0.35461,48477
1129061434,CR.Nam-2023-06-21_20-00.WAV,2023 Conaway Ranch North 1,2023,6,21,20,0,Agelaius tricolor,Simple Call,5.73867,6.57067,844,13500,24000,(not validated),https://rfcx-streams-production.s3.eu-west-1.amazonaws.com/2023/06/22/jze8tiy9iurn/0ee825da-2a73-4a14-8386-7ab7ff262d59.flac?AWSAccessKeyId=AKIA45B7YWBX7MUJ7QCX&Expires=1777992887&Signature=FGmHn8%2BuGPF9BDaVWQ0B1QnooFU%3D,0.290538,48477
1129061435,CR.Nam-2023-06-21_20-00.WAV,2023 Conaway Ranch North 1,2023,6,21,20,0,Agelaius tricolor,Simple Call,9.07733,9.90933,844,13500,24000,(not validated),https://rfcx-streams-production.s3.eu-west-1.amazonaws.com/2023/06/22/jze8tiy9iurn/0ee825da-2a73-4a14-8386-7ab7ff262d59.flac?AWSAccessKeyId=AKIA45B7YWBX7MUJ7QCX&Expires=1777992887&Signature=FGmHn8%2BuGPF9BDaVWQ0B1QnooFU%3D,0.281298,48477
1129061436,CR.Nam-2023-06-21_20-00.WAV,2023 Conaway Ranch North 1,2023,6,21,20,0,Agelaius tricolor,Simple Call,46.7573,47.5893,844,13500,24000,(not validated),https://rfcx-streams-production.s3.eu-west-1.amazonaws.com/2023/06/22/jze8tiy9iurn/0ee825da-2a73-4a14-8386-7ab7ff262d59.flac?AWSAccessKeyId=AKIA45B7YWBX7MUJ7QCX&Expires=1777992887&Signature=FGmHn8%2BuGPF9BDaVWQ0B1QnooFU%3D,0.273395,48477
1129061437,CR.Nam-2023-06-21_20-00.WAV,2023 Conaway Ranch North 1,2023,6,21,20,0,Agelaius tricolor,Simple Call,7.94667,8.77867,844,13500,24000,(not validated),https://rfcx-streams-production.s3.eu-west-1.amazonaws.com/2023/06/22/jze8tiy9iurn/0ee825da-2a73-4a14-8386-7ab7ff262d59.flac?AWSAccessKeyId=AKIA45B7YWBX7MUJ7QCX&Expires=1777992887&Signature=FGmHn8%2BuGPF9BDaVWQ0B1QnooFU%3D,0.259824,48477
1129061438,CR.Nam-2023-06-21_20-00.WAV,2023 Conaway Ranch North 1,2023,6,21,20,0,Agelaius tricolor,Simple Call,8.64,9.472,844,13500,24000,(not validated),https://rfcx-streams-production.s3.eu-west-1.amazonaws.com/2023/06/22/jze8tiy9iurn/0ee825da-2a73-4a14-8386-7ab7ff262d59.flac?AWSAccessKeyId=AKIA45B7YWBX7MUJ7QCX&Expires=1777992887&Signature=FGmHn8%2BuGPF9BDaVWQ0B1QnooFU%3D,0.258548,48477
1129061439,CR.Nam-2023-06-21_20-00.WAV,2023 Conaway Ranch North 1,2023,6,21,20,0,Agelaius tricolor,Simple Call,50.624,51.456,844,13500,24000,(not validated),https://rfcx-streams-production.s3.eu-west-1.amazonaws.com/2023/06/22/jze8tiy9iurn/0ee825da-2a73-4a14-8386-7ab7ff262d59.flac?AWSAccessKeyId=AKIA45B7YWBX7MUJ7QCX&Expires=1777992887&Signature=FGmHn8%2BuGPF9BDaVWQ0B1QnooFU%3D,0.255231,48477
1129061440,CR.Nam-2023-06-21_20-00.WAV,2023 Conaway Ranch North 1,2023,6,21,20,0,Agelaius tricolor,Simple Call,9.808,10.64,844,13500,24000,(not validated),https://rfcx-streams-production.s3.eu-west-1.amazonaws.com/2023/06/22/jze8tiy9iurn/0ee825da-2a73-4a14-8386-7ab7ff262d59.flac?AWSAccessKeyId=AKIA45B7YWBX7MUJ7QCX&Expires=1777992887&Signature=FGmHn8%2BuGPF9BDaVWQ0B1QnooFU%3D,0.22677,48477
1129061441,CR.Nam-2023-06-21_20-00.WAV,2023 Conaway Ranch North 1,2023,6,21,20,0,Agelaius tricolor,Simple Call,28.1867,29.0187,844,13500,24000,(not validated),https://rfcx-streams-production.s3.eu-west-1.amazonaws.com/2023/06/22/jze8tiy9iurn/0ee825da-2a73-4a14-8386-7ab7ff262d59.flac?AWSAccessKeyId=AKIA45B7YWBX7MUJ7QCX&Expires=1777992887&Signature=FGmHn8%2BuGPF9BDaVWQ0B1QnooFU%3D,0.224374,48477
1129061442,CR.Nam-2023-06-21_20-00.WAV,2023 Conaway Ranch North 1,2023,6,21,20,0,Agelaius tricolor,Simple Call,6.23467,7.06667,844,13500,24000,(not validated),https://rfcx-streams-production.s3.eu-west-1.amazonaws.com/2023/06/22/jze8tiy9iurn/0ee825da-2a73-4a14-8386-7ab7ff262d59.flac?AWSAccessKeyId=AKIA45B7YWBX7MUJ7QCX&Expires=1777992887&Signature=FGmHn8%2BuGPF9BDaVWQ0B1QnooFU%3D,0.216293,48477
1129061443,CR.Nam-2023-06-22_14-40.WAV,2023 Conaway Ranch North 1,2023,6,22,14,40,Agelaius tricolor,Simple Call,19.0827,19.9147,844,13500,24000,present,https://rfcx-streams-production.s3.eu-west-1.amazonaws.com/2023/06/22/jze8tiy9iurn/05d96d10-3e07-46bc-8099-afdaf70940fe.flac?AWSAccessKeyId=AKIA45B7YWBX7MUJ7QCX&Expires=1777992887&Signature=P4B9vAYt1VeVgHd%2FPOdlAKqAon4%3D,0.297431,48477
1129061444,CR.Nam-2023-06-22_14-40.WAV,2023 Conaway Ranch North 1,2023,6,22,14,40,Agelaius tricolor,Simple Call,19.504,20.336,844,13500,24000,(not validated),https://rfcx-streams-production.s3.eu-west-1.amazonaws.com/2023/06/22/jze8tiy9iurn/05d96d10-3e07-46bc-8099-afdaf70940fe.flac?AWSAccessKeyId=AKIA45B7YWBX7MUJ7QCX&Expires=1777992887&Signature=P4B9vAYt1VeVgHd%2FPOdlAKqAon4%3D,0.243045,48477
1129061445,CR.Nam-2023-06-22_14-40.WAV,2023 Conaway Ranch North 1,2023,6,22,14,40,Agelaius tricolor,Simple Call,48.6133,49.4453,844,13500,24000,(not validated),https://rfcx-streams-production.s3.eu-west-1.amazonaws.com/2023/06/22/jze8tiy9iurn/05d96d10-3e07-46bc-8099-afdaf70940fe.flac?AWSAccessKeyId=AKIA45B7YWBX7MUJ7QCX&Expires=1777992887&Signature=P4B9vAYt1VeVgHd%2FPOdlAKqAon4%3D,0.227678,48477
1129061446,CR.Nam-2023-06-22_14-40.WAV,2023 Conaway Ranch North 1,2023,6,22,14,40,Agelaius tricolor,Simple Call,31.9307,32.7627,844,13500,24000,(not validated),https://rfcx-streams-production.s3.eu-west-1.amazonaws.com/2023/06/22/jze8tiy9iurn/05d96d10-3e07-46bc-8099-afdaf70940fe.flac?AWSAccessKeyId=AKIA45B7YWBX7MUJ7QCX&Expires=1777992887&Signature=P4B9vAYt1VeVgHd%2FPOdlAKqAon4%3D,0.226551,48477
1129061447,CR.Nam-2023-06-22_14-40.WAV,2023 Conaway Ranch North 1,2023,6,22,14,40,Agelaius tricolor,Simple Call,31.5147,32.3467,844,13500,24000,(not validated),https://rfcx-streams-production.s3.eu-west-1.amazonaws.com/2023/06/22/jze8tiy9iurn/05d96d10-3e07-46bc-8099-afdaf70940fe.flac?AWSAccessKeyId=AKIA45B7YWBX7MUJ7QCX&Expires=1777992887&Signature=P4B9vAYt1VeVgHd%2FPOdlAKqAon4%3D,0.222392,48477
1129061448,CR.Nam-2023-06-22_14-40.WAV,2023 Conaway Ranch North 1,2023,6,22,14,40,Agelaius tricolor,Simple Call,14.368,15.2,844,13500,24000,(not validated),https://rfcx-streams-production.s3.eu-west-1.amazonaws.com/2023/06/22/jze8tiy9iurn/05d96d10-3e07-46bc-8099-afdaf70940fe.flac?AWSAccessKeyId=AKIA45B7YWBX7MUJ7QCX&Expires=1777992887&Signature=P4B9vAYt1VeVgHd%2FPOdlAKqAon4%3D,0.206687,48477
1129061449,CR.Nam-2023-06-22_14-40.WAV,2023 Conaway Ranch North 1,2023,6,22,14,40,Agelaius tricolor,Simple Call,58.912,59.744,844,13500,24000,(not validated),https://rfcx-streams-production.s3.eu-west-1.amazonaws.com/2023/06/22/jze8tiy9iurn/05d96d10-3e07-46bc-8099-afdaf70940fe.flac?AWSAccessKeyId=AKIA45B7YWBX7MUJ7QCX&Expires=1777992887&Signature=P4B9vAYt1VeVgHd%2FPOdlAKqAon4%3D,0.20526,48477
1129061450,CR.Nam-2023-06-21_09-00.WAV,2023 Conaway Ranch North 1,2023,6,21,9,0,Agelaius tricolor,Simple Call,19.6,20.432,844,13500,24000,present,https://rfcx-streams-production.s3.eu-west-1.amazonaws.com/2023/06/21/jze8tiy9iurn/8c964cfb-a968-4681-8596-61fa6a65dfa2.flac?AWSAccessKeyId=AKIA45B7YWBX7MUJ7QCX&Expires=1777992887&Signature=LYKWPfhViLvy9DXklW05t7O%2FYh0%3D,0.376208,48477
1129061451,CR.Nam-2023-06-21_09-00.WAV,2023 Conaway Ranch North 1,2023,6,21,9,0,Agelaius tricolor,Simple Call,50.1387,50.9707,844,13500,24000,present,https://rfcx-streams-production.s3.eu-west-1.amazonaws.com/2023/06/21/jze8tiy9iurn/8c964cfb-a968-4681-8596-61fa6a65dfa2.flac?AWSAccessKeyId=AKIA45B7YWBX7MUJ7QCX&Expires=1777992887&Signature=LYKWPfhViLvy9DXklW05t7O%2FYh0%3D,0.360637,48477
1129061452,CR.Nam-2023-06-21_09-00.WAV,2023 Conaway Ranch North 1,2023,6,21,9,0,Agelaius tricolor,Simple Call,20.8747,21.7067,844,13500,24000,(not validated),https://rfcx-streams-production.s3.eu-west-1.amazonaws.com/2023/06/21/jze8tiy9iurn/8c964cfb-a968-4681-8596-61fa6a65dfa2.flac?AWSAccessKeyId=AKIA45B7YWBX7MUJ7QCX&Expires=1777992887&Signature=LYKWPfhViLvy9DXklW05t7O%2FYh0%3D,0.278161,48477
1129061453,CR.Nam-2023-06-21_09-00.WAV,2023 Conaway Ranch North 1,2023,6,21,9,0,Agelaius tricolor,Simple Call,50.56,51.392,844,13500,24000,present,https://rfcx-streams-production.s3.eu-west-1.amazonaws.com/2023/06/21/jze8tiy9iurn/8c964cfb-a968-4681-8596-61fa6a65dfa2.flac?AWSAccessKeyId=AKIA45B7YWBX7MUJ7QCX&Expires=1777992887&Signature=LYKWPfhViLvy9DXklW05t7O%2FYh0%3D,0.248144,48477
1129061454,CR.Nam-2023-06-21_09-00.WAV,2023 Conaway Ranch North 1,2023,6,21,9,0,Agelaius tricolor,Simple Call,56.3093,57.1413,844,13500,24000,(not validated),https://rfcx-streams-production.s3.eu-west-1.amazonaws.com/2023/06/21/jze8tiy9iurn/8c964cfb-a968-4681-8596-61fa6a65dfa2.flac?AWSAccessKeyId=AKIA45B7YWBX7MUJ7QCX&Expires=1777992887&Signature=LYKWPfhViLvy9DXklW05t7O%2FYh0%3D,0.242589,48477
1129061455,CR.Nam-2023-06-21_09-00.WAV,2023 Conaway Ranch North 1,2023,6,21,9,0,Agelaius tricolor,Simple Call,49.696,50.528,844,13500,24000,(not validated),https://rfcx-streams-production.s3.eu-west-1.amazonaws.com/2023/06/21/jze8tiy9iurn/8c964cfb-a968-4681-8596-61fa6a65dfa2.flac?AWSAccessKeyId=AKIA45B7YWBX7MUJ7QCX&Expires=1777992887&Signature=LYKWPfhViLvy9DXklW05t7O%2FYh0%3D,0.218753,48477
1129061456,CR.Nam-2023-06-21_09-00.WAV,2023 Conaway Ranch North 1,2023,6,21,9,0,Agelaius tricolor,Simple Call,44.336,45.168,844,13500,24000,(not validated),https://rfcx-streams-production.s3.eu-west-1.amazonaws.com/2023/06/21/jze8tiy9iurn/8c964cfb-a968-4681-8596-61fa6a65dfa2.flac?AWSAccessKeyId=AKIA45B7YWBX7MUJ7QCX&Expires=1777992887&Signature=LYKWPfhViLvy9DXklW05t7O%2FYh0%3D,0.215428,48477
1129061457,CR.Nam-2023-06-21_09-00.WAV,2023 Conaway Ranch North 1,2023,6,21,9,0,Agelaius tricolor,Simple Call,55.5627,56.3947,844,13500,24000,(not validated),https://rfcx-streams-production.s3.eu-west-1.amazonaws.com/2023/06/21/jze8tiy9iurn/8c964cfb-a968-4681-8596-61fa6a65dfa2.flac?AWSAccessKeyId=AKIA45B7YWBX7MUJ7QCX&Expires=1777992887&Signature=LYKWPfhViLvy9DXklW05t7O%2FYh0%3D,0.209105,48477
1129061458,CR.Nam-2023-06-21_09-00.WAV,2023 Conaway Ranch North 1,2023,6,21,9,0,Agelaius tricolor,Simple Call,56.784,57.616,844,13500,24000,(not validated),https://rfcx-streams-production.s3.eu-west-1.amazonaws.com/2023/06/21/jze8tiy9iurn/8c964cfb-a968-4681-8596-61fa6a65dfa2.flac?AWSAccessKeyId=AKIA45B7YWBX7MUJ7QCX&Expires=1777992887&Signature=LYKWPfhViLvy9DXklW05t7O%2FYh0%3D,0.204138,48477
1129061459,CR.Nam-2023-06-21_09-00.WAV,2023 Conaway Ranch North 1,2023,6,21,9,0,Agelaius tricolor,Simple Call,20.0213,20.8533,844,13500,24000,present,https://rfcx-streams-production.s3.eu-west-1.amazonaws.com/2023/06/21/jze8tiy9iurn/8c964cfb-a968-4681-8596-61fa6a65dfa2.flac?AWSAccessKeyId=AKIA45B7YWBX7MUJ7QCX&Expires=1777992887&Signature=LYKWPfhViLvy9DXklW05t7O%2FYh0%3D,0.200853,48477
1129061460,CR.Nam-2023-06-21_17-20.WAV,2023 Conaway Ranch North 1,2023,6,21,17,20,Agelaius tricolor,Simple Call,18.1067,18.9387,844,13500,24000,present,https://rfcx-streams-production.s3.eu-west-1.amazonaws.com/2023/06/22/jze8tiy9iurn/9997a784-bf04-42c6-804b-f605a997d6a5.flac?AWSAccessKeyId=AKIA45B7YWBX7MUJ7QCX&Expires=1777992887&Signature=V%2Fn05Q%2F3W0INyDwFP1D%2BCBsSLTA%3D,0.360359,48477
1129061461,CR.Nam-2023-06-21_17-20.WAV,2023 Conaway Ranch North 1,2023,6,21,17,20,Agelaius tricolor,Simple Call,17.68,18.512,844,13500,24000,present,https://rfcx-streams-production.s3.eu-west-1.amazonaws.com/2023/06/22/jze8tiy9iurn/9997a784-bf04-42c6-804b-f605a997d6a5.flac?AWSAccessKeyId=AKIA45B7YWBX7MUJ7QCX&Expires=1777992887&Signature=V%2Fn05Q%2F3W0INyDwFP1D%2BCBsSLTA%3D,0.342675,48477
1129061462,CR.Nam-2023-06-21_17-20.WAV,2023 Conaway Ranch North 1,2023,6,21,17,20,Agelaius tricolor,Simple Call,6.24,7.072,844,13500,24000,(not validated),https://rfcx-streams-production.s3.eu-west-1.amazonaws.com/2023/06/22/jze8tiy9iurn/9997a784-bf04-42c6-804b-f605a997d6a5.flac?AWSAccessKeyId=AKIA45B7YWBX7MUJ7QCX&Expires=1777992887&Signature=V%2Fn05Q%2F3W0INyDwFP1D%2BCBsSLTA%3D,0.281553,48477
1129061463,CR.Nam-2023-06-21_17-20.WAV,2023 Conaway Ranch North 1,2023,6,21,17,20,Agelaius tricolor,Simple Call,4.85867,5.69067,844,13500,24000,(not validated),https://rfcx-streams-production.s3.eu-west-1.amazonaws.com/2023/06/22/jze8tiy9iurn/9997a784-bf04-42c6-804b-f605a997d6a5.flac?AWSAccessKeyId=AKIA45B7YWBX7MUJ7QCX&Expires=1777992887&Signature=V%2Fn05Q%2F3W0INyDwFP1D%2BCBsSLTA%3D,0.240673,48477
1129061464,CR.Nam-2023-06-15_20-00.WAV,2023 Conaway Ranch North 1,2023,6,15,20,0,Agelaius tricolor,Simple Call,52.288,53.12,844,13500,24000,present,https://rfcx-streams-production.s3.eu-west-1.amazonaws.com/2023/06/16/jze8tiy9iurn/92c9cf5a-a2b8-4239-a20f-2418892b4e76.flac?AWSAccessKeyId=AKIA45B7YWBX7MUJ7QCX&Expires=1777992887&Signature=Z6KUIqyaUSbAbLuZc3nScYzwK8k%3D,0.381312,48477
1129061465,CR.Nam-2023-06-15_20-00.WAV,2023 Conaway Ranch North 1,2023,6,15,20,0,Agelaius tricolor,Simple Call,22.2347,23.0667,844,13500,24000,present,https://rfcx-streams-production.s3.eu-west-1.amazonaws.com/2023/06/16/jze8tiy9iurn/92c9cf5a-a2b8-4239-a20f-2418892b4e76.flac?AWSAccessKeyId=AKIA45B7YWBX7MUJ7QCX&Expires=1777992887&Signature=Z6KUIqyaUSbAbLuZc3nScYzwK8k%3D,0.316091,48477
1129061466,CR.Nam-2023-06-15_20-00.WAV,2023 Conaway Ranch North 1,2023,6,15,20,0,Agelaius tricolor,Simple Call,14.5387,15.3707,844,13500,24000,present,https://rfcx-streams-production.s3.eu-west-1.amazonaws.com/2023/06/16/jze8tiy9iurn/92c9cf5a-a2b8-4239-a20f-2418892b4e76.flac?AWSAccessKeyId=AKIA45B7YWBX7MUJ7QCX&Expires=1777992887&Signature=Z6KUIqyaUSbAbLuZc3nScYzwK8k%3D,0.299717,48477
1129061467,CR.Nam-2023-06-15_20-00.WAV,2023 Conaway Ranch North 1,2023,6,15,20,0,Agelaius tricolor,Simple Call,22.6613,23.4933,844,13500,24000,present,https://rfcx-streams-production.s3.eu-west-1.amazonaws.com/2023/06/16/jze8tiy9iurn/92c9cf5a-a2b8-4239-a20f-2418892b4e76.flac?AWSAccessKeyId=AKIA45B7YWBX7MUJ7QCX&Expires=1777992887&Signature=Z6KUIqyaUSbAbLuZc3nScYzwK8k%3D,0.297645,48477
1129061468,CR.Nam-2023-06-15_20-00.WAV,2023 Conaway Ranch North 1,2023,6,15,20,0,Agelaius tricolor,Simple Call,52.7093,53.5413,844,13500,24000,present,https://rfcx-streams-production.s3.eu-west-1.amazonaws.com/2023/06/16/jze8tiy9iurn/92c9cf5a-a2b8-4239-a20f-2418892b4e76.flac?AWSAccessKeyId=AKIA45B7YWBX7MUJ7QCX&Expires=1777992887&Signature=Z6KUIqyaUSbAbLuZc3nScYzwK8k%3D,0.286661,48477
1129061469,CR.Nam-2023-06-15_20-00.WAV,2023 Conaway Ranch North 1,2023,6,15,20,0,Agelaius tricolor,Simple Call,43.9733,44.8053,844,13500,24000,present,https://rfcx-streams-production.s3.eu-west-1.amazonaws.com/2023/06/16/jze8tiy9iurn/92c9cf5a-a2b8-4239-a20f-2418892b4e76.flac?AWSAccessKeyId=AKIA45B7YWBX7MUJ7QCX&Expires=1777992887&Signature=Z6KUIqyaUSbAbLuZc3nScYzwK8k%3D,0.279036,48477
1129061470,CR.Nam-2023-06-15_20-00.WAV,2023 Conaway Ranch North 1,2023,6,15,20,0,Agelaius tricolor,Simple Call,30.5013,31.3333,844,13500,24000,present,https://rfcx-streams-production.s3.eu-west-1.amazonaws.com/2023/06/16/jze8tiy9iurn/92c9cf5a-a2b8-4239-a20f-2418892b4e76.flac?AWSAccessKeyId=AKIA45B7YWBX7MUJ7QCX&Expires=1777992887&Signature=Z6KUIqyaUSbAbLuZc3nScYzwK8k%3D,0.278309,48477
1129061471,CR.Nam-2023-06-15_20-00.WAV,2023 Conaway Ranch North 1,2023,6,15,20,0,Agelaius tricolor,Simple Call,43.552,44.384,844,13500,24000,present,https://rfcx-streams-production.s3.eu-west-1.amazonaws.com/2023/06/16/jze8tiy9iurn/92c9cf5a-a2b8-4239-a20f-2418892b4e76.flac?AWSAccessKeyId=AKIA45B7YWBX7MUJ7QCX&Expires=1777992887&Signature=Z6KUIqyaUSbAbLuZc3nScYzwK8k%3D,0.268946,48477
1129061472,CR.Nam-2023-06-15_20-00.WAV,2023 Conaway Ranch North 1,2023,6,15,20,0,Agelaius tricolor,Simple Call,24.9653,25.7973,844,13500,24000,present,https://rfcx-streams-production.s3.eu-west-1.amazonaws.com/2023/06/16/jze8tiy9iurn/92c9cf5a-a2b8-4239-a20f-2418892b4e76.flac?AWSAccessKeyId=AKIA45B7YWBX7MUJ7QCX&Expires=1777992887&Signature=Z6KUIqyaUSbAbLuZc3nScYzwK8k%3D,0.236448,48477
1129061473,CR.Nam-2023-06-15_20-00.WAV,2023 Conaway Ranch North 1,2023,6,15,20,0,Agelaius tricolor,Simple Call,42.0533,42.8853,844,13500,24000,(not validated),https://rfcx-streams-production.s3.eu-west-1.amazonaws.com/2023/06/16/jze8tiy9iurn/92c9cf5a-a2b8-4239-a20f-2418892b4e76.flac?AWSAccessKeyId=AKIA45B7YWBX7MUJ7QCX&Expires=1777992887&Signature=Z6KUIqyaUSbAbLuZc3nScYzwK8k%3D,0.235458,48477
1129061474,CR.Nam-2023-06-15_17-40.WAV,2023 Conaway Ranch North 1,2023,6,15,17,40,Agelaius tricolor,Simple Call,31.2,32.032,844,13500,24000,present,https://rfcx-streams-production.s3.eu-west-1.amazonaws.com/2023/06/16/jze8tiy9iurn/0b48b205-be8a-4286-99f4-0b71f2d7c713.flac?AWSAccessKeyId=AKIA45B7YWBX7MUJ7QCX&Expires=1777992887&Signature=vN0bCnCU%2B2YFCZkkCgnNdeG%2FGLI%3D,0.304186,48477
1129061475,CR.Nam-2023-06-15_17-40.WAV,2023 Conaway Ranch North 1,2023,6,15,17,40,Agelaius tricolor,Simple Call,45.2107,46.0427,844,13500,24000,(not validated),https://rfcx-streams-production.s3.eu-west-1.amazonaws.com/2023/06/16/jze8tiy9iurn/0b48b205-be8a-4286-99f4-0b71f2d7c713.flac?AWSAccessKeyId=AKIA45B7YWBX7MUJ7QCX&Expires=1777992887&Signature=vN0bCnCU%2B2YFCZkkCgnNdeG%2FGLI%3D,0.256728,48477
1129061476,CR.Nam-2023-06-15_17-40.WAV,2023 Conaway Ranch North 1,2023,6,15,17,40,Agelaius tricolor,Simple Call,40.08,40.912,844,13500,24000,(not validated),https://rfcx-streams-production.s3.eu-west-1.amazonaws.com/2023/06/16/jze8tiy9iurn/0b48b205-be8a-4286-99f4-0b71f2d7c713.flac?AWSAccessKeyId=AKIA45B7YWBX7MUJ7QCX&Expires=1777992887&Signature=vN0bCnCU%2B2YFCZkkCgnNdeG%2FGLI%3D,0.233036,48477
1129061477,CR.Nam-2023-06-15_17-40.WAV,2023 Conaway Ranch North 1,2023,6,15,17,40,Agelaius tricolor,Simple Call,12.96,13.792,844,13500,24000,(not validated),https://rfcx-streams-production.s3.eu-west-1.amazonaws.com/2023/06/16/jze8tiy9iurn/0b48b205-be8a-4286-99f4-0b71f2d7c713.flac?AWSAccessKeyId=AKIA45B7YWBX7MUJ7QCX&Expires=1777992887&Signature=vN0bCnCU%2B2YFCZkkCgnNdeG%2FGLI%3D,0.219385,48477
1129061478,CR.Nam-2023-06-15_17-40.WAV,2023 Conaway Ranch North 1,2023,6,15,17,40,Agelaius tricolor,Simple Call,7.44533,8.27733,844,13500,24000,(not validated),https://rfcx-streams-production.s3.eu-west-1.amazonaws.com/2023/06/16/jze8tiy9iurn/0b48b205-be8a-4286-99f4-0b71f2d7c713.flac?AWSAccessKeyId=AKIA45B7YWBX7MUJ7QCX&Expires=1777992887&Signature=vN0bCnCU%2B2YFCZkkCgnNdeG%2FGLI%3D,0.212823,48477
1129061479,CR.Nam-2023-06-15_17-40.WAV,2023 Conaway Ranch North 1,2023,6,15,17,40,Agelaius tricolor,Simple Call,0.133333,0.965333,844,13500,24000,(not validated),https://rfcx-streams-production.s3.eu-west-1.amazonaws.com/2023/06/16/jze8tiy9iurn/0b48b205-be8a-4286-99f4-0b71f2d7c713.flac?AWSAccessKeyId=AKIA45B7YWBX7MUJ7QCX&Expires=1777992887&Signature=vN0bCnCU%2B2YFCZkkCgnNdeG%2FGLI%3D,0.203663,48477
1129061480,CR.Nam-2023-06-15_17-40.WAV,2023 Conaway Ranch North 1,2023,6,15,17,40,Agelaius tricolor,Simple Call,12.4853,13.3173,844,13500,24000,(not validated),https://rfcx-streams-production.s3.eu-west-1.amazonaws.com/2023/06/16/jze8tiy9iurn/0b48b205-be8a-4286-99f4-0b71f2d7c713.flac?AWSAccessKeyId=AKIA45B7YWBX7MUJ7QCX&Expires=1777992887&Signature=vN0bCnCU%2B2YFCZkkCgnNdeG%2FGLI%3D,0.203495,48477
1129061481,CR.Nam-2023-06-15_16-20.WAV,2023 Conaway Ranch North 1,2023,6,15,16,20,Agelaius tricolor,Simple Call,33.664,34.496,844,13500,24000,present,https://rfcx-streams-production.s3.eu-west-1.amazonaws.com/2023/06/15/jze8tiy9iurn/1ea99977-d7b5-4a08-9bac-a7dad59d89fa.flac?AWSAccessKeyId=AKIA45B7YWBX7MUJ7QCX&Expires=1777992887&Signature=FXMPOcBaMMc9BVrEeKNm7q9LWKs%3D,0.472226,48477
1129061482,CR.Nam-2023-06-15_16-20.WAV,2023 Conaway Ranch North 1,2023,6,15,16,20,Agelaius tricolor,Simple Call,41.1467,41.9787,844,13500,24000,present,https://rfcx-streams-production.s3.eu-west-1.amazonaws.com/2023/06/15/jze8tiy9iurn/1ea99977-d7b5-4a08-9bac-a7dad59d89fa.flac?AWSAccessKeyId=AKIA45B7YWBX7MUJ7QCX&Expires=1777992887&Signature=FXMPOcBaMMc9BVrEeKNm7q9LWKs%3D,0.388348,48477
1129061483,CR.Nam-2023-06-15_16-20.WAV,2023 Conaway Ranch North 1,2023,6,15,16,20,Agelaius tricolor,Simple Call,33.248,34.08,844,13500,24000,present,https://rfcx-streams-production.s3.eu-west-1.amazonaws.com/2023/06/15/jze8tiy9iurn/1ea99977-d7b5-4a08-9bac-a7dad59d89fa.flac?AWSAccessKeyId=AKIA45B7YWBX7MUJ7QCX&Expires=1777992887&Signature=FXMPOcBaMMc9BVrEeKNm7q9LWKs%3D,0.327849,48477
1129061484,CR.Nam-2023-06-15_16-20.WAV,2023 Conaway Ranch North 1,2023,6,15,16,20,Agelaius tricolor,Simple Call,58.256,59.088,844,13500,24000,(not validated),https://rfcx-streams-production.s3.eu-west-1.amazonaws.com/2023/06/15/jze8tiy9iurn/1ea99977-d7b5-4a08-9bac-a7dad59d89fa.flac?AWSAccessKeyId=AKIA45B7YWBX7MUJ7QCX&Expires=1777992887&Signature=FXMPOcBaMMc9BVrEeKNm7q9LWKs%3D,0.277768,48477
1129061485,CR.Nam-2023-06-15_16-20.WAV,2023 Conaway Ranch North 1,2023,6,15,16,20,Agelaius tricolor,Simple Call,27.52,28.352,844,13500,24000,(not validated),https://rfcx-streams-production.s3.eu-west-1.amazonaws.com/2023/06/15/jze8tiy9iurn/1ea99977-d7b5-4a08-9bac-a7dad59d89fa.flac?AWSAccessKeyId=AKIA45B7YWBX7MUJ7QCX&Expires=1777992887&Signature=FXMPOcBaMMc9BVrEeKNm7q9LWKs%3D,0.264053,48477
1129061486,CR.Nam-2023-06-15_16-20.WAV,2023 Conaway Ranch North 1,2023,6,15,16,20,Agelaius tricolor,Simple Call,57.5733,58.4053,844,13500,24000,(not validated),https://rfcx-streams-production.s3.eu-west-1.amazonaws.com/2023/06/15/jze8tiy9iurn/1ea99977-d7b5-4a08-9bac-a7dad59d89fa.flac?AWSAccessKeyId=AKIA45B7YWBX7MUJ7QCX&Expires=1777992887&Signature=FXMPOcBaMMc9BVrEeKNm7q9LWKs%3D,0.257086,48477
1129061487,CR.Nam-2023-06-15_16-20.WAV,2023 Conaway Ranch North 1,2023,6,15,16,20,Agelaius tricolor,Simple Call,34.4213,35.2533,844,13500,24000,(not validated),https://rfcx-streams-production.s3.eu-west-1.amazonaws.com/2023/06/15/jze8tiy9iurn/1ea99977-d7b5-4a08-9bac-a7dad59d89fa.flac?AWSAccessKeyId=AKIA45B7YWBX7MUJ7QCX&Expires=1777992887&Signature=FXMPOcBaMMc9BVrEeKNm7q9LWKs%3D,0.22643,48477
1129061488,CR.Nam-2023-06-15_16-20.WAV,2023 Conaway Ranch North 1,2023,6,15,16,20,Agelaius tricolor,Simple Call,39.184,40.016,844,13500,24000,(not validated),https://rfcx-streams-production.s3.eu-west-1.amazonaws.com/2023/06/15/jze8tiy9iurn/1ea99977-d7b5-4a08-9bac-a7dad59d89fa.flac?AWSAccessKeyId=AKIA45B7YWBX7MUJ7QCX&Expires=1777992887&Signature=FXMPOcBaMMc9BVrEeKNm7q9LWKs%3D,0.219365,48477
1129061489,CR.Nam-2023-06-15_11-00.WAV,2023 Conaway Ranch North 1,2023,6,15,11,0,Agelaius tricolor,Simple Call,58.8107,59.6427,844,13500,24000,present,https://rfcx-streams-production.s3.eu-west-1.amazonaws.com/2023/06/15/jze8tiy9iurn/77d0f3c2-f430-4cf1-8a5c-193235e132cf.flac?AWSAccessKeyId=AKIA45B7YWBX7MUJ7QCX&Expires=1777992887&Signature=Ayj5T2aaJkER0SWkiHIzlLyV26c%3D,0.423013,48477
1129061490,CR.Nam-2023-06-15_11-00.WAV,2023 Conaway Ranch North 1,2023,6,15,11,0,Agelaius tricolor,Simple Call,53.232,54.064,844,13500,24000,present,https://rfcx-streams-production.s3.eu-west-1.amazonaws.com/2023/06/15/jze8tiy9iurn/77d0f3c2-f430-4cf1-8a5c-193235e132cf.flac?AWSAccessKeyId=AKIA45B7YWBX7MUJ7QCX&Expires=1777992887&Signature=Ayj5T2aaJkER0SWkiHIzlLyV26c%3D,0.351791,48477
1129061491,CR.Nam-2023-06-15_11-00.WAV,2023 Conaway Ranch North 1,2023,6,15,11,0,Agelaius tricolor,Simple Call,46.6187,47.4507,844,13500,24000,present,https://rfcx-streams-production.s3.eu-west-1.amazonaws.com/2023/06/15/jze8tiy9iurn/77d0f3c2-f430-4cf1-8a5c-193235e132cf.flac?AWSAccessKeyId=AKIA45B7YWBX7MUJ7QCX&Expires=1777992887&Signature=Ayj5T2aaJkER0SWkiHIzlLyV26c%3D,0.346108,48477
1129061492,CR.Nam-2023-06-15_11-00.WAV,2023 Conaway Ranch North 1,2023,6,15,11,0,Agelaius tricolor,Simple Call,3.10933,3.94133,844,13500,24000,present,https://rfcx-streams-production.s3.eu-west-1.amazonaws.com/2023/06/15/jze8tiy9iurn/77d0f3c2-f430-4cf1-8a5c-193235e132cf.flac?AWSAccessKeyId=AKIA45B7YWBX7MUJ7QCX&Expires=1777992887&Signature=Ayj5T2aaJkER0SWkiHIzlLyV26c%3D,0.334201,48477
1129061493,CR.Nam-2023-06-15_11-00.WAV,2023 Conaway Ranch North 1,2023,6,15,11,0,Agelaius tricolor,Simple Call,34.448,35.28,844,13500,24000,(not validated),https://rfcx-streams-production.s3.eu-west-1.amazonaws.com/2023/06/15/jze8tiy9iurn/77d0f3c2-f430-4cf1-8a5c-193235e132cf.flac?AWSAccessKeyId=AKIA45B7YWBX7MUJ7QCX&Expires=1777992887&Signature=Ayj5T2aaJkER0SWkiHIzlLyV26c%3D,0.329584,48477
1129061494,CR.Nam-2023-06-15_11-00.WAV,2023 Conaway Ranch North 1,2023,6,15,11,0,Agelaius tricolor,Simple Call,15.04,15.872,844,13500,24000,present,https://rfcx-streams-production.s3.eu-west-1.amazonaws.com/2023/06/15/jze8tiy9iurn/77d0f3c2-f430-4cf1-8a5c-193235e132cf.flac?AWSAccessKeyId=AKIA45B7YWBX7MUJ7QCX&Expires=1777992887&Signature=Ayj5T2aaJkER0SWkiHIzlLyV26c%3D,0.323591,48477
1129061495,CR.Nam-2023-06-15_11-00.WAV,2023 Conaway Ranch North 1,2023,6,15,11,0,Agelaius tricolor,Simple Call,54.704,55.536,844,13500,24000,(not validated),https://rfcx-streams-production.s3.eu-west-1.amazonaws.com/2023/06/15/jze8tiy9iurn/77d0f3c2-f430-4cf1-8a5c-193235e132cf.flac?AWSAccessKeyId=AKIA45B7YWBX7MUJ7QCX&Expires=1777992887&Signature=Ayj5T2aaJkER0SWkiHIzlLyV26c%3D,0.304861,48477
1129061496,CR.Nam-2023-06-15_11-00.WAV,2023 Conaway Ranch North 1,2023,6,15,11,0,Agelaius tricolor,Simple Call,1.63733,2.46933,844,13500,24000,present,https://rfcx-streams-production.s3.eu-west-1.amazonaws.com/2023/06/15/jze8tiy9iurn/77d0f3c2-f430-4cf1-8a5c-193235e132cf.flac?AWSAccessKeyId=AKIA45B7YWBX7MUJ7QCX&Expires=1777992887&Signature=Ayj5T2aaJkER0SWkiHIzlLyV26c%3D,0.303983,48477
1129061497,CR.Nam-2023-06-15_11-00.WAV,2023 Conaway Ranch North 1,2023,6,15,11,0,Agelaius tricolor,Simple Call,5.25333,6.08533,844,13500,24000,present,https://rfcx-streams-production.s3.eu-west-1.amazonaws.com/2023/06/15/jze8tiy9iurn/77d0f3c2-f430-4cf1-8a5c-193235e132cf.flac?AWSAccessKeyId=AKIA45B7YWBX7MUJ7QCX&Expires=1777992887&Signature=Ayj5T2aaJkER0SWkiHIzlLyV26c%3D,0.295165,48477
1129061498,CR.Nam-2023-06-15_11-00.WAV,2023 Conaway Ranch North 1,2023,6,15,11,0,Agelaius tricolor,Simple Call,48.6187,49.4507,844,13500,24000,present,https://rfcx-streams-production.s3.eu-west-1.amazonaws.com/2023/06/15/jze8tiy9iurn/77d0f3c2-f430-4cf1-8a5c-193235e132cf.flac?AWSAccessKeyId=AKIA45B7YWBX7MUJ7QCX&Expires=1777992887&Signature=Ayj5T2aaJkER0SWkiHIzlLyV26c%3D,0.292767,48477
1129061499,CR.Nam-2023-06-15_12-00.WAV,2023 Conaway Ranch North 1,2023,6,15,12,0,Agelaius tricolor,Simple Call,20.1067,20.9387,844,13500,24000,present,https://rfcx-streams-production.s3.eu-west-1.amazonaws.com/2023/06/15/jze8tiy9iurn/151533c2-4d0d-436b-ab49-948e1fe6a95c.flac?AWSAccessKeyId=AKIA45B7YWBX7MUJ7QCX&Expires=1777992887&Signature=IbE7iePjpXMUa4elPv%2BJPC3pxw8%3D,0.362891,48477
1129061500,CR.Nam-2023-06-15_12-00.WAV,2023 Conaway Ranch North 1,2023,6,15,12,0,Agelaius tricolor,Simple Call,19.4133,20.2453,844,13500,24000,present,https://rfcx-streams-production.s3.eu-west-1.amazonaws.com/2023/06/15/jze8tiy9iurn/151533c2-4d0d-436b-ab49-948e1fe6a95c.flac?AWSAccessKeyId=AKIA45B7YWBX7MUJ7QCX&Expires=1777992887&Signature=IbE7iePjpXMUa4elPv%2BJPC3pxw8%3D,0.252345,48477
1129061501,CR.Nam-2023-06-15_12-00.WAV,2023 Conaway Ranch North 1,2023,6,15,12,0,Agelaius tricolor,Simple Call,44.9493,45.7813,844,13500,24000,(not validated),https://rfcx-streams-production.s3.eu-west-1.amazonaws.com/2023/06/15/jze8tiy9iurn/151533c2-4d0d-436b-ab49-948e1fe6a95c.flac?AWSAccessKeyId=AKIA45B7YWBX7MUJ7QCX&Expires=1777992887&Signature=IbE7iePjpXMUa4elPv%2BJPC3pxw8%3D,0.248791,48477
1129061502,CR.Nam-2023-06-15_12-00.WAV,2023 Conaway Ranch North 1,2023,6,15,12,0,Agelaius tricolor,Simple Call,29.424,30.256,844,13500,24000,(not validated),https://rfcx-streams-production.s3.eu-west-1.amazonaws.com/2023/06/15/jze8tiy9iurn/151533c2-4d0d-436b-ab49-948e1fe6a95c.flac?AWSAccessKeyId=AKIA45B7YWBX7MUJ7QCX&Expires=1777992887&Signature=IbE7iePjpXMUa4elPv%2BJPC3pxw8%3D,0.246392,48477
1129061503,CR.Nam-2023-06-15_12-00.WAV,2023 Conaway Ranch North 1,2023,6,15,12,0,Agelaius tricolor,Simple Call,16.32,17.152,844,13500,24000,present,https://rfcx-streams-production.s3.eu-west-1.amazonaws.com/2023/06/15/jze8tiy9iurn/151533c2-4d0d-436b-ab49-948e1fe6a95c.flac?AWSAccessKeyId=AKIA45B7YWBX7MUJ7QCX&Expires=1777992887&Signature=IbE7iePjpXMUa4elPv%2BJPC3pxw8%3D,0.233129,48477
1129061504,CR.Nam-2023-06-15_12-00.WAV,2023 Conaway Ranch North 1,2023,6,15,12,0,Agelaius tricolor,Simple Call,36.1707,37.0027,844,13500,24000,(not validated),https://rfcx-streams-production.s3.eu-west-1.amazonaws.com/2023/06/15/jze8tiy9iurn/151533c2-4d0d-436b-ab49-948e1fe6a95c.flac?AWSAccessKeyId=AKIA45B7YWBX7MUJ7QCX&Expires=1777992887&Signature=IbE7iePjpXMUa4elPv%2BJPC3pxw8%3D,0.228786,48477
1129061505,CR.Nam-2023-06-15_12-00.WAV,2023 Conaway Ranch North 1,2023,6,15,12,0,Agelaius tricolor,Simple Call,15.8987,16.7307,844,13500,24000,present,https://rfcx-streams-production.s3.eu-west-1.amazonaws.com/2023/06/15/jze8tiy9iurn/151533c2-4d0d-436b-ab49-948e1fe6a95c.flac?AWSAccessKeyId=AKIA45B7YWBX7MUJ7QCX&Expires=1777992887&Signature=IbE7iePjpXMUa4elPv%2BJPC3pxw8%3D,0.224575,48477
1129061506,CR.Nam-2023-06-15_12-00.WAV,2023 Conaway Ranch North 1,2023,6,15,12,0,Agelaius tricolor,Simple Call,31.4507,32.2827,844,13500,24000,(not validated),https://rfcx-streams-production.s3.eu-west-1.amazonaws.com/2023/06/15/jze8tiy9iurn/151533c2-4d0d-436b-ab49-948e1fe6a95c.flac?AWSAccessKeyId=AKIA45B7YWBX7MUJ7QCX&Expires=1777992887&Signature=IbE7iePjpXMUa4elPv%2BJPC3pxw8%3D,0.218774,48477
1129061507,CR.Nam-2023-06-15_12-00.WAV,2023 Conaway Ranch North 1,2023,6,15,12,0,Agelaius tricolor,Simple Call,47.4987,48.3307,844,13500,24000,(not validated),https://rfcx-streams-production.s3.eu-west-1.amazonaws.com/2023/06/15/jze8tiy9iurn/151533c2-4d0d-436b-ab49-948e1fe6a95c.flac?AWSAccessKeyId=AKIA45B7YWBX7MUJ7QCX&Expires=1777992887&Signature=IbE7iePjpXMUa4elPv%2BJPC3pxw8%3D,0.216658,48477
1129061508,CR.Nam-2023-06-15_12-00.WAV,2023 Conaway Ranch North 1,2023,6,15,12,0,Agelaius tricolor,Simple Call,47.008,47.84,844,13500,24000,(not validated),https://rfcx-streams-production.s3.eu-west-1.amazonaws.com/2023/06/15/jze8tiy9iurn/151533c2-4d0d-436b-ab49-948e1fe6a95c.flac?AWSAccessKeyId=AKIA45B7YWBX7MUJ7QCX&Expires=1777992887&Signature=IbE7iePjpXMUa4elPv%2BJPC3pxw8%3D,0.21234,48477
1129061509,CR.Nam-2023-06-23_10-40.WAV,2023 Conaway Ranch North 1,2023,6,23,10,40,Agelaius tricolor,Simple Call,26.6987,27.5307,844,13500,24000,present,https://rfcx-streams-production.s3.eu-west-1.amazonaws.com/2023/06/23/jze8tiy9iurn/697b341c-bc7c-4a01-9874-8ba94f9b60ad.flac?AWSAccessKeyId=AKIA45B7YWBX7MUJ7QCX&Expires=1777992887&Signature=tsHNZeJYaMHYIJl%2FccZK27JPvr0%3D,0.335153,48477
1129061510,CR.Nam-2023-06-23_10-40.WAV,2023 Conaway Ranch North 1,2023,6,23,10,40,Agelaius tricolor,Simple Call,27.1253,27.9573,844,13500,24000,present,https://rfcx-streams-production.s3.eu-west-1.amazonaws.com/2023/06/23/jze8tiy9iurn/697b341c-bc7c-4a01-9874-8ba94f9b60ad.flac?AWSAccessKeyId=AKIA45B7YWBX7MUJ7QCX&Expires=1777992887&Signature=tsHNZeJYaMHYIJl%2FccZK27JPvr0%3D,0.314188,48477
1129061511,CR.Nam-2023-06-23_10-40.WAV,2023 Conaway Ranch North 1,2023,6,23,10,40,Agelaius tricolor,Simple Call,5.65867,6.49067,844,13500,24000,(not validated),https://rfcx-streams-production.s3.eu-west-1.amazonaws.com/2023/06/23/jze8tiy9iurn/697b341c-bc7c-4a01-9874-8ba94f9b60ad.flac?AWSAccessKeyId=AKIA45B7YWBX7MUJ7QCX&Expires=1777992887&Signature=tsHNZeJYaMHYIJl%2FccZK27JPvr0%3D,0.311178,48477
1129061512,CR.Nam-2023-06-23_10-40.WAV,2023 Conaway Ranch North 1,2023,6,23,10,40,Agelaius tricolor,Simple Call,6.17067,7.00267,844,13500,24000,present,https://rfcx-streams-production.s3.eu-west-1.amazonaws.com/2023/06/23/jze8tiy9iurn/697b341c-bc7c-4a01-9874-8ba94f9b60ad.flac?AWSAccessKeyId=AKIA45B7YWBX7MUJ7QCX&Expires=1777992887&Signature=tsHNZeJYaMHYIJl%2FccZK27JPvr0%3D,0.307533,48477
1129061513,CR.Nam-2023-06-23_10-40.WAV,2023 Conaway Ranch North 1,2023,6,23,10,40,Agelaius tricolor,Simple Call,2.064,2.896,844,13500,24000,(not validated),https://rfcx-streams-production.s3.eu-west-1.amazonaws.com/2023/06/23/jze8tiy9iurn/697b341c-bc7c-4a01-9874-8ba94f9b60ad.flac?AWSAccessKeyId=AKIA45B7YWBX7MUJ7QCX&Expires=1777992887&Signature=tsHNZeJYaMHYIJl%2FccZK27JPvr0%3D,0.270397,48477
1129061514,CR.Nam-2023-06-23_10-40.WAV,2023 Conaway Ranch North 1,2023,6,23,10,40,Agelaius tricolor,Simple Call,9.296,10.128,844,13500,24000,present,https://rfcx-streams-production.s3.eu-west-1.amazonaws.com/2023/06/23/jze8tiy9iurn/697b341c-bc7c-4a01-9874-8ba94f9b60ad.flac?AWSAccessKeyId=AKIA45B7YWBX7MUJ7QCX&Expires=1777992887&Signature=tsHNZeJYaMHYIJl%2FccZK27JPvr0%3D,0.268283,48477
1129061515,CR.Nam-2023-06-23_10-40.WAV,2023 Conaway Ranch North 1,2023,6,23,10,40,Agelaius tricolor,Simple Call,9.72267,10.5547,844,13500,24000,present,https://rfcx-streams-production.s3.eu-west-1.amazonaws.com/2023/06/23/jze8tiy9iurn/697b341c-bc7c-4a01-9874-8ba94f9b60ad.flac?AWSAccessKeyId=AKIA45B7YWBX7MUJ7QCX&Expires=1777992887&Signature=tsHNZeJYaMHYIJl%2FccZK27JPvr0%3D,0.256107,48477
1129061516,CR.Nam-2023-06-23_10-40.WAV,2023 Conaway Ranch North 1,2023,6,23,10,40,Agelaius tricolor,Simple Call,45.7387,46.5707,844,13500,24000,(not validated),https://rfcx-streams-production.s3.eu-west-1.amazonaws.com/2023/06/23/jze8tiy9iurn/697b341c-bc7c-4a01-9874-8ba94f9b60ad.flac?AWSAccessKeyId=AKIA45B7YWBX7MUJ7QCX&Expires=1777992887&Signature=tsHNZeJYaMHYIJl%2FccZK27JPvr0%3D,0.231687,48477
1129061517,CR.Nam-2023-06-23_10-40.WAV,2023 Conaway Ranch North 1,2023,6,23,10,40,Agelaius tricolor,Simple Call,6.592,7.424,844,13500,24000,present,https://rfcx-streams-production.s3.eu-west-1.amazonaws.com/2023/06/23/jze8tiy9iurn/697b341c-bc7c-4a01-9874-8ba94f9b60ad.flac?AWSAccessKeyId=AKIA45B7YWBX7MUJ7QCX&Expires=1777992887&Signature=tsHNZeJYaMHYIJl%2FccZK27JPvr0%3D,0.22814,48477
1129061518,CR.Nam-2023-06-23_10-40.WAV,2023 Conaway Ranch North 1,2023,6,23,10,40,Agelaius tricolor,Simple Call,46.1653,46.9973,844,13500,24000,(not validated),https://rfcx-streams-production.s3.eu-west-1.amazonaws.com/2023/06/23/jze8tiy9iurn/697b341c-bc7c-4a01-9874-8ba94f9b60ad.flac?AWSAccessKeyId=AKIA45B7YWBX7MUJ7QCX&Expires=1777992887&Signature=tsHNZeJYaMHYIJl%2FccZK27JPvr0%3D,0.224633,48477
1129061519,CR.Nam-2023-06-23_08-20.WAV,2023 Conaway Ranch North 1,2023,6,23,8,20,Agelaius tricolor,Simple Call,40.5653,41.3973,844,13500,24000,present,https://rfcx-streams-production.s3.eu-west-1.amazonaws.com/2023/06/23/jze8tiy9iurn/b31084a7-21a0-4b2a-86c7-acad7ed4d8dc.flac?AWSAccessKeyId=AKIA45B7YWBX7MUJ7QCX&Expires=1777992887&Signature=y20jOCLyVyXNQLS3C3F74Qkut0M%3D,0.467109,48477
1129061520,CR.Nam-2023-06-23_08-20.WAV,2023 Conaway Ranch North 1,2023,6,23,8,20,Agelaius tricolor,Simple Call,45.3227,46.1547,844,13500,24000,(not validated),https://rfcx-streams-production.s3.eu-west-1.amazonaws.com/2023/06/23/jze8tiy9iurn/b31084a7-21a0-4b2a-86c7-acad7ed4d8dc.flac?AWSAccessKeyId=AKIA45B7YWBX7MUJ7QCX&Expires=1777992887&Signature=y20jOCLyVyXNQLS3C3F74Qkut0M%3D,0.310777,48477
1129061521,CR.Nam-2023-06-23_08-20.WAV,2023 Conaway Ranch North 1,2023,6,23,8,20,Agelaius tricolor,Simple Call,45.7387,46.5707,844,13500,24000,(not validated),https://rfcx-streams-production.s3.eu-west-1.amazonaws.com/2023/06/23/jze8tiy9iurn/b31084a7-21a0-4b2a-86c7-acad7ed4d8dc.flac?AWSAccessKeyId=AKIA45B7YWBX7MUJ7QCX&Expires=1777992887&Signature=y20jOCLyVyXNQLS3C3F74Qkut0M%3D,0.309484,48477
1129061522,CR.Nam-2023-06-23_08-20.WAV,2023 Conaway Ranch North 1,2023,6,23,8,20,Agelaius tricolor,Simple Call,51.968,52.8,844,13500,24000,(not validated),https://rfcx-streams-production.s3.eu-west-1.amazonaws.com/2023/06/23/jze8tiy9iurn/b31084a7-21a0-4b2a-86c7-acad7ed4d8dc.flac?AWSAccessKeyId=AKIA45B7YWBX7MUJ7QCX&Expires=1777992887&Signature=y20jOCLyVyXNQLS3C3F74Qkut0M%3D,0.295412,48477
1129061523,CR.Nam-2023-06-23_08-20.WAV,2023 Conaway Ranch North 1,2023,6,23,8,20,Agelaius tricolor,Simple Call,51.552,52.384,844,13500,24000,(not validated),https://rfcx-streams-production.s3.eu-west-1.amazonaws.com/2023/06/23/jze8tiy9iurn/b31084a7-21a0-4b2a-86c7-acad7ed4d8dc.flac?AWSAccessKeyId=AKIA45B7YWBX7MUJ7QCX&Expires=1777992887&Signature=y20jOCLyVyXNQLS3C3F74Qkut0M%3D,0.287409,48477
1129061524,CR.Nam-2023-06-23_08-20.WAV,2023 Conaway Ranch North 1,2023,6,23,8,20,Agelaius tricolor,Simple Call,12.096,12.928,844,13500,24000,(not validated),https://rfcx-streams-production.s3.eu-west-1.amazonaws.com/2023/06/23/jze8tiy9iurn/b31084a7-21a0-4b2a-86c7-acad7ed4d8dc.flac?AWSAccessKeyId=AKIA45B7YWBX7MUJ7QCX&Expires=1777992887&Signature=y20jOCLyVyXNQLS3C3F74Qkut0M%3D,0.224126,48477
1129061525,CR.Nam-2023-06-23_08-20.WAV,2023 Conaway Ranch North 1,2023,6,23,8,20,Agelaius tricolor,Simple Call,8.39467,9.22667,844,13500,24000,(not validated),https://rfcx-streams-production.s3.eu-west-1.amazonaws.com/2023/06/23/jze8tiy9iurn/b31084a7-21a0-4b2a-86c7-acad7ed4d8dc.flac?AWSAccessKeyId=AKIA45B7YWBX7MUJ7QCX&Expires=1777992887&Signature=y20jOCLyVyXNQLS3C3F74Qkut0M%3D,0.217047,48477
1129061526,CR.Nam-2023-06-23_06-00.WAV,2023 Conaway Ranch North 1,2023,6,23,6,0,Agelaius tricolor,Simple Call,40.7893,41.6213,844,13500,24000,present,https://rfcx-streams-production.s3.eu-west-1.amazonaws.com/2023/06/23/jze8tiy9iurn/795eb42a-d952-403b-86a3-d627df32667a.flac?AWSAccessKeyId=AKIA45B7YWBX7MUJ7QCX&Expires=1777992887&Signature=8IGGf0XLN82hJjiH8Qn%2FqtMLlAk%3D,0.420915,48477
1129061527,CR.Nam-2023-06-23_06-00.WAV,2023 Conaway Ranch North 1,2023,6,23,6,0,Agelaius tricolor,Simple Call,50.9707,51.8027,844,13500,24000,(not validated),https://rfcx-streams-production.s3.eu-west-1.amazonaws.com/2023/06/23/jze8tiy9iurn/795eb42a-d952-403b-86a3-d627df32667a.flac?AWSAccessKeyId=AKIA45B7YWBX7MUJ7QCX&Expires=1777992887&Signature=8IGGf0XLN82hJjiH8Qn%2FqtMLlAk%3D,0.373079,48477
1129061528,CR.Nam-2023-06-23_06-00.WAV,2023 Conaway Ranch North 1,2023,6,23,6,0,Agelaius tricolor,Simple Call,41.2107,42.0427,844,13500,24000,present,https://rfcx-streams-production.s3.eu-west-1.amazonaws.com/2023/06/23/jze8tiy9iurn/795eb42a-d952-403b-86a3-d627df32667a.flac?AWSAccessKeyId=AKIA45B7YWBX7MUJ7QCX&Expires=1777992887&Signature=8IGGf0XLN82hJjiH8Qn%2FqtMLlAk%3D,0.359982,48477
1129061529,CR.Nam-2023-06-23_06-00.WAV,2023 Conaway Ranch North 1,2023,6,23,6,0,Agelaius tricolor,Simple Call,50.5547,51.3867,844,13500,24000,(not validated),https://rfcx-streams-production.s3.eu-west-1.amazonaws.com/2023/06/23/jze8tiy9iurn/795eb42a-d952-403b-86a3-d627df32667a.flac?AWSAccessKeyId=AKIA45B7YWBX7MUJ7QCX&Expires=1777992887&Signature=8IGGf0XLN82hJjiH8Qn%2FqtMLlAk%3D,0.3102,48477
1129061530,CR.Nam-2023-06-23_06-00.WAV,2023 Conaway Ranch North 1,2023,6,23,6,0,Agelaius tricolor,Simple Call,29.0987,29.9307,844,13500,24000,(not validated),https://rfcx-streams-production.s3.eu-west-1.amazonaws.com/2023/06/23/jze8tiy9iurn/795eb42a-d952-403b-86a3-d627df32667a.flac?AWSAccessKeyId=AKIA45B7YWBX7MUJ7QCX&Expires=1777992887&Signature=8IGGf0XLN82hJjiH8Qn%2FqtMLlAk%3D,0.245294,48477
1129061531,CR.Nam-2023-06-23_06-00.WAV,2023 Conaway Ranch North 1,2023,6,23,6,0,Agelaius tricolor,Simple Call,9.08267,9.91467,844,13500,24000,(not validated),https://rfcx-streams-production.s3.eu-west-1.amazonaws.com/2023/06/23/jze8tiy9iurn/795eb42a-d952-403b-86a3-d627df32667a.flac?AWSAccessKeyId=AKIA45B7YWBX7MUJ7QCX&Expires=1777992887&Signature=8IGGf0XLN82hJjiH8Qn%2FqtMLlAk%3D,0.233538,48477
1129061532,CR.Nam-2023-06-23_06-00.WAV,2023 Conaway Ranch North 1,2023,6,23,6,0,Agelaius tricolor,Simple Call,52.1813,53.0133,844,13500,24000,(not validated),https://rfcx-streams-production.s3.eu-west-1.amazonaws.com/2023/06/23/jze8tiy9iurn/795eb42a-d952-403b-86a3-d627df32667a.flac?AWSAccessKeyId=AKIA45B7YWBX7MUJ7QCX&Expires=1777992887&Signature=8IGGf0XLN82hJjiH8Qn%2FqtMLlAk%3D,0.211731,48477
1129061533,CR.Nam-2023-06-23_06-00.WAV,2023 Conaway Ranch North 1,2023,6,23,6,0,Agelaius tricolor,Simple Call,10.8587,11.6907,844,13500,24000,(not validated),https://rfcx-streams-production.s3.eu-west-1.amazonaws.com/2023/06/23/jze8tiy9iurn/795eb42a-d952-403b-86a3-d627df32667a.flac?AWSAccessKeyId=AKIA45B7YWBX7MUJ7QCX&Expires=1777992887&Signature=8IGGf0XLN82hJjiH8Qn%2FqtMLlAk%3D,0.205663,48477
1129061534,CR.Nam-2023-06-23_06-00.WAV,2023 Conaway Ranch North 1,2023,6,23,6,0,Agelaius tricolor,Simple Call,53.4613,54.2933,844,13500,24000,(not validated),https://rfcx-streams-production.s3.eu-west-1.amazonaws.com/2023/06/23/jze8tiy9iurn/795eb42a-d952-403b-86a3-d627df32667a.flac?AWSAccessKeyId=AKIA45B7YWBX7MUJ7QCX&Expires=1777992887&Signature=8IGGf0XLN82hJjiH8Qn%2FqtMLlAk%3D,0.203037,48477
1129061535,CR.Nam-2023-06-23_06-00.WAV,2023 Conaway Ranch North 1,2023,6,23,6,0,Agelaius tricolor,Simple Call,10.3893,11.2213,844,13500,24000,(not validated),https://rfcx-streams-production.s3.eu-west-1.amazonaws.com/2023/06/23/jze8tiy9iurn/795eb42a-d952-403b-86a3-d627df32667a.flac?AWSAccessKeyId=AKIA45B7YWBX7MUJ7QCX&Expires=1777992887&Signature=8IGGf0XLN82hJjiH8Qn%2FqtMLlAk%3D,0.202346,48477
1129061536,CR.Nam-2023-06-23_06-20.WAV,2023 Conaway Ranch North 1,2023,6,23,6,20,Agelaius tricolor,Simple Call,31.6053,32.4373,844,13500,24000,present,https://rfcx-streams-production.s3.eu-west-1.amazonaws.com/2023/06/23/jze8tiy9iurn/9beec248-698a-44b3-b051-bc72973dd077.flac?AWSAccessKeyId=AKIA45B7YWBX7MUJ7QCX&Expires=1777992887&Signature=Np7ne7itgVhZfXLqWw6k3FD1Lg4%3D,0.442002,48477
1129061537,CR.Nam-2023-06-23_06-20.WAV,2023 Conaway Ranch North 1,2023,6,23,6,20,Agelaius tricolor,Simple Call,31.1787,32.0107,844,13500,24000,present,https://rfcx-streams-production.s3.eu-west-1.amazonaws.com/2023/06/23/jze8tiy9iurn/9beec248-698a-44b3-b051-bc72973dd077.flac?AWSAccessKeyId=AKIA45B7YWBX7MUJ7QCX&Expires=1777992887&Signature=Np7ne7itgVhZfXLqWw6k3FD1Lg4%3D,0.386601,48477
1129061538,CR.Nam-2023-06-23_06-20.WAV,2023 Conaway Ranch North 1,2023,6,23,6,20,Agelaius tricolor,Simple Call,56.8427,57.6747,844,13500,24000,(not validated),https://rfcx-streams-production.s3.eu-west-1.amazonaws.com/2023/06/23/jze8tiy9iurn/9beec248-698a-44b3-b051-bc72973dd077.flac?AWSAccessKeyId=AKIA45B7YWBX7MUJ7QCX&Expires=1777992887&Signature=Np7ne7itgVhZfXLqWw6k3FD1Lg4%3D,0.296318,48477
1129061539,CR.Nam-2023-06-23_06-20.WAV,2023 Conaway Ranch North 1,2023,6,23,6,20,Agelaius tricolor,Simple Call,35.328,36.16,844,13500,24000,(not validated),https://rfcx-streams-production.s3.eu-west-1.amazonaws.com/2023/06/23/jze8tiy9iurn/9beec248-698a-44b3-b051-bc72973dd077.flac?AWSAccessKeyId=AKIA45B7YWBX7MUJ7QCX&Expires=1777992887&Signature=Np7ne7itgVhZfXLqWw6k3FD1Lg4%3D,0.271073,48477
1129061540,CR.Nam-2023-06-23_06-20.WAV,2023 Conaway Ranch North 1,2023,6,23,6,20,Agelaius tricolor,Simple Call,8.48,9.312,844,13500,24000,(not validated),https://rfcx-streams-production.s3.eu-west-1.amazonaws.com/2023/06/23/jze8tiy9iurn/9beec248-698a-44b3-b051-bc72973dd077.flac?AWSAccessKeyId=AKIA45B7YWBX7MUJ7QCX&Expires=1777992887&Signature=Np7ne7itgVhZfXLqWw6k3FD1Lg4%3D,0.259923,48477
1129061541,CR.Nam-2023-06-23_06-20.WAV,2023 Conaway Ranch North 1,2023,6,23,6,20,Agelaius tricolor,Simple Call,34.5067,35.3387,844,13500,24000,(not validated),https://rfcx-streams-production.s3.eu-west-1.amazonaws.com/2023/06/23/jze8tiy9iurn/9beec248-698a-44b3-b051-bc72973dd077.flac?AWSAccessKeyId=AKIA45B7YWBX7MUJ7QCX&Expires=1777992887&Signature=Np7ne7itgVhZfXLqWw6k3FD1Lg4%3D,0.23843,48477
1129061542,CR.Nam-2023-06-23_06-20.WAV,2023 Conaway Ranch North 1,2023,6,23,6,20,Agelaius tricolor,Simple Call,43.3653,44.1973,844,13500,24000,(not validated),https://rfcx-streams-production.s3.eu-west-1.amazonaws.com/2023/06/23/jze8tiy9iurn/9beec248-698a-44b3-b051-bc72973dd077.flac?AWSAccessKeyId=AKIA45B7YWBX7MUJ7QCX&Expires=1777992887&Signature=Np7ne7itgVhZfXLqWw6k3FD1Lg4%3D,0.237241,48477
1129061543,CR.Nam-2023-06-23_06-20.WAV,2023 Conaway Ranch North 1,2023,6,23,6,20,Agelaius tricolor,Simple Call,41.4507,42.2827,844,13500,24000,(not validated),https://rfcx-streams-production.s3.eu-west-1.amazonaws.com/2023/06/23/jze8tiy9iurn/9beec248-698a-44b3-b051-bc72973dd077.flac?AWSAccessKeyId=AKIA45B7YWBX7MUJ7QCX&Expires=1777992887&Signature=Np7ne7itgVhZfXLqWw6k3FD1Lg4%3D,0.234843,48477
1129061544,CR.Nam-2023-06-23_06-20.WAV,2023 Conaway Ranch North 1,2023,6,23,6,20,Agelaius tricolor,Simple Call,42.8853,43.7173,844,13500,24000,(not validated),https://rfcx-streams-production.s3.eu-west-1.amazonaws.com/2023/06/23/jze8tiy9iurn/9beec248-698a-44b3-b051-bc72973dd077.flac?AWSAccessKeyId=AKIA45B7YWBX7MUJ7QCX&Expires=1777992887&Signature=Np7ne7itgVhZfXLqWw6k3FD1Lg4%3D,0.23237,48477
1129061545,CR.Nam-2023-06-23_06-20.WAV,2023 Conaway Ranch North 1,2023,6,23,6,20,Agelaius tricolor,Simple Call,17.3387,18.1707,844,13500,24000,(not validated),https://rfcx-streams-production.s3.eu-west-1.amazonaws.com/2023/06/23/jze8tiy9iurn/9beec248-698a-44b3-b051-bc72973dd077.flac?AWSAccessKeyId=AKIA45B7YWBX7MUJ7QCX&Expires=1777992887&Signature=Np7ne7itgVhZfXLqWw6k3FD1Lg4%3D,0.230937,48477
1129061546,CR.Nam-2023-06-22_16-00.WAV,2023 Conaway Ranch North 1,2023,6,22,16,0,Agelaius tricolor,Simple Call,44.3093,45.1413,844,13500,24000,present,https://rfcx-streams-production.s3.eu-west-1.amazonaws.com/2023/06/22/jze8tiy9iurn/343486b5-bd58-4bc3-8d7a-8d8c0ca762f1.flac?AWSAccessKeyId=AKIA45B7YWBX7MUJ7QCX&Expires=1777992887&Signature=Gs18L7%2BhWO9LOfHta8fPmw4h06s%3D,0.5104,48477
1129061547,CR.Nam-2023-06-22_16-00.WAV,2023 Conaway Ranch North 1,2023,6,22,16,0,Agelaius tricolor,Simple Call,47.4187,48.2507,844,13500,24000,present,https://rfcx-streams-production.s3.eu-west-1.amazonaws.com/2023/06/22/jze8tiy9iurn/343486b5-bd58-4bc3-8d7a-8d8c0ca762f1.flac?AWSAccessKeyId=AKIA45B7YWBX7MUJ7QCX&Expires=1777992887&Signature=Gs18L7%2BhWO9LOfHta8fPmw4h06s%3D,0.492755,48477
1129061548,CR.Nam-2023-06-22_16-00.WAV,2023 Conaway Ranch North 1,2023,6,22,16,0,Agelaius tricolor,Simple Call,54.4373,55.2693,844,13500,24000,present,https://rfcx-streams-production.s3.eu-west-1.amazonaws.com/2023/06/22/jze8tiy9iurn/343486b5-bd58-4bc3-8d7a-8d8c0ca762f1.flac?AWSAccessKeyId=AKIA45B7YWBX7MUJ7QCX&Expires=1777992887&Signature=Gs18L7%2BhWO9LOfHta8fPmw4h06s%3D,0.479765,48477
1129061549,CR.Nam-2023-06-22_16-00.WAV,2023 Conaway Ranch North 1,2023,6,22,16,0,Agelaius tricolor,Simple Call,41.68,42.512,844,13500,24000,present,https://rfcx-streams-production.s3.eu-west-1.amazonaws.com/2023/06/22/jze8tiy9iurn/343486b5-bd58-4bc3-8d7a-8d8c0ca762f1.flac?AWSAccessKeyId=AKIA45B7YWBX7MUJ7QCX&Expires=1777992887&Signature=Gs18L7%2BhWO9LOfHta8fPmw4h06s%3D,0.459324,48477
1129061550,CR.Nam-2023-06-22_16-00.WAV,2023 Conaway Ranch North 1,2023,6,22,16,0,Agelaius tricolor,Simple Call,51.104,51.936,844,13500,24000,present,https://rfcx-streams-production.s3.eu-west-1.amazonaws.com/2023/06/22/jze8tiy9iurn/343486b5-bd58-4bc3-8d7a-8d8c0ca762f1.flac?AWSAccessKeyId=AKIA45B7YWBX7MUJ7QCX&Expires=1777992887&Signature=Gs18L7%2BhWO9LOfHta8fPmw4h06s%3D,0.453975,48477
1129061551,CR.Nam-2023-06-22_16-00.WAV,2023 Conaway Ranch North 1,2023,6,22,16,0,Agelaius tricolor,Simple Call,46.608,47.44,844,13500,24000,present,https://rfcx-streams-production.s3.eu-west-1.amazonaws.com/2023/06/22/jze8tiy9iurn/343486b5-bd58-4bc3-8d7a-8d8c0ca762f1.flac?AWSAccessKeyId=AKIA45B7YWBX7MUJ7QCX&Expires=1777992887&Signature=Gs18L7%2BhWO9LOfHta8fPmw4h06s%3D,0.42754,48477
1129061552,CR.Nam-2023-06-22_16-00.WAV,2023 Conaway Ranch North 1,2023,6,22,16,0,Agelaius tricolor,Simple Call,52.3413,53.1733,844,13500,24000,present,https://rfcx-streams-production.s3.eu-west-1.amazonaws.com/2023/06/22/jze8tiy9iurn/343486b5-bd58-4bc3-8d7a-8d8c0ca762f1.flac?AWSAccessKeyId=AKIA45B7YWBX7MUJ7QCX&Expires=1777992887&Signature=Gs18L7%2BhWO9LOfHta8fPmw4h06s%3D,0.40868,48477
1129061553,CR.Nam-2023-06-22_16-00.WAV,2023 Conaway Ranch North 1,2023,6,22,16,0,Agelaius tricolor,Simple Call,46.1707,47.0027,844,13500,24000,present,https://rfcx-streams-production.s3.eu-west-1.amazonaws.com/2023/06/22/jze8tiy9iurn/343486b5-bd58-4bc3-8d7a-8d8c0ca762f1.flac?AWSAccessKeyId=AKIA45B7YWBX7MUJ7QCX&Expires=1777992887&Signature=Gs18L7%2BhWO9LOfHta8fPmw4h06s%3D,0.403587,48477
1129061554,CR.Nam-2023-06-22_16-00.WAV,2023 Conaway Ranch North 1,2023,6,22,16,0,Agelaius tricolor,Simple Call,55.4453,56.2773,844,13500,24000,present,https://rfcx-streams-production.s3.eu-west-1.amazonaws.com/2023/06/22/jze8tiy9iurn/343486b5-bd58-4bc3-8d7a-8d8c0ca762f1.flac?AWSAccessKeyId=AKIA45B7YWBX7MUJ7QCX&Expires=1777992887&Signature=Gs18L7%2BhWO9LOfHta8fPmw4h06s%3D,0.395851,48477
1129061555,CR.Nam-2023-06-22_16-00.WAV,2023 Conaway Ranch North 1,2023,6,22,16,0,Agelaius tricolor,Simple Call,43.312,44.144,844,13500,24000,present,https://rfcx-streams-production.s3.eu-west-1.amazonaws.com/2023/06/22/jze8tiy9iurn/343486b5-bd58-4bc3-8d7a-8d8c0ca762f1.flac?AWSAccessKeyId=AKIA45B7YWBX7MUJ7QCX&Expires=1777992887&Signature=Gs18L7%2BhWO9LOfHta8fPmw4h06s%3D,0.388103,48477
1129061556,CR.Nam-2023-06-22_06-40.WAV,2023 Conaway Ranch North 1,2023,6,22,6,40,Agelaius tricolor,Simple Call,2.59733,3.42933,844,13500,24000,present,https://rfcx-streams-production.s3.eu-west-1.amazonaws.com/2023/06/22/jze8tiy9iurn/94378cd6-5c14-4509-86a9-1dbf99e1c210.flac?AWSAccessKeyId=AKIA45B7YWBX7MUJ7QCX&Expires=1777992887&Signature=ZQ8GK7lrL9tYz2uTI1a4mP352vw%3D,0.43046,48477
1129061557,CR.Nam-2023-06-22_06-40.WAV,2023 Conaway Ranch North 1,2023,6,22,6,40,Agelaius tricolor,Simple Call,7.69067,8.52267,844,13500,24000,(not validated),https://rfcx-streams-production.s3.eu-west-1.amazonaws.com/2023/06/22/jze8tiy9iurn/94378cd6-5c14-4509-86a9-1dbf99e1c210.flac?AWSAccessKeyId=AKIA45B7YWBX7MUJ7QCX&Expires=1777992887&Signature=ZQ8GK7lrL9tYz2uTI1a4mP352vw%3D,0.396129,48477
1129061558,CR.Nam-2023-06-22_06-40.WAV,2023 Conaway Ranch North 1,2023,6,22,6,40,Agelaius tricolor,Simple Call,7.264,8.096,844,13500,24000,present,https://rfcx-streams-production.s3.eu-west-1.amazonaws.com/2023/06/22/jze8tiy9iurn/94378cd6-5c14-4509-86a9-1dbf99e1c210.flac?AWSAccessKeyId=AKIA45B7YWBX7MUJ7QCX&Expires=1777992887&Signature=ZQ8GK7lrL9tYz2uTI1a4mP352vw%3D,0.393133,48477
1129061559,CR.Nam-2023-06-22_06-40.WAV,2023 Conaway Ranch North 1,2023,6,22,6,40,Agelaius tricolor,Simple Call,24.192,25.024,844,13500,24000,(not validated),https://rfcx-streams-production.s3.eu-west-1.amazonaws.com/2023/06/22/jze8tiy9iurn/94378cd6-5c14-4509-86a9-1dbf99e1c210.flac?AWSAccessKeyId=AKIA45B7YWBX7MUJ7QCX&Expires=1777992887&Signature=ZQ8GK7lrL9tYz2uTI1a4mP352vw%3D,0.358868,48477
1129061560,CR.Nam-2023-06-22_06-40.WAV,2023 Conaway Ranch North 1,2023,6,22,6,40,Agelaius tricolor,Simple Call,3.01867,3.85067,844,13500,24000,present,https://rfcx-streams-production.s3.eu-west-1.amazonaws.com/2023/06/22/jze8tiy9iurn/94378cd6-5c14-4509-86a9-1dbf99e1c210.flac?AWSAccessKeyId=AKIA45B7YWBX7MUJ7QCX&Expires=1777992887&Signature=ZQ8GK7lrL9tYz2uTI1a4mP352vw%3D,0.300062,48477
1129061561,CR.Nam-2023-06-22_06-40.WAV,2023 Conaway Ranch North 1,2023,6,22,6,40,Agelaius tricolor,Simple Call,2.18133,3.01333,844,13500,24000,(not validated),https://rfcx-streams-production.s3.eu-west-1.amazonaws.com/2023/06/22/jze8tiy9iurn/94378cd6-5c14-4509-86a9-1dbf99e1c210.flac?AWSAccessKeyId=AKIA45B7YWBX7MUJ7QCX&Expires=1777992887&Signature=ZQ8GK7lrL9tYz2uTI1a4mP352vw%3D,0.268666,48477
1129061562,CR.Nam-2023-06-22_06-40.WAV,2023 Conaway Ranch North 1,2023,6,22,6,40,Agelaius tricolor,Simple Call,35.5093,36.3413,844,13500,24000,(not validated),https://rfcx-streams-production.s3.eu-west-1.amazonaws.com/2023/06/22/jze8tiy9iurn/94378cd6-5c14-4509-86a9-1dbf99e1c210.flac?AWSAccessKeyId=AKIA45B7YWBX7MUJ7QCX&Expires=1777992887&Signature=ZQ8GK7lrL9tYz2uTI1a4mP352vw%3D,0.25489,48477
1129061563,CR.Nam-2023-06-22_06-40.WAV,2023 Conaway Ranch North 1,2023,6,22,6,40,Agelaius tricolor,Simple Call,38.0373,38.8693,844,13500,24000,(not validated),https://rfcx-streams-production.s3.eu-west-1.amazonaws.com/2023/06/22/jze8tiy9iurn/94378cd6-5c14-4509-86a9-1dbf99e1c210.flac?AWSAccessKeyId=AKIA45B7YWBX7MUJ7QCX&Expires=1777992887&Signature=ZQ8GK7lrL9tYz2uTI1a4mP352vw%3D,0.219567,48477
1129061564,CR.Nam-2023-06-22_06-40.WAV,2023 Conaway Ranch North 1,2023,6,22,6,40,Agelaius tricolor,Simple Call,6.224,7.056,844,13500,24000,(not validated),https://rfcx-streams-production.s3.eu-west-1.amazonaws.com/2023/06/22/jze8tiy9iurn/94378cd6-5c14-4509-86a9-1dbf99e1c210.flac?AWSAccessKeyId=AKIA45B7YWBX7MUJ7QCX&Expires=1777992887&Signature=ZQ8GK7lrL9tYz2uTI1a4mP352vw%3D,0.215913,48477
1129061565,CR.Nam-2023-06-22_06-40.WAV,2023 Conaway Ranch North 1,2023,6,22,6,40,Agelaius tricolor,Simple Call,28.2133,29.0453,844,13500,24000,(not validated),https://rfcx-streams-production.s3.eu-west-1.amazonaws.com/2023/06/22/jze8tiy9iurn/94378cd6-5c14-4509-86a9-1dbf99e1c210.flac?AWSAccessKeyId=AKIA45B7YWBX7MUJ7QCX&Expires=1777992887&Signature=ZQ8GK7lrL9tYz2uTI1a4mP352vw%3D,0.205912,48477
1129061566,CR.Nam-2023-06-21_06-40.WAV,2023 Conaway Ranch North 1,2023,6,21,6,40,Agelaius tricolor,Simple Call,39.8667,40.6987,844,13500,24000,present,https://rfcx-streams-production.s3.eu-west-1.amazonaws.com/2023/06/21/jze8tiy9iurn/26c464e4-c833-42de-9508-7dbbe38272cb.flac?AWSAccessKeyId=AKIA45B7YWBX7MUJ7QCX&Expires=1777992887&Signature=Dl39ej6TdBbw05ja3Rtv6oO2EzM%3D,0.360668,48477
1129061567,CR.Nam-2023-06-21_06-40.WAV,2023 Conaway Ranch North 1,2023,6,21,6,40,Agelaius tricolor,Simple Call,32.1387,32.9707,844,13500,24000,(not validated),https://rfcx-streams-production.s3.eu-west-1.amazonaws.com/2023/06/21/jze8tiy9iurn/26c464e4-c833-42de-9508-7dbbe38272cb.flac?AWSAccessKeyId=AKIA45B7YWBX7MUJ7QCX&Expires=1777992887&Signature=Dl39ej6TdBbw05ja3Rtv6oO2EzM%3D,0.265868,48477
1129061568,CR.Nam-2023-06-21_06-40.WAV,2023 Conaway Ranch North 1,2023,6,21,6,40,Agelaius tricolor,Simple Call,40.5547,41.3867,844,13500,24000,(not validated),https://rfcx-streams-production.s3.eu-west-1.amazonaws.com/2023/06/21/jze8tiy9iurn/26c464e4-c833-42de-9508-7dbbe38272cb.flac?AWSAccessKeyId=AKIA45B7YWBX7MUJ7QCX&Expires=1777992887&Signature=Dl39ej6TdBbw05ja3Rtv6oO2EzM%3D,0.245028,48477
1129061569,CR.Nam-2023-06-21_06-40.WAV,2023 Conaway Ranch North 1,2023,6,21,6,40,Agelaius tricolor,Simple Call,56.4747,57.3067,844,13500,24000,(not validated),https://rfcx-streams-production.s3.eu-west-1.amazonaws.com/2023/06/21/jze8tiy9iurn/26c464e4-c833-42de-9508-7dbbe38272cb.flac?AWSAccessKeyId=AKIA45B7YWBX7MUJ7QCX&Expires=1777992887&Signature=Dl39ej6TdBbw05ja3Rtv6oO2EzM%3D,0.222593,48477
1129061570,CR.Nam-2023-06-18_19-00.WAV,2023 Conaway Ranch North 1,2023,6,18,19,0,Agelaius tricolor,Simple Call,30.2133,31.0453,844,13500,24000,present,https://rfcx-streams-production.s3.eu-west-1.amazonaws.com/2023/06/19/jze8tiy9iurn/3d20572a-3137-4ff8-acf5-a6d99cef18a0.flac?AWSAccessKeyId=AKIA45B7YWBX7MUJ7QCX&Expires=1777992887&Signature=z9Ybz7C3yMZM82DzJtKx0DW4%2F8s%3D,0.278949,48477
1129061571,CR.Nam-2023-06-18_19-00.WAV,2023 Conaway Ranch North 1,2023,6,18,19,0,Agelaius tricolor,Simple Call,30.64,31.472,844,13500,24000,present,https://rfcx-streams-production.s3.eu-west-1.amazonaws.com/2023/06/19/jze8tiy9iurn/3d20572a-3137-4ff8-acf5-a6d99cef18a0.flac?AWSAccessKeyId=AKIA45B7YWBX7MUJ7QCX&Expires=1777992887&Signature=z9Ybz7C3yMZM82DzJtKx0DW4%2F8s%3D,0.259433,48477
1129061572,CR.Nam-2023-06-18_19-00.WAV,2023 Conaway Ranch North 1,2023,6,18,19,0,Agelaius tricolor,Simple Call,52.5547,53.3867,844,13500,24000,(not validated),https://rfcx-streams-production.s3.eu-west-1.amazonaws.com/2023/06/19/jze8tiy9iurn/3d20572a-3137-4ff8-acf5-a6d99cef18a0.flac?AWSAccessKeyId=AKIA45B7YWBX7MUJ7QCX&Expires=1777992887&Signature=z9Ybz7C3yMZM82DzJtKx0DW4%2F8s%3D,0.241397,48477
1129061573,CR.Nam-2023-06-18_19-00.WAV,2023 Conaway Ranch North 1,2023,6,18,19,0,Agelaius tricolor,Simple Call,1.43467,2.26667,844,13500,24000,(not validated),https://rfcx-streams-production.s3.eu-west-1.amazonaws.com/2023/06/19/jze8tiy9iurn/3d20572a-3137-4ff8-acf5-a6d99cef18a0.flac?AWSAccessKeyId=AKIA45B7YWBX7MUJ7QCX&Expires=1777992887&Signature=z9Ybz7C3yMZM82DzJtKx0DW4%2F8s%3D,0.239826,48477
1129061574,CR.Nam-2023-06-18_19-00.WAV,2023 Conaway Ranch North 1,2023,6,18,19,0,Agelaius tricolor,Simple Call,39.6853,40.5173,844,13500,24000,(not validated),https://rfcx-streams-production.s3.eu-west-1.amazonaws.com/2023/06/19/jze8tiy9iurn/3d20572a-3137-4ff8-acf5-a6d99cef18a0.flac?AWSAccessKeyId=AKIA45B7YWBX7MUJ7QCX&Expires=1777992887&Signature=z9Ybz7C3yMZM82DzJtKx0DW4%2F8s%3D,0.238534,48477
1129061575,CR.Nam-2023-06-18_19-00.WAV,2023 Conaway Ranch North 1,2023,6,18,19,0,Agelaius tricolor,Simple Call,57.9573,58.7893,844,13500,24000,(not validated),https://rfcx-streams-production.s3.eu-west-1.amazonaws.com/2023/06/19/jze8tiy9iurn/3d20572a-3137-4ff8-acf5-a6d99cef18a0.flac?AWSAccessKeyId=AKIA45B7YWBX7MUJ7QCX&Expires=1777992887&Signature=z9Ybz7C3yMZM82DzJtKx0DW4%2F8s%3D,0.237852,48477
1129061576,CR.Nam-2023-06-18_19-00.WAV,2023 Conaway Ranch North 1,2023,6,18,19,0,Agelaius tricolor,Simple Call,39.2373,40.0693,844,13500,24000,(not validated),https://rfcx-streams-production.s3.eu-west-1.amazonaws.com/2023/06/19/jze8tiy9iurn/3d20572a-3137-4ff8-acf5-a6d99cef18a0.flac?AWSAccessKeyId=AKIA45B7YWBX7MUJ7QCX&Expires=1777992887&Signature=z9Ybz7C3yMZM82DzJtKx0DW4%2F8s%3D,0.230373,48477
1129061577,CR.Nam-2023-06-18_19-00.WAV,2023 Conaway Ranch North 1,2023,6,18,19,0,Agelaius tricolor,Simple Call,19.9893,20.8213,844,13500,24000,(not validated),https://rfcx-streams-production.s3.eu-west-1.amazonaws.com/2023/06/19/jze8tiy9iurn/3d20572a-3137-4ff8-acf5-a6d99cef18a0.flac?AWSAccessKeyId=AKIA45B7YWBX7MUJ7QCX&Expires=1777992887&Signature=z9Ybz7C3yMZM82DzJtKx0DW4%2F8s%3D,0.229131,48477
1129061578,CR.Nam-2023-06-18_19-00.WAV,2023 Conaway Ranch North 1,2023,6,18,19,0,Agelaius tricolor,Simple Call,14.4907,15.3227,844,13500,24000,(not validated),https://rfcx-streams-production.s3.eu-west-1.amazonaws.com/2023/06/19/jze8tiy9iurn/3d20572a-3137-4ff8-acf5-a6d99cef18a0.flac?AWSAccessKeyId=AKIA45B7YWBX7MUJ7QCX&Expires=1777992887&Signature=z9Ybz7C3yMZM82DzJtKx0DW4%2F8s%3D,0.22644,48477
1129061579,CR.Nam-2023-06-18_19-00.WAV,2023 Conaway Ranch North 1,2023,6,18,19,0,Agelaius tricolor,Simple Call,14.9653,15.7973,844,13500,24000,(not validated),https://rfcx-streams-production.s3.eu-west-1.amazonaws.com/2023/06/19/jze8tiy9iurn/3d20572a-3137-4ff8-acf5-a6d99cef18a0.flac?AWSAccessKeyId=AKIA45B7YWBX7MUJ7QCX&Expires=1777992887&Signature=z9Ybz7C3yMZM82DzJtKx0DW4%2F8s%3D,0.225373,48477
1129061580,CR.Nam-2023-06-18_10-00.WAV,2023 Conaway Ranch North 1,2023,6,18,10,0,Agelaius tricolor,Simple Call,56.72,57.552,844,13500,24000,(not validated),https://rfcx-streams-production.s3.eu-west-1.amazonaws.com/2023/06/18/jze8tiy9iurn/2e265f68-680f-4900-90ce-70bb4c54f9da.flac?AWSAccessKeyId=AKIA45B7YWBX7MUJ7QCX&Expires=1777992887&Signature=VegK4hMU62Buc5BK0oh96f4KIOk%3D,0.305819,48477
1129061581,CR.Nam-2023-06-18_10-00.WAV,2023 Conaway Ranch North 1,2023,6,18,10,0,Agelaius tricolor,Simple Call,10.0907,10.9227,844,13500,24000,(not validated),https://rfcx-streams-production.s3.eu-west-1.amazonaws.com/2023/06/18/jze8tiy9iurn/2e265f68-680f-4900-90ce-70bb4c54f9da.flac?AWSAccessKeyId=AKIA45B7YWBX7MUJ7QCX&Expires=1777992887&Signature=VegK4hMU62Buc5BK0oh96f4KIOk%3D,0.305082,48477
1129061582,CR.Nam-2023-06-18_10-00.WAV,2023 Conaway Ranch North 1,2023,6,18,10,0,Agelaius tricolor,Simple Call,46.3947,47.2267,844,13500,24000,(not validated),https://rfcx-streams-production.s3.eu-west-1.amazonaws.com/2023/06/18/jze8tiy9iurn/2e265f68-680f-4900-90ce-70bb4c54f9da.flac?AWSAccessKeyId=AKIA45B7YWBX7MUJ7QCX&Expires=1777992887&Signature=VegK4hMU62Buc5BK0oh96f4KIOk%3D,0.275685,48477
1129061583,CR.Nam-2023-06-18_10-00.WAV,2023 Conaway Ranch North 1,2023,6,18,10,0,Agelaius tricolor,Simple Call,24.3093,25.1413,844,13500,24000,(not validated),https://rfcx-streams-production.s3.eu-west-1.amazonaws.com/2023/06/18/jze8tiy9iurn/2e265f68-680f-4900-90ce-70bb4c54f9da.flac?AWSAccessKeyId=AKIA45B7YWBX7MUJ7QCX&Expires=1777992887&Signature=VegK4hMU62Buc5BK0oh96f4KIOk%3D,0.26869,48477
1129061584,CR.Nam-2023-06-18_10-00.WAV,2023 Conaway Ranch North 1,2023,6,18,10,0,Agelaius tricolor,Simple Call,35.4613,36.2933,844,13500,24000,(not validated),https://rfcx-streams-production.s3.eu-west-1.amazonaws.com/2023/06/18/jze8tiy9iurn/2e265f68-680f-4900-90ce-70bb4c54f9da.flac?AWSAccessKeyId=AKIA45B7YWBX7MUJ7QCX&Expires=1777992887&Signature=VegK4hMU62Buc5BK0oh96f4KIOk%3D,0.26703,48477
1129061585,CR.Nam-2023-06-18_10-00.WAV,2023 Conaway Ranch North 1,2023,6,18,10,0,Agelaius tricolor,Simple Call,22.2293,23.0613,844,13500,24000,(not validated),https://rfcx-streams-production.s3.eu-west-1.amazonaws.com/2023/06/18/jze8tiy9iurn/2e265f68-680f-4900-90ce-70bb4c54f9da.flac?AWSAccessKeyId=AKIA45B7YWBX7MUJ7QCX&Expires=1777992887&Signature=VegK4hMU62Buc5BK0oh96f4KIOk%3D,0.263551,48477
1129061586,CR.Nam-2023-06-18_10-00.WAV,2023 Conaway Ranch North 1,2023,6,18,10,0,Agelaius tricolor,Simple Call,57.1413,57.9733,844,13500,24000,(not validated),https://rfcx-streams-production.s3.eu-west-1.amazonaws.com/2023/06/18/jze8tiy9iurn/2e265f68-680f-4900-90ce-70bb4c54f9da.flac?AWSAccessKeyId=AKIA45B7YWBX7MUJ7QCX&Expires=1777992887&Signature=VegK4hMU62Buc5BK0oh96f4KIOk%3D,0.263192,48477
1129061587,CR.Nam-2023-06-18_10-00.WAV,2023 Conaway Ranch North 1,2023,6,18,10,0,Agelaius tricolor,Simple Call,9.60533,10.4373,844,13500,24000,(not validated),https://rfcx-streams-production.s3.eu-west-1.amazonaws.com/2023/06/18/jze8tiy9iurn/2e265f68-680f-4900-90ce-70bb4c54f9da.flac?AWSAccessKeyId=AKIA45B7YWBX7MUJ7QCX&Expires=1777992887&Signature=VegK4hMU62Buc5BK0oh96f4KIOk%3D,0.238554,48477
1129061588,CR.Nam-2023-06-18_10-00.WAV,2023 Conaway Ranch North 1,2023,6,18,10,0,Agelaius tricolor,Simple Call,39.52,40.352,844,13500,24000,(not validated),https://rfcx-streams-production.s3.eu-west-1.amazonaws.com/2023/06/18/jze8tiy9iurn/2e265f68-680f-4900-90ce-70bb4c54f9da.flac?AWSAccessKeyId=AKIA45B7YWBX7MUJ7QCX&Expires=1777992887&Signature=VegK4hMU62Buc5BK0oh96f4KIOk%3D,0.235193,48477
1129061589,CR.Nam-2023-06-18_10-00.WAV,2023 Conaway Ranch North 1,2023,6,18,10,0,Agelaius tricolor,Simple Call,23.8933,24.7253,844,13500,24000,(not validated),https://rfcx-streams-production.s3.eu-west-1.amazonaws.com/2023/06/18/jze8tiy9iurn/2e265f68-680f-4900-90ce-70bb4c54f9da.flac?AWSAccessKeyId=AKIA45B7YWBX7MUJ7QCX&Expires=1777992887&Signature=VegK4hMU62Buc5BK0oh96f4KIOk%3D,0.200661,48477
1129061590,CR.Nam-2023-06-18_12-00.WAV,2023 Conaway Ranch North 1,2023,6,18,12,0,Agelaius tricolor,Simple Call,17.072,17.904,844,13500,24000,present,https://rfcx-streams-production.s3.eu-west-1.amazonaws.com/2023/06/18/jze8tiy9iurn/fbac9dd4-3f01-4178-974b-dc24c04f657e.flac?AWSAccessKeyId=AKIA45B7YWBX7MUJ7QCX&Expires=1777992887&Signature=2yU5j3PF0NDE3dA5o02id5uy7aw%3D,0.41855,48477
1129061591,CR.Nam-2023-06-18_12-00.WAV,2023 Conaway Ranch North 1,2023,6,18,12,0,Agelaius tricolor,Simple Call,17.4933,18.3253,844,13500,24000,present,https://rfcx-streams-production.s3.eu-west-1.amazonaws.com/2023/06/18/jze8tiy9iurn/fbac9dd4-3f01-4178-974b-dc24c04f657e.flac?AWSAccessKeyId=AKIA45B7YWBX7MUJ7QCX&Expires=1777992887&Signature=2yU5j3PF0NDE3dA5o02id5uy7aw%3D,0.376244,48477
1129061592,CR.Nam-2023-06-18_12-00.WAV,2023 Conaway Ranch North 1,2023,6,18,12,0,Agelaius tricolor,Simple Call,55.1947,56.0267,844,13500,24000,(not validated),https://rfcx-streams-production.s3.eu-west-1.amazonaws.com/2023/06/18/jze8tiy9iurn/fbac9dd4-3f01-4178-974b-dc24c04f657e.flac?AWSAccessKeyId=AKIA45B7YWBX7MUJ7QCX&Expires=1777992887&Signature=2yU5j3PF0NDE3dA5o02id5uy7aw%3D,0.361127,48477
1129061593,CR.Nam-2023-06-18_12-00.WAV,2023 Conaway Ranch North 1,2023,6,18,12,0,Agelaius tricolor,Simple Call,18.448,19.28,844,13500,24000,(not validated),https://rfcx-streams-production.s3.eu-west-1.amazonaws.com/2023/06/18/jze8tiy9iurn/fbac9dd4-3f01-4178-974b-dc24c04f657e.flac?AWSAccessKeyId=AKIA45B7YWBX7MUJ7QCX&Expires=1777992887&Signature=2yU5j3PF0NDE3dA5o02id5uy7aw%3D,0.355798,48477
1129061594,CR.Nam-2023-06-18_12-00.WAV,2023 Conaway Ranch North 1,2023,6,18,12,0,Agelaius tricolor,Simple Call,18.0267,18.8587,844,13500,24000,(not validated),https://rfcx-streams-production.s3.eu-west-1.amazonaws.com/2023/06/18/jze8tiy9iurn/fbac9dd4-3f01-4178-974b-dc24c04f657e.flac?AWSAccessKeyId=AKIA45B7YWBX7MUJ7QCX&Expires=1777992887&Signature=2yU5j3PF0NDE3dA5o02id5uy7aw%3D,0.337243,48477
1129061595,CR.Nam-2023-06-18_12-00.WAV,2023 Conaway Ranch North 1,2023,6,18,12,0,Agelaius tricolor,Simple Call,9.41333,10.2453,844,13500,24000,(not validated),https://rfcx-streams-production.s3.eu-west-1.amazonaws.com/2023/06/18/jze8tiy9iurn/fbac9dd4-3f01-4178-974b-dc24c04f657e.flac?AWSAccessKeyId=AKIA45B7YWBX7MUJ7QCX&Expires=1777992887&Signature=2yU5j3PF0NDE3dA5o02id5uy7aw%3D,0.304256,48477
1129061596,CR.Nam-2023-06-18_12-00.WAV,2023 Conaway Ranch North 1,2023,6,18,12,0,Agelaius tricolor,Simple Call,22.0053,22.8373,844,13500,24000,(not validated),https://rfcx-streams-production.s3.eu-west-1.amazonaws.com/2023/06/18/jze8tiy9iurn/fbac9dd4-3f01-4178-974b-dc24c04f657e.flac?AWSAccessKeyId=AKIA45B7YWBX7MUJ7QCX&Expires=1777992887&Signature=2yU5j3PF0NDE3dA5o02id5uy7aw%3D,0.300814,48477
1129061597,CR.Nam-2023-06-18_12-00.WAV,2023 Conaway Ranch North 1,2023,6,18,12,0,Agelaius tricolor,Simple Call,55.824,56.656,844,13500,24000,(not validated),https://rfcx-streams-production.s3.eu-west-1.amazonaws.com/2023/06/18/jze8tiy9iurn/fbac9dd4-3f01-4178-974b-dc24c04f657e.flac?AWSAccessKeyId=AKIA45B7YWBX7MUJ7QCX&Expires=1777992887&Signature=2yU5j3PF0NDE3dA5o02id5uy7aw%3D,0.277737,48477
1129061598,CR.Nam-2023-06-18_12-00.WAV,2023 Conaway Ranch North 1,2023,6,18,12,0,Agelaius tricolor,Simple Call,54.224,55.056,844,13500,24000,(not validated),https://rfcx-streams-production.s3.eu-west-1.amazonaws.com/2023/06/18/jze8tiy9iurn/fbac9dd4-3f01-4178-974b-dc24c04f657e.flac?AWSAccessKeyId=AKIA45B7YWBX7MUJ7QCX&Expires=1777992887&Signature=2yU5j3PF0NDE3dA5o02id5uy7aw%3D,0.274454,48477
1129061599,CR.Nam-2023-06-18_12-00.WAV,2023 Conaway Ranch North 1,2023,6,18,12,0,Agelaius tricolor,Simple Call,11.1787,12.0107,844,13500,24000,(not validated),https://rfcx-streams-production.s3.eu-west-1.amazonaws.com/2023/06/18/jze8tiy9iurn/fbac9dd4-3f01-4178-974b-dc24c04f657e.flac?AWSAccessKeyId=AKIA45B7YWBX7MUJ7QCX&Expires=1777992887&Signature=2yU5j3PF0NDE3dA5o02id5uy7aw%3D,0.273631,48477
1129061600,CR.Nam-2023-06-18_07-00.WAV,2023 Conaway Ranch North 1,2023,6,18,7,0,Agelaius tricolor,Simple Call,8.688,9.52,844,13500,24000,present,https://rfcx-streams-production.s3.eu-west-1.amazonaws.com/2023/06/18/jze8tiy9iurn/90c387cd-39fc-46b9-b62c-3d5eb8d2efb6.flac?AWSAccessKeyId=AKIA45B7YWBX7MUJ7QCX&Expires=1777992887&Signature=9rT19qitZA%2FPL47zOYgqYFTB2Og%3D,0.415767,48477
1129061601,CR.Nam-2023-06-18_07-00.WAV,2023 Conaway Ranch North 1,2023,6,18,7,0,Agelaius tricolor,Simple Call,8.26667,9.09867,844,13500,24000,present,https://rfcx-streams-production.s3.eu-west-1.amazonaws.com/2023/06/18/jze8tiy9iurn/90c387cd-39fc-46b9-b62c-3d5eb8d2efb6.flac?AWSAccessKeyId=AKIA45B7YWBX7MUJ7QCX&Expires=1777992887&Signature=9rT19qitZA%2FPL47zOYgqYFTB2Og%3D,0.396993,48477
1129061602,CR.Nam-2023-06-18_07-00.WAV,2023 Conaway Ranch North 1,2023,6,18,7,0,Agelaius tricolor,Simple Call,10.2987,11.1307,844,13500,24000,(not validated),https://rfcx-streams-production.s3.eu-west-1.amazonaws.com/2023/06/18/jze8tiy9iurn/90c387cd-39fc-46b9-b62c-3d5eb8d2efb6.flac?AWSAccessKeyId=AKIA45B7YWBX7MUJ7QCX&Expires=1777992887&Signature=9rT19qitZA%2FPL47zOYgqYFTB2Og%3D,0.298341,48477
1129061603,CR.Nam-2023-06-18_07-00.WAV,2023 Conaway Ranch North 1,2023,6,18,7,0,Agelaius tricolor,Simple Call,31.0347,31.8667,844,13500,24000,(not validated),https://rfcx-streams-production.s3.eu-west-1.amazonaws.com/2023/06/18/jze8tiy9iurn/90c387cd-39fc-46b9-b62c-3d5eb8d2efb6.flac?AWSAccessKeyId=AKIA45B7YWBX7MUJ7QCX&Expires=1777992887&Signature=9rT19qitZA%2FPL47zOYgqYFTB2Og%3D,0.284912,48477
1129061604,CR.Nam-2023-06-18_07-00.WAV,2023 Conaway Ranch North 1,2023,6,18,7,0,Agelaius tricolor,Simple Call,22.2507,23.0827,844,13500,24000,(not validated),https://rfcx-streams-production.s3.eu-west-1.amazonaws.com/2023/06/18/jze8tiy9iurn/90c387cd-39fc-46b9-b62c-3d5eb8d2efb6.flac?AWSAccessKeyId=AKIA45B7YWBX7MUJ7QCX&Expires=1777992887&Signature=9rT19qitZA%2FPL47zOYgqYFTB2Og%3D,0.274092,48477
1129061605,CR.Nam-2023-06-18_07-00.WAV,2023 Conaway Ranch North 1,2023,6,18,7,0,Agelaius tricolor,Simple Call,7.25867,8.09067,844,13500,24000,(not validated),https://rfcx-streams-production.s3.eu-west-1.amazonaws.com/2023/06/18/jze8tiy9iurn/90c387cd-39fc-46b9-b62c-3d5eb8d2efb6.flac?AWSAccessKeyId=AKIA45B7YWBX7MUJ7QCX&Expires=1777992887&Signature=9rT19qitZA%2FPL47zOYgqYFTB2Og%3D,0.257584,48477
1129061606,CR.Nam-2023-06-18_07-00.WAV,2023 Conaway Ranch North 1,2023,6,18,7,0,Agelaius tricolor,Simple Call,9.64267,10.4747,844,13500,24000,(not validated),https://rfcx-streams-production.s3.eu-west-1.amazonaws.com/2023/06/18/jze8tiy9iurn/90c387cd-39fc-46b9-b62c-3d5eb8d2efb6.flac?AWSAccessKeyId=AKIA45B7YWBX7MUJ7QCX&Expires=1777992887&Signature=9rT19qitZA%2FPL47zOYgqYFTB2Og%3D,0.246262,48477
1129061607,CR.Nam-2023-06-18_07-00.WAV,2023 Conaway Ranch North 1,2023,6,18,7,0,Agelaius tricolor,Simple Call,49.4293,50.2613,844,13500,24000,(not validated),https://rfcx-streams-production.s3.eu-west-1.amazonaws.com/2023/06/18/jze8tiy9iurn/90c387cd-39fc-46b9-b62c-3d5eb8d2efb6.flac?AWSAccessKeyId=AKIA45B7YWBX7MUJ7QCX&Expires=1777992887&Signature=9rT19qitZA%2FPL47zOYgqYFTB2Og%3D,0.233187,48477
1129061608,CR.Nam-2023-06-18_07-00.WAV,2023 Conaway Ranch North 1,2023,6,18,7,0,Agelaius tricolor,Simple Call,48.6933,49.5253,844,13500,24000,(not validated),https://rfcx-streams-production.s3.eu-west-1.amazonaws.com/2023/06/18/jze8tiy9iurn/90c387cd-39fc-46b9-b62c-3d5eb8d2efb6.flac?AWSAccessKeyId=AKIA45B7YWBX7MUJ7QCX&Expires=1777992887&Signature=9rT19qitZA%2FPL47zOYgqYFTB2Og%3D,0.232493,48477
1129061609,CR.Nam-2023-06-18_07-00.WAV,2023 Conaway Ranch North 1,2023,6,18,7,0,Agelaius tricolor,Simple Call,32.5013,33.3333,844,13500,24000,(not validated),https://rfcx-streams-production.s3.eu-west-1.amazonaws.com/2023/06/18/jze8tiy9iurn/90c387cd-39fc-46b9-b62c-3d5eb8d2efb6.flac?AWSAccessKeyId=AKIA45B7YWBX7MUJ7QCX&Expires=1777992887&Signature=9rT19qitZA%2FPL47zOYgqYFTB2Og%3D,0.223567,48477
1129061610,CR.Nam-2023-06-17_19-00.WAV,2023 Conaway Ranch North 1,2023,6,17,19,0,Agelaius tricolor,Simple Call,40.6933,41.5253,844,13500,24000,present,https://rfcx-streams-production.s3.eu-west-1.amazonaws.com/2023/06/18/jze8tiy9iurn/f6d8230a-38f5-4bd8-b60c-203499e1a442.flac?AWSAccessKeyId=AKIA45B7YWBX7MUJ7QCX&Expires=1777992887&Signature=NhJwGZP3dDfA5HH1E2I7svoHC4Y%3D,0.553316,48477
1129061611,CR.Nam-2023-06-17_19-00.WAV,2023 Conaway Ranch North 1,2023,6,17,19,0,Agelaius tricolor,Simple Call,57.5733,58.4053,844,13500,24000,(not validated),https://rfcx-streams-production.s3.eu-west-1.amazonaws.com/2023/06/18/jze8tiy9iurn/f6d8230a-38f5-4bd8-b60c-203499e1a442.flac?AWSAccessKeyId=AKIA45B7YWBX7MUJ7QCX&Expires=1777992887&Signature=NhJwGZP3dDfA5HH1E2I7svoHC4Y%3D,0.400737,48477
1129061612,CR.Nam-2023-06-17_19-00.WAV,2023 Conaway Ranch North 1,2023,6,17,19,0,Agelaius tricolor,Simple Call,15.424,16.256,844,13500,24000,(not validated),https://rfcx-streams-production.s3.eu-west-1.amazonaws.com/2023/06/18/jze8tiy9iurn/f6d8230a-38f5-4bd8-b60c-203499e1a442.flac?AWSAccessKeyId=AKIA45B7YWBX7MUJ7QCX&Expires=1777992887&Signature=NhJwGZP3dDfA5HH1E2I7svoHC4Y%3D,0.38065,48477
1129061613,CR.Nam-2023-06-17_19-00.WAV,2023 Conaway Ranch North 1,2023,6,17,19,0,Agelaius tricolor,Simple Call,26.6667,27.4987,844,13500,24000,(not validated),https://rfcx-streams-production.s3.eu-west-1.amazonaws.com/2023/06/18/jze8tiy9iurn/f6d8230a-38f5-4bd8-b60c-203499e1a442.flac?AWSAccessKeyId=AKIA45B7YWBX7MUJ7QCX&Expires=1777992887&Signature=NhJwGZP3dDfA5HH1E2I7svoHC4Y%3D,0.35999,48477
1129061614,CR.Nam-2023-06-17_19-00.WAV,2023 Conaway Ranch North 1,2023,6,17,19,0,Agelaius tricolor,Simple Call,57.1573,57.9893,844,13500,24000,(not validated),https://rfcx-streams-production.s3.eu-west-1.amazonaws.com/2023/06/18/jze8tiy9iurn/f6d8230a-38f5-4bd8-b60c-203499e1a442.flac?AWSAccessKeyId=AKIA45B7YWBX7MUJ7QCX&Expires=1777992887&Signature=NhJwGZP3dDfA5HH1E2I7svoHC4Y%3D,0.352895,48477
1129061615,CR.Nam-2023-06-17_19-00.WAV,2023 Conaway Ranch North 1,2023,6,17,19,0,Agelaius tricolor,Simple Call,23.4773,24.3093,844,13500,24000,(not validated),https://rfcx-streams-production.s3.eu-west-1.amazonaws.com/2023/06/18/jze8tiy9iurn/f6d8230a-38f5-4bd8-b60c-203499e1a442.flac?AWSAccessKeyId=AKIA45B7YWBX7MUJ7QCX&Expires=1777992887&Signature=NhJwGZP3dDfA5HH1E2I7svoHC4Y%3D,0.351932,48477
1129061616,CR.Nam-2023-06-17_19-00.WAV,2023 Conaway Ranch North 1,2023,6,17,19,0,Agelaius tricolor,Simple Call,36.064,36.896,844,13500,24000,(not validated),https://rfcx-streams-production.s3.eu-west-1.amazonaws.com/2023/06/18/jze8tiy9iurn/f6d8230a-38f5-4bd8-b60c-203499e1a442.flac?AWSAccessKeyId=AKIA45B7YWBX7MUJ7QCX&Expires=1777992887&Signature=NhJwGZP3dDfA5HH1E2I7svoHC4Y%3D,0.344947,48477
1129061617,CR.Nam-2023-06-17_19-00.WAV,2023 Conaway Ranch North 1,2023,6,17,19,0,Agelaius tricolor,Simple Call,40.2453,41.0773,844,13500,24000,present,https://rfcx-streams-production.s3.eu-west-1.amazonaws.com/2023/06/18/jze8tiy9iurn/f6d8230a-38f5-4bd8-b60c-203499e1a442.flac?AWSAccessKeyId=AKIA45B7YWBX7MUJ7QCX&Expires=1777992887&Signature=NhJwGZP3dDfA5HH1E2I7svoHC4Y%3D,0.339602,48477
1129061618,CR.Nam-2023-06-17_19-00.WAV,2023 Conaway Ranch North 1,2023,6,17,19,0,Agelaius tricolor,Simple Call,58.5173,59.3493,844,13500,24000,(not validated),https://rfcx-streams-production.s3.eu-west-1.amazonaws.com/2023/06/18/jze8tiy9iurn/f6d8230a-38f5-4bd8-b60c-203499e1a442.flac?AWSAccessKeyId=AKIA45B7YWBX7MUJ7QCX&Expires=1777992887&Signature=NhJwGZP3dDfA5HH1E2I7svoHC4Y%3D,0.327207,48477
1129061619,CR.Nam-2023-06-17_19-00.WAV,2023 Conaway Ranch North 1,2023,6,17,19,0,Agelaius tricolor,Simple Call,43.952,44.784,844,13500,24000,(not validated),https://rfcx-streams-production.s3.eu-west-1.amazonaws.com/2023/06/18/jze8tiy9iurn/f6d8230a-38f5-4bd8-b60c-203499e1a442.flac?AWSAccessKeyId=AKIA45B7YWBX7MUJ7QCX&Expires=1777992887&Signature=NhJwGZP3dDfA5HH1E2I7svoHC4Y%3D,0.325685,48477
1129061620,CR.Nam-2023-06-17_16-40.WAV,2023 Conaway Ranch North 1,2023,6,17,16,40,Agelaius tricolor,Simple Call,13.5573,14.3893,844,13500,24000,present,https://rfcx-streams-production.s3.eu-west-1.amazonaws.com/2023/06/17/jze8tiy9iurn/8f66042b-2771-419d-934d-5567f4727acd.flac?AWSAccessKeyId=AKIA45B7YWBX7MUJ7QCX&Expires=1777992887&Signature=1hMayOzTjoRJsFdq2ha0BLryTzI%3D,0.309472,48477
1129061621,CR.Nam-2023-06-17_16-40.WAV,2023 Conaway Ranch North 1,2023,6,17,16,40,Agelaius tricolor,Simple Call,13.9787,14.8107,844,13500,24000,present,https://rfcx-streams-production.s3.eu-west-1.amazonaws.com/2023/06/17/jze8tiy9iurn/8f66042b-2771-419d-934d-5567f4727acd.flac?AWSAccessKeyId=AKIA45B7YWBX7MUJ7QCX&Expires=1777992887&Signature=1hMayOzTjoRJsFdq2ha0BLryTzI%3D,0.265464,48477
1129061622,CR.Nam-2023-06-17_16-40.WAV,2023 Conaway Ranch North 1,2023,6,17,16,40,Agelaius tricolor,Simple Call,49.2053,50.0373,844,13500,24000,(not validated),https://rfcx-streams-production.s3.eu-west-1.amazonaws.com/2023/06/17/jze8tiy9iurn/8f66042b-2771-419d-934d-5567f4727acd.flac?AWSAccessKeyId=AKIA45B7YWBX7MUJ7QCX&Expires=1777992887&Signature=1hMayOzTjoRJsFdq2ha0BLryTzI%3D,0.250881,48477
1129061623,CR.Nam-2023-06-17_16-40.WAV,2023 Conaway Ranch North 1,2023,6,17,16,40,Agelaius tricolor,Simple Call,7.584,8.416,844,13500,24000,(not validated),https://rfcx-streams-production.s3.eu-west-1.amazonaws.com/2023/06/17/jze8tiy9iurn/8f66042b-2771-419d-934d-5567f4727acd.flac?AWSAccessKeyId=AKIA45B7YWBX7MUJ7QCX&Expires=1777992887&Signature=1hMayOzTjoRJsFdq2ha0BLryTzI%3D,0.241652,48477
1129061624,CR.Nam-2023-06-17_16-40.WAV,2023 Conaway Ranch North 1,2023,6,17,16,40,Agelaius tricolor,Simple Call,22.5813,23.4133,844,13500,24000,(not validated),https://rfcx-streams-production.s3.eu-west-1.amazonaws.com/2023/06/17/jze8tiy9iurn/8f66042b-2771-419d-934d-5567f4727acd.flac?AWSAccessKeyId=AKIA45B7YWBX7MUJ7QCX&Expires=1777992887&Signature=1hMayOzTjoRJsFdq2ha0BLryTzI%3D,0.236776,48477
1129061625,CR.Nam-2023-06-17_16-40.WAV,2023 Conaway Ranch North 1,2023,6,17,16,40,Agelaius tricolor,Simple Call,32.9867,33.8187,844,13500,24000,(not validated),https://rfcx-streams-production.s3.eu-west-1.amazonaws.com/2023/06/17/jze8tiy9iurn/8f66042b-2771-419d-934d-5567f4727acd.flac?AWSAccessKeyId=AKIA45B7YWBX7MUJ7QCX&Expires=1777992887&Signature=1hMayOzTjoRJsFdq2ha0BLryTzI%3D,0.22635,48477
1129061626,CR.Nam-2023-06-17_16-40.WAV,2023 Conaway Ranch North 1,2023,6,17,16,40,Agelaius tricolor,Simple Call,45.8987,46.7307,844,13500,24000,(not validated),https://rfcx-streams-production.s3.eu-west-1.amazonaws.com/2023/06/17/jze8tiy9iurn/8f66042b-2771-419d-934d-5567f4727acd.flac?AWSAccessKeyId=AKIA45B7YWBX7MUJ7QCX&Expires=1777992887&Signature=1hMayOzTjoRJsFdq2ha0BLryTzI%3D,0.2218,48477
1129061627,CR.Nam-2023-06-17_16-40.WAV,2023 Conaway Ranch North 1,2023,6,17,16,40,Agelaius tricolor,Simple Call,27.712,28.544,844,13500,24000,(not validated),https://rfcx-streams-production.s3.eu-west-1.amazonaws.com/2023/06/17/jze8tiy9iurn/8f66042b-2771-419d-934d-5567f4727acd.flac?AWSAccessKeyId=AKIA45B7YWBX7MUJ7QCX&Expires=1777992887&Signature=1hMayOzTjoRJsFdq2ha0BLryTzI%3D,0.215237,48477
1129061628,CR.Nam-2023-06-17_16-40.WAV,2023 Conaway Ranch North 1,2023,6,17,16,40,Agelaius tricolor,Simple Call,3.78667,4.61867,844,13500,24000,(not validated),https://rfcx-streams-production.s3.eu-west-1.amazonaws.com/2023/06/17/jze8tiy9iurn/8f66042b-2771-419d-934d-5567f4727acd.flac?AWSAccessKeyId=AKIA45B7YWBX7MUJ7QCX&Expires=1777992887&Signature=1hMayOzTjoRJsFdq2ha0BLryTzI%3D,0.213389,48477
1129061629,CR.Nam-2023-06-17_16-40.WAV,2023 Conaway Ranch North 1,2023,6,17,16,40,Agelaius tricolor,Simple Call,0.218667,1.05067,844,13500,24000,(not validated),https://rfcx-streams-production.s3.eu-west-1.amazonaws.com/2023/06/17/jze8tiy9iurn/8f66042b-2771-419d-934d-5567f4727acd.flac?AWSAccessKeyId=AKIA45B7YWBX7MUJ7QCX&Expires=1777992887&Signature=1hMayOzTjoRJsFdq2ha0BLryTzI%3D,0.210964,48477
1129061630,CR.Nam-2023-06-17_16-00.WAV,2023 Conaway Ranch North 1,2023,6,17,16,0,Agelaius tricolor,Simple Call,9.21067,10.0427,844,13500,24000,present,https://rfcx-streams-production.s3.eu-west-1.amazonaws.com/2023/06/17/jze8tiy9iurn/aa629696-7ead-42e9-a2cb-db6bb49eecbf.flac?AWSAccessKeyId=AKIA45B7YWBX7MUJ7QCX&Expires=1777992887&Signature=pC1RQd2259gceWvRlvg4FHweX2Q%3D,0.379999,48477
1129061631,CR.Nam-2023-06-17_16-00.WAV,2023 Conaway Ranch North 1,2023,6,17,16,0,Agelaius tricolor,Simple Call,5.57333,6.40533,844,13500,24000,present,https://rfcx-streams-production.s3.eu-west-1.amazonaws.com/2023/06/17/jze8tiy9iurn/aa629696-7ead-42e9-a2cb-db6bb49eecbf.flac?AWSAccessKeyId=AKIA45B7YWBX7MUJ7QCX&Expires=1777992887&Signature=pC1RQd2259gceWvRlvg4FHweX2Q%3D,0.346427,48477
1129061632,CR.Nam-2023-06-17_16-00.WAV,2023 Conaway Ranch North 1,2023,6,17,16,0,Agelaius tricolor,Simple Call,58.0107,58.8427,844,13500,24000,present,https://rfcx-streams-production.s3.eu-west-1.amazonaws.com/2023/06/17/jze8tiy9iurn/aa629696-7ead-42e9-a2cb-db6bb49eecbf.flac?AWSAccessKeyId=AKIA45B7YWBX7MUJ7QCX&Expires=1777992887&Signature=pC1RQd2259gceWvRlvg4FHweX2Q%3D,0.32396,48477
1129061633,CR.Nam-2023-06-17_16-00.WAV,2023 Conaway Ranch North 1,2023,6,17,16,0,Agelaius tricolor,Simple Call,9.632,10.464,844,13500,24000,present,https://rfcx-streams-production.s3.eu-west-1.amazonaws.com/2023/06/17/jze8tiy9iurn/aa629696-7ead-42e9-a2cb-db6bb49eecbf.flac?AWSAccessKeyId=AKIA45B7YWBX7MUJ7QCX&Expires=1777992887&Signature=pC1RQd2259gceWvRlvg4FHweX2Q%3D,0.321975,48477
1129061634,CR.Nam-2023-06-17_16-00.WAV,2023 Conaway Ranch North 1,2023,6,17,16,0,Agelaius tricolor,Simple Call,58.432,59.264,844,13500,24000,present,https://rfcx-streams-production.s3.eu-west-1.amazonaws.com/2023/06/17/jze8tiy9iurn/aa629696-7ead-42e9-a2cb-db6bb49eecbf.flac?AWSAccessKeyId=AKIA45B7YWBX7MUJ7QCX&Expires=1777992887&Signature=pC1RQd2259gceWvRlvg4FHweX2Q%3D,0.321182,48477
1129061635,CR.Nam-2023-06-17_16-00.WAV,2023 Conaway Ranch North 1,2023,6,17,16,0,Agelaius tricolor,Simple Call,5.98933,6.82133,844,13500,24000,present,https://rfcx-streams-production.s3.eu-west-1.amazonaws.com/2023/06/17/jze8tiy9iurn/aa629696-7ead-42e9-a2cb-db6bb49eecbf.flac?AWSAccessKeyId=AKIA45B7YWBX7MUJ7QCX&Expires=1777992887&Signature=pC1RQd2259gceWvRlvg4FHweX2Q%3D,0.277631,48477
1129061636,CR.Nam-2023-06-17_16-00.WAV,2023 Conaway Ranch North 1,2023,6,17,16,0,Agelaius tricolor,Simple Call,3.632,4.464,844,13500,24000,(not validated),https://rfcx-streams-production.s3.eu-west-1.amazonaws.com/2023/06/17/jze8tiy9iurn/aa629696-7ead-42e9-a2cb-db6bb49eecbf.flac?AWSAccessKeyId=AKIA45B7YWBX7MUJ7QCX&Expires=1777992887&Signature=pC1RQd2259gceWvRlvg4FHweX2Q%3D,0.262248,48477
1129061637,CR.Nam-2023-06-17_16-00.WAV,2023 Conaway Ranch North 1,2023,6,17,16,0,Agelaius tricolor,Simple Call,54.4,55.232,844,13500,24000,(not validated),https://rfcx-streams-production.s3.eu-west-1.amazonaws.com/2023/06/17/jze8tiy9iurn/aa629696-7ead-42e9-a2cb-db6bb49eecbf.flac?AWSAccessKeyId=AKIA45B7YWBX7MUJ7QCX&Expires=1777992887&Signature=pC1RQd2259gceWvRlvg4FHweX2Q%3D,0.261859,48477
1129061638,CR.Nam-2023-06-17_16-00.WAV,2023 Conaway Ranch North 1,2023,6,17,16,0,Agelaius tricolor,Simple Call,4.07467,4.90667,844,13500,24000,(not validated),https://rfcx-streams-production.s3.eu-west-1.amazonaws.com/2023/06/17/jze8tiy9iurn/aa629696-7ead-42e9-a2cb-db6bb49eecbf.flac?AWSAccessKeyId=AKIA45B7YWBX7MUJ7QCX&Expires=1777992887&Signature=pC1RQd2259gceWvRlvg4FHweX2Q%3D,0.26175,48477
1129061639,CR.Nam-2023-06-17_16-00.WAV,2023 Conaway Ranch North 1,2023,6,17,16,0,Agelaius tricolor,Simple Call,6.41067,7.24267,844,13500,24000,(not validated),https://rfcx-streams-production.s3.eu-west-1.amazonaws.com/2023/06/17/jze8tiy9iurn/aa629696-7ead-42e9-a2cb-db6bb49eecbf.flac?AWSAccessKeyId=AKIA45B7YWBX7MUJ7QCX&Expires=1777992887&Signature=pC1RQd2259gceWvRlvg4FHweX2Q%3D,0.243101,48477
1129061640,CR.Nam-2023-06-17_14-20.WAV,2023 Conaway Ranch North 1,2023,6,17,14,20,Agelaius tricolor,Simple Call,45.2533,46.0853,844,13500,24000,present,https://rfcx-streams-production.s3.eu-west-1.amazonaws.com/2023/06/17/jze8tiy9iurn/aac58e21-13c7-4973-8b4f-1efc12749ba8.flac?AWSAccessKeyId=AKIA45B7YWBX7MUJ7QCX&Expires=1777992887&Signature=NxBfRmDH%2BeXgQp18YVzva6wIRF8%3D,0.447738,48477
1129061641,CR.Nam-2023-06-17_14-20.WAV,2023 Conaway Ranch North 1,2023,6,17,14,20,Agelaius tricolor,Simple Call,44.832,45.664,844,13500,24000,present,https://rfcx-streams-production.s3.eu-west-1.amazonaws.com/2023/06/17/jze8tiy9iurn/aac58e21-13c7-4973-8b4f-1efc12749ba8.flac?AWSAccessKeyId=AKIA45B7YWBX7MUJ7QCX&Expires=1777992887&Signature=NxBfRmDH%2BeXgQp18YVzva6wIRF8%3D,0.4032,48477
1129061642,CR.Nam-2023-06-17_14-20.WAV,2023 Conaway Ranch North 1,2023,6,17,14,20,Agelaius tricolor,Simple Call,4.93333,5.76533,844,13500,24000,(not validated),https://rfcx-streams-production.s3.eu-west-1.amazonaws.com/2023/06/17/jze8tiy9iurn/aac58e21-13c7-4973-8b4f-1efc12749ba8.flac?AWSAccessKeyId=AKIA45B7YWBX7MUJ7QCX&Expires=1777992887&Signature=NxBfRmDH%2BeXgQp18YVzva6wIRF8%3D,0.268724,48477
1129061643,CR.Nam-2023-06-17_14-20.WAV,2023 Conaway Ranch North 1,2023,6,17,14,20,Agelaius tricolor,Simple Call,10.368,11.2,844,13500,24000,(not validated),https://rfcx-streams-production.s3.eu-west-1.amazonaws.com/2023/06/17/jze8tiy9iurn/aac58e21-13c7-4973-8b4f-1efc12749ba8.flac?AWSAccessKeyId=AKIA45B7YWBX7MUJ7QCX&Expires=1777992887&Signature=NxBfRmDH%2BeXgQp18YVzva6wIRF8%3D,0.257686,48477
1129061644,CR.Nam-2023-06-17_14-20.WAV,2023 Conaway Ranch North 1,2023,6,17,14,20,Agelaius tricolor,Simple Call,0.314667,1.14667,844,13500,24000,(not validated),https://rfcx-streams-production.s3.eu-west-1.amazonaws.com/2023/06/17/jze8tiy9iurn/aac58e21-13c7-4973-8b4f-1efc12749ba8.flac?AWSAccessKeyId=AKIA45B7YWBX7MUJ7QCX&Expires=1777992887&Signature=NxBfRmDH%2BeXgQp18YVzva6wIRF8%3D,0.237687,48477
1129061645,CR.Nam-2023-06-17_14-20.WAV,2023 Conaway Ranch North 1,2023,6,17,14,20,Agelaius tricolor,Simple Call,32.7147,33.5467,844,13500,24000,(not validated),https://rfcx-streams-production.s3.eu-west-1.amazonaws.com/2023/06/17/jze8tiy9iurn/aac58e21-13c7-4973-8b4f-1efc12749ba8.flac?AWSAccessKeyId=AKIA45B7YWBX7MUJ7QCX&Expires=1777992887&Signature=NxBfRmDH%2BeXgQp18YVzva6wIRF8%3D,0.230822,48477
1129061646,CR.Nam-2023-06-17_14-20.WAV,2023 Conaway Ranch North 1,2023,6,17,14,20,Agelaius tricolor,Simple Call,33.136,33.968,844,13500,24000,(not validated),https://rfcx-streams-production.s3.eu-west-1.amazonaws.com/2023/06/17/jze8tiy9iurn/aac58e21-13c7-4973-8b4f-1efc12749ba8.flac?AWSAccessKeyId=AKIA45B7YWBX7MUJ7QCX&Expires=1777992887&Signature=NxBfRmDH%2BeXgQp18YVzva6wIRF8%3D,0.225817,48477
1129061647,CR.Nam-2023-06-17_14-20.WAV,2023 Conaway Ranch North 1,2023,6,17,14,20,Agelaius tricolor,Simple Call,15.4453,16.2773,844,13500,24000,(not validated),https://rfcx-streams-production.s3.eu-west-1.amazonaws.com/2023/06/17/jze8tiy9iurn/aac58e21-13c7-4973-8b4f-1efc12749ba8.flac?AWSAccessKeyId=AKIA45B7YWBX7MUJ7QCX&Expires=1777992887&Signature=NxBfRmDH%2BeXgQp18YVzva6wIRF8%3D,0.217079,48477
1129061648,CR.Nam-2023-06-17_14-20.WAV,2023 Conaway Ranch North 1,2023,6,17,14,20,Agelaius tricolor,Simple Call,15.0187,15.8507,844,13500,24000,(not validated),https://rfcx-streams-production.s3.eu-west-1.amazonaws.com/2023/06/17/jze8tiy9iurn/aac58e21-13c7-4973-8b4f-1efc12749ba8.flac?AWSAccessKeyId=AKIA45B7YWBX7MUJ7QCX&Expires=1777992887&Signature=NxBfRmDH%2BeXgQp18YVzva6wIRF8%3D,0.212896,48477
1129061649,CR.Nam-2023-06-17_14-20.WAV,2023 Conaway Ranch North 1,2023,6,17,14,20,Agelaius tricolor,Simple Call,37.3493,38.1813,844,13500,24000,(not validated),https://rfcx-streams-production.s3.eu-west-1.amazonaws.com/2023/06/17/jze8tiy9iurn/aac58e21-13c7-4973-8b4f-1efc12749ba8.flac?AWSAccessKeyId=AKIA45B7YWBX7MUJ7QCX&Expires=1777992887&Signature=NxBfRmDH%2BeXgQp18YVzva6wIRF8%3D,0.204801,48477
1129061650,CR.Nam-2023-06-25_06-40.WAV,2023 Conaway Ranch North 1,2023,6,25,6,40,Agelaius tricolor,Simple Call,42.4533,43.2853,844,13500,24000,present,https://rfcx-streams-production.s3.eu-west-1.amazonaws.com/2023/06/25/jze8tiy9iurn/a6b97848-2f56-43ea-ad4b-95c7b858c92f.flac?AWSAccessKeyId=AKIA45B7YWBX7MUJ7QCX&Expires=1777992887&Signature=OKGEzxr4TqrrVYAe87%2F9sHVHhRg%3D,0.451761,48477
1129061651,CR.Nam-2023-06-25_06-40.WAV,2023 Conaway Ranch North 1,2023,6,25,6,40,Agelaius tricolor,Simple Call,42.0373,42.8693,844,13500,24000,present,https://rfcx-streams-production.s3.eu-west-1.amazonaws.com/2023/06/25/jze8tiy9iurn/a6b97848-2f56-43ea-ad4b-95c7b858c92f.flac?AWSAccessKeyId=AKIA45B7YWBX7MUJ7QCX&Expires=1777992887&Signature=OKGEzxr4TqrrVYAe87%2F9sHVHhRg%3D,0.405033,48477
1129061652,CR.Nam-2023-06-25_06-40.WAV,2023 Conaway Ranch North 1,2023,6,25,6,40,Agelaius tricolor,Simple Call,34.672,35.504,844,13500,24000,(not validated),https://rfcx-streams-production.s3.eu-west-1.amazonaws.com/2023/06/25/jze8tiy9iurn/a6b97848-2f56-43ea-ad4b-95c7b858c92f.flac?AWSAccessKeyId=AKIA45B7YWBX7MUJ7QCX&Expires=1777992887&Signature=OKGEzxr4TqrrVYAe87%2F9sHVHhRg%3D,0.271985,48477
1129061653,CR.Nam-2023-06-25_06-40.WAV,2023 Conaway Ranch North 1,2023,6,25,6,40,Agelaius tricolor,Simple Call,22.9387,23.7707,844,13500,24000,(not validated),https://rfcx-streams-production.s3.eu-west-1.amazonaws.com/2023/06/25/jze8tiy9iurn/a6b97848-2f56-43ea-ad4b-95c7b858c92f.flac?AWSAccessKeyId=AKIA45B7YWBX7MUJ7QCX&Expires=1777992887&Signature=OKGEzxr4TqrrVYAe87%2F9sHVHhRg%3D,0.264781,48477
1129061654,CR.Nam-2023-06-25_06-40.WAV,2023 Conaway Ranch North 1,2023,6,25,6,40,Agelaius tricolor,Simple Call,57.1733,58.0053,844,13500,24000,(not validated),https://rfcx-streams-production.s3.eu-west-1.amazonaws.com/2023/06/25/jze8tiy9iurn/a6b97848-2f56-43ea-ad4b-95c7b858c92f.flac?AWSAccessKeyId=AKIA45B7YWBX7MUJ7QCX&Expires=1777992887&Signature=OKGEzxr4TqrrVYAe87%2F9sHVHhRg%3D,0.262804,48477
1129061655,CR.Nam-2023-06-25_06-40.WAV,2023 Conaway Ranch North 1,2023,6,25,6,40,Agelaius tricolor,Simple Call,21.504,22.336,844,13500,24000,(not validated),https://rfcx-streams-production.s3.eu-west-1.amazonaws.com/2023/06/25/jze8tiy9iurn/a6b97848-2f56-43ea-ad4b-95c7b858c92f.flac?AWSAccessKeyId=AKIA45B7YWBX7MUJ7QCX&Expires=1777992887&Signature=OKGEzxr4TqrrVYAe87%2F9sHVHhRg%3D,0.259084,48477
1129061656,CR.Nam-2023-06-25_06-40.WAV,2023 Conaway Ranch North 1,2023,6,25,6,40,Agelaius tricolor,Simple Call,20.1547,20.9867,844,13500,24000,(not validated),https://rfcx-streams-production.s3.eu-west-1.amazonaws.com/2023/06/25/jze8tiy9iurn/a6b97848-2f56-43ea-ad4b-95c7b858c92f.flac?AWSAccessKeyId=AKIA45B7YWBX7MUJ7QCX&Expires=1777992887&Signature=OKGEzxr4TqrrVYAe87%2F9sHVHhRg%3D,0.255369,48477
1129061657,CR.Nam-2023-06-25_06-40.WAV,2023 Conaway Ranch North 1,2023,6,25,6,40,Agelaius tricolor,Simple Call,20.8853,21.7173,844,13500,24000,(not validated),https://rfcx-streams-production.s3.eu-west-1.amazonaws.com/2023/06/25/jze8tiy9iurn/a6b97848-2f56-43ea-ad4b-95c7b858c92f.flac?AWSAccessKeyId=AKIA45B7YWBX7MUJ7QCX&Expires=1777992887&Signature=OKGEzxr4TqrrVYAe87%2F9sHVHhRg%3D,0.248557,48477
1129061658,CR.Nam-2023-06-25_06-40.WAV,2023 Conaway Ranch North 1,2023,6,25,6,40,Agelaius tricolor,Simple Call,19.7333,20.5653,844,13500,24000,(not validated),https://rfcx-streams-production.s3.eu-west-1.amazonaws.com/2023/06/25/jze8tiy9iurn/a6b97848-2f56-43ea-ad4b-95c7b858c92f.flac?AWSAccessKeyId=AKIA45B7YWBX7MUJ7QCX&Expires=1777992887&Signature=OKGEzxr4TqrrVYAe87%2F9sHVHhRg%3D,0.23527,48477
1129061659,CR.Nam-2023-06-25_06-40.WAV,2023 Conaway Ranch North 1,2023,6,25,6,40,Agelaius tricolor,Simple Call,5.328,6.16,844,13500,24000,(not validated),https://rfcx-streams-production.s3.eu-west-1.amazonaws.com/2023/06/25/jze8tiy9iurn/a6b97848-2f56-43ea-ad4b-95c7b858c92f.flac?AWSAccessKeyId=AKIA45B7YWBX7MUJ7QCX&Expires=1777992887&Signature=OKGEzxr4TqrrVYAe87%2F9sHVHhRg%3D,0.234551,48477
1129061660,CR.Nam-2023-06-24_10-00.WAV,2023 Conaway Ranch North 1,2023,6,24,10,0,Agelaius tricolor,Simple Call,57.3333,58.1653,844,13500,24000,present,https://rfcx-streams-production.s3.eu-west-1.amazonaws.com/2023/06/24/jze8tiy9iurn/aba629f1-b651-439b-b42d-0e3ededa19ec.flac?AWSAccessKeyId=AKIA45B7YWBX7MUJ7QCX&Expires=1777992887&Signature=AImp5%2BAMgwIa10lj5Om4OUGdkLE%3D,0.354982,48477
1129061661,CR.Nam-2023-06-24_10-00.WAV,2023 Conaway Ranch North 1,2023,6,24,10,0,Agelaius tricolor,Simple Call,44.8373,45.6693,844,13500,24000,present,https://rfcx-streams-production.s3.eu-west-1.amazonaws.com/2023/06/24/jze8tiy9iurn/aba629f1-b651-439b-b42d-0e3ededa19ec.flac?AWSAccessKeyId=AKIA45B7YWBX7MUJ7QCX&Expires=1777992887&Signature=AImp5%2BAMgwIa10lj5Om4OUGdkLE%3D,0.341648,48477
1129061662,CR.Nam-2023-06-24_10-00.WAV,2023 Conaway Ranch North 1,2023,6,24,10,0,Agelaius tricolor,Simple Call,20.6187,21.4507,844,13500,24000,present,https://rfcx-streams-production.s3.eu-west-1.amazonaws.com/2023/06/24/jze8tiy9iurn/aba629f1-b651-439b-b42d-0e3ededa19ec.flac?AWSAccessKeyId=AKIA45B7YWBX7MUJ7QCX&Expires=1777992887&Signature=AImp5%2BAMgwIa10lj5Om4OUGdkLE%3D,0.332923,48477
1129061663,CR.Nam-2023-06-24_10-00.WAV,2023 Conaway Ranch North 1,2023,6,24,10,0,Agelaius tricolor,Simple Call,44.4107,45.2427,844,13500,24000,present,https://rfcx-streams-production.s3.eu-west-1.amazonaws.com/2023/06/24/jze8tiy9iurn/aba629f1-b651-439b-b42d-0e3ededa19ec.flac?AWSAccessKeyId=AKIA45B7YWBX7MUJ7QCX&Expires=1777992887&Signature=AImp5%2BAMgwIa10lj5Om4OUGdkLE%3D,0.314083,48477
1129061664,CR.Nam-2023-06-24_10-00.WAV,2023 Conaway Ranch North 1,2023,6,24,10,0,Agelaius tricolor,Simple Call,21.0773,21.9093,844,13500,24000,present,https://rfcx-streams-production.s3.eu-west-1.amazonaws.com/2023/06/24/jze8tiy9iurn/aba629f1-b651-439b-b42d-0e3ededa19ec.flac?AWSAccessKeyId=AKIA45B7YWBX7MUJ7QCX&Expires=1777992887&Signature=AImp5%2BAMgwIa10lj5Om4OUGdkLE%3D,0.256795,48477
1129061665,CR.Nam-2023-06-24_10-00.WAV,2023 Conaway Ranch North 1,2023,6,24,10,0,Agelaius tricolor,Simple Call,49.6907,50.5227,844,13500,24000,(not validated),https://rfcx-streams-production.s3.eu-west-1.amazonaws.com/2023/06/24/jze8tiy9iurn/aba629f1-b651-439b-b42d-0e3ededa19ec.flac?AWSAccessKeyId=AKIA45B7YWBX7MUJ7QCX&Expires=1777992887&Signature=AImp5%2BAMgwIa10lj5Om4OUGdkLE%3D,0.24589,48477
1129061666,CR.Nam-2023-06-24_10-00.WAV,2023 Conaway Ranch North 1,2023,6,24,10,0,Agelaius tricolor,Simple Call,48.112,48.944,844,13500,24000,(not validated),https://rfcx-streams-production.s3.eu-west-1.amazonaws.com/2023/06/24/jze8tiy9iurn/aba629f1-b651-439b-b42d-0e3ededa19ec.flac?AWSAccessKeyId=AKIA45B7YWBX7MUJ7QCX&Expires=1777992887&Signature=AImp5%2BAMgwIa10lj5Om4OUGdkLE%3D,0.239658,48477
1129061667,CR.Nam-2023-06-24_10-00.WAV,2023 Conaway Ranch North 1,2023,6,24,10,0,Agelaius tricolor,Simple Call,49.232,50.064,844,13500,24000,(not validated),https://rfcx-streams-production.s3.eu-west-1.amazonaws.com/2023/06/24/jze8tiy9iurn/aba629f1-b651-439b-b42d-0e3ededa19ec.flac?AWSAccessKeyId=AKIA45B7YWBX7MUJ7QCX&Expires=1777992887&Signature=AImp5%2BAMgwIa10lj5Om4OUGdkLE%3D,0.235741,48477
1129061668,CR.Nam-2023-06-24_10-00.WAV,2023 Conaway Ranch North 1,2023,6,24,10,0,Agelaius tricolor,Simple Call,52.9547,53.7867,844,13500,24000,(not validated),https://rfcx-streams-production.s3.eu-west-1.amazonaws.com/2023/06/24/jze8tiy9iurn/aba629f1-b651-439b-b42d-0e3ededa19ec.flac?AWSAccessKeyId=AKIA45B7YWBX7MUJ7QCX&Expires=1777992887&Signature=AImp5%2BAMgwIa10lj5Om4OUGdkLE%3D,0.232743,48477
1129061669,CR.Nam-2023-06-24_10-00.WAV,2023 Conaway Ranch North 1,2023,6,24,10,0,Agelaius tricolor,Simple Call,58.048,58.88,844,13500,24000,(not validated),https://rfcx-streams-production.s3.eu-west-1.amazonaws.com/2023/06/24/jze8tiy9iurn/aba629f1-b651-439b-b42d-0e3ededa19ec.flac?AWSAccessKeyId=AKIA45B7YWBX7MUJ7QCX&Expires=1777992887&Signature=AImp5%2BAMgwIa10lj5Om4OUGdkLE%3D,0.224231,48477
1129061670,CR.Nam-2023-06-23_20-20.WAV,2023 Conaway Ranch North 1,2023,6,23,20,20,Agelaius tricolor,Simple Call,29.472,30.304,844,13500,24000,present,https://rfcx-streams-production.s3.eu-west-1.amazonaws.com/2023/06/24/jze8tiy9iurn/a06295f0-2c1e-472e-bc87-01d3abd36d9c.flac?AWSAccessKeyId=AKIA45B7YWBX7MUJ7QCX&Expires=1777992887&Signature=biMDwsfpnkTHtlIRL%2BEeKYYJ6iQ%3D,0.454677,48477
1129061671,CR.Nam-2023-06-23_20-20.WAV,2023 Conaway Ranch North 1,2023,6,23,20,20,Agelaius tricolor,Simple Call,29.8933,30.7253,844,13500,24000,present,https://rfcx-streams-production.s3.eu-west-1.amazonaws.com/2023/06/24/jze8tiy9iurn/a06295f0-2c1e-472e-bc87-01d3abd36d9c.flac?AWSAccessKeyId=AKIA45B7YWBX7MUJ7QCX&Expires=1777992887&Signature=biMDwsfpnkTHtlIRL%2BEeKYYJ6iQ%3D,0.356017,48477
1129061672,CR.Nam-2023-06-23_20-20.WAV,2023 Conaway Ranch North 1,2023,6,23,20,20,Agelaius tricolor,Simple Call,43.8827,44.7147,844,13500,24000,(not validated),https://rfcx-streams-production.s3.eu-west-1.amazonaws.com/2023/06/24/jze8tiy9iurn/a06295f0-2c1e-472e-bc87-01d3abd36d9c.flac?AWSAccessKeyId=AKIA45B7YWBX7MUJ7QCX&Expires=1777992887&Signature=biMDwsfpnkTHtlIRL%2BEeKYYJ6iQ%3D,0.312316,48477
1129061673,CR.Nam-2023-06-23_20-20.WAV,2023 Conaway Ranch North 1,2023,6,23,20,20,Agelaius tricolor,Simple Call,44.352,45.184,844,13500,24000,(not validated),https://rfcx-streams-production.s3.eu-west-1.amazonaws.com/2023/06/24/jze8tiy9iurn/a06295f0-2c1e-472e-bc87-01d3abd36d9c.flac?AWSAccessKeyId=AKIA45B7YWBX7MUJ7QCX&Expires=1777992887&Signature=biMDwsfpnkTHtlIRL%2BEeKYYJ6iQ%3D,0.292528,48477
1129061674,CR.Nam-2023-06-23_20-20.WAV,2023 Conaway Ranch North 1,2023,6,23,20,20,Agelaius tricolor,Simple Call,53.04,53.872,844,13500,24000,(not validated),https://rfcx-streams-production.s3.eu-west-1.amazonaws.com/2023/06/24/jze8tiy9iurn/a06295f0-2c1e-472e-bc87-01d3abd36d9c.flac?AWSAccessKeyId=AKIA45B7YWBX7MUJ7QCX&Expires=1777992887&Signature=biMDwsfpnkTHtlIRL%2BEeKYYJ6iQ%3D,0.276398,48477
1129061675,CR.Nam-2023-06-23_20-20.WAV,2023 Conaway Ranch North 1,2023,6,23,20,20,Agelaius tricolor,Simple Call,56.8107,57.6427,844,13500,24000,(not validated),https://rfcx-streams-production.s3.eu-west-1.amazonaws.com/2023/06/24/jze8tiy9iurn/a06295f0-2c1e-472e-bc87-01d3abd36d9c.flac?AWSAccessKeyId=AKIA45B7YWBX7MUJ7QCX&Expires=1777992887&Signature=biMDwsfpnkTHtlIRL%2BEeKYYJ6iQ%3D,0.26098,48477
1129061676,CR.Nam-2023-06-23_20-20.WAV,2023 Conaway Ranch North 1,2023,6,23,20,20,Agelaius tricolor,Simple Call,40.9227,41.7547,844,13500,24000,(not validated),https://rfcx-streams-production.s3.eu-west-1.amazonaws.com/2023/06/24/jze8tiy9iurn/a06295f0-2c1e-472e-bc87-01d3abd36d9c.flac?AWSAccessKeyId=AKIA45B7YWBX7MUJ7QCX&Expires=1777992887&Signature=biMDwsfpnkTHtlIRL%2BEeKYYJ6iQ%3D,0.234557,48477
1129061677,CR.Nam-2023-06-23_20-20.WAV,2023 Conaway Ranch North 1,2023,6,23,20,20,Agelaius tricolor,Simple Call,52.272,53.104,844,13500,24000,(not validated),https://rfcx-streams-production.s3.eu-west-1.amazonaws.com/2023/06/24/jze8tiy9iurn/a06295f0-2c1e-472e-bc87-01d3abd36d9c.flac?AWSAccessKeyId=AKIA45B7YWBX7MUJ7QCX&Expires=1777992887&Signature=biMDwsfpnkTHtlIRL%2BEeKYYJ6iQ%3D,0.233169,48477
1129061678,CR.Nam-2023-06-23_20-20.WAV,2023 Conaway Ranch North 1,2023,6,23,20,20,Agelaius tricolor,Simple Call,36.6667,37.4987,844,13500,24000,(not validated),https://rfcx-streams-production.s3.eu-west-1.amazonaws.com/2023/06/24/jze8tiy9iurn/a06295f0-2c1e-472e-bc87-01d3abd36d9c.flac?AWSAccessKeyId=AKIA45B7YWBX7MUJ7QCX&Expires=1777992887&Signature=biMDwsfpnkTHtlIRL%2BEeKYYJ6iQ%3D,0.230297,48477
1129061679,CR.Nam-2023-06-23_20-20.WAV,2023 Conaway Ranch North 1,2023,6,23,20,20,Agelaius tricolor,Simple Call,1.33333,2.16533,844,13500,24000,(not validated),https://rfcx-streams-production.s3.eu-west-1.amazonaws.com/2023/06/24/jze8tiy9iurn/a06295f0-2c1e-472e-bc87-01d3abd36d9c.flac?AWSAccessKeyId=AKIA45B7YWBX7MUJ7QCX&Expires=1777992887&Signature=biMDwsfpnkTHtlIRL%2BEeKYYJ6iQ%3D,0.221322,48477
1129061680,CR.Nam-2023-06-23_18-40.WAV,2023 Conaway Ranch North 1,2023,6,23,18,40,Agelaius tricolor,Simple Call,27.3227,28.1547,844,13500,24000,present,https://rfcx-streams-production.s3.eu-west-1.amazonaws.com/2023/06/24/jze8tiy9iurn/c494ba5a-a805-4abb-b6a0-93d7bca412b0.flac?AWSAccessKeyId=AKIA45B7YWBX7MUJ7QCX&Expires=1777992887&Signature=Ycw%2BNLI8OSRU1eEN5vgBwZEtcoc%3D,0.629628,48477
1129061681,CR.Nam-2023-06-23_18-40.WAV,2023 Conaway Ranch North 1,2023,6,23,18,40,Agelaius tricolor,Simple Call,27.744,28.576,844,13500,24000,present,https://rfcx-streams-production.s3.eu-west-1.amazonaws.com/2023/06/24/jze8tiy9iurn/c494ba5a-a805-4abb-b6a0-93d7bca412b0.flac?AWSAccessKeyId=AKIA45B7YWBX7MUJ7QCX&Expires=1777992887&Signature=Ycw%2BNLI8OSRU1eEN5vgBwZEtcoc%3D,0.452601,48477
1129061682,CR.Nam-2023-06-23_18-40.WAV,2023 Conaway Ranch North 1,2023,6,23,18,40,Agelaius tricolor,Simple Call,37.2427,38.0747,844,13500,24000,present,https://rfcx-streams-production.s3.eu-west-1.amazonaws.com/2023/06/24/jze8tiy9iurn/c494ba5a-a805-4abb-b6a0-93d7bca412b0.flac?AWSAccessKeyId=AKIA45B7YWBX7MUJ7QCX&Expires=1777992887&Signature=Ycw%2BNLI8OSRU1eEN5vgBwZEtcoc%3D,0.385862,48477
1129061683,CR.Nam-2023-06-23_18-40.WAV,2023 Conaway Ranch North 1,2023,6,23,18,40,Agelaius tricolor,Simple Call,44.5867,45.4187,844,13500,24000,(not validated),https://rfcx-streams-production.s3.eu-west-1.amazonaws.com/2023/06/24/jze8tiy9iurn/c494ba5a-a805-4abb-b6a0-93d7bca412b0.flac?AWSAccessKeyId=AKIA45B7YWBX7MUJ7QCX&Expires=1777992887&Signature=Ycw%2BNLI8OSRU1eEN5vgBwZEtcoc%3D,0.306552,48477
1129061684,CR.Nam-2023-06-23_18-40.WAV,2023 Conaway Ranch North 1,2023,6,23,18,40,Agelaius tricolor,Simple Call,36.528,37.36,844,13500,24000,present,https://rfcx-streams-production.s3.eu-west-1.amazonaws.com/2023/06/24/jze8tiy9iurn/c494ba5a-a805-4abb-b6a0-93d7bca412b0.flac?AWSAccessKeyId=AKIA45B7YWBX7MUJ7QCX&Expires=1777992887&Signature=Ycw%2BNLI8OSRU1eEN5vgBwZEtcoc%3D,0.299526,48477
1129061685,CR.Nam-2023-06-23_18-40.WAV,2023 Conaway Ranch North 1,2023,6,23,18,40,Agelaius tricolor,Simple Call,26.896,27.728,844,13500,24000,present,https://rfcx-streams-production.s3.eu-west-1.amazonaws.com/2023/06/24/jze8tiy9iurn/c494ba5a-a805-4abb-b6a0-93d7bca412b0.flac?AWSAccessKeyId=AKIA45B7YWBX7MUJ7QCX&Expires=1777992887&Signature=Ycw%2BNLI8OSRU1eEN5vgBwZEtcoc%3D,0.273299,48477
1129061686,CR.Nam-2023-06-23_18-40.WAV,2023 Conaway Ranch North 1,2023,6,23,18,40,Agelaius tricolor,Simple Call,31.4347,32.2667,844,13500,24000,(not validated),https://rfcx-streams-production.s3.eu-west-1.amazonaws.com/2023/06/24/jze8tiy9iurn/c494ba5a-a805-4abb-b6a0-93d7bca412b0.flac?AWSAccessKeyId=AKIA45B7YWBX7MUJ7QCX&Expires=1777992887&Signature=Ycw%2BNLI8OSRU1eEN5vgBwZEtcoc%3D,0.269654,48477
1129061687,CR.Nam-2023-06-23_18-40.WAV,2023 Conaway Ranch North 1,2023,6,23,18,40,Agelaius tricolor,Simple Call,34.4747,35.3067,844,13500,24000,(not validated),https://rfcx-streams-production.s3.eu-west-1.amazonaws.com/2023/06/24/jze8tiy9iurn/c494ba5a-a805-4abb-b6a0-93d7bca412b0.flac?AWSAccessKeyId=AKIA45B7YWBX7MUJ7QCX&Expires=1777992887&Signature=Ycw%2BNLI8OSRU1eEN5vgBwZEtcoc%3D,0.261907,48477
1129061688,CR.Nam-2023-06-23_18-40.WAV,2023 Conaway Ranch North 1,2023,6,23,18,40,Agelaius tricolor,Simple Call,12.7467,13.5787,844,13500,24000,(not validated),https://rfcx-streams-production.s3.eu-west-1.amazonaws.com/2023/06/24/jze8tiy9iurn/c494ba5a-a805-4abb-b6a0-93d7bca412b0.flac?AWSAccessKeyId=AKIA45B7YWBX7MUJ7QCX&Expires=1777992887&Signature=Ycw%2BNLI8OSRU1eEN5vgBwZEtcoc%3D,0.246146,48477
1129061689,CR.Nam-2023-06-23_18-40.WAV,2023 Conaway Ranch North 1,2023,6,23,18,40,Agelaius tricolor,Simple Call,6.76267,7.59467,844,13500,24000,(not validated),https://rfcx-streams-production.s3.eu-west-1.amazonaws.com/2023/06/24/jze8tiy9iurn/c494ba5a-a805-4abb-b6a0-93d7bca412b0.flac?AWSAccessKeyId=AKIA45B7YWBX7MUJ7QCX&Expires=1777992887&Signature=Ycw%2BNLI8OSRU1eEN5vgBwZEtcoc%3D,0.244879,48477
1129061690,CR.Nam-2023-06-24_06-00.WAV,2023 Conaway Ranch North 1,2023,6,24,6,0,Agelaius tricolor,Simple Call,20.8213,21.6533,844,13500,24000,present,https://rfcx-streams-production.s3.eu-west-1.amazonaws.com/2023/06/24/jze8tiy9iurn/c1d4d9b0-3901-48b5-8db1-1403a2f02340.flac?AWSAccessKeyId=AKIA45B7YWBX7MUJ7QCX&Expires=1777992887&Signature=%2BNBDDJTJ%2BNLI3ZkGnj%2BT6FmUYDg%3D,0.321035,48477
1129061691,CR.Nam-2023-06-24_06-00.WAV,2023 Conaway Ranch North 1,2023,6,24,6,0,Agelaius tricolor,Simple Call,47.7973,48.6293,844,13500,24000,(not validated),https://rfcx-streams-production.s3.eu-west-1.amazonaws.com/2023/06/24/jze8tiy9iurn/c1d4d9b0-3901-48b5-8db1-1403a2f02340.flac?AWSAccessKeyId=AKIA45B7YWBX7MUJ7QCX&Expires=1777992887&Signature=%2BNBDDJTJ%2BNLI3ZkGnj%2BT6FmUYDg%3D,0.257497,48477
1129061692,CR.Nam-2023-06-24_06-00.WAV,2023 Conaway Ranch North 1,2023,6,24,6,0,Agelaius tricolor,Simple Call,44.2293,45.0613,844,13500,24000,(not validated),https://rfcx-streams-production.s3.eu-west-1.amazonaws.com/2023/06/24/jze8tiy9iurn/c1d4d9b0-3901-48b5-8db1-1403a2f02340.flac?AWSAccessKeyId=AKIA45B7YWBX7MUJ7QCX&Expires=1777992887&Signature=%2BNBDDJTJ%2BNLI3ZkGnj%2BT6FmUYDg%3D,0.246694,48477
1129061693,CR.Nam-2023-06-24_06-00.WAV,2023 Conaway Ranch North 1,2023,6,24,6,0,Agelaius tricolor,Simple Call,21.248,22.08,844,13500,24000,present,https://rfcx-streams-production.s3.eu-west-1.amazonaws.com/2023/06/24/jze8tiy9iurn/c1d4d9b0-3901-48b5-8db1-1403a2f02340.flac?AWSAccessKeyId=AKIA45B7YWBX7MUJ7QCX&Expires=1777992887&Signature=%2BNBDDJTJ%2BNLI3ZkGnj%2BT6FmUYDg%3D,0.241207,48477
1129061694,CR.Nam-2023-06-24_06-00.WAV,2023 Conaway Ranch North 1,2023,6,24,6,0,Agelaius tricolor,Simple Call,37.216,38.048,844,13500,24000,(not validated),https://rfcx-streams-production.s3.eu-west-1.amazonaws.com/2023/06/24/jze8tiy9iurn/c1d4d9b0-3901-48b5-8db1-1403a2f02340.flac?AWSAccessKeyId=AKIA45B7YWBX7MUJ7QCX&Expires=1777992887&Signature=%2BNBDDJTJ%2BNLI3ZkGnj%2BT6FmUYDg%3D,0.240855,48477
1129061695,CR.Nam-2023-06-24_06-00.WAV,2023 Conaway Ranch North 1,2023,6,24,6,0,Agelaius tricolor,Simple Call,49.0453,49.8773,844,13500,24000,(not validated),https://rfcx-streams-production.s3.eu-west-1.amazonaws.com/2023/06/24/jze8tiy9iurn/c1d4d9b0-3901-48b5-8db1-1403a2f02340.flac?AWSAccessKeyId=AKIA45B7YWBX7MUJ7QCX&Expires=1777992887&Signature=%2BNBDDJTJ%2BNLI3ZkGnj%2BT6FmUYDg%3D,0.23835,48477
1129061696,CR.Nam-2023-06-24_06-00.WAV,2023 Conaway Ranch North 1,2023,6,24,6,0,Agelaius tricolor,Simple Call,21.856,22.688,844,13500,24000,(not validated),https://rfcx-streams-production.s3.eu-west-1.amazonaws.com/2023/06/24/jze8tiy9iurn/c1d4d9b0-3901-48b5-8db1-1403a2f02340.flac?AWSAccessKeyId=AKIA45B7YWBX7MUJ7QCX&Expires=1777992887&Signature=%2BNBDDJTJ%2BNLI3ZkGnj%2BT6FmUYDg%3D,0.232412,48477
1129061697,CR.Nam-2023-06-24_06-00.WAV,2023 Conaway Ranch North 1,2023,6,24,6,0,Agelaius tricolor,Simple Call,36.4267,37.2587,844,13500,24000,(not validated),https://rfcx-streams-production.s3.eu-west-1.amazonaws.com/2023/06/24/jze8tiy9iurn/c1d4d9b0-3901-48b5-8db1-1403a2f02340.flac?AWSAccessKeyId=AKIA45B7YWBX7MUJ7QCX&Expires=1777992887&Signature=%2BNBDDJTJ%2BNLI3ZkGnj%2BT6FmUYDg%3D,0.215034,48477
1129061698,CR.Nam-2023-06-24_06-00.WAV,2023 Conaway Ranch North 1,2023,6,24,6,0,Agelaius tricolor,Simple Call,34.7253,35.5573,844,13500,24000,(not validated),https://rfcx-streams-production.s3.eu-west-1.amazonaws.com/2023/06/24/jze8tiy9iurn/c1d4d9b0-3901-48b5-8db1-1403a2f02340.flac?AWSAccessKeyId=AKIA45B7YWBX7MUJ7QCX&Expires=1777992887&Signature=%2BNBDDJTJ%2BNLI3ZkGnj%2BT6FmUYDg%3D,0.203245,48477
1129061699,CR.Nam-2023-06-22_13-00.WAV,2023 Conaway Ranch North 1,2023,6,22,13,0,Agelaius tricolor,Simple Call,49.1947,50.0267,844,13500,24000,present,https://rfcx-streams-production.s3.eu-west-1.amazonaws.com/2023/06/22/jze8tiy9iurn/fb58f6b6-336c-468f-8e26-142f142f8d97.flac?AWSAccessKeyId=AKIA45B7YWBX7MUJ7QCX&Expires=1777992887&Signature=359vMitxLP9f2OGpHYLu1gfuKgE%3D,0.421216,48477
1129061700,CR.Nam-2023-06-22_13-00.WAV,2023 Conaway Ranch North 1,2023,6,22,13,0,Agelaius tricolor,Simple Call,49.616,50.448,844,13500,24000,present,https://rfcx-streams-production.s3.eu-west-1.amazonaws.com/2023/06/22/jze8tiy9iurn/fb58f6b6-336c-468f-8e26-142f142f8d97.flac?AWSAccessKeyId=AKIA45B7YWBX7MUJ7QCX&Expires=1777992887&Signature=359vMitxLP9f2OGpHYLu1gfuKgE%3D,0.324341,48477
1129061701,CR.Nam-2023-06-22_13-00.WAV,2023 Conaway Ranch North 1,2023,6,22,13,0,Agelaius tricolor,Simple Call,16.64,17.472,844,13500,24000,(not validated),https://rfcx-streams-production.s3.eu-west-1.amazonaws.com/2023/06/22/jze8tiy9iurn/fb58f6b6-336c-468f-8e26-142f142f8d97.flac?AWSAccessKeyId=AKIA45B7YWBX7MUJ7QCX&Expires=1777992887&Signature=359vMitxLP9f2OGpHYLu1gfuKgE%3D,0.302827,48477
1129061702,CR.Nam-2023-06-22_13-00.WAV,2023 Conaway Ranch North 1,2023,6,22,13,0,Agelaius tricolor,Simple Call,17.904,18.736,844,13500,24000,(not validated),https://rfcx-streams-production.s3.eu-west-1.amazonaws.com/2023/06/22/jze8tiy9iurn/fb58f6b6-336c-468f-8e26-142f142f8d97.flac?AWSAccessKeyId=AKIA45B7YWBX7MUJ7QCX&Expires=1777992887&Signature=359vMitxLP9f2OGpHYLu1gfuKgE%3D,0.302395,48477
1129061703,CR.Nam-2023-06-22_13-00.WAV,2023 Conaway Ranch North 1,2023,6,22,13,0,Agelaius tricolor,Simple Call,8.34667,9.17867,844,13500,24000,(not validated),https://rfcx-streams-production.s3.eu-west-1.amazonaws.com/2023/06/22/jze8tiy9iurn/fb58f6b6-336c-468f-8e26-142f142f8d97.flac?AWSAccessKeyId=AKIA45B7YWBX7MUJ7QCX&Expires=1777992887&Signature=359vMitxLP9f2OGpHYLu1gfuKgE%3D,0.268368,48477
1129061704,CR.Nam-2023-06-22_13-00.WAV,2023 Conaway Ranch North 1,2023,6,22,13,0,Agelaius tricolor,Simple Call,38.9973,39.8293,844,13500,24000,(not validated),https://rfcx-streams-production.s3.eu-west-1.amazonaws.com/2023/06/22/jze8tiy9iurn/fb58f6b6-336c-468f-8e26-142f142f8d97.flac?AWSAccessKeyId=AKIA45B7YWBX7MUJ7QCX&Expires=1777992887&Signature=359vMitxLP9f2OGpHYLu1gfuKgE%3D,0.268259,48477
1129061705,CR.Nam-2023-06-22_13-00.WAV,2023 Conaway Ranch North 1,2023,6,22,13,0,Agelaius tricolor,Simple Call,6.81067,7.64267,844,13500,24000,(not validated),https://rfcx-streams-production.s3.eu-west-1.amazonaws.com/2023/06/22/jze8tiy9iurn/fb58f6b6-336c-468f-8e26-142f142f8d97.flac?AWSAccessKeyId=AKIA45B7YWBX7MUJ7QCX&Expires=1777992887&Signature=359vMitxLP9f2OGpHYLu1gfuKgE%3D,0.266205,48477
1129061706,CR.Nam-2023-06-22_13-00.WAV,2023 Conaway Ranch North 1,2023,6,22,13,0,Agelaius tricolor,Simple Call,16.2027,17.0347,844,13500,24000,(not validated),https://rfcx-streams-production.s3.eu-west-1.amazonaws.com/2023/06/22/jze8tiy9iurn/fb58f6b6-336c-468f-8e26-142f142f8d97.flac?AWSAccessKeyId=AKIA45B7YWBX7MUJ7QCX&Expires=1777992887&Signature=359vMitxLP9f2OGpHYLu1gfuKgE%3D,0.26539,48477
1129061707,CR.Nam-2023-06-22_13-00.WAV,2023 Conaway Ranch North 1,2023,6,22,13,0,Agelaius tricolor,Simple Call,0.293333,1.12533,844,13500,24000,(not validated),https://rfcx-streams-production.s3.eu-west-1.amazonaws.com/2023/06/22/jze8tiy9iurn/fb58f6b6-336c-468f-8e26-142f142f8d97.flac?AWSAccessKeyId=AKIA45B7YWBX7MUJ7QCX&Expires=1777992887&Signature=359vMitxLP9f2OGpHYLu1gfuKgE%3D,0.26155,48477
1129061708,CR.Nam-2023-06-22_13-00.WAV,2023 Conaway Ranch North 1,2023,6,22,13,0,Agelaius tricolor,Simple Call,14.5173,15.3493,844,13500,24000,(not validated),https://rfcx-streams-production.s3.eu-west-1.amazonaws.com/2023/06/22/jze8tiy9iurn/fb58f6b6-336c-468f-8e26-142f142f8d97.flac?AWSAccessKeyId=AKIA45B7YWBX7MUJ7QCX&Expires=1777992887&Signature=359vMitxLP9f2OGpHYLu1gfuKgE%3D,0.254908,48477
1129061709,CR.Nam-2023-06-22_10-20.WAV,2023 Conaway Ranch North 1,2023,6,22,10,20,Agelaius tricolor,Simple Call,58.0907,58.9227,844,13500,24000,present,https://rfcx-streams-production.s3.eu-west-1.amazonaws.com/2023/06/22/jze8tiy9iurn/c8773a5b-7b29-46d7-bd57-9473f8d673de.flac?AWSAccessKeyId=AKIA45B7YWBX7MUJ7QCX&Expires=1777992887&Signature=RWYhfaiKgHTcwT%2BIoWG8lC8azbU%3D,0.445784,48477
1129061710,CR.Nam-2023-06-22_10-20.WAV,2023 Conaway Ranch North 1,2023,6,22,10,20,Agelaius tricolor,Simple Call,58.512,59.344,844,13500,24000,(not validated),https://rfcx-streams-production.s3.eu-west-1.amazonaws.com/2023/06/22/jze8tiy9iurn/c8773a5b-7b29-46d7-bd57-9473f8d673de.flac?AWSAccessKeyId=AKIA45B7YWBX7MUJ7QCX&Expires=1777992887&Signature=RWYhfaiKgHTcwT%2BIoWG8lC8azbU%3D,0.396287,48477
1129061711,CR.Nam-2023-06-22_10-20.WAV,2023 Conaway Ranch North 1,2023,6,22,10,20,Agelaius tricolor,Simple Call,22.6987,23.5307,844,13500,24000,(not validated),https://rfcx-streams-production.s3.eu-west-1.amazonaws.com/2023/06/22/jze8tiy9iurn/c8773a5b-7b29-46d7-bd57-9473f8d673de.flac?AWSAccessKeyId=AKIA45B7YWBX7MUJ7QCX&Expires=1777992887&Signature=RWYhfaiKgHTcwT%2BIoWG8lC8azbU%3D,0.332649,48477
1129061712,CR.Nam-2023-06-22_10-20.WAV,2023 Conaway Ranch North 1,2023,6,22,10,20,Agelaius tricolor,Simple Call,34.5867,35.4187,844,13500,24000,(not validated),https://rfcx-streams-production.s3.eu-west-1.amazonaws.com/2023/06/22/jze8tiy9iurn/c8773a5b-7b29-46d7-bd57-9473f8d673de.flac?AWSAccessKeyId=AKIA45B7YWBX7MUJ7QCX&Expires=1777992887&Signature=RWYhfaiKgHTcwT%2BIoWG8lC8azbU%3D,0.305494,48477
1129061713,CR.Nam-2023-06-22_10-20.WAV,2023 Conaway Ranch North 1,2023,6,22,10,20,Agelaius tricolor,Simple Call,23.3173,24.1493,844,13500,24000,(not validated),https://rfcx-streams-production.s3.eu-west-1.amazonaws.com/2023/06/22/jze8tiy9iurn/c8773a5b-7b29-46d7-bd57-9473f8d673de.flac?AWSAccessKeyId=AKIA45B7YWBX7MUJ7QCX&Expires=1777992887&Signature=RWYhfaiKgHTcwT%2BIoWG8lC8azbU%3D,0.277582,48477
1129061714,CR.Nam-2023-06-22_10-20.WAV,2023 Conaway Ranch North 1,2023,6,22,10,20,Agelaius tricolor,Simple Call,35.6,36.432,844,13500,24000,(not validated),https://rfcx-streams-production.s3.eu-west-1.amazonaws.com/2023/06/22/jze8tiy9iurn/c8773a5b-7b29-46d7-bd57-9473f8d673de.flac?AWSAccessKeyId=AKIA45B7YWBX7MUJ7QCX&Expires=1777992887&Signature=RWYhfaiKgHTcwT%2BIoWG8lC8azbU%3D,0.269969,48477
1129061715,CR.Nam-2023-06-22_10-20.WAV,2023 Conaway Ranch North 1,2023,6,22,10,20,Agelaius tricolor,Simple Call,41.904,42.736,844,13500,24000,(not validated),https://rfcx-streams-production.s3.eu-west-1.amazonaws.com/2023/06/22/jze8tiy9iurn/c8773a5b-7b29-46d7-bd57-9473f8d673de.flac?AWSAccessKeyId=AKIA45B7YWBX7MUJ7QCX&Expires=1777992887&Signature=RWYhfaiKgHTcwT%2BIoWG8lC8azbU%3D,0.24471,48477
1129061716,CR.Nam-2023-06-22_10-20.WAV,2023 Conaway Ranch North 1,2023,6,22,10,20,Agelaius tricolor,Simple Call,43.264,44.096,844,13500,24000,(not validated),https://rfcx-streams-production.s3.eu-west-1.amazonaws.com/2023/06/22/jze8tiy9iurn/c8773a5b-7b29-46d7-bd57-9473f8d673de.flac?AWSAccessKeyId=AKIA45B7YWBX7MUJ7QCX&Expires=1777992887&Signature=RWYhfaiKgHTcwT%2BIoWG8lC8azbU%3D,0.233554,48477
1129061717,CR.Nam-2023-06-22_10-20.WAV,2023 Conaway Ranch North 1,2023,6,22,10,20,Agelaius tricolor,Simple Call,43.6853,44.5173,844,13500,24000,(not validated),https://rfcx-streams-production.s3.eu-west-1.amazonaws.com/2023/06/22/jze8tiy9iurn/c8773a5b-7b29-46d7-bd57-9473f8d673de.flac?AWSAccessKeyId=AKIA45B7YWBX7MUJ7QCX&Expires=1777992887&Signature=RWYhfaiKgHTcwT%2BIoWG8lC8azbU%3D,0.233313,48477
1129061718,CR.Nam-2023-06-22_10-20.WAV,2023 Conaway Ranch North 1,2023,6,22,10,20,Agelaius tricolor,Simple Call,23.744,24.576,844,13500,24000,(not validated),https://rfcx-streams-production.s3.eu-west-1.amazonaws.com/2023/06/22/jze8tiy9iurn/c8773a5b-7b29-46d7-bd57-9473f8d673de.flac?AWSAccessKeyId=AKIA45B7YWBX7MUJ7QCX&Expires=1777992887&Signature=RWYhfaiKgHTcwT%2BIoWG8lC8azbU%3D,0.21443,48477
1129061719,CR.Nam-2023-06-22_20-20.WAV,2023 Conaway Ranch North 1,2023,6,22,20,20,Agelaius tricolor,Simple Call,30.9867,31.8187,844,13500,24000,present,https://rfcx-streams-production.s3.eu-west-1.amazonaws.com/2023/06/23/jze8tiy9iurn/caf7695a-95fa-47f1-9f4d-753fa729c48f.flac?AWSAccessKeyId=AKIA45B7YWBX7MUJ7QCX&Expires=1777992887&Signature=%2BtWstx%2FghofQO1Zkp%2F9kwE2SBQ4%3D,0.536153,48477
1129061720,CR.Nam-2023-06-22_20-20.WAV,2023 Conaway Ranch North 1,2023,6,22,20,20,Agelaius tricolor,Simple Call,30.528,31.36,844,13500,24000,present,https://rfcx-streams-production.s3.eu-west-1.amazonaws.com/2023/06/23/jze8tiy9iurn/caf7695a-95fa-47f1-9f4d-753fa729c48f.flac?AWSAccessKeyId=AKIA45B7YWBX7MUJ7QCX&Expires=1777992887&Signature=%2BtWstx%2FghofQO1Zkp%2F9kwE2SBQ4%3D,0.381904,48477
1129061721,CR.Nam-2023-06-22_20-20.WAV,2023 Conaway Ranch North 1,2023,6,22,20,20,Agelaius tricolor,Simple Call,32.624,33.456,844,13500,24000,(not validated),https://rfcx-streams-production.s3.eu-west-1.amazonaws.com/2023/06/23/jze8tiy9iurn/caf7695a-95fa-47f1-9f4d-753fa729c48f.flac?AWSAccessKeyId=AKIA45B7YWBX7MUJ7QCX&Expires=1777992887&Signature=%2BtWstx%2FghofQO1Zkp%2F9kwE2SBQ4%3D,0.279372,48477
1129061722,CR.Nam-2023-06-22_20-20.WAV,2023 Conaway Ranch North 1,2023,6,22,20,20,Agelaius tricolor,Simple Call,28.4053,29.2373,844,13500,24000,(not validated),https://rfcx-streams-production.s3.eu-west-1.amazonaws.com/2023/06/23/jze8tiy9iurn/caf7695a-95fa-47f1-9f4d-753fa729c48f.flac?AWSAccessKeyId=AKIA45B7YWBX7MUJ7QCX&Expires=1777992887&Signature=%2BtWstx%2FghofQO1Zkp%2F9kwE2SBQ4%3D,0.269305,48477
1129061723,CR.Nam-2023-06-22_20-20.WAV,2023 Conaway Ranch North 1,2023,6,22,20,20,Agelaius tricolor,Simple Call,5.12533,5.95733,844,13500,24000,(not validated),https://rfcx-streams-production.s3.eu-west-1.amazonaws.com/2023/06/23/jze8tiy9iurn/caf7695a-95fa-47f1-9f4d-753fa729c48f.flac?AWSAccessKeyId=AKIA45B7YWBX7MUJ7QCX&Expires=1777992887&Signature=%2BtWstx%2FghofQO1Zkp%2F9kwE2SBQ4%3D,0.26099,48477
1129061724,CR.Nam-2023-06-22_20-20.WAV,2023 Conaway Ranch North 1,2023,6,22,20,20,Agelaius tricolor,Simple Call,28.832,29.664,844,13500,24000,(not validated),https://rfcx-streams-production.s3.eu-west-1.amazonaws.com/2023/06/23/jze8tiy9iurn/caf7695a-95fa-47f1-9f4d-753fa729c48f.flac?AWSAccessKeyId=AKIA45B7YWBX7MUJ7QCX&Expires=1777992887&Signature=%2BtWstx%2FghofQO1Zkp%2F9kwE2SBQ4%3D,0.258078,48477
1129061725,CR.Nam-2023-06-22_20-20.WAV,2023 Conaway Ranch North 1,2023,6,22,20,20,Agelaius tricolor,Simple Call,31.4187,32.2507,844,13500,24000,present,https://rfcx-streams-production.s3.eu-west-1.amazonaws.com/2023/06/23/jze8tiy9iurn/caf7695a-95fa-47f1-9f4d-753fa729c48f.flac?AWSAccessKeyId=AKIA45B7YWBX7MUJ7QCX&Expires=1777992887&Signature=%2BtWstx%2FghofQO1Zkp%2F9kwE2SBQ4%3D,0.254551,48477
1129061726,CR.Nam-2023-06-22_20-20.WAV,2023 Conaway Ranch North 1,2023,6,22,20,20,Agelaius tricolor,Simple Call,54.1387,54.9707,844,13500,24000,(not validated),https://rfcx-streams-production.s3.eu-west-1.amazonaws.com/2023/06/23/jze8tiy9iurn/caf7695a-95fa-47f1-9f4d-753fa729c48f.flac?AWSAccessKeyId=AKIA45B7YWBX7MUJ7QCX&Expires=1777992887&Signature=%2BtWstx%2FghofQO1Zkp%2F9kwE2SBQ4%3D,0.254044,48477
1129061727,CR.Nam-2023-06-22_20-20.WAV,2023 Conaway Ranch North 1,2023,6,22,20,20,Agelaius tricolor,Simple Call,23.4773,24.3093,844,13500,24000,(not validated),https://rfcx-streams-production.s3.eu-west-1.amazonaws.com/2023/06/23/jze8tiy9iurn/caf7695a-95fa-47f1-9f4d-753fa729c48f.flac?AWSAccessKeyId=AKIA45B7YWBX7MUJ7QCX&Expires=1777992887&Signature=%2BtWstx%2FghofQO1Zkp%2F9kwE2SBQ4%3D,0.245834,48477
1129061728,CR.Nam-2023-06-22_20-20.WAV,2023 Conaway Ranch North 1,2023,6,22,20,20,Agelaius tricolor,Simple Call,23.9147,24.7467,844,13500,24000,(not validated),https://rfcx-streams-production.s3.eu-west-1.amazonaws.com/2023/06/23/jze8tiy9iurn/caf7695a-95fa-47f1-9f4d-753fa729c48f.flac?AWSAccessKeyId=AKIA45B7YWBX7MUJ7QCX&Expires=1777992887&Signature=%2BtWstx%2FghofQO1Zkp%2F9kwE2SBQ4%3D,0.23872,48477
1129061729,CR.Nam-2023-06-22_16-40.WAV,2023 Conaway Ranch North 1,2023,6,22,16,40,Agelaius tricolor,Simple Call,25.552,26.384,844,13500,24000,present,https://rfcx-streams-production.s3.eu-west-1.amazonaws.com/2023/06/22/jze8tiy9iurn/51a5388e-3340-4287-9f25-f1bcc0b22d5c.flac?AWSAccessKeyId=AKIA45B7YWBX7MUJ7QCX&Expires=1777992887&Signature=JrAEqs%2BgA5nNCLZQjPc2Ec4GYNA%3D,0.415494,48477
1129061730,CR.Nam-2023-06-22_16-40.WAV,2023 Conaway Ranch North 1,2023,6,22,16,40,Agelaius tricolor,Simple Call,40.6347,41.4667,844,13500,24000,(not validated),https://rfcx-streams-production.s3.eu-west-1.amazonaws.com/2023/06/22/jze8tiy9iurn/51a5388e-3340-4287-9f25-f1bcc0b22d5c.flac?AWSAccessKeyId=AKIA45B7YWBX7MUJ7QCX&Expires=1777992887&Signature=JrAEqs%2BgA5nNCLZQjPc2Ec4GYNA%3D,0.410692,48477
1129061731,CR.Nam-2023-06-22_16-40.WAV,2023 Conaway Ranch North 1,2023,6,22,16,40,Agelaius tricolor,Simple Call,54.7413,55.5733,844,13500,24000,present,https://rfcx-streams-production.s3.eu-west-1.amazonaws.com/2023/06/22/jze8tiy9iurn/51a5388e-3340-4287-9f25-f1bcc0b22d5c.flac?AWSAccessKeyId=AKIA45B7YWBX7MUJ7QCX&Expires=1777992887&Signature=JrAEqs%2BgA5nNCLZQjPc2Ec4GYNA%3D,0.409161,48477
1129061732,CR.Nam-2023-06-22_16-40.WAV,2023 Conaway Ranch North 1,2023,6,22,16,40,Agelaius tricolor,Simple Call,39.312,40.144,844,13500,24000,present,https://rfcx-streams-production.s3.eu-west-1.amazonaws.com/2023/06/22/jze8tiy9iurn/51a5388e-3340-4287-9f25-f1bcc0b22d5c.flac?AWSAccessKeyId=AKIA45B7YWBX7MUJ7QCX&Expires=1777992887&Signature=JrAEqs%2BgA5nNCLZQjPc2Ec4GYNA%3D,0.408929,48477
1129061733,CR.Nam-2023-06-22_16-40.WAV,2023 Conaway Ranch North 1,2023,6,22,16,40,Agelaius tricolor,Simple Call,32.1547,32.9867,844,13500,24000,present,https://rfcx-streams-production.s3.eu-west-1.amazonaws.com/2023/06/22/jze8tiy9iurn/51a5388e-3340-4287-9f25-f1bcc0b22d5c.flac?AWSAccessKeyId=AKIA45B7YWBX7MUJ7QCX&Expires=1777992887&Signature=JrAEqs%2BgA5nNCLZQjPc2Ec4GYNA%3D,0.397183,48477
1129061734,CR.Nam-2023-06-22_16-40.WAV,2023 Conaway Ranch North 1,2023,6,22,16,40,Agelaius tricolor,Simple Call,45.0453,45.8773,844,13500,24000,present,https://rfcx-streams-production.s3.eu-west-1.amazonaws.com/2023/06/22/jze8tiy9iurn/51a5388e-3340-4287-9f25-f1bcc0b22d5c.flac?AWSAccessKeyId=AKIA45B7YWBX7MUJ7QCX&Expires=1777992887&Signature=JrAEqs%2BgA5nNCLZQjPc2Ec4GYNA%3D,0.387027,48477
1129061735,CR.Nam-2023-06-22_16-40.WAV,2023 Conaway Ranch North 1,2023,6,22,16,40,Agelaius tricolor,Simple Call,39.7333,40.5653,844,13500,24000,present,https://rfcx-streams-production.s3.eu-west-1.amazonaws.com/2023/06/22/jze8tiy9iurn/51a5388e-3340-4287-9f25-f1bcc0b22d5c.flac?AWSAccessKeyId=AKIA45B7YWBX7MUJ7QCX&Expires=1777992887&Signature=JrAEqs%2BgA5nNCLZQjPc2Ec4GYNA%3D,0.367661,48477
1129061736,CR.Nam-2023-06-22_16-40.WAV,2023 Conaway Ranch North 1,2023,6,22,16,40,Agelaius tricolor,Simple Call,41.3333,42.1653,844,13500,24000,present,https://rfcx-streams-production.s3.eu-west-1.amazonaws.com/2023/06/22/jze8tiy9iurn/51a5388e-3340-4287-9f25-f1bcc0b22d5c.flac?AWSAccessKeyId=AKIA45B7YWBX7MUJ7QCX&Expires=1777992887&Signature=JrAEqs%2BgA5nNCLZQjPc2Ec4GYNA%3D,0.340874,48477
1129061737,CR.Nam-2023-06-22_16-40.WAV,2023 Conaway Ranch North 1,2023,6,22,16,40,Agelaius tricolor,Simple Call,10.4693,11.3013,844,13500,24000,(not validated),https://rfcx-streams-production.s3.eu-west-1.amazonaws.com/2023/06/22/jze8tiy9iurn/51a5388e-3340-4287-9f25-f1bcc0b22d5c.flac?AWSAccessKeyId=AKIA45B7YWBX7MUJ7QCX&Expires=1777992887&Signature=JrAEqs%2BgA5nNCLZQjPc2Ec4GYNA%3D,0.332613,48477
1129061738,CR.Nam-2023-06-22_16-40.WAV,2023 Conaway Ranch North 1,2023,6,22,16,40,Agelaius tricolor,Simple Call,44.608,45.44,844,13500,24000,(not validated),https://rfcx-streams-production.s3.eu-west-1.amazonaws.com/2023/06/22/jze8tiy9iurn/51a5388e-3340-4287-9f25-f1bcc0b22d5c.flac?AWSAccessKeyId=AKIA45B7YWBX7MUJ7QCX&Expires=1777992887&Signature=JrAEqs%2BgA5nNCLZQjPc2Ec4GYNA%3D,0.312035,48477
1129061739,CR.Nam-2023-06-22_12-00.WAV,2023 Conaway Ranch North 1,2023,6,22,12,0,Agelaius tricolor,Simple Call,48.5547,49.3867,844,13500,24000,(not validated),https://rfcx-streams-production.s3.eu-west-1.amazonaws.com/2023/06/22/jze8tiy9iurn/5da3ce82-f453-4758-8c3f-3702e412b651.flac?AWSAccessKeyId=AKIA45B7YWBX7MUJ7QCX&Expires=1777992887&Signature=kIqcpQR3%2B1xNeoBjJyxa11wA4RI%3D,0.347086,48477
1129061740,CR.Nam-2023-06-22_12-00.WAV,2023 Conaway Ranch North 1,2023,6,22,12,0,Agelaius tricolor,Simple Call,17.344,18.176,844,13500,24000,(not validated),https://rfcx-streams-production.s3.eu-west-1.amazonaws.com/2023/06/22/jze8tiy9iurn/5da3ce82-f453-4758-8c3f-3702e412b651.flac?AWSAccessKeyId=AKIA45B7YWBX7MUJ7QCX&Expires=1777992887&Signature=kIqcpQR3%2B1xNeoBjJyxa11wA4RI%3D,0.29479,48477
1129061741,CR.Nam-2023-06-22_12-00.WAV,2023 Conaway Ranch North 1,2023,6,22,12,0,Agelaius tricolor,Simple Call,57.7707,58.6027,844,13500,24000,(not validated),https://rfcx-streams-production.s3.eu-west-1.amazonaws.com/2023/06/22/jze8tiy9iurn/5da3ce82-f453-4758-8c3f-3702e412b651.flac?AWSAccessKeyId=AKIA45B7YWBX7MUJ7QCX&Expires=1777992887&Signature=kIqcpQR3%2B1xNeoBjJyxa11wA4RI%3D,0.293383,48477
1129061742,CR.Nam-2023-06-22_12-00.WAV,2023 Conaway Ranch North 1,2023,6,22,12,0,Agelaius tricolor,Simple Call,48.976,49.808,844,13500,24000,present,https://rfcx-streams-production.s3.eu-west-1.amazonaws.com/2023/06/22/jze8tiy9iurn/5da3ce82-f453-4758-8c3f-3702e412b651.flac?AWSAccessKeyId=AKIA45B7YWBX7MUJ7QCX&Expires=1777992887&Signature=kIqcpQR3%2B1xNeoBjJyxa11wA4RI%3D,0.29018,48477
1129061743,CR.Nam-2023-06-22_12-00.WAV,2023 Conaway Ranch North 1,2023,6,22,12,0,Agelaius tricolor,Simple Call,57.3227,58.1547,844,13500,24000,(not validated),https://rfcx-streams-production.s3.eu-west-1.amazonaws.com/2023/06/22/jze8tiy9iurn/5da3ce82-f453-4758-8c3f-3702e412b651.flac?AWSAccessKeyId=AKIA45B7YWBX7MUJ7QCX&Expires=1777992887&Signature=kIqcpQR3%2B1xNeoBjJyxa11wA4RI%3D,0.244575,48477
1129061744,CR.Nam-2023-06-22_12-00.WAV,2023 Conaway Ranch North 1,2023,6,22,12,0,Agelaius tricolor,Simple Call,53.2267,54.0587,844,13500,24000,(not validated),https://rfcx-streams-production.s3.eu-west-1.amazonaws.com/2023/06/22/jze8tiy9iurn/5da3ce82-f453-4758-8c3f-3702e412b651.flac?AWSAccessKeyId=AKIA45B7YWBX7MUJ7QCX&Expires=1777992887&Signature=kIqcpQR3%2B1xNeoBjJyxa11wA4RI%3D,0.243403,48477
1129061745,CR.Nam-2023-06-22_12-00.WAV,2023 Conaway Ranch North 1,2023,6,22,12,0,Agelaius tricolor,Simple Call,8.69333,9.52533,844,13500,24000,(not validated),https://rfcx-streams-production.s3.eu-west-1.amazonaws.com/2023/06/22/jze8tiy9iurn/5da3ce82-f453-4758-8c3f-3702e412b651.flac?AWSAccessKeyId=AKIA45B7YWBX7MUJ7QCX&Expires=1777992887&Signature=kIqcpQR3%2B1xNeoBjJyxa11wA4RI%3D,0.22357,48477
1129061746,CR.Nam-2023-06-22_12-00.WAV,2023 Conaway Ranch North 1,2023,6,22,12,0,Agelaius tricolor,Simple Call,24.7093,25.5413,844,13500,24000,(not validated),https://rfcx-streams-production.s3.eu-west-1.amazonaws.com/2023/06/22/jze8tiy9iurn/5da3ce82-f453-4758-8c3f-3702e412b651.flac?AWSAccessKeyId=AKIA45B7YWBX7MUJ7QCX&Expires=1777992887&Signature=kIqcpQR3%2B1xNeoBjJyxa11wA4RI%3D,0.207589,48477
1129061747,CR.Nam-2023-06-22_12-00.WAV,2023 Conaway Ranch North 1,2023,6,22,12,0,Agelaius tricolor,Simple Call,7.93067,8.76267,844,13500,24000,(not validated),https://rfcx-streams-production.s3.eu-west-1.amazonaws.com/2023/06/22/jze8tiy9iurn/5da3ce82-f453-4758-8c3f-3702e412b651.flac?AWSAccessKeyId=AKIA45B7YWBX7MUJ7QCX&Expires=1777992887&Signature=kIqcpQR3%2B1xNeoBjJyxa11wA4RI%3D,0.203753,48477
1129061748,CR.Nam-2023-06-22_12-00.WAV,2023 Conaway Ranch North 1,2023,6,22,12,0,Agelaius tricolor,Simple Call,39.328,40.16,844,13500,24000,(not validated),https://rfcx-streams-production.s3.eu-west-1.amazonaws.com/2023/06/22/jze8tiy9iurn/5da3ce82-f453-4758-8c3f-3702e412b651.flac?AWSAccessKeyId=AKIA45B7YWBX7MUJ7QCX&Expires=1777992887&Signature=kIqcpQR3%2B1xNeoBjJyxa11wA4RI%3D,0.203467,48477
1129061749,CR.Nam-2023-06-10_06-20.WAV,2023 Conaway Ranch North 1,2023,6,10,6,20,Agelaius tricolor,Simple Call,4.16533,4.99733,844,13500,24000,present,https://rfcx-streams-production.s3.eu-west-1.amazonaws.com/2023/06/10/jze8tiy9iurn/89648ff2-0656-49f8-8de8-ca44e231f502.flac?AWSAccessKeyId=AKIA45B7YWBX7MUJ7QCX&Expires=1777992887&Signature=W%2BJQMoTKwxzn2Kd%2FUUsgKoMAw0U%3D,0.393367,48477
1129061750,CR.Nam-2023-06-10_06-20.WAV,2023 Conaway Ranch North 1,2023,6,10,6,20,Agelaius tricolor,Simple Call,4.58667,5.41867,844,13500,24000,present,https://rfcx-streams-production.s3.eu-west-1.amazonaws.com/2023/06/10/jze8tiy9iurn/89648ff2-0656-49f8-8de8-ca44e231f502.flac?AWSAccessKeyId=AKIA45B7YWBX7MUJ7QCX&Expires=1777992887&Signature=W%2BJQMoTKwxzn2Kd%2FUUsgKoMAw0U%3D,0.323983,48477
1129061751,CR.Nam-2023-06-10_06-20.WAV,2023 Conaway Ranch North 1,2023,6,10,6,20,Agelaius tricolor,Simple Call,46.1707,47.0027,844,13500,24000,(not validated),https://rfcx-streams-production.s3.eu-west-1.amazonaws.com/2023/06/10/jze8tiy9iurn/89648ff2-0656-49f8-8de8-ca44e231f502.flac?AWSAccessKeyId=AKIA45B7YWBX7MUJ7QCX&Expires=1777992887&Signature=W%2BJQMoTKwxzn2Kd%2FUUsgKoMAw0U%3D,0.309662,48477
1129061752,CR.Nam-2023-06-10_06-20.WAV,2023 Conaway Ranch North 1,2023,6,10,6,20,Agelaius tricolor,Simple Call,43.36,44.192,844,13500,24000,(not validated),https://rfcx-streams-production.s3.eu-west-1.amazonaws.com/2023/06/10/jze8tiy9iurn/89648ff2-0656-49f8-8de8-ca44e231f502.flac?AWSAccessKeyId=AKIA45B7YWBX7MUJ7QCX&Expires=1777992887&Signature=W%2BJQMoTKwxzn2Kd%2FUUsgKoMAw0U%3D,0.298889,48477
1129061753,CR.Nam-2023-06-10_06-20.WAV,2023 Conaway Ranch North 1,2023,6,10,6,20,Agelaius tricolor,Simple Call,24.0853,24.9173,844,13500,24000,(not validated),https://rfcx-streams-production.s3.eu-west-1.amazonaws.com/2023/06/10/jze8tiy9iurn/89648ff2-0656-49f8-8de8-ca44e231f502.flac?AWSAccessKeyId=AKIA45B7YWBX7MUJ7QCX&Expires=1777992887&Signature=W%2BJQMoTKwxzn2Kd%2FUUsgKoMAw0U%3D,0.297498,48477
1129061754,CR.Nam-2023-06-10_06-20.WAV,2023 Conaway Ranch North 1,2023,6,10,6,20,Agelaius tricolor,Simple Call,57.4613,58.2933,844,13500,24000,(not validated),https://rfcx-streams-production.s3.eu-west-1.amazonaws.com/2023/06/10/jze8tiy9iurn/89648ff2-0656-49f8-8de8-ca44e231f502.flac?AWSAccessKeyId=AKIA45B7YWBX7MUJ7QCX&Expires=1777992887&Signature=W%2BJQMoTKwxzn2Kd%2FUUsgKoMAw0U%3D,0.27886,48477
1129061755,CR.Nam-2023-06-10_06-20.WAV,2023 Conaway Ranch North 1,2023,6,10,6,20,Agelaius tricolor,Simple Call,49.104,49.936,844,13500,24000,(not validated),https://rfcx-streams-production.s3.eu-west-1.amazonaws.com/2023/06/10/jze8tiy9iurn/89648ff2-0656-49f8-8de8-ca44e231f502.flac?AWSAccessKeyId=AKIA45B7YWBX7MUJ7QCX&Expires=1777992887&Signature=W%2BJQMoTKwxzn2Kd%2FUUsgKoMAw0U%3D,0.278504,48477
1129061756,CR.Nam-2023-06-10_06-20.WAV,2023 Conaway Ranch North 1,2023,6,10,6,20,Agelaius tricolor,Simple Call,49.8453,50.6773,844,13500,24000,(not validated),https://rfcx-streams-production.s3.eu-west-1.amazonaws.com/2023/06/10/jze8tiy9iurn/89648ff2-0656-49f8-8de8-ca44e231f502.flac?AWSAccessKeyId=AKIA45B7YWBX7MUJ7QCX&Expires=1777992887&Signature=W%2BJQMoTKwxzn2Kd%2FUUsgKoMAw0U%3D,0.275155,48477
1129061757,CR.Nam-2023-06-10_06-20.WAV,2023 Conaway Ranch North 1,2023,6,10,6,20,Agelaius tricolor,Simple Call,39.7547,40.5867,844,13500,24000,(not validated),https://rfcx-streams-production.s3.eu-west-1.amazonaws.com/2023/06/10/jze8tiy9iurn/89648ff2-0656-49f8-8de8-ca44e231f502.flac?AWSAccessKeyId=AKIA45B7YWBX7MUJ7QCX&Expires=1777992887&Signature=W%2BJQMoTKwxzn2Kd%2FUUsgKoMAw0U%3D,0.258338,48477
1129061758,CR.Nam-2023-06-10_06-20.WAV,2023 Conaway Ranch North 1,2023,6,10,6,20,Agelaius tricolor,Simple Call,10.832,11.664,844,13500,24000,(not validated),https://rfcx-streams-production.s3.eu-west-1.amazonaws.com/2023/06/10/jze8tiy9iurn/89648ff2-0656-49f8-8de8-ca44e231f502.flac?AWSAccessKeyId=AKIA45B7YWBX7MUJ7QCX&Expires=1777992887&Signature=W%2BJQMoTKwxzn2Kd%2FUUsgKoMAw0U%3D,0.255321,48477
1129061759,CR.Nam-2023-06-09_08-00.WAV,2023 Conaway Ranch North 1,2023,6,9,8,0,Agelaius tricolor,Simple Call,24.784,25.616,844,13500,24000,present,https://rfcx-streams-production.s3.eu-west-1.amazonaws.com/2023/06/09/jze8tiy9iurn/ee96d1c6-dd59-4a2b-b450-b2391f318ce3.flac?AWSAccessKeyId=AKIA45B7YWBX7MUJ7QCX&Expires=1777992887&Signature=tcgDN4XMuUZDGdb9phpldBwm6y4%3D,0.312288,48477
1129061760,CR.Nam-2023-06-09_08-00.WAV,2023 Conaway Ranch North 1,2023,6,9,8,0,Agelaius tricolor,Simple Call,9.29067,10.1227,844,13500,24000,(not validated),https://rfcx-streams-production.s3.eu-west-1.amazonaws.com/2023/06/09/jze8tiy9iurn/ee96d1c6-dd59-4a2b-b450-b2391f318ce3.flac?AWSAccessKeyId=AKIA45B7YWBX7MUJ7QCX&Expires=1777992887&Signature=tcgDN4XMuUZDGdb9phpldBwm6y4%3D,0.310852,48477
1129061761,CR.Nam-2023-06-09_08-00.WAV,2023 Conaway Ranch North 1,2023,6,9,8,0,Agelaius tricolor,Simple Call,18.1013,18.9333,844,13500,24000,(not validated),https://rfcx-streams-production.s3.eu-west-1.amazonaws.com/2023/06/09/jze8tiy9iurn/ee96d1c6-dd59-4a2b-b450-b2391f318ce3.flac?AWSAccessKeyId=AKIA45B7YWBX7MUJ7QCX&Expires=1777992887&Signature=tcgDN4XMuUZDGdb9phpldBwm6y4%3D,0.298827,48477
1129061762,CR.Nam-2023-06-09_08-00.WAV,2023 Conaway Ranch North 1,2023,6,9,8,0,Agelaius tricolor,Simple Call,25.2373,26.0693,844,13500,24000,present,https://rfcx-streams-production.s3.eu-west-1.amazonaws.com/2023/06/09/jze8tiy9iurn/ee96d1c6-dd59-4a2b-b450-b2391f318ce3.flac?AWSAccessKeyId=AKIA45B7YWBX7MUJ7QCX&Expires=1777992887&Signature=tcgDN4XMuUZDGdb9phpldBwm6y4%3D,0.296628,48477
1129061763,CR.Nam-2023-06-09_08-00.WAV,2023 Conaway Ranch North 1,2023,6,9,8,0,Agelaius tricolor,Simple Call,26.3733,27.2053,844,13500,24000,(not validated),https://rfcx-streams-production.s3.eu-west-1.amazonaws.com/2023/06/09/jze8tiy9iurn/ee96d1c6-dd59-4a2b-b450-b2391f318ce3.flac?AWSAccessKeyId=AKIA45B7YWBX7MUJ7QCX&Expires=1777992887&Signature=tcgDN4XMuUZDGdb9phpldBwm6y4%3D,0.286166,48477
1129061764,CR.Nam-2023-06-09_08-00.WAV,2023 Conaway Ranch North 1,2023,6,9,8,0,Agelaius tricolor,Simple Call,2.272,3.104,844,13500,24000,present,https://rfcx-streams-production.s3.eu-west-1.amazonaws.com/2023/06/09/jze8tiy9iurn/ee96d1c6-dd59-4a2b-b450-b2391f318ce3.flac?AWSAccessKeyId=AKIA45B7YWBX7MUJ7QCX&Expires=1777992887&Signature=tcgDN4XMuUZDGdb9phpldBwm6y4%3D,0.280616,48477
1129061765,CR.Nam-2023-06-09_08-00.WAV,2023 Conaway Ranch North 1,2023,6,9,8,0,Agelaius tricolor,Simple Call,0.048,0.88,844,13500,24000,(not validated),https://rfcx-streams-production.s3.eu-west-1.amazonaws.com/2023/06/09/jze8tiy9iurn/ee96d1c6-dd59-4a2b-b450-b2391f318ce3.flac?AWSAccessKeyId=AKIA45B7YWBX7MUJ7QCX&Expires=1777992887&Signature=tcgDN4XMuUZDGdb9phpldBwm6y4%3D,0.279583,48477
1129061766,CR.Nam-2023-06-09_08-00.WAV,2023 Conaway Ranch North 1,2023,6,9,8,0,Agelaius tricolor,Simple Call,1.856,2.688,844,13500,24000,(not validated),https://rfcx-streams-production.s3.eu-west-1.amazonaws.com/2023/06/09/jze8tiy9iurn/ee96d1c6-dd59-4a2b-b450-b2391f318ce3.flac?AWSAccessKeyId=AKIA45B7YWBX7MUJ7QCX&Expires=1777992887&Signature=tcgDN4XMuUZDGdb9phpldBwm6y4%3D,0.263686,48477
1129061767,CR.Nam-2023-06-09_08-00.WAV,2023 Conaway Ranch North 1,2023,6,9,8,0,Agelaius tricolor,Simple Call,4.064,4.896,844,13500,24000,(not validated),https://rfcx-streams-production.s3.eu-west-1.amazonaws.com/2023/06/09/jze8tiy9iurn/ee96d1c6-dd59-4a2b-b450-b2391f318ce3.flac?AWSAccessKeyId=AKIA45B7YWBX7MUJ7QCX&Expires=1777992887&Signature=tcgDN4XMuUZDGdb9phpldBwm6y4%3D,0.25959,48477
1129061768,CR.Nam-2023-06-09_08-00.WAV,2023 Conaway Ranch North 1,2023,6,9,8,0,Agelaius tricolor,Simple Call,8.21333,9.04533,844,13500,24000,(not validated),https://rfcx-streams-production.s3.eu-west-1.amazonaws.com/2023/06/09/jze8tiy9iurn/ee96d1c6-dd59-4a2b-b450-b2391f318ce3.flac?AWSAccessKeyId=AKIA45B7YWBX7MUJ7QCX&Expires=1777992887&Signature=tcgDN4XMuUZDGdb9phpldBwm6y4%3D,0.253996,48477
1129061769,CR.Nam-2023-06-25_08-20.WAV,2023 Conaway Ranch North 1,2023,6,25,8,20,Agelaius tricolor,Simple Call,19.856,20.688,844,13500,24000,present,https://rfcx-streams-production.s3.eu-west-1.amazonaws.com/2023/06/25/jze8tiy9iurn/fd7087ee-25f4-44bd-9f85-76105c2879e2.flac?AWSAccessKeyId=AKIA45B7YWBX7MUJ7QCX&Expires=1777992887&Signature=pyZ83%2FFtHhzKYWh2PcMY2B5aeI4%3D,0.372826,48477
1129061770,CR.Nam-2023-06-25_08-20.WAV,2023 Conaway Ranch North 1,2023,6,25,8,20,Agelaius tricolor,Simple Call,7.03467,7.86667,844,13500,24000,(not validated),https://rfcx-streams-production.s3.eu-west-1.amazonaws.com/2023/06/25/jze8tiy9iurn/fd7087ee-25f4-44bd-9f85-76105c2879e2.flac?AWSAccessKeyId=AKIA45B7YWBX7MUJ7QCX&Expires=1777992887&Signature=pyZ83%2FFtHhzKYWh2PcMY2B5aeI4%3D,0.366286,48477
1129061771,CR.Nam-2023-06-25_08-20.WAV,2023 Conaway Ranch North 1,2023,6,25,8,20,Agelaius tricolor,Simple Call,17.1573,17.9893,844,13500,24000,present,https://rfcx-streams-production.s3.eu-west-1.amazonaws.com/2023/06/25/jze8tiy9iurn/fd7087ee-25f4-44bd-9f85-76105c2879e2.flac?AWSAccessKeyId=AKIA45B7YWBX7MUJ7QCX&Expires=1777992887&Signature=pyZ83%2FFtHhzKYWh2PcMY2B5aeI4%3D,0.350274,48477
1129061772,CR.Nam-2023-06-25_08-20.WAV,2023 Conaway Ranch North 1,2023,6,25,8,20,Agelaius tricolor,Simple Call,22.6613,23.4933,844,13500,24000,present,https://rfcx-streams-production.s3.eu-west-1.amazonaws.com/2023/06/25/jze8tiy9iurn/fd7087ee-25f4-44bd-9f85-76105c2879e2.flac?AWSAccessKeyId=AKIA45B7YWBX7MUJ7QCX&Expires=1777992887&Signature=pyZ83%2FFtHhzKYWh2PcMY2B5aeI4%3D,0.343771,48477
1129061773,CR.Nam-2023-06-25_08-20.WAV,2023 Conaway Ranch North 1,2023,6,25,8,20,Agelaius tricolor,Simple Call,16.096,16.928,844,13500,24000,(not validated),https://rfcx-streams-production.s3.eu-west-1.amazonaws.com/2023/06/25/jze8tiy9iurn/fd7087ee-25f4-44bd-9f85-76105c2879e2.flac?AWSAccessKeyId=AKIA45B7YWBX7MUJ7QCX&Expires=1777992887&Signature=pyZ83%2FFtHhzKYWh2PcMY2B5aeI4%3D,0.341717,48477
1129061774,CR.Nam-2023-06-25_08-20.WAV,2023 Conaway Ranch North 1,2023,6,25,8,20,Agelaius tricolor,Simple Call,21.1147,21.9467,844,13500,24000,(not validated),https://rfcx-streams-production.s3.eu-west-1.amazonaws.com/2023/06/25/jze8tiy9iurn/fd7087ee-25f4-44bd-9f85-76105c2879e2.flac?AWSAccessKeyId=AKIA45B7YWBX7MUJ7QCX&Expires=1777992887&Signature=pyZ83%2FFtHhzKYWh2PcMY2B5aeI4%3D,0.334972,48477
1129061775,CR.Nam-2023-06-25_08-20.WAV,2023 Conaway Ranch North 1,2023,6,25,8,20,Agelaius tricolor,Simple Call,23.1093,23.9413,844,13500,24000,(not validated),https://rfcx-streams-production.s3.eu-west-1.amazonaws.com/2023/06/25/jze8tiy9iurn/fd7087ee-25f4-44bd-9f85-76105c2879e2.flac?AWSAccessKeyId=AKIA45B7YWBX7MUJ7QCX&Expires=1777992887&Signature=pyZ83%2FFtHhzKYWh2PcMY2B5aeI4%3D,0.321248,48477
1129061776,CR.Nam-2023-06-25_08-20.WAV,2023 Conaway Ranch North 1,2023,6,25,8,20,Agelaius tricolor,Simple Call,5.46133,6.29333,844,13500,24000,(not validated),https://rfcx-streams-production.s3.eu-west-1.amazonaws.com/2023/06/25/jze8tiy9iurn/fd7087ee-25f4-44bd-9f85-76105c2879e2.flac?AWSAccessKeyId=AKIA45B7YWBX7MUJ7QCX&Expires=1777992887&Signature=pyZ83%2FFtHhzKYWh2PcMY2B5aeI4%3D,0.304941,48477
1129061777,CR.Nam-2023-06-25_08-20.WAV,2023 Conaway Ranch North 1,2023,6,25,8,20,Agelaius tricolor,Simple Call,27.088,27.92,844,13500,24000,(not validated),https://rfcx-streams-production.s3.eu-west-1.amazonaws.com/2023/06/25/jze8tiy9iurn/fd7087ee-25f4-44bd-9f85-76105c2879e2.flac?AWSAccessKeyId=AKIA45B7YWBX7MUJ7QCX&Expires=1777992887&Signature=pyZ83%2FFtHhzKYWh2PcMY2B5aeI4%3D,0.304398,48477
1129061778,CR.Nam-2023-06-25_08-20.WAV,2023 Conaway Ranch North 1,2023,6,25,8,20,Agelaius tricolor,Simple Call,20.6453,21.4773,844,13500,24000,(not validated),https://rfcx-streams-production.s3.eu-west-1.amazonaws.com/2023/06/25/jze8tiy9iurn/fd7087ee-25f4-44bd-9f85-76105c2879e2.flac?AWSAccessKeyId=AKIA45B7YWBX7MUJ7QCX&Expires=1777992887&Signature=pyZ83%2FFtHhzKYWh2PcMY2B5aeI4%3D,0.29487,48477
1129061779,CR.Nam-2023-06-26_07-20.WAV,2023 Conaway Ranch North 1,2023,6,26,7,20,Agelaius tricolor,Simple Call,46.7413,47.5733,844,13500,24000,present,https://rfcx-streams-production.s3.eu-west-1.amazonaws.com/2023/06/26/jze8tiy9iurn/48d4b78b-c402-4116-af5a-679bd8957e62.flac?AWSAccessKeyId=AKIA45B7YWBX7MUJ7QCX&Expires=1777992887&Signature=8rBN4vzMPqq6bEg6uPt8sR0FBJA%3D,0.473788,48477
1129061780,CR.Nam-2023-06-26_07-20.WAV,2023 Conaway Ranch North 1,2023,6,26,7,20,Agelaius tricolor,Simple Call,42.0587,42.8907,844,13500,24000,(not validated),https://rfcx-streams-production.s3.eu-west-1.amazonaws.com/2023/06/26/jze8tiy9iurn/48d4b78b-c402-4116-af5a-679bd8957e62.flac?AWSAccessKeyId=AKIA45B7YWBX7MUJ7QCX&Expires=1777992887&Signature=8rBN4vzMPqq6bEg6uPt8sR0FBJA%3D,0.361305,48477
1129061781,CR.Nam-2023-06-26_07-20.WAV,2023 Conaway Ranch North 1,2023,6,26,7,20,Agelaius tricolor,Simple Call,47.1627,47.9947,844,13500,24000,present,https://rfcx-streams-production.s3.eu-west-1.amazonaws.com/2023/06/26/jze8tiy9iurn/48d4b78b-c402-4116-af5a-679bd8957e62.flac?AWSAccessKeyId=AKIA45B7YWBX7MUJ7QCX&Expires=1777992887&Signature=8rBN4vzMPqq6bEg6uPt8sR0FBJA%3D,0.335038,48477
1129061782,CR.Nam-2023-06-26_07-20.WAV,2023 Conaway Ranch North 1,2023,6,26,7,20,Agelaius tricolor,Simple Call,1.99467,2.82667,844,13500,24000,(not validated),https://rfcx-streams-production.s3.eu-west-1.amazonaws.com/2023/06/26/jze8tiy9iurn/48d4b78b-c402-4116-af5a-679bd8957e62.flac?AWSAccessKeyId=AKIA45B7YWBX7MUJ7QCX&Expires=1777992887&Signature=8rBN4vzMPqq6bEg6uPt8sR0FBJA%3D,0.321987,48477
1129061783,CR.Nam-2023-06-26_07-20.WAV,2023 Conaway Ranch North 1,2023,6,26,7,20,Agelaius tricolor,Simple Call,2.94933,3.78133,844,13500,24000,(not validated),https://rfcx-streams-production.s3.eu-west-1.amazonaws.com/2023/06/26/jze8tiy9iurn/48d4b78b-c402-4116-af5a-679bd8957e62.flac?AWSAccessKeyId=AKIA45B7YWBX7MUJ7QCX&Expires=1777992887&Signature=8rBN4vzMPqq6bEg6uPt8sR0FBJA%3D,0.312295,48477
1129061784,CR.Nam-2023-06-26_07-20.WAV,2023 Conaway Ranch North 1,2023,6,26,7,20,Agelaius tricolor,Simple Call,30.72,31.552,844,13500,24000,(not validated),https://rfcx-streams-production.s3.eu-west-1.amazonaws.com/2023/06/26/jze8tiy9iurn/48d4b78b-c402-4116-af5a-679bd8957e62.flac?AWSAccessKeyId=AKIA45B7YWBX7MUJ7QCX&Expires=1777992887&Signature=8rBN4vzMPqq6bEg6uPt8sR0FBJA%3D,0.310236,48477
1129061785,CR.Nam-2023-06-26_07-20.WAV,2023 Conaway Ranch North 1,2023,6,26,7,20,Agelaius tricolor,Simple Call,33.9147,34.7467,844,13500,24000,(not validated),https://rfcx-streams-production.s3.eu-west-1.amazonaws.com/2023/06/26/jze8tiy9iurn/48d4b78b-c402-4116-af5a-679bd8957e62.flac?AWSAccessKeyId=AKIA45B7YWBX7MUJ7QCX&Expires=1777992887&Signature=8rBN4vzMPqq6bEg6uPt8sR0FBJA%3D,0.287287,48477
1129061786,CR.Nam-2023-06-26_07-20.WAV,2023 Conaway Ranch North 1,2023,6,26,7,20,Agelaius tricolor,Simple Call,36.8907,37.7227,844,13500,24000,(not validated),https://rfcx-streams-production.s3.eu-west-1.amazonaws.com/2023/06/26/jze8tiy9iurn/48d4b78b-c402-4116-af5a-679bd8957e62.flac?AWSAccessKeyId=AKIA45B7YWBX7MUJ7QCX&Expires=1777992887&Signature=8rBN4vzMPqq6bEg6uPt8sR0FBJA%3D,0.286541,48477
1129061787,CR.Nam-2023-06-26_07-20.WAV,2023 Conaway Ranch North 1,2023,6,26,7,20,Agelaius tricolor,Simple Call,2.46933,3.30133,844,13500,24000,(not validated),https://rfcx-streams-production.s3.eu-west-1.amazonaws.com/2023/06/26/jze8tiy9iurn/48d4b78b-c402-4116-af5a-679bd8957e62.flac?AWSAccessKeyId=AKIA45B7YWBX7MUJ7QCX&Expires=1777992887&Signature=8rBN4vzMPqq6bEg6uPt8sR0FBJA%3D,0.27511,48477
1129061788,CR.Nam-2023-06-26_07-20.WAV,2023 Conaway Ranch North 1,2023,6,26,7,20,Agelaius tricolor,Simple Call,47.856,48.688,844,13500,24000,(not validated),https://rfcx-streams-production.s3.eu-west-1.amazonaws.com/2023/06/26/jze8tiy9iurn/48d4b78b-c402-4116-af5a-679bd8957e62.flac?AWSAccessKeyId=AKIA45B7YWBX7MUJ7QCX&Expires=1777992887&Signature=8rBN4vzMPqq6bEg6uPt8sR0FBJA%3D,0.274023,48477
1129061789,CR.Nam-2023-07-06_17-00.WAV,2023 Conaway Ranch North 1,2023,7,6,17,0,Agelaius tricolor,Simple Call,14.6827,15.5147,844,13500,24000,present,https://rfcx-streams-production.s3.eu-west-1.amazonaws.com/2023/07/07/jze8tiy9iurn/4accb6e8-e8d7-46de-995a-84bcb16b69f1.flac?AWSAccessKeyId=AKIA45B7YWBX7MUJ7QCX&Expires=1777992887&Signature=nNCYOdord0L0%2BJmusOHRN1HWgJ8%3D,0.57688,48477
1129061790,CR.Nam-2023-07-06_17-00.WAV,2023 Conaway Ranch North 1,2023,7,6,17,0,Agelaius tricolor,Simple Call,14.2613,15.0933,844,13500,24000,present,https://rfcx-streams-production.s3.eu-west-1.amazonaws.com/2023/07/07/jze8tiy9iurn/4accb6e8-e8d7-46de-995a-84bcb16b69f1.flac?AWSAccessKeyId=AKIA45B7YWBX7MUJ7QCX&Expires=1777992887&Signature=nNCYOdord0L0%2BJmusOHRN1HWgJ8%3D,0.439788,48477
1129061791,CR.Nam-2023-07-06_17-00.WAV,2023 Conaway Ranch North 1,2023,7,6,17,0,Agelaius tricolor,Simple Call,41.328,42.16,844,13500,24000,(not validated),https://rfcx-streams-production.s3.eu-west-1.amazonaws.com/2023/07/07/jze8tiy9iurn/4accb6e8-e8d7-46de-995a-84bcb16b69f1.flac?AWSAccessKeyId=AKIA45B7YWBX7MUJ7QCX&Expires=1777992887&Signature=nNCYOdord0L0%2BJmusOHRN1HWgJ8%3D,0.423304,48477
1129061792,CR.Nam-2023-07-06_17-00.WAV,2023 Conaway Ranch North 1,2023,7,6,17,0,Agelaius tricolor,Simple Call,0.176,1.008,844,13500,24000,(not validated),https://rfcx-streams-production.s3.eu-west-1.amazonaws.com/2023/07/07/jze8tiy9iurn/4accb6e8-e8d7-46de-995a-84bcb16b69f1.flac?AWSAccessKeyId=AKIA45B7YWBX7MUJ7QCX&Expires=1777992887&Signature=nNCYOdord0L0%2BJmusOHRN1HWgJ8%3D,0.367052,48477
1129061793,CR.Nam-2023-07-06_17-00.WAV,2023 Conaway Ranch North 1,2023,7,6,17,0,Agelaius tricolor,Simple Call,49.0667,49.8987,844,13500,24000,(not validated),https://rfcx-streams-production.s3.eu-west-1.amazonaws.com/2023/07/07/jze8tiy9iurn/4accb6e8-e8d7-46de-995a-84bcb16b69f1.flac?AWSAccessKeyId=AKIA45B7YWBX7MUJ7QCX&Expires=1777992887&Signature=nNCYOdord0L0%2BJmusOHRN1HWgJ8%3D,0.363622,48477
1129061794,CR.Nam-2023-07-06_17-00.WAV,2023 Conaway Ranch North 1,2023,7,6,17,0,Agelaius tricolor,Simple Call,47.7547,48.5867,844,13500,24000,(not validated),https://rfcx-streams-production.s3.eu-west-1.amazonaws.com/2023/07/07/jze8tiy9iurn/4accb6e8-e8d7-46de-995a-84bcb16b69f1.flac?AWSAccessKeyId=AKIA45B7YWBX7MUJ7QCX&Expires=1777992887&Signature=nNCYOdord0L0%2BJmusOHRN1HWgJ8%3D,0.339791,48477
1129061795,CR.Nam-2023-07-06_17-00.WAV,2023 Conaway Ranch North 1,2023,7,6,17,0,Agelaius tricolor,Simple Call,51.5413,52.3733,844,13500,24000,(not validated),https://rfcx-streams-production.s3.eu-west-1.amazonaws.com/2023/07/07/jze8tiy9iurn/4accb6e8-e8d7-46de-995a-84bcb16b69f1.flac?AWSAccessKeyId=AKIA45B7YWBX7MUJ7QCX&Expires=1777992887&Signature=nNCYOdord0L0%2BJmusOHRN1HWgJ8%3D,0.334966,48477
1129061796,CR.Nam-2023-07-06_17-00.WAV,2023 Conaway Ranch North 1,2023,7,6,17,0,Agelaius tricolor,Simple Call,29.584,30.416,844,13500,24000,(not validated),https://rfcx-streams-production.s3.eu-west-1.amazonaws.com/2023/07/07/jze8tiy9iurn/4accb6e8-e8d7-46de-995a-84bcb16b69f1.flac?AWSAccessKeyId=AKIA45B7YWBX7MUJ7QCX&Expires=1777992887&Signature=nNCYOdord0L0%2BJmusOHRN1HWgJ8%3D,0.332452,48477
1129061797,CR.Nam-2023-07-06_17-00.WAV,2023 Conaway Ranch North 1,2023,7,6,17,0,Agelaius tricolor,Simple Call,54.7093,55.5413,844,13500,24000,(not validated),https://rfcx-streams-production.s3.eu-west-1.amazonaws.com/2023/07/07/jze8tiy9iurn/4accb6e8-e8d7-46de-995a-84bcb16b69f1.flac?AWSAccessKeyId=AKIA45B7YWBX7MUJ7QCX&Expires=1777992887&Signature=nNCYOdord0L0%2BJmusOHRN1HWgJ8%3D,0.331751,48477
1129061798,CR.Nam-2023-07-06_17-00.WAV,2023 Conaway Ranch North 1,2023,7,6,17,0,Agelaius tricolor,Simple Call,52.7147,53.5467,844,13500,24000,(not validated),https://rfcx-streams-production.s3.eu-west-1.amazonaws.com/2023/07/07/jze8tiy9iurn/4accb6e8-e8d7-46de-995a-84bcb16b69f1.flac?AWSAccessKeyId=AKIA45B7YWBX7MUJ7QCX&Expires=1777992887&Signature=nNCYOdord0L0%2BJmusOHRN1HWgJ8%3D,0.329571,48477
1129061799,CR.Nam-2023-07-06_13-40.WAV,2023 Conaway Ranch North 1,2023,7,6,13,40,Agelaius tricolor,Simple Call,30.5013,31.3333,844,13500,24000,present,https://rfcx-streams-production.s3.eu-west-1.amazonaws.com/2023/07/06/jze8tiy9iurn/6d572539-91ee-4673-97c8-fd1497b76a39.flac?AWSAccessKeyId=AKIA45B7YWBX7MUJ7QCX&Expires=1777992887&Signature=brWn0Yd%2B6jDwhDtzD95vEi3VV4I%3D,0.454882,48477
1129061800,CR.Nam-2023-07-06_13-40.WAV,2023 Conaway Ranch North 1,2023,7,6,13,40,Agelaius tricolor,Simple Call,7.584,8.416,844,13500,24000,(not validated),https://rfcx-streams-production.s3.eu-west-1.amazonaws.com/2023/07/06/jze8tiy9iurn/6d572539-91ee-4673-97c8-fd1497b76a39.flac?AWSAccessKeyId=AKIA45B7YWBX7MUJ7QCX&Expires=1777992887&Signature=brWn0Yd%2B6jDwhDtzD95vEi3VV4I%3D,0.427344,48477
1129061801,CR.Nam-2023-07-06_13-40.WAV,2023 Conaway Ranch North 1,2023,7,6,13,40,Agelaius tricolor,Simple Call,25.7387,26.5707,844,13500,24000,present,https://rfcx-streams-production.s3.eu-west-1.amazonaws.com/2023/07/06/jze8tiy9iurn/6d572539-91ee-4673-97c8-fd1497b76a39.flac?AWSAccessKeyId=AKIA45B7YWBX7MUJ7QCX&Expires=1777992887&Signature=brWn0Yd%2B6jDwhDtzD95vEi3VV4I%3D,0.410417,48477
1129061802,CR.Nam-2023-07-06_13-40.WAV,2023 Conaway Ranch North 1,2023,7,6,13,40,Agelaius tricolor,Simple Call,4.34667,5.17867,844,13500,24000,present,https://rfcx-streams-production.s3.eu-west-1.amazonaws.com/2023/07/06/jze8tiy9iurn/6d572539-91ee-4673-97c8-fd1497b76a39.flac?AWSAccessKeyId=AKIA45B7YWBX7MUJ7QCX&Expires=1777992887&Signature=brWn0Yd%2B6jDwhDtzD95vEi3VV4I%3D,0.404545,48477
1129061803,CR.Nam-2023-07-06_13-40.WAV,2023 Conaway Ranch North 1,2023,7,6,13,40,Agelaius tricolor,Simple Call,16.416,17.248,844,13500,24000,(not validated),https://rfcx-streams-production.s3.eu-west-1.amazonaws.com/2023/07/06/jze8tiy9iurn/6d572539-91ee-4673-97c8-fd1497b76a39.flac?AWSAccessKeyId=AKIA45B7YWBX7MUJ7QCX&Expires=1777992887&Signature=brWn0Yd%2B6jDwhDtzD95vEi3VV4I%3D,0.402506,48477
1129061804,CR.Nam-2023-07-06_13-40.WAV,2023 Conaway Ranch North 1,2023,7,6,13,40,Agelaius tricolor,Simple Call,33.5093,34.3413,844,13500,24000,present,https://rfcx-streams-production.s3.eu-west-1.amazonaws.com/2023/07/06/jze8tiy9iurn/6d572539-91ee-4673-97c8-fd1497b76a39.flac?AWSAccessKeyId=AKIA45B7YWBX7MUJ7QCX&Expires=1777992887&Signature=brWn0Yd%2B6jDwhDtzD95vEi3VV4I%3D,0.385179,48477
1129061805,CR.Nam-2023-07-06_13-40.WAV,2023 Conaway Ranch North 1,2023,7,6,13,40,Agelaius tricolor,Simple Call,7.15733,7.98933,844,13500,24000,(not validated),https://rfcx-streams-production.s3.eu-west-1.amazonaws.com/2023/07/06/jze8tiy9iurn/6d572539-91ee-4673-97c8-fd1497b76a39.flac?AWSAccessKeyId=AKIA45B7YWBX7MUJ7QCX&Expires=1777992887&Signature=brWn0Yd%2B6jDwhDtzD95vEi3VV4I%3D,0.379587,48477
1129061806,CR.Nam-2023-07-06_13-40.WAV,2023 Conaway Ranch North 1,2023,7,6,13,40,Agelaius tricolor,Simple Call,5.47733,6.30933,844,13500,24000,(not validated),https://rfcx-streams-production.s3.eu-west-1.amazonaws.com/2023/07/06/jze8tiy9iurn/6d572539-91ee-4673-97c8-fd1497b76a39.flac?AWSAccessKeyId=AKIA45B7YWBX7MUJ7QCX&Expires=1777992887&Signature=brWn0Yd%2B6jDwhDtzD95vEi3VV4I%3D,0.37827,48477
1129061807,CR.Nam-2023-07-06_13-40.WAV,2023 Conaway Ranch North 1,2023,7,6,13,40,Agelaius tricolor,Simple Call,22.3573,23.1893,844,13500,24000,(not validated),https://rfcx-streams-production.s3.eu-west-1.amazonaws.com/2023/07/06/jze8tiy9iurn/6d572539-91ee-4673-97c8-fd1497b76a39.flac?AWSAccessKeyId=AKIA45B7YWBX7MUJ7QCX&Expires=1777992887&Signature=brWn0Yd%2B6jDwhDtzD95vEi3VV4I%3D,0.37641,48477
1129061808,CR.Nam-2023-07-06_13-40.WAV,2023 Conaway Ranch North 1,2023,7,6,13,40,Agelaius tricolor,Simple Call,54.8213,55.6533,844,13500,24000,(not validated),https://rfcx-streams-production.s3.eu-west-1.amazonaws.com/2023/07/06/jze8tiy9iurn/6d572539-91ee-4673-97c8-fd1497b76a39.flac?AWSAccessKeyId=AKIA45B7YWBX7MUJ7QCX&Expires=1777992887&Signature=brWn0Yd%2B6jDwhDtzD95vEi3VV4I%3D,0.359044,48477
1129061809,CR.Nam-2023-06-08_17-20.WAV,2023 Conaway Ranch North 1,2023,6,8,17,20,Agelaius tricolor,Simple Call,53.392,54.224,844,13500,24000,present,https://rfcx-streams-production.s3.eu-west-1.amazonaws.com/2023/06/09/jze8tiy9iurn/0079cf9e-5bf4-4f5a-80f8-8659284cc073.flac?AWSAccessKeyId=AKIA45B7YWBX7MUJ7QCX&Expires=1777992887&Signature=nciCeWVyGDsIHLWiMQo3udycMzA%3D,0.331653,48477
1129061810,CR.Nam-2023-06-08_17-20.WAV,2023 Conaway Ranch North 1,2023,6,8,17,20,Agelaius tricolor,Simple Call,47.456,48.288,844,13500,24000,present,https://rfcx-streams-production.s3.eu-west-1.amazonaws.com/2023/06/09/jze8tiy9iurn/0079cf9e-5bf4-4f5a-80f8-8659284cc073.flac?AWSAccessKeyId=AKIA45B7YWBX7MUJ7QCX&Expires=1777992887&Signature=nciCeWVyGDsIHLWiMQo3udycMzA%3D,0.316537,48477
1129061811,CR.Nam-2023-06-08_17-20.WAV,2023 Conaway Ranch North 1,2023,6,8,17,20,Agelaius tricolor,Simple Call,18.8053,19.6373,844,13500,24000,(not validated),https://rfcx-streams-production.s3.eu-west-1.amazonaws.com/2023/06/09/jze8tiy9iurn/0079cf9e-5bf4-4f5a-80f8-8659284cc073.flac?AWSAccessKeyId=AKIA45B7YWBX7MUJ7QCX&Expires=1777992887&Signature=nciCeWVyGDsIHLWiMQo3udycMzA%3D,0.308815,48477
1129061812,CR.Nam-2023-06-08_17-20.WAV,2023 Conaway Ranch North 1,2023,6,8,17,20,Agelaius tricolor,Simple Call,53.808,54.64,844,13500,24000,present,https://rfcx-streams-production.s3.eu-west-1.amazonaws.com/2023/06/09/jze8tiy9iurn/0079cf9e-5bf4-4f5a-80f8-8659284cc073.flac?AWSAccessKeyId=AKIA45B7YWBX7MUJ7QCX&Expires=1777992887&Signature=nciCeWVyGDsIHLWiMQo3udycMzA%3D,0.301895,48477
1129061813,CR.Nam-2023-06-08_17-20.WAV,2023 Conaway Ranch North 1,2023,6,8,17,20,Agelaius tricolor,Simple Call,11.6747,12.5067,844,13500,24000,(not validated),https://rfcx-streams-production.s3.eu-west-1.amazonaws.com/2023/06/09/jze8tiy9iurn/0079cf9e-5bf4-4f5a-80f8-8659284cc073.flac?AWSAccessKeyId=AKIA45B7YWBX7MUJ7QCX&Expires=1777992887&Signature=nciCeWVyGDsIHLWiMQo3udycMzA%3D,0.271974,48477
1129061814,CR.Nam-2023-06-08_17-20.WAV,2023 Conaway Ranch North 1,2023,6,8,17,20,Agelaius tricolor,Simple Call,39.4827,40.3147,844,13500,24000,(not validated),https://rfcx-streams-production.s3.eu-west-1.amazonaws.com/2023/06/09/jze8tiy9iurn/0079cf9e-5bf4-4f5a-80f8-8659284cc073.flac?AWSAccessKeyId=AKIA45B7YWBX7MUJ7QCX&Expires=1777992887&Signature=nciCeWVyGDsIHLWiMQo3udycMzA%3D,0.271505,48477
1129061815,CR.Nam-2023-06-08_17-20.WAV,2023 Conaway Ranch North 1,2023,6,8,17,20,Agelaius tricolor,Simple Call,3.70667,4.53867,844,13500,24000,present,https://rfcx-streams-production.s3.eu-west-1.amazonaws.com/2023/06/09/jze8tiy9iurn/0079cf9e-5bf4-4f5a-80f8-8659284cc073.flac?AWSAccessKeyId=AKIA45B7YWBX7MUJ7QCX&Expires=1777992887&Signature=nciCeWVyGDsIHLWiMQo3udycMzA%3D,0.26569,48477
1129061816,CR.Nam-2023-06-08_17-20.WAV,2023 Conaway Ranch North 1,2023,6,8,17,20,Agelaius tricolor,Simple Call,30.0053,30.8373,844,13500,24000,(not validated),https://rfcx-streams-production.s3.eu-west-1.amazonaws.com/2023/06/09/jze8tiy9iurn/0079cf9e-5bf4-4f5a-80f8-8659284cc073.flac?AWSAccessKeyId=AKIA45B7YWBX7MUJ7QCX&Expires=1777992887&Signature=nciCeWVyGDsIHLWiMQo3udycMzA%3D,0.25538,48477
1129061817,CR.Nam-2023-06-08_17-20.WAV,2023 Conaway Ranch North 1,2023,6,8,17,20,Agelaius tricolor,Simple Call,19.2427,20.0747,844,13500,24000,present,https://rfcx-streams-production.s3.eu-west-1.amazonaws.com/2023/06/09/jze8tiy9iurn/0079cf9e-5bf4-4f5a-80f8-8659284cc073.flac?AWSAccessKeyId=AKIA45B7YWBX7MUJ7QCX&Expires=1777992887&Signature=nciCeWVyGDsIHLWiMQo3udycMzA%3D,0.254943,48477
1129061818,CR.Nam-2023-06-08_17-20.WAV,2023 Conaway Ranch North 1,2023,6,8,17,20,Agelaius tricolor,Simple Call,22.528,23.36,844,13500,24000,(not validated),https://rfcx-streams-production.s3.eu-west-1.amazonaws.com/2023/06/09/jze8tiy9iurn/0079cf9e-5bf4-4f5a-80f8-8659284cc073.flac?AWSAccessKeyId=AKIA45B7YWBX7MUJ7QCX&Expires=1777992887&Signature=nciCeWVyGDsIHLWiMQo3udycMzA%3D,0.254618,48477
1129061819,CR.Nam-2023-06-08_16-00.WAV,2023 Conaway Ranch North 1,2023,6,8,16,0,Agelaius tricolor,Simple Call,34.2293,35.0613,844,13500,24000,present,https://rfcx-streams-production.s3.eu-west-1.amazonaws.com/2023/06/08/jze8tiy9iurn/099878b8-0278-4ce2-97ec-dd5e1a2d0430.flac?AWSAccessKeyId=AKIA45B7YWBX7MUJ7QCX&Expires=1777992887&Signature=QXvoxN3TCulvIs7Heh86w8EPSsM%3D,0.356289,48477
1129061820,CR.Nam-2023-06-08_16-00.WAV,2023 Conaway Ranch North 1,2023,6,8,16,0,Agelaius tricolor,Simple Call,1.24267,2.07467,844,13500,24000,(not validated),https://rfcx-streams-production.s3.eu-west-1.amazonaws.com/2023/06/08/jze8tiy9iurn/099878b8-0278-4ce2-97ec-dd5e1a2d0430.flac?AWSAccessKeyId=AKIA45B7YWBX7MUJ7QCX&Expires=1777992887&Signature=QXvoxN3TCulvIs7Heh86w8EPSsM%3D,0.337493,48477
1129061821,CR.Nam-2023-06-08_16-00.WAV,2023 Conaway Ranch North 1,2023,6,8,16,0,Agelaius tricolor,Simple Call,33.8027,34.6347,844,13500,24000,present,https://rfcx-streams-production.s3.eu-west-1.amazonaws.com/2023/06/08/jze8tiy9iurn/099878b8-0278-4ce2-97ec-dd5e1a2d0430.flac?AWSAccessKeyId=AKIA45B7YWBX7MUJ7QCX&Expires=1777992887&Signature=QXvoxN3TCulvIs7Heh86w8EPSsM%3D,0.313159,48477
1129061822,CR.Nam-2023-06-08_16-00.WAV,2023 Conaway Ranch North 1,2023,6,8,16,0,Agelaius tricolor,Simple Call,45.28,46.112,844,13500,24000,(not validated),https://rfcx-streams-production.s3.eu-west-1.amazonaws.com/2023/06/08/jze8tiy9iurn/099878b8-0278-4ce2-97ec-dd5e1a2d0430.flac?AWSAccessKeyId=AKIA45B7YWBX7MUJ7QCX&Expires=1777992887&Signature=QXvoxN3TCulvIs7Heh86w8EPSsM%3D,0.287973,48477
1129061823,CR.Nam-2023-06-08_16-00.WAV,2023 Conaway Ranch North 1,2023,6,8,16,0,Agelaius tricolor,Simple Call,11.904,12.736,844,13500,24000,(not validated),https://rfcx-streams-production.s3.eu-west-1.amazonaws.com/2023/06/08/jze8tiy9iurn/099878b8-0278-4ce2-97ec-dd5e1a2d0430.flac?AWSAccessKeyId=AKIA45B7YWBX7MUJ7QCX&Expires=1777992887&Signature=QXvoxN3TCulvIs7Heh86w8EPSsM%3D,0.278035,48477
1129061824,CR.Nam-2023-06-08_16-00.WAV,2023 Conaway Ranch North 1,2023,6,8,16,0,Agelaius tricolor,Simple Call,21.168,22,844,13500,24000,(not validated),https://rfcx-streams-production.s3.eu-west-1.amazonaws.com/2023/06/08/jze8tiy9iurn/099878b8-0278-4ce2-97ec-dd5e1a2d0430.flac?AWSAccessKeyId=AKIA45B7YWBX7MUJ7QCX&Expires=1777992887&Signature=QXvoxN3TCulvIs7Heh86w8EPSsM%3D,0.245501,48477
1129061825,CR.Nam-2023-06-08_16-00.WAV,2023 Conaway Ranch North 1,2023,6,8,16,0,Agelaius tricolor,Simple Call,16.4853,17.3173,844,13500,24000,(not validated),https://rfcx-streams-production.s3.eu-west-1.amazonaws.com/2023/06/08/jze8tiy9iurn/099878b8-0278-4ce2-97ec-dd5e1a2d0430.flac?AWSAccessKeyId=AKIA45B7YWBX7MUJ7QCX&Expires=1777992887&Signature=QXvoxN3TCulvIs7Heh86w8EPSsM%3D,0.243247,48477
1129061826,CR.Nam-2023-06-08_16-00.WAV,2023 Conaway Ranch North 1,2023,6,8,16,0,Agelaius tricolor,Simple Call,40.3893,41.2213,844,13500,24000,(not validated),https://rfcx-streams-production.s3.eu-west-1.amazonaws.com/2023/06/08/jze8tiy9iurn/099878b8-0278-4ce2-97ec-dd5e1a2d0430.flac?AWSAccessKeyId=AKIA45B7YWBX7MUJ7QCX&Expires=1777992887&Signature=QXvoxN3TCulvIs7Heh86w8EPSsM%3D,0.236214,48477
1129061827,CR.Nam-2023-06-08_16-00.WAV,2023 Conaway Ranch North 1,2023,6,8,16,0,Agelaius tricolor,Simple Call,55.2053,56.0373,844,13500,24000,(not validated),https://rfcx-streams-production.s3.eu-west-1.amazonaws.com/2023/06/08/jze8tiy9iurn/099878b8-0278-4ce2-97ec-dd5e1a2d0430.flac?AWSAccessKeyId=AKIA45B7YWBX7MUJ7QCX&Expires=1777992887&Signature=QXvoxN3TCulvIs7Heh86w8EPSsM%3D,0.229449,48477
1129061828,CR.Nam-2023-06-08_16-00.WAV,2023 Conaway Ranch North 1,2023,6,8,16,0,Agelaius tricolor,Simple Call,7.888,8.72,844,13500,24000,(not validated),https://rfcx-streams-production.s3.eu-west-1.amazonaws.com/2023/06/08/jze8tiy9iurn/099878b8-0278-4ce2-97ec-dd5e1a2d0430.flac?AWSAccessKeyId=AKIA45B7YWBX7MUJ7QCX&Expires=1777992887&Signature=QXvoxN3TCulvIs7Heh86w8EPSsM%3D,0.228748,48477
1129061829,CR.Nam-2023-06-08_12-20.WAV,2023 Conaway Ranch North 1,2023,6,8,12,20,Agelaius tricolor,Simple Call,0.048,0.88,844,13500,24000,present,https://rfcx-streams-production.s3.eu-west-1.amazonaws.com/2023/06/08/jze8tiy9iurn/71303ae8-af58-4a78-9a7d-a1de1a9707c9.flac?AWSAccessKeyId=AKIA45B7YWBX7MUJ7QCX&Expires=1777992887&Signature=xczhBA2qykVBVb8YY1VHpu4qYdU%3D,0.350104,48477
1129061830,CR.Nam-2023-06-08_12-20.WAV,2023 Conaway Ranch North 1,2023,6,8,12,20,Agelaius tricolor,Simple Call,7.33333,8.16533,844,13500,24000,(not validated),https://rfcx-streams-production.s3.eu-west-1.amazonaws.com/2023/06/08/jze8tiy9iurn/71303ae8-af58-4a78-9a7d-a1de1a9707c9.flac?AWSAccessKeyId=AKIA45B7YWBX7MUJ7QCX&Expires=1777992887&Signature=xczhBA2qykVBVb8YY1VHpu4qYdU%3D,0.286316,48477
1129061831,CR.Nam-2023-06-08_12-20.WAV,2023 Conaway Ranch North 1,2023,6,8,12,20,Agelaius tricolor,Simple Call,1.57333,2.40533,844,13500,24000,(not validated),https://rfcx-streams-production.s3.eu-west-1.amazonaws.com/2023/06/08/jze8tiy9iurn/71303ae8-af58-4a78-9a7d-a1de1a9707c9.flac?AWSAccessKeyId=AKIA45B7YWBX7MUJ7QCX&Expires=1777992887&Signature=xczhBA2qykVBVb8YY1VHpu4qYdU%3D,0.228141,48477
1129061832,CR.Nam-2023-06-08_12-20.WAV,2023 Conaway Ranch North 1,2023,6,8,12,20,Agelaius tricolor,Simple Call,24.7947,25.6267,844,13500,24000,(not validated),https://rfcx-streams-production.s3.eu-west-1.amazonaws.com/2023/06/08/jze8tiy9iurn/71303ae8-af58-4a78-9a7d-a1de1a9707c9.flac?AWSAccessKeyId=AKIA45B7YWBX7MUJ7QCX&Expires=1777992887&Signature=xczhBA2qykVBVb8YY1VHpu4qYdU%3D,0.222671,48477
1129061833,CR.Nam-2023-06-08_12-20.WAV,2023 Conaway Ranch North 1,2023,6,8,12,20,Agelaius tricolor,Simple Call,23.7387,24.5707,844,13500,24000,(not validated),https://rfcx-streams-production.s3.eu-west-1.amazonaws.com/2023/06/08/jze8tiy9iurn/71303ae8-af58-4a78-9a7d-a1de1a9707c9.flac?AWSAccessKeyId=AKIA45B7YWBX7MUJ7QCX&Expires=1777992887&Signature=xczhBA2qykVBVb8YY1VHpu4qYdU%3D,0.216583,48477
1129061834,CR.Nam-2023-06-08_12-20.WAV,2023 Conaway Ranch North 1,2023,6,8,12,20,Agelaius tricolor,Simple Call,27.152,27.984,844,13500,24000,(not validated),https://rfcx-streams-production.s3.eu-west-1.amazonaws.com/2023/06/08/jze8tiy9iurn/71303ae8-af58-4a78-9a7d-a1de1a9707c9.flac?AWSAccessKeyId=AKIA45B7YWBX7MUJ7QCX&Expires=1777992887&Signature=xczhBA2qykVBVb8YY1VHpu4qYdU%3D,0.207482,48477
1129061835,CR.Nam-2023-06-08_12-20.WAV,2023 Conaway Ranch North 1,2023,6,8,12,20,Agelaius tricolor,Simple Call,26.7147,27.5467,844,13500,24000,(not validated),https://rfcx-streams-production.s3.eu-west-1.amazonaws.com/2023/06/08/jze8tiy9iurn/71303ae8-af58-4a78-9a7d-a1de1a9707c9.flac?AWSAccessKeyId=AKIA45B7YWBX7MUJ7QCX&Expires=1777992887&Signature=xczhBA2qykVBVb8YY1VHpu4qYdU%3D,0.20541,48477
1129061836,CR.Nam-2023-06-08_12-20.WAV,2023 Conaway Ranch North 1,2023,6,8,12,20,Agelaius tricolor,Simple Call,44.976,45.808,844,13500,24000,(not validated),https://rfcx-streams-production.s3.eu-west-1.amazonaws.com/2023/06/08/jze8tiy9iurn/71303ae8-af58-4a78-9a7d-a1de1a9707c9.flac?AWSAccessKeyId=AKIA45B7YWBX7MUJ7QCX&Expires=1777992887&Signature=xczhBA2qykVBVb8YY1VHpu4qYdU%3D,0.205274,48477
1129061837,CR.Nam-2023-06-08_12-20.WAV,2023 Conaway Ranch North 1,2023,6,8,12,20,Agelaius tricolor,Simple Call,4.768,5.6,844,13500,24000,(not validated),https://rfcx-streams-production.s3.eu-west-1.amazonaws.com/2023/06/08/jze8tiy9iurn/71303ae8-af58-4a78-9a7d-a1de1a9707c9.flac?AWSAccessKeyId=AKIA45B7YWBX7MUJ7QCX&Expires=1777992887&Signature=xczhBA2qykVBVb8YY1VHpu4qYdU%3D,0.2,48477
1129061838,CR.Nam-2023-06-08_11-40.WAV,2023 Conaway Ranch North 1,2023,6,8,11,40,Agelaius tricolor,Simple Call,18.7733,19.6053,844,13500,24000,present,https://rfcx-streams-production.s3.eu-west-1.amazonaws.com/2023/06/08/jze8tiy9iurn/54895977-dbdb-47dc-a3fb-66c1f1622b1a.flac?AWSAccessKeyId=AKIA45B7YWBX7MUJ7QCX&Expires=1777992887&Signature=KG5cdUkd9DWzjDu1y6CVZZzWjTI%3D,0.289261,48477
1129061839,CR.Nam-2023-06-08_11-40.WAV,2023 Conaway Ranch North 1,2023,6,8,11,40,Agelaius tricolor,Simple Call,13.3013,14.1333,844,13500,24000,(not validated),https://rfcx-streams-production.s3.eu-west-1.amazonaws.com/2023/06/08/jze8tiy9iurn/54895977-dbdb-47dc-a3fb-66c1f1622b1a.flac?AWSAccessKeyId=AKIA45B7YWBX7MUJ7QCX&Expires=1777992887&Signature=KG5cdUkd9DWzjDu1y6CVZZzWjTI%3D,0.279258,48477
1129061840,CR.Nam-2023-06-08_11-40.WAV,2023 Conaway Ranch North 1,2023,6,8,11,40,Agelaius tricolor,Simple Call,17.6587,18.4907,844,13500,24000,(not validated),https://rfcx-streams-production.s3.eu-west-1.amazonaws.com/2023/06/08/jze8tiy9iurn/54895977-dbdb-47dc-a3fb-66c1f1622b1a.flac?AWSAccessKeyId=AKIA45B7YWBX7MUJ7QCX&Expires=1777992887&Signature=KG5cdUkd9DWzjDu1y6CVZZzWjTI%3D,0.267375,48477
1129061841,CR.Nam-2023-06-08_11-40.WAV,2023 Conaway Ranch North 1,2023,6,8,11,40,Agelaius tricolor,Simple Call,52.2347,53.0667,844,13500,24000,(not validated),https://rfcx-streams-production.s3.eu-west-1.amazonaws.com/2023/06/08/jze8tiy9iurn/54895977-dbdb-47dc-a3fb-66c1f1622b1a.flac?AWSAccessKeyId=AKIA45B7YWBX7MUJ7QCX&Expires=1777992887&Signature=KG5cdUkd9DWzjDu1y6CVZZzWjTI%3D,0.25695,48477
1129061842,CR.Nam-2023-06-08_11-40.WAV,2023 Conaway Ranch North 1,2023,6,8,11,40,Agelaius tricolor,Simple Call,28.5547,29.3867,844,13500,24000,(not validated),https://rfcx-streams-production.s3.eu-west-1.amazonaws.com/2023/06/08/jze8tiy9iurn/54895977-dbdb-47dc-a3fb-66c1f1622b1a.flac?AWSAccessKeyId=AKIA45B7YWBX7MUJ7QCX&Expires=1777992887&Signature=KG5cdUkd9DWzjDu1y6CVZZzWjTI%3D,0.256721,48477
1129061843,CR.Nam-2023-06-08_11-40.WAV,2023 Conaway Ranch North 1,2023,6,8,11,40,Agelaius tricolor,Simple Call,16.6667,17.4987,844,13500,24000,(not validated),https://rfcx-streams-production.s3.eu-west-1.amazonaws.com/2023/06/08/jze8tiy9iurn/54895977-dbdb-47dc-a3fb-66c1f1622b1a.flac?AWSAccessKeyId=AKIA45B7YWBX7MUJ7QCX&Expires=1777992887&Signature=KG5cdUkd9DWzjDu1y6CVZZzWjTI%3D,0.252417,48477
1129061844,CR.Nam-2023-06-08_11-40.WAV,2023 Conaway Ranch North 1,2023,6,8,11,40,Agelaius tricolor,Simple Call,31.4667,32.2987,844,13500,24000,(not validated),https://rfcx-streams-production.s3.eu-west-1.amazonaws.com/2023/06/08/jze8tiy9iurn/54895977-dbdb-47dc-a3fb-66c1f1622b1a.flac?AWSAccessKeyId=AKIA45B7YWBX7MUJ7QCX&Expires=1777992887&Signature=KG5cdUkd9DWzjDu1y6CVZZzWjTI%3D,0.251826,48477
1129061845,CR.Nam-2023-06-08_11-40.WAV,2023 Conaway Ranch North 1,2023,6,8,11,40,Agelaius tricolor,Simple Call,21.9947,22.8267,844,13500,24000,(not validated),https://rfcx-streams-production.s3.eu-west-1.amazonaws.com/2023/06/08/jze8tiy9iurn/54895977-dbdb-47dc-a3fb-66c1f1622b1a.flac?AWSAccessKeyId=AKIA45B7YWBX7MUJ7QCX&Expires=1777992887&Signature=KG5cdUkd9DWzjDu1y6CVZZzWjTI%3D,0.246094,48477
1129061846,CR.Nam-2023-06-08_11-40.WAV,2023 Conaway Ranch North 1,2023,6,8,11,40,Agelaius tricolor,Simple Call,37.7813,38.6133,844,13500,24000,(not validated),https://rfcx-streams-production.s3.eu-west-1.amazonaws.com/2023/06/08/jze8tiy9iurn/54895977-dbdb-47dc-a3fb-66c1f1622b1a.flac?AWSAccessKeyId=AKIA45B7YWBX7MUJ7QCX&Expires=1777992887&Signature=KG5cdUkd9DWzjDu1y6CVZZzWjTI%3D,0.244472,48477
1129061847,CR.Nam-2023-06-08_11-40.WAV,2023 Conaway Ranch North 1,2023,6,8,11,40,Agelaius tricolor,Simple Call,12.8747,13.7067,844,13500,24000,(not validated),https://rfcx-streams-production.s3.eu-west-1.amazonaws.com/2023/06/08/jze8tiy9iurn/54895977-dbdb-47dc-a3fb-66c1f1622b1a.flac?AWSAccessKeyId=AKIA45B7YWBX7MUJ7QCX&Expires=1777992887&Signature=KG5cdUkd9DWzjDu1y6CVZZzWjTI%3D,0.242913,48477
