recording,site,year,month,day,hour,minute,species,songtype,x1,x2,y1,y2,frequency,validated,url,score,site_id
MRam-2019-05-11_14-20.flac,2019 Markham Ravine,2019,5,11,14,20,Agelaius tricolor,Alternative Song 2,49.79733276,50.20266724,656,7406,24000,present,https://rfcx-streams-production.s3.eu-west-1.amazonaws.com/2019/05/11/te1h471bonyj/b581246a-dbe9-bd00-1d74-a9a6a7257732.flac?X-Amz-Algorithm=AWS4-HMAC-SHA256&X-Amz-Content-Sha256=UNSIGNED-PAYLOAD&X-Amz-Credential=AKIA45B7YWBX5HAZMGOU%2F20260223%2Feu-west-1%2Fs3%2Faws4_request&X-Amz-Date=20260223T000747Z&X-Amz-Expires=604800&X-Amz-Signature=c6d195dd0a61b0c096f2d6d8551bc354b57e3a03ee2b201b56dd85810578bafc&X-Amz-SignedHeaders=host&response-content-disposition=attachment%3B%20filename%3Db581246a-dbe9-bd00-1d74-a9a6a7257732.flac&x-id=GetObject,0.27548331,5637
MRam-2019-05-11_15-40.flac,2019 Markham Ravine,2019,5,11,15,40,Agelaius tricolor,Alternative Song 2,46.51200104,46.9173317,656,7406,24000,present,https://rfcx-streams-production.s3.eu-west-1.amazonaws.com/2019/05/11/te1h471bonyj/7b30de8b-2353-f338-304c-bd8b19dd53cf.flac?X-Amz-Algorithm=AWS4-HMAC-SHA256&X-Amz-Content-Sha256=UNSIGNED-PAYLOAD&X-Amz-Credential=AKIA45B7YWBX5HAZMGOU%2F20260223%2Feu-west-1%2Fs3%2Faws4_request&X-Amz-Date=20260223T000747Z&X-Amz-Expires=604800&X-Amz-Signature=75a588bee9b398dfefdaa7561b9fc7e3dc58a382d95fc840d25c449aa2eab790&X-Amz-SignedHeaders=host&response-content-disposition=attachment%3B%20filename%3D7b30de8b-2353-f338-304c-bd8b19dd53cf.flac&x-id=GetObject,0.236600503,5637
MRam-2019-05-12_11-40.flac,2019 Markham Ravine,2019,5,12,11,40,Agelaius tricolor,Alternative Song 2,43.75466537,44.15999985,656,7406,24000,present,https://rfcx-streams-production.s3.eu-west-1.amazonaws.com/2019/05/12/te1h471bonyj/6a1afeed-e2ae-6a63-f1fe-445dd7c28e25.flac?X-Amz-Algorithm=AWS4-HMAC-SHA256&X-Amz-Content-Sha256=UNSIGNED-PAYLOAD&X-Amz-Credential=AKIA45B7YWBX5HAZMGOU%2F20260223%2Feu-west-1%2Fs3%2Faws4_request&X-Amz-Date=20260223T000747Z&X-Amz-Expires=604800&X-Amz-Signature=d70d93d5116c46a7bdb79280be139687eb2b9c7029b7d66d95bb2da95d4e341a&X-Amz-SignedHeaders=host&response-content-disposition=attachment%3B%20filename%3D6a1afeed-e2ae-6a63-f1fe-445dd7c28e25.flac&x-id=GetObject,0.235388815,5637
MRam-2019-05-12_15-40.flac,2019 Markham Ravine,2019,5,12,15,40,Agelaius tricolor,Alternative Song 2,58.40000153,58.80533218,656,7406,24000,present,https://rfcx-streams-production.s3.eu-west-1.amazonaws.com/2019/05/12/te1h471bonyj/d49fd930-175d-a10a-540d-989152133a9a.flac?X-Amz-Algorithm=AWS4-HMAC-SHA256&X-Amz-Content-Sha256=UNSIGNED-PAYLOAD&X-Amz-Credential=AKIA45B7YWBX5HAZMGOU%2F20260223%2Feu-west-1%2Fs3%2Faws4_request&X-Amz-Date=20260223T000749Z&X-Amz-Expires=604800&X-Amz-Signature=6c88df1f54ca13e0128083c1e68750be9eadd9074f1fbe8cdd6742603e4754f9&X-Amz-SignedHeaders=host&response-content-disposition=attachment%3B%20filename%3Dd49fd930-175d-a10a-540d-989152133a9a.flac&x-id=GetObject,0.225768104,5637
MRam-2019-05-12_18-00.flac,2019 Markham Ravine,2019,5,12,18,0,Agelaius tricolor,Alternative Song 2,37.12533188,37.53066635,656,7406,24000,present,https://rfcx-streams-production.s3.eu-west-1.amazonaws.com/2019/05/12/te1h471bonyj/bd342eec-6393-2b1b-b847-d7ed15e496d3.flac?X-Amz-Algorithm=AWS4-HMAC-SHA256&X-Amz-Content-Sha256=UNSIGNED-PAYLOAD&X-Amz-Credential=AKIA45B7YWBX5HAZMGOU%2F20260223%2Feu-west-1%2Fs3%2Faws4_request&X-Amz-Date=20260223T000746Z&X-Amz-Expires=604800&X-Amz-Signature=d95ddd4059a6d56aa87ef564d7056bbd6c3e4caa588131282857f2c00abd8298&X-Amz-SignedHeaders=host&response-content-disposition=attachment%3B%20filename%3Dbd342eec-6393-2b1b-b847-d7ed15e496d3.flac&x-id=GetObject,0.243576825,5637
MRam-2019-05-12_18-40.flac,2019 Markham Ravine,2019,5,12,18,40,Agelaius tricolor,Alternative Song 2,39.78133392,40.1866684,656,7406,24000,present,https://rfcx-streams-production.s3.eu-west-1.amazonaws.com/2019/05/12/te1h471bonyj/2f60950d-b6d5-cda8-1c49-16e51d4fa3f7.flac?X-Amz-Algorithm=AWS4-HMAC-SHA256&X-Amz-Content-Sha256=UNSIGNED-PAYLOAD&X-Amz-Credential=AKIA45B7YWBX5HAZMGOU%2F20260223%2Feu-west-1%2Fs3%2Faws4_request&X-Amz-Date=20260223T000747Z&X-Amz-Expires=604800&X-Amz-Signature=80987acb830d1976e847811ffdfdc13020a3f8e1172b4c4e3582a683b7bb726e&X-Amz-SignedHeaders=host&response-content-disposition=attachment%3B%20filename%3D2f60950d-b6d5-cda8-1c49-16e51d4fa3f7.flac&x-id=GetObject,0.238483518,5637
MRam-2019-05-13_10-40.flac,2019 Markham Ravine,2019,5,13,10,40,Agelaius tricolor,Alternative Song 2,42.49599838,42.90133286,656,7406,24000,present,https://rfcx-streams-production.s3.eu-west-1.amazonaws.com/2019/05/13/te1h471bonyj/64225806-1827-d615-8371-af4a4ebb2b30.flac?X-Amz-Algorithm=AWS4-HMAC-SHA256&X-Amz-Content-Sha256=UNSIGNED-PAYLOAD&X-Amz-Credential=AKIA45B7YWBX5HAZMGOU%2F20260223%2Feu-west-1%2Fs3%2Faws4_request&X-Amz-Date=20260223T000747Z&X-Amz-Expires=604800&X-Amz-Signature=070e3ca7ece8c6211b83683799b9c23c9f1172a1713818b8eed8f620c02cc990&X-Amz-SignedHeaders=host&response-content-disposition=attachment%3B%20filename%3D64225806-1827-d615-8371-af4a4ebb2b30.flac&x-id=GetObject,0.301334769,5637
MRam-2019-05-13_11-20.flac,2019 Markham Ravine,2019,5,13,11,20,Agelaius tricolor,Alternative Song 2,9.509333611,9.91466713,656,7406,24000,present,https://rfcx-streams-production.s3.eu-west-1.amazonaws.com/2019/05/13/te1h471bonyj/256f3565-40bb-13b9-6751-50b1b330a6cd.flac?X-Amz-Algorithm=AWS4-HMAC-SHA256&X-Amz-Content-Sha256=UNSIGNED-PAYLOAD&X-Amz-Credential=AKIA45B7YWBX5HAZMGOU%2F20260223%2Feu-west-1%2Fs3%2Faws4_request&X-Amz-Date=20260223T000747Z&X-Amz-Expires=604800&X-Amz-Signature=6e7c07b86d20737f7a796c26c4257a35e0b9e333f98002d55a3cf6925644298b&X-Amz-SignedHeaders=host&response-content-disposition=attachment%3B%20filename%3D256f3565-40bb-13b9-6751-50b1b330a6cd.flac&x-id=GetObject,0.251167208,5637
MRam-2019-05-13_11-40.flac,2019 Markham Ravine,2019,5,13,11,40,Agelaius tricolor,Alternative Song 2,8.309333801,8.714666367,656,7406,24000,present,https://rfcx-streams-production.s3.eu-west-1.amazonaws.com/2019/05/13/te1h471bonyj/1704e9d8-bf53-ea4d-6ba7-d14120760f07.flac?X-Amz-Algorithm=AWS4-HMAC-SHA256&X-Amz-Content-Sha256=UNSIGNED-PAYLOAD&X-Amz-Credential=AKIA45B7YWBX5HAZMGOU%2F20260223%2Feu-west-1%2Fs3%2Faws4_request&X-Amz-Date=20260223T000747Z&X-Amz-Expires=604800&X-Amz-Signature=6a44bf6a07f174ff08ea8170376f125c5a107151a154c455106bfbbfc6b9609f&X-Amz-SignedHeaders=host&response-content-disposition=attachment%3B%20filename%3D1704e9d8-bf53-ea4d-6ba7-d14120760f07.flac&x-id=GetObject,0.271168113,5637
MRam-2019-05-13_13-00.flac,2019 Markham Ravine,2019,5,13,13,0,Agelaius tricolor,Alternative Song 2,35.90933228,36.31466675,656,7406,24000,present,https://rfcx-streams-production.s3.eu-west-1.amazonaws.com/2019/05/13/te1h471bonyj/44418017-7b9c-b4ed-2762-56f89867d4dc.flac?X-Amz-Algorithm=AWS4-HMAC-SHA256&X-Amz-Content-Sha256=UNSIGNED-PAYLOAD&X-Amz-Credential=AKIA45B7YWBX5HAZMGOU%2F20260223%2Feu-west-1%2Fs3%2Faws4_request&X-Amz-Date=20260223T000746Z&X-Amz-Expires=604800&X-Amz-Signature=995f22584effa0f7e72070cdb4c66752395deaa258f609fe393dd786cc42be56&X-Amz-SignedHeaders=host&response-content-disposition=attachment%3B%20filename%3D44418017-7b9c-b4ed-2762-56f89867d4dc.flac&x-id=GetObject,0.221903503,5637
MRam-2019-05-13_13-20.flac,2019 Markham Ravine,2019,5,13,13,20,Agelaius tricolor,Alternative Song 2,53.0933342,53.49866486,656,7406,24000,present,https://rfcx-streams-production.s3.eu-west-1.amazonaws.com/2019/05/13/te1h471bonyj/f2964d6f-e70a-930c-4593-4f5688579b5b.flac?X-Amz-Algorithm=AWS4-HMAC-SHA256&X-Amz-Content-Sha256=UNSIGNED-PAYLOAD&X-Amz-Credential=AKIA45B7YWBX5HAZMGOU%2F20260223%2Feu-west-1%2Fs3%2Faws4_request&X-Amz-Date=20260223T000747Z&X-Amz-Expires=604800&X-Amz-Signature=9e69041a2503207109286ff6808c1c08fdda3e90abd8a1c66add73fdfd853803&X-Amz-SignedHeaders=host&response-content-disposition=attachment%3B%20filename%3Df2964d6f-e70a-930c-4593-4f5688579b5b.flac&x-id=GetObject,0.249167815,5637
MRam-2019-05-13_13-40.flac,2019 Markham Ravine,2019,5,13,13,40,Agelaius tricolor,Alternative Song 2,31.40800095,31.81333351,656,7406,24000,present,https://rfcx-streams-production.s3.eu-west-1.amazonaws.com/2019/05/13/te1h471bonyj/e50bf56d-0c05-a3e2-e29c-83571019471c.flac?X-Amz-Algorithm=AWS4-HMAC-SHA256&X-Amz-Content-Sha256=UNSIGNED-PAYLOAD&X-Amz-Credential=AKIA45B7YWBX5HAZMGOU%2F20260223%2Feu-west-1%2Fs3%2Faws4_request&X-Amz-Date=20260223T000747Z&X-Amz-Expires=604800&X-Amz-Signature=b9335e595fecd125fbf37eefc563f4c4517a528895bd71e9b2aa4aeb83a45f69&X-Amz-SignedHeaders=host&response-content-disposition=attachment%3B%20filename%3De50bf56d-0c05-a3e2-e29c-83571019471c.flac&x-id=GetObject,0.236454129,5637
MRam-2019-05-13_14-00.flac,2019 Markham Ravine,2019,5,13,14,0,Agelaius tricolor,Alternative Song 2,12.95466709,13.35999966,656,7406,24000,present,https://rfcx-streams-production.s3.eu-west-1.amazonaws.com/2019/05/13/te1h471bonyj/9ff00d5b-770a-064a-c6e2-710ec3d22c8b.flac?X-Amz-Algorithm=AWS4-HMAC-SHA256&X-Amz-Content-Sha256=UNSIGNED-PAYLOAD&X-Amz-Credential=AKIA45B7YWBX5HAZMGOU%2F20260223%2Feu-west-1%2Fs3%2Faws4_request&X-Amz-Date=20260223T000746Z&X-Amz-Expires=604800&X-Amz-Signature=913855b6b37e4d0b92eb085333d2e354974c7c5dac8b532cd95e6dc02169573e&X-Amz-SignedHeaders=host&response-content-disposition=attachment%3B%20filename%3D9ff00d5b-770a-064a-c6e2-710ec3d22c8b.flac&x-id=GetObject,0.244600415,5637
MRam-2019-05-13_14-20.flac,2019 Markham Ravine,2019,5,13,14,20,Agelaius tricolor,Alternative Song 2,0.581333339,0.986666679,656,7406,24000,present,https://rfcx-streams-production.s3.eu-west-1.amazonaws.com/2019/05/13/te1h471bonyj/38c8abfa-059e-d515-423a-857c4ce99c7c.flac?X-Amz-Algorithm=AWS4-HMAC-SHA256&X-Amz-Content-Sha256=UNSIGNED-PAYLOAD&X-Amz-Credential=AKIA45B7YWBX5HAZMGOU%2F20260223%2Feu-west-1%2Fs3%2Faws4_request&X-Amz-Date=20260223T000747Z&X-Amz-Expires=604800&X-Amz-Signature=94bd1af373c6c6510f7bd4afcc4a6df60fce22ea139108b8537f860d7c1df614&X-Amz-SignedHeaders=host&response-content-disposition=attachment%3B%20filename%3D38c8abfa-059e-d515-423a-857c4ce99c7c.flac&x-id=GetObject,0.204978228,5637
MRam-2019-05-13_14-40.flac,2019 Markham Ravine,2019,5,13,14,40,Agelaius tricolor,Alternative Song 2,7.109333515,7.514666557,656,7406,24000,present,https://rfcx-streams-production.s3.eu-west-1.amazonaws.com/2019/05/13/te1h471bonyj/3a6af5f4-d247-0a6d-a578-009791fdfc34.flac?X-Amz-Algorithm=AWS4-HMAC-SHA256&X-Amz-Content-Sha256=UNSIGNED-PAYLOAD&X-Amz-Credential=AKIA45B7YWBX5HAZMGOU%2F20260223%2Feu-west-1%2Fs3%2Faws4_request&X-Amz-Date=20260223T000747Z&X-Amz-Expires=604800&X-Amz-Signature=e870ea99efd929b28f585724d3829764c6c29d0a95563ac2bf8e6f1158881aab&X-Amz-SignedHeaders=host&response-content-disposition=attachment%3B%20filename%3D3a6af5f4-d247-0a6d-a578-009791fdfc34.flac&x-id=GetObject,0.346508831,5637
MRam-2019-05-13_15-40.flac,2019 Markham Ravine,2019,5,13,15,40,Agelaius tricolor,Alternative Song 2,55.01866531,55.42399979,656,7406,24000,present,https://rfcx-streams-production.s3.eu-west-1.amazonaws.com/2019/05/13/te1h471bonyj/30d37bb0-e5a5-afec-711a-ca403ba5f346.flac?X-Amz-Algorithm=AWS4-HMAC-SHA256&X-Amz-Content-Sha256=UNSIGNED-PAYLOAD&X-Amz-Credential=AKIA45B7YWBX5HAZMGOU%2F20260223%2Feu-west-1%2Fs3%2Faws4_request&X-Amz-Date=20260223T000747Z&X-Amz-Expires=604800&X-Amz-Signature=d8987f922223c45abb751222bb65a6718438f33e1faac48c183dcd650fe06a8d&X-Amz-SignedHeaders=host&response-content-disposition=attachment%3B%20filename%3D30d37bb0-e5a5-afec-711a-ca403ba5f346.flac&x-id=GetObject,0.269488633,5637
MRam-2019-05-13_16-00.flac,2019 Markham Ravine,2019,5,13,16,0,Agelaius tricolor,Alternative Song 2,56.80533218,57.21066666,656,7406,24000,present,https://rfcx-streams-production.s3.eu-west-1.amazonaws.com/2019/05/13/te1h471bonyj/5e3f4e50-99f9-0f30-601a-710530247cf5.flac?X-Amz-Algorithm=AWS4-HMAC-SHA256&X-Amz-Content-Sha256=UNSIGNED-PAYLOAD&X-Amz-Credential=AKIA45B7YWBX5HAZMGOU%2F20260223%2Feu-west-1%2Fs3%2Faws4_request&X-Amz-Date=20260223T000746Z&X-Amz-Expires=604800&X-Amz-Signature=0b6579aa19f2a6d3f006ceb52c999ff1bae215e5d56c41c7943fc31647f9b94b&X-Amz-SignedHeaders=host&response-content-disposition=attachment%3B%20filename%3D5e3f4e50-99f9-0f30-601a-710530247cf5.flac&x-id=GetObject,0.227509782,5637
MRam-2019-05-13_17-20.flac,2019 Markham Ravine,2019,5,13,17,20,Agelaius tricolor,Alternative Song 2,14.70400047,15.10933304,656,7406,24000,present,https://rfcx-streams-production.s3.eu-west-1.amazonaws.com/2019/05/13/te1h471bonyj/b99bc726-4f42-108c-ee1b-4c43a9cda319.flac?X-Amz-Algorithm=AWS4-HMAC-SHA256&X-Amz-Content-Sha256=UNSIGNED-PAYLOAD&X-Amz-Credential=AKIA45B7YWBX5HAZMGOU%2F20260223%2Feu-west-1%2Fs3%2Faws4_request&X-Amz-Date=20260223T000747Z&X-Amz-Expires=604800&X-Amz-Signature=645747daebc3ce706095031e70687513b68b44d7b6c027c5715f50e4d1d3d166&X-Amz-SignedHeaders=host&response-content-disposition=attachment%3B%20filename%3Db99bc726-4f42-108c-ee1b-4c43a9cda319.flac&x-id=GetObject,0.253265232,5637
MRam-2019-05-13_17-40.flac,2019 Markham Ravine,2019,5,13,17,40,Agelaius tricolor,Alternative Song 2,44.68799973,45.0933342,656,7406,24000,present,https://rfcx-streams-production.s3.eu-west-1.amazonaws.com/2019/05/13/te1h471bonyj/893fca42-9e82-58de-30fb-35f01ee95bab.flac?X-Amz-Algorithm=AWS4-HMAC-SHA256&X-Amz-Content-Sha256=UNSIGNED-PAYLOAD&X-Amz-Credential=AKIA45B7YWBX5HAZMGOU%2F20260223%2Feu-west-1%2Fs3%2Faws4_request&X-Amz-Date=20260223T000747Z&X-Amz-Expires=604800&X-Amz-Signature=18dfccee9784dc18cc6b19dce7bff187bd140248c28a48c4cdc27421540c50c0&X-Amz-SignedHeaders=host&response-content-disposition=attachment%3B%20filename%3D893fca42-9e82-58de-30fb-35f01ee95bab.flac&x-id=GetObject,0.254221022,5637
MRam-2019-05-13_18-20.flac,2019 Markham Ravine,2019,5,13,18,20,Agelaius tricolor,Alternative Song 2,46.6293335,47.03466797,656,7406,24000,present,https://rfcx-streams-production.s3.eu-west-1.amazonaws.com/2019/05/13/te1h471bonyj/5b961717-2873-5f20-836d-3fa737b7b5a8.flac?X-Amz-Algorithm=AWS4-HMAC-SHA256&X-Amz-Content-Sha256=UNSIGNED-PAYLOAD&X-Amz-Credential=AKIA45B7YWBX5HAZMGOU%2F20260223%2Feu-west-1%2Fs3%2Faws4_request&X-Amz-Date=20260223T000747Z&X-Amz-Expires=604800&X-Amz-Signature=d17757a2ef894d4dd0af641c246429da693d13c03a7612285f5f19e45b6e1cfd&X-Amz-SignedHeaders=host&response-content-disposition=attachment%3B%20filename%3D5b961717-2873-5f20-836d-3fa737b7b5a8.flac&x-id=GetObject,0.215530887,5637
MRam-2019-05-13_18-40.flac,2019 Markham Ravine,2019,5,13,18,40,Agelaius tricolor,Alternative Song 2,21.93066597,22.33600044,656,7406,24000,present,https://rfcx-streams-production.s3.eu-west-1.amazonaws.com/2019/05/13/te1h471bonyj/c844be4e-a4ac-a0e3-6681-be2b12c73fdb.flac?X-Amz-Algorithm=AWS4-HMAC-SHA256&X-Amz-Content-Sha256=UNSIGNED-PAYLOAD&X-Amz-Credential=AKIA45B7YWBX5HAZMGOU%2F20260223%2Feu-west-1%2Fs3%2Faws4_request&X-Amz-Date=20260223T000747Z&X-Amz-Expires=604800&X-Amz-Signature=94e993dd243c0327d1ef7bd845aed1785157ee5fd999cb345c5a5717cb325679&X-Amz-SignedHeaders=host&response-content-disposition=attachment%3B%20filename%3Dc844be4e-a4ac-a0e3-6681-be2b12c73fdb.flac&x-id=GetObject,0.245687589,5637
MRam-2019-05-13_19-40.flac,2019 Markham Ravine,2019,5,13,19,40,Agelaius tricolor,Alternative Song 2,53.56266785,53.9679985,656,7406,24000,present,https://rfcx-streams-production.s3.eu-west-1.amazonaws.com/2019/05/13/te1h471bonyj/086eb71b-ce76-110e-6013-8be2ee44a8e5.flac?X-Amz-Algorithm=AWS4-HMAC-SHA256&X-Amz-Content-Sha256=UNSIGNED-PAYLOAD&X-Amz-Credential=AKIA45B7YWBX5HAZMGOU%2F20260223%2Feu-west-1%2Fs3%2Faws4_request&X-Amz-Date=20260223T000747Z&X-Amz-Expires=604800&X-Amz-Signature=7a274ed04084ed65c44824093d097e15815eb3133f4982675f3b1b2c13c1577e&X-Amz-SignedHeaders=host&response-content-disposition=attachment%3B%20filename%3D086eb71b-ce76-110e-6013-8be2ee44a8e5.flac&x-id=GetObject,0.241033554,5637
MRam-2019-05-13_20-00.flac,2019 Markham Ravine,2019,5,13,20,0,Agelaius tricolor,Alternative Song 2,14.4746666,14.88000011,656,7406,24000,present,https://rfcx-streams-production.s3.eu-west-1.amazonaws.com/2019/05/13/te1h471bonyj/754bbd11-e232-0ca8-7b21-827357a58233.flac?X-Amz-Algorithm=AWS4-HMAC-SHA256&X-Amz-Content-Sha256=UNSIGNED-PAYLOAD&X-Amz-Credential=AKIA45B7YWBX5HAZMGOU%2F20260223%2Feu-west-1%2Fs3%2Faws4_request&X-Amz-Date=20260223T000746Z&X-Amz-Expires=604800&X-Amz-Signature=f79d820da94f8f739ad269474cda3bee3a615dd4199b4ce886ba3974679a65c1&X-Amz-SignedHeaders=host&response-content-disposition=attachment%3B%20filename%3D754bbd11-e232-0ca8-7b21-827357a58233.flac&x-id=GetObject,0.228808954,5637
MRam-2019-05-13_20-20.flac,2019 Markham Ravine,2019,5,13,20,20,Agelaius tricolor,Alternative Song 2,17.88266754,18.28800011,656,7406,24000,present,https://rfcx-streams-production.s3.eu-west-1.amazonaws.com/2019/05/13/te1h471bonyj/a84926a4-166b-0092-01ce-db95712815ef.flac?X-Amz-Algorithm=AWS4-HMAC-SHA256&X-Amz-Content-Sha256=UNSIGNED-PAYLOAD&X-Amz-Credential=AKIA45B7YWBX5HAZMGOU%2F20260223%2Feu-west-1%2Fs3%2Faws4_request&X-Amz-Date=20260223T000747Z&X-Amz-Expires=604800&X-Amz-Signature=f881084037043e44c815935e95f13a95bc40b7cbd555a754a5f41dfae00f1988&X-Amz-SignedHeaders=host&response-content-disposition=attachment%3B%20filename%3Da84926a4-166b-0092-01ce-db95712815ef.flac&x-id=GetObject,0.209916189,5637
MRam-2019-05-14_06-00.flac,2019 Markham Ravine,2019,5,14,6,0,Agelaius tricolor,Alternative Song 2,49.93600082,50.34133148,656,7406,24000,present,https://rfcx-streams-production.s3.eu-west-1.amazonaws.com/2019/05/13/te1h471bonyj/7b3ee935-b7e4-169b-7575-1e5259d3ccf2.flac?X-Amz-Algorithm=AWS4-HMAC-SHA256&X-Amz-Content-Sha256=UNSIGNED-PAYLOAD&X-Amz-Credential=AKIA45B7YWBX5HAZMGOU%2F20260223%2Feu-west-1%2Fs3%2Faws4_request&X-Amz-Date=20260223T000746Z&X-Amz-Expires=604800&X-Amz-Signature=95a51d406e66eff29e52347f221a63fac7e79d3fa931ba2f474d432037130c9a&X-Amz-SignedHeaders=host&response-content-disposition=attachment%3B%20filename%3D7b3ee935-b7e4-169b-7575-1e5259d3ccf2.flac&x-id=GetObject,0.23162578,5637
MRam-2019-05-14_09-20.flac,2019 Markham Ravine,2019,5,14,9,20,Agelaius tricolor,Alternative Song 2,58.09600067,58.50133514,656,7406,24000,present,https://rfcx-streams-production.s3.eu-west-1.amazonaws.com/2019/05/14/te1h471bonyj/5d6fc35d-c701-f209-193e-3fff76b7973c.flac?X-Amz-Algorithm=AWS4-HMAC-SHA256&X-Amz-Content-Sha256=UNSIGNED-PAYLOAD&X-Amz-Credential=AKIA45B7YWBX5HAZMGOU%2F20260223%2Feu-west-1%2Fs3%2Faws4_request&X-Amz-Date=20260223T000747Z&X-Amz-Expires=604800&X-Amz-Signature=5fd02c78c3e7281558fd456ec38fa5ff8130ed756985fe38a91981c8f598b3e7&X-Amz-SignedHeaders=host&response-content-disposition=attachment%3B%20filename%3D5d6fc35d-c701-f209-193e-3fff76b7973c.flac&x-id=GetObject,0.246004418,5637
MRam-2019-05-14_10-00.flac,2019 Markham Ravine,2019,5,14,10,0,Agelaius tricolor,Alternative Song 2,56.76266479,57.16799927,656,7406,24000,present,https://rfcx-streams-production.s3.eu-west-1.amazonaws.com/2019/05/14/te1h471bonyj/b32a203d-cd72-22de-a7d2-52214943e594.flac?X-Amz-Algorithm=AWS4-HMAC-SHA256&X-Amz-Content-Sha256=UNSIGNED-PAYLOAD&X-Amz-Credential=AKIA45B7YWBX5HAZMGOU%2F20260223%2Feu-west-1%2Fs3%2Faws4_request&X-Amz-Date=20260223T000746Z&X-Amz-Expires=604800&X-Amz-Signature=feda58e0f1d14dc91820269c66cfc2a315a1dfc6c2899a82e341fbb035d42e0e&X-Amz-SignedHeaders=host&response-content-disposition=attachment%3B%20filename%3Db32a203d-cd72-22de-a7d2-52214943e594.flac&x-id=GetObject,0.228677541,5637
MRam-2019-05-14_10-20.flac,2019 Markham Ravine,2019,5,14,10,20,Agelaius tricolor,Alternative Song 2,57.68533325,58.09066772,656,7406,24000,present,https://rfcx-streams-production.s3.eu-west-1.amazonaws.com/2019/05/14/te1h471bonyj/aa8f7fd8-953b-2fb3-2a65-fd26dc181a49.flac?X-Amz-Algorithm=AWS4-HMAC-SHA256&X-Amz-Content-Sha256=UNSIGNED-PAYLOAD&X-Amz-Credential=AKIA45B7YWBX5HAZMGOU%2F20260223%2Feu-west-1%2Fs3%2Faws4_request&X-Amz-Date=20260223T000747Z&X-Amz-Expires=604800&X-Amz-Signature=4c0c0d4a3a34775226eb35fd4304ddeea1cc3a4c1795161399938b9e9c19899d&X-Amz-SignedHeaders=host&response-content-disposition=attachment%3B%20filename%3Daa8f7fd8-953b-2fb3-2a65-fd26dc181a49.flac&x-id=GetObject,0.221979037,5637
MRam-2019-05-14_10-40.flac,2019 Markham Ravine,2019,5,14,10,40,Agelaius tricolor,Alternative Song 2,15.38133335,15.78666687,656,7406,24000,present,https://rfcx-streams-production.s3.eu-west-1.amazonaws.com/2019/05/14/te1h471bonyj/14fcd3e4-1438-2652-ebfb-ec241dede512.flac?X-Amz-Algorithm=AWS4-HMAC-SHA256&X-Amz-Content-Sha256=UNSIGNED-PAYLOAD&X-Amz-Credential=AKIA45B7YWBX5HAZMGOU%2F20260223%2Feu-west-1%2Fs3%2Faws4_request&X-Amz-Date=20260223T000747Z&X-Amz-Expires=604800&X-Amz-Signature=90c9e98617118af9f048b54ce716ea3eaf3cad64ebdace5b1576e635a604e064&X-Amz-SignedHeaders=host&response-content-disposition=attachment%3B%20filename%3D14fcd3e4-1438-2652-ebfb-ec241dede512.flac&x-id=GetObject,0.292205036,5637
MRam-2019-05-14_11-00.flac,2019 Markham Ravine,2019,5,14,11,0,Agelaius tricolor,Alternative Song 2,55.90933228,56.31466675,656,7406,24000,present,https://rfcx-streams-production.s3.eu-west-1.amazonaws.com/2019/05/14/te1h471bonyj/b6b8c0be-752e-aae8-0508-df4ed52ff2f6.flac?X-Amz-Algorithm=AWS4-HMAC-SHA256&X-Amz-Content-Sha256=UNSIGNED-PAYLOAD&X-Amz-Credential=AKIA45B7YWBX5HAZMGOU%2F20260223%2Feu-west-1%2Fs3%2Faws4_request&X-Amz-Date=20260223T000746Z&X-Amz-Expires=604800&X-Amz-Signature=6a680eb8d756adcb73bc91d6a6f15c4bd98ac846a90e207e965a0d5be1d3dba5&X-Amz-SignedHeaders=host&response-content-disposition=attachment%3B%20filename%3Db6b8c0be-752e-aae8-0508-df4ed52ff2f6.flac&x-id=GetObject,0.224855036,5637
MRam-2019-05-14_11-40.flac,2019 Markham Ravine,2019,5,14,11,40,Agelaius tricolor,Alternative Song 2,11.77066708,12.17599964,656,7406,24000,present,https://rfcx-streams-production.s3.eu-west-1.amazonaws.com/2019/05/14/te1h471bonyj/5dba4611-026b-e2b5-4891-5b32630de61d.flac?X-Amz-Algorithm=AWS4-HMAC-SHA256&X-Amz-Content-Sha256=UNSIGNED-PAYLOAD&X-Amz-Credential=AKIA45B7YWBX5HAZMGOU%2F20260223%2Feu-west-1%2Fs3%2Faws4_request&X-Amz-Date=20260223T000747Z&X-Amz-Expires=604800&X-Amz-Signature=ef1d57faecd4a564a6a90506f9a5f30e6358f2d037fa9b858fc0e01b8be043ce&X-Amz-SignedHeaders=host&response-content-disposition=attachment%3B%20filename%3D5dba4611-026b-e2b5-4891-5b32630de61d.flac&x-id=GetObject,0.240927175,5637
MRam-2019-05-14_12-20.flac,2019 Markham Ravine,2019,5,14,12,20,Agelaius tricolor,Alternative Song 2,50.6186676,51.02399826,656,7406,24000,present,https://rfcx-streams-production.s3.eu-west-1.amazonaws.com/2019/05/14/te1h471bonyj/300c89f3-33f7-68bd-a268-f089fdc03932.flac?X-Amz-Algorithm=AWS4-HMAC-SHA256&X-Amz-Content-Sha256=UNSIGNED-PAYLOAD&X-Amz-Credential=AKIA45B7YWBX5HAZMGOU%2F20260223%2Feu-west-1%2Fs3%2Faws4_request&X-Amz-Date=20260223T000747Z&X-Amz-Expires=604800&X-Amz-Signature=84277e479d4aa2c9f52cd54e9673547d1ea906fdbaf9496ca5d65722054deb05&X-Amz-SignedHeaders=host&response-content-disposition=attachment%3B%20filename%3D300c89f3-33f7-68bd-a268-f089fdc03932.flac&x-id=GetObject,0.246534824,5637
MRam-2019-05-14_12-40.flac,2019 Markham Ravine,2019,5,14,12,40,Agelaius tricolor,Alternative Song 2,56.72000122,57.12533188,656,7406,24000,present,https://rfcx-streams-production.s3.eu-west-1.amazonaws.com/2019/05/14/te1h471bonyj/13f52639-cddf-c447-0070-351ee1f0c81e.flac?X-Amz-Algorithm=AWS4-HMAC-SHA256&X-Amz-Content-Sha256=UNSIGNED-PAYLOAD&X-Amz-Credential=AKIA45B7YWBX5HAZMGOU%2F20260223%2Feu-west-1%2Fs3%2Faws4_request&X-Amz-Date=20260223T000747Z&X-Amz-Expires=604800&X-Amz-Signature=5fb3b64e252a3fc11b81ccc1b06f076c2ac6beb50e7bcce9b60ddc858beb5bb7&X-Amz-SignedHeaders=host&response-content-disposition=attachment%3B%20filename%3D13f52639-cddf-c447-0070-351ee1f0c81e.flac&x-id=GetObject,0.265143842,5637
MRam-2019-05-14_14-00.flac,2019 Markham Ravine,2019,5,14,14,0,Agelaius tricolor,Alternative Song 2,38.37333298,38.77866745,656,7406,24000,present,https://rfcx-streams-production.s3.eu-west-1.amazonaws.com/2019/05/14/te1h471bonyj/898dc6d8-8e8d-66cf-65dd-8b2b35a397db.flac?X-Amz-Algorithm=AWS4-HMAC-SHA256&X-Amz-Content-Sha256=UNSIGNED-PAYLOAD&X-Amz-Credential=AKIA45B7YWBX5HAZMGOU%2F20260223%2Feu-west-1%2Fs3%2Faws4_request&X-Amz-Date=20260223T000746Z&X-Amz-Expires=604800&X-Amz-Signature=9db68d4b67e583b54d7c1d987a6fc0d8b3a188979a343df63bd49f47fdd2eae2&X-Amz-SignedHeaders=host&response-content-disposition=attachment%3B%20filename%3D898dc6d8-8e8d-66cf-65dd-8b2b35a397db.flac&x-id=GetObject,0.242031798,5637
MRam-2019-05-14_14-20.flac,2019 Markham Ravine,2019,5,14,14,20,Agelaius tricolor,Alternative Song 2,51.50933456,51.91466522,656,7406,24000,present,https://rfcx-streams-production.s3.eu-west-1.amazonaws.com/2019/05/14/te1h471bonyj/5879268e-7080-b498-b1ec-667162742ece.flac?X-Amz-Algorithm=AWS4-HMAC-SHA256&X-Amz-Content-Sha256=UNSIGNED-PAYLOAD&X-Amz-Credential=AKIA45B7YWBX5HAZMGOU%2F20260223%2Feu-west-1%2Fs3%2Faws4_request&X-Amz-Date=20260223T000747Z&X-Amz-Expires=604800&X-Amz-Signature=36136987a3bbf01f0628c73d956a2e9dc1389c7ed29d0f9580199289500db2aa&X-Amz-SignedHeaders=host&response-content-disposition=attachment%3B%20filename%3D5879268e-7080-b498-b1ec-667162742ece.flac&x-id=GetObject,0.209466219,5637
MRam-2019-05-14_15-00.flac,2019 Markham Ravine,2019,5,14,15,0,Agelaius tricolor,Alternative Song 2,34.52799988,34.93333435,656,7406,24000,present,https://rfcx-streams-production.s3.eu-west-1.amazonaws.com/2019/05/14/te1h471bonyj/3e25d3c9-08ad-c2a9-25d7-5729cbb74b6a.flac?X-Amz-Algorithm=AWS4-HMAC-SHA256&X-Amz-Content-Sha256=UNSIGNED-PAYLOAD&X-Amz-Credential=AKIA45B7YWBX5HAZMGOU%2F20260223%2Feu-west-1%2Fs3%2Faws4_request&X-Amz-Date=20260223T000746Z&X-Amz-Expires=604800&X-Amz-Signature=7cb4de68cb97f5a26b413a00c0ced9ba7c5902f023653e1f10d9b22a751547d3&X-Amz-SignedHeaders=host&response-content-disposition=attachment%3B%20filename%3D3e25d3c9-08ad-c2a9-25d7-5729cbb74b6a.flac&x-id=GetObject,0.315817177,5637
MRam-2019-05-14_15-20.flac,2019 Markham Ravine,2019,5,14,15,20,Agelaius tricolor,Alternative Song 2,58.38399887,58.78933334,656,7406,24000,present,https://rfcx-streams-production.s3.eu-west-1.amazonaws.com/2019/05/14/te1h471bonyj/6e7cb031-2964-9f29-da74-7f1a2c7db1f3.flac?X-Amz-Algorithm=AWS4-HMAC-SHA256&X-Amz-Content-Sha256=UNSIGNED-PAYLOAD&X-Amz-Credential=AKIA45B7YWBX5HAZMGOU%2F20260223%2Feu-west-1%2Fs3%2Faws4_request&X-Amz-Date=20260223T000747Z&X-Amz-Expires=604800&X-Amz-Signature=06825584175ba464ec097a636b6ec581e45243f5a95ef7de9c7d478ccb6d076b&X-Amz-SignedHeaders=host&response-content-disposition=attachment%3B%20filename%3D6e7cb031-2964-9f29-da74-7f1a2c7db1f3.flac&x-id=GetObject,0.282322884,5637
MRam-2019-05-14_15-40.flac,2019 Markham Ravine,2019,5,14,15,40,Agelaius tricolor,Alternative Song 2,49.5573349,49.96266556,656,7406,24000,present,https://rfcx-streams-production.s3.eu-west-1.amazonaws.com/2019/05/14/te1h471bonyj/4bcd428c-a10f-9771-7850-a2a40f253fa8.flac?X-Amz-Algorithm=AWS4-HMAC-SHA256&X-Amz-Content-Sha256=UNSIGNED-PAYLOAD&X-Amz-Credential=AKIA45B7YWBX5HAZMGOU%2F20260223%2Feu-west-1%2Fs3%2Faws4_request&X-Amz-Date=20260223T000747Z&X-Amz-Expires=604800&X-Amz-Signature=df1e134747f80ca89dcc8f8a75b905cb89ab77a47dfb9f10b2759e9609cba21b&X-Amz-SignedHeaders=host&response-content-disposition=attachment%3B%20filename%3D4bcd428c-a10f-9771-7850-a2a40f253fa8.flac&x-id=GetObject,0.347239107,5637
MRam-2019-05-14_16-00.flac,2019 Markham Ravine,2019,5,14,16,0,Agelaius tricolor,Alternative Song 2,42.24533463,42.65066528,656,7406,24000,present,https://rfcx-streams-production.s3.eu-west-1.amazonaws.com/2019/05/14/te1h471bonyj/93514901-0372-14bb-eeee-8a32ff15debb.flac?X-Amz-Algorithm=AWS4-HMAC-SHA256&X-Amz-Content-Sha256=UNSIGNED-PAYLOAD&X-Amz-Credential=AKIA45B7YWBX5HAZMGOU%2F20260223%2Feu-west-1%2Fs3%2Faws4_request&X-Amz-Date=20260223T000746Z&X-Amz-Expires=604800&X-Amz-Signature=001364809266ec792440f7132cc5f3560798b4ffdf5f0e8eb6ee46af3adf4798&X-Amz-SignedHeaders=host&response-content-disposition=attachment%3B%20filename%3D93514901-0372-14bb-eeee-8a32ff15debb.flac&x-id=GetObject,0.285952866,5637
MRam-2019-05-14_16-40.flac,2019 Markham Ravine,2019,5,14,16,40,Agelaius tricolor,Alternative Song 2,31.50399971,31.90933418,656,7406,24000,present,https://rfcx-streams-production.s3.eu-west-1.amazonaws.com/2019/05/14/te1h471bonyj/fef07bab-92ea-4d84-d871-0b0f433ab6e6.flac?X-Amz-Algorithm=AWS4-HMAC-SHA256&X-Amz-Content-Sha256=UNSIGNED-PAYLOAD&X-Amz-Credential=AKIA45B7YWBX5HAZMGOU%2F20260223%2Feu-west-1%2Fs3%2Faws4_request&X-Amz-Date=20260223T000747Z&X-Amz-Expires=604800&X-Amz-Signature=d88aad9d382a07c3f6e63eb625386065ee79af2debcd6f954073a3e1dc911bbb&X-Amz-SignedHeaders=host&response-content-disposition=attachment%3B%20filename%3Dfef07bab-92ea-4d84-d871-0b0f433ab6e6.flac&x-id=GetObject,0.200096861,5637
MRam-2019-05-14_17-00.flac,2019 Markham Ravine,2019,5,14,17,0,Agelaius tricolor,Alternative Song 2,17.03466606,17.44000053,656,7406,24000,present,https://rfcx-streams-production.s3.eu-west-1.amazonaws.com/2019/05/14/te1h471bonyj/bcd1c3a8-4c54-c533-dc76-76dcb1d5fcbd.flac?X-Amz-Algorithm=AWS4-HMAC-SHA256&X-Amz-Content-Sha256=UNSIGNED-PAYLOAD&X-Amz-Credential=AKIA45B7YWBX5HAZMGOU%2F20260223%2Feu-west-1%2Fs3%2Faws4_request&X-Amz-Date=20260223T000746Z&X-Amz-Expires=604800&X-Amz-Signature=5f61f3fc2944740994b8a3cf241f6ac3c442cfc372f2acecf9909d94239c0a9b&X-Amz-SignedHeaders=host&response-content-disposition=attachment%3B%20filename%3Dbcd1c3a8-4c54-c533-dc76-76dcb1d5fcbd.flac&x-id=GetObject,0.270606726,5637
MRam-2019-05-14_17-20.flac,2019 Markham Ravine,2019,5,14,17,20,Agelaius tricolor,Alternative Song 2,12.17599964,12.58133316,656,7406,24000,present,https://rfcx-streams-production.s3.eu-west-1.amazonaws.com/2019/05/14/te1h471bonyj/c9501072-a6b3-9399-9472-aa716c54b853.flac?X-Amz-Algorithm=AWS4-HMAC-SHA256&X-Amz-Content-Sha256=UNSIGNED-PAYLOAD&X-Amz-Credential=AKIA45B7YWBX5HAZMGOU%2F20260223%2Feu-west-1%2Fs3%2Faws4_request&X-Amz-Date=20260223T000747Z&X-Amz-Expires=604800&X-Amz-Signature=764194b876ed5045fa430f8d160cb69fd5a7344a4e516f006b86e3d9fdbae992&X-Amz-SignedHeaders=host&response-content-disposition=attachment%3B%20filename%3Dc9501072-a6b3-9399-9472-aa716c54b853.flac&x-id=GetObject,0.241464347,5637
MRam-2019-05-14_18-20.flac,2019 Markham Ravine,2019,5,14,18,20,Agelaius tricolor,Alternative Song 2,30.12800026,30.53333282,656,7406,24000,present,https://rfcx-streams-production.s3.eu-west-1.amazonaws.com/2019/05/14/te1h471bonyj/e0ccd6e6-6ce9-0e5d-ca51-2f59cff9820c.flac?X-Amz-Algorithm=AWS4-HMAC-SHA256&X-Amz-Content-Sha256=UNSIGNED-PAYLOAD&X-Amz-Credential=AKIA45B7YWBX5HAZMGOU%2F20260223%2Feu-west-1%2Fs3%2Faws4_request&X-Amz-Date=20260223T000747Z&X-Amz-Expires=604800&X-Amz-Signature=5eaf4b12c1e0b0e1f9b84afc9d3478aa470be5c743cc15512a4368ab09fedd31&X-Amz-SignedHeaders=host&response-content-disposition=attachment%3B%20filename%3De0ccd6e6-6ce9-0e5d-ca51-2f59cff9820c.flac&x-id=GetObject,0.221005633,5637
MRam-2019-05-14_18-40.flac,2019 Markham Ravine,2019,5,14,18,40,Agelaius tricolor,Alternative Song 2,54.1866684,54.59199905,656,7406,24000,present,https://rfcx-streams-production.s3.eu-west-1.amazonaws.com/2019/05/14/te1h471bonyj/3c6b1317-0c78-29e0-8fa4-8b28893190eb.flac?X-Amz-Algorithm=AWS4-HMAC-SHA256&X-Amz-Content-Sha256=UNSIGNED-PAYLOAD&X-Amz-Credential=AKIA45B7YWBX5HAZMGOU%2F20260223%2Feu-west-1%2Fs3%2Faws4_request&X-Amz-Date=20260223T000747Z&X-Amz-Expires=604800&X-Amz-Signature=f3d7b7bfdb9670587d62532ff08748f270753d34c5ac0ab208c7e3a6d349055d&X-Amz-SignedHeaders=host&response-content-disposition=attachment%3B%20filename%3D3c6b1317-0c78-29e0-8fa4-8b28893190eb.flac&x-id=GetObject,0.222074106,5637
MRam-2019-05-14_19-00.flac,2019 Markham Ravine,2019,5,14,19,0,Agelaius tricolor,Alternative Song 2,50.47999954,50.88533401,656,7406,24000,present,https://rfcx-streams-production.s3.eu-west-1.amazonaws.com/2019/05/14/te1h471bonyj/d146ecf9-c191-ae20-36ba-9c5d54227907.flac?X-Amz-Algorithm=AWS4-HMAC-SHA256&X-Amz-Content-Sha256=UNSIGNED-PAYLOAD&X-Amz-Credential=AKIA45B7YWBX5HAZMGOU%2F20260223%2Feu-west-1%2Fs3%2Faws4_request&X-Amz-Date=20260223T000746Z&X-Amz-Expires=604800&X-Amz-Signature=35b4cd5fee95c1a7b62e32a393ae06026140b9987b8ce605fd0f6b505074bea0&X-Amz-SignedHeaders=host&response-content-disposition=attachment%3B%20filename%3Dd146ecf9-c191-ae20-36ba-9c5d54227907.flac&x-id=GetObject,0.349222928,5637
MRam-2019-05-14_19-20.flac,2019 Markham Ravine,2019,5,14,19,20,Agelaius tricolor,Alternative Song 2,6.170666695,6.576000214,656,7406,24000,present,https://rfcx-streams-production.s3.eu-west-1.amazonaws.com/2019/05/14/te1h471bonyj/bdd841b2-e47f-153c-80ad-7f57458fcec8.flac?X-Amz-Algorithm=AWS4-HMAC-SHA256&X-Amz-Content-Sha256=UNSIGNED-PAYLOAD&X-Amz-Credential=AKIA45B7YWBX5HAZMGOU%2F20260223%2Feu-west-1%2Fs3%2Faws4_request&X-Amz-Date=20260223T000747Z&X-Amz-Expires=604800&X-Amz-Signature=adc6f278c8b94dcd99c6573f6370986efc1b8a66549beec738da4dabe86a9290&X-Amz-SignedHeaders=host&response-content-disposition=attachment%3B%20filename%3Dbdd841b2-e47f-153c-80ad-7f57458fcec8.flac&x-id=GetObject,0.204352021,5637
MRam-2019-05-14_20-00.flac,2019 Markham Ravine,2019,5,14,20,0,Agelaius tricolor,Alternative Song 2,52.06933212,52.4746666,656,7406,24000,present,https://rfcx-streams-production.s3.eu-west-1.amazonaws.com/2019/05/14/te1h471bonyj/715d158d-3f52-7d1b-5fb0-5be410c6e223.flac?X-Amz-Algorithm=AWS4-HMAC-SHA256&X-Amz-Content-Sha256=UNSIGNED-PAYLOAD&X-Amz-Credential=AKIA45B7YWBX5HAZMGOU%2F20260223%2Feu-west-1%2Fs3%2Faws4_request&X-Amz-Date=20260223T000746Z&X-Amz-Expires=604800&X-Amz-Signature=b23eca62ac4cb5bb70b6eea232d70a1a1ace69f94b3714181bd143436bf279bc&X-Amz-SignedHeaders=host&response-content-disposition=attachment%3B%20filename%3D715d158d-3f52-7d1b-5fb0-5be410c6e223.flac&x-id=GetObject,0.210043818,5637
MRam-2019-05-15_06-00.flac,2019 Markham Ravine,2019,5,15,6,0,Agelaius tricolor,Alternative Song 2,32.20800018,32.61333466,656,7406,24000,present,https://rfcx-streams-production.s3.eu-west-1.amazonaws.com/2019/05/14/te1h471bonyj/0e59a454-2f7b-62b5-7b30-efa09b95e450.flac?X-Amz-Algorithm=AWS4-HMAC-SHA256&X-Amz-Content-Sha256=UNSIGNED-PAYLOAD&X-Amz-Credential=AKIA45B7YWBX5HAZMGOU%2F20260223%2Feu-west-1%2Fs3%2Faws4_request&X-Amz-Date=20260223T000746Z&X-Amz-Expires=604800&X-Amz-Signature=31e543531f545b918a172dc76c84a59ca9d2d6b8ef78ac187d6999e65037b17d&X-Amz-SignedHeaders=host&response-content-disposition=attachment%3B%20filename%3D0e59a454-2f7b-62b5-7b30-efa09b95e450.flac&x-id=GetObject,0.225642234,5637
MRam-2019-05-15_06-20.flac,2019 Markham Ravine,2019,5,15,6,20,Agelaius tricolor,Alternative Song 2,30.47999954,30.88533401,656,7406,24000,present,https://rfcx-streams-production.s3.eu-west-1.amazonaws.com/2019/05/14/te1h471bonyj/28f5d748-422f-6f3b-5480-fe5a36bc6fac.flac?X-Amz-Algorithm=AWS4-HMAC-SHA256&X-Amz-Content-Sha256=UNSIGNED-PAYLOAD&X-Amz-Credential=AKIA45B7YWBX5HAZMGOU%2F20260223%2Feu-west-1%2Fs3%2Faws4_request&X-Amz-Date=20260223T000747Z&X-Amz-Expires=604800&X-Amz-Signature=d2565b36e8c12624eca8344a4c98d4367bcd12607e6a3efb05d9c7c7af82c42d&X-Amz-SignedHeaders=host&response-content-disposition=attachment%3B%20filename%3D28f5d748-422f-6f3b-5480-fe5a36bc6fac.flac&x-id=GetObject,0.230116665,5637
MRam-2019-05-15_06-40.flac,2019 Markham Ravine,2019,5,15,6,40,Agelaius tricolor,Alternative Song 2,6.885333538,7.29066658,656,7406,24000,present,https://rfcx-streams-production.s3.eu-west-1.amazonaws.com/2019/05/14/te1h471bonyj/d7f32c65-e1d2-3b22-f6a4-750f8c1ac77e.flac?X-Amz-Algorithm=AWS4-HMAC-SHA256&X-Amz-Content-Sha256=UNSIGNED-PAYLOAD&X-Amz-Credential=AKIA45B7YWBX5HAZMGOU%2F20260223%2Feu-west-1%2Fs3%2Faws4_request&X-Amz-Date=20260223T000747Z&X-Amz-Expires=604800&X-Amz-Signature=a8b6f6119b73b96b43295ce6919640273efd6d295c3c9888607212da28225abf&X-Amz-SignedHeaders=host&response-content-disposition=attachment%3B%20filename%3Dd7f32c65-e1d2-3b22-f6a4-750f8c1ac77e.flac&x-id=GetObject,0.251826823,5637
MRam-2019-05-15_07-00.flac,2019 Markham Ravine,2019,5,15,7,0,Agelaius tricolor,Alternative Song 2,12.86933327,13.27466679,656,7406,24000,present,https://rfcx-streams-production.s3.eu-west-1.amazonaws.com/2019/05/15/te1h471bonyj/7447cd0c-467d-b0bf-a7d4-e1a6e20d0391.flac?X-Amz-Algorithm=AWS4-HMAC-SHA256&X-Amz-Content-Sha256=UNSIGNED-PAYLOAD&X-Amz-Credential=AKIA45B7YWBX5HAZMGOU%2F20260223%2Feu-west-1%2Fs3%2Faws4_request&X-Amz-Date=20260223T000746Z&X-Amz-Expires=604800&X-Amz-Signature=91af5eb40bbc18b9bb4186d8d08a62f8b63b630f06e038eb7c58d7769c9c74dd&X-Amz-SignedHeaders=host&response-content-disposition=attachment%3B%20filename%3D7447cd0c-467d-b0bf-a7d4-e1a6e20d0391.flac&x-id=GetObject,0.230511963,5637
MRam-2019-05-15_07-40.flac,2019 Markham Ravine,2019,5,15,7,40,Agelaius tricolor,Alternative Song 2,7.034666538,7.440000057,656,7406,24000,present,https://rfcx-streams-production.s3.eu-west-1.amazonaws.com/2019/05/15/te1h471bonyj/312484eb-3def-de8f-d859-438028c0a2f0.flac?X-Amz-Algorithm=AWS4-HMAC-SHA256&X-Amz-Content-Sha256=UNSIGNED-PAYLOAD&X-Amz-Credential=AKIA45B7YWBX5HAZMGOU%2F20260223%2Feu-west-1%2Fs3%2Faws4_request&X-Amz-Date=20260223T000747Z&X-Amz-Expires=604800&X-Amz-Signature=e1d170f24cd21b418ff0ead95001005710be2bf89b6af4c125049f84cdb3d579&X-Amz-SignedHeaders=host&response-content-disposition=attachment%3B%20filename%3D312484eb-3def-de8f-d859-438028c0a2f0.flac&x-id=GetObject,0.267495215,5637
MRam-2019-05-15_08-00.flac,2019 Markham Ravine,2019,5,15,8,0,Agelaius tricolor,Alternative Song 2,41.49866486,41.90399933,656,7406,24000,present,https://rfcx-streams-production.s3.eu-west-1.amazonaws.com/2019/05/15/te1h471bonyj/5c177071-2d6d-2e84-c794-4d375d38da0a.flac?X-Amz-Algorithm=AWS4-HMAC-SHA256&X-Amz-Content-Sha256=UNSIGNED-PAYLOAD&X-Amz-Credential=AKIA45B7YWBX5HAZMGOU%2F20260223%2Feu-west-1%2Fs3%2Faws4_request&X-Amz-Date=20260223T000746Z&X-Amz-Expires=604800&X-Amz-Signature=4fe07a5c743e05b430776d149f03d17c568fd040e5c19b45f15d673e3c4a8fe7&X-Amz-SignedHeaders=host&response-content-disposition=attachment%3B%20filename%3D5c177071-2d6d-2e84-c794-4d375d38da0a.flac&x-id=GetObject,0.209910065,5637
MRam-2019-05-15_09-00.flac,2019 Markham Ravine,2019,5,15,9,0,Agelaius tricolor,Alternative Song 2,24.08533287,24.49066734,656,7406,24000,present,https://rfcx-streams-production.s3.eu-west-1.amazonaws.com/2019/05/15/te1h471bonyj/60745358-df33-7c95-051c-ffef5321218a.flac?X-Amz-Algorithm=AWS4-HMAC-SHA256&X-Amz-Content-Sha256=UNSIGNED-PAYLOAD&X-Amz-Credential=AKIA45B7YWBX5HAZMGOU%2F20260223%2Feu-west-1%2Fs3%2Faws4_request&X-Amz-Date=20260223T000746Z&X-Amz-Expires=604800&X-Amz-Signature=5f917111395b89ff506555c32cdfc53862eba7f7d6b53eb51bdff147a560b498&X-Amz-SignedHeaders=host&response-content-disposition=attachment%3B%20filename%3D60745358-df33-7c95-051c-ffef5321218a.flac&x-id=GetObject,0.227903828,5637
MRam-2019-05-15_10-20.flac,2019 Markham Ravine,2019,5,15,10,20,Agelaius tricolor,Alternative Song 2,28.66133308,29.06666756,656,7406,24000,present,https://rfcx-streams-production.s3.eu-west-1.amazonaws.com/2019/05/15/te1h471bonyj/c4a8cbb0-211c-9411-cb19-9a74866878d9.flac?X-Amz-Algorithm=AWS4-HMAC-SHA256&X-Amz-Content-Sha256=UNSIGNED-PAYLOAD&X-Amz-Credential=AKIA45B7YWBX5HAZMGOU%2F20260223%2Feu-west-1%2Fs3%2Faws4_request&X-Amz-Date=20260223T000747Z&X-Amz-Expires=604800&X-Amz-Signature=149058372411f419e0d99e8fcb5b241a554859890d4e00f471f95a70a3b4b80e&X-Amz-SignedHeaders=host&response-content-disposition=attachment%3B%20filename%3Dc4a8cbb0-211c-9411-cb19-9a74866878d9.flac&x-id=GetObject,0.292647272,5637
MRam-2019-05-15_10-40.flac,2019 Markham Ravine,2019,5,15,10,40,Agelaius tricolor,Alternative Song 2,57.6906662,58.09600067,656,7406,24000,present,https://rfcx-streams-production.s3.eu-west-1.amazonaws.com/2019/05/15/te1h471bonyj/ca4a8d93-01a3-d6bd-b90a-d9aae5af6eae.flac?X-Amz-Algorithm=AWS4-HMAC-SHA256&X-Amz-Content-Sha256=UNSIGNED-PAYLOAD&X-Amz-Credential=AKIA45B7YWBX5HAZMGOU%2F20260223%2Feu-west-1%2Fs3%2Faws4_request&X-Amz-Date=20260223T000747Z&X-Amz-Expires=604800&X-Amz-Signature=cf0b6aa199e82cfa83126b405fb68e22d34462719583f1353ae4b585c307db13&X-Amz-SignedHeaders=host&response-content-disposition=attachment%3B%20filename%3Dca4a8d93-01a3-d6bd-b90a-d9aae5af6eae.flac&x-id=GetObject,0.252438754,5637
MRam-2019-05-15_11-00.flac,2019 Markham Ravine,2019,5,15,11,0,Agelaius tricolor,Alternative Song 2,53.46133423,53.86666489,656,7406,24000,present,https://rfcx-streams-production.s3.eu-west-1.amazonaws.com/2019/05/15/te1h471bonyj/6ea17303-e7dc-da3d-0bf9-45261e83c3d1.flac?X-Amz-Algorithm=AWS4-HMAC-SHA256&X-Amz-Content-Sha256=UNSIGNED-PAYLOAD&X-Amz-Credential=AKIA45B7YWBX5HAZMGOU%2F20260223%2Feu-west-1%2Fs3%2Faws4_request&X-Amz-Date=20260223T000746Z&X-Amz-Expires=604800&X-Amz-Signature=df599fca323be6f2f81733fb1ff293b4d93e9b94cc7db209c36c17d3d851e9ed&X-Amz-SignedHeaders=host&response-content-disposition=attachment%3B%20filename%3D6ea17303-e7dc-da3d-0bf9-45261e83c3d1.flac&x-id=GetObject,0.269296259,5637
MRam-2019-05-15_11-20.flac,2019 Markham Ravine,2019,5,15,11,20,Agelaius tricolor,Alternative Song 2,17.46133423,17.86666679,656,7406,24000,present,https://rfcx-streams-production.s3.eu-west-1.amazonaws.com/2019/05/15/te1h471bonyj/e74a5af8-79a0-584c-b293-be59a072e604.flac?X-Amz-Algorithm=AWS4-HMAC-SHA256&X-Amz-Content-Sha256=UNSIGNED-PAYLOAD&X-Amz-Credential=AKIA45B7YWBX5HAZMGOU%2F20260223%2Feu-west-1%2Fs3%2Faws4_request&X-Amz-Date=20260223T000747Z&X-Amz-Expires=604800&X-Amz-Signature=5d3d8efca34c6d7aa62c8fe05cebe4e520e78d14e16f76e08446ee9ab5fa0b85&X-Amz-SignedHeaders=host&response-content-disposition=attachment%3B%20filename%3De74a5af8-79a0-584c-b293-be59a072e604.flac&x-id=GetObject,0.250297248,5637
MRam-2019-05-15_11-40.flac,2019 Markham Ravine,2019,5,15,11,40,Agelaius tricolor,Alternative Song 2,25.62666702,26.03199959,656,7406,24000,present,https://rfcx-streams-production.s3.eu-west-1.amazonaws.com/2019/05/15/te1h471bonyj/5d64f759-f261-1b50-3f97-282dbaece1d0.flac?X-Amz-Algorithm=AWS4-HMAC-SHA256&X-Amz-Content-Sha256=UNSIGNED-PAYLOAD&X-Amz-Credential=AKIA45B7YWBX5HAZMGOU%2F20260223%2Feu-west-1%2Fs3%2Faws4_request&X-Amz-Date=20260223T000747Z&X-Amz-Expires=604800&X-Amz-Signature=7d6ea35e061c21dd88e6657a8d95d70340c0a300cef5523b29eb89e8501f8413&X-Amz-SignedHeaders=host&response-content-disposition=attachment%3B%20filename%3D5d64f759-f261-1b50-3f97-282dbaece1d0.flac&x-id=GetObject,0.281748384,5637
MRam-2019-05-15_12-20.flac,2019 Markham Ravine,2019,5,15,12,20,Agelaius tricolor,Alternative Song 2,16.9173336,17.32266617,656,7406,24000,present,https://rfcx-streams-production.s3.eu-west-1.amazonaws.com/2019/05/15/te1h471bonyj/ce02b208-61c2-6bbc-16e9-9c99ebda2c6b.flac?X-Amz-Algorithm=AWS4-HMAC-SHA256&X-Amz-Content-Sha256=UNSIGNED-PAYLOAD&X-Amz-Credential=AKIA45B7YWBX5HAZMGOU%2F20260223%2Feu-west-1%2Fs3%2Faws4_request&X-Amz-Date=20260223T000747Z&X-Amz-Expires=604800&X-Amz-Signature=94dcb16d54f13dd106b82ca4e2178892fcac04a133122c23bb3f1fe2293b9211&X-Amz-SignedHeaders=host&response-content-disposition=attachment%3B%20filename%3Dce02b208-61c2-6bbc-16e9-9c99ebda2c6b.flac&x-id=GetObject,0.245279565,5637
MRam-2019-05-15_13-00.flac,2019 Markham Ravine,2019,5,15,13,0,Agelaius tricolor,Alternative Song 2,1.098666668,1.503999949,656,7406,24000,present,https://rfcx-streams-production.s3.eu-west-1.amazonaws.com/2019/05/15/te1h471bonyj/415a28e2-cc14-a308-b207-e0dcf1d4af67.flac?X-Amz-Algorithm=AWS4-HMAC-SHA256&X-Amz-Content-Sha256=UNSIGNED-PAYLOAD&X-Amz-Credential=AKIA45B7YWBX5HAZMGOU%2F20260223%2Feu-west-1%2Fs3%2Faws4_request&X-Amz-Date=20260223T000746Z&X-Amz-Expires=604800&X-Amz-Signature=82a9983d1fa64dcc39a00e72c8d182321d1455f745fbce6def333aa75eb83fa9&X-Amz-SignedHeaders=host&response-content-disposition=attachment%3B%20filename%3D415a28e2-cc14-a308-b207-e0dcf1d4af67.flac&x-id=GetObject,0.252913713,5637
MRam-2019-05-15_13-40.flac,2019 Markham Ravine,2019,5,15,13,40,Agelaius tricolor,Alternative Song 2,22.6293335,23.03466606,656,7406,24000,present,https://rfcx-streams-production.s3.eu-west-1.amazonaws.com/2019/05/15/te1h471bonyj/eec7b5b9-08d5-9041-4c21-99ecce940f80.flac?X-Amz-Algorithm=AWS4-HMAC-SHA256&X-Amz-Content-Sha256=UNSIGNED-PAYLOAD&X-Amz-Credential=AKIA45B7YWBX5HAZMGOU%2F20260223%2Feu-west-1%2Fs3%2Faws4_request&X-Amz-Date=20260223T000747Z&X-Amz-Expires=604800&X-Amz-Signature=cb7659fba6712919f590fe83e5d50bd1146ad1468a5023ea65bcde7dcba6b14d&X-Amz-SignedHeaders=host&response-content-disposition=attachment%3B%20filename%3Deec7b5b9-08d5-9041-4c21-99ecce940f80.flac&x-id=GetObject,0.283281893,5637
MRam-2019-05-15_14-00.flac,2019 Markham Ravine,2019,5,15,14,0,Agelaius tricolor,Alternative Song 2,38.02133179,38.42666626,656,7406,24000,present,https://rfcx-streams-production.s3.eu-west-1.amazonaws.com/2019/05/15/te1h471bonyj/755fb9fc-f395-3753-1435-5c2b4ddb347d.flac?X-Amz-Algorithm=AWS4-HMAC-SHA256&X-Amz-Content-Sha256=UNSIGNED-PAYLOAD&X-Amz-Credential=AKIA45B7YWBX5HAZMGOU%2F20260223%2Feu-west-1%2Fs3%2Faws4_request&X-Amz-Date=20260223T000746Z&X-Amz-Expires=604800&X-Amz-Signature=0994790d192f6d8775eb90bd2d7b0ddf351c5d03f173f5c72ad92ef78bff51a6&X-Amz-SignedHeaders=host&response-content-disposition=attachment%3B%20filename%3D755fb9fc-f395-3753-1435-5c2b4ddb347d.flac&x-id=GetObject,0.299389988,5637
MRam-2019-05-15_14-20.flac,2019 Markham Ravine,2019,5,15,14,20,Agelaius tricolor,Alternative Song 2,9.093333244,9.498666763,656,7406,24000,present,https://rfcx-streams-production.s3.eu-west-1.amazonaws.com/2019/05/15/te1h471bonyj/379168bc-e0ff-1002-27ce-64d46afe1a1d.flac?X-Amz-Algorithm=AWS4-HMAC-SHA256&X-Amz-Content-Sha256=UNSIGNED-PAYLOAD&X-Amz-Credential=AKIA45B7YWBX5HAZMGOU%2F20260223%2Feu-west-1%2Fs3%2Faws4_request&X-Amz-Date=20260223T000747Z&X-Amz-Expires=604800&X-Amz-Signature=4deb125589aa429ef227ecaa20afb177243937fef04be7fd1a303537adfacf06&X-Amz-SignedHeaders=host&response-content-disposition=attachment%3B%20filename%3D379168bc-e0ff-1002-27ce-64d46afe1a1d.flac&x-id=GetObject,0.298676252,5637
MRam-2019-05-15_15-00.flac,2019 Markham Ravine,2019,5,15,15,0,Agelaius tricolor,Alternative Song 2,7.07733345,7.482666492,656,7406,24000,present,https://rfcx-streams-production.s3.eu-west-1.amazonaws.com/2019/05/15/te1h471bonyj/c2355dd5-a76f-42b8-bcc5-aa7feeeb9c96.flac?X-Amz-Algorithm=AWS4-HMAC-SHA256&X-Amz-Content-Sha256=UNSIGNED-PAYLOAD&X-Amz-Credential=AKIA45B7YWBX5HAZMGOU%2F20260223%2Feu-west-1%2Fs3%2Faws4_request&X-Amz-Date=20260223T000746Z&X-Amz-Expires=604800&X-Amz-Signature=3096c1a72a46ba73108062593b46af18a4911512fcd6b39de6c6dc6bcd3c3bd3&X-Amz-SignedHeaders=host&response-content-disposition=attachment%3B%20filename%3Dc2355dd5-a76f-42b8-bcc5-aa7feeeb9c96.flac&x-id=GetObject,0.251234174,5637
MRam-2019-05-15_16-20.flac,2019 Markham Ravine,2019,5,15,16,20,Agelaius tricolor,Alternative Song 2,32.49599838,32.90133286,656,7406,24000,present,https://rfcx-streams-production.s3.eu-west-1.amazonaws.com/2019/05/15/te1h471bonyj/d80a50d4-3972-aae8-3eb4-227eb9fc2be4.flac?X-Amz-Algorithm=AWS4-HMAC-SHA256&X-Amz-Content-Sha256=UNSIGNED-PAYLOAD&X-Amz-Credential=AKIA45B7YWBX5HAZMGOU%2F20260223%2Feu-west-1%2Fs3%2Faws4_request&X-Amz-Date=20260223T000747Z&X-Amz-Expires=604800&X-Amz-Signature=2a4b4a60b53e7d29bad7246c5a3f3f9b07fb50c74e335e32a58d04b3629b3aa1&X-Amz-SignedHeaders=host&response-content-disposition=attachment%3B%20filename%3Dd80a50d4-3972-aae8-3eb4-227eb9fc2be4.flac&x-id=GetObject,0.225479037,5637
MRam-2019-05-15_17-40.flac,2019 Markham Ravine,2019,5,15,17,40,Agelaius tricolor,Alternative Song 2,5.231999874,5.637333393,656,7406,24000,present,https://rfcx-streams-production.s3.eu-west-1.amazonaws.com/2019/05/15/te1h471bonyj/f517b8ff-4e4d-c36f-0c56-a9ac0fcae083.flac?X-Amz-Algorithm=AWS4-HMAC-SHA256&X-Amz-Content-Sha256=UNSIGNED-PAYLOAD&X-Amz-Credential=AKIA45B7YWBX5HAZMGOU%2F20260223%2Feu-west-1%2Fs3%2Faws4_request&X-Amz-Date=20260223T000747Z&X-Amz-Expires=604800&X-Amz-Signature=946ec8fdf35f6bdc22fe68b8952c65a2f491db70e816056978ce34b928eb6207&X-Amz-SignedHeaders=host&response-content-disposition=attachment%3B%20filename%3Df517b8ff-4e4d-c36f-0c56-a9ac0fcae083.flac&x-id=GetObject,0.285398304,5637
MRam-2019-05-15_19-00.flac,2019 Markham Ravine,2019,5,15,19,0,Agelaius tricolor,Alternative Song 2,59.15733337,59.56266785,656,7406,24000,present,https://rfcx-streams-production.s3.eu-west-1.amazonaws.com/2019/05/15/te1h471bonyj/e6902c1c-d5dc-0417-e443-224281d85384.flac?X-Amz-Algorithm=AWS4-HMAC-SHA256&X-Amz-Content-Sha256=UNSIGNED-PAYLOAD&X-Amz-Credential=AKIA45B7YWBX5HAZMGOU%2F20260223%2Feu-west-1%2Fs3%2Faws4_request&X-Amz-Date=20260223T000746Z&X-Amz-Expires=604800&X-Amz-Signature=668c9dbc1bf03024a8b5e5a5e2ee1d614ee4b31e69952bc760b93f81e489e6f5&X-Amz-SignedHeaders=host&response-content-disposition=attachment%3B%20filename%3De6902c1c-d5dc-0417-e443-224281d85384.flac&x-id=GetObject,0.201455295,5637
MRam-2019-05-16_06-00.flac,2019 Markham Ravine,2019,5,16,6,0,Agelaius tricolor,Alternative Song 2,8.70933342,9.114666939,656,7406,24000,present,https://rfcx-streams-production.s3.eu-west-1.amazonaws.com/2019/05/15/te1h471bonyj/b9b8dc49-c893-95e7-2b0b-cbb561b1db94.flac?X-Amz-Algorithm=AWS4-HMAC-SHA256&X-Amz-Content-Sha256=UNSIGNED-PAYLOAD&X-Amz-Credential=AKIA45B7YWBX5HAZMGOU%2F20260223%2Feu-west-1%2Fs3%2Faws4_request&X-Amz-Date=20260223T000746Z&X-Amz-Expires=604800&X-Amz-Signature=f6b13b3303fe841c23b313f391f950b220ac1338c53bd0403d5844307051e348&X-Amz-SignedHeaders=host&response-content-disposition=attachment%3B%20filename%3Db9b8dc49-c893-95e7-2b0b-cbb561b1db94.flac&x-id=GetObject,0.313645512,5637
MRam-2019-05-16_06-40.flac,2019 Markham Ravine,2019,5,16,6,40,Agelaius tricolor,Alternative Song 2,19.28000069,19.68533325,656,7406,24000,present,https://rfcx-streams-production.s3.eu-west-1.amazonaws.com/2019/05/15/te1h471bonyj/6d3eb29a-5e65-e931-b4cf-5edfdbdf90af.flac?X-Amz-Algorithm=AWS4-HMAC-SHA256&X-Amz-Content-Sha256=UNSIGNED-PAYLOAD&X-Amz-Credential=AKIA45B7YWBX5HAZMGOU%2F20260223%2Feu-west-1%2Fs3%2Faws4_request&X-Amz-Date=20260223T000747Z&X-Amz-Expires=604800&X-Amz-Signature=924479b80f733532502c331bc237d33eee81ce96fd4062f5be3535e9f8582264&X-Amz-SignedHeaders=host&response-content-disposition=attachment%3B%20filename%3D6d3eb29a-5e65-e931-b4cf-5edfdbdf90af.flac&x-id=GetObject,0.299160749,5637
MRam-2019-05-16_07-00.flac,2019 Markham Ravine,2019,5,16,7,0,Agelaius tricolor,Alternative Song 2,33.94133377,34.34666824,656,7406,24000,present,https://rfcx-streams-production.s3.eu-west-1.amazonaws.com/2019/05/16/te1h471bonyj/fbc6e9d6-533c-4a0e-755a-1fda97860d48.flac?X-Amz-Algorithm=AWS4-HMAC-SHA256&X-Amz-Content-Sha256=UNSIGNED-PAYLOAD&X-Amz-Credential=AKIA45B7YWBX5HAZMGOU%2F20260223%2Feu-west-1%2Fs3%2Faws4_request&X-Amz-Date=20260223T000746Z&X-Amz-Expires=604800&X-Amz-Signature=deb612a665f86b6e19b896148b144a2f130b9ba847118bd814cefd9b889294c4&X-Amz-SignedHeaders=host&response-content-disposition=attachment%3B%20filename%3Dfbc6e9d6-533c-4a0e-755a-1fda97860d48.flac&x-id=GetObject,0.292975783,5637
MRam-2019-05-16_08-00.flac,2019 Markham Ravine,2019,5,16,8,0,Agelaius tricolor,Alternative Song 2,21.45599937,21.86133385,656,7406,24000,present,https://rfcx-streams-production.s3.eu-west-1.amazonaws.com/2019/05/16/te1h471bonyj/3201270e-0594-2bfa-d326-dcf8894ed4d5.flac?X-Amz-Algorithm=AWS4-HMAC-SHA256&X-Amz-Content-Sha256=UNSIGNED-PAYLOAD&X-Amz-Credential=AKIA45B7YWBX5HAZMGOU%2F20260223%2Feu-west-1%2Fs3%2Faws4_request&X-Amz-Date=20260223T000746Z&X-Amz-Expires=604800&X-Amz-Signature=d0101439c583ddb98fb7d5a4072eca4c1eab7a11cb18b6a7f1b9f4595732186d&X-Amz-SignedHeaders=host&response-content-disposition=attachment%3B%20filename%3D3201270e-0594-2bfa-d326-dcf8894ed4d5.flac&x-id=GetObject,0.309583902,5637
MRam-2019-05-16_08-20.flac,2019 Markham Ravine,2019,5,16,8,20,Agelaius tricolor,Alternative Song 2,40.69866562,41.10400009,656,7406,24000,present,https://rfcx-streams-production.s3.eu-west-1.amazonaws.com/2019/05/16/te1h471bonyj/e6eb7811-122f-5fe9-7604-3e7a0596b36c.flac?X-Amz-Algorithm=AWS4-HMAC-SHA256&X-Amz-Content-Sha256=UNSIGNED-PAYLOAD&X-Amz-Credential=AKIA45B7YWBX5HAZMGOU%2F20260223%2Feu-west-1%2Fs3%2Faws4_request&X-Amz-Date=20260223T000747Z&X-Amz-Expires=604800&X-Amz-Signature=26858a4ec69c7f4b23e8700e1ec2d81aaad2f71e38a6b7bccb5efe12d08c0810&X-Amz-SignedHeaders=host&response-content-disposition=attachment%3B%20filename%3De6eb7811-122f-5fe9-7604-3e7a0596b36c.flac&x-id=GetObject,0.258425146,5637
MRam-2019-05-16_09-20.flac,2019 Markham Ravine,2019,5,16,9,20,Agelaius tricolor,Alternative Song 2,13.26933289,13.6746664,656,7406,24000,present,https://rfcx-streams-production.s3.eu-west-1.amazonaws.com/2019/05/16/te1h471bonyj/ccf6f928-08c6-4d11-08f0-1622d6ede930.flac?X-Amz-Algorithm=AWS4-HMAC-SHA256&X-Amz-Content-Sha256=UNSIGNED-PAYLOAD&X-Amz-Credential=AKIA45B7YWBX5HAZMGOU%2F20260223%2Feu-west-1%2Fs3%2Faws4_request&X-Amz-Date=20260223T000747Z&X-Amz-Expires=604800&X-Amz-Signature=3ef646caf3ce985693b2e049961602442b81c80226ad9fae9751174d3f1482ef&X-Amz-SignedHeaders=host&response-content-disposition=attachment%3B%20filename%3Dccf6f928-08c6-4d11-08f0-1622d6ede930.flac&x-id=GetObject,0.247616276,5637
MRam-2019-05-16_11-00.flac,2019 Markham Ravine,2019,5,16,11,0,Agelaius tricolor,Alternative Song 2,14.05866623,14.46399975,656,7406,24000,present,https://rfcx-streams-production.s3.eu-west-1.amazonaws.com/2019/05/16/te1h471bonyj/0b1f9d89-54bf-61a5-3a2c-bb7436c1eb40.flac?X-Amz-Algorithm=AWS4-HMAC-SHA256&X-Amz-Content-Sha256=UNSIGNED-PAYLOAD&X-Amz-Credential=AKIA45B7YWBX5HAZMGOU%2F20260223%2Feu-west-1%2Fs3%2Faws4_request&X-Amz-Date=20260223T000746Z&X-Amz-Expires=604800&X-Amz-Signature=bffcd8a5c07bd8e84fb3a478a17a54227d45244f728a3d0321c5024008dc9f84&X-Amz-SignedHeaders=host&response-content-disposition=attachment%3B%20filename%3D0b1f9d89-54bf-61a5-3a2c-bb7436c1eb40.flac&x-id=GetObject,0.29966107,5637
MRam-2019-05-16_11-20.flac,2019 Markham Ravine,2019,5,16,11,20,Agelaius tricolor,Alternative Song 2,21.2373333,21.64266586,656,7406,24000,present,https://rfcx-streams-production.s3.eu-west-1.amazonaws.com/2019/05/16/te1h471bonyj/ce122276-9293-dbca-0be9-496b103d4003.flac?X-Amz-Algorithm=AWS4-HMAC-SHA256&X-Amz-Content-Sha256=UNSIGNED-PAYLOAD&X-Amz-Credential=AKIA45B7YWBX5HAZMGOU%2F20260223%2Feu-west-1%2Fs3%2Faws4_request&X-Amz-Date=20260223T000747Z&X-Amz-Expires=604800&X-Amz-Signature=abcd6342a57bf31382f1201bd70ed38694d3547c720030b7a2d8e475b6da8cdd&X-Amz-SignedHeaders=host&response-content-disposition=attachment%3B%20filename%3Dce122276-9293-dbca-0be9-496b103d4003.flac&x-id=GetObject,0.338254869,5637
MRam-2019-05-16_12-40.flac,2019 Markham Ravine,2019,5,16,12,40,Agelaius tricolor,Alternative Song 2,3.269333363,3.674666643,656,7406,24000,present,https://rfcx-streams-production.s3.eu-west-1.amazonaws.com/2019/05/16/te1h471bonyj/5dbf527a-8757-5500-2fde-11ed170425e8.flac?X-Amz-Algorithm=AWS4-HMAC-SHA256&X-Amz-Content-Sha256=UNSIGNED-PAYLOAD&X-Amz-Credential=AKIA45B7YWBX5HAZMGOU%2F20260223%2Feu-west-1%2Fs3%2Faws4_request&X-Amz-Date=20260223T000747Z&X-Amz-Expires=604800&X-Amz-Signature=32a86e7131e574464ad937136d81b6d8e516e0ec9f09085d34efdc07e7e104f0&X-Amz-SignedHeaders=host&response-content-disposition=attachment%3B%20filename%3D5dbf527a-8757-5500-2fde-11ed170425e8.flac&x-id=GetObject,0.295144737,5637
MRam-2019-05-16_17-20.flac,2019 Markham Ravine,2019,5,16,17,20,Agelaius tricolor,Alternative Song 2,26.98666573,27.3920002,656,7406,24000,present,https://rfcx-streams-production.s3.eu-west-1.amazonaws.com/2019/05/16/te1h471bonyj/3645efc2-b2fd-76fe-bf85-2ceb0ad04c91.flac?X-Amz-Algorithm=AWS4-HMAC-SHA256&X-Amz-Content-Sha256=UNSIGNED-PAYLOAD&X-Amz-Credential=AKIA45B7YWBX5HAZMGOU%2F20260223%2Feu-west-1%2Fs3%2Faws4_request&X-Amz-Date=20260223T000747Z&X-Amz-Expires=604800&X-Amz-Signature=fc94629c352a77e9e12dff8c036cb5d84d38d8c04e55cda001f85071b6e0edf0&X-Amz-SignedHeaders=host&response-content-disposition=attachment%3B%20filename%3D3645efc2-b2fd-76fe-bf85-2ceb0ad04c91.flac&x-id=GetObject,0.202222168,5637
MRam-2019-05-16_17-40.flac,2019 Markham Ravine,2019,5,16,17,40,Agelaius tricolor,Alternative Song 2,47.98400116,48.38933182,656,7406,24000,present,https://rfcx-streams-production.s3.eu-west-1.amazonaws.com/2019/05/16/te1h471bonyj/a2189aa9-5422-ab7d-8c10-d0a5597aa234.flac?X-Amz-Algorithm=AWS4-HMAC-SHA256&X-Amz-Content-Sha256=UNSIGNED-PAYLOAD&X-Amz-Credential=AKIA45B7YWBX5HAZMGOU%2F20260223%2Feu-west-1%2Fs3%2Faws4_request&X-Amz-Date=20260223T000747Z&X-Amz-Expires=604800&X-Amz-Signature=d66caedcea3f06a8faf5e164a57b2a6402d434c03b6e3cfbc195b34bda7fb8c1&X-Amz-SignedHeaders=host&response-content-disposition=attachment%3B%20filename%3Da2189aa9-5422-ab7d-8c10-d0a5597aa234.flac&x-id=GetObject,0.22887966,5637
MRam-2019-05-16_19-20.flac,2019 Markham Ravine,2019,5,16,19,20,Agelaius tricolor,Alternative Song 2,42.96533203,43.3706665,656,7406,24000,present,https://rfcx-streams-production.s3.eu-west-1.amazonaws.com/2019/05/16/te1h471bonyj/c4389419-0825-4d8f-73a8-860f581ceea2.flac?X-Amz-Algorithm=AWS4-HMAC-SHA256&X-Amz-Content-Sha256=UNSIGNED-PAYLOAD&X-Amz-Credential=AKIA45B7YWBX5HAZMGOU%2F20260223%2Feu-west-1%2Fs3%2Faws4_request&X-Amz-Date=20260223T000747Z&X-Amz-Expires=604800&X-Amz-Signature=ac7b91c485e862e0cacaf549dadca97c0605da2a2245bd4639373c17fad7740a&X-Amz-SignedHeaders=host&response-content-disposition=attachment%3B%20filename%3Dc4389419-0825-4d8f-73a8-860f581ceea2.flac&x-id=GetObject,0.322992772,5637
MRam-2019-05-16_19-40.flac,2019 Markham Ravine,2019,5,16,19,40,Agelaius tricolor,Alternative Song 2,6.394666672,6.800000191,656,7406,24000,present,https://rfcx-streams-production.s3.eu-west-1.amazonaws.com/2019/05/16/te1h471bonyj/330c5997-7c24-fc25-86f7-e5de01362d25.flac?X-Amz-Algorithm=AWS4-HMAC-SHA256&X-Amz-Content-Sha256=UNSIGNED-PAYLOAD&X-Amz-Credential=AKIA45B7YWBX5HAZMGOU%2F20260223%2Feu-west-1%2Fs3%2Faws4_request&X-Amz-Date=20260223T000747Z&X-Amz-Expires=604800&X-Amz-Signature=c842a7ec7d71502eddcaa1076e7c8307761daf18b6ab2022a11f71afa9f31f72&X-Amz-SignedHeaders=host&response-content-disposition=attachment%3B%20filename%3D330c5997-7c24-fc25-86f7-e5de01362d25.flac&x-id=GetObject,0.223082215,5637
MRam-2019-05-16_20-00.flac,2019 Markham Ravine,2019,5,16,20,0,Agelaius tricolor,Alternative Song 2,20.76799965,21.17333412,656,7406,24000,present,https://rfcx-streams-production.s3.eu-west-1.amazonaws.com/2019/05/16/te1h471bonyj/c99f0790-c8d9-2e25-414e-8bbf8a0ee664.flac?X-Amz-Algorithm=AWS4-HMAC-SHA256&X-Amz-Content-Sha256=UNSIGNED-PAYLOAD&X-Amz-Credential=AKIA45B7YWBX5HAZMGOU%2F20260223%2Feu-west-1%2Fs3%2Faws4_request&X-Amz-Date=20260223T000746Z&X-Amz-Expires=604800&X-Amz-Signature=3993a4230afb6fe6c3ff7e1f772a9e523bc91069d1a444ecdad428ff83b3ff08&X-Amz-SignedHeaders=host&response-content-disposition=attachment%3B%20filename%3Dc99f0790-c8d9-2e25-414e-8bbf8a0ee664.flac&x-id=GetObject,0.248798624,5637
MRam-2019-05-17_05-40.flac,2019 Markham Ravine,2019,5,17,5,40,Agelaius tricolor,Alternative Song 2,58.13333511,58.53866577,656,7406,24000,present,https://rfcx-streams-production.s3.eu-west-1.amazonaws.com/2019/05/16/te1h471bonyj/59bb92b6-f4b7-206d-ad8e-afea39410ca3.flac?X-Amz-Algorithm=AWS4-HMAC-SHA256&X-Amz-Content-Sha256=UNSIGNED-PAYLOAD&X-Amz-Credential=AKIA45B7YWBX5HAZMGOU%2F20260223%2Feu-west-1%2Fs3%2Faws4_request&X-Amz-Date=20260223T000747Z&X-Amz-Expires=604800&X-Amz-Signature=cf77712f63c9420d231db34c30087114d8935484c6a4305f65bf522d99391b42&X-Amz-SignedHeaders=host&response-content-disposition=attachment%3B%20filename%3D59bb92b6-f4b7-206d-ad8e-afea39410ca3.flac&x-id=GetObject,0.227285549,5637
MRam-2019-05-17_06-00.flac,2019 Markham Ravine,2019,5,17,6,0,Agelaius tricolor,Alternative Song 2,3.519999981,3.925333261,656,7406,24000,present,https://rfcx-streams-production.s3.eu-west-1.amazonaws.com/2019/05/16/te1h471bonyj/bb0611e4-cd8c-2ca7-9046-fa1df849bd42.flac?X-Amz-Algorithm=AWS4-HMAC-SHA256&X-Amz-Content-Sha256=UNSIGNED-PAYLOAD&X-Amz-Credential=AKIA45B7YWBX5HAZMGOU%2F20260223%2Feu-west-1%2Fs3%2Faws4_request&X-Amz-Date=20260223T000746Z&X-Amz-Expires=604800&X-Amz-Signature=b4b1452be3ff44bac49afcf0d6ac038ce1a5895ccb0f1289fed0f6fdc92a2b05&X-Amz-SignedHeaders=host&response-content-disposition=attachment%3B%20filename%3Dbb0611e4-cd8c-2ca7-9046-fa1df849bd42.flac&x-id=GetObject,0.245316997,5637
MRam-2019-05-17_06-20.flac,2019 Markham Ravine,2019,5,17,6,20,Agelaius tricolor,Alternative Song 2,53.2480011,53.65333176,656,7406,24000,present,https://rfcx-streams-production.s3.eu-west-1.amazonaws.com/2019/05/16/te1h471bonyj/54b461a5-1730-dfac-c541-2b5ac65a69e8.flac?X-Amz-Algorithm=AWS4-HMAC-SHA256&X-Amz-Content-Sha256=UNSIGNED-PAYLOAD&X-Amz-Credential=AKIA45B7YWBX5HAZMGOU%2F20260223%2Feu-west-1%2Fs3%2Faws4_request&X-Amz-Date=20260223T000747Z&X-Amz-Expires=604800&X-Amz-Signature=34f13d8c5a25eb3865cf069d10c147b986b81c000c32b70033d33d2483b248b6&X-Amz-SignedHeaders=host&response-content-disposition=attachment%3B%20filename%3D54b461a5-1730-dfac-c541-2b5ac65a69e8.flac&x-id=GetObject,0.205694705,5637
MRam-2019-05-17_07-00.flac,2019 Markham Ravine,2019,5,17,7,0,Agelaius tricolor,Alternative Song 2,52.43733215,52.84266663,656,7406,24000,present,https://rfcx-streams-production.s3.eu-west-1.amazonaws.com/2019/05/17/te1h471bonyj/fe73b2cd-f952-f55e-3a42-8618e0c7447e.flac?X-Amz-Algorithm=AWS4-HMAC-SHA256&X-Amz-Content-Sha256=UNSIGNED-PAYLOAD&X-Amz-Credential=AKIA45B7YWBX5HAZMGOU%2F20260223%2Feu-west-1%2Fs3%2Faws4_request&X-Amz-Date=20260223T000746Z&X-Amz-Expires=604800&X-Amz-Signature=2a4d03262e824c295d071c6156aaf81da9ff15e930ef2bab69a8137e9a92ee16&X-Amz-SignedHeaders=host&response-content-disposition=attachment%3B%20filename%3Dfe73b2cd-f952-f55e-3a42-8618e0c7447e.flac&x-id=GetObject,0.246794298,5637
MRam-2019-05-17_07-20.flac,2019 Markham Ravine,2019,5,17,7,20,Agelaius tricolor,Alternative Song 2,21.16799927,21.57333374,656,7406,24000,present,https://rfcx-streams-production.s3.eu-west-1.amazonaws.com/2019/05/17/te1h471bonyj/173d6ed6-3e02-68d1-76ab-8c4c6c4c018f.flac?X-Amz-Algorithm=AWS4-HMAC-SHA256&X-Amz-Content-Sha256=UNSIGNED-PAYLOAD&X-Amz-Credential=AKIA45B7YWBX5HAZMGOU%2F20260223%2Feu-west-1%2Fs3%2Faws4_request&X-Amz-Date=20260223T000747Z&X-Amz-Expires=604800&X-Amz-Signature=7f13634b5327c213fa6d9b8cf739a7d98fe2d102620ca807ea9812cbdd8466cd&X-Amz-SignedHeaders=host&response-content-disposition=attachment%3B%20filename%3D173d6ed6-3e02-68d1-76ab-8c4c6c4c018f.flac&x-id=GetObject,0.329090178,5637
MRam-2019-05-17_07-40.flac,2019 Markham Ravine,2019,5,17,7,40,Agelaius tricolor,Alternative Song 2,33.56800079,33.97333145,656,7406,24000,present,https://rfcx-streams-production.s3.eu-west-1.amazonaws.com/2019/05/17/te1h471bonyj/20b9f71b-127d-8d5f-ae05-15e3afefb8f7.flac?X-Amz-Algorithm=AWS4-HMAC-SHA256&X-Amz-Content-Sha256=UNSIGNED-PAYLOAD&X-Amz-Credential=AKIA45B7YWBX5HAZMGOU%2F20260223%2Feu-west-1%2Fs3%2Faws4_request&X-Amz-Date=20260223T000747Z&X-Amz-Expires=604800&X-Amz-Signature=b2ef3171690aee91da393220859f01734029d9143dc4606cc06bfccb433ccebe&X-Amz-SignedHeaders=host&response-content-disposition=attachment%3B%20filename%3D20b9f71b-127d-8d5f-ae05-15e3afefb8f7.flac&x-id=GetObject,0.226972312,5637
MRam-2019-05-17_08-20.flac,2019 Markham Ravine,2019,5,17,8,20,Agelaius tricolor,Alternative Song 2,17.55200005,17.95733261,656,7406,24000,present,https://rfcx-streams-production.s3.eu-west-1.amazonaws.com/2019/05/17/te1h471bonyj/c852a5a9-236b-eaf6-39f4-0a54da0492ac.flac?X-Amz-Algorithm=AWS4-HMAC-SHA256&X-Amz-Content-Sha256=UNSIGNED-PAYLOAD&X-Amz-Credential=AKIA45B7YWBX5HAZMGOU%2F20260223%2Feu-west-1%2Fs3%2Faws4_request&X-Amz-Date=20260223T000747Z&X-Amz-Expires=604800&X-Amz-Signature=4bc323b61836b7e418a3e6e70149a0626bd4f6fab4142522b44188ab73bc1817&X-Amz-SignedHeaders=host&response-content-disposition=attachment%3B%20filename%3Dc852a5a9-236b-eaf6-39f4-0a54da0492ac.flac&x-id=GetObject,0.268503368,5637
MRam-2019-05-17_08-40.flac,2019 Markham Ravine,2019,5,17,8,40,Agelaius tricolor,Alternative Song 2,13.3920002,13.79733372,656,7406,24000,present,https://rfcx-streams-production.s3.eu-west-1.amazonaws.com/2019/05/17/te1h471bonyj/37c19879-ee6d-74cf-607b-cb35a4e2ecf3.flac?X-Amz-Algorithm=AWS4-HMAC-SHA256&X-Amz-Content-Sha256=UNSIGNED-PAYLOAD&X-Amz-Credential=AKIA45B7YWBX5HAZMGOU%2F20260223%2Feu-west-1%2Fs3%2Faws4_request&X-Amz-Date=20260223T000747Z&X-Amz-Expires=604800&X-Amz-Signature=0fe390b55f9c2334d5e57726c7c82213ea59ec69f4fd154e185c0be3d19f69af&X-Amz-SignedHeaders=host&response-content-disposition=attachment%3B%20filename%3D37c19879-ee6d-74cf-607b-cb35a4e2ecf3.flac&x-id=GetObject,0.222000152,5637
MRam-2019-05-17_09-00.flac,2019 Markham Ravine,2019,5,17,9,0,Agelaius tricolor,Alternative Song 2,14.49600029,14.90133381,656,7406,24000,present,https://rfcx-streams-production.s3.eu-west-1.amazonaws.com/2019/05/17/te1h471bonyj/71362b1d-89c0-ec26-db14-eab001b85e0e.flac?X-Amz-Algorithm=AWS4-HMAC-SHA256&X-Amz-Content-Sha256=UNSIGNED-PAYLOAD&X-Amz-Credential=AKIA45B7YWBX5HAZMGOU%2F20260223%2Feu-west-1%2Fs3%2Faws4_request&X-Amz-Date=20260223T000746Z&X-Amz-Expires=604800&X-Amz-Signature=05c3749b55edadafcdaff7d5955959eeeee5f52e26b9e075a152aa1228e1bfcf&X-Amz-SignedHeaders=host&response-content-disposition=attachment%3B%20filename%3D71362b1d-89c0-ec26-db14-eab001b85e0e.flac&x-id=GetObject,0.278087616,5637
MRam-2019-05-17_09-20.flac,2019 Markham Ravine,2019,5,17,9,20,Agelaius tricolor,Alternative Song 2,16.04266739,16.44799995,656,7406,24000,present,https://rfcx-streams-production.s3.eu-west-1.amazonaws.com/2019/05/17/te1h471bonyj/752d1c2c-e518-3df7-1f39-ae8d64e52425.flac?X-Amz-Algorithm=AWS4-HMAC-SHA256&X-Amz-Content-Sha256=UNSIGNED-PAYLOAD&X-Amz-Credential=AKIA45B7YWBX5HAZMGOU%2F20260223%2Feu-west-1%2Fs3%2Faws4_request&X-Amz-Date=20260223T000747Z&X-Amz-Expires=604800&X-Amz-Signature=c6834d39f945ca8e80ee50454eb816f52ed4d6aceea170049d23f8723ec0a12d&X-Amz-SignedHeaders=host&response-content-disposition=attachment%3B%20filename%3D752d1c2c-e518-3df7-1f39-ae8d64e52425.flac&x-id=GetObject,0.287096769,5637
MRam-2019-05-17_09-40.flac,2019 Markham Ravine,2019,5,17,9,40,Agelaius tricolor,Alternative Song 2,8.746666908,9.152000427,656,7406,24000,present,https://rfcx-streams-production.s3.eu-west-1.amazonaws.com/2019/05/17/te1h471bonyj/5608f1fb-9c83-69c3-ea88-66f6d8bf8467.flac?X-Amz-Algorithm=AWS4-HMAC-SHA256&X-Amz-Content-Sha256=UNSIGNED-PAYLOAD&X-Amz-Credential=AKIA45B7YWBX5HAZMGOU%2F20260223%2Feu-west-1%2Fs3%2Faws4_request&X-Amz-Date=20260223T000747Z&X-Amz-Expires=604800&X-Amz-Signature=5a29df40147fbfac44fb32f2f8e45033b0f1876db39835786cce866e8a529fc5&X-Amz-SignedHeaders=host&response-content-disposition=attachment%3B%20filename%3D5608f1fb-9c83-69c3-ea88-66f6d8bf8467.flac&x-id=GetObject,0.258668393,5637
MRam-2019-05-17_10-00.flac,2019 Markham Ravine,2019,5,17,10,0,Agelaius tricolor,Alternative Song 2,45.95199966,46.35733414,656,7406,24000,present,https://rfcx-streams-production.s3.eu-west-1.amazonaws.com/2019/05/17/te1h471bonyj/805cf331-fa2e-777a-8f4f-c9092d6b6414.flac?X-Amz-Algorithm=AWS4-HMAC-SHA256&X-Amz-Content-Sha256=UNSIGNED-PAYLOAD&X-Amz-Credential=AKIA45B7YWBX5HAZMGOU%2F20260223%2Feu-west-1%2Fs3%2Faws4_request&X-Amz-Date=20260223T000746Z&X-Amz-Expires=604800&X-Amz-Signature=7f3d311fc79979158146e56f86790638d7020e5f0375e5b373012d1dc884ddb3&X-Amz-SignedHeaders=host&response-content-disposition=attachment%3B%20filename%3D805cf331-fa2e-777a-8f4f-c9092d6b6414.flac&x-id=GetObject,0.285897225,5637
MRam-2019-05-17_10-20.flac,2019 Markham Ravine,2019,5,17,10,20,Agelaius tricolor,Alternative Song 2,21.78133392,22.18666649,656,7406,24000,present,https://rfcx-streams-production.s3.eu-west-1.amazonaws.com/2019/05/17/te1h471bonyj/4e339d78-830c-9ff1-af1f-61cc392594dc.flac?X-Amz-Algorithm=AWS4-HMAC-SHA256&X-Amz-Content-Sha256=UNSIGNED-PAYLOAD&X-Amz-Credential=AKIA45B7YWBX5HAZMGOU%2F20260223%2Feu-west-1%2Fs3%2Faws4_request&X-Amz-Date=20260223T000747Z&X-Amz-Expires=604800&X-Amz-Signature=226ee4f57d96eeeb222882004d76753aeb67e4cea28c653d503d0eda1c826265&X-Amz-SignedHeaders=host&response-content-disposition=attachment%3B%20filename%3D4e339d78-830c-9ff1-af1f-61cc392594dc.flac&x-id=GetObject,0.337319314,5637
MRam-2019-05-17_10-40.flac,2019 Markham Ravine,2019,5,17,10,40,Agelaius tricolor,Alternative Song 2,6.794666767,7.199999809,656,7406,24000,present,https://rfcx-streams-production.s3.eu-west-1.amazonaws.com/2019/05/17/te1h471bonyj/62406f93-f467-0fe7-b30f-783bf68565c9.flac?X-Amz-Algorithm=AWS4-HMAC-SHA256&X-Amz-Content-Sha256=UNSIGNED-PAYLOAD&X-Amz-Credential=AKIA45B7YWBX5HAZMGOU%2F20260223%2Feu-west-1%2Fs3%2Faws4_request&X-Amz-Date=20260223T000747Z&X-Amz-Expires=604800&X-Amz-Signature=52dfd122bc328c0ff3687f63ba01fdf3398e87cfed0914a52b756f0a61216897&X-Amz-SignedHeaders=host&response-content-disposition=attachment%3B%20filename%3D62406f93-f467-0fe7-b30f-783bf68565c9.flac&x-id=GetObject,0.271935016,5637
MRam-2019-05-17_11-00.flac,2019 Markham Ravine,2019,5,17,11,0,Agelaius tricolor,Alternative Song 2,24.57066727,24.97599983,656,7406,24000,present,https://rfcx-streams-production.s3.eu-west-1.amazonaws.com/2019/05/17/te1h471bonyj/12524cc6-551b-2a4e-f297-78172af02782.flac?X-Amz-Algorithm=AWS4-HMAC-SHA256&X-Amz-Content-Sha256=UNSIGNED-PAYLOAD&X-Amz-Credential=AKIA45B7YWBX5HAZMGOU%2F20260223%2Feu-west-1%2Fs3%2Faws4_request&X-Amz-Date=20260223T000746Z&X-Amz-Expires=604800&X-Amz-Signature=a70a741cf06b5d14161bde8bb1e037efc0c50d902cd9917eda7a82ef7bfc24eb&X-Amz-SignedHeaders=host&response-content-disposition=attachment%3B%20filename%3D12524cc6-551b-2a4e-f297-78172af02782.flac&x-id=GetObject,0.279804468,5637
MRam-2019-05-17_11-40.flac,2019 Markham Ravine,2019,5,17,11,40,Agelaius tricolor,Alternative Song 2,42.79999924,43.20533371,656,7406,24000,present,https://rfcx-streams-production.s3.eu-west-1.amazonaws.com/2019/05/17/te1h471bonyj/acb6052d-b8f3-f594-a997-6359646f52b0.flac?X-Amz-Algorithm=AWS4-HMAC-SHA256&X-Amz-Content-Sha256=UNSIGNED-PAYLOAD&X-Amz-Credential=AKIA45B7YWBX5HAZMGOU%2F20260223%2Feu-west-1%2Fs3%2Faws4_request&X-Amz-Date=20260223T000747Z&X-Amz-Expires=604800&X-Amz-Signature=49324287b2d837b6d7c0c725997fc7bcc5e9d210cf35c325796ef4938447b855&X-Amz-SignedHeaders=host&response-content-disposition=attachment%3B%20filename%3Dacb6052d-b8f3-f594-a997-6359646f52b0.flac&x-id=GetObject,0.28995651,5637
MRam-2019-05-17_12-00.flac,2019 Markham Ravine,2019,5,17,12,0,Agelaius tricolor,Alternative Song 2,56.49066544,56.89599991,656,7406,24000,present,https://rfcx-streams-production.s3.eu-west-1.amazonaws.com/2019/05/17/te1h471bonyj/02656d19-7c76-2c4c-7481-e320e72b2ec1.flac?X-Amz-Algorithm=AWS4-HMAC-SHA256&X-Amz-Content-Sha256=UNSIGNED-PAYLOAD&X-Amz-Credential=AKIA45B7YWBX5HAZMGOU%2F20260223%2Feu-west-1%2Fs3%2Faws4_request&X-Amz-Date=20260223T000746Z&X-Amz-Expires=604800&X-Amz-Signature=d889eec1ffd6dfa5661f2cef2982592ba905e12266fec3245498c87978883492&X-Amz-SignedHeaders=host&response-content-disposition=attachment%3B%20filename%3D02656d19-7c76-2c4c-7481-e320e72b2ec1.flac&x-id=GetObject,0.296183556,5637
MRam-2019-05-17_12-40.flac,2019 Markham Ravine,2019,5,17,12,40,Agelaius tricolor,Alternative Song 2,57.5359993,57.94133377,656,7406,24000,present,https://rfcx-streams-production.s3.eu-west-1.amazonaws.com/2019/05/17/te1h471bonyj/ea93ac2d-e251-7874-de84-3cedb5ba17f6.flac?X-Amz-Algorithm=AWS4-HMAC-SHA256&X-Amz-Content-Sha256=UNSIGNED-PAYLOAD&X-Amz-Credential=AKIA45B7YWBX5HAZMGOU%2F20260223%2Feu-west-1%2Fs3%2Faws4_request&X-Amz-Date=20260223T000747Z&X-Amz-Expires=604800&X-Amz-Signature=423fa9403d55551a5314c382cd36e60292d6ec0993318d70e0cc3d804b195120&X-Amz-SignedHeaders=host&response-content-disposition=attachment%3B%20filename%3Dea93ac2d-e251-7874-de84-3cedb5ba17f6.flac&x-id=GetObject,0.283011973,5637
MRam-2019-05-17_13-20.flac,2019 Markham Ravine,2019,5,17,13,20,Agelaius tricolor,Alternative Song 2,4.927999973,5.333333492,656,7406,24000,present,https://rfcx-streams-production.s3.eu-west-1.amazonaws.com/2019/05/17/te1h471bonyj/df15ba4c-0793-94e2-b3af-9d732f70c4d6.flac?X-Amz-Algorithm=AWS4-HMAC-SHA256&X-Amz-Content-Sha256=UNSIGNED-PAYLOAD&X-Amz-Credential=AKIA45B7YWBX5HAZMGOU%2F20260223%2Feu-west-1%2Fs3%2Faws4_request&X-Amz-Date=20260223T000747Z&X-Amz-Expires=604800&X-Amz-Signature=3eab72f971c3a7df8cae00d74c95208d03e0934d9563ac0853f348ea32dc9aec&X-Amz-SignedHeaders=host&response-content-disposition=attachment%3B%20filename%3Ddf15ba4c-0793-94e2-b3af-9d732f70c4d6.flac&x-id=GetObject,0.287013113,5637
MRam-2019-05-17_13-40.flac,2019 Markham Ravine,2019,5,17,13,40,Agelaius tricolor,Alternative Song 2,13.65333366,14.05866623,656,7406,24000,present,https://rfcx-streams-production.s3.eu-west-1.amazonaws.com/2019/05/17/te1h471bonyj/34ec3516-8be2-d35c-bfa4-c4d5a464f4f0.flac?X-Amz-Algorithm=AWS4-HMAC-SHA256&X-Amz-Content-Sha256=UNSIGNED-PAYLOAD&X-Amz-Credential=AKIA45B7YWBX5HAZMGOU%2F20260223%2Feu-west-1%2Fs3%2Faws4_request&X-Amz-Date=20260223T000747Z&X-Amz-Expires=604800&X-Amz-Signature=88b5d42c9a37e0a247c168db7a466e8c10c05600cf14b253f506f43836278b81&X-Amz-SignedHeaders=host&response-content-disposition=attachment%3B%20filename%3D34ec3516-8be2-d35c-bfa4-c4d5a464f4f0.flac&x-id=GetObject,0.284451753,5637
MRam-2019-05-17_14-00.flac,2019 Markham Ravine,2019,5,17,14,0,Agelaius tricolor,Alternative Song 2,58.97600174,59.3813324,656,7406,24000,present,https://rfcx-streams-production.s3.eu-west-1.amazonaws.com/2019/05/17/te1h471bonyj/3d92a71f-4609-60ab-3154-722c335e3f27.flac?X-Amz-Algorithm=AWS4-HMAC-SHA256&X-Amz-Content-Sha256=UNSIGNED-PAYLOAD&X-Amz-Credential=AKIA45B7YWBX5HAZMGOU%2F20260223%2Feu-west-1%2Fs3%2Faws4_request&X-Amz-Date=20260223T000746Z&X-Amz-Expires=604800&X-Amz-Signature=83cbe545b5210e5d4de6c932ec3f718a3c422f320374e62d7ae27b6c085e9bc2&X-Amz-SignedHeaders=host&response-content-disposition=attachment%3B%20filename%3D3d92a71f-4609-60ab-3154-722c335e3f27.flac&x-id=GetObject,0.257799983,5637
MRam-2019-05-17_14-20.flac,2019 Markham Ravine,2019,5,17,14,20,Agelaius tricolor,Alternative Song 2,34.57600021,34.98133469,656,7406,24000,present,https://rfcx-streams-production.s3.eu-west-1.amazonaws.com/2019/05/17/te1h471bonyj/87abd48f-38eb-1766-9f77-0e66ecae305b.flac?X-Amz-Algorithm=AWS4-HMAC-SHA256&X-Amz-Content-Sha256=UNSIGNED-PAYLOAD&X-Amz-Credential=AKIA45B7YWBX5HAZMGOU%2F20260223%2Feu-west-1%2Fs3%2Faws4_request&X-Amz-Date=20260223T000747Z&X-Amz-Expires=604800&X-Amz-Signature=66d9f6ca1d48255633002dffe851489a7110f381bf3bfe1c8826476720688801&X-Amz-SignedHeaders=host&response-content-disposition=attachment%3B%20filename%3D87abd48f-38eb-1766-9f77-0e66ecae305b.flac&x-id=GetObject,0.26698029,5637
MRam-2019-05-17_14-40.flac,2019 Markham Ravine,2019,5,17,14,40,Agelaius tricolor,Alternative Song 2,42.99200058,43.39733505,656,7406,24000,present,https://rfcx-streams-production.s3.eu-west-1.amazonaws.com/2019/05/17/te1h471bonyj/e0509bf5-5e16-b955-3e6b-a31dd06630a6.flac?X-Amz-Algorithm=AWS4-HMAC-SHA256&X-Amz-Content-Sha256=UNSIGNED-PAYLOAD&X-Amz-Credential=AKIA45B7YWBX5HAZMGOU%2F20260223%2Feu-west-1%2Fs3%2Faws4_request&X-Amz-Date=20260223T000747Z&X-Amz-Expires=604800&X-Amz-Signature=43329ee216ef42729fcfcea5ae93c7d568912f1ea328b5ac1fd3b186de196a2b&X-Amz-SignedHeaders=host&response-content-disposition=attachment%3B%20filename%3De0509bf5-5e16-b955-3e6b-a31dd06630a6.flac&x-id=GetObject,0.246212393,5637
MRam-2019-05-17_15-20.flac,2019 Markham Ravine,2019,5,17,15,20,Agelaius tricolor,Alternative Song 2,38.45333481,38.85866547,656,7406,24000,present,https://rfcx-streams-production.s3.eu-west-1.amazonaws.com/2019/05/17/te1h471bonyj/933e770d-00dd-54c9-75ba-20c47759b4ee.flac?X-Amz-Algorithm=AWS4-HMAC-SHA256&X-Amz-Content-Sha256=UNSIGNED-PAYLOAD&X-Amz-Credential=AKIA45B7YWBX5HAZMGOU%2F20260223%2Feu-west-1%2Fs3%2Faws4_request&X-Amz-Date=20260223T000747Z&X-Amz-Expires=604800&X-Amz-Signature=2fdd323cb9698fe96a8ba6eeb136c380b1a9ee5433c21b451bbff2606c977d35&X-Amz-SignedHeaders=host&response-content-disposition=attachment%3B%20filename%3D933e770d-00dd-54c9-75ba-20c47759b4ee.flac&x-id=GetObject,0.274435818,5637
MRam-2019-05-17_15-40.flac,2019 Markham Ravine,2019,5,17,15,40,Agelaius tricolor,Alternative Song 2,46.56000137,46.96533203,656,7406,24000,present,https://rfcx-streams-production.s3.eu-west-1.amazonaws.com/2019/05/17/te1h471bonyj/9aa8d47f-b8d2-450f-e688-dfc7dee25369.flac?X-Amz-Algorithm=AWS4-HMAC-SHA256&X-Amz-Content-Sha256=UNSIGNED-PAYLOAD&X-Amz-Credential=AKIA45B7YWBX5HAZMGOU%2F20260223%2Feu-west-1%2Fs3%2Faws4_request&X-Amz-Date=20260223T000747Z&X-Amz-Expires=604800&X-Amz-Signature=42a32aef6ac75bbd2f6a6d64f9c357f3855d2ea852bf8eef5a50fab50f8f5cb0&X-Amz-SignedHeaders=host&response-content-disposition=attachment%3B%20filename%3D9aa8d47f-b8d2-450f-e688-dfc7dee25369.flac&x-id=GetObject,0.223790184,5637
MRam-2019-05-17_16-00.flac,2019 Markham Ravine,2019,5,17,16,0,Agelaius tricolor,Alternative Song 2,6.586666584,6.992000103,656,7406,24000,present,https://rfcx-streams-production.s3.eu-west-1.amazonaws.com/2019/05/17/te1h471bonyj/7c4d54c0-ebe5-81c9-0fba-20c6c2b33534.flac?X-Amz-Algorithm=AWS4-HMAC-SHA256&X-Amz-Content-Sha256=UNSIGNED-PAYLOAD&X-Amz-Credential=AKIA45B7YWBX5HAZMGOU%2F20260223%2Feu-west-1%2Fs3%2Faws4_request&X-Amz-Date=20260223T000746Z&X-Amz-Expires=604800&X-Amz-Signature=167cf7519e0821ffc51016bf13c9b8fdf9a2d1fac4bdbf500b5c665339ff7db8&X-Amz-SignedHeaders=host&response-content-disposition=attachment%3B%20filename%3D7c4d54c0-ebe5-81c9-0fba-20c6c2b33534.flac&x-id=GetObject,0.291717261,5637
MRam-2019-05-17_16-20.flac,2019 Markham Ravine,2019,5,17,16,20,Agelaius tricolor,Alternative Song 2,6.805333138,7.210666656,656,7406,24000,present,https://rfcx-streams-production.s3.eu-west-1.amazonaws.com/2019/05/17/te1h471bonyj/b130bb8d-e5ad-67f8-2a5f-365fe13b59af.flac?X-Amz-Algorithm=AWS4-HMAC-SHA256&X-Amz-Content-Sha256=UNSIGNED-PAYLOAD&X-Amz-Credential=AKIA45B7YWBX5HAZMGOU%2F20260223%2Feu-west-1%2Fs3%2Faws4_request&X-Amz-Date=20260223T000747Z&X-Amz-Expires=604800&X-Amz-Signature=89fad02ad8edba684ac09e110dc927bae9aabe243319bc910bf8b561927e85b1&X-Amz-SignedHeaders=host&response-content-disposition=attachment%3B%20filename%3Db130bb8d-e5ad-67f8-2a5f-365fe13b59af.flac&x-id=GetObject,0.282304347,5637
MRam-2019-05-17_16-40.flac,2019 Markham Ravine,2019,5,17,16,40,Agelaius tricolor,Alternative Song 2,44.86933517,45.27466583,656,7406,24000,present,https://rfcx-streams-production.s3.eu-west-1.amazonaws.com/2019/05/17/te1h471bonyj/0ace7d9e-8dce-59e6-4ea6-c3eba1b2af76.flac?X-Amz-Algorithm=AWS4-HMAC-SHA256&X-Amz-Content-Sha256=UNSIGNED-PAYLOAD&X-Amz-Credential=AKIA45B7YWBX5HAZMGOU%2F20260223%2Feu-west-1%2Fs3%2Faws4_request&X-Amz-Date=20260223T000747Z&X-Amz-Expires=604800&X-Amz-Signature=f31152c728756a6ab9b4ce2282ebfc70ff316c99bf4a4febbe9f25244f0307a2&X-Amz-SignedHeaders=host&response-content-disposition=attachment%3B%20filename%3D0ace7d9e-8dce-59e6-4ea6-c3eba1b2af76.flac&x-id=GetObject,0.270289749,5637
MRam-2019-05-17_17-00.flac,2019 Markham Ravine,2019,5,17,17,0,Agelaius tricolor,Alternative Song 2,22.4746666,22.87999916,656,7406,24000,present,https://rfcx-streams-production.s3.eu-west-1.amazonaws.com/2019/05/17/te1h471bonyj/8c08a1b9-7563-00cf-23b0-84c31090350f.flac?X-Amz-Algorithm=AWS4-HMAC-SHA256&X-Amz-Content-Sha256=UNSIGNED-PAYLOAD&X-Amz-Credential=AKIA45B7YWBX5HAZMGOU%2F20260223%2Feu-west-1%2Fs3%2Faws4_request&X-Amz-Date=20260223T000746Z&X-Amz-Expires=604800&X-Amz-Signature=45dbf85e8cce240996751dc740828efbcece094bcc65d119b8c4bc197ac3da5a&X-Amz-SignedHeaders=host&response-content-disposition=attachment%3B%20filename%3D8c08a1b9-7563-00cf-23b0-84c31090350f.flac&x-id=GetObject,0.270576239,5637
MRam-2019-05-17_17-20.flac,2019 Markham Ravine,2019,5,17,17,20,Agelaius tricolor,Alternative Song 2,17.17866707,17.58399963,656,7406,24000,present,https://rfcx-streams-production.s3.eu-west-1.amazonaws.com/2019/05/17/te1h471bonyj/36fbc8b1-4dff-03c2-6294-33127d449a08.flac?X-Amz-Algorithm=AWS4-HMAC-SHA256&X-Amz-Content-Sha256=UNSIGNED-PAYLOAD&X-Amz-Credential=AKIA45B7YWBX5HAZMGOU%2F20260223%2Feu-west-1%2Fs3%2Faws4_request&X-Amz-Date=20260223T000747Z&X-Amz-Expires=604800&X-Amz-Signature=11b080dbb9c5837e16e4e82481da4a130d7ee602325ac795e375f7b49b5fdde1&X-Amz-SignedHeaders=host&response-content-disposition=attachment%3B%20filename%3D36fbc8b1-4dff-03c2-6294-33127d449a08.flac&x-id=GetObject,0.221102118,5637
MRam-2019-05-17_17-40.flac,2019 Markham Ravine,2019,5,17,17,40,Agelaius tricolor,Alternative Song 2,53.63733292,54.04266739,656,7406,24000,present,https://rfcx-streams-production.s3.eu-west-1.amazonaws.com/2019/05/17/te1h471bonyj/f36c805d-1c6c-ef6e-d8d7-c1d200cb993b.flac?X-Amz-Algorithm=AWS4-HMAC-SHA256&X-Amz-Content-Sha256=UNSIGNED-PAYLOAD&X-Amz-Credential=AKIA45B7YWBX5HAZMGOU%2F20260223%2Feu-west-1%2Fs3%2Faws4_request&X-Amz-Date=20260223T000747Z&X-Amz-Expires=604800&X-Amz-Signature=9c6e75369a47bfa00a5a75338c08acd456724b3c761339123dab8d8deda81e01&X-Amz-SignedHeaders=host&response-content-disposition=attachment%3B%20filename%3Df36c805d-1c6c-ef6e-d8d7-c1d200cb993b.flac&x-id=GetObject,0.293416411,5637
MRam-2019-05-17_18-00.flac,2019 Markham Ravine,2019,5,17,18,0,Agelaius tricolor,Alternative Song 2,14.88000011,15.28533363,656,7406,24000,present,https://rfcx-streams-production.s3.eu-west-1.amazonaws.com/2019/05/17/te1h471bonyj/d3bc3fcc-775f-2f74-e691-11e919af97d5.flac?X-Amz-Algorithm=AWS4-HMAC-SHA256&X-Amz-Content-Sha256=UNSIGNED-PAYLOAD&X-Amz-Credential=AKIA45B7YWBX5HAZMGOU%2F20260223%2Feu-west-1%2Fs3%2Faws4_request&X-Amz-Date=20260223T000746Z&X-Amz-Expires=604800&X-Amz-Signature=38dedf3197a90b23898370711def00dae0b5ada2c58c6e06e122f9a2bbd54ebf&X-Amz-SignedHeaders=host&response-content-disposition=attachment%3B%20filename%3Dd3bc3fcc-775f-2f74-e691-11e919af97d5.flac&x-id=GetObject,0.238265812,5637
MRam-2019-05-17_18-20.flac,2019 Markham Ravine,2019,5,17,18,20,Agelaius tricolor,Alternative Song 2,46.50666809,46.91199875,656,7406,24000,present,https://rfcx-streams-production.s3.eu-west-1.amazonaws.com/2019/05/17/te1h471bonyj/7e922e14-6ea8-4b17-e011-aa10b88581cb.flac?X-Amz-Algorithm=AWS4-HMAC-SHA256&X-Amz-Content-Sha256=UNSIGNED-PAYLOAD&X-Amz-Credential=AKIA45B7YWBX5HAZMGOU%2F20260223%2Feu-west-1%2Fs3%2Faws4_request&X-Amz-Date=20260223T000747Z&X-Amz-Expires=604800&X-Amz-Signature=31d5c75e5d157d6a2e0325208a1132b052cdceff58b80a335a5bd84f98bbb430&X-Amz-SignedHeaders=host&response-content-disposition=attachment%3B%20filename%3D7e922e14-6ea8-4b17-e011-aa10b88581cb.flac&x-id=GetObject,0.278505296,5637
MRam-2019-05-17_18-40.flac,2019 Markham Ravine,2019,5,17,18,40,Agelaius tricolor,Alternative Song 2,31.71199989,32.11733246,656,7406,24000,present,https://rfcx-streams-production.s3.eu-west-1.amazonaws.com/2019/05/17/te1h471bonyj/13fe36ac-c5cf-7721-7409-9a0226e47255.flac?X-Amz-Algorithm=AWS4-HMAC-SHA256&X-Amz-Content-Sha256=UNSIGNED-PAYLOAD&X-Amz-Credential=AKIA45B7YWBX5HAZMGOU%2F20260223%2Feu-west-1%2Fs3%2Faws4_request&X-Amz-Date=20260223T000747Z&X-Amz-Expires=604800&X-Amz-Signature=1c834059e7cbb764c28dfaf942d1ce627a55de5854859962d26fce2e346bb091&X-Amz-SignedHeaders=host&response-content-disposition=attachment%3B%20filename%3D13fe36ac-c5cf-7721-7409-9a0226e47255.flac&x-id=GetObject,0.273169488,5637
MRam-2019-05-17_19-00.flac,2019 Markham Ravine,2019,5,17,19,0,Agelaius tricolor,Alternative Song 2,32.65599823,33.0613327,656,7406,24000,present,https://rfcx-streams-production.s3.eu-west-1.amazonaws.com/2019/05/17/te1h471bonyj/68b116bd-07e3-651b-0482-76a037e21a41.flac?X-Amz-Algorithm=AWS4-HMAC-SHA256&X-Amz-Content-Sha256=UNSIGNED-PAYLOAD&X-Amz-Credential=AKIA45B7YWBX5HAZMGOU%2F20260223%2Feu-west-1%2Fs3%2Faws4_request&X-Amz-Date=20260223T000746Z&X-Amz-Expires=604800&X-Amz-Signature=132753a663e8aa128aec17bbb7cda924e0981f93f7dad4ed17450841d12368b1&X-Amz-SignedHeaders=host&response-content-disposition=attachment%3B%20filename%3D68b116bd-07e3-651b-0482-76a037e21a41.flac&x-id=GetObject,0.25052014,5637
MRam-2019-05-17_19-20.flac,2019 Markham Ravine,2019,5,17,19,20,Agelaius tricolor,Alternative Song 2,34.86399841,35.26933289,656,7406,24000,present,https://rfcx-streams-production.s3.eu-west-1.amazonaws.com/2019/05/17/te1h471bonyj/d0c9c1ad-27fe-4c34-1bc3-9b679dae79c3.flac?X-Amz-Algorithm=AWS4-HMAC-SHA256&X-Amz-Content-Sha256=UNSIGNED-PAYLOAD&X-Amz-Credential=AKIA45B7YWBX5HAZMGOU%2F20260223%2Feu-west-1%2Fs3%2Faws4_request&X-Amz-Date=20260223T000747Z&X-Amz-Expires=604800&X-Amz-Signature=a3c19f29b8648745a9ed182c7e4018b3c6ca7387834f7bee352c812113a277ad&X-Amz-SignedHeaders=host&response-content-disposition=attachment%3B%20filename%3Dd0c9c1ad-27fe-4c34-1bc3-9b679dae79c3.flac&x-id=GetObject,0.239940345,5637
MRam-2019-05-17_19-40.flac,2019 Markham Ravine,2019,5,17,19,40,Agelaius tricolor,Alternative Song 2,53.96266556,54.36800003,656,7406,24000,present,https://rfcx-streams-production.s3.eu-west-1.amazonaws.com/2019/05/17/te1h471bonyj/45f1816b-4d60-127d-72e7-e0d53ba9d5ab.flac?X-Amz-Algorithm=AWS4-HMAC-SHA256&X-Amz-Content-Sha256=UNSIGNED-PAYLOAD&X-Amz-Credential=AKIA45B7YWBX5HAZMGOU%2F20260223%2Feu-west-1%2Fs3%2Faws4_request&X-Amz-Date=20260223T000747Z&X-Amz-Expires=604800&X-Amz-Signature=be9048eb4f1e1404811c2fd5e2e6a474742e1cc191d243190f97755b46ec4f8a&X-Amz-SignedHeaders=host&response-content-disposition=attachment%3B%20filename%3D45f1816b-4d60-127d-72e7-e0d53ba9d5ab.flac&x-id=GetObject,0.290500969,5637
MRam-2019-05-17_20-00.flac,2019 Markham Ravine,2019,5,17,20,0,Agelaius tricolor,Alternative Song 2,56.67200089,57.07733154,656,7406,24000,present,https://rfcx-streams-production.s3.eu-west-1.amazonaws.com/2019/05/17/te1h471bonyj/56b7b13e-50e7-b76f-41c5-56df723cb55f.flac?X-Amz-Algorithm=AWS4-HMAC-SHA256&X-Amz-Content-Sha256=UNSIGNED-PAYLOAD&X-Amz-Credential=AKIA45B7YWBX5HAZMGOU%2F20260223%2Feu-west-1%2Fs3%2Faws4_request&X-Amz-Date=20260223T000746Z&X-Amz-Expires=604800&X-Amz-Signature=0eaf1810cf4ace45523e4ec458b26dc00797200936a8233ccd6f81041bac4d78&X-Amz-SignedHeaders=host&response-content-disposition=attachment%3B%20filename%3D56b7b13e-50e7-b76f-41c5-56df723cb55f.flac&x-id=GetObject,0.296188325,5637
MRam-2019-05-18_06-00.flac,2019 Markham Ravine,2019,5,18,6,0,Agelaius tricolor,Alternative Song 2,7.765333176,8.170666695,656,7406,24000,present,https://rfcx-streams-production.s3.eu-west-1.amazonaws.com/2019/05/17/te1h471bonyj/867aa374-ecb6-6361-888b-8dcbc3fe8488.flac?X-Amz-Algorithm=AWS4-HMAC-SHA256&X-Amz-Content-Sha256=UNSIGNED-PAYLOAD&X-Amz-Credential=AKIA45B7YWBX5HAZMGOU%2F20260223%2Feu-west-1%2Fs3%2Faws4_request&X-Amz-Date=20260223T000746Z&X-Amz-Expires=604800&X-Amz-Signature=0c3e3b77c70e7cfec30358affea2ec302197dd7300787646bb8a4ce0c3ad1ff7&X-Amz-SignedHeaders=host&response-content-disposition=attachment%3B%20filename%3D867aa374-ecb6-6361-888b-8dcbc3fe8488.flac&x-id=GetObject,0.259012192,5637
MRam-2019-05-18_06-20.flac,2019 Markham Ravine,2019,5,18,6,20,Agelaius tricolor,Alternative Song 2,51.50933456,51.91466522,656,7406,24000,present,https://rfcx-streams-production.s3.eu-west-1.amazonaws.com/2019/05/17/te1h471bonyj/75ec7f5d-b727-5ef1-19ea-9d8bf724a2de.flac?X-Amz-Algorithm=AWS4-HMAC-SHA256&X-Amz-Content-Sha256=UNSIGNED-PAYLOAD&X-Amz-Credential=AKIA45B7YWBX5HAZMGOU%2F20260223%2Feu-west-1%2Fs3%2Faws4_request&X-Amz-Date=20260223T000747Z&X-Amz-Expires=604800&X-Amz-Signature=7fdf92e73bf784657ffc3c5f785f4e96a7b91a6876302b78573aa34043c0fe84&X-Amz-SignedHeaders=host&response-content-disposition=attachment%3B%20filename%3D75ec7f5d-b727-5ef1-19ea-9d8bf724a2de.flac&x-id=GetObject,0.261089534,5637
MRam-2019-05-18_06-40.flac,2019 Markham Ravine,2019,5,18,6,40,Agelaius tricolor,Alternative Song 2,59.22133255,59.62666702,656,7406,24000,present,https://rfcx-streams-production.s3.eu-west-1.amazonaws.com/2019/05/17/te1h471bonyj/b4a22d61-8142-f567-6b1f-d73f0d3cbc10.flac?X-Amz-Algorithm=AWS4-HMAC-SHA256&X-Amz-Content-Sha256=UNSIGNED-PAYLOAD&X-Amz-Credential=AKIA45B7YWBX5HAZMGOU%2F20260223%2Feu-west-1%2Fs3%2Faws4_request&X-Amz-Date=20260223T000747Z&X-Amz-Expires=604800&X-Amz-Signature=85feca5bed3696562d6ccc864274341be5edb8c4ff30f49991203abeb04a245c&X-Amz-SignedHeaders=host&response-content-disposition=attachment%3B%20filename%3Db4a22d61-8142-f567-6b1f-d73f0d3cbc10.flac&x-id=GetObject,0.271173596,5637
MRam-2019-05-18_07-00.flac,2019 Markham Ravine,2019,5,18,7,0,Agelaius tricolor,Alternative Song 2,34.10666656,34.51200104,656,7406,24000,present,https://rfcx-streams-production.s3.eu-west-1.amazonaws.com/2019/05/18/te1h471bonyj/c4bf864b-94df-88e4-cb24-3e077aca6e98.flac?X-Amz-Algorithm=AWS4-HMAC-SHA256&X-Amz-Content-Sha256=UNSIGNED-PAYLOAD&X-Amz-Credential=AKIA45B7YWBX5HAZMGOU%2F20260223%2Feu-west-1%2Fs3%2Faws4_request&X-Amz-Date=20260223T000746Z&X-Amz-Expires=604800&X-Amz-Signature=c9d78bef41f45d09ec3855649efae2fb89e4b68a6e3fd40f8cd2c14772535b19&X-Amz-SignedHeaders=host&response-content-disposition=attachment%3B%20filename%3Dc4bf864b-94df-88e4-cb24-3e077aca6e98.flac&x-id=GetObject,0.204820573,5637
MRam-2019-05-18_07-20.flac,2019 Markham Ravine,2019,5,18,7,20,Agelaius tricolor,Alternative Song 2,21.97866631,22.38400078,656,7406,24000,present,https://rfcx-streams-production.s3.eu-west-1.amazonaws.com/2019/05/18/te1h471bonyj/3b895d11-0ed2-d491-5a73-2938eee34b8d.flac?X-Amz-Algorithm=AWS4-HMAC-SHA256&X-Amz-Content-Sha256=UNSIGNED-PAYLOAD&X-Amz-Credential=AKIA45B7YWBX5HAZMGOU%2F20260223%2Feu-west-1%2Fs3%2Faws4_request&X-Amz-Date=20260223T000747Z&X-Amz-Expires=604800&X-Amz-Signature=3e7f530ca1658a7afc07ba5b7efa392a69ec70c45b4fb47d6857eaa522e00228&X-Amz-SignedHeaders=host&response-content-disposition=attachment%3B%20filename%3D3b895d11-0ed2-d491-5a73-2938eee34b8d.flac&x-id=GetObject,0.241938666,5637
MRam-2019-05-18_07-40.flac,2019 Markham Ravine,2019,5,18,7,40,Agelaius tricolor,Alternative Song 2,9.776000023,10.18133354,656,7406,24000,present,https://rfcx-streams-production.s3.eu-west-1.amazonaws.com/2019/05/18/te1h471bonyj/4db569e1-63a1-6d47-4988-e0ebb7ed46a1.flac?X-Amz-Algorithm=AWS4-HMAC-SHA256&X-Amz-Content-Sha256=UNSIGNED-PAYLOAD&X-Amz-Credential=AKIA45B7YWBX5HAZMGOU%2F20260223%2Feu-west-1%2Fs3%2Faws4_request&X-Amz-Date=20260223T000747Z&X-Amz-Expires=604800&X-Amz-Signature=398b935a76eb63121cc6461f07932d37c9e79c78b049ef997f034aea1daf3496&X-Amz-SignedHeaders=host&response-content-disposition=attachment%3B%20filename%3D4db569e1-63a1-6d47-4988-e0ebb7ed46a1.flac&x-id=GetObject,0.2512784,5637
MRam-2019-05-18_08-40.flac,2019 Markham Ravine,2019,5,18,8,40,Agelaius tricolor,Alternative Song 2,6.810666561,7.21600008,656,7406,24000,present,https://rfcx-streams-production.s3.eu-west-1.amazonaws.com/2019/05/18/te1h471bonyj/a442e910-9b07-0546-3388-2a665d1d0710.flac?X-Amz-Algorithm=AWS4-HMAC-SHA256&X-Amz-Content-Sha256=UNSIGNED-PAYLOAD&X-Amz-Credential=AKIA45B7YWBX5HAZMGOU%2F20260223%2Feu-west-1%2Fs3%2Faws4_request&X-Amz-Date=20260223T000747Z&X-Amz-Expires=604800&X-Amz-Signature=9c79365657282b2d6c9e2b0fc83c82e7603cde8acac99cc932b25c86aa0b3905&X-Amz-SignedHeaders=host&response-content-disposition=attachment%3B%20filename%3Da442e910-9b07-0546-3388-2a665d1d0710.flac&x-id=GetObject,0.347161829,5637
MRam-2019-05-18_09-00.flac,2019 Markham Ravine,2019,5,18,9,0,Agelaius tricolor,Alternative Song 2,10.89066696,11.29599953,656,7406,24000,present,https://rfcx-streams-production.s3.eu-west-1.amazonaws.com/2019/05/18/te1h471bonyj/6566c3c2-ced0-e204-4928-dc863c09eb5b.flac?X-Amz-Algorithm=AWS4-HMAC-SHA256&X-Amz-Content-Sha256=UNSIGNED-PAYLOAD&X-Amz-Credential=AKIA45B7YWBX5HAZMGOU%2F20260223%2Feu-west-1%2Fs3%2Faws4_request&X-Amz-Date=20260223T000746Z&X-Amz-Expires=604800&X-Amz-Signature=b69c0596efefc062ff47da438f665eeaa9f455fc76cd9d727a42130a3fb566e7&X-Amz-SignedHeaders=host&response-content-disposition=attachment%3B%20filename%3D6566c3c2-ced0-e204-4928-dc863c09eb5b.flac&x-id=GetObject,0.278461993,5637
MRam-2019-05-18_10-20.flac,2019 Markham Ravine,2019,5,18,10,20,Agelaius tricolor,Alternative Song 2,57.07733154,57.48266602,656,7406,24000,present,https://rfcx-streams-production.s3.eu-west-1.amazonaws.com/2019/05/18/te1h471bonyj/bb896ef4-de91-2134-8838-41ab40bfb25a.flac?X-Amz-Algorithm=AWS4-HMAC-SHA256&X-Amz-Content-Sha256=UNSIGNED-PAYLOAD&X-Amz-Credential=AKIA45B7YWBX5HAZMGOU%2F20260223%2Feu-west-1%2Fs3%2Faws4_request&X-Amz-Date=20260223T000747Z&X-Amz-Expires=604800&X-Amz-Signature=7730b2c819212b80d426d91d4a1933cd30546873e7a7dfa45c885044048bb2ee&X-Amz-SignedHeaders=host&response-content-disposition=attachment%3B%20filename%3Dbb896ef4-de91-2134-8838-41ab40bfb25a.flac&x-id=GetObject,0.307451338,5637
MRam-2019-05-18_10-40.flac,2019 Markham Ravine,2019,5,18,10,40,Agelaius tricolor,Alternative Song 2,54.7840004,55.18933487,656,7406,24000,present,https://rfcx-streams-production.s3.eu-west-1.amazonaws.com/2019/05/18/te1h471bonyj/1fdc14c4-ad05-d8f7-945a-42cfff6e3759.flac?X-Amz-Algorithm=AWS4-HMAC-SHA256&X-Amz-Content-Sha256=UNSIGNED-PAYLOAD&X-Amz-Credential=AKIA45B7YWBX5HAZMGOU%2F20260223%2Feu-west-1%2Fs3%2Faws4_request&X-Amz-Date=20260223T000747Z&X-Amz-Expires=604800&X-Amz-Signature=c846a4be70a580d154b05ee6c12a2e49cad18c592725b424bb279d2a2dd3dcb4&X-Amz-SignedHeaders=host&response-content-disposition=attachment%3B%20filename%3D1fdc14c4-ad05-d8f7-945a-42cfff6e3759.flac&x-id=GetObject,0.233443275,5637
MRam-2019-05-18_11-00.flac,2019 Markham Ravine,2019,5,18,11,0,Agelaius tricolor,Alternative Song 2,45.54666519,45.95199966,656,7406,24000,present,https://rfcx-streams-production.s3.eu-west-1.amazonaws.com/2019/05/18/te1h471bonyj/4c0d2127-cb7b-f348-68d3-19bbc4fa3514.flac?X-Amz-Algorithm=AWS4-HMAC-SHA256&X-Amz-Content-Sha256=UNSIGNED-PAYLOAD&X-Amz-Credential=AKIA45B7YWBX5HAZMGOU%2F20260223%2Feu-west-1%2Fs3%2Faws4_request&X-Amz-Date=20260223T000746Z&X-Amz-Expires=604800&X-Amz-Signature=00939986240a7b43c7f7cda25c94c4ba81da5f3eac431b26535ff4176d8fd6d0&X-Amz-SignedHeaders=host&response-content-disposition=attachment%3B%20filename%3D4c0d2127-cb7b-f348-68d3-19bbc4fa3514.flac&x-id=GetObject,0.326585382,5637
MRam-2019-05-18_11-20.flac,2019 Markham Ravine,2019,5,18,11,20,Agelaius tricolor,Alternative Song 2,54.47999954,54.88533401,656,7406,24000,present,https://rfcx-streams-production.s3.eu-west-1.amazonaws.com/2019/05/18/te1h471bonyj/3455236b-c901-6016-8113-12a06a58124c.flac?X-Amz-Algorithm=AWS4-HMAC-SHA256&X-Amz-Content-Sha256=UNSIGNED-PAYLOAD&X-Amz-Credential=AKIA45B7YWBX5HAZMGOU%2F20260223%2Feu-west-1%2Fs3%2Faws4_request&X-Amz-Date=20260223T000747Z&X-Amz-Expires=604800&X-Amz-Signature=f2d8ac1a79a605d890f6544de0fc2b9e7cbccd91ced6bdf20bcc6c3f0bbe87fc&X-Amz-SignedHeaders=host&response-content-disposition=attachment%3B%20filename%3D3455236b-c901-6016-8113-12a06a58124c.flac&x-id=GetObject,0.238978326,5637
MRam-2019-05-18_12-00.flac,2019 Markham Ravine,2019,5,18,12,0,Agelaius tricolor,Alternative Song 2,58.2879982,58.69333267,656,7406,24000,present,https://rfcx-streams-production.s3.eu-west-1.amazonaws.com/2019/05/18/te1h471bonyj/cafae5dc-f4f3-3e26-73cd-689bddaa265a.flac?X-Amz-Algorithm=AWS4-HMAC-SHA256&X-Amz-Content-Sha256=UNSIGNED-PAYLOAD&X-Amz-Credential=AKIA45B7YWBX5HAZMGOU%2F20260223%2Feu-west-1%2Fs3%2Faws4_request&X-Amz-Date=20260223T000746Z&X-Amz-Expires=604800&X-Amz-Signature=214fce985388d903bd8c14a1d097928754e8be654152cd18d9e0fe91651bc7cd&X-Amz-SignedHeaders=host&response-content-disposition=attachment%3B%20filename%3Dcafae5dc-f4f3-3e26-73cd-689bddaa265a.flac&x-id=GetObject,0.232999071,5637
MRam-2019-05-18_12-20.flac,2019 Markham Ravine,2019,5,18,12,20,Agelaius tricolor,Alternative Song 2,33.48266602,33.88800049,656,7406,24000,present,https://rfcx-streams-production.s3.eu-west-1.amazonaws.com/2019/05/18/te1h471bonyj/7efa22da-b8b3-d680-e539-1f589800a090.flac?X-Amz-Algorithm=AWS4-HMAC-SHA256&X-Amz-Content-Sha256=UNSIGNED-PAYLOAD&X-Amz-Credential=AKIA45B7YWBX5HAZMGOU%2F20260223%2Feu-west-1%2Fs3%2Faws4_request&X-Amz-Date=20260223T000747Z&X-Amz-Expires=604800&X-Amz-Signature=61a2540522a4b88110b6bb13d105a7a2d97e4a7c45edfec33f56833fdc1660e6&X-Amz-SignedHeaders=host&response-content-disposition=attachment%3B%20filename%3D7efa22da-b8b3-d680-e539-1f589800a090.flac&x-id=GetObject,0.294083625,5637
MRam-2019-05-18_13-00.flac,2019 Markham Ravine,2019,5,18,13,0,Agelaius tricolor,Alternative Song 2,41.41333389,41.81866837,656,7406,24000,present,https://rfcx-streams-production.s3.eu-west-1.amazonaws.com/2019/05/18/te1h471bonyj/45846524-32ad-85ae-3b18-f8ba90fb05bb.flac?X-Amz-Algorithm=AWS4-HMAC-SHA256&X-Amz-Content-Sha256=UNSIGNED-PAYLOAD&X-Amz-Credential=AKIA45B7YWBX5HAZMGOU%2F20260223%2Feu-west-1%2Fs3%2Faws4_request&X-Amz-Date=20260223T000746Z&X-Amz-Expires=604800&X-Amz-Signature=860c56109b33dc02aeb3890925df054d748d3af7ce645565ea3cad5ffddc990d&X-Amz-SignedHeaders=host&response-content-disposition=attachment%3B%20filename%3D45846524-32ad-85ae-3b18-f8ba90fb05bb.flac&x-id=GetObject,0.330792874,5637
MRam-2019-05-18_16-00.flac,2019 Markham Ravine,2019,5,18,16,0,Agelaius tricolor,Alternative Song 2,8.965332985,9.370666504,656,7406,24000,present,https://rfcx-streams-production.s3.eu-west-1.amazonaws.com/2019/05/18/te1h471bonyj/6dc71321-eee5-272b-813e-b3a8389aabd8.flac?X-Amz-Algorithm=AWS4-HMAC-SHA256&X-Amz-Content-Sha256=UNSIGNED-PAYLOAD&X-Amz-Credential=AKIA45B7YWBX5HAZMGOU%2F20260223%2Feu-west-1%2Fs3%2Faws4_request&X-Amz-Date=20260223T000746Z&X-Amz-Expires=604800&X-Amz-Signature=f965b329d486afbe51264d6e9af79f0fa64f9bfe3c89a28573736db78ad920db&X-Amz-SignedHeaders=host&response-content-disposition=attachment%3B%20filename%3D6dc71321-eee5-272b-813e-b3a8389aabd8.flac&x-id=GetObject,0.228082359,5637
MRam-2019-05-18_17-00.flac,2019 Markham Ravine,2019,5,18,17,0,Agelaius tricolor,Alternative Song 2,36.25600052,36.66133499,656,7406,24000,present,https://rfcx-streams-production.s3.eu-west-1.amazonaws.com/2019/05/18/te1h471bonyj/078677e6-0d54-ce72-1ad6-24c7635b9942.flac?X-Amz-Algorithm=AWS4-HMAC-SHA256&X-Amz-Content-Sha256=UNSIGNED-PAYLOAD&X-Amz-Credential=AKIA45B7YWBX5HAZMGOU%2F20260223%2Feu-west-1%2Fs3%2Faws4_request&X-Amz-Date=20260223T000746Z&X-Amz-Expires=604800&X-Amz-Signature=de76276bef3e9717353ab64dc1dc3f1aafa693861b65a30475d1d24de7f8f3d6&X-Amz-SignedHeaders=host&response-content-disposition=attachment%3B%20filename%3D078677e6-0d54-ce72-1ad6-24c7635b9942.flac&x-id=GetObject,0.271411717,5637
MRam-2019-05-18_17-40.flac,2019 Markham Ravine,2019,5,18,17,40,Agelaius tricolor,Alternative Song 2,13.84000015,14.24533367,656,7406,24000,present,https://rfcx-streams-production.s3.eu-west-1.amazonaws.com/2019/05/18/te1h471bonyj/a3cddfa9-40a0-cb3d-1323-2dd0487043ad.flac?X-Amz-Algorithm=AWS4-HMAC-SHA256&X-Amz-Content-Sha256=UNSIGNED-PAYLOAD&X-Amz-Credential=AKIA45B7YWBX5HAZMGOU%2F20260223%2Feu-west-1%2Fs3%2Faws4_request&X-Amz-Date=20260223T000747Z&X-Amz-Expires=604800&X-Amz-Signature=4235a6dbe4b1f4194539f3f4cbbc37a94f792ad4458e1cc95631765385afabdc&X-Amz-SignedHeaders=host&response-content-disposition=attachment%3B%20filename%3Da3cddfa9-40a0-cb3d-1323-2dd0487043ad.flac&x-id=GetObject,0.283831209,5637
MRam-2019-05-18_18-00.flac,2019 Markham Ravine,2019,5,18,18,0,Agelaius tricolor,Alternative Song 2,22.71999931,23.12533379,656,7406,24000,present,https://rfcx-streams-production.s3.eu-west-1.amazonaws.com/2019/05/18/te1h471bonyj/a02818d8-2282-95bb-13b3-ff61a740abc0.flac?X-Amz-Algorithm=AWS4-HMAC-SHA256&X-Amz-Content-Sha256=UNSIGNED-PAYLOAD&X-Amz-Credential=AKIA45B7YWBX5HAZMGOU%2F20260223%2Feu-west-1%2Fs3%2Faws4_request&X-Amz-Date=20260223T000746Z&X-Amz-Expires=604800&X-Amz-Signature=d4e04a49e2a17b4187eb89d290e06d3a9005e5b74e55bbd012cac6b54205799f&X-Amz-SignedHeaders=host&response-content-disposition=attachment%3B%20filename%3Da02818d8-2282-95bb-13b3-ff61a740abc0.flac&x-id=GetObject,0.238187939,5637
MRam-2019-05-18_18-20.flac,2019 Markham Ravine,2019,5,18,18,20,Agelaius tricolor,Alternative Song 2,6.607999802,7.013333321,656,7406,24000,present,https://rfcx-streams-production.s3.eu-west-1.amazonaws.com/2019/05/18/te1h471bonyj/ead12a77-2db9-8657-15a7-2a47d5903b54.flac?X-Amz-Algorithm=AWS4-HMAC-SHA256&X-Amz-Content-Sha256=UNSIGNED-PAYLOAD&X-Amz-Credential=AKIA45B7YWBX5HAZMGOU%2F20260223%2Feu-west-1%2Fs3%2Faws4_request&X-Amz-Date=20260223T000747Z&X-Amz-Expires=604800&X-Amz-Signature=9d488c6a143f436bfd9ddbc6152c899fe663ad6c9620e7d346a810e8c140b988&X-Amz-SignedHeaders=host&response-content-disposition=attachment%3B%20filename%3Dead12a77-2db9-8657-15a7-2a47d5903b54.flac&x-id=GetObject,0.290355325,5637
MRam-2019-05-18_18-40.flac,2019 Markham Ravine,2019,5,18,18,40,Agelaius tricolor,Alternative Song 2,46.7519989,47.15733337,656,7406,24000,present,https://rfcx-streams-production.s3.eu-west-1.amazonaws.com/2019/05/18/te1h471bonyj/2c145cd2-4ec3-1227-c0a7-b973f1b439b3.flac?X-Amz-Algorithm=AWS4-HMAC-SHA256&X-Amz-Content-Sha256=UNSIGNED-PAYLOAD&X-Amz-Credential=AKIA45B7YWBX5HAZMGOU%2F20260223%2Feu-west-1%2Fs3%2Faws4_request&X-Amz-Date=20260223T000747Z&X-Amz-Expires=604800&X-Amz-Signature=172ebfe588b5eb032b46c04b48c54f4fb7d0ce1279851cdde74585bd16abe938&X-Amz-SignedHeaders=host&response-content-disposition=attachment%3B%20filename%3D2c145cd2-4ec3-1227-c0a7-b973f1b439b3.flac&x-id=GetObject,0.217212453,5637
MRam-2019-05-18_19-20.flac,2019 Markham Ravine,2019,5,18,19,20,Agelaius tricolor,Alternative Song 2,0.570666671,0.976000011,656,7406,24000,present,https://rfcx-streams-production.s3.eu-west-1.amazonaws.com/2019/05/18/te1h471bonyj/73d575be-ba07-f3bb-b21e-bff705935715.flac?X-Amz-Algorithm=AWS4-HMAC-SHA256&X-Amz-Content-Sha256=UNSIGNED-PAYLOAD&X-Amz-Credential=AKIA45B7YWBX5HAZMGOU%2F20260223%2Feu-west-1%2Fs3%2Faws4_request&X-Amz-Date=20260223T000747Z&X-Amz-Expires=604800&X-Amz-Signature=c68181a6117384bcdb79b429471695834962c5bfe77b5dd554841526734eac54&X-Amz-SignedHeaders=host&response-content-disposition=attachment%3B%20filename%3D73d575be-ba07-f3bb-b21e-bff705935715.flac&x-id=GetObject,0.238863155,5637
MRam-2019-05-18_20-00.flac,2019 Markham Ravine,2019,5,18,20,0,Agelaius tricolor,Alternative Song 2,21.18933296,21.59466743,656,7406,24000,present,https://rfcx-streams-production.s3.eu-west-1.amazonaws.com/2019/05/18/te1h471bonyj/7acaf336-f394-14c9-e05f-d3684fe69c91.flac?X-Amz-Algorithm=AWS4-HMAC-SHA256&X-Amz-Content-Sha256=UNSIGNED-PAYLOAD&X-Amz-Credential=AKIA45B7YWBX5HAZMGOU%2F20260223%2Feu-west-1%2Fs3%2Faws4_request&X-Amz-Date=20260223T000746Z&X-Amz-Expires=604800&X-Amz-Signature=c27a6ee57d129b93be969c41bad9ce960a1d5c659a4cf17c391aa111d7c692b0&X-Amz-SignedHeaders=host&response-content-disposition=attachment%3B%20filename%3D7acaf336-f394-14c9-e05f-d3684fe69c91.flac&x-id=GetObject,0.237723574,5637
MRam-2019-05-18_20-20.flac,2019 Markham Ravine,2019,5,18,20,20,Agelaius tricolor,Alternative Song 2,25.67466736,26.07999992,656,7406,24000,present,https://rfcx-streams-production.s3.eu-west-1.amazonaws.com/2019/05/18/te1h471bonyj/7bb3043f-ddd3-fb35-00cc-854756966417.flac?X-Amz-Algorithm=AWS4-HMAC-SHA256&X-Amz-Content-Sha256=UNSIGNED-PAYLOAD&X-Amz-Credential=AKIA45B7YWBX5HAZMGOU%2F20260223%2Feu-west-1%2Fs3%2Faws4_request&X-Amz-Date=20260223T000747Z&X-Amz-Expires=604800&X-Amz-Signature=23fbea486d27a081423c2ae52eb92371055d8974488d4864ea0ef5badf2192d0&X-Amz-SignedHeaders=host&response-content-disposition=attachment%3B%20filename%3D7bb3043f-ddd3-fb35-00cc-854756966417.flac&x-id=GetObject,0.237885833,5637
MRam-2019-05-19_05-40.flac,2019 Markham Ravine,2019,5,19,5,40,Agelaius tricolor,Alternative Song 2,33.54133224,33.94666672,656,7406,24000,present,https://rfcx-streams-production.s3.eu-west-1.amazonaws.com/2019/05/18/te1h471bonyj/674c44f7-c807-2930-d655-98140baa6217.flac?X-Amz-Algorithm=AWS4-HMAC-SHA256&X-Amz-Content-Sha256=UNSIGNED-PAYLOAD&X-Amz-Credential=AKIA45B7YWBX5HAZMGOU%2F20260223%2Feu-west-1%2Fs3%2Faws4_request&X-Amz-Date=20260223T000747Z&X-Amz-Expires=604800&X-Amz-Signature=8b63d8e7b5bac0a386824b2ccdea21f80382932b2b4a3be29265c95dcde7b477&X-Amz-SignedHeaders=host&response-content-disposition=attachment%3B%20filename%3D674c44f7-c807-2930-d655-98140baa6217.flac&x-id=GetObject,0.271101296,5637
MRam-2019-05-19_06-00.flac,2019 Markham Ravine,2019,5,19,6,0,Agelaius tricolor,Alternative Song 2,48.83733368,49.24266815,656,7406,24000,present,https://rfcx-streams-production.s3.eu-west-1.amazonaws.com/2019/05/18/te1h471bonyj/ddcbc091-ff7d-b6dc-27db-4769f3dd57dc.flac?X-Amz-Algorithm=AWS4-HMAC-SHA256&X-Amz-Content-Sha256=UNSIGNED-PAYLOAD&X-Amz-Credential=AKIA45B7YWBX5HAZMGOU%2F20260223%2Feu-west-1%2Fs3%2Faws4_request&X-Amz-Date=20260223T000746Z&X-Amz-Expires=604800&X-Amz-Signature=aca571f5b8224463e04d108fc0b201f6360ddef0cf26ffc8f149251209b23c56&X-Amz-SignedHeaders=host&response-content-disposition=attachment%3B%20filename%3Dddcbc091-ff7d-b6dc-27db-4769f3dd57dc.flac&x-id=GetObject,0.309599102,5637
MRam-2019-05-19_06-20.flac,2019 Markham Ravine,2019,5,19,6,20,Agelaius tricolor,Alternative Song 2,26.30400085,26.70933342,656,7406,24000,present,https://rfcx-streams-production.s3.eu-west-1.amazonaws.com/2019/05/18/te1h471bonyj/eb2c59e7-47a5-7b11-2284-695d723e0c33.flac?X-Amz-Algorithm=AWS4-HMAC-SHA256&X-Amz-Content-Sha256=UNSIGNED-PAYLOAD&X-Amz-Credential=AKIA45B7YWBX5HAZMGOU%2F20260223%2Feu-west-1%2Fs3%2Faws4_request&X-Amz-Date=20260223T000747Z&X-Amz-Expires=604800&X-Amz-Signature=3abfed0b54f77c664b300a00d6325283ca76de185946b13120aee2e5c0da279a&X-Amz-SignedHeaders=host&response-content-disposition=attachment%3B%20filename%3Deb2c59e7-47a5-7b11-2284-695d723e0c33.flac&x-id=GetObject,0.278443068,5637
MRam-2019-05-19_06-40.flac,2019 Markham Ravine,2019,5,19,6,40,Agelaius tricolor,Alternative Song 2,38.95999908,39.36533356,656,7406,24000,present,https://rfcx-streams-production.s3.eu-west-1.amazonaws.com/2019/05/18/te1h471bonyj/7db08d84-c577-75cc-1be0-e0a64b0a8f44.flac?X-Amz-Algorithm=AWS4-HMAC-SHA256&X-Amz-Content-Sha256=UNSIGNED-PAYLOAD&X-Amz-Credential=AKIA45B7YWBX5HAZMGOU%2F20260223%2Feu-west-1%2Fs3%2Faws4_request&X-Amz-Date=20260223T000747Z&X-Amz-Expires=604800&X-Amz-Signature=1a1c97e88a241b67a738492c4fb9eb2973676162396c868c0af421d511ef0833&X-Amz-SignedHeaders=host&response-content-disposition=attachment%3B%20filename%3D7db08d84-c577-75cc-1be0-e0a64b0a8f44.flac&x-id=GetObject,0.214715466,5637
MRam-2019-05-19_07-00.flac,2019 Markham Ravine,2019,5,19,7,0,Agelaius tricolor,Alternative Song 2,10.16533375,10.57066631,656,7406,24000,present,https://rfcx-streams-production.s3.eu-west-1.amazonaws.com/2019/05/19/te1h471bonyj/b873aeda-6f4a-3b7a-71ab-7b86b754dd02.flac?X-Amz-Algorithm=AWS4-HMAC-SHA256&X-Amz-Content-Sha256=UNSIGNED-PAYLOAD&X-Amz-Credential=AKIA45B7YWBX5HAZMGOU%2F20260223%2Feu-west-1%2Fs3%2Faws4_request&X-Amz-Date=20260223T000746Z&X-Amz-Expires=604800&X-Amz-Signature=1d922e75814f0ca92ebe43a3d633b7a2f7dfe6a69db27e7f3ae5c1337a3faea3&X-Amz-SignedHeaders=host&response-content-disposition=attachment%3B%20filename%3Db873aeda-6f4a-3b7a-71ab-7b86b754dd02.flac&x-id=GetObject,0.338202596,5637
MRam-2019-05-19_07-20.flac,2019 Markham Ravine,2019,5,19,7,20,Agelaius tricolor,Alternative Song 2,8.911999702,9.317333221,656,7406,24000,present,https://rfcx-streams-production.s3.eu-west-1.amazonaws.com/2019/05/19/te1h471bonyj/d3ec9a0b-835c-bd2c-7383-8fd3e8990b3a.flac?X-Amz-Algorithm=AWS4-HMAC-SHA256&X-Amz-Content-Sha256=UNSIGNED-PAYLOAD&X-Amz-Credential=AKIA45B7YWBX5HAZMGOU%2F20260223%2Feu-west-1%2Fs3%2Faws4_request&X-Amz-Date=20260223T000747Z&X-Amz-Expires=604800&X-Amz-Signature=a8391f169c8561ceb89cbe1181152a0da96e512b88da16fc82355e4bf342f673&X-Amz-SignedHeaders=host&response-content-disposition=attachment%3B%20filename%3Dd3ec9a0b-835c-bd2c-7383-8fd3e8990b3a.flac&x-id=GetObject,0.204241127,5637
MRam-2019-05-19_07-40.flac,2019 Markham Ravine,2019,5,19,7,40,Agelaius tricolor,Alternative Song 2,0.821333349,1.226666689,656,7406,24000,present,https://rfcx-streams-production.s3.eu-west-1.amazonaws.com/2019/05/19/te1h471bonyj/15597d4a-262e-a4d3-ca03-807dee59e366.flac?X-Amz-Algorithm=AWS4-HMAC-SHA256&X-Amz-Content-Sha256=UNSIGNED-PAYLOAD&X-Amz-Credential=AKIA45B7YWBX5HAZMGOU%2F20260223%2Feu-west-1%2Fs3%2Faws4_request&X-Amz-Date=20260223T000747Z&X-Amz-Expires=604800&X-Amz-Signature=c132e6b9a374c082bb912c69b5bdbefcd8486754505ac0209c6b21a2f274ddf0&X-Amz-SignedHeaders=host&response-content-disposition=attachment%3B%20filename%3D15597d4a-262e-a4d3-ca03-807dee59e366.flac&x-id=GetObject,0.334574103,5637
MRam-2019-05-19_10-00.flac,2019 Markham Ravine,2019,5,19,10,0,Agelaius tricolor,Alternative Song 2,31.02400017,31.42933273,656,7406,24000,present,https://rfcx-streams-production.s3.eu-west-1.amazonaws.com/2019/05/19/te1h471bonyj/b7b96f58-52af-38f2-02cc-0d5c4b9db93a.flac?X-Amz-Algorithm=AWS4-HMAC-SHA256&X-Amz-Content-Sha256=UNSIGNED-PAYLOAD&X-Amz-Credential=AKIA45B7YWBX5HAZMGOU%2F20260223%2Feu-west-1%2Fs3%2Faws4_request&X-Amz-Date=20260223T000746Z&X-Amz-Expires=604800&X-Amz-Signature=b677f8b6926b4c0411d1e21475815e873805fc397599454b5a5049e136919047&X-Amz-SignedHeaders=host&response-content-disposition=attachment%3B%20filename%3Db7b96f58-52af-38f2-02cc-0d5c4b9db93a.flac&x-id=GetObject,0.226492941,5637
MRam-2019-05-19_10-20.flac,2019 Markham Ravine,2019,5,19,10,20,Agelaius tricolor,Alternative Song 2,51.88266754,52.2879982,656,7406,24000,present,https://rfcx-streams-production.s3.eu-west-1.amazonaws.com/2019/05/19/te1h471bonyj/7dea38fe-2f3c-2981-18c5-aad8261905c4.flac?X-Amz-Algorithm=AWS4-HMAC-SHA256&X-Amz-Content-Sha256=UNSIGNED-PAYLOAD&X-Amz-Credential=AKIA45B7YWBX5HAZMGOU%2F20260223%2Feu-west-1%2Fs3%2Faws4_request&X-Amz-Date=20260223T000747Z&X-Amz-Expires=604800&X-Amz-Signature=78a57c924a17b0dc2d1cd9223ff10a46c422f7c19f235ae8af099cab6510b097&X-Amz-SignedHeaders=host&response-content-disposition=attachment%3B%20filename%3D7dea38fe-2f3c-2981-18c5-aad8261905c4.flac&x-id=GetObject,0.235239699,5637
MRam-2019-05-19_11-00.flac,2019 Markham Ravine,2019,5,19,11,0,Agelaius tricolor,Alternative Song 2,42.9066658,43.31200027,656,7406,24000,present,https://rfcx-streams-production.s3.eu-west-1.amazonaws.com/2019/05/19/te1h471bonyj/b7b5646d-9406-6229-0584-97e811b99216.flac?X-Amz-Algorithm=AWS4-HMAC-SHA256&X-Amz-Content-Sha256=UNSIGNED-PAYLOAD&X-Amz-Credential=AKIA45B7YWBX5HAZMGOU%2F20260223%2Feu-west-1%2Fs3%2Faws4_request&X-Amz-Date=20260223T000746Z&X-Amz-Expires=604800&X-Amz-Signature=0efeb4629d7396426598e3a2215734af5d19e54523f1348e4749279f97a5db6a&X-Amz-SignedHeaders=host&response-content-disposition=attachment%3B%20filename%3Db7b5646d-9406-6229-0584-97e811b99216.flac&x-id=GetObject,0.203187063,5637
MRam-2019-05-19_11-40.flac,2019 Markham Ravine,2019,5,19,11,40,Agelaius tricolor,Alternative Song 2,5.087999821,5.49333334,656,7406,24000,present,https://rfcx-streams-production.s3.eu-west-1.amazonaws.com/2019/05/19/te1h471bonyj/0be9a0fd-94fb-33d5-fa4c-eaddf3187804.flac?X-Amz-Algorithm=AWS4-HMAC-SHA256&X-Amz-Content-Sha256=UNSIGNED-PAYLOAD&X-Amz-Credential=AKIA45B7YWBX5HAZMGOU%2F20260223%2Feu-west-1%2Fs3%2Faws4_request&X-Amz-Date=20260223T000747Z&X-Amz-Expires=604800&X-Amz-Signature=de13aff8b881461e1207eb4ff271f3ea23032b6dbf692daba1dbd9bda0797472&X-Amz-SignedHeaders=host&response-content-disposition=attachment%3B%20filename%3D0be9a0fd-94fb-33d5-fa4c-eaddf3187804.flac&x-id=GetObject,0.262859017,5637
MRam-2019-05-19_12-00.flac,2019 Markham Ravine,2019,5,19,12,0,Agelaius tricolor,Alternative Song 2,29.47733307,29.88266754,656,7406,24000,present,https://rfcx-streams-production.s3.eu-west-1.amazonaws.com/2019/05/19/te1h471bonyj/c55f7ae7-b1c8-366b-f127-70920e904de2.flac?X-Amz-Algorithm=AWS4-HMAC-SHA256&X-Amz-Content-Sha256=UNSIGNED-PAYLOAD&X-Amz-Credential=AKIA45B7YWBX5HAZMGOU%2F20260223%2Feu-west-1%2Fs3%2Faws4_request&X-Amz-Date=20260223T000746Z&X-Amz-Expires=604800&X-Amz-Signature=177c09ec00d2b9b42e66c9440c104c1519fc4afcfb85e8038a34b931e900a6df&X-Amz-SignedHeaders=host&response-content-disposition=attachment%3B%20filename%3Dc55f7ae7-b1c8-366b-f127-70920e904de2.flac&x-id=GetObject,0.304116458,5637
MRam-2019-05-19_12-20.flac,2019 Markham Ravine,2019,5,19,12,20,Agelaius tricolor,Alternative Song 2,16.08533287,16.49066734,656,7406,24000,present,https://rfcx-streams-production.s3.eu-west-1.amazonaws.com/2019/05/19/te1h471bonyj/ba4ed7cd-9e43-3e03-4a0f-c5baaa694a05.flac?X-Amz-Algorithm=AWS4-HMAC-SHA256&X-Amz-Content-Sha256=UNSIGNED-PAYLOAD&X-Amz-Credential=AKIA45B7YWBX5HAZMGOU%2F20260223%2Feu-west-1%2Fs3%2Faws4_request&X-Amz-Date=20260223T000747Z&X-Amz-Expires=604800&X-Amz-Signature=2b4a1654daf578dd22afafc6d9381eaec3f273c5049e170226ece2d007820737&X-Amz-SignedHeaders=host&response-content-disposition=attachment%3B%20filename%3Dba4ed7cd-9e43-3e03-4a0f-c5baaa694a05.flac&x-id=GetObject,0.242285609,5637
MRam-2019-05-19_12-40.flac,2019 Markham Ravine,2019,5,19,12,40,Agelaius tricolor,Alternative Song 2,52.37333298,52.77866745,656,7406,24000,present,https://rfcx-streams-production.s3.eu-west-1.amazonaws.com/2019/05/19/te1h471bonyj/ab50b8ff-e0b3-5e18-cf5d-04b10711cd59.flac?X-Amz-Algorithm=AWS4-HMAC-SHA256&X-Amz-Content-Sha256=UNSIGNED-PAYLOAD&X-Amz-Credential=AKIA45B7YWBX5HAZMGOU%2F20260223%2Feu-west-1%2Fs3%2Faws4_request&X-Amz-Date=20260223T000747Z&X-Amz-Expires=604800&X-Amz-Signature=571e2d4b8fe4bad434ddc18c6a60bb865964facad0b6e1cdf1b20093432eb3a3&X-Amz-SignedHeaders=host&response-content-disposition=attachment%3B%20filename%3Dab50b8ff-e0b3-5e18-cf5d-04b10711cd59.flac&x-id=GetObject,0.308674783,5637
MRam-2019-05-19_13-40.flac,2019 Markham Ravine,2019,5,19,13,40,Agelaius tricolor,Alternative Song 2,55.16266632,55.56800079,656,7406,24000,present,https://rfcx-streams-production.s3.eu-west-1.amazonaws.com/2019/05/19/te1h471bonyj/ff030d01-611f-c676-c3b5-c430e00eaa94.flac?X-Amz-Algorithm=AWS4-HMAC-SHA256&X-Amz-Content-Sha256=UNSIGNED-PAYLOAD&X-Amz-Credential=AKIA45B7YWBX5HAZMGOU%2F20260223%2Feu-west-1%2Fs3%2Faws4_request&X-Amz-Date=20260223T000747Z&X-Amz-Expires=604800&X-Amz-Signature=5bd0a1805471b9b45485c29c48ad72c1102553b5e4280dbb9d2bfe4628ff3ef0&X-Amz-SignedHeaders=host&response-content-disposition=attachment%3B%20filename%3Dff030d01-611f-c676-c3b5-c430e00eaa94.flac&x-id=GetObject,0.26753059,5637
MRam-2019-05-19_14-00.flac,2019 Markham Ravine,2019,5,19,14,0,Agelaius tricolor,Alternative Song 2,59.05599976,59.46133423,656,7406,24000,present,https://rfcx-streams-production.s3.eu-west-1.amazonaws.com/2019/05/19/te1h471bonyj/c756163e-57c9-1cdf-418b-ae566fcc31eb.flac?X-Amz-Algorithm=AWS4-HMAC-SHA256&X-Amz-Content-Sha256=UNSIGNED-PAYLOAD&X-Amz-Credential=AKIA45B7YWBX5HAZMGOU%2F20260223%2Feu-west-1%2Fs3%2Faws4_request&X-Amz-Date=20260223T000746Z&X-Amz-Expires=604800&X-Amz-Signature=b202af91f552f48ed4f20ebafc96ada36a09181babdb37cbd787aae113aa7a9b&X-Amz-SignedHeaders=host&response-content-disposition=attachment%3B%20filename%3Dc756163e-57c9-1cdf-418b-ae566fcc31eb.flac&x-id=GetObject,0.263939202,5637
MRam-2019-05-19_14-20.flac,2019 Markham Ravine,2019,5,19,14,20,Agelaius tricolor,Alternative Song 2,44.83200073,45.23733521,656,7406,24000,present,https://rfcx-streams-production.s3.eu-west-1.amazonaws.com/2019/05/19/te1h471bonyj/febf5591-007e-a925-941c-ebcfa776a91c.flac?X-Amz-Algorithm=AWS4-HMAC-SHA256&X-Amz-Content-Sha256=UNSIGNED-PAYLOAD&X-Amz-Credential=AKIA45B7YWBX5HAZMGOU%2F20260223%2Feu-west-1%2Fs3%2Faws4_request&X-Amz-Date=20260223T000747Z&X-Amz-Expires=604800&X-Amz-Signature=d738ad838cd95db5f058154b097bd4cb3896d834c4093e4e9f1ded564c5ae857&X-Amz-SignedHeaders=host&response-content-disposition=attachment%3B%20filename%3Dfebf5591-007e-a925-941c-ebcfa776a91c.flac&x-id=GetObject,0.346461773,5637
MRam-2019-05-19_14-40.flac,2019 Markham Ravine,2019,5,19,14,40,Agelaius tricolor,Alternative Song 2,49.18933487,49.59466553,656,7406,24000,present,https://rfcx-streams-production.s3.eu-west-1.amazonaws.com/2019/05/19/te1h471bonyj/65c792d6-d57f-a007-92fb-caaa3966c456.flac?X-Amz-Algorithm=AWS4-HMAC-SHA256&X-Amz-Content-Sha256=UNSIGNED-PAYLOAD&X-Amz-Credential=AKIA45B7YWBX5HAZMGOU%2F20260223%2Feu-west-1%2Fs3%2Faws4_request&X-Amz-Date=20260223T000747Z&X-Amz-Expires=604800&X-Amz-Signature=c53706496a075dab139b3f9eae8b566213f4e7ffab27f77e22029aba54fd63ed&X-Amz-SignedHeaders=host&response-content-disposition=attachment%3B%20filename%3D65c792d6-d57f-a007-92fb-caaa3966c456.flac&x-id=GetObject,0.260848045,5637
MRam-2019-05-19_15-00.flac,2019 Markham Ravine,2019,5,19,15,0,Agelaius tricolor,Alternative Song 2,22.43199921,22.83733368,656,7406,24000,present,https://rfcx-streams-production.s3.eu-west-1.amazonaws.com/2019/05/19/te1h471bonyj/eef6cc4e-bc8d-8700-b2f6-a0e4620fcdd5.flac?X-Amz-Algorithm=AWS4-HMAC-SHA256&X-Amz-Content-Sha256=UNSIGNED-PAYLOAD&X-Amz-Credential=AKIA45B7YWBX5HAZMGOU%2F20260223%2Feu-west-1%2Fs3%2Faws4_request&X-Amz-Date=20260223T000746Z&X-Amz-Expires=604800&X-Amz-Signature=a96415d2f09da05ad8f79e64b91ffcc6b9e7a36085c0a60670f5c3d94992cb38&X-Amz-SignedHeaders=host&response-content-disposition=attachment%3B%20filename%3Deef6cc4e-bc8d-8700-b2f6-a0e4620fcdd5.flac&x-id=GetObject,0.201807752,5637
MRam-2019-05-19_15-20.flac,2019 Markham Ravine,2019,5,19,15,20,Agelaius tricolor,Alternative Song 2,9.616000175,10.02133369,656,7406,24000,present,https://rfcx-streams-production.s3.eu-west-1.amazonaws.com/2019/05/19/te1h471bonyj/401dd433-dda2-439a-bcd4-ae2f50dd8eb9.flac?X-Amz-Algorithm=AWS4-HMAC-SHA256&X-Amz-Content-Sha256=UNSIGNED-PAYLOAD&X-Amz-Credential=AKIA45B7YWBX5HAZMGOU%2F20260223%2Feu-west-1%2Fs3%2Faws4_request&X-Amz-Date=20260223T000747Z&X-Amz-Expires=604800&X-Amz-Signature=ced8cc973a0439be28bb2db85ab39a0f0c0a59732e4360ab54c418a31dcd6c46&X-Amz-SignedHeaders=host&response-content-disposition=attachment%3B%20filename%3D401dd433-dda2-439a-bcd4-ae2f50dd8eb9.flac&x-id=GetObject,0.285231918,5637
MRam-2019-05-19_16-40.flac,2019 Markham Ravine,2019,5,19,16,40,Agelaius tricolor,Alternative Song 2,54.74133301,55.14666748,656,7406,24000,present,https://rfcx-streams-production.s3.eu-west-1.amazonaws.com/2019/05/19/te1h471bonyj/fa5e1059-23fc-2482-66f2-6b2a7e9da185.flac?X-Amz-Algorithm=AWS4-HMAC-SHA256&X-Amz-Content-Sha256=UNSIGNED-PAYLOAD&X-Amz-Credential=AKIA45B7YWBX5HAZMGOU%2F20260223%2Feu-west-1%2Fs3%2Faws4_request&X-Amz-Date=20260223T000747Z&X-Amz-Expires=604800&X-Amz-Signature=f856579c5470fecbcf90515312ff0a8b822e450628f970c2cfebbcf63d3727e3&X-Amz-SignedHeaders=host&response-content-disposition=attachment%3B%20filename%3Dfa5e1059-23fc-2482-66f2-6b2a7e9da185.flac&x-id=GetObject,0.260096818,5637
MRam-2019-05-19_17-40.flac,2019 Markham Ravine,2019,5,19,17,40,Agelaius tricolor,Alternative Song 2,24.7840004,25.18933296,656,7406,24000,present,https://rfcx-streams-production.s3.eu-west-1.amazonaws.com/2019/05/19/te1h471bonyj/d1a01630-8b6a-7cef-dfba-efe00b974a59.flac?X-Amz-Algorithm=AWS4-HMAC-SHA256&X-Amz-Content-Sha256=UNSIGNED-PAYLOAD&X-Amz-Credential=AKIA45B7YWBX5HAZMGOU%2F20260223%2Feu-west-1%2Fs3%2Faws4_request&X-Amz-Date=20260223T000747Z&X-Amz-Expires=604800&X-Amz-Signature=591560c50452e372391d0e61bd3f86be5cff4908927dde90b49ff0a9d21936ed&X-Amz-SignedHeaders=host&response-content-disposition=attachment%3B%20filename%3Dd1a01630-8b6a-7cef-dfba-efe00b974a59.flac&x-id=GetObject,0.252283752,5637
MRam-2019-05-19_18-00.flac,2019 Markham Ravine,2019,5,19,18,0,Agelaius tricolor,Alternative Song 2,10.85333347,11.25866699,656,7406,24000,present,https://rfcx-streams-production.s3.eu-west-1.amazonaws.com/2019/05/19/te1h471bonyj/63002cbe-b67a-c9c1-405a-140c772fa069.flac?X-Amz-Algorithm=AWS4-HMAC-SHA256&X-Amz-Content-Sha256=UNSIGNED-PAYLOAD&X-Amz-Credential=AKIA45B7YWBX5HAZMGOU%2F20260223%2Feu-west-1%2Fs3%2Faws4_request&X-Amz-Date=20260223T000746Z&X-Amz-Expires=604800&X-Amz-Signature=4641db123629e6e1e4daa771b05e5c8a05b8ffede1188e500de4ba01a124476a&X-Amz-SignedHeaders=host&response-content-disposition=attachment%3B%20filename%3D63002cbe-b67a-c9c1-405a-140c772fa069.flac&x-id=GetObject,0.227959484,5637
MRam-2019-05-19_18-20.flac,2019 Markham Ravine,2019,5,19,18,20,Agelaius tricolor,Alternative Song 2,0.832000017,1.237333298,656,7406,24000,present,https://rfcx-streams-production.s3.eu-west-1.amazonaws.com/2019/05/19/te1h471bonyj/f72866a5-e941-0f0a-ca3b-cb827079420e.flac?X-Amz-Algorithm=AWS4-HMAC-SHA256&X-Amz-Content-Sha256=UNSIGNED-PAYLOAD&X-Amz-Credential=AKIA45B7YWBX5HAZMGOU%2F20260223%2Feu-west-1%2Fs3%2Faws4_request&X-Amz-Date=20260223T000747Z&X-Amz-Expires=604800&X-Amz-Signature=86e7eeab607f5ab793dc9a179b0a32f7dfcce3106e7c367025876fafd1c26ba7&X-Amz-SignedHeaders=host&response-content-disposition=attachment%3B%20filename%3Df72866a5-e941-0f0a-ca3b-cb827079420e.flac&x-id=GetObject,0.343352884,5637
MRam-2019-05-19_18-40.flac,2019 Markham Ravine,2019,5,19,18,40,Agelaius tricolor,Alternative Song 2,56.08000183,56.48533249,656,7406,24000,present,https://rfcx-streams-production.s3.eu-west-1.amazonaws.com/2019/05/19/te1h471bonyj/283f2fe6-0077-10fa-b479-7123a762de06.flac?X-Amz-Algorithm=AWS4-HMAC-SHA256&X-Amz-Content-Sha256=UNSIGNED-PAYLOAD&X-Amz-Credential=AKIA45B7YWBX5HAZMGOU%2F20260223%2Feu-west-1%2Fs3%2Faws4_request&X-Amz-Date=20260223T000747Z&X-Amz-Expires=604800&X-Amz-Signature=7579a648762dd8548e32eb96bbce3cfaea6c907e8ce3dc104c2008d974d8a1bd&X-Amz-SignedHeaders=host&response-content-disposition=attachment%3B%20filename%3D283f2fe6-0077-10fa-b479-7123a762de06.flac&x-id=GetObject,0.345241368,5637
MRam-2019-05-19_19-00.flac,2019 Markham Ravine,2019,5,19,19,0,Agelaius tricolor,Alternative Song 2,41.2480011,41.65333176,656,7406,24000,present,https://rfcx-streams-production.s3.eu-west-1.amazonaws.com/2019/05/19/te1h471bonyj/57b6b030-3680-66a5-c39e-6140a62af24e.flac?X-Amz-Algorithm=AWS4-HMAC-SHA256&X-Amz-Content-Sha256=UNSIGNED-PAYLOAD&X-Amz-Credential=AKIA45B7YWBX5HAZMGOU%2F20260223%2Feu-west-1%2Fs3%2Faws4_request&X-Amz-Date=20260223T000746Z&X-Amz-Expires=604800&X-Amz-Signature=21de8e3a42aaab341cf0740a1f017a4506e9f6ba0dfb17cdc4d6048be82997aa&X-Amz-SignedHeaders=host&response-content-disposition=attachment%3B%20filename%3D57b6b030-3680-66a5-c39e-6140a62af24e.flac&x-id=GetObject,0.257276833,5637
MRam-2019-05-19_19-20.flac,2019 Markham Ravine,2019,5,19,19,20,Agelaius tricolor,Alternative Song 2,51.0933342,51.49866486,656,7406,24000,present,https://rfcx-streams-production.s3.eu-west-1.amazonaws.com/2019/05/19/te1h471bonyj/dc01d065-e880-a6fb-8997-5e95215021a0.flac?X-Amz-Algorithm=AWS4-HMAC-SHA256&X-Amz-Content-Sha256=UNSIGNED-PAYLOAD&X-Amz-Credential=AKIA45B7YWBX5HAZMGOU%2F20260223%2Feu-west-1%2Fs3%2Faws4_request&X-Amz-Date=20260223T000747Z&X-Amz-Expires=604800&X-Amz-Signature=880155053c55ef448910a734a1643adc4479b79097e3043169a0d80df78d3c24&X-Amz-SignedHeaders=host&response-content-disposition=attachment%3B%20filename%3Ddc01d065-e880-a6fb-8997-5e95215021a0.flac&x-id=GetObject,0.26487872,5637
MRam-2019-05-19_19-40.flac,2019 Markham Ravine,2019,5,19,19,40,Agelaius tricolor,Alternative Song 2,58.24000168,58.64533234,656,7406,24000,present,https://rfcx-streams-production.s3.eu-west-1.amazonaws.com/2019/05/19/te1h471bonyj/560aeee5-21aa-6b50-d718-8c39ebaaf62a.flac?X-Amz-Algorithm=AWS4-HMAC-SHA256&X-Amz-Content-Sha256=UNSIGNED-PAYLOAD&X-Amz-Credential=AKIA45B7YWBX5HAZMGOU%2F20260223%2Feu-west-1%2Fs3%2Faws4_request&X-Amz-Date=20260223T000747Z&X-Amz-Expires=604800&X-Amz-Signature=f6228ddc5960aa774755c0cd6da81e31f7056312f84cc94137a906c223046aa5&X-Amz-SignedHeaders=host&response-content-disposition=attachment%3B%20filename%3D560aeee5-21aa-6b50-d718-8c39ebaaf62a.flac&x-id=GetObject,0.372788191,5637
MRam-2019-05-19_20-00.flac,2019 Markham Ravine,2019,5,19,20,0,Agelaius tricolor,Alternative Song 2,18.22933388,18.63466644,656,7406,24000,present,https://rfcx-streams-production.s3.eu-west-1.amazonaws.com/2019/05/19/te1h471bonyj/7f9fbb25-437d-a687-0bda-c62bcacfcdf8.flac?X-Amz-Algorithm=AWS4-HMAC-SHA256&X-Amz-Content-Sha256=UNSIGNED-PAYLOAD&X-Amz-Credential=AKIA45B7YWBX5HAZMGOU%2F20260223%2Feu-west-1%2Fs3%2Faws4_request&X-Amz-Date=20260223T000746Z&X-Amz-Expires=604800&X-Amz-Signature=f81bae6b406f7873a5162ecede278aaf2b2c9547c7505819a60e3c9ad15e0ae6&X-Amz-SignedHeaders=host&response-content-disposition=attachment%3B%20filename%3D7f9fbb25-437d-a687-0bda-c62bcacfcdf8.flac&x-id=GetObject,0.250658453,5637
MRam-2019-05-19_20-20.flac,2019 Markham Ravine,2019,5,19,20,20,Agelaius tricolor,Alternative Song 2,53.82400131,54.22933197,656,7406,24000,present,https://rfcx-streams-production.s3.eu-west-1.amazonaws.com/2019/05/19/te1h471bonyj/eabe7429-e6fa-2be4-b1a1-8cafdda5d865.flac?X-Amz-Algorithm=AWS4-HMAC-SHA256&X-Amz-Content-Sha256=UNSIGNED-PAYLOAD&X-Amz-Credential=AKIA45B7YWBX5HAZMGOU%2F20260223%2Feu-west-1%2Fs3%2Faws4_request&X-Amz-Date=20260223T000747Z&X-Amz-Expires=604800&X-Amz-Signature=501ac67528c473d698efed7c56cd710c1fa148ac2bdeaaf7d74eb0e2851e4749&X-Amz-SignedHeaders=host&response-content-disposition=attachment%3B%20filename%3Deabe7429-e6fa-2be4-b1a1-8cafdda5d865.flac&x-id=GetObject,0.212597668,5637
MRam-2019-05-20_05-40.flac,2019 Markham Ravine,2019,5,20,5,40,Agelaius tricolor,Alternative Song 2,45.80799866,46.21333313,656,7406,24000,present,https://rfcx-streams-production.s3.eu-west-1.amazonaws.com/2019/05/19/te1h471bonyj/bd09bd9a-7403-e87b-3f95-786869d6bf92.flac?X-Amz-Algorithm=AWS4-HMAC-SHA256&X-Amz-Content-Sha256=UNSIGNED-PAYLOAD&X-Amz-Credential=AKIA45B7YWBX5HAZMGOU%2F20260223%2Feu-west-1%2Fs3%2Faws4_request&X-Amz-Date=20260223T000747Z&X-Amz-Expires=604800&X-Amz-Signature=cafde0835dfeb7dc096002d341254d42e5748a628e66e5cdbe93abbce004ba44&X-Amz-SignedHeaders=host&response-content-disposition=attachment%3B%20filename%3Dbd09bd9a-7403-e87b-3f95-786869d6bf92.flac&x-id=GetObject,0.270350754,5637
MRam-2019-05-20_06-00.flac,2019 Markham Ravine,2019,5,20,6,0,Agelaius tricolor,Alternative Song 2,26.27733421,26.68266678,656,7406,24000,present,https://rfcx-streams-production.s3.eu-west-1.amazonaws.com/2019/05/19/te1h471bonyj/c08cd3f0-94ff-49b2-2afd-53ebbcc4a74a.flac?X-Amz-Algorithm=AWS4-HMAC-SHA256&X-Amz-Content-Sha256=UNSIGNED-PAYLOAD&X-Amz-Credential=AKIA45B7YWBX5HAZMGOU%2F20260223%2Feu-west-1%2Fs3%2Faws4_request&X-Amz-Date=20260223T000746Z&X-Amz-Expires=604800&X-Amz-Signature=b2fceefaee0a56d958db52548f038c97d947ca174cbeb0be1c2a934d3bc54f4c&X-Amz-SignedHeaders=host&response-content-disposition=attachment%3B%20filename%3Dc08cd3f0-94ff-49b2-2afd-53ebbcc4a74a.flac&x-id=GetObject,0.294257253,5637
MRam-2019-05-20_06-20.flac,2019 Markham Ravine,2019,5,20,6,20,Agelaius tricolor,Alternative Song 2,25.45066643,25.8560009,656,7406,24000,present,https://rfcx-streams-production.s3.eu-west-1.amazonaws.com/2019/05/19/te1h471bonyj/73b770f8-be16-361f-e1a1-ef7cbd94bc73.flac?X-Amz-Algorithm=AWS4-HMAC-SHA256&X-Amz-Content-Sha256=UNSIGNED-PAYLOAD&X-Amz-Credential=AKIA45B7YWBX5HAZMGOU%2F20260223%2Feu-west-1%2Fs3%2Faws4_request&X-Amz-Date=20260223T000747Z&X-Amz-Expires=604800&X-Amz-Signature=d2fbc534af49b878344cdc5b33055998060a19d6883a79709cbf52ce40869e19&X-Amz-SignedHeaders=host&response-content-disposition=attachment%3B%20filename%3D73b770f8-be16-361f-e1a1-ef7cbd94bc73.flac&x-id=GetObject,0.290432483,5637
MRam-2019-05-20_06-40.flac,2019 Markham Ravine,2019,5,20,6,40,Agelaius tricolor,Alternative Song 2,28.04266739,28.44799995,656,7406,24000,present,https://rfcx-streams-production.s3.eu-west-1.amazonaws.com/2019/05/19/te1h471bonyj/93de8261-48ac-d26f-e786-104cb2f11eba.flac?X-Amz-Algorithm=AWS4-HMAC-SHA256&X-Amz-Content-Sha256=UNSIGNED-PAYLOAD&X-Amz-Credential=AKIA45B7YWBX5HAZMGOU%2F20260223%2Feu-west-1%2Fs3%2Faws4_request&X-Amz-Date=20260223T000747Z&X-Amz-Expires=604800&X-Amz-Signature=9cf71dcdc411b661aa1dc76dfdb75ad6f903e595ab61c7f6c911bf7e6ed18046&X-Amz-SignedHeaders=host&response-content-disposition=attachment%3B%20filename%3D93de8261-48ac-d26f-e786-104cb2f11eba.flac&x-id=GetObject,0.211071208,5637
MRam-2019-05-20_07-00.flac,2019 Markham Ravine,2019,5,20,7,0,Agelaius tricolor,Alternative Song 2,48.16533279,48.57066727,656,7406,24000,present,https://rfcx-streams-production.s3.eu-west-1.amazonaws.com/2019/05/20/te1h471bonyj/46e55b7f-5567-1999-aa33-b3ff42b00723.flac?X-Amz-Algorithm=AWS4-HMAC-SHA256&X-Amz-Content-Sha256=UNSIGNED-PAYLOAD&X-Amz-Credential=AKIA45B7YWBX5HAZMGOU%2F20260223%2Feu-west-1%2Fs3%2Faws4_request&X-Amz-Date=20260223T000746Z&X-Amz-Expires=604800&X-Amz-Signature=4f80539af0ec8665ff87859c33b9e19d535f73ce70c6e41055a06d84b05e415b&X-Amz-SignedHeaders=host&response-content-disposition=attachment%3B%20filename%3D46e55b7f-5567-1999-aa33-b3ff42b00723.flac&x-id=GetObject,0.236578494,5637
MRam-2019-05-20_07-20.flac,2019 Markham Ravine,2019,5,20,7,20,Agelaius tricolor,Alternative Song 2,41.64799881,42.05333328,656,7406,24000,present,https://rfcx-streams-production.s3.eu-west-1.amazonaws.com/2019/05/20/te1h471bonyj/07b6596f-1c4d-07cd-f414-6b9e473829a6.flac?X-Amz-Algorithm=AWS4-HMAC-SHA256&X-Amz-Content-Sha256=UNSIGNED-PAYLOAD&X-Amz-Credential=AKIA45B7YWBX5HAZMGOU%2F20260223%2Feu-west-1%2Fs3%2Faws4_request&X-Amz-Date=20260223T000747Z&X-Amz-Expires=604800&X-Amz-Signature=f2936110ed5396ea89cab87d71176b827b082d53eff29c88391073fab407fff1&X-Amz-SignedHeaders=host&response-content-disposition=attachment%3B%20filename%3D07b6596f-1c4d-07cd-f414-6b9e473829a6.flac&x-id=GetObject,0.261224866,5637
MRam-2019-05-20_08-00.flac,2019 Markham Ravine,2019,5,20,8,0,Agelaius tricolor,Alternative Song 2,11.95733356,12.36266708,656,7406,24000,present,https://rfcx-streams-production.s3.eu-west-1.amazonaws.com/2019/05/20/te1h471bonyj/0e4bc946-77a8-3429-8303-85dc2d152742.flac?X-Amz-Algorithm=AWS4-HMAC-SHA256&X-Amz-Content-Sha256=UNSIGNED-PAYLOAD&X-Amz-Credential=AKIA45B7YWBX5HAZMGOU%2F20260223%2Feu-west-1%2Fs3%2Faws4_request&X-Amz-Date=20260223T000746Z&X-Amz-Expires=604800&X-Amz-Signature=2bdd0cdbd82ab7ee70c828c5bb69abca859ac10727b100585e6e4a04a8c40856&X-Amz-SignedHeaders=host&response-content-disposition=attachment%3B%20filename%3D0e4bc946-77a8-3429-8303-85dc2d152742.flac&x-id=GetObject,0.246878266,5637
MRam-2019-05-20_08-20.flac,2019 Markham Ravine,2019,5,20,8,20,Agelaius tricolor,Alternative Song 2,6.858666897,7.263999939,656,7406,24000,present,https://rfcx-streams-production.s3.eu-west-1.amazonaws.com/2019/05/20/te1h471bonyj/d63adb7b-1a4a-9ac9-ea06-3741eb74adf5.flac?X-Amz-Algorithm=AWS4-HMAC-SHA256&X-Amz-Content-Sha256=UNSIGNED-PAYLOAD&X-Amz-Credential=AKIA45B7YWBX5HAZMGOU%2F20260223%2Feu-west-1%2Fs3%2Faws4_request&X-Amz-Date=20260223T000747Z&X-Amz-Expires=604800&X-Amz-Signature=b9ee66526b95f09cd182cb6ef044f2a23a629b50d6294b4e77f79c27eecc6119&X-Amz-SignedHeaders=host&response-content-disposition=attachment%3B%20filename%3Dd63adb7b-1a4a-9ac9-ea06-3741eb74adf5.flac&x-id=GetObject,0.243548468,5637
MRam-2019-05-20_08-40.flac,2019 Markham Ravine,2019,5,20,8,40,Agelaius tricolor,Alternative Song 2,33.82933426,34.23466492,656,7406,24000,present,https://rfcx-streams-production.s3.eu-west-1.amazonaws.com/2019/05/20/te1h471bonyj/fcb5a538-f8c3-dfcb-6c17-e91a70f756ab.flac?X-Amz-Algorithm=AWS4-HMAC-SHA256&X-Amz-Content-Sha256=UNSIGNED-PAYLOAD&X-Amz-Credential=AKIA45B7YWBX5HAZMGOU%2F20260223%2Feu-west-1%2Fs3%2Faws4_request&X-Amz-Date=20260223T000747Z&X-Amz-Expires=604800&X-Amz-Signature=1a8cef0c5578bda79941228ebcb47d84f2b84e78073415a17d30f044ba416e79&X-Amz-SignedHeaders=host&response-content-disposition=attachment%3B%20filename%3Dfcb5a538-f8c3-dfcb-6c17-e91a70f756ab.flac&x-id=GetObject,0.283700287,5637
MRam-2019-05-20_09-00.flac,2019 Markham Ravine,2019,5,20,9,0,Agelaius tricolor,Alternative Song 2,48.38399887,48.78933334,656,7406,24000,present,https://rfcx-streams-production.s3.eu-west-1.amazonaws.com/2019/05/20/te1h471bonyj/23098fd3-cc5f-eeb6-1988-9209b6ea6373.flac?X-Amz-Algorithm=AWS4-HMAC-SHA256&X-Amz-Content-Sha256=UNSIGNED-PAYLOAD&X-Amz-Credential=AKIA45B7YWBX5HAZMGOU%2F20260223%2Feu-west-1%2Fs3%2Faws4_request&X-Amz-Date=20260223T000746Z&X-Amz-Expires=604800&X-Amz-Signature=00dc8b2524ca4669bd35ccea9a8911435a31f701e588c9d88d70000f6a07cdb8&X-Amz-SignedHeaders=host&response-content-disposition=attachment%3B%20filename%3D23098fd3-cc5f-eeb6-1988-9209b6ea6373.flac&x-id=GetObject,0.259211361,5637
MRam-2019-05-20_09-20.flac,2019 Markham Ravine,2019,5,20,9,20,Agelaius tricolor,Alternative Song 2,0.800000012,1.205333352,656,7406,24000,present,https://rfcx-streams-production.s3.eu-west-1.amazonaws.com/2019/05/20/te1h471bonyj/b944c311-6617-abd1-3184-323816a85899.flac?X-Amz-Algorithm=AWS4-HMAC-SHA256&X-Amz-Content-Sha256=UNSIGNED-PAYLOAD&X-Amz-Credential=AKIA45B7YWBX5HAZMGOU%2F20260223%2Feu-west-1%2Fs3%2Faws4_request&X-Amz-Date=20260223T000747Z&X-Amz-Expires=604800&X-Amz-Signature=ab34d36230062d1ef603168f28b3af7ed5247661fdb600eec85b9af42d1970ce&X-Amz-SignedHeaders=host&response-content-disposition=attachment%3B%20filename%3Db944c311-6617-abd1-3184-323816a85899.flac&x-id=GetObject,0.32478416,5637
MRam-2019-05-20_09-40.flac,2019 Markham Ravine,2019,5,20,9,40,Agelaius tricolor,Alternative Song 2,17.48266602,17.88800049,656,7406,24000,present,https://rfcx-streams-production.s3.eu-west-1.amazonaws.com/2019/05/20/te1h471bonyj/7ff2509c-74f5-dcef-84c4-ed9016662a46.flac?X-Amz-Algorithm=AWS4-HMAC-SHA256&X-Amz-Content-Sha256=UNSIGNED-PAYLOAD&X-Amz-Credential=AKIA45B7YWBX5HAZMGOU%2F20260223%2Feu-west-1%2Fs3%2Faws4_request&X-Amz-Date=20260223T000747Z&X-Amz-Expires=604800&X-Amz-Signature=e2be37a5d41f56b1f5e982ed34157709b81313021b2cbdc75bb636f66fb3c880&X-Amz-SignedHeaders=host&response-content-disposition=attachment%3B%20filename%3D7ff2509c-74f5-dcef-84c4-ed9016662a46.flac&x-id=GetObject,0.291794211,5637
MRam-2019-05-20_10-00.flac,2019 Markham Ravine,2019,5,20,10,0,Agelaius tricolor,Alternative Song 2,10.61866665,11.02400017,656,7406,24000,present,https://rfcx-streams-production.s3.eu-west-1.amazonaws.com/2019/05/20/te1h471bonyj/9432e568-c7ae-4b38-c01a-8ebc030b4c98.flac?X-Amz-Algorithm=AWS4-HMAC-SHA256&X-Amz-Content-Sha256=UNSIGNED-PAYLOAD&X-Amz-Credential=AKIA45B7YWBX5HAZMGOU%2F20260223%2Feu-west-1%2Fs3%2Faws4_request&X-Amz-Date=20260223T000746Z&X-Amz-Expires=604800&X-Amz-Signature=a0c507e7a91259ccff728a4513dc761169d2abf728a9764e1ec74974d6080c54&X-Amz-SignedHeaders=host&response-content-disposition=attachment%3B%20filename%3D9432e568-c7ae-4b38-c01a-8ebc030b4c98.flac&x-id=GetObject,0.258708984,5637
MRam-2019-05-20_10-20.flac,2019 Markham Ravine,2019,5,20,10,20,Agelaius tricolor,Alternative Song 2,1.813333392,2.218666553,656,7406,24000,present,https://rfcx-streams-production.s3.eu-west-1.amazonaws.com/2019/05/20/te1h471bonyj/6637864b-7ccb-7b3a-557e-3dddf87756f1.flac?X-Amz-Algorithm=AWS4-HMAC-SHA256&X-Amz-Content-Sha256=UNSIGNED-PAYLOAD&X-Amz-Credential=AKIA45B7YWBX5HAZMGOU%2F20260223%2Feu-west-1%2Fs3%2Faws4_request&X-Amz-Date=20260223T000747Z&X-Amz-Expires=604800&X-Amz-Signature=8b393e2d44f2b6a1baf0b8f5d2964df3edb7bef20126d0269bbe173d11111f8c&X-Amz-SignedHeaders=host&response-content-disposition=attachment%3B%20filename%3D6637864b-7ccb-7b3a-557e-3dddf87756f1.flac&x-id=GetObject,0.220487818,5637
MRam-2019-05-20_10-40.flac,2019 Markham Ravine,2019,5,20,10,40,Agelaius tricolor,Alternative Song 2,44.88000107,45.28533173,656,7406,24000,present,https://rfcx-streams-production.s3.eu-west-1.amazonaws.com/2019/05/20/te1h471bonyj/0d91909f-0d68-746c-1dac-bc3abb675725.flac?X-Amz-Algorithm=AWS4-HMAC-SHA256&X-Amz-Content-Sha256=UNSIGNED-PAYLOAD&X-Amz-Credential=AKIA45B7YWBX5HAZMGOU%2F20260223%2Feu-west-1%2Fs3%2Faws4_request&X-Amz-Date=20260223T000747Z&X-Amz-Expires=604800&X-Amz-Signature=7ffb66ccc0fa8406f540f480be53cd20e274c5d26c5a347a0200d5fc77843db4&X-Amz-SignedHeaders=host&response-content-disposition=attachment%3B%20filename%3D0d91909f-0d68-746c-1dac-bc3abb675725.flac&x-id=GetObject,0.246733412,5637
MRam-2019-05-20_11-00.flac,2019 Markham Ravine,2019,5,20,11,0,Agelaius tricolor,Alternative Song 2,15.88266659,16.28800011,656,7406,24000,present,https://rfcx-streams-production.s3.eu-west-1.amazonaws.com/2019/05/20/te1h471bonyj/76825e2a-5535-7598-e62f-42b2b7c42cb9.flac?X-Amz-Algorithm=AWS4-HMAC-SHA256&X-Amz-Content-Sha256=UNSIGNED-PAYLOAD&X-Amz-Credential=AKIA45B7YWBX5HAZMGOU%2F20260223%2Feu-west-1%2Fs3%2Faws4_request&X-Amz-Date=20260223T000746Z&X-Amz-Expires=604800&X-Amz-Signature=155fd178398048ba4d1e5ac34511568325627840741c7c80090a4f2a73ab8bdf&X-Amz-SignedHeaders=host&response-content-disposition=attachment%3B%20filename%3D76825e2a-5535-7598-e62f-42b2b7c42cb9.flac&x-id=GetObject,0.269712448,5637
MRam-2019-05-20_11-20.flac,2019 Markham Ravine,2019,5,20,11,20,Agelaius tricolor,Alternative Song 2,18.41066742,18.81599998,656,7406,24000,present,https://rfcx-streams-production.s3.eu-west-1.amazonaws.com/2019/05/20/te1h471bonyj/9d2b2dc9-3762-6b7a-e9f0-ed3cf1dcc5b1.flac?X-Amz-Algorithm=AWS4-HMAC-SHA256&X-Amz-Content-Sha256=UNSIGNED-PAYLOAD&X-Amz-Credential=AKIA45B7YWBX5HAZMGOU%2F20260223%2Feu-west-1%2Fs3%2Faws4_request&X-Amz-Date=20260223T000747Z&X-Amz-Expires=604800&X-Amz-Signature=f8c56cdd36a3867e707ced7c153940036eea4cab22bc7b945c58d7f2996fee65&X-Amz-SignedHeaders=host&response-content-disposition=attachment%3B%20filename%3D9d2b2dc9-3762-6b7a-e9f0-ed3cf1dcc5b1.flac&x-id=GetObject,0.248141736,5637
MRam-2019-05-20_12-00.flac,2019 Markham Ravine,2019,5,20,12,0,Agelaius tricolor,Alternative Song 2,9.882666588,10.28800011,656,7406,24000,present,https://rfcx-streams-production.s3.eu-west-1.amazonaws.com/2019/05/20/te1h471bonyj/67c90c94-ddb7-2d81-40a1-6fda603c1429.flac?X-Amz-Algorithm=AWS4-HMAC-SHA256&X-Amz-Content-Sha256=UNSIGNED-PAYLOAD&X-Amz-Credential=AKIA45B7YWBX5HAZMGOU%2F20260223%2Feu-west-1%2Fs3%2Faws4_request&X-Amz-Date=20260223T000746Z&X-Amz-Expires=604800&X-Amz-Signature=fb3c700c8d97d494e119538fd9fa2e88259e2fb9b1daaec53880a23d94179cca&X-Amz-SignedHeaders=host&response-content-disposition=attachment%3B%20filename%3D67c90c94-ddb7-2d81-40a1-6fda603c1429.flac&x-id=GetObject,0.328651786,5637
MRam-2019-05-20_12-20.flac,2019 Markham Ravine,2019,5,20,12,20,Agelaius tricolor,Alternative Song 2,13.5253334,13.93066692,656,7406,24000,present,https://rfcx-streams-production.s3.eu-west-1.amazonaws.com/2019/05/20/te1h471bonyj/3b8377e1-12ff-c4ef-6c02-115edc06d339.flac?X-Amz-Algorithm=AWS4-HMAC-SHA256&X-Amz-Content-Sha256=UNSIGNED-PAYLOAD&X-Amz-Credential=AKIA45B7YWBX5HAZMGOU%2F20260223%2Feu-west-1%2Fs3%2Faws4_request&X-Amz-Date=20260223T000747Z&X-Amz-Expires=604800&X-Amz-Signature=1ce07a215a6334880c01dae6c6bbdb7c64e0adbe334ae4e07aa3697d73d3f1e5&X-Amz-SignedHeaders=host&response-content-disposition=attachment%3B%20filename%3D3b8377e1-12ff-c4ef-6c02-115edc06d339.flac&x-id=GetObject,0.219973281,5637
MRam-2019-05-20_12-40.flac,2019 Markham Ravine,2019,5,20,12,40,Agelaius tricolor,Alternative Song 2,8.944000244,9.349333763,656,7406,24000,present,https://rfcx-streams-production.s3.eu-west-1.amazonaws.com/2019/05/20/te1h471bonyj/f63783df-7aac-065b-4217-be79b0478bfd.flac?X-Amz-Algorithm=AWS4-HMAC-SHA256&X-Amz-Content-Sha256=UNSIGNED-PAYLOAD&X-Amz-Credential=AKIA45B7YWBX5HAZMGOU%2F20260223%2Feu-west-1%2Fs3%2Faws4_request&X-Amz-Date=20260223T000747Z&X-Amz-Expires=604800&X-Amz-Signature=deb16ff3740f7c2736f2cedb0d07fa225a6880c7c8c7776a16233ba621d848cb&X-Amz-SignedHeaders=host&response-content-disposition=attachment%3B%20filename%3Df63783df-7aac-065b-4217-be79b0478bfd.flac&x-id=GetObject,0.307577699,5637
MRam-2019-05-20_13-00.flac,2019 Markham Ravine,2019,5,20,13,0,Agelaius tricolor,Alternative Song 2,41.98933411,42.39466476,656,7406,24000,present,https://rfcx-streams-production.s3.eu-west-1.amazonaws.com/2019/05/20/te1h471bonyj/1ff5120d-d77c-a3e6-521b-a83d08888f86.flac?X-Amz-Algorithm=AWS4-HMAC-SHA256&X-Amz-Content-Sha256=UNSIGNED-PAYLOAD&X-Amz-Credential=AKIA45B7YWBX5HAZMGOU%2F20260223%2Feu-west-1%2Fs3%2Faws4_request&X-Amz-Date=20260223T000746Z&X-Amz-Expires=604800&X-Amz-Signature=5da66c53a1eeaf4ead2ba3ee6110f9d49a2ef74b1ad26506f48334a0be35e8df&X-Amz-SignedHeaders=host&response-content-disposition=attachment%3B%20filename%3D1ff5120d-d77c-a3e6-521b-a83d08888f86.flac&x-id=GetObject,0.241487324,5637
MRam-2019-05-20_13-40.flac,2019 Markham Ravine,2019,5,20,13,40,Agelaius tricolor,Alternative Song 2,48.29333496,48.69866562,656,7406,24000,present,https://rfcx-streams-production.s3.eu-west-1.amazonaws.com/2019/05/20/te1h471bonyj/014ab541-be43-75b6-fc5d-e5672b23aae3.flac?X-Amz-Algorithm=AWS4-HMAC-SHA256&X-Amz-Content-Sha256=UNSIGNED-PAYLOAD&X-Amz-Credential=AKIA45B7YWBX5HAZMGOU%2F20260223%2Feu-west-1%2Fs3%2Faws4_request&X-Amz-Date=20260223T000747Z&X-Amz-Expires=604800&X-Amz-Signature=9a57c8b8fa367c00b8c452abbe122408bfff77a200e2b40095a4c86a9077107e&X-Amz-SignedHeaders=host&response-content-disposition=attachment%3B%20filename%3D014ab541-be43-75b6-fc5d-e5672b23aae3.flac&x-id=GetObject,0.244224861,5637
MRam-2019-05-20_14-00.flac,2019 Markham Ravine,2019,5,20,14,0,Agelaius tricolor,Alternative Song 2,51.63199997,52.03733444,656,7406,24000,present,https://rfcx-streams-production.s3.eu-west-1.amazonaws.com/2019/05/20/te1h471bonyj/a47e143b-ab6d-b792-4e58-37b427d46009.flac?X-Amz-Algorithm=AWS4-HMAC-SHA256&X-Amz-Content-Sha256=UNSIGNED-PAYLOAD&X-Amz-Credential=AKIA45B7YWBX5HAZMGOU%2F20260223%2Feu-west-1%2Fs3%2Faws4_request&X-Amz-Date=20260223T000746Z&X-Amz-Expires=604800&X-Amz-Signature=b35d573d290c71c06dc5af0c1586981747ed23995b5aa0d625ea1b0e9a339acb&X-Amz-SignedHeaders=host&response-content-disposition=attachment%3B%20filename%3Da47e143b-ab6d-b792-4e58-37b427d46009.flac&x-id=GetObject,0.325780958,5637
MRam-2019-05-20_14-20.flac,2019 Markham Ravine,2019,5,20,14,20,Agelaius tricolor,Alternative Song 2,54.14933395,54.55466843,656,7406,24000,present,https://rfcx-streams-production.s3.eu-west-1.amazonaws.com/2019/05/20/te1h471bonyj/a23c782b-829f-5627-1334-ee0527a40999.flac?X-Amz-Algorithm=AWS4-HMAC-SHA256&X-Amz-Content-Sha256=UNSIGNED-PAYLOAD&X-Amz-Credential=AKIA45B7YWBX5HAZMGOU%2F20260223%2Feu-west-1%2Fs3%2Faws4_request&X-Amz-Date=20260223T000747Z&X-Amz-Expires=604800&X-Amz-Signature=36180785a2b7b012afefbe9ba170e679487d6b6ed4eceeae1580f361c051f1d9&X-Amz-SignedHeaders=host&response-content-disposition=attachment%3B%20filename%3Da23c782b-829f-5627-1334-ee0527a40999.flac&x-id=GetObject,0.215856299,5637
MRam-2019-05-20_15-00.flac,2019 Markham Ravine,2019,5,20,15,0,Agelaius tricolor,Alternative Song 2,6.815999985,7.221333504,656,7406,24000,present,https://rfcx-streams-production.s3.eu-west-1.amazonaws.com/2019/05/20/te1h471bonyj/1d152efa-070f-dbf5-b72e-7360a74bb239.flac?X-Amz-Algorithm=AWS4-HMAC-SHA256&X-Amz-Content-Sha256=UNSIGNED-PAYLOAD&X-Amz-Credential=AKIA45B7YWBX5HAZMGOU%2F20260223%2Feu-west-1%2Fs3%2Faws4_request&X-Amz-Date=20260223T000746Z&X-Amz-Expires=604800&X-Amz-Signature=dc98747e7da1d8bcc9b46dc4c2f7069eabf86822d4ac433df00c23b34ca2e521&X-Amz-SignedHeaders=host&response-content-disposition=attachment%3B%20filename%3D1d152efa-070f-dbf5-b72e-7360a74bb239.flac&x-id=GetObject,0.329150766,5637
MRam-2019-05-20_15-20.flac,2019 Markham Ravine,2019,5,20,15,20,Agelaius tricolor,Alternative Song 2,20.22933388,20.63466644,656,7406,24000,present,https://rfcx-streams-production.s3.eu-west-1.amazonaws.com/2019/05/20/te1h471bonyj/147e1cae-a846-16e2-4777-b8176258d966.flac?X-Amz-Algorithm=AWS4-HMAC-SHA256&X-Amz-Content-Sha256=UNSIGNED-PAYLOAD&X-Amz-Credential=AKIA45B7YWBX5HAZMGOU%2F20260223%2Feu-west-1%2Fs3%2Faws4_request&X-Amz-Date=20260223T000747Z&X-Amz-Expires=604800&X-Amz-Signature=4cd25b9a2ddc886640e1b161b2a94937b7a787ae931a81633e371a024e2e94df&X-Amz-SignedHeaders=host&response-content-disposition=attachment%3B%20filename%3D147e1cae-a846-16e2-4777-b8176258d966.flac&x-id=GetObject,0.265816182,5637
MRam-2019-05-20_15-40.flac,2019 Markham Ravine,2019,5,20,15,40,Agelaius tricolor,Alternative Song 2,43.14666748,43.55199814,656,7406,24000,present,https://rfcx-streams-production.s3.eu-west-1.amazonaws.com/2019/05/20/te1h471bonyj/21f29341-c8b9-8f46-94d7-ac0f34cb9cba.flac?X-Amz-Algorithm=AWS4-HMAC-SHA256&X-Amz-Content-Sha256=UNSIGNED-PAYLOAD&X-Amz-Credential=AKIA45B7YWBX5HAZMGOU%2F20260223%2Feu-west-1%2Fs3%2Faws4_request&X-Amz-Date=20260223T000747Z&X-Amz-Expires=604800&X-Amz-Signature=f8f9d0386153c334827007b1c8524cdba5f3e44f4b208e1423938d2a8872e965&X-Amz-SignedHeaders=host&response-content-disposition=attachment%3B%20filename%3D21f29341-c8b9-8f46-94d7-ac0f34cb9cba.flac&x-id=GetObject,0.271814346,5637
MRam-2019-05-20_16-20.flac,2019 Markham Ravine,2019,5,20,16,20,Agelaius tricolor,Alternative Song 2,54.41600037,54.82133484,656,7406,24000,present,https://rfcx-streams-production.s3.eu-west-1.amazonaws.com/2019/05/20/te1h471bonyj/0c3d5959-4ddb-c7a2-9e90-52236ae66396.flac?X-Amz-Algorithm=AWS4-HMAC-SHA256&X-Amz-Content-Sha256=UNSIGNED-PAYLOAD&X-Amz-Credential=AKIA45B7YWBX5HAZMGOU%2F20260223%2Feu-west-1%2Fs3%2Faws4_request&X-Amz-Date=20260223T000747Z&X-Amz-Expires=604800&X-Amz-Signature=b07fc06d39d19e1edf7f8a96fd165325b82c5efd3c8f5f5ed9dd06b09c7b8075&X-Amz-SignedHeaders=host&response-content-disposition=attachment%3B%20filename%3D0c3d5959-4ddb-c7a2-9e90-52236ae66396.flac&x-id=GetObject,0.205348447,5637
MRam-2019-05-20_16-40.flac,2019 Markham Ravine,2019,5,20,16,40,Agelaius tricolor,Alternative Song 2,33.60533524,34.01066589,656,7406,24000,present,https://rfcx-streams-production.s3.eu-west-1.amazonaws.com/2019/05/20/te1h471bonyj/6e589486-2b25-f2f1-25c1-650b045bde78.flac?X-Amz-Algorithm=AWS4-HMAC-SHA256&X-Amz-Content-Sha256=UNSIGNED-PAYLOAD&X-Amz-Credential=AKIA45B7YWBX5HAZMGOU%2F20260223%2Feu-west-1%2Fs3%2Faws4_request&X-Amz-Date=20260223T000747Z&X-Amz-Expires=604800&X-Amz-Signature=cc69ef9c6209a29beed103f4b29c60f7e4b916d170f101a7c47bbfbdc258ac89&X-Amz-SignedHeaders=host&response-content-disposition=attachment%3B%20filename%3D6e589486-2b25-f2f1-25c1-650b045bde78.flac&x-id=GetObject,0.290785372,5637
MRam-2019-05-20_17-20.flac,2019 Markham Ravine,2019,5,20,17,20,Agelaius tricolor,Alternative Song 2,41.09866714,41.50400162,656,7406,24000,present,https://rfcx-streams-production.s3.eu-west-1.amazonaws.com/2019/05/20/te1h471bonyj/94ec02f2-5bc0-21ba-d5e4-4597af799158.flac?X-Amz-Algorithm=AWS4-HMAC-SHA256&X-Amz-Content-Sha256=UNSIGNED-PAYLOAD&X-Amz-Credential=AKIA45B7YWBX5HAZMGOU%2F20260223%2Feu-west-1%2Fs3%2Faws4_request&X-Amz-Date=20260223T000747Z&X-Amz-Expires=604800&X-Amz-Signature=be2a17a7aea6200ebe872a8ae1bf3e05244ae48a56442a802a4ab75ee87db96a&X-Amz-SignedHeaders=host&response-content-disposition=attachment%3B%20filename%3D94ec02f2-5bc0-21ba-d5e4-4597af799158.flac&x-id=GetObject,0.202783197,5637
MRam-2019-05-20_19-00.flac,2019 Markham Ravine,2019,5,20,19,0,Agelaius tricolor,Alternative Song 2,39.30133438,39.70666504,656,7406,24000,present,https://rfcx-streams-production.s3.eu-west-1.amazonaws.com/2019/05/20/te1h471bonyj/ca2bf277-7335-f34b-f533-2568320bac80.flac?X-Amz-Algorithm=AWS4-HMAC-SHA256&X-Amz-Content-Sha256=UNSIGNED-PAYLOAD&X-Amz-Credential=AKIA45B7YWBX5HAZMGOU%2F20260223%2Feu-west-1%2Fs3%2Faws4_request&X-Amz-Date=20260223T000746Z&X-Amz-Expires=604800&X-Amz-Signature=61eedbf8d0c01b6e8e9244a1ec0c855151f40356265a886c032885cae8337464&X-Amz-SignedHeaders=host&response-content-disposition=attachment%3B%20filename%3Dca2bf277-7335-f34b-f533-2568320bac80.flac&x-id=GetObject,0.208567321,5637
MRam-2019-05-20_20-00.flac,2019 Markham Ravine,2019,5,20,20,0,Agelaius tricolor,Alternative Song 2,47.85599899,48.26133347,656,7406,24000,present,https://rfcx-streams-production.s3.eu-west-1.amazonaws.com/2019/05/20/te1h471bonyj/8d6daefc-a867-1c23-a3ed-cc5ec4813743.flac?X-Amz-Algorithm=AWS4-HMAC-SHA256&X-Amz-Content-Sha256=UNSIGNED-PAYLOAD&X-Amz-Credential=AKIA45B7YWBX5HAZMGOU%2F20260223%2Feu-west-1%2Fs3%2Faws4_request&X-Amz-Date=20260223T000746Z&X-Amz-Expires=604800&X-Amz-Signature=51282f935bdded50f1adbdf200be28281b1f2a1e95dd46ab8d889eeb0fde78e4&X-Amz-SignedHeaders=host&response-content-disposition=attachment%3B%20filename%3D8d6daefc-a867-1c23-a3ed-cc5ec4813743.flac&x-id=GetObject,0.220037714,5637
MRam-2019-05-21_05-40.flac,2019 Markham Ravine,2019,5,21,5,40,Agelaius tricolor,Alternative Song 2,14.16533375,14.57066631,656,7406,24000,present,https://rfcx-streams-production.s3.eu-west-1.amazonaws.com/2019/05/20/te1h471bonyj/687a1fe6-707d-d238-c28e-279e3eb37ba8.flac?X-Amz-Algorithm=AWS4-HMAC-SHA256&X-Amz-Content-Sha256=UNSIGNED-PAYLOAD&X-Amz-Credential=AKIA45B7YWBX5HAZMGOU%2F20260223%2Feu-west-1%2Fs3%2Faws4_request&X-Amz-Date=20260223T000748Z&X-Amz-Expires=604800&X-Amz-Signature=3f0b20bd87d840b1bda566598cb8e25d7d94179f132668fb5e252f3bc1600406&X-Amz-SignedHeaders=host&response-content-disposition=attachment%3B%20filename%3D687a1fe6-707d-d238-c28e-279e3eb37ba8.flac&x-id=GetObject,0.261493593,5637
MRam-2019-05-21_06-00.flac,2019 Markham Ravine,2019,5,21,6,0,Agelaius tricolor,Alternative Song 2,59.48266602,59.88800049,656,7406,24000,present,https://rfcx-streams-production.s3.eu-west-1.amazonaws.com/2019/05/20/te1h471bonyj/7b5fe836-fd0f-d560-1d4c-3de3c509888a.flac?X-Amz-Algorithm=AWS4-HMAC-SHA256&X-Amz-Content-Sha256=UNSIGNED-PAYLOAD&X-Amz-Credential=AKIA45B7YWBX5HAZMGOU%2F20260223%2Feu-west-1%2Fs3%2Faws4_request&X-Amz-Date=20260223T000746Z&X-Amz-Expires=604800&X-Amz-Signature=cf3b0a4b5471daa9b17007956bca9d33def9919aac122d6ccf89a219a7c1911c&X-Amz-SignedHeaders=host&response-content-disposition=attachment%3B%20filename%3D7b5fe836-fd0f-d560-1d4c-3de3c509888a.flac&x-id=GetObject,0.26755622,5637
MRam-2019-05-21_06-40.flac,2019 Markham Ravine,2019,5,21,6,40,Agelaius tricolor,Alternative Song 2,14.26666641,14.67199993,656,7406,24000,present,https://rfcx-streams-production.s3.eu-west-1.amazonaws.com/2019/05/20/te1h471bonyj/0239c363-f457-f632-020f-bd852f456529.flac?X-Amz-Algorithm=AWS4-HMAC-SHA256&X-Amz-Content-Sha256=UNSIGNED-PAYLOAD&X-Amz-Credential=AKIA45B7YWBX5HAZMGOU%2F20260223%2Feu-west-1%2Fs3%2Faws4_request&X-Amz-Date=20260223T000748Z&X-Amz-Expires=604800&X-Amz-Signature=1e8434f7670bd89d1eb3fdd9cc9cc00ea583bcd9638e33595bf3ea6f4e02d3f6&X-Amz-SignedHeaders=host&response-content-disposition=attachment%3B%20filename%3D0239c363-f457-f632-020f-bd852f456529.flac&x-id=GetObject,0.351314932,5637
MRam-2019-05-21_07-00.flac,2019 Markham Ravine,2019,5,21,7,0,Agelaius tricolor,Alternative Song 2,18.51733398,18.92266655,656,7406,24000,present,https://rfcx-streams-production.s3.eu-west-1.amazonaws.com/2019/05/21/te1h471bonyj/dd606fb3-993f-041b-bc1f-d0fa9ae59e54.flac?X-Amz-Algorithm=AWS4-HMAC-SHA256&X-Amz-Content-Sha256=UNSIGNED-PAYLOAD&X-Amz-Credential=AKIA45B7YWBX5HAZMGOU%2F20260223%2Feu-west-1%2Fs3%2Faws4_request&X-Amz-Date=20260223T000746Z&X-Amz-Expires=604800&X-Amz-Signature=8f6c85c15092c2840df73853850f71b85a32cb03e71b03d137170f15d62b65d6&X-Amz-SignedHeaders=host&response-content-disposition=attachment%3B%20filename%3Ddd606fb3-993f-041b-bc1f-d0fa9ae59e54.flac&x-id=GetObject,0.227461383,5637
MRam-2019-05-21_07-20.flac,2019 Markham Ravine,2019,5,21,7,20,Agelaius tricolor,Alternative Song 2,54.2879982,54.69333267,656,7406,24000,present,https://rfcx-streams-production.s3.eu-west-1.amazonaws.com/2019/05/21/te1h471bonyj/b5221a58-4de1-377a-3f68-e869e152fa40.flac?X-Amz-Algorithm=AWS4-HMAC-SHA256&X-Amz-Content-Sha256=UNSIGNED-PAYLOAD&X-Amz-Credential=AKIA45B7YWBX5HAZMGOU%2F20260223%2Feu-west-1%2Fs3%2Faws4_request&X-Amz-Date=20260223T000748Z&X-Amz-Expires=604800&X-Amz-Signature=c69eb8da6263c18efc72735e0f1d12862946b925c720d632682f21a98ab07108&X-Amz-SignedHeaders=host&response-content-disposition=attachment%3B%20filename%3Db5221a58-4de1-377a-3f68-e869e152fa40.flac&x-id=GetObject,0.235955462,5637
MRam-2019-05-21_08-20.flac,2019 Markham Ravine,2019,5,21,8,20,Agelaius tricolor,Alternative Song 2,34.10666656,34.51200104,656,7406,24000,present,https://rfcx-streams-production.s3.eu-west-1.amazonaws.com/2019/05/21/te1h471bonyj/fc2568bd-ab03-786a-8ea8-c773e2b35fa6.flac?X-Amz-Algorithm=AWS4-HMAC-SHA256&X-Amz-Content-Sha256=UNSIGNED-PAYLOAD&X-Amz-Credential=AKIA45B7YWBX5HAZMGOU%2F20260223%2Feu-west-1%2Fs3%2Faws4_request&X-Amz-Date=20260223T000748Z&X-Amz-Expires=604800&X-Amz-Signature=fc5eeb8e9f4b3c2b9f7be863618820c0e7f100592b68677a2b12f0f32f9bbf86&X-Amz-SignedHeaders=host&response-content-disposition=attachment%3B%20filename%3Dfc2568bd-ab03-786a-8ea8-c773e2b35fa6.flac&x-id=GetObject,0.265738517,5637
MRam-2019-05-21_08-40.flac,2019 Markham Ravine,2019,5,21,8,40,Agelaius tricolor,Alternative Song 2,23.48800087,23.89333344,656,7406,24000,present,https://rfcx-streams-production.s3.eu-west-1.amazonaws.com/2019/05/21/te1h471bonyj/7c200e51-a94a-94f0-1d1d-b140a4b41879.flac?X-Amz-Algorithm=AWS4-HMAC-SHA256&X-Amz-Content-Sha256=UNSIGNED-PAYLOAD&X-Amz-Credential=AKIA45B7YWBX5HAZMGOU%2F20260223%2Feu-west-1%2Fs3%2Faws4_request&X-Amz-Date=20260223T000748Z&X-Amz-Expires=604800&X-Amz-Signature=1c0bab0843a6cb486b6bf006fd19e2d341552a13a540d8fdf9c51772e9672530&X-Amz-SignedHeaders=host&response-content-disposition=attachment%3B%20filename%3D7c200e51-a94a-94f0-1d1d-b140a4b41879.flac&x-id=GetObject,0.283811957,5637
MRam-2019-05-21_10-00.flac,2019 Markham Ravine,2019,5,21,10,0,Agelaius tricolor,Alternative Song 2,48.91199875,49.31733322,656,7406,24000,present,https://rfcx-streams-production.s3.eu-west-1.amazonaws.com/2019/05/21/te1h471bonyj/2559b262-df9c-2269-32ff-361a0ea511ee.flac?X-Amz-Algorithm=AWS4-HMAC-SHA256&X-Amz-Content-Sha256=UNSIGNED-PAYLOAD&X-Amz-Credential=AKIA45B7YWBX5HAZMGOU%2F20260223%2Feu-west-1%2Fs3%2Faws4_request&X-Amz-Date=20260223T000746Z&X-Amz-Expires=604800&X-Amz-Signature=cddfc106f29a3aa4e80e1d44f92cda17cbe1d1756154446bc9011f48692bedf4&X-Amz-SignedHeaders=host&response-content-disposition=attachment%3B%20filename%3D2559b262-df9c-2269-32ff-361a0ea511ee.flac&x-id=GetObject,0.28937006,5637
MRam-2019-05-21_10-40.flac,2019 Markham Ravine,2019,5,21,10,40,Agelaius tricolor,Alternative Song 2,59.01866531,59.42399979,656,7406,24000,present,https://rfcx-streams-production.s3.eu-west-1.amazonaws.com/2019/05/21/te1h471bonyj/6faa9099-d6e0-1f20-b5e9-22c4cb224468.flac?X-Amz-Algorithm=AWS4-HMAC-SHA256&X-Amz-Content-Sha256=UNSIGNED-PAYLOAD&X-Amz-Credential=AKIA45B7YWBX5HAZMGOU%2F20260223%2Feu-west-1%2Fs3%2Faws4_request&X-Amz-Date=20260223T000748Z&X-Amz-Expires=604800&X-Amz-Signature=3867436ef03ea39421fca4a4d1edb12d632d2766317c9077f3cc2a7b375df2ee&X-Amz-SignedHeaders=host&response-content-disposition=attachment%3B%20filename%3D6faa9099-d6e0-1f20-b5e9-22c4cb224468.flac&x-id=GetObject,0.258154303,5637
MRam-2019-05-21_11-20.flac,2019 Markham Ravine,2019,5,21,11,20,Agelaius tricolor,Alternative Song 2,27.37599945,27.78133392,656,7406,24000,present,https://rfcx-streams-production.s3.eu-west-1.amazonaws.com/2019/05/21/te1h471bonyj/dbb78904-d848-e45a-918e-0482b93a7d7f.flac?X-Amz-Algorithm=AWS4-HMAC-SHA256&X-Amz-Content-Sha256=UNSIGNED-PAYLOAD&X-Amz-Credential=AKIA45B7YWBX5HAZMGOU%2F20260223%2Feu-west-1%2Fs3%2Faws4_request&X-Amz-Date=20260223T000748Z&X-Amz-Expires=604800&X-Amz-Signature=f645970db1a31e9b2912bf144fce1023165d265ebf1c93e0c742e4d6a98cbbff&X-Amz-SignedHeaders=host&response-content-disposition=attachment%3B%20filename%3Ddbb78904-d848-e45a-918e-0482b93a7d7f.flac&x-id=GetObject,0.282981843,5637
MRam-2019-05-21_11-40.flac,2019 Markham Ravine,2019,5,21,11,40,Agelaius tricolor,Alternative Song 2,25.49866676,25.90399933,656,7406,24000,present,https://rfcx-streams-production.s3.eu-west-1.amazonaws.com/2019/05/21/te1h471bonyj/046bd9ca-161b-4975-fb16-bde1bd96f51d.flac?X-Amz-Algorithm=AWS4-HMAC-SHA256&X-Amz-Content-Sha256=UNSIGNED-PAYLOAD&X-Amz-Credential=AKIA45B7YWBX5HAZMGOU%2F20260223%2Feu-west-1%2Fs3%2Faws4_request&X-Amz-Date=20260223T000748Z&X-Amz-Expires=604800&X-Amz-Signature=bc7e86cc9af60c795543bf402b465fdb963566c0f43be29a2d48e5b885be73df&X-Amz-SignedHeaders=host&response-content-disposition=attachment%3B%20filename%3D046bd9ca-161b-4975-fb16-bde1bd96f51d.flac&x-id=GetObject,0.261406064,5637
MRam-2019-05-21_14-00.flac,2019 Markham Ravine,2019,5,21,14,0,Agelaius tricolor,Alternative Song 2,49.05066681,49.45600128,656,7406,24000,present,https://rfcx-streams-production.s3.eu-west-1.amazonaws.com/2019/05/21/te1h471bonyj/1c8b0df2-285f-79e6-7e60-dea2c1c619b5.flac?X-Amz-Algorithm=AWS4-HMAC-SHA256&X-Amz-Content-Sha256=UNSIGNED-PAYLOAD&X-Amz-Credential=AKIA45B7YWBX5HAZMGOU%2F20260223%2Feu-west-1%2Fs3%2Faws4_request&X-Amz-Date=20260223T000746Z&X-Amz-Expires=604800&X-Amz-Signature=cccaa92474eb8d2cc40fa940dce79c65b5acd48bd5978f6c8421fceea8a87fb2&X-Amz-SignedHeaders=host&response-content-disposition=attachment%3B%20filename%3D1c8b0df2-285f-79e6-7e60-dea2c1c619b5.flac&x-id=GetObject,0.264299005,5637
MRam-2019-05-21_14-20.flac,2019 Markham Ravine,2019,5,21,14,20,Agelaius tricolor,Alternative Song 2,52.597332,53.00266647,656,7406,24000,present,https://rfcx-streams-production.s3.eu-west-1.amazonaws.com/2019/05/21/te1h471bonyj/8bffcd24-9582-6671-1b59-67e4c65d0302.flac?X-Amz-Algorithm=AWS4-HMAC-SHA256&X-Amz-Content-Sha256=UNSIGNED-PAYLOAD&X-Amz-Credential=AKIA45B7YWBX5HAZMGOU%2F20260223%2Feu-west-1%2Fs3%2Faws4_request&X-Amz-Date=20260223T000748Z&X-Amz-Expires=604800&X-Amz-Signature=cb2c71e7eb23ed3304085945df139424d8e2e416f339d713f15d80464d3cacd0&X-Amz-SignedHeaders=host&response-content-disposition=attachment%3B%20filename%3D8bffcd24-9582-6671-1b59-67e4c65d0302.flac&x-id=GetObject,0.263026774,5637
MRam-2019-05-21_15-20.flac,2019 Markham Ravine,2019,5,21,15,20,Agelaius tricolor,Alternative Song 2,6.960000038,7.365333557,656,7406,24000,present,https://rfcx-streams-production.s3.eu-west-1.amazonaws.com/2019/05/21/te1h471bonyj/f6d7d497-1864-f2ea-af09-730ff7ee9857.flac?X-Amz-Algorithm=AWS4-HMAC-SHA256&X-Amz-Content-Sha256=UNSIGNED-PAYLOAD&X-Amz-Credential=AKIA45B7YWBX5HAZMGOU%2F20260223%2Feu-west-1%2Fs3%2Faws4_request&X-Amz-Date=20260223T000748Z&X-Amz-Expires=604800&X-Amz-Signature=4efe23225dd1d2cae1794b8868f3a3b8cfddcc912406f5560844d47aba5630a6&X-Amz-SignedHeaders=host&response-content-disposition=attachment%3B%20filename%3Df6d7d497-1864-f2ea-af09-730ff7ee9857.flac&x-id=GetObject,0.253247559,5637
MRam-2019-05-21_16-20.flac,2019 Markham Ravine,2019,5,21,16,20,Agelaius tricolor,Alternative Song 2,46.33066559,46.73600006,656,7406,24000,present,https://rfcx-streams-production.s3.eu-west-1.amazonaws.com/2019/05/21/te1h471bonyj/add75a2b-de4c-d58d-f92d-bb509e93e6a7.flac?X-Amz-Algorithm=AWS4-HMAC-SHA256&X-Amz-Content-Sha256=UNSIGNED-PAYLOAD&X-Amz-Credential=AKIA45B7YWBX5HAZMGOU%2F20260223%2Feu-west-1%2Fs3%2Faws4_request&X-Amz-Date=20260223T000748Z&X-Amz-Expires=604800&X-Amz-Signature=b483d09d59e7844efe9e0cf78e945d553c8250bd09b02b16b07ac42fa9e1ea16&X-Amz-SignedHeaders=host&response-content-disposition=attachment%3B%20filename%3Dadd75a2b-de4c-d58d-f92d-bb509e93e6a7.flac&x-id=GetObject,0.236651108,5637
MRam-2019-05-21_17-00.flac,2019 Markham Ravine,2019,5,21,17,0,Agelaius tricolor,Alternative Song 2,11.50399971,11.90933323,656,7406,24000,present,https://rfcx-streams-production.s3.eu-west-1.amazonaws.com/2019/05/21/te1h471bonyj/b0169f35-82a1-8926-9828-22c8b2599bbb.flac?X-Amz-Algorithm=AWS4-HMAC-SHA256&X-Amz-Content-Sha256=UNSIGNED-PAYLOAD&X-Amz-Credential=AKIA45B7YWBX5HAZMGOU%2F20260223%2Feu-west-1%2Fs3%2Faws4_request&X-Amz-Date=20260223T000746Z&X-Amz-Expires=604800&X-Amz-Signature=eeb1f8f3cbd6030fd24e67b8b0bedb2c5f5f5faa4069bb2c1c3ae52a032e0c0d&X-Amz-SignedHeaders=host&response-content-disposition=attachment%3B%20filename%3Db0169f35-82a1-8926-9828-22c8b2599bbb.flac&x-id=GetObject,0.301271409,5637
MRam-2019-05-21_17-40.flac,2019 Markham Ravine,2019,5,21,17,40,Agelaius tricolor,Alternative Song 2,55.6906662,56.09600067,656,7406,24000,present,https://rfcx-streams-production.s3.eu-west-1.amazonaws.com/2019/05/21/te1h471bonyj/0e5a9ac5-548c-3f2c-dfc5-347ffd9ab80e.flac?X-Amz-Algorithm=AWS4-HMAC-SHA256&X-Amz-Content-Sha256=UNSIGNED-PAYLOAD&X-Amz-Credential=AKIA45B7YWBX5HAZMGOU%2F20260223%2Feu-west-1%2Fs3%2Faws4_request&X-Amz-Date=20260223T000748Z&X-Amz-Expires=604800&X-Amz-Signature=e7a135e22eb562e69ac5022b78edf9efcca6b96de877d3c8ac60b7e1d69db1c0&X-Amz-SignedHeaders=host&response-content-disposition=attachment%3B%20filename%3D0e5a9ac5-548c-3f2c-dfc5-347ffd9ab80e.flac&x-id=GetObject,0.215869978,5637
MRam-2019-05-21_18-40.flac,2019 Markham Ravine,2019,5,21,18,40,Agelaius tricolor,Alternative Song 2,57.16799927,57.57333374,656,7406,24000,present,https://rfcx-streams-production.s3.eu-west-1.amazonaws.com/2019/05/21/te1h471bonyj/6a9a4d50-bed3-7983-7e74-b951b311e4a5.flac?X-Amz-Algorithm=AWS4-HMAC-SHA256&X-Amz-Content-Sha256=UNSIGNED-PAYLOAD&X-Amz-Credential=AKIA45B7YWBX5HAZMGOU%2F20260223%2Feu-west-1%2Fs3%2Faws4_request&X-Amz-Date=20260223T000748Z&X-Amz-Expires=604800&X-Amz-Signature=12d58f1361644d0227fc8ee290bac8b477da0282452adcb497d6fffd313f18ba&X-Amz-SignedHeaders=host&response-content-disposition=attachment%3B%20filename%3D6a9a4d50-bed3-7983-7e74-b951b311e4a5.flac&x-id=GetObject,0.206291199,5637
MRam-2019-05-21_19-00.flac,2019 Markham Ravine,2019,5,21,19,0,Agelaius tricolor,Alternative Song 2,48.91199875,49.31733322,656,7406,24000,present,https://rfcx-streams-production.s3.eu-west-1.amazonaws.com/2019/05/21/te1h471bonyj/c2541cc8-e231-5247-49ae-68c1b88d8352.flac?X-Amz-Algorithm=AWS4-HMAC-SHA256&X-Amz-Content-Sha256=UNSIGNED-PAYLOAD&X-Amz-Credential=AKIA45B7YWBX5HAZMGOU%2F20260223%2Feu-west-1%2Fs3%2Faws4_request&X-Amz-Date=20260223T000746Z&X-Amz-Expires=604800&X-Amz-Signature=6b8a4e07bed7d488b34b2ea2fee245b4ff2d362de5451d74d5145efb3cdd7053&X-Amz-SignedHeaders=host&response-content-disposition=attachment%3B%20filename%3Dc2541cc8-e231-5247-49ae-68c1b88d8352.flac&x-id=GetObject,0.270020723,5637
MRam-2019-05-21_19-40.flac,2019 Markham Ravine,2019,5,21,19,40,Agelaius tricolor,Alternative Song 2,26.25600052,26.66133308,656,7406,24000,present,https://rfcx-streams-production.s3.eu-west-1.amazonaws.com/2019/05/21/te1h471bonyj/85c50a24-f86e-5e6c-b521-b25a2053b208.flac?X-Amz-Algorithm=AWS4-HMAC-SHA256&X-Amz-Content-Sha256=UNSIGNED-PAYLOAD&X-Amz-Credential=AKIA45B7YWBX5HAZMGOU%2F20260223%2Feu-west-1%2Fs3%2Faws4_request&X-Amz-Date=20260223T000748Z&X-Amz-Expires=604800&X-Amz-Signature=94168f36fb524f351d9499e3a13eee4f8f06cd6609d6626d216b1393715f3415&X-Amz-SignedHeaders=host&response-content-disposition=attachment%3B%20filename%3D85c50a24-f86e-5e6c-b521-b25a2053b208.flac&x-id=GetObject,0.260120004,5637
MRam-2019-05-21_20-00.flac,2019 Markham Ravine,2019,5,21,20,0,Agelaius tricolor,Alternative Song 2,27.62133408,28.02666664,656,7406,24000,present,https://rfcx-streams-production.s3.eu-west-1.amazonaws.com/2019/05/21/te1h471bonyj/bbd3937f-e7c6-94dd-7f9d-286228295dd1.flac?X-Amz-Algorithm=AWS4-HMAC-SHA256&X-Amz-Content-Sha256=UNSIGNED-PAYLOAD&X-Amz-Credential=AKIA45B7YWBX5HAZMGOU%2F20260223%2Feu-west-1%2Fs3%2Faws4_request&X-Amz-Date=20260223T000746Z&X-Amz-Expires=604800&X-Amz-Signature=009fdd333a06dabd5f38d9d735e60083a8fd3635d4e2bf5e092e329b437c3c4b&X-Amz-SignedHeaders=host&response-content-disposition=attachment%3B%20filename%3Dbbd3937f-e7c6-94dd-7f9d-286228295dd1.flac&x-id=GetObject,0.276985496,5637
MRam-2019-05-22_05-40.flac,2019 Markham Ravine,2019,5,22,5,40,Agelaius tricolor,Alternative Song 2,57.14133453,57.54666519,656,7406,24000,present,https://rfcx-streams-production.s3.eu-west-1.amazonaws.com/2019/05/21/te1h471bonyj/e0fbd59f-97ea-0e47-0cb0-373a794767ea.flac?X-Amz-Algorithm=AWS4-HMAC-SHA256&X-Amz-Content-Sha256=UNSIGNED-PAYLOAD&X-Amz-Credential=AKIA45B7YWBX5HAZMGOU%2F20260223%2Feu-west-1%2Fs3%2Faws4_request&X-Amz-Date=20260223T000748Z&X-Amz-Expires=604800&X-Amz-Signature=f4db4b39ca9310d79ef26ad30b3e1d51e60cbb35af78604623f53d0c594f4540&X-Amz-SignedHeaders=host&response-content-disposition=attachment%3B%20filename%3De0fbd59f-97ea-0e47-0cb0-373a794767ea.flac&x-id=GetObject,0.293207586,5637
MRam-2019-05-22_06-00.flac,2019 Markham Ravine,2019,5,22,6,0,Agelaius tricolor,Alternative Song 2,23.92533302,24.3306675,656,7406,24000,present,https://rfcx-streams-production.s3.eu-west-1.amazonaws.com/2019/05/21/te1h471bonyj/0e1eaf4e-0c17-dc11-45ff-a9ae4053db4c.flac?X-Amz-Algorithm=AWS4-HMAC-SHA256&X-Amz-Content-Sha256=UNSIGNED-PAYLOAD&X-Amz-Credential=AKIA45B7YWBX5HAZMGOU%2F20260223%2Feu-west-1%2Fs3%2Faws4_request&X-Amz-Date=20260223T000746Z&X-Amz-Expires=604800&X-Amz-Signature=8bafe7813f3168d962ada2e15bff0cc0806dac3aab1698fded331b3bc5fc3369&X-Amz-SignedHeaders=host&response-content-disposition=attachment%3B%20filename%3D0e1eaf4e-0c17-dc11-45ff-a9ae4053db4c.flac&x-id=GetObject,0.272744089,5637
MRam-2019-05-22_06-20.flac,2019 Markham Ravine,2019,5,22,6,20,Agelaius tricolor,Alternative Song 2,44.79466629,45.20000076,656,7406,24000,present,https://rfcx-streams-production.s3.eu-west-1.amazonaws.com/2019/05/21/te1h471bonyj/8b75a2cf-593b-8b84-f4a9-152b9617c07f.flac?X-Amz-Algorithm=AWS4-HMAC-SHA256&X-Amz-Content-Sha256=UNSIGNED-PAYLOAD&X-Amz-Credential=AKIA45B7YWBX5HAZMGOU%2F20260223%2Feu-west-1%2Fs3%2Faws4_request&X-Amz-Date=20260223T000748Z&X-Amz-Expires=604800&X-Amz-Signature=4d0849e43dae3b066692797200a2ee9fce661f8d1a1eeb63b9dd4f06e2106228&X-Amz-SignedHeaders=host&response-content-disposition=attachment%3B%20filename%3D8b75a2cf-593b-8b84-f4a9-152b9617c07f.flac&x-id=GetObject,0.251006454,5637
MRam-2019-05-22_07-00.flac,2019 Markham Ravine,2019,5,22,7,0,Agelaius tricolor,Alternative Song 2,41.34933472,41.75466537,656,7406,24000,present,https://rfcx-streams-production.s3.eu-west-1.amazonaws.com/2019/05/22/te1h471bonyj/bab3700d-379e-a40b-4111-edb3edd74445.flac?X-Amz-Algorithm=AWS4-HMAC-SHA256&X-Amz-Content-Sha256=UNSIGNED-PAYLOAD&X-Amz-Credential=AKIA45B7YWBX5HAZMGOU%2F20260223%2Feu-west-1%2Fs3%2Faws4_request&X-Amz-Date=20260223T000746Z&X-Amz-Expires=604800&X-Amz-Signature=45720fbbf2df467173be4e816fcfd8693dfe64a9b9a751ce55b9923e0b0b69b2&X-Amz-SignedHeaders=host&response-content-disposition=attachment%3B%20filename%3Dbab3700d-379e-a40b-4111-edb3edd74445.flac&x-id=GetObject,0.284412622,5637
MRam-2019-05-22_08-20.flac,2019 Markham Ravine,2019,5,22,8,20,Agelaius tricolor,Alternative Song 2,50.97066498,51.37599945,656,7406,24000,present,https://rfcx-streams-production.s3.eu-west-1.amazonaws.com/2019/05/22/te1h471bonyj/0c676320-00e1-4325-f51f-76465c11dbb2.flac?X-Amz-Algorithm=AWS4-HMAC-SHA256&X-Amz-Content-Sha256=UNSIGNED-PAYLOAD&X-Amz-Credential=AKIA45B7YWBX5HAZMGOU%2F20260223%2Feu-west-1%2Fs3%2Faws4_request&X-Amz-Date=20260223T000748Z&X-Amz-Expires=604800&X-Amz-Signature=a6d41444126000fb8ae61cb76ac8667cc319e6208e50834cbbfc2ad9ef664669&X-Amz-SignedHeaders=host&response-content-disposition=attachment%3B%20filename%3D0c676320-00e1-4325-f51f-76465c11dbb2.flac&x-id=GetObject,0.270708233,5637
MRam-2019-05-22_08-40.flac,2019 Markham Ravine,2019,5,22,8,40,Agelaius tricolor,Alternative Song 2,32.7519989,33.15733337,656,7406,24000,present,https://rfcx-streams-production.s3.eu-west-1.amazonaws.com/2019/05/22/te1h471bonyj/b69b2960-096a-d7f0-b0a5-ae5919daddf3.flac?X-Amz-Algorithm=AWS4-HMAC-SHA256&X-Amz-Content-Sha256=UNSIGNED-PAYLOAD&X-Amz-Credential=AKIA45B7YWBX5HAZMGOU%2F20260223%2Feu-west-1%2Fs3%2Faws4_request&X-Amz-Date=20260223T000748Z&X-Amz-Expires=604800&X-Amz-Signature=8f3e184bf97c8f067337dbd84b613b087940daca92c26d5ede86a63b1ee20c03&X-Amz-SignedHeaders=host&response-content-disposition=attachment%3B%20filename%3Db69b2960-096a-d7f0-b0a5-ae5919daddf3.flac&x-id=GetObject,0.273155689,5637
MRam-2019-05-22_09-40.flac,2019 Markham Ravine,2019,5,22,9,40,Agelaius tricolor,Alternative Song 2,22.58133316,22.98666573,656,7406,24000,present,https://rfcx-streams-production.s3.eu-west-1.amazonaws.com/2019/05/22/te1h471bonyj/0d1bc5f9-5b2b-0f10-ffd9-7c051e93ef9e.flac?X-Amz-Algorithm=AWS4-HMAC-SHA256&X-Amz-Content-Sha256=UNSIGNED-PAYLOAD&X-Amz-Credential=AKIA45B7YWBX5HAZMGOU%2F20260223%2Feu-west-1%2Fs3%2Faws4_request&X-Amz-Date=20260223T000748Z&X-Amz-Expires=604800&X-Amz-Signature=b63213178a6d098a0ec956b36e6d9f948f1c243156028eedb04792b50eccced5&X-Amz-SignedHeaders=host&response-content-disposition=attachment%3B%20filename%3D0d1bc5f9-5b2b-0f10-ffd9-7c051e93ef9e.flac&x-id=GetObject,0.266045988,5637
MRam-2019-05-22_10-00.flac,2019 Markham Ravine,2019,5,22,10,0,Agelaius tricolor,Alternative Song 2,18.23466682,18.63999939,656,7406,24000,present,https://rfcx-streams-production.s3.eu-west-1.amazonaws.com/2019/05/22/te1h471bonyj/22935556-275d-8da5-19a2-fe9f89dc3022.flac?X-Amz-Algorithm=AWS4-HMAC-SHA256&X-Amz-Content-Sha256=UNSIGNED-PAYLOAD&X-Amz-Credential=AKIA45B7YWBX5HAZMGOU%2F20260223%2Feu-west-1%2Fs3%2Faws4_request&X-Amz-Date=20260223T000746Z&X-Amz-Expires=604800&X-Amz-Signature=99e167fa2caa1d73601362be421789a27708e28ab12089d705f7214aece91cfa&X-Amz-SignedHeaders=host&response-content-disposition=attachment%3B%20filename%3D22935556-275d-8da5-19a2-fe9f89dc3022.flac&x-id=GetObject,0.235211805,5637
MRam-2019-05-22_10-20.flac,2019 Markham Ravine,2019,5,22,10,20,Agelaius tricolor,Alternative Song 2,44.05333328,44.45866776,656,7406,24000,present,https://rfcx-streams-production.s3.eu-west-1.amazonaws.com/2019/05/22/te1h471bonyj/d2dd8b36-b050-bba5-df5c-28c51152ab84.flac?X-Amz-Algorithm=AWS4-HMAC-SHA256&X-Amz-Content-Sha256=UNSIGNED-PAYLOAD&X-Amz-Credential=AKIA45B7YWBX5HAZMGOU%2F20260223%2Feu-west-1%2Fs3%2Faws4_request&X-Amz-Date=20260223T000748Z&X-Amz-Expires=604800&X-Amz-Signature=d88583c46aff598939aa5f6beaf43121f0f879ac1100356cbd27830e95682c33&X-Amz-SignedHeaders=host&response-content-disposition=attachment%3B%20filename%3Dd2dd8b36-b050-bba5-df5c-28c51152ab84.flac&x-id=GetObject,0.241057023,5637
MRam-2019-05-22_10-40.flac,2019 Markham Ravine,2019,5,22,10,40,Agelaius tricolor,Alternative Song 2,1.1146667,1.519999981,656,7406,24000,present,https://rfcx-streams-production.s3.eu-west-1.amazonaws.com/2019/05/22/te1h471bonyj/6e01cd3b-34d0-3757-da19-c765e7b2e0e8.flac?X-Amz-Algorithm=AWS4-HMAC-SHA256&X-Amz-Content-Sha256=UNSIGNED-PAYLOAD&X-Amz-Credential=AKIA45B7YWBX5HAZMGOU%2F20260223%2Feu-west-1%2Fs3%2Faws4_request&X-Amz-Date=20260223T000748Z&X-Amz-Expires=604800&X-Amz-Signature=6a7ae18d875ca72307c83eea56f2169081007102a208a6395cebb9b2fefd4356&X-Amz-SignedHeaders=host&response-content-disposition=attachment%3B%20filename%3D6e01cd3b-34d0-3757-da19-c765e7b2e0e8.flac&x-id=GetObject,0.320925176,5637
MRam-2019-05-22_11-00.flac,2019 Markham Ravine,2019,5,22,11,0,Agelaius tricolor,Alternative Song 2,25.00266647,25.40800095,656,7406,24000,present,https://rfcx-streams-production.s3.eu-west-1.amazonaws.com/2019/05/22/te1h471bonyj/b7ee77f6-1fb0-f297-6cc8-a9969eca61c4.flac?X-Amz-Algorithm=AWS4-HMAC-SHA256&X-Amz-Content-Sha256=UNSIGNED-PAYLOAD&X-Amz-Credential=AKIA45B7YWBX5HAZMGOU%2F20260223%2Feu-west-1%2Fs3%2Faws4_request&X-Amz-Date=20260223T000746Z&X-Amz-Expires=604800&X-Amz-Signature=48e7d734f0f43ee790a580d0bfc9b924a56b30fc701fff4cf2eed1bbfb147b2f&X-Amz-SignedHeaders=host&response-content-disposition=attachment%3B%20filename%3Db7ee77f6-1fb0-f297-6cc8-a9969eca61c4.flac&x-id=GetObject,0.252744973,5637
MRam-2019-05-22_12-40.flac,2019 Markham Ravine,2019,5,22,12,40,Agelaius tricolor,Alternative Song 2,48.19200134,48.597332,656,7406,24000,present,https://rfcx-streams-production.s3.eu-west-1.amazonaws.com/2019/05/22/te1h471bonyj/18a33781-1da3-9cdb-83f7-c70381b380e7.flac?X-Amz-Algorithm=AWS4-HMAC-SHA256&X-Amz-Content-Sha256=UNSIGNED-PAYLOAD&X-Amz-Credential=AKIA45B7YWBX5HAZMGOU%2F20260223%2Feu-west-1%2Fs3%2Faws4_request&X-Amz-Date=20260223T000748Z&X-Amz-Expires=604800&X-Amz-Signature=06f3f6b18db0f1509dc732cd465c18560e994870833acd0d2c160dab4d27155b&X-Amz-SignedHeaders=host&response-content-disposition=attachment%3B%20filename%3D18a33781-1da3-9cdb-83f7-c70381b380e7.flac&x-id=GetObject,0.245130256,5637
MRam-2019-05-22_13-00.flac,2019 Markham Ravine,2019,5,22,13,0,Agelaius tricolor,Alternative Song 2,50.88000107,51.28533173,656,7406,24000,present,https://rfcx-streams-production.s3.eu-west-1.amazonaws.com/2019/05/22/te1h471bonyj/6e633ce7-72e2-2458-2013-8ea25bf4269e.flac?X-Amz-Algorithm=AWS4-HMAC-SHA256&X-Amz-Content-Sha256=UNSIGNED-PAYLOAD&X-Amz-Credential=AKIA45B7YWBX5HAZMGOU%2F20260223%2Feu-west-1%2Fs3%2Faws4_request&X-Amz-Date=20260223T000746Z&X-Amz-Expires=604800&X-Amz-Signature=356a16b0f6d2c075980f5e91237e088d0854e595845ef7b0906fd7aa20d2e71d&X-Amz-SignedHeaders=host&response-content-disposition=attachment%3B%20filename%3D6e633ce7-72e2-2458-2013-8ea25bf4269e.flac&x-id=GetObject,0.254094183,5637
MRam-2019-05-22_13-20.flac,2019 Markham Ravine,2019,5,22,13,20,Agelaius tricolor,Alternative Song 2,25.18400002,25.58933258,656,7406,24000,present,https://rfcx-streams-production.s3.eu-west-1.amazonaws.com/2019/05/22/te1h471bonyj/f837f744-23ad-d894-fac1-1c06399ad5f7.flac?X-Amz-Algorithm=AWS4-HMAC-SHA256&X-Amz-Content-Sha256=UNSIGNED-PAYLOAD&X-Amz-Credential=AKIA45B7YWBX5HAZMGOU%2F20260223%2Feu-west-1%2Fs3%2Faws4_request&X-Amz-Date=20260223T000748Z&X-Amz-Expires=604800&X-Amz-Signature=bfd833d833d04f3c6798e146a9f484e3d6038d1d23fa09ec383eaf1a8e939fb4&X-Amz-SignedHeaders=host&response-content-disposition=attachment%3B%20filename%3Df837f744-23ad-d894-fac1-1c06399ad5f7.flac&x-id=GetObject,0.247210592,5637
MRam-2019-05-22_14-20.flac,2019 Markham Ravine,2019,5,22,14,20,Agelaius tricolor,Alternative Song 2,58.36800003,58.7733345,656,7406,24000,present,https://rfcx-streams-production.s3.eu-west-1.amazonaws.com/2019/05/22/te1h471bonyj/3bcd52e6-eae5-5f47-9be7-d0d94ae86208.flac?X-Amz-Algorithm=AWS4-HMAC-SHA256&X-Amz-Content-Sha256=UNSIGNED-PAYLOAD&X-Amz-Credential=AKIA45B7YWBX5HAZMGOU%2F20260223%2Feu-west-1%2Fs3%2Faws4_request&X-Amz-Date=20260223T000748Z&X-Amz-Expires=604800&X-Amz-Signature=5f43e94c57bd373da3fe9d34b9df45e80a7354a731626598c115f57cd94794ff&X-Amz-SignedHeaders=host&response-content-disposition=attachment%3B%20filename%3D3bcd52e6-eae5-5f47-9be7-d0d94ae86208.flac&x-id=GetObject,0.240457833,5637
MRam-2019-05-22_15-20.flac,2019 Markham Ravine,2019,5,22,15,20,Agelaius tricolor,Alternative Song 2,17.35466576,17.76000023,656,7406,24000,present,https://rfcx-streams-production.s3.eu-west-1.amazonaws.com/2019/05/22/te1h471bonyj/dbb8c923-98d3-874c-0a7b-bdb1e2c704c8.flac?X-Amz-Algorithm=AWS4-HMAC-SHA256&X-Amz-Content-Sha256=UNSIGNED-PAYLOAD&X-Amz-Credential=AKIA45B7YWBX5HAZMGOU%2F20260223%2Feu-west-1%2Fs3%2Faws4_request&X-Amz-Date=20260223T000748Z&X-Amz-Expires=604800&X-Amz-Signature=566ffa4b6de58f397907fe1a1179a6a334737dfba2a3b91df405280f8b3ec622&X-Amz-SignedHeaders=host&response-content-disposition=attachment%3B%20filename%3Ddbb8c923-98d3-874c-0a7b-bdb1e2c704c8.flac&x-id=GetObject,0.244333073,5637
MRam-2019-05-22_15-40.flac,2019 Markham Ravine,2019,5,22,15,40,Agelaius tricolor,Alternative Song 2,1.429333329,1.83466661,656,7406,24000,present,https://rfcx-streams-production.s3.eu-west-1.amazonaws.com/2019/05/22/te1h471bonyj/190fdab2-d186-06d6-001d-25fa54f76849.flac?X-Amz-Algorithm=AWS4-HMAC-SHA256&X-Amz-Content-Sha256=UNSIGNED-PAYLOAD&X-Amz-Credential=AKIA45B7YWBX5HAZMGOU%2F20260223%2Feu-west-1%2Fs3%2Faws4_request&X-Amz-Date=20260223T000748Z&X-Amz-Expires=604800&X-Amz-Signature=9ac654f28f24c2e31c8ec9898e2d9ab0b331d464465a784456f52f05594843f9&X-Amz-SignedHeaders=host&response-content-disposition=attachment%3B%20filename%3D190fdab2-d186-06d6-001d-25fa54f76849.flac&x-id=GetObject,0.283483773,5637
MRam-2019-05-22_16-00.flac,2019 Markham Ravine,2019,5,22,16,0,Agelaius tricolor,Alternative Song 2,1.360000014,1.765333295,656,7406,24000,present,https://rfcx-streams-production.s3.eu-west-1.amazonaws.com/2019/05/22/te1h471bonyj/657ceac6-b20a-8ddb-fe58-3a7ec96374a5.flac?X-Amz-Algorithm=AWS4-HMAC-SHA256&X-Amz-Content-Sha256=UNSIGNED-PAYLOAD&X-Amz-Credential=AKIA45B7YWBX5HAZMGOU%2F20260223%2Feu-west-1%2Fs3%2Faws4_request&X-Amz-Date=20260223T000746Z&X-Amz-Expires=604800&X-Amz-Signature=78414781130040c290161fc58187ac69d0ed09f250ff4ce2c05ad0addfaaafc3&X-Amz-SignedHeaders=host&response-content-disposition=attachment%3B%20filename%3D657ceac6-b20a-8ddb-fe58-3a7ec96374a5.flac&x-id=GetObject,0.239901111,5637
MRam-2019-05-22_17-00.flac,2019 Markham Ravine,2019,5,22,17,0,Agelaius tricolor,Alternative Song 2,45.57333374,45.97866821,656,7406,24000,present,https://rfcx-streams-production.s3.eu-west-1.amazonaws.com/2019/05/22/te1h471bonyj/6a5ff174-03e9-1431-5bc0-9d918cfb4727.flac?X-Amz-Algorithm=AWS4-HMAC-SHA256&X-Amz-Content-Sha256=UNSIGNED-PAYLOAD&X-Amz-Credential=AKIA45B7YWBX5HAZMGOU%2F20260223%2Feu-west-1%2Fs3%2Faws4_request&X-Amz-Date=20260223T000746Z&X-Amz-Expires=604800&X-Amz-Signature=3b9138ef8b86f30183d3c978d7cd04409add560c7f44f8316e617da0e455b4e2&X-Amz-SignedHeaders=host&response-content-disposition=attachment%3B%20filename%3D6a5ff174-03e9-1431-5bc0-9d918cfb4727.flac&x-id=GetObject,0.211003318,5637
MRam-2019-05-22_17-20.flac,2019 Markham Ravine,2019,5,22,17,20,Agelaius tricolor,Alternative Song 2,56.26133347,56.66666794,656,7406,24000,present,https://rfcx-streams-production.s3.eu-west-1.amazonaws.com/2019/05/22/te1h471bonyj/360b7872-5b11-f48e-ebbe-1b6729ba149a.flac?X-Amz-Algorithm=AWS4-HMAC-SHA256&X-Amz-Content-Sha256=UNSIGNED-PAYLOAD&X-Amz-Credential=AKIA45B7YWBX5HAZMGOU%2F20260223%2Feu-west-1%2Fs3%2Faws4_request&X-Amz-Date=20260223T000748Z&X-Amz-Expires=604800&X-Amz-Signature=1735d5b2154178cf261c4c007235a3f088a3d93d922c78d441fdb1d35ed93337&X-Amz-SignedHeaders=host&response-content-disposition=attachment%3B%20filename%3D360b7872-5b11-f48e-ebbe-1b6729ba149a.flac&x-id=GetObject,0.224998325,5637
MRam-2019-05-22_18-00.flac,2019 Markham Ravine,2019,5,22,18,0,Agelaius tricolor,Alternative Song 2,47.14133453,47.54666519,656,7406,24000,present,https://rfcx-streams-production.s3.eu-west-1.amazonaws.com/2019/05/22/te1h471bonyj/55142725-9b2a-2a0e-4e86-562c9aea1419.flac?X-Amz-Algorithm=AWS4-HMAC-SHA256&X-Amz-Content-Sha256=UNSIGNED-PAYLOAD&X-Amz-Credential=AKIA45B7YWBX5HAZMGOU%2F20260223%2Feu-west-1%2Fs3%2Faws4_request&X-Amz-Date=20260223T000746Z&X-Amz-Expires=604800&X-Amz-Signature=ea44a2e1065a775c2f5ba0c649402a8f57b42b922e4ccfee6b22ceccdf49eb72&X-Amz-SignedHeaders=host&response-content-disposition=attachment%3B%20filename%3D55142725-9b2a-2a0e-4e86-562c9aea1419.flac&x-id=GetObject,0.271995455,5637
MRam-2019-05-22_18-20.flac,2019 Markham Ravine,2019,5,22,18,20,Agelaius tricolor,Alternative Song 2,45.58399963,45.98933411,656,7406,24000,present,https://rfcx-streams-production.s3.eu-west-1.amazonaws.com/2019/05/22/te1h471bonyj/895f0594-304c-32a1-5a1d-c0f240d4416c.flac?X-Amz-Algorithm=AWS4-HMAC-SHA256&X-Amz-Content-Sha256=UNSIGNED-PAYLOAD&X-Amz-Credential=AKIA45B7YWBX5HAZMGOU%2F20260223%2Feu-west-1%2Fs3%2Faws4_request&X-Amz-Date=20260223T000748Z&X-Amz-Expires=604800&X-Amz-Signature=2fe6364fe377a2e93c882a5dc48c09ffc482ee848ca0739aa40626da22804f76&X-Amz-SignedHeaders=host&response-content-disposition=attachment%3B%20filename%3D895f0594-304c-32a1-5a1d-c0f240d4416c.flac&x-id=GetObject,0.249058798,5637
MRam-2019-05-22_19-20.flac,2019 Markham Ravine,2019,5,22,19,20,Agelaius tricolor,Alternative Song 2,22.34666634,22.75200081,656,7406,24000,present,https://rfcx-streams-production.s3.eu-west-1.amazonaws.com/2019/05/22/te1h471bonyj/2ab21d72-15c3-9556-45a7-20cfa34604ac.flac?X-Amz-Algorithm=AWS4-HMAC-SHA256&X-Amz-Content-Sha256=UNSIGNED-PAYLOAD&X-Amz-Credential=AKIA45B7YWBX5HAZMGOU%2F20260223%2Feu-west-1%2Fs3%2Faws4_request&X-Amz-Date=20260223T000748Z&X-Amz-Expires=604800&X-Amz-Signature=4db7dc382b34856874fad769ef267fd21903c2712863ce9868bf37f4a7cdbaad&X-Amz-SignedHeaders=host&response-content-disposition=attachment%3B%20filename%3D2ab21d72-15c3-9556-45a7-20cfa34604ac.flac&x-id=GetObject,0.227440104,5637
MRam-2019-05-22_20-00.flac,2019 Markham Ravine,2019,5,22,20,0,Agelaius tricolor,Alternative Song 2,8.048000336,8.453332901,656,7406,24000,present,https://rfcx-streams-production.s3.eu-west-1.amazonaws.com/2019/05/22/te1h471bonyj/c76edd2a-0636-9779-8383-fa461a77605e.flac?X-Amz-Algorithm=AWS4-HMAC-SHA256&X-Amz-Content-Sha256=UNSIGNED-PAYLOAD&X-Amz-Credential=AKIA45B7YWBX5HAZMGOU%2F20260223%2Feu-west-1%2Fs3%2Faws4_request&X-Amz-Date=20260223T000746Z&X-Amz-Expires=604800&X-Amz-Signature=2660fb07ad8d270dfe83c9445d794175877ac90606a574d2d81ef28ede084e6d&X-Amz-SignedHeaders=host&response-content-disposition=attachment%3B%20filename%3Dc76edd2a-0636-9779-8383-fa461a77605e.flac&x-id=GetObject,0.31699267,5637
MRam-2019-05-23_05-40.flac,2019 Markham Ravine,2019,5,23,5,40,Agelaius tricolor,Alternative Song 2,32.33066559,32.73600006,656,7406,24000,present,https://rfcx-streams-production.s3.eu-west-1.amazonaws.com/2019/05/22/te1h471bonyj/9a8e30a4-c065-81e2-502d-535ef14d8687.flac?X-Amz-Algorithm=AWS4-HMAC-SHA256&X-Amz-Content-Sha256=UNSIGNED-PAYLOAD&X-Amz-Credential=AKIA45B7YWBX5HAZMGOU%2F20260223%2Feu-west-1%2Fs3%2Faws4_request&X-Amz-Date=20260223T000748Z&X-Amz-Expires=604800&X-Amz-Signature=97c7d47b5a6b2ebdbfcb26e588d7b3d145a03f7265e15b2659fb955d29549f8b&X-Amz-SignedHeaders=host&response-content-disposition=attachment%3B%20filename%3D9a8e30a4-c065-81e2-502d-535ef14d8687.flac&x-id=GetObject,0.269147098,5637
MRam-2019-05-23_06-20.flac,2019 Markham Ravine,2019,5,23,6,20,Agelaius tricolor,Alternative Song 2,39.50400162,39.90933228,656,7406,24000,present,https://rfcx-streams-production.s3.eu-west-1.amazonaws.com/2019/05/22/te1h471bonyj/4defab23-0314-3cba-0551-3bb6c4c51195.flac?X-Amz-Algorithm=AWS4-HMAC-SHA256&X-Amz-Content-Sha256=UNSIGNED-PAYLOAD&X-Amz-Credential=AKIA45B7YWBX5HAZMGOU%2F20260223%2Feu-west-1%2Fs3%2Faws4_request&X-Amz-Date=20260223T000748Z&X-Amz-Expires=604800&X-Amz-Signature=c19b094a7a60f9f70a10052bdddbae719edef824b08b0603a715eb2a2d572cf8&X-Amz-SignedHeaders=host&response-content-disposition=attachment%3B%20filename%3D4defab23-0314-3cba-0551-3bb6c4c51195.flac&x-id=GetObject,0.293202221,5637
MRam-2019-05-23_06-40.flac,2019 Markham Ravine,2019,5,23,6,40,Agelaius tricolor,Alternative Song 2,39.58933258,39.99466705,656,7406,24000,present,https://rfcx-streams-production.s3.eu-west-1.amazonaws.com/2019/05/22/te1h471bonyj/9477f0cf-508e-babc-2c43-41ab3990486b.flac?X-Amz-Algorithm=AWS4-HMAC-SHA256&X-Amz-Content-Sha256=UNSIGNED-PAYLOAD&X-Amz-Credential=AKIA45B7YWBX5HAZMGOU%2F20260223%2Feu-west-1%2Fs3%2Faws4_request&X-Amz-Date=20260223T000748Z&X-Amz-Expires=604800&X-Amz-Signature=c07b45231bdc5871cb10decb8bc942ede7af0c7399c583e17a653ddbf8eaf877&X-Amz-SignedHeaders=host&response-content-disposition=attachment%3B%20filename%3D9477f0cf-508e-babc-2c43-41ab3990486b.flac&x-id=GetObject,0.254320592,5637
MRam-2019-05-23_07-00.flac,2019 Markham Ravine,2019,5,23,7,0,Agelaius tricolor,Alternative Song 2,17.65333366,18.05866623,656,7406,24000,present,https://rfcx-streams-production.s3.eu-west-1.amazonaws.com/2019/05/23/te1h471bonyj/337a2518-bb42-5bb1-b727-f5d3da2ef1c8.flac?X-Amz-Algorithm=AWS4-HMAC-SHA256&X-Amz-Content-Sha256=UNSIGNED-PAYLOAD&X-Amz-Credential=AKIA45B7YWBX5HAZMGOU%2F20260223%2Feu-west-1%2Fs3%2Faws4_request&X-Amz-Date=20260223T000746Z&X-Amz-Expires=604800&X-Amz-Signature=d448a791c50662826abd2851e30dc7579e313bef2ac244401664345940a73a45&X-Amz-SignedHeaders=host&response-content-disposition=attachment%3B%20filename%3D337a2518-bb42-5bb1-b727-f5d3da2ef1c8.flac&x-id=GetObject,0.260160953,5637
MRam-2019-05-23_07-20.flac,2019 Markham Ravine,2019,5,23,7,20,Agelaius tricolor,Alternative Song 2,19.04533386,19.45066643,656,7406,24000,present,https://rfcx-streams-production.s3.eu-west-1.amazonaws.com/2019/05/23/te1h471bonyj/2b4acff8-b996-64ee-ea43-a219fc47e05b.flac?X-Amz-Algorithm=AWS4-HMAC-SHA256&X-Amz-Content-Sha256=UNSIGNED-PAYLOAD&X-Amz-Credential=AKIA45B7YWBX5HAZMGOU%2F20260223%2Feu-west-1%2Fs3%2Faws4_request&X-Amz-Date=20260223T000748Z&X-Amz-Expires=604800&X-Amz-Signature=67a99640011f542b8d3b49847d98e37a22b5863a67ae21b9980624b92e3fcf02&X-Amz-SignedHeaders=host&response-content-disposition=attachment%3B%20filename%3D2b4acff8-b996-64ee-ea43-a219fc47e05b.flac&x-id=GetObject,0.269412965,5637
MRam-2019-05-23_09-40.flac,2019 Markham Ravine,2019,5,23,9,40,Agelaius tricolor,Alternative Song 2,50.69866562,51.10400009,656,7406,24000,present,https://rfcx-streams-production.s3.eu-west-1.amazonaws.com/2019/05/23/te1h471bonyj/99613514-2209-2810-0ff4-a526ca42c033.flac?X-Amz-Algorithm=AWS4-HMAC-SHA256&X-Amz-Content-Sha256=UNSIGNED-PAYLOAD&X-Amz-Credential=AKIA45B7YWBX5HAZMGOU%2F20260223%2Feu-west-1%2Fs3%2Faws4_request&X-Amz-Date=20260223T000748Z&X-Amz-Expires=604800&X-Amz-Signature=99d80e88eac275793e9f3249847f5ba6f9821f70aa0a8102c0cb76cfdc5d8b6e&X-Amz-SignedHeaders=host&response-content-disposition=attachment%3B%20filename%3D99613514-2209-2810-0ff4-a526ca42c033.flac&x-id=GetObject,0.240764797,5637
MRam-2019-05-23_11-00.flac,2019 Markham Ravine,2019,5,23,11,0,Agelaius tricolor,Alternative Song 2,44.54399872,44.94933319,656,7406,24000,present,https://rfcx-streams-production.s3.eu-west-1.amazonaws.com/2019/05/23/te1h471bonyj/da1c554a-5e45-c9b7-974a-3367fc8672b0.flac?X-Amz-Algorithm=AWS4-HMAC-SHA256&X-Amz-Content-Sha256=UNSIGNED-PAYLOAD&X-Amz-Credential=AKIA45B7YWBX5HAZMGOU%2F20260223%2Feu-west-1%2Fs3%2Faws4_request&X-Amz-Date=20260223T000746Z&X-Amz-Expires=604800&X-Amz-Signature=04ce9234b955c14eeae2cf74d20d98758cef9bdffd96cbaa23e5d6025e2fca20&X-Amz-SignedHeaders=host&response-content-disposition=attachment%3B%20filename%3Dda1c554a-5e45-c9b7-974a-3367fc8672b0.flac&x-id=GetObject,0.215436637,5637
MRam-2019-05-23_11-20.flac,2019 Markham Ravine,2019,5,23,11,20,Agelaius tricolor,Alternative Song 2,57.39199829,57.79733276,656,7406,24000,present,https://rfcx-streams-production.s3.eu-west-1.amazonaws.com/2019/05/23/te1h471bonyj/995d88a3-f267-e999-c452-cf239a439bc6.flac?X-Amz-Algorithm=AWS4-HMAC-SHA256&X-Amz-Content-Sha256=UNSIGNED-PAYLOAD&X-Amz-Credential=AKIA45B7YWBX5HAZMGOU%2F20260223%2Feu-west-1%2Fs3%2Faws4_request&X-Amz-Date=20260223T000748Z&X-Amz-Expires=604800&X-Amz-Signature=38e2c54052ca8c1e9b8cb4ac1cec4850111b1d3b42456844ab34c2a59eac84d4&X-Amz-SignedHeaders=host&response-content-disposition=attachment%3B%20filename%3D995d88a3-f267-e999-c452-cf239a439bc6.flac&x-id=GetObject,0.268807083,5637
MRam-2019-05-23_11-40.flac,2019 Markham Ravine,2019,5,23,11,40,Agelaius tricolor,Alternative Song 2,34.7733345,35.17866516,656,7406,24000,present,https://rfcx-streams-production.s3.eu-west-1.amazonaws.com/2019/05/23/te1h471bonyj/17136c06-27d0-122d-4218-85317b9658ae.flac?X-Amz-Algorithm=AWS4-HMAC-SHA256&X-Amz-Content-Sha256=UNSIGNED-PAYLOAD&X-Amz-Credential=AKIA45B7YWBX5HAZMGOU%2F20260223%2Feu-west-1%2Fs3%2Faws4_request&X-Amz-Date=20260223T000748Z&X-Amz-Expires=604800&X-Amz-Signature=aa6078d65e2f8d585e44b3e089f83189e7b909dbcbe30f26476b43fe1e0fc710&X-Amz-SignedHeaders=host&response-content-disposition=attachment%3B%20filename%3D17136c06-27d0-122d-4218-85317b9658ae.flac&x-id=GetObject,0.218592316,5637
MRam-2019-05-23_12-00.flac,2019 Markham Ravine,2019,5,23,12,0,Agelaius tricolor,Alternative Song 2,47.0613327,47.46666718,656,7406,24000,present,https://rfcx-streams-production.s3.eu-west-1.amazonaws.com/2019/05/23/te1h471bonyj/fd9dc0eb-ccdc-bdd4-c7d4-cc14c1080deb.flac?X-Amz-Algorithm=AWS4-HMAC-SHA256&X-Amz-Content-Sha256=UNSIGNED-PAYLOAD&X-Amz-Credential=AKIA45B7YWBX5HAZMGOU%2F20260223%2Feu-west-1%2Fs3%2Faws4_request&X-Amz-Date=20260223T000746Z&X-Amz-Expires=604800&X-Amz-Signature=6de546cbe5d19d243e7ee22823b60f4898d6b97cb9dee008af6bcfb1ec4a0538&X-Amz-SignedHeaders=host&response-content-disposition=attachment%3B%20filename%3Dfd9dc0eb-ccdc-bdd4-c7d4-cc14c1080deb.flac&x-id=GetObject,0.329970688,5637
MRam-2019-05-23_12-20.flac,2019 Markham Ravine,2019,5,23,12,20,Agelaius tricolor,Alternative Song 2,27.2373333,27.64266586,656,7406,24000,present,https://rfcx-streams-production.s3.eu-west-1.amazonaws.com/2019/05/23/te1h471bonyj/1135a448-13a3-5e14-7b5b-85bb22106041.flac?X-Amz-Algorithm=AWS4-HMAC-SHA256&X-Amz-Content-Sha256=UNSIGNED-PAYLOAD&X-Amz-Credential=AKIA45B7YWBX5HAZMGOU%2F20260223%2Feu-west-1%2Fs3%2Faws4_request&X-Amz-Date=20260223T000748Z&X-Amz-Expires=604800&X-Amz-Signature=249888bebe8180d326f8c68bf02fdb442b06f443fb302935cd76a4082b077763&X-Amz-SignedHeaders=host&response-content-disposition=attachment%3B%20filename%3D1135a448-13a3-5e14-7b5b-85bb22106041.flac&x-id=GetObject,0.239832476,5637
MRam-2019-05-23_12-40.flac,2019 Markham Ravine,2019,5,23,12,40,Agelaius tricolor,Alternative Song 2,14.94400024,15.34933376,656,7406,24000,present,https://rfcx-streams-production.s3.eu-west-1.amazonaws.com/2019/05/23/te1h471bonyj/ec8498be-4b58-e09b-2b75-c674be32fc11.flac?X-Amz-Algorithm=AWS4-HMAC-SHA256&X-Amz-Content-Sha256=UNSIGNED-PAYLOAD&X-Amz-Credential=AKIA45B7YWBX5HAZMGOU%2F20260223%2Feu-west-1%2Fs3%2Faws4_request&X-Amz-Date=20260223T000748Z&X-Amz-Expires=604800&X-Amz-Signature=7b97b182bcaee8c29d4460a6a05328ba07b963f7e4415330af16f881c9dbc0f1&X-Amz-SignedHeaders=host&response-content-disposition=attachment%3B%20filename%3Dec8498be-4b58-e09b-2b75-c674be32fc11.flac&x-id=GetObject,0.308531761,5637
MRam-2019-05-23_13-20.flac,2019 Markham Ravine,2019,5,23,13,20,Agelaius tricolor,Alternative Song 2,59.39199829,59.79733276,656,7406,24000,present,https://rfcx-streams-production.s3.eu-west-1.amazonaws.com/2019/05/23/te1h471bonyj/281eefb1-077f-2b3c-542c-333cca9dd53a.flac?X-Amz-Algorithm=AWS4-HMAC-SHA256&X-Amz-Content-Sha256=UNSIGNED-PAYLOAD&X-Amz-Credential=AKIA45B7YWBX5HAZMGOU%2F20260223%2Feu-west-1%2Fs3%2Faws4_request&X-Amz-Date=20260223T000748Z&X-Amz-Expires=604800&X-Amz-Signature=51bfaa4dd9345557648c0859e7778030756eb4bc75a472e8e05e12c25353473a&X-Amz-SignedHeaders=host&response-content-disposition=attachment%3B%20filename%3D281eefb1-077f-2b3c-542c-333cca9dd53a.flac&x-id=GetObject,0.33484748,5637
MRam-2019-05-23_13-40.flac,2019 Markham Ravine,2019,5,23,13,40,Agelaius tricolor,Alternative Song 2,5.509333134,5.914666653,656,7406,24000,present,https://rfcx-streams-production.s3.eu-west-1.amazonaws.com/2019/05/23/te1h471bonyj/d8e35a7c-ddcb-7361-f737-10d5c3987dce.flac?X-Amz-Algorithm=AWS4-HMAC-SHA256&X-Amz-Content-Sha256=UNSIGNED-PAYLOAD&X-Amz-Credential=AKIA45B7YWBX5HAZMGOU%2F20260223%2Feu-west-1%2Fs3%2Faws4_request&X-Amz-Date=20260223T000748Z&X-Amz-Expires=604800&X-Amz-Signature=406e242186e34404e466ea2e509e12f8c97b4189c8f675ac9df698107c35fe90&X-Amz-SignedHeaders=host&response-content-disposition=attachment%3B%20filename%3Dd8e35a7c-ddcb-7361-f737-10d5c3987dce.flac&x-id=GetObject,0.283058465,5637
MRam-2019-05-23_14-00.flac,2019 Markham Ravine,2019,5,23,14,0,Agelaius tricolor,Alternative Song 2,24.04800034,24.4533329,656,7406,24000,present,https://rfcx-streams-production.s3.eu-west-1.amazonaws.com/2019/05/23/te1h471bonyj/63d6182c-11da-26e0-0d02-77dc5734e9cb.flac?X-Amz-Algorithm=AWS4-HMAC-SHA256&X-Amz-Content-Sha256=UNSIGNED-PAYLOAD&X-Amz-Credential=AKIA45B7YWBX5HAZMGOU%2F20260223%2Feu-west-1%2Fs3%2Faws4_request&X-Amz-Date=20260223T000746Z&X-Amz-Expires=604800&X-Amz-Signature=87b3b8917280f9ca1a7d2e5c1602fd6dcde85adacf77d13a233eb12a73ea29b9&X-Amz-SignedHeaders=host&response-content-disposition=attachment%3B%20filename%3D63d6182c-11da-26e0-0d02-77dc5734e9cb.flac&x-id=GetObject,0.212451071,5637
MRam-2019-05-23_14-20.flac,2019 Markham Ravine,2019,5,23,14,20,Agelaius tricolor,Alternative Song 2,32.01066589,32.41600037,656,7406,24000,present,https://rfcx-streams-production.s3.eu-west-1.amazonaws.com/2019/05/23/te1h471bonyj/aa04c53e-30e6-224b-7226-d64174b1b80b.flac?X-Amz-Algorithm=AWS4-HMAC-SHA256&X-Amz-Content-Sha256=UNSIGNED-PAYLOAD&X-Amz-Credential=AKIA45B7YWBX5HAZMGOU%2F20260223%2Feu-west-1%2Fs3%2Faws4_request&X-Amz-Date=20260223T000748Z&X-Amz-Expires=604800&X-Amz-Signature=d293e3852979ca96ed87e963320c2676392d9027834f1a9e83f093e0041ae271&X-Amz-SignedHeaders=host&response-content-disposition=attachment%3B%20filename%3Daa04c53e-30e6-224b-7226-d64174b1b80b.flac&x-id=GetObject,0.233872429,5637
MRam-2019-05-23_14-40.flac,2019 Markham Ravine,2019,5,23,14,40,Agelaius tricolor,Alternative Song 2,20.26133347,20.66666603,656,7406,24000,present,https://rfcx-streams-production.s3.eu-west-1.amazonaws.com/2019/05/23/te1h471bonyj/3dd5acd6-efd5-bcb1-8143-ca85b16c2abc.flac?X-Amz-Algorithm=AWS4-HMAC-SHA256&X-Amz-Content-Sha256=UNSIGNED-PAYLOAD&X-Amz-Credential=AKIA45B7YWBX5HAZMGOU%2F20260223%2Feu-west-1%2Fs3%2Faws4_request&X-Amz-Date=20260223T000748Z&X-Amz-Expires=604800&X-Amz-Signature=997680a602eee0a970306c4276241c5de137ee56a14076dcbaa87f096d2a2600&X-Amz-SignedHeaders=host&response-content-disposition=attachment%3B%20filename%3D3dd5acd6-efd5-bcb1-8143-ca85b16c2abc.flac&x-id=GetObject,0.279617965,5637
MRam-2019-05-23_15-00.flac,2019 Markham Ravine,2019,5,23,15,0,Agelaius tricolor,Alternative Song 2,54.10133362,54.50666809,656,7406,24000,present,https://rfcx-streams-production.s3.eu-west-1.amazonaws.com/2019/05/23/te1h471bonyj/2cd13ccd-c23f-29e3-4543-51f7a361a785.flac?X-Amz-Algorithm=AWS4-HMAC-SHA256&X-Amz-Content-Sha256=UNSIGNED-PAYLOAD&X-Amz-Credential=AKIA45B7YWBX5HAZMGOU%2F20260223%2Feu-west-1%2Fs3%2Faws4_request&X-Amz-Date=20260223T000746Z&X-Amz-Expires=604800&X-Amz-Signature=8305657b644980fc0a1f3ea69f0973f266a3c99aca73f5cf4a3523370e1bbc92&X-Amz-SignedHeaders=host&response-content-disposition=attachment%3B%20filename%3D2cd13ccd-c23f-29e3-4543-51f7a361a785.flac&x-id=GetObject,0.296553284,5637
MRam-2019-05-23_15-40.flac,2019 Markham Ravine,2019,5,23,15,40,Agelaius tricolor,Alternative Song 2,54.98666763,55.39199829,656,7406,24000,present,https://rfcx-streams-production.s3.eu-west-1.amazonaws.com/2019/05/23/te1h471bonyj/ab3b2974-dd39-8976-3d13-08e704f36484.flac?X-Amz-Algorithm=AWS4-HMAC-SHA256&X-Amz-Content-Sha256=UNSIGNED-PAYLOAD&X-Amz-Credential=AKIA45B7YWBX5HAZMGOU%2F20260223%2Feu-west-1%2Fs3%2Faws4_request&X-Amz-Date=20260223T000748Z&X-Amz-Expires=604800&X-Amz-Signature=badd4a33f32622ee927f8bd46f951b96607313aaf4df2b7987f3a9ca8ffe7550&X-Amz-SignedHeaders=host&response-content-disposition=attachment%3B%20filename%3Dab3b2974-dd39-8976-3d13-08e704f36484.flac&x-id=GetObject,0.256898433,5637
MRam-2019-05-23_16-00.flac,2019 Markham Ravine,2019,5,23,16,0,Agelaius tricolor,Alternative Song 2,21.79199982,22.19733238,656,7406,24000,present,https://rfcx-streams-production.s3.eu-west-1.amazonaws.com/2019/05/23/te1h471bonyj/eef745ef-1063-ae2b-5145-5bd70fe6ea81.flac?X-Amz-Algorithm=AWS4-HMAC-SHA256&X-Amz-Content-Sha256=UNSIGNED-PAYLOAD&X-Amz-Credential=AKIA45B7YWBX5HAZMGOU%2F20260223%2Feu-west-1%2Fs3%2Faws4_request&X-Amz-Date=20260223T000746Z&X-Amz-Expires=604800&X-Amz-Signature=2f99ca65c252f9c82fc02ffe15aa58ca4eeff03d084b30573c5727184acd0ca2&X-Amz-SignedHeaders=host&response-content-disposition=attachment%3B%20filename%3Deef745ef-1063-ae2b-5145-5bd70fe6ea81.flac&x-id=GetObject,0.274472773,5637
MRam-2019-05-23_16-20.flac,2019 Markham Ravine,2019,5,23,16,20,Agelaius tricolor,Alternative Song 2,27.16266632,27.56800079,656,7406,24000,present,https://rfcx-streams-production.s3.eu-west-1.amazonaws.com/2019/05/23/te1h471bonyj/0c4a8b19-7be7-dfdb-1043-cf4f0c894de1.flac?X-Amz-Algorithm=AWS4-HMAC-SHA256&X-Amz-Content-Sha256=UNSIGNED-PAYLOAD&X-Amz-Credential=AKIA45B7YWBX5HAZMGOU%2F20260223%2Feu-west-1%2Fs3%2Faws4_request&X-Amz-Date=20260223T000748Z&X-Amz-Expires=604800&X-Amz-Signature=186621908042972c6e79df3e3d123c929d9fb30a3f6cd0eba1664ac6ceaf5361&X-Amz-SignedHeaders=host&response-content-disposition=attachment%3B%20filename%3D0c4a8b19-7be7-dfdb-1043-cf4f0c894de1.flac&x-id=GetObject,0.289337724,5637
MRam-2019-05-23_16-40.flac,2019 Markham Ravine,2019,5,23,16,40,Agelaius tricolor,Alternative Song 2,55.41866684,55.82400131,656,7406,24000,present,https://rfcx-streams-production.s3.eu-west-1.amazonaws.com/2019/05/23/te1h471bonyj/412c05ea-534e-ba5e-f7da-f531d8e4609c.flac?X-Amz-Algorithm=AWS4-HMAC-SHA256&X-Amz-Content-Sha256=UNSIGNED-PAYLOAD&X-Amz-Credential=AKIA45B7YWBX5HAZMGOU%2F20260223%2Feu-west-1%2Fs3%2Faws4_request&X-Amz-Date=20260223T000748Z&X-Amz-Expires=604800&X-Amz-Signature=551ba0ff27e571d9038753c6445aeb4e7021be43a7624b978d0a21a412af0887&X-Amz-SignedHeaders=host&response-content-disposition=attachment%3B%20filename%3D412c05ea-534e-ba5e-f7da-f531d8e4609c.flac&x-id=GetObject,0.324512959,5637
MRam-2019-05-23_17-00.flac,2019 Markham Ravine,2019,5,23,17,0,Agelaius tricolor,Alternative Song 2,52.37333298,52.77866745,656,7406,24000,present,https://rfcx-streams-production.s3.eu-west-1.amazonaws.com/2019/05/23/te1h471bonyj/f83c710d-0ed1-f61c-7d0d-3617fa36d46a.flac?X-Amz-Algorithm=AWS4-HMAC-SHA256&X-Amz-Content-Sha256=UNSIGNED-PAYLOAD&X-Amz-Credential=AKIA45B7YWBX5HAZMGOU%2F20260223%2Feu-west-1%2Fs3%2Faws4_request&X-Amz-Date=20260223T000746Z&X-Amz-Expires=604800&X-Amz-Signature=d40dead428fee5dca8a3bf5610d5bafe00a1c2791a2084101f10278ec6f67aab&X-Amz-SignedHeaders=host&response-content-disposition=attachment%3B%20filename%3Df83c710d-0ed1-f61c-7d0d-3617fa36d46a.flac&x-id=GetObject,0.275090843,5637
MRam-2019-05-23_17-40.flac,2019 Markham Ravine,2019,5,23,17,40,Agelaius tricolor,Alternative Song 2,25.86666679,26.27199936,656,7406,24000,present,https://rfcx-streams-production.s3.eu-west-1.amazonaws.com/2019/05/23/te1h471bonyj/b63796ce-dcb6-42b1-beed-2598d62544e8.flac?X-Amz-Algorithm=AWS4-HMAC-SHA256&X-Amz-Content-Sha256=UNSIGNED-PAYLOAD&X-Amz-Credential=AKIA45B7YWBX5HAZMGOU%2F20260223%2Feu-west-1%2Fs3%2Faws4_request&X-Amz-Date=20260223T000748Z&X-Amz-Expires=604800&X-Amz-Signature=a7086b62710c95549e7549b1022d7612d6ac2052b33995603b923efc8676fd0b&X-Amz-SignedHeaders=host&response-content-disposition=attachment%3B%20filename%3Db63796ce-dcb6-42b1-beed-2598d62544e8.flac&x-id=GetObject,0.234452486,5637
MRam-2019-05-23_18-40.flac,2019 Markham Ravine,2019,5,23,18,40,Agelaius tricolor,Alternative Song 2,4.159999847,4.565333366,656,7406,24000,present,https://rfcx-streams-production.s3.eu-west-1.amazonaws.com/2019/05/23/te1h471bonyj/332e9ac5-7be4-a3fb-dd46-94ad482e2f3e.flac?X-Amz-Algorithm=AWS4-HMAC-SHA256&X-Amz-Content-Sha256=UNSIGNED-PAYLOAD&X-Amz-Credential=AKIA45B7YWBX5HAZMGOU%2F20260223%2Feu-west-1%2Fs3%2Faws4_request&X-Amz-Date=20260223T000748Z&X-Amz-Expires=604800&X-Amz-Signature=00b925e2e5b7b734dcbce4987faeb70a354ca8bf3a8a947974bcaa1d5b0d2b80&X-Amz-SignedHeaders=host&response-content-disposition=attachment%3B%20filename%3D332e9ac5-7be4-a3fb-dd46-94ad482e2f3e.flac&x-id=GetObject,0.248065546,5637
MRam-2019-05-23_19-00.flac,2019 Markham Ravine,2019,5,23,19,0,Agelaius tricolor,Alternative Song 2,42.96533203,43.3706665,656,7406,24000,present,https://rfcx-streams-production.s3.eu-west-1.amazonaws.com/2019/05/23/te1h471bonyj/83c70120-cb93-4e6e-8cab-dd1335c28e9a.flac?X-Amz-Algorithm=AWS4-HMAC-SHA256&X-Amz-Content-Sha256=UNSIGNED-PAYLOAD&X-Amz-Credential=AKIA45B7YWBX5HAZMGOU%2F20260223%2Feu-west-1%2Fs3%2Faws4_request&X-Amz-Date=20260223T000746Z&X-Amz-Expires=604800&X-Amz-Signature=55a4f91fe75c9de596a2a46b956477eaf7de738f821cf2c7215f5a4dd4706d9b&X-Amz-SignedHeaders=host&response-content-disposition=attachment%3B%20filename%3D83c70120-cb93-4e6e-8cab-dd1335c28e9a.flac&x-id=GetObject,0.241909832,5637
MRam-2019-05-23_19-20.flac,2019 Markham Ravine,2019,5,23,19,20,Agelaius tricolor,Alternative Song 2,35.50400162,35.90933228,656,7406,24000,present,https://rfcx-streams-production.s3.eu-west-1.amazonaws.com/2019/05/23/te1h471bonyj/52038bf0-9ba6-c81a-fce7-61a2a13c8dd9.flac?X-Amz-Algorithm=AWS4-HMAC-SHA256&X-Amz-Content-Sha256=UNSIGNED-PAYLOAD&X-Amz-Credential=AKIA45B7YWBX5HAZMGOU%2F20260223%2Feu-west-1%2Fs3%2Faws4_request&X-Amz-Date=20260223T000748Z&X-Amz-Expires=604800&X-Amz-Signature=2022b904e0588635034eb05c9434ea0bc06ec9f1d886dfc9736fe12d1e4cea99&X-Amz-SignedHeaders=host&response-content-disposition=attachment%3B%20filename%3D52038bf0-9ba6-c81a-fce7-61a2a13c8dd9.flac&x-id=GetObject,0.20881471,5637
MRam-2019-05-23_19-40.flac,2019 Markham Ravine,2019,5,23,19,40,Agelaius tricolor,Alternative Song 2,21.87733269,22.28266716,656,7406,24000,present,https://rfcx-streams-production.s3.eu-west-1.amazonaws.com/2019/05/23/te1h471bonyj/62b839bb-52a3-6ded-8da2-9bf98df69472.flac?X-Amz-Algorithm=AWS4-HMAC-SHA256&X-Amz-Content-Sha256=UNSIGNED-PAYLOAD&X-Amz-Credential=AKIA45B7YWBX5HAZMGOU%2F20260223%2Feu-west-1%2Fs3%2Faws4_request&X-Amz-Date=20260223T000748Z&X-Amz-Expires=604800&X-Amz-Signature=29f3b815a9c6d6485d3436a96c254c62526715daca341f50faf4ea52134cdc02&X-Amz-SignedHeaders=host&response-content-disposition=attachment%3B%20filename%3D62b839bb-52a3-6ded-8da2-9bf98df69472.flac&x-id=GetObject,0.253605843,5637
MRam-2019-05-23_20-00.flac,2019 Markham Ravine,2019,5,23,20,0,Agelaius tricolor,Alternative Song 2,53.0613327,53.46666718,656,7406,24000,present,https://rfcx-streams-production.s3.eu-west-1.amazonaws.com/2019/05/23/te1h471bonyj/b33fbdb2-b560-15d1-3c14-4820d0e97fa9.flac?X-Amz-Algorithm=AWS4-HMAC-SHA256&X-Amz-Content-Sha256=UNSIGNED-PAYLOAD&X-Amz-Credential=AKIA45B7YWBX5HAZMGOU%2F20260223%2Feu-west-1%2Fs3%2Faws4_request&X-Amz-Date=20260223T000746Z&X-Amz-Expires=604800&X-Amz-Signature=df0973345884daa4f76224e46619112048e55812734f1b8f58a49960b7f2957a&X-Amz-SignedHeaders=host&response-content-disposition=attachment%3B%20filename%3Db33fbdb2-b560-15d1-3c14-4820d0e97fa9.flac&x-id=GetObject,0.201294139,5637
MRam-2019-05-24_05-40.flac,2019 Markham Ravine,2019,5,24,5,40,Agelaius tricolor,Alternative Song 2,36.17066574,36.57600021,656,7406,24000,present,https://rfcx-streams-production.s3.eu-west-1.amazonaws.com/2019/05/23/te1h471bonyj/1618957f-2d49-c34d-c02f-cb87f2d62f36.flac?X-Amz-Algorithm=AWS4-HMAC-SHA256&X-Amz-Content-Sha256=UNSIGNED-PAYLOAD&X-Amz-Credential=AKIA45B7YWBX5HAZMGOU%2F20260223%2Feu-west-1%2Fs3%2Faws4_request&X-Amz-Date=20260223T000748Z&X-Amz-Expires=604800&X-Amz-Signature=066589bf6e417c3e9e5c3581e0ae19b499690ed1c4cc595e69249622f02cb2ee&X-Amz-SignedHeaders=host&response-content-disposition=attachment%3B%20filename%3D1618957f-2d49-c34d-c02f-cb87f2d62f36.flac&x-id=GetObject,0.256059676,5637
MRam-2019-05-24_06-20.flac,2019 Markham Ravine,2019,5,24,6,20,Agelaius tricolor,Alternative Song 2,0.783999979,1.18933332,656,7406,24000,present,https://rfcx-streams-production.s3.eu-west-1.amazonaws.com/2019/05/23/te1h471bonyj/39ead11a-16fd-b35d-0a2d-b2a1d1859359.flac?X-Amz-Algorithm=AWS4-HMAC-SHA256&X-Amz-Content-Sha256=UNSIGNED-PAYLOAD&X-Amz-Credential=AKIA45B7YWBX5HAZMGOU%2F20260223%2Feu-west-1%2Fs3%2Faws4_request&X-Amz-Date=20260223T000748Z&X-Amz-Expires=604800&X-Amz-Signature=a01e7d31a138d00fb2aa581e8987eb8df117a57dd7a2babffb9a024a93966812&X-Amz-SignedHeaders=host&response-content-disposition=attachment%3B%20filename%3D39ead11a-16fd-b35d-0a2d-b2a1d1859359.flac&x-id=GetObject,0.244282499,5637
MRam-2019-05-24_07-00.flac,2019 Markham Ravine,2019,5,24,7,0,Agelaius tricolor,Alternative Song 2,7.909333229,8.314666748,656,7406,24000,present,https://rfcx-streams-production.s3.eu-west-1.amazonaws.com/2019/05/24/te1h471bonyj/75f21920-4130-398d-1614-9f4a9a4539d2.flac?X-Amz-Algorithm=AWS4-HMAC-SHA256&X-Amz-Content-Sha256=UNSIGNED-PAYLOAD&X-Amz-Credential=AKIA45B7YWBX5HAZMGOU%2F20260223%2Feu-west-1%2Fs3%2Faws4_request&X-Amz-Date=20260223T000746Z&X-Amz-Expires=604800&X-Amz-Signature=045ed348b07df00e28dc1a94d7331e85fcb3454692062c91ce494fe8ae127065&X-Amz-SignedHeaders=host&response-content-disposition=attachment%3B%20filename%3D75f21920-4130-398d-1614-9f4a9a4539d2.flac&x-id=GetObject,0.260908186,5637
MRam-2019-05-24_08-00.flac,2019 Markham Ravine,2019,5,24,8,0,Agelaius tricolor,Alternative Song 2,58.66666794,59.0719986,656,7406,24000,present,https://rfcx-streams-production.s3.eu-west-1.amazonaws.com/2019/05/24/te1h471bonyj/9472d73d-c8a2-d565-c66c-f3d10b7fec17.flac?X-Amz-Algorithm=AWS4-HMAC-SHA256&X-Amz-Content-Sha256=UNSIGNED-PAYLOAD&X-Amz-Credential=AKIA45B7YWBX5HAZMGOU%2F20260223%2Feu-west-1%2Fs3%2Faws4_request&X-Amz-Date=20260223T000746Z&X-Amz-Expires=604800&X-Amz-Signature=1eacbc014b5709c20bb8f4942bac0ff45455b60c4cb13cf16049556eb93286c7&X-Amz-SignedHeaders=host&response-content-disposition=attachment%3B%20filename%3D9472d73d-c8a2-d565-c66c-f3d10b7fec17.flac&x-id=GetObject,0.25659737,5637
MRam-2019-05-24_08-40.flac,2019 Markham Ravine,2019,5,24,8,40,Agelaius tricolor,Alternative Song 2,50.61333466,51.01866531,656,7406,24000,present,https://rfcx-streams-production.s3.eu-west-1.amazonaws.com/2019/05/24/te1h471bonyj/9b26b22f-50a3-23ec-ebff-56632764e430.flac?X-Amz-Algorithm=AWS4-HMAC-SHA256&X-Amz-Content-Sha256=UNSIGNED-PAYLOAD&X-Amz-Credential=AKIA45B7YWBX5HAZMGOU%2F20260223%2Feu-west-1%2Fs3%2Faws4_request&X-Amz-Date=20260223T000748Z&X-Amz-Expires=604800&X-Amz-Signature=68327da7c898a50995813c20001ab31ec176c4f40aa53f1b42dd301433b7b427&X-Amz-SignedHeaders=host&response-content-disposition=attachment%3B%20filename%3D9b26b22f-50a3-23ec-ebff-56632764e430.flac&x-id=GetObject,0.2591286,5637
MRam-2019-05-24_09-40.flac,2019 Markham Ravine,2019,5,24,9,40,Agelaius tricolor,Alternative Song 2,47.63733292,48.04266739,656,7406,24000,present,https://rfcx-streams-production.s3.eu-west-1.amazonaws.com/2019/05/24/te1h471bonyj/892284b7-953a-0666-afaa-2d59f590b7b6.flac?X-Amz-Algorithm=AWS4-HMAC-SHA256&X-Amz-Content-Sha256=UNSIGNED-PAYLOAD&X-Amz-Credential=AKIA45B7YWBX5HAZMGOU%2F20260223%2Feu-west-1%2Fs3%2Faws4_request&X-Amz-Date=20260223T000748Z&X-Amz-Expires=604800&X-Amz-Signature=ad9e23c64eba3994f02beab620a2602ca2530fc96893620910703a0f8839ec33&X-Amz-SignedHeaders=host&response-content-disposition=attachment%3B%20filename%3D892284b7-953a-0666-afaa-2d59f590b7b6.flac&x-id=GetObject,0.302681774,5637
MRam-2019-05-24_10-00.flac,2019 Markham Ravine,2019,5,24,10,0,Agelaius tricolor,Alternative Song 2,35.36533356,35.77066803,656,7406,24000,present,https://rfcx-streams-production.s3.eu-west-1.amazonaws.com/2019/05/24/te1h471bonyj/23130f2c-2e8a-cfed-58f5-69cc9cdb154d.flac?X-Amz-Algorithm=AWS4-HMAC-SHA256&X-Amz-Content-Sha256=UNSIGNED-PAYLOAD&X-Amz-Credential=AKIA45B7YWBX5HAZMGOU%2F20260223%2Feu-west-1%2Fs3%2Faws4_request&X-Amz-Date=20260223T000746Z&X-Amz-Expires=604800&X-Amz-Signature=3e0e20da1f50218d1ea7a11e13b8f21d5687893643c095f7fe4179cab9077037&X-Amz-SignedHeaders=host&response-content-disposition=attachment%3B%20filename%3D23130f2c-2e8a-cfed-58f5-69cc9cdb154d.flac&x-id=GetObject,0.230128303,5637
MRam-2019-05-24_10-20.flac,2019 Markham Ravine,2019,5,24,10,20,Agelaius tricolor,Alternative Song 2,40.81600189,41.22133255,656,7406,24000,present,https://rfcx-streams-production.s3.eu-west-1.amazonaws.com/2019/05/24/te1h471bonyj/de12f956-5823-68b4-8d52-3a7111aa656b.flac?X-Amz-Algorithm=AWS4-HMAC-SHA256&X-Amz-Content-Sha256=UNSIGNED-PAYLOAD&X-Amz-Credential=AKIA45B7YWBX5HAZMGOU%2F20260223%2Feu-west-1%2Fs3%2Faws4_request&X-Amz-Date=20260223T000748Z&X-Amz-Expires=604800&X-Amz-Signature=48a93f7c0c72be3439642f78d5646578de170799f1369a2352b0d4b0f7b94c84&X-Amz-SignedHeaders=host&response-content-disposition=attachment%3B%20filename%3Dde12f956-5823-68b4-8d52-3a7111aa656b.flac&x-id=GetObject,0.226823464,5637
MRam-2019-05-24_11-20.flac,2019 Markham Ravine,2019,5,24,11,20,Agelaius tricolor,Alternative Song 2,6.84800005,7.253333569,656,7406,24000,present,https://rfcx-streams-production.s3.eu-west-1.amazonaws.com/2019/05/24/te1h471bonyj/02fc6176-f0df-348a-c228-3b84bc482993.flac?X-Amz-Algorithm=AWS4-HMAC-SHA256&X-Amz-Content-Sha256=UNSIGNED-PAYLOAD&X-Amz-Credential=AKIA45B7YWBX5HAZMGOU%2F20260223%2Feu-west-1%2Fs3%2Faws4_request&X-Amz-Date=20260223T000748Z&X-Amz-Expires=604800&X-Amz-Signature=2c3d9ea43586efad01a6b786934187f37d8ec6e408fae20c7d46de2010c27813&X-Amz-SignedHeaders=host&response-content-disposition=attachment%3B%20filename%3D02fc6176-f0df-348a-c228-3b84bc482993.flac&x-id=GetObject,0.289084435,5637
MRam-2019-05-24_12-00.flac,2019 Markham Ravine,2019,5,24,12,0,Agelaius tricolor,Alternative Song 2,48.70399857,49.10933304,656,7406,24000,present,https://rfcx-streams-production.s3.eu-west-1.amazonaws.com/2019/05/24/te1h471bonyj/01b05657-ef41-26b6-25f9-3e8041172c5f.flac?X-Amz-Algorithm=AWS4-HMAC-SHA256&X-Amz-Content-Sha256=UNSIGNED-PAYLOAD&X-Amz-Credential=AKIA45B7YWBX5HAZMGOU%2F20260223%2Feu-west-1%2Fs3%2Faws4_request&X-Amz-Date=20260223T000746Z&X-Amz-Expires=604800&X-Amz-Signature=8c2d2ef24dbd44946ff4bbb2667acbb1741c99039209230e778c1cb92306a11f&X-Amz-SignedHeaders=host&response-content-disposition=attachment%3B%20filename%3D01b05657-ef41-26b6-25f9-3e8041172c5f.flac&x-id=GetObject,0.301626325,5637
MRam-2019-05-24_12-20.flac,2019 Markham Ravine,2019,5,24,12,20,Agelaius tricolor,Alternative Song 2,26.47999954,26.88533401,656,7406,24000,present,https://rfcx-streams-production.s3.eu-west-1.amazonaws.com/2019/05/24/te1h471bonyj/5ddcf0fe-cfa6-9e9e-f3a2-18e641d0ef92.flac?X-Amz-Algorithm=AWS4-HMAC-SHA256&X-Amz-Content-Sha256=UNSIGNED-PAYLOAD&X-Amz-Credential=AKIA45B7YWBX5HAZMGOU%2F20260223%2Feu-west-1%2Fs3%2Faws4_request&X-Amz-Date=20260223T000748Z&X-Amz-Expires=604800&X-Amz-Signature=3eb60da2f4f7b8263e12db52764c6661092843bb6200282b46bc246d5db21212&X-Amz-SignedHeaders=host&response-content-disposition=attachment%3B%20filename%3D5ddcf0fe-cfa6-9e9e-f3a2-18e641d0ef92.flac&x-id=GetObject,0.290031642,5637
MRam-2019-05-24_12-40.flac,2019 Markham Ravine,2019,5,24,12,40,Agelaius tricolor,Alternative Song 2,16.87999916,17.28533363,656,7406,24000,present,https://rfcx-streams-production.s3.eu-west-1.amazonaws.com/2019/05/24/te1h471bonyj/afbbadd6-5929-fd7f-7949-d8007e5f10c4.flac?X-Amz-Algorithm=AWS4-HMAC-SHA256&X-Amz-Content-Sha256=UNSIGNED-PAYLOAD&X-Amz-Credential=AKIA45B7YWBX5HAZMGOU%2F20260223%2Feu-west-1%2Fs3%2Faws4_request&X-Amz-Date=20260223T000748Z&X-Amz-Expires=604800&X-Amz-Signature=8774a12a12f17f609e3e7214b5d3cfcfb23f1a9d70d87e0c5a8157e11cd14420&X-Amz-SignedHeaders=host&response-content-disposition=attachment%3B%20filename%3Dafbbadd6-5929-fd7f-7949-d8007e5f10c4.flac&x-id=GetObject,0.266042322,5637
MRam-2019-05-24_13-00.flac,2019 Markham Ravine,2019,5,24,13,0,Agelaius tricolor,Alternative Song 2,30.30400085,30.70933342,656,7406,24000,present,https://rfcx-streams-production.s3.eu-west-1.amazonaws.com/2019/05/24/te1h471bonyj/cd95dd65-a5a2-6f5d-a7fb-89579b542b25.flac?X-Amz-Algorithm=AWS4-HMAC-SHA256&X-Amz-Content-Sha256=UNSIGNED-PAYLOAD&X-Amz-Credential=AKIA45B7YWBX5HAZMGOU%2F20260223%2Feu-west-1%2Fs3%2Faws4_request&X-Amz-Date=20260223T000746Z&X-Amz-Expires=604800&X-Amz-Signature=b0d7eb7ffc3e78eafa180ef1b27620a5049944f6cd645aaa84083dd7b11cac85&X-Amz-SignedHeaders=host&response-content-disposition=attachment%3B%20filename%3Dcd95dd65-a5a2-6f5d-a7fb-89579b542b25.flac&x-id=GetObject,0.246223092,5637
MRam-2019-05-24_13-20.flac,2019 Markham Ravine,2019,5,24,13,20,Agelaius tricolor,Alternative Song 2,55.63733292,56.04266739,656,7406,24000,present,https://rfcx-streams-production.s3.eu-west-1.amazonaws.com/2019/05/24/te1h471bonyj/f3f7264c-2345-ea4a-3c68-3b14d559f33e.flac?X-Amz-Algorithm=AWS4-HMAC-SHA256&X-Amz-Content-Sha256=UNSIGNED-PAYLOAD&X-Amz-Credential=AKIA45B7YWBX5HAZMGOU%2F20260223%2Feu-west-1%2Fs3%2Faws4_request&X-Amz-Date=20260223T000748Z&X-Amz-Expires=604800&X-Amz-Signature=cc3eb7f21c3abcfdfe8f1e538dbb051a1602ed2ab52483d9eb63c38b56df8720&X-Amz-SignedHeaders=host&response-content-disposition=attachment%3B%20filename%3Df3f7264c-2345-ea4a-3c68-3b14d559f33e.flac&x-id=GetObject,0.275658995,5637
MRam-2019-05-24_14-00.flac,2019 Markham Ravine,2019,5,24,14,0,Agelaius tricolor,Alternative Song 2,39.69599915,40.10133362,656,7406,24000,present,https://rfcx-streams-production.s3.eu-west-1.amazonaws.com/2019/05/24/te1h471bonyj/3fbb8490-59fa-4610-0130-cce3038188b8.flac?X-Amz-Algorithm=AWS4-HMAC-SHA256&X-Amz-Content-Sha256=UNSIGNED-PAYLOAD&X-Amz-Credential=AKIA45B7YWBX5HAZMGOU%2F20260223%2Feu-west-1%2Fs3%2Faws4_request&X-Amz-Date=20260223T000746Z&X-Amz-Expires=604800&X-Amz-Signature=7e11483a0a6c30a1279554ac2668415e6c8e434589829bc0f2f463fc7dae0877&X-Amz-SignedHeaders=host&response-content-disposition=attachment%3B%20filename%3D3fbb8490-59fa-4610-0130-cce3038188b8.flac&x-id=GetObject,0.221197024,5637
MRam-2019-05-24_14-20.flac,2019 Markham Ravine,2019,5,24,14,20,Agelaius tricolor,Alternative Song 2,22.99200058,23.39733315,656,7406,24000,present,https://rfcx-streams-production.s3.eu-west-1.amazonaws.com/2019/05/24/te1h471bonyj/a28c32c4-490a-0823-3eb3-b2bec70857aa.flac?X-Amz-Algorithm=AWS4-HMAC-SHA256&X-Amz-Content-Sha256=UNSIGNED-PAYLOAD&X-Amz-Credential=AKIA45B7YWBX5HAZMGOU%2F20260223%2Feu-west-1%2Fs3%2Faws4_request&X-Amz-Date=20260223T000748Z&X-Amz-Expires=604800&X-Amz-Signature=d4f0ed0dfbef05a4457b9cfd5e8d9e5b599774c54e07deaf53399fe5eb993eb8&X-Amz-SignedHeaders=host&response-content-disposition=attachment%3B%20filename%3Da28c32c4-490a-0823-3eb3-b2bec70857aa.flac&x-id=GetObject,0.354593724,5637
MRam-2019-05-24_14-40.flac,2019 Markham Ravine,2019,5,24,14,40,Agelaius tricolor,Alternative Song 2,18.4640007,18.86933327,656,7406,24000,present,https://rfcx-streams-production.s3.eu-west-1.amazonaws.com/2019/05/24/te1h471bonyj/db9736f6-1785-6dd0-e5e8-f77443ee5e90.flac?X-Amz-Algorithm=AWS4-HMAC-SHA256&X-Amz-Content-Sha256=UNSIGNED-PAYLOAD&X-Amz-Credential=AKIA45B7YWBX5HAZMGOU%2F20260223%2Feu-west-1%2Fs3%2Faws4_request&X-Amz-Date=20260223T000748Z&X-Amz-Expires=604800&X-Amz-Signature=dc758a424b64400b99773a8fd7fb247a56abd6e12071b4b1a1c65bbf11e5b9e7&X-Amz-SignedHeaders=host&response-content-disposition=attachment%3B%20filename%3Ddb9736f6-1785-6dd0-e5e8-f77443ee5e90.flac&x-id=GetObject,0.306637794,5637
MRam-2019-05-24_16-20.flac,2019 Markham Ravine,2019,5,24,16,20,Agelaius tricolor,Alternative Song 2,35.20000076,35.60533524,656,7406,24000,present,https://rfcx-streams-production.s3.eu-west-1.amazonaws.com/2019/05/24/te1h471bonyj/5fb69c6d-9320-9bae-c01e-db57804de2e6.flac?X-Amz-Algorithm=AWS4-HMAC-SHA256&X-Amz-Content-Sha256=UNSIGNED-PAYLOAD&X-Amz-Credential=AKIA45B7YWBX5HAZMGOU%2F20260223%2Feu-west-1%2Fs3%2Faws4_request&X-Amz-Date=20260223T000748Z&X-Amz-Expires=604800&X-Amz-Signature=e1b2d6eb2bca9da09197377694fa909a5cfbd426f0597fed45d356bfa29ddf08&X-Amz-SignedHeaders=host&response-content-disposition=attachment%3B%20filename%3D5fb69c6d-9320-9bae-c01e-db57804de2e6.flac&x-id=GetObject,0.227341741,5637
MRam-2019-05-24_17-00.flac,2019 Markham Ravine,2019,5,24,17,0,Agelaius tricolor,Alternative Song 2,4.29333353,4.698666573,656,7406,24000,present,https://rfcx-streams-production.s3.eu-west-1.amazonaws.com/2019/05/24/te1h471bonyj/eae7ab5e-2050-82ed-83c0-c7698f446981.flac?X-Amz-Algorithm=AWS4-HMAC-SHA256&X-Amz-Content-Sha256=UNSIGNED-PAYLOAD&X-Amz-Credential=AKIA45B7YWBX5HAZMGOU%2F20260223%2Feu-west-1%2Fs3%2Faws4_request&X-Amz-Date=20260223T000746Z&X-Amz-Expires=604800&X-Amz-Signature=b394098d419e0a30fdbee54826589929b077cf829674d809ac31938d1148d19a&X-Amz-SignedHeaders=host&response-content-disposition=attachment%3B%20filename%3Deae7ab5e-2050-82ed-83c0-c7698f446981.flac&x-id=GetObject,0.291363955,5637
MRam-2019-05-24_17-40.flac,2019 Markham Ravine,2019,5,24,17,40,Agelaius tricolor,Alternative Song 2,41.43466568,41.84000015,656,7406,24000,present,https://rfcx-streams-production.s3.eu-west-1.amazonaws.com/2019/05/24/te1h471bonyj/2866a268-7e39-a8bd-314a-befc0a9f6339.flac?X-Amz-Algorithm=AWS4-HMAC-SHA256&X-Amz-Content-Sha256=UNSIGNED-PAYLOAD&X-Amz-Credential=AKIA45B7YWBX5HAZMGOU%2F20260223%2Feu-west-1%2Fs3%2Faws4_request&X-Amz-Date=20260223T000748Z&X-Amz-Expires=604800&X-Amz-Signature=38e3a456c96033651a3a2075b9690e7158d12b86472a43f6d181ad0b75530ff1&X-Amz-SignedHeaders=host&response-content-disposition=attachment%3B%20filename%3D2866a268-7e39-a8bd-314a-befc0a9f6339.flac&x-id=GetObject,0.216549382,5637
MRam-2019-05-24_18-00.flac,2019 Markham Ravine,2019,5,24,18,0,Agelaius tricolor,Alternative Song 2,58.97600174,59.3813324,656,7406,24000,present,https://rfcx-streams-production.s3.eu-west-1.amazonaws.com/2019/05/24/te1h471bonyj/1e0f0a57-9c41-02ef-e61c-4daa97fb4836.flac?X-Amz-Algorithm=AWS4-HMAC-SHA256&X-Amz-Content-Sha256=UNSIGNED-PAYLOAD&X-Amz-Credential=AKIA45B7YWBX5HAZMGOU%2F20260223%2Feu-west-1%2Fs3%2Faws4_request&X-Amz-Date=20260223T000746Z&X-Amz-Expires=604800&X-Amz-Signature=ac3534abd42e225099d401b7f86b3e0e6fa6d5397490da971f84fd9de8c48ebb&X-Amz-SignedHeaders=host&response-content-disposition=attachment%3B%20filename%3D1e0f0a57-9c41-02ef-e61c-4daa97fb4836.flac&x-id=GetObject,0.26952228,5637
MRam-2019-05-24_18-20.flac,2019 Markham Ravine,2019,5,24,18,20,Agelaius tricolor,Alternative Song 2,58.99733353,59.402668,656,7406,24000,present,https://rfcx-streams-production.s3.eu-west-1.amazonaws.com/2019/05/24/te1h471bonyj/2adff84e-d1aa-63bc-2ac0-b45bd7078afa.flac?X-Amz-Algorithm=AWS4-HMAC-SHA256&X-Amz-Content-Sha256=UNSIGNED-PAYLOAD&X-Amz-Credential=AKIA45B7YWBX5HAZMGOU%2F20260223%2Feu-west-1%2Fs3%2Faws4_request&X-Amz-Date=20260223T000748Z&X-Amz-Expires=604800&X-Amz-Signature=bca35ef30b27c2987dbf754fc506e8ba5a4e38455f73740471e6534bb8ba83f5&X-Amz-SignedHeaders=host&response-content-disposition=attachment%3B%20filename%3D2adff84e-d1aa-63bc-2ac0-b45bd7078afa.flac&x-id=GetObject,0.270209461,5637
MRam-2019-05-24_18-40.flac,2019 Markham Ravine,2019,5,24,18,40,Agelaius tricolor,Alternative Song 2,37.89333344,38.29866791,656,7406,24000,present,https://rfcx-streams-production.s3.eu-west-1.amazonaws.com/2019/05/24/te1h471bonyj/e405a70e-a5a7-ed60-c417-e13ab9a2b56c.flac?X-Amz-Algorithm=AWS4-HMAC-SHA256&X-Amz-Content-Sha256=UNSIGNED-PAYLOAD&X-Amz-Credential=AKIA45B7YWBX5HAZMGOU%2F20260223%2Feu-west-1%2Fs3%2Faws4_request&X-Amz-Date=20260223T000748Z&X-Amz-Expires=604800&X-Amz-Signature=504e368905412674898063a803b8ab14414613d6f5fe057bbd1feaf6698678f7&X-Amz-SignedHeaders=host&response-content-disposition=attachment%3B%20filename%3De405a70e-a5a7-ed60-c417-e13ab9a2b56c.flac&x-id=GetObject,0.283961564,5637
MRam-2019-05-24_19-00.flac,2019 Markham Ravine,2019,5,24,19,0,Agelaius tricolor,Alternative Song 2,22.75200081,23.15733337,656,7406,24000,present,https://rfcx-streams-production.s3.eu-west-1.amazonaws.com/2019/05/24/te1h471bonyj/bef7fd3d-fefb-4cab-ca6f-2139860b97cd.flac?X-Amz-Algorithm=AWS4-HMAC-SHA256&X-Amz-Content-Sha256=UNSIGNED-PAYLOAD&X-Amz-Credential=AKIA45B7YWBX5HAZMGOU%2F20260223%2Feu-west-1%2Fs3%2Faws4_request&X-Amz-Date=20260223T000746Z&X-Amz-Expires=604800&X-Amz-Signature=57b780007ac80b5c6f0902f2da6f30fefe56811484cb2d46c497d2806b06fc4f&X-Amz-SignedHeaders=host&response-content-disposition=attachment%3B%20filename%3Dbef7fd3d-fefb-4cab-ca6f-2139860b97cd.flac&x-id=GetObject,0.225250274,5637
MRam-2019-05-24_19-20.flac,2019 Markham Ravine,2019,5,24,19,20,Agelaius tricolor,Alternative Song 2,5.226666451,5.631999969,656,7406,24000,present,https://rfcx-streams-production.s3.eu-west-1.amazonaws.com/2019/05/24/te1h471bonyj/12e32405-8410-0119-13f8-9a272abf63b9.flac?X-Amz-Algorithm=AWS4-HMAC-SHA256&X-Amz-Content-Sha256=UNSIGNED-PAYLOAD&X-Amz-Credential=AKIA45B7YWBX5HAZMGOU%2F20260223%2Feu-west-1%2Fs3%2Faws4_request&X-Amz-Date=20260223T000748Z&X-Amz-Expires=604800&X-Amz-Signature=76e1cae515c600946d78d632e0ed04f63ae99437c17e69e21f9b588a32b26e31&X-Amz-SignedHeaders=host&response-content-disposition=attachment%3B%20filename%3D12e32405-8410-0119-13f8-9a272abf63b9.flac&x-id=GetObject,0.255154967,5637
MRam-2019-05-24_20-00.flac,2019 Markham Ravine,2019,5,24,20,0,Agelaius tricolor,Alternative Song 2,5.375999928,5.781333447,656,7406,24000,present,https://rfcx-streams-production.s3.eu-west-1.amazonaws.com/2019/05/24/te1h471bonyj/755b6eae-288f-0920-49f5-ac5ae59c46d0.flac?X-Amz-Algorithm=AWS4-HMAC-SHA256&X-Amz-Content-Sha256=UNSIGNED-PAYLOAD&X-Amz-Credential=AKIA45B7YWBX5HAZMGOU%2F20260223%2Feu-west-1%2Fs3%2Faws4_request&X-Amz-Date=20260223T000746Z&X-Amz-Expires=604800&X-Amz-Signature=01c2c571e661ac59987016a727488064d358126f918625d12418745f58aca576&X-Amz-SignedHeaders=host&response-content-disposition=attachment%3B%20filename%3D755b6eae-288f-0920-49f5-ac5ae59c46d0.flac&x-id=GetObject,0.307921737,5637
MRam-2019-05-25_05-40.flac,2019 Markham Ravine,2019,5,25,5,40,Agelaius tricolor,Alternative Song 2,45.36000061,45.76533508,656,7406,24000,present,https://rfcx-streams-production.s3.eu-west-1.amazonaws.com/2019/05/24/te1h471bonyj/4ccde319-016c-2a3e-d67c-8321c835361a.flac?X-Amz-Algorithm=AWS4-HMAC-SHA256&X-Amz-Content-Sha256=UNSIGNED-PAYLOAD&X-Amz-Credential=AKIA45B7YWBX5HAZMGOU%2F20260223%2Feu-west-1%2Fs3%2Faws4_request&X-Amz-Date=20260223T000748Z&X-Amz-Expires=604800&X-Amz-Signature=21cf4af57ef71320fe30027d5a1dd37e35cbc3649d8f8ec5207625840ae48433&X-Amz-SignedHeaders=host&response-content-disposition=attachment%3B%20filename%3D4ccde319-016c-2a3e-d67c-8321c835361a.flac&x-id=GetObject,0.22641556,5637
MRam-2019-05-25_06-20.flac,2019 Markham Ravine,2019,5,25,6,20,Agelaius tricolor,Alternative Song 2,33.2159996,33.62133408,656,7406,24000,present,https://rfcx-streams-production.s3.eu-west-1.amazonaws.com/2019/05/24/te1h471bonyj/7d37ed5d-ad15-5483-9c23-e29d160d1c1d.flac?X-Amz-Algorithm=AWS4-HMAC-SHA256&X-Amz-Content-Sha256=UNSIGNED-PAYLOAD&X-Amz-Credential=AKIA45B7YWBX5HAZMGOU%2F20260223%2Feu-west-1%2Fs3%2Faws4_request&X-Amz-Date=20260223T000748Z&X-Amz-Expires=604800&X-Amz-Signature=51da28bcd7947b6708041dda174846f539fedc8b44e600cb6c0a57b15426a0b4&X-Amz-SignedHeaders=host&response-content-disposition=attachment%3B%20filename%3D7d37ed5d-ad15-5483-9c23-e29d160d1c1d.flac&x-id=GetObject,0.239938065,5637
MRam-2019-05-25_06-40.flac,2019 Markham Ravine,2019,5,25,6,40,Agelaius tricolor,Alternative Song 2,16.19199944,16.59733391,656,7406,24000,present,https://rfcx-streams-production.s3.eu-west-1.amazonaws.com/2019/05/24/te1h471bonyj/cb91e06e-be39-46b2-311f-241745bc5d57.flac?X-Amz-Algorithm=AWS4-HMAC-SHA256&X-Amz-Content-Sha256=UNSIGNED-PAYLOAD&X-Amz-Credential=AKIA45B7YWBX5HAZMGOU%2F20260223%2Feu-west-1%2Fs3%2Faws4_request&X-Amz-Date=20260223T000748Z&X-Amz-Expires=604800&X-Amz-Signature=e27e542a6a2523d7a1e183fe14acfb3af1093eaebf6089494c3391c8ddd6bcb9&X-Amz-SignedHeaders=host&response-content-disposition=attachment%3B%20filename%3Dcb91e06e-be39-46b2-311f-241745bc5d57.flac&x-id=GetObject,0.248464599,5637
MRam-2019-05-25_08-00.flac,2019 Markham Ravine,2019,5,25,8,0,Agelaius tricolor,Alternative Song 2,13.17333317,13.57866669,656,7406,24000,present,https://rfcx-streams-production.s3.eu-west-1.amazonaws.com/2019/05/25/te1h471bonyj/fd2e69fb-dedb-707e-4888-b0f9c5ec03d0.flac?X-Amz-Algorithm=AWS4-HMAC-SHA256&X-Amz-Content-Sha256=UNSIGNED-PAYLOAD&X-Amz-Credential=AKIA45B7YWBX5HAZMGOU%2F20260223%2Feu-west-1%2Fs3%2Faws4_request&X-Amz-Date=20260223T000746Z&X-Amz-Expires=604800&X-Amz-Signature=245036d25fe26b60df8176cf49b7ed762610312f08ee52f2cf5e29086c6e0c5d&X-Amz-SignedHeaders=host&response-content-disposition=attachment%3B%20filename%3Dfd2e69fb-dedb-707e-4888-b0f9c5ec03d0.flac&x-id=GetObject,0.233613238,5637
MRam-2019-05-25_08-20.flac,2019 Markham Ravine,2019,5,25,8,20,Agelaius tricolor,Alternative Song 2,12.52266693,12.92800045,656,7406,24000,present,https://rfcx-streams-production.s3.eu-west-1.amazonaws.com/2019/05/25/te1h471bonyj/e4749eae-d1c8-ad67-4a4e-88b6d8ffc8a8.flac?X-Amz-Algorithm=AWS4-HMAC-SHA256&X-Amz-Content-Sha256=UNSIGNED-PAYLOAD&X-Amz-Credential=AKIA45B7YWBX5HAZMGOU%2F20260223%2Feu-west-1%2Fs3%2Faws4_request&X-Amz-Date=20260223T000748Z&X-Amz-Expires=604800&X-Amz-Signature=6426c54c271dba85380eb4b29c056c01b2832c8cc4bd33617f965bdd37c29bd8&X-Amz-SignedHeaders=host&response-content-disposition=attachment%3B%20filename%3De4749eae-d1c8-ad67-4a4e-88b6d8ffc8a8.flac&x-id=GetObject,0.270532787,5637
MRam-2019-05-25_08-40.flac,2019 Markham Ravine,2019,5,25,8,40,Agelaius tricolor,Alternative Song 2,35.16266632,35.56800079,656,7406,24000,present,https://rfcx-streams-production.s3.eu-west-1.amazonaws.com/2019/05/25/te1h471bonyj/f82de31f-df3e-05f8-68bf-c7ebe310d8b7.flac?X-Amz-Algorithm=AWS4-HMAC-SHA256&X-Amz-Content-Sha256=UNSIGNED-PAYLOAD&X-Amz-Credential=AKIA45B7YWBX5HAZMGOU%2F20260223%2Feu-west-1%2Fs3%2Faws4_request&X-Amz-Date=20260223T000748Z&X-Amz-Expires=604800&X-Amz-Signature=68a4ef908d852c2f1fd34c3c011e1dc854a56df7c066b926118c0124ace266d1&X-Amz-SignedHeaders=host&response-content-disposition=attachment%3B%20filename%3Df82de31f-df3e-05f8-68bf-c7ebe310d8b7.flac&x-id=GetObject,0.26739338,5637
MRam-2019-05-25_10-20.flac,2019 Markham Ravine,2019,5,25,10,20,Agelaius tricolor,Alternative Song 2,14.34666634,14.75199986,656,7406,24000,present,https://rfcx-streams-production.s3.eu-west-1.amazonaws.com/2019/05/25/te1h471bonyj/5681b38d-56bb-7750-d617-ba09374971b0.flac?X-Amz-Algorithm=AWS4-HMAC-SHA256&X-Amz-Content-Sha256=UNSIGNED-PAYLOAD&X-Amz-Credential=AKIA45B7YWBX5HAZMGOU%2F20260223%2Feu-west-1%2Fs3%2Faws4_request&X-Amz-Date=20260223T000748Z&X-Amz-Expires=604800&X-Amz-Signature=016566712f0e79af3fe51bb2a259a9fdf38a2291939819a45d118586e4122cc0&X-Amz-SignedHeaders=host&response-content-disposition=attachment%3B%20filename%3D5681b38d-56bb-7750-d617-ba09374971b0.flac&x-id=GetObject,0.23931323,5637
MRam-2019-05-25_10-40.flac,2019 Markham Ravine,2019,5,25,10,40,Agelaius tricolor,Alternative Song 2,16.28266716,16.68799973,656,7406,24000,present,https://rfcx-streams-production.s3.eu-west-1.amazonaws.com/2019/05/25/te1h471bonyj/3c5ede5d-cf7b-42ba-3739-24a32520919b.flac?X-Amz-Algorithm=AWS4-HMAC-SHA256&X-Amz-Content-Sha256=UNSIGNED-PAYLOAD&X-Amz-Credential=AKIA45B7YWBX5HAZMGOU%2F20260223%2Feu-west-1%2Fs3%2Faws4_request&X-Amz-Date=20260223T000748Z&X-Amz-Expires=604800&X-Amz-Signature=5e3f16bc080efb520b5d8110438152793598c7292c14ce99141884f920ccbc08&X-Amz-SignedHeaders=host&response-content-disposition=attachment%3B%20filename%3D3c5ede5d-cf7b-42ba-3739-24a32520919b.flac&x-id=GetObject,0.269497871,5637
MRam-2019-05-25_11-00.flac,2019 Markham Ravine,2019,5,25,11,0,Agelaius tricolor,Alternative Song 2,1.167999983,1.573333383,656,7406,24000,present,https://rfcx-streams-production.s3.eu-west-1.amazonaws.com/2019/05/25/te1h471bonyj/cd9d318e-6590-3b23-191e-1f02cfdf8423.flac?X-Amz-Algorithm=AWS4-HMAC-SHA256&X-Amz-Content-Sha256=UNSIGNED-PAYLOAD&X-Amz-Credential=AKIA45B7YWBX5HAZMGOU%2F20260223%2Feu-west-1%2Fs3%2Faws4_request&X-Amz-Date=20260223T000746Z&X-Amz-Expires=604800&X-Amz-Signature=d6e26811c447d49e84830a31c465a75945b8eb4f09c934ca0fcd62bdd31e5cde&X-Amz-SignedHeaders=host&response-content-disposition=attachment%3B%20filename%3Dcd9d318e-6590-3b23-191e-1f02cfdf8423.flac&x-id=GetObject,0.284606338,5637
MRam-2019-05-25_11-20.flac,2019 Markham Ravine,2019,5,25,11,20,Agelaius tricolor,Alternative Song 2,19.54133415,19.94666672,656,7406,24000,present,https://rfcx-streams-production.s3.eu-west-1.amazonaws.com/2019/05/25/te1h471bonyj/17549da3-9869-3269-fad4-7e96b5b6e5e9.flac?X-Amz-Algorithm=AWS4-HMAC-SHA256&X-Amz-Content-Sha256=UNSIGNED-PAYLOAD&X-Amz-Credential=AKIA45B7YWBX5HAZMGOU%2F20260223%2Feu-west-1%2Fs3%2Faws4_request&X-Amz-Date=20260223T000748Z&X-Amz-Expires=604800&X-Amz-Signature=a56bf814ff03879d3cc6f9e55df4a11c29cb0d1c96eeb450bf484142853cce6e&X-Amz-SignedHeaders=host&response-content-disposition=attachment%3B%20filename%3D17549da3-9869-3269-fad4-7e96b5b6e5e9.flac&x-id=GetObject,0.223295182,5637
MRam-2019-05-25_11-40.flac,2019 Markham Ravine,2019,5,25,11,40,Agelaius tricolor,Alternative Song 2,54.84799957,55.25333405,656,7406,24000,present,https://rfcx-streams-production.s3.eu-west-1.amazonaws.com/2019/05/25/te1h471bonyj/25f1741d-9f1f-d500-b4a4-c50b17762a74.flac?X-Amz-Algorithm=AWS4-HMAC-SHA256&X-Amz-Content-Sha256=UNSIGNED-PAYLOAD&X-Amz-Credential=AKIA45B7YWBX5HAZMGOU%2F20260223%2Feu-west-1%2Fs3%2Faws4_request&X-Amz-Date=20260223T000748Z&X-Amz-Expires=604800&X-Amz-Signature=5974b591f3ef158fc31ca333209727e4b298e6ef9b6af9b8fb71a31e7d8c96da&X-Amz-SignedHeaders=host&response-content-disposition=attachment%3B%20filename%3D25f1741d-9f1f-d500-b4a4-c50b17762a74.flac&x-id=GetObject,0.247540414,5637
MRam-2019-05-25_12-00.flac,2019 Markham Ravine,2019,5,25,12,0,Agelaius tricolor,Alternative Song 2,22.74133301,23.14666748,656,7406,24000,present,https://rfcx-streams-production.s3.eu-west-1.amazonaws.com/2019/05/25/te1h471bonyj/510eb628-a85b-c4f0-4040-b980d506cf6b.flac?X-Amz-Algorithm=AWS4-HMAC-SHA256&X-Amz-Content-Sha256=UNSIGNED-PAYLOAD&X-Amz-Credential=AKIA45B7YWBX5HAZMGOU%2F20260223%2Feu-west-1%2Fs3%2Faws4_request&X-Amz-Date=20260223T000746Z&X-Amz-Expires=604800&X-Amz-Signature=a4be3c0d3ddab6aa241aa90b4352d971e48c32394719bb5ed313480bbeac20de&X-Amz-SignedHeaders=host&response-content-disposition=attachment%3B%20filename%3D510eb628-a85b-c4f0-4040-b980d506cf6b.flac&x-id=GetObject,0.273014992,5637
MRam-2019-05-25_12-20.flac,2019 Markham Ravine,2019,5,25,12,20,Agelaius tricolor,Alternative Song 2,34.3093338,34.71466827,656,7406,24000,present,https://rfcx-streams-production.s3.eu-west-1.amazonaws.com/2019/05/25/te1h471bonyj/86ba17a6-7624-4282-7a90-5e93ce563231.flac?X-Amz-Algorithm=AWS4-HMAC-SHA256&X-Amz-Content-Sha256=UNSIGNED-PAYLOAD&X-Amz-Credential=AKIA45B7YWBX5HAZMGOU%2F20260223%2Feu-west-1%2Fs3%2Faws4_request&X-Amz-Date=20260223T000748Z&X-Amz-Expires=604800&X-Amz-Signature=5dfc3f5ffefeab06156cc3c0612eb27a1458f0a0927ed9f598d768d11eaec149&X-Amz-SignedHeaders=host&response-content-disposition=attachment%3B%20filename%3D86ba17a6-7624-4282-7a90-5e93ce563231.flac&x-id=GetObject,0.242035151,5637
MRam-2019-05-25_13-00.flac,2019 Markham Ravine,2019,5,25,13,0,Agelaius tricolor,Alternative Song 2,58.82133484,59.2266655,656,7406,24000,present,https://rfcx-streams-production.s3.eu-west-1.amazonaws.com/2019/05/25/te1h471bonyj/e4c303d5-7f24-2ec7-be22-864dc268e129.flac?X-Amz-Algorithm=AWS4-HMAC-SHA256&X-Amz-Content-Sha256=UNSIGNED-PAYLOAD&X-Amz-Credential=AKIA45B7YWBX5HAZMGOU%2F20260223%2Feu-west-1%2Fs3%2Faws4_request&X-Amz-Date=20260223T000746Z&X-Amz-Expires=604800&X-Amz-Signature=8dce347acbc57a38eb0a514c671ea80fed0b269945827e2151378d22fed2b48a&X-Amz-SignedHeaders=host&response-content-disposition=attachment%3B%20filename%3De4c303d5-7f24-2ec7-be22-864dc268e129.flac&x-id=GetObject,0.222014979,5637
MRam-2019-05-25_13-20.flac,2019 Markham Ravine,2019,5,25,13,20,Agelaius tricolor,Alternative Song 2,13.97333336,14.37866688,656,7406,24000,present,https://rfcx-streams-production.s3.eu-west-1.amazonaws.com/2019/05/25/te1h471bonyj/7af08121-1ddc-5247-d7eb-847d6282a9cf.flac?X-Amz-Algorithm=AWS4-HMAC-SHA256&X-Amz-Content-Sha256=UNSIGNED-PAYLOAD&X-Amz-Credential=AKIA45B7YWBX5HAZMGOU%2F20260223%2Feu-west-1%2Fs3%2Faws4_request&X-Amz-Date=20260223T000748Z&X-Amz-Expires=604800&X-Amz-Signature=f93985ec03bd8485a8262f919201154c9861d579fd9baa341af03943243fd84b&X-Amz-SignedHeaders=host&response-content-disposition=attachment%3B%20filename%3D7af08121-1ddc-5247-d7eb-847d6282a9cf.flac&x-id=GetObject,0.247681171,5637
MRam-2019-05-25_14-00.flac,2019 Markham Ravine,2019,5,25,14,0,Agelaius tricolor,Alternative Song 2,51.48266602,51.88800049,656,7406,24000,present,https://rfcx-streams-production.s3.eu-west-1.amazonaws.com/2019/05/25/te1h471bonyj/25d04104-1cdd-d857-3a3a-94ecc6da14b7.flac?X-Amz-Algorithm=AWS4-HMAC-SHA256&X-Amz-Content-Sha256=UNSIGNED-PAYLOAD&X-Amz-Credential=AKIA45B7YWBX5HAZMGOU%2F20260223%2Feu-west-1%2Fs3%2Faws4_request&X-Amz-Date=20260223T000746Z&X-Amz-Expires=604800&X-Amz-Signature=7d71f1638bf1986c7924d31ed3926e2b6eac3363aa22c4d35a576aa578fe489a&X-Amz-SignedHeaders=host&response-content-disposition=attachment%3B%20filename%3D25d04104-1cdd-d857-3a3a-94ecc6da14b7.flac&x-id=GetObject,0.221626326,5637
MRam-2019-05-25_14-40.flac,2019 Markham Ravine,2019,5,25,14,40,Agelaius tricolor,Alternative Song 2,27.25866699,27.66399956,656,7406,24000,present,https://rfcx-streams-production.s3.eu-west-1.amazonaws.com/2019/05/25/te1h471bonyj/68ea7882-c2b4-5848-7a63-8b6939bdd62e.flac?X-Amz-Algorithm=AWS4-HMAC-SHA256&X-Amz-Content-Sha256=UNSIGNED-PAYLOAD&X-Amz-Credential=AKIA45B7YWBX5HAZMGOU%2F20260223%2Feu-west-1%2Fs3%2Faws4_request&X-Amz-Date=20260223T000748Z&X-Amz-Expires=604800&X-Amz-Signature=1dbef89c120526f16b3e9ac217023ac6596253777562d080adc08156bd7ed69c&X-Amz-SignedHeaders=host&response-content-disposition=attachment%3B%20filename%3D68ea7882-c2b4-5848-7a63-8b6939bdd62e.flac&x-id=GetObject,0.242673129,5637
MRam-2019-05-25_15-40.flac,2019 Markham Ravine,2019,5,25,15,40,Agelaius tricolor,Alternative Song 2,13.57866669,13.98400021,656,7406,24000,present,https://rfcx-streams-production.s3.eu-west-1.amazonaws.com/2019/05/25/te1h471bonyj/7941ceee-d02e-bfd4-60f8-5de5c54b3210.flac?X-Amz-Algorithm=AWS4-HMAC-SHA256&X-Amz-Content-Sha256=UNSIGNED-PAYLOAD&X-Amz-Credential=AKIA45B7YWBX5HAZMGOU%2F20260223%2Feu-west-1%2Fs3%2Faws4_request&X-Amz-Date=20260223T000748Z&X-Amz-Expires=604800&X-Amz-Signature=ac0294dac428af40646209e3347161870095be14c2f5120917fe178d0cf6c8d9&X-Amz-SignedHeaders=host&response-content-disposition=attachment%3B%20filename%3D7941ceee-d02e-bfd4-60f8-5de5c54b3210.flac&x-id=GetObject,0.310430557,5637
MRam-2019-05-25_16-20.flac,2019 Markham Ravine,2019,5,25,16,20,Agelaius tricolor,Alternative Song 2,16.54400063,16.94933319,656,7406,24000,present,https://rfcx-streams-production.s3.eu-west-1.amazonaws.com/2019/05/25/te1h471bonyj/eeb4def7-8943-30bf-5c80-33e443fd05c4.flac?X-Amz-Algorithm=AWS4-HMAC-SHA256&X-Amz-Content-Sha256=UNSIGNED-PAYLOAD&X-Amz-Credential=AKIA45B7YWBX5HAZMGOU%2F20260223%2Feu-west-1%2Fs3%2Faws4_request&X-Amz-Date=20260223T000748Z&X-Amz-Expires=604800&X-Amz-Signature=4a59dde20aae38239a013100f800714fda4bd16c9a05abf58dae66907ca12992&X-Amz-SignedHeaders=host&response-content-disposition=attachment%3B%20filename%3Deeb4def7-8943-30bf-5c80-33e443fd05c4.flac&x-id=GetObject,0.235979512,5637
MRam-2019-05-25_17-20.flac,2019 Markham Ravine,2019,5,25,17,20,Agelaius tricolor,Alternative Song 2,19.73866653,20.1439991,656,7406,24000,present,https://rfcx-streams-production.s3.eu-west-1.amazonaws.com/2019/05/25/te1h471bonyj/c69c683b-9e04-3ba0-7a27-7ca89ea4e124.flac?X-Amz-Algorithm=AWS4-HMAC-SHA256&X-Amz-Content-Sha256=UNSIGNED-PAYLOAD&X-Amz-Credential=AKIA45B7YWBX5HAZMGOU%2F20260223%2Feu-west-1%2Fs3%2Faws4_request&X-Amz-Date=20260223T000748Z&X-Amz-Expires=604800&X-Amz-Signature=a95b637659987174cb25acb1aa011eb02c5da62a1cbe0712c7cc9d0a84be2579&X-Amz-SignedHeaders=host&response-content-disposition=attachment%3B%20filename%3Dc69c683b-9e04-3ba0-7a27-7ca89ea4e124.flac&x-id=GetObject,0.256952703,5637
MRam-2019-05-25_18-00.flac,2019 Markham Ravine,2019,5,25,18,0,Agelaius tricolor,Alternative Song 2,19.10400009,19.50933266,656,7406,24000,present,https://rfcx-streams-production.s3.eu-west-1.amazonaws.com/2019/05/25/te1h471bonyj/75861de9-80bf-8b6f-2d2b-60e90ddd7b7f.flac?X-Amz-Algorithm=AWS4-HMAC-SHA256&X-Amz-Content-Sha256=UNSIGNED-PAYLOAD&X-Amz-Credential=AKIA45B7YWBX5HAZMGOU%2F20260223%2Feu-west-1%2Fs3%2Faws4_request&X-Amz-Date=20260223T000746Z&X-Amz-Expires=604800&X-Amz-Signature=e7835c59b87aa2349f2965b0c93a2895ee519b8b370145729c6ad41f49155224&X-Amz-SignedHeaders=host&response-content-disposition=attachment%3B%20filename%3D75861de9-80bf-8b6f-2d2b-60e90ddd7b7f.flac&x-id=GetObject,0.272937417,5637
MRam-2019-05-25_18-20.flac,2019 Markham Ravine,2019,5,25,18,20,Agelaius tricolor,Alternative Song 2,31.47733307,31.88266754,656,7406,24000,present,https://rfcx-streams-production.s3.eu-west-1.amazonaws.com/2019/05/25/te1h471bonyj/af21f014-cf2f-e00c-afa8-41ced19ca27a.flac?X-Amz-Algorithm=AWS4-HMAC-SHA256&X-Amz-Content-Sha256=UNSIGNED-PAYLOAD&X-Amz-Credential=AKIA45B7YWBX5HAZMGOU%2F20260223%2Feu-west-1%2Fs3%2Faws4_request&X-Amz-Date=20260223T000748Z&X-Amz-Expires=604800&X-Amz-Signature=f2afac9e28e30d201ec12fbde629478c0945f493fede338924e23054ca6f02d8&X-Amz-SignedHeaders=host&response-content-disposition=attachment%3B%20filename%3Daf21f014-cf2f-e00c-afa8-41ced19ca27a.flac&x-id=GetObject,0.232687876,5637
MRam-2019-05-25_18-40.flac,2019 Markham Ravine,2019,5,25,18,40,Agelaius tricolor,Alternative Song 2,43.57333374,43.97866821,656,7406,24000,present,https://rfcx-streams-production.s3.eu-west-1.amazonaws.com/2019/05/25/te1h471bonyj/b2418afd-dc68-9f37-0b42-35854bed0b72.flac?X-Amz-Algorithm=AWS4-HMAC-SHA256&X-Amz-Content-Sha256=UNSIGNED-PAYLOAD&X-Amz-Credential=AKIA45B7YWBX5HAZMGOU%2F20260223%2Feu-west-1%2Fs3%2Faws4_request&X-Amz-Date=20260223T000748Z&X-Amz-Expires=604800&X-Amz-Signature=2efa779d4fcd450ea31b6e7ec59d414a825cf6692dccd7c0621ba2b878b0175f&X-Amz-SignedHeaders=host&response-content-disposition=attachment%3B%20filename%3Db2418afd-dc68-9f37-0b42-35854bed0b72.flac&x-id=GetObject,0.25617376,5637
MRam-2019-05-25_19-00.flac,2019 Markham Ravine,2019,5,25,19,0,Agelaius tricolor,Alternative Song 2,52.70399857,53.10933304,656,7406,24000,present,https://rfcx-streams-production.s3.eu-west-1.amazonaws.com/2019/05/25/te1h471bonyj/ea229d62-978d-393c-c4c6-c8aa6beb0b1a.flac?X-Amz-Algorithm=AWS4-HMAC-SHA256&X-Amz-Content-Sha256=UNSIGNED-PAYLOAD&X-Amz-Credential=AKIA45B7YWBX5HAZMGOU%2F20260223%2Feu-west-1%2Fs3%2Faws4_request&X-Amz-Date=20260223T000746Z&X-Amz-Expires=604800&X-Amz-Signature=c6324b47684d8356af499a85505b0637ed3deb4aa7789b9f455eb7c0bcbee639&X-Amz-SignedHeaders=host&response-content-disposition=attachment%3B%20filename%3Dea229d62-978d-393c-c4c6-c8aa6beb0b1a.flac&x-id=GetObject,0.297436178,5637
MRam-2019-05-26_06-00.flac,2019 Markham Ravine,2019,5,26,6,0,Agelaius tricolor,Alternative Song 2,44.27199936,44.67733383,656,7406,24000,present,https://rfcx-streams-production.s3.eu-west-1.amazonaws.com/2019/05/25/te1h471bonyj/89ba21cf-c83e-76e2-faf2-b14153242d2f.flac?X-Amz-Algorithm=AWS4-HMAC-SHA256&X-Amz-Content-Sha256=UNSIGNED-PAYLOAD&X-Amz-Credential=AKIA45B7YWBX5HAZMGOU%2F20260223%2Feu-west-1%2Fs3%2Faws4_request&X-Amz-Date=20260223T000746Z&X-Amz-Expires=604800&X-Amz-Signature=11ed62a7259b72f722818ee0cb060b0759a87e70d24b71b7e81189bc897e83ad&X-Amz-SignedHeaders=host&response-content-disposition=attachment%3B%20filename%3D89ba21cf-c83e-76e2-faf2-b14153242d2f.flac&x-id=GetObject,0.353973985,5637
MRam-2019-05-26_07-00.flac,2019 Markham Ravine,2019,5,26,7,0,Agelaius tricolor,Alternative Song 2,8.421333313,8.826666832,656,7406,24000,present,https://rfcx-streams-production.s3.eu-west-1.amazonaws.com/2019/05/26/te1h471bonyj/10591524-7a9c-1ba4-01d5-ba3826f4d62a.flac?X-Amz-Algorithm=AWS4-HMAC-SHA256&X-Amz-Content-Sha256=UNSIGNED-PAYLOAD&X-Amz-Credential=AKIA45B7YWBX5HAZMGOU%2F20260223%2Feu-west-1%2Fs3%2Faws4_request&X-Amz-Date=20260223T000746Z&X-Amz-Expires=604800&X-Amz-Signature=eaa956acc261bb88145559f9d3270f0340fb37635e52184f976c4cf15bff8205&X-Amz-SignedHeaders=host&response-content-disposition=attachment%3B%20filename%3D10591524-7a9c-1ba4-01d5-ba3826f4d62a.flac&x-id=GetObject,0.318623364,5637
MRam-2019-05-26_07-20.flac,2019 Markham Ravine,2019,5,26,7,20,Agelaius tricolor,Alternative Song 2,43.0826683,43.48799896,656,7406,24000,present,https://rfcx-streams-production.s3.eu-west-1.amazonaws.com/2019/05/26/te1h471bonyj/9a590cb1-0abf-81ed-5308-d921f797fab4.flac?X-Amz-Algorithm=AWS4-HMAC-SHA256&X-Amz-Content-Sha256=UNSIGNED-PAYLOAD&X-Amz-Credential=AKIA45B7YWBX5HAZMGOU%2F20260223%2Feu-west-1%2Fs3%2Faws4_request&X-Amz-Date=20260223T000748Z&X-Amz-Expires=604800&X-Amz-Signature=1945e3f6f2b63568510f44807f3d46a9bc6e6bcddc3d364167f475e8da719400&X-Amz-SignedHeaders=host&response-content-disposition=attachment%3B%20filename%3D9a590cb1-0abf-81ed-5308-d921f797fab4.flac&x-id=GetObject,0.223262951,5637
MRam-2019-05-26_07-40.flac,2019 Markham Ravine,2019,5,26,7,40,Agelaius tricolor,Alternative Song 2,21.67466736,22.07999992,656,7406,24000,present,https://rfcx-streams-production.s3.eu-west-1.amazonaws.com/2019/05/26/te1h471bonyj/7502bbe6-d5ee-7b51-e2b2-78479f786c38.flac?X-Amz-Algorithm=AWS4-HMAC-SHA256&X-Amz-Content-Sha256=UNSIGNED-PAYLOAD&X-Amz-Credential=AKIA45B7YWBX5HAZMGOU%2F20260223%2Feu-west-1%2Fs3%2Faws4_request&X-Amz-Date=20260223T000748Z&X-Amz-Expires=604800&X-Amz-Signature=f2237134a610cf1f0d32c35ddd46e47e47a0903195858ca590b2ecf52b504b46&X-Amz-SignedHeaders=host&response-content-disposition=attachment%3B%20filename%3D7502bbe6-d5ee-7b51-e2b2-78479f786c38.flac&x-id=GetObject,0.223003849,5637
MRam-2019-05-26_09-00.flac,2019 Markham Ravine,2019,5,26,9,0,Agelaius tricolor,Alternative Song 2,1.157333374,1.562666655,656,7406,24000,present,https://rfcx-streams-production.s3.eu-west-1.amazonaws.com/2019/05/26/te1h471bonyj/68394a1f-4fc6-6a1b-b819-c3f51420702e.flac?X-Amz-Algorithm=AWS4-HMAC-SHA256&X-Amz-Content-Sha256=UNSIGNED-PAYLOAD&X-Amz-Credential=AKIA45B7YWBX5HAZMGOU%2F20260223%2Feu-west-1%2Fs3%2Faws4_request&X-Amz-Date=20260223T000746Z&X-Amz-Expires=604800&X-Amz-Signature=dc878d24e9f8e6dd76f09e152e69f6f499ef9e97d9099282daa5b4af16eb66b6&X-Amz-SignedHeaders=host&response-content-disposition=attachment%3B%20filename%3D68394a1f-4fc6-6a1b-b819-c3f51420702e.flac&x-id=GetObject,0.283842623,5637
MRam-2019-05-26_11-20.flac,2019 Markham Ravine,2019,5,26,11,20,Agelaius tricolor,Alternative Song 2,4.805333138,5.210666656,656,7406,24000,present,https://rfcx-streams-production.s3.eu-west-1.amazonaws.com/2019/05/26/te1h471bonyj/dce18028-a095-4a9d-297d-abe7448a10dd.flac?X-Amz-Algorithm=AWS4-HMAC-SHA256&X-Amz-Content-Sha256=UNSIGNED-PAYLOAD&X-Amz-Credential=AKIA45B7YWBX5HAZMGOU%2F20260223%2Feu-west-1%2Fs3%2Faws4_request&X-Amz-Date=20260223T000748Z&X-Amz-Expires=604800&X-Amz-Signature=a0005613de75dab09bdc5181d56b006f1b620d0e313bfaa5fc2a149450ffc524&X-Amz-SignedHeaders=host&response-content-disposition=attachment%3B%20filename%3Ddce18028-a095-4a9d-297d-abe7448a10dd.flac&x-id=GetObject,0.253642827,5637
MRam-2019-05-26_11-40.flac,2019 Markham Ravine,2019,5,26,11,40,Agelaius tricolor,Alternative Song 2,20.94400024,21.34933281,656,7406,24000,present,https://rfcx-streams-production.s3.eu-west-1.amazonaws.com/2019/05/26/te1h471bonyj/c23451df-aff7-8fef-d124-af20e5760fba.flac?X-Amz-Algorithm=AWS4-HMAC-SHA256&X-Amz-Content-Sha256=UNSIGNED-PAYLOAD&X-Amz-Credential=AKIA45B7YWBX5HAZMGOU%2F20260223%2Feu-west-1%2Fs3%2Faws4_request&X-Amz-Date=20260223T000748Z&X-Amz-Expires=604800&X-Amz-Signature=11421477811aac669fe460086c0bf30828986cc19592f48edccfb91393f42bae&X-Amz-SignedHeaders=host&response-content-disposition=attachment%3B%20filename%3Dc23451df-aff7-8fef-d124-af20e5760fba.flac&x-id=GetObject,0.238955945,5637
MRam-2019-05-26_12-00.flac,2019 Markham Ravine,2019,5,26,12,0,Agelaius tricolor,Alternative Song 2,25.46133423,25.86666679,656,7406,24000,present,https://rfcx-streams-production.s3.eu-west-1.amazonaws.com/2019/05/26/te1h471bonyj/f8f4ced1-6890-ddfc-4d46-c82f9f86740f.flac?X-Amz-Algorithm=AWS4-HMAC-SHA256&X-Amz-Content-Sha256=UNSIGNED-PAYLOAD&X-Amz-Credential=AKIA45B7YWBX5HAZMGOU%2F20260223%2Feu-west-1%2Fs3%2Faws4_request&X-Amz-Date=20260223T000746Z&X-Amz-Expires=604800&X-Amz-Signature=2bcf2d915a1e819c3b5f54d1594f05de0174d3c0631361ac7d61fa32f7a7fd74&X-Amz-SignedHeaders=host&response-content-disposition=attachment%3B%20filename%3Df8f4ced1-6890-ddfc-4d46-c82f9f86740f.flac&x-id=GetObject,0.281749576,5637
MRam-2019-05-26_12-20.flac,2019 Markham Ravine,2019,5,26,12,20,Agelaius tricolor,Alternative Song 2,18.54400063,18.94933319,656,7406,24000,present,https://rfcx-streams-production.s3.eu-west-1.amazonaws.com/2019/05/26/te1h471bonyj/f3485052-f822-eb11-a690-13ad10eff234.flac?X-Amz-Algorithm=AWS4-HMAC-SHA256&X-Amz-Content-Sha256=UNSIGNED-PAYLOAD&X-Amz-Credential=AKIA45B7YWBX5HAZMGOU%2F20260223%2Feu-west-1%2Fs3%2Faws4_request&X-Amz-Date=20260223T000748Z&X-Amz-Expires=604800&X-Amz-Signature=c36d47a5ffde3ce1d5f90a252aa6371d1bd7cbfa790dc00f36af25f9bc2e70ec&X-Amz-SignedHeaders=host&response-content-disposition=attachment%3B%20filename%3Df3485052-f822-eb11-a690-13ad10eff234.flac&x-id=GetObject,0.292514116,5637
MRam-2019-05-26_14-00.flac,2019 Markham Ravine,2019,5,26,14,0,Agelaius tricolor,Alternative Song 2,35.52000046,35.92533493,656,7406,24000,present,https://rfcx-streams-production.s3.eu-west-1.amazonaws.com/2019/05/26/te1h471bonyj/00668e4d-2483-326c-ec71-4b6cd20ea927.flac?X-Amz-Algorithm=AWS4-HMAC-SHA256&X-Amz-Content-Sha256=UNSIGNED-PAYLOAD&X-Amz-Credential=AKIA45B7YWBX5HAZMGOU%2F20260223%2Feu-west-1%2Fs3%2Faws4_request&X-Amz-Date=20260223T000746Z&X-Amz-Expires=604800&X-Amz-Signature=e51aba7da292b1af4310b1b5bc7e994f82654b6a57423571e084df131979ee23&X-Amz-SignedHeaders=host&response-content-disposition=attachment%3B%20filename%3D00668e4d-2483-326c-ec71-4b6cd20ea927.flac&x-id=GetObject,0.243088767,5637
MRam-2019-05-26_14-20.flac,2019 Markham Ravine,2019,5,26,14,20,Agelaius tricolor,Alternative Song 2,6.853333473,7.258666515,656,7406,24000,present,https://rfcx-streams-production.s3.eu-west-1.amazonaws.com/2019/05/26/te1h471bonyj/eaf398f2-c19f-1214-ae22-721e6dd5e743.flac?X-Amz-Algorithm=AWS4-HMAC-SHA256&X-Amz-Content-Sha256=UNSIGNED-PAYLOAD&X-Amz-Credential=AKIA45B7YWBX5HAZMGOU%2F20260223%2Feu-west-1%2Fs3%2Faws4_request&X-Amz-Date=20260223T000748Z&X-Amz-Expires=604800&X-Amz-Signature=c44fc79077b9c8245de4bdd52e55cc91ac13d41505ce2994105ec0bc6cc44644&X-Amz-SignedHeaders=host&response-content-disposition=attachment%3B%20filename%3Deaf398f2-c19f-1214-ae22-721e6dd5e743.flac&x-id=GetObject,0.248035252,5637
MRam-2019-05-26_14-40.flac,2019 Markham Ravine,2019,5,26,14,40,Agelaius tricolor,Alternative Song 2,0.330666661,0.736000001,656,7406,24000,present,https://rfcx-streams-production.s3.eu-west-1.amazonaws.com/2019/05/26/te1h471bonyj/a0cdf1fe-89aa-fb68-b497-b8360d9c6ce6.flac?X-Amz-Algorithm=AWS4-HMAC-SHA256&X-Amz-Content-Sha256=UNSIGNED-PAYLOAD&X-Amz-Credential=AKIA45B7YWBX5HAZMGOU%2F20260223%2Feu-west-1%2Fs3%2Faws4_request&X-Amz-Date=20260223T000748Z&X-Amz-Expires=604800&X-Amz-Signature=b2de2a9063eaf3bc4b0b5b4923287dd784dbfe081fe0430c845e22695a723b91&X-Amz-SignedHeaders=host&response-content-disposition=attachment%3B%20filename%3Da0cdf1fe-89aa-fb68-b497-b8360d9c6ce6.flac&x-id=GetObject,0.2719284,5637
MRam-2019-05-26_15-20.flac,2019 Markham Ravine,2019,5,26,15,20,Agelaius tricolor,Alternative Song 2,1.690666676,2.095999956,656,7406,24000,present,https://rfcx-streams-production.s3.eu-west-1.amazonaws.com/2019/05/26/te1h471bonyj/cc759444-5346-b6ff-f8eb-6afb5bce8126.flac?X-Amz-Algorithm=AWS4-HMAC-SHA256&X-Amz-Content-Sha256=UNSIGNED-PAYLOAD&X-Amz-Credential=AKIA45B7YWBX5HAZMGOU%2F20260223%2Feu-west-1%2Fs3%2Faws4_request&X-Amz-Date=20260223T000748Z&X-Amz-Expires=604800&X-Amz-Signature=ade0fed5769aa44e60b112ac9b3474912a9cfbc61e2a816402388f95a17cd7fc&X-Amz-SignedHeaders=host&response-content-disposition=attachment%3B%20filename%3Dcc759444-5346-b6ff-f8eb-6afb5bce8126.flac&x-id=GetObject,0.241103649,5637
MRam-2019-05-26_15-40.flac,2019 Markham Ravine,2019,5,26,15,40,Agelaius tricolor,Alternative Song 2,33.17333221,33.57866669,656,7406,24000,present,https://rfcx-streams-production.s3.eu-west-1.amazonaws.com/2019/05/26/te1h471bonyj/e793452c-cf7d-ffe6-c940-0237387cceca.flac?X-Amz-Algorithm=AWS4-HMAC-SHA256&X-Amz-Content-Sha256=UNSIGNED-PAYLOAD&X-Amz-Credential=AKIA45B7YWBX5HAZMGOU%2F20260223%2Feu-west-1%2Fs3%2Faws4_request&X-Amz-Date=20260223T000748Z&X-Amz-Expires=604800&X-Amz-Signature=b003a84247ecc70be49bbdda2facd8a925fb86e5a378b151906d8bd242572565&X-Amz-SignedHeaders=host&response-content-disposition=attachment%3B%20filename%3De793452c-cf7d-ffe6-c940-0237387cceca.flac&x-id=GetObject,0.278002143,5637
MRam-2019-05-26_16-20.flac,2019 Markham Ravine,2019,5,26,16,20,Agelaius tricolor,Alternative Song 2,16.08533287,16.49066734,656,7406,24000,present,https://rfcx-streams-production.s3.eu-west-1.amazonaws.com/2019/05/26/te1h471bonyj/079b2b47-cbed-5e13-b77c-0020dcdf55bc.flac?X-Amz-Algorithm=AWS4-HMAC-SHA256&X-Amz-Content-Sha256=UNSIGNED-PAYLOAD&X-Amz-Credential=AKIA45B7YWBX5HAZMGOU%2F20260223%2Feu-west-1%2Fs3%2Faws4_request&X-Amz-Date=20260223T000748Z&X-Amz-Expires=604800&X-Amz-Signature=cb2834fbb8014f602a8b99fff81c55a25ad172e3ed7edb403ca08ed29571d3aa&X-Amz-SignedHeaders=host&response-content-disposition=attachment%3B%20filename%3D079b2b47-cbed-5e13-b77c-0020dcdf55bc.flac&x-id=GetObject,0.240942359,5637
MRam-2019-05-26_17-00.flac,2019 Markham Ravine,2019,5,26,17,0,Agelaius tricolor,Alternative Song 2,21.14666748,21.55200005,656,7406,24000,present,https://rfcx-streams-production.s3.eu-west-1.amazonaws.com/2019/05/26/te1h471bonyj/dd465bb5-7c2c-8232-2333-a90d613dccf8.flac?X-Amz-Algorithm=AWS4-HMAC-SHA256&X-Amz-Content-Sha256=UNSIGNED-PAYLOAD&X-Amz-Credential=AKIA45B7YWBX5HAZMGOU%2F20260223%2Feu-west-1%2Fs3%2Faws4_request&X-Amz-Date=20260223T000746Z&X-Amz-Expires=604800&X-Amz-Signature=40b00dfea04783d55336ab2ef6df363af4f11049b1f977bd024b05168b0e6930&X-Amz-SignedHeaders=host&response-content-disposition=attachment%3B%20filename%3Ddd465bb5-7c2c-8232-2333-a90d613dccf8.flac&x-id=GetObject,0.249388129,5637
MRam-2019-05-26_17-20.flac,2019 Markham Ravine,2019,5,26,17,20,Agelaius tricolor,Alternative Song 2,48.45866776,48.86399841,656,7406,24000,present,https://rfcx-streams-production.s3.eu-west-1.amazonaws.com/2019/05/26/te1h471bonyj/c2d2e715-3b60-7bc8-3bc7-fff55af5ef73.flac?X-Amz-Algorithm=AWS4-HMAC-SHA256&X-Amz-Content-Sha256=UNSIGNED-PAYLOAD&X-Amz-Credential=AKIA45B7YWBX5HAZMGOU%2F20260223%2Feu-west-1%2Fs3%2Faws4_request&X-Amz-Date=20260223T000748Z&X-Amz-Expires=604800&X-Amz-Signature=ea4af0c18c2b76d1b1cdcf5889bc76d337ba862a514ee6aa03d3df24838e3908&X-Amz-SignedHeaders=host&response-content-disposition=attachment%3B%20filename%3Dc2d2e715-3b60-7bc8-3bc7-fff55af5ef73.flac&x-id=GetObject,0.307286948,5637
MRam-2019-05-26_17-40.flac,2019 Markham Ravine,2019,5,26,17,40,Agelaius tricolor,Alternative Song 2,41.0826683,41.48799896,656,7406,24000,present,https://rfcx-streams-production.s3.eu-west-1.amazonaws.com/2019/05/26/te1h471bonyj/6d03ea7a-b5b4-2dab-920f-b25f5b0eb6a2.flac?X-Amz-Algorithm=AWS4-HMAC-SHA256&X-Amz-Content-Sha256=UNSIGNED-PAYLOAD&X-Amz-Credential=AKIA45B7YWBX5HAZMGOU%2F20260223%2Feu-west-1%2Fs3%2Faws4_request&X-Amz-Date=20260223T000748Z&X-Amz-Expires=604800&X-Amz-Signature=db9cd8e312a8c231078f887ebfe2136bc675c14a75d57cf972ecdd24147bf22c&X-Amz-SignedHeaders=host&response-content-disposition=attachment%3B%20filename%3D6d03ea7a-b5b4-2dab-920f-b25f5b0eb6a2.flac&x-id=GetObject,0.314694971,5637
MRam-2019-05-26_18-20.flac,2019 Markham Ravine,2019,5,26,18,20,Agelaius tricolor,Alternative Song 2,54.94933319,55.35466766,656,7406,24000,present,https://rfcx-streams-production.s3.eu-west-1.amazonaws.com/2019/05/26/te1h471bonyj/a9317113-52ab-65b9-4c64-99e46cb20bcf.flac?X-Amz-Algorithm=AWS4-HMAC-SHA256&X-Amz-Content-Sha256=UNSIGNED-PAYLOAD&X-Amz-Credential=AKIA45B7YWBX5HAZMGOU%2F20260223%2Feu-west-1%2Fs3%2Faws4_request&X-Amz-Date=20260223T000748Z&X-Amz-Expires=604800&X-Amz-Signature=4f9ee02e01b416ab0e73d809fe842f5ea34e7a3232b9707ef14b3e8d56e04037&X-Amz-SignedHeaders=host&response-content-disposition=attachment%3B%20filename%3Da9317113-52ab-65b9-4c64-99e46cb20bcf.flac&x-id=GetObject,0.267661452,5637
MRam-2019-05-26_18-40.flac,2019 Markham Ravine,2019,5,26,18,40,Agelaius tricolor,Alternative Song 2,51.9679985,52.37333298,656,7406,24000,present,https://rfcx-streams-production.s3.eu-west-1.amazonaws.com/2019/05/26/te1h471bonyj/edbcaa0f-f7d9-0a0f-caaa-495b8081d9d6.flac?X-Amz-Algorithm=AWS4-HMAC-SHA256&X-Amz-Content-Sha256=UNSIGNED-PAYLOAD&X-Amz-Credential=AKIA45B7YWBX5HAZMGOU%2F20260223%2Feu-west-1%2Fs3%2Faws4_request&X-Amz-Date=20260223T000748Z&X-Amz-Expires=604800&X-Amz-Signature=580ef8373f7fba01cd0a3d1aad2c7fa21d9794548729c5c60d0ba13bafe4d598&X-Amz-SignedHeaders=host&response-content-disposition=attachment%3B%20filename%3Dedbcaa0f-f7d9-0a0f-caaa-495b8081d9d6.flac&x-id=GetObject,0.274296612,5637
MRam-2019-05-26_19-00.flac,2019 Markham Ravine,2019,5,26,19,0,Agelaius tricolor,Alternative Song 2,28.65600014,29.0613327,656,7406,24000,present,https://rfcx-streams-production.s3.eu-west-1.amazonaws.com/2019/05/26/te1h471bonyj/b7f3e12e-8858-5cd6-c747-bca2c32b25a6.flac?X-Amz-Algorithm=AWS4-HMAC-SHA256&X-Amz-Content-Sha256=UNSIGNED-PAYLOAD&X-Amz-Credential=AKIA45B7YWBX5HAZMGOU%2F20260223%2Feu-west-1%2Fs3%2Faws4_request&X-Amz-Date=20260223T000746Z&X-Amz-Expires=604800&X-Amz-Signature=9911d803670ebde7e9c15086bc21364741fbcbcf19469db04d5e526d52ad51ad&X-Amz-SignedHeaders=host&response-content-disposition=attachment%3B%20filename%3Db7f3e12e-8858-5cd6-c747-bca2c32b25a6.flac&x-id=GetObject,0.24936007,5637
MRam-2019-05-26_19-20.flac,2019 Markham Ravine,2019,5,26,19,20,Agelaius tricolor,Alternative Song 2,21.5359993,21.94133377,656,7406,24000,present,https://rfcx-streams-production.s3.eu-west-1.amazonaws.com/2019/05/26/te1h471bonyj/9e3d7e24-e542-835d-f6ec-875d05bfea9c.flac?X-Amz-Algorithm=AWS4-HMAC-SHA256&X-Amz-Content-Sha256=UNSIGNED-PAYLOAD&X-Amz-Credential=AKIA45B7YWBX5HAZMGOU%2F20260223%2Feu-west-1%2Fs3%2Faws4_request&X-Amz-Date=20260223T000748Z&X-Amz-Expires=604800&X-Amz-Signature=c5863fe7627926b28308b3391ea3bf0dbb9da13c523c1d286ee8229430200af3&X-Amz-SignedHeaders=host&response-content-disposition=attachment%3B%20filename%3D9e3d7e24-e542-835d-f6ec-875d05bfea9c.flac&x-id=GetObject,0.245317742,5637
MRam-2019-05-26_19-40.flac,2019 Markham Ravine,2019,5,26,19,40,Agelaius tricolor,Alternative Song 2,26.41600037,26.82133293,656,7406,24000,present,https://rfcx-streams-production.s3.eu-west-1.amazonaws.com/2019/05/26/te1h471bonyj/08ea151b-cbb5-cdb4-b631-bd90d056f165.flac?X-Amz-Algorithm=AWS4-HMAC-SHA256&X-Amz-Content-Sha256=UNSIGNED-PAYLOAD&X-Amz-Credential=AKIA45B7YWBX5HAZMGOU%2F20260223%2Feu-west-1%2Fs3%2Faws4_request&X-Amz-Date=20260223T000748Z&X-Amz-Expires=604800&X-Amz-Signature=49bb6ea2af53d064a56a50a96e7dc3e2d85677e11f6d1a9d6b0ebc8d466b7ec1&X-Amz-SignedHeaders=host&response-content-disposition=attachment%3B%20filename%3D08ea151b-cbb5-cdb4-b631-bd90d056f165.flac&x-id=GetObject,0.220265105,5637
MRam-2019-05-26_20-00.flac,2019 Markham Ravine,2019,5,26,20,0,Agelaius tricolor,Alternative Song 2,22.43733406,22.84266663,656,7406,24000,present,https://rfcx-streams-production.s3.eu-west-1.amazonaws.com/2019/05/26/te1h471bonyj/8ee97891-fc63-9903-a2b8-60dd56725a62.flac?X-Amz-Algorithm=AWS4-HMAC-SHA256&X-Amz-Content-Sha256=UNSIGNED-PAYLOAD&X-Amz-Credential=AKIA45B7YWBX5HAZMGOU%2F20260223%2Feu-west-1%2Fs3%2Faws4_request&X-Amz-Date=20260223T000746Z&X-Amz-Expires=604800&X-Amz-Signature=269373ab42b66717f79e669ab346ac31033af670900b87b12f88541211147574&X-Amz-SignedHeaders=host&response-content-disposition=attachment%3B%20filename%3D8ee97891-fc63-9903-a2b8-60dd56725a62.flac&x-id=GetObject,0.220360711,5637
MRam-2019-05-26_20-20.flac,2019 Markham Ravine,2019,5,26,20,20,Agelaius tricolor,Alternative Song 2,32.51200104,32.9173317,656,7406,24000,present,https://rfcx-streams-production.s3.eu-west-1.amazonaws.com/2019/05/26/te1h471bonyj/ce08a324-7cef-c882-fec4-568bfb8ef86c.flac?X-Amz-Algorithm=AWS4-HMAC-SHA256&X-Amz-Content-Sha256=UNSIGNED-PAYLOAD&X-Amz-Credential=AKIA45B7YWBX5HAZMGOU%2F20260223%2Feu-west-1%2Fs3%2Faws4_request&X-Amz-Date=20260223T000748Z&X-Amz-Expires=604800&X-Amz-Signature=90597298eee279042537b86fc9e30b725cd375c98bc625228a75ae3a674480c0&X-Amz-SignedHeaders=host&response-content-disposition=attachment%3B%20filename%3Dce08a324-7cef-c882-fec4-568bfb8ef86c.flac&x-id=GetObject,0.224975988,5637
MRam-2019-05-27_05-40.flac,2019 Markham Ravine,2019,5,27,5,40,Agelaius tricolor,Alternative Song 2,36.79999924,37.20533371,656,7406,24000,present,https://rfcx-streams-production.s3.eu-west-1.amazonaws.com/2019/05/26/te1h471bonyj/3f78a966-5dba-e1ff-d2a2-779ba8c47569.flac?X-Amz-Algorithm=AWS4-HMAC-SHA256&X-Amz-Content-Sha256=UNSIGNED-PAYLOAD&X-Amz-Credential=AKIA45B7YWBX5HAZMGOU%2F20260223%2Feu-west-1%2Fs3%2Faws4_request&X-Amz-Date=20260223T000748Z&X-Amz-Expires=604800&X-Amz-Signature=d51585ebda5001b76c5fddf42ee060c060dfe0007dd5fc786d02ec835bbebb08&X-Amz-SignedHeaders=host&response-content-disposition=attachment%3B%20filename%3D3f78a966-5dba-e1ff-d2a2-779ba8c47569.flac&x-id=GetObject,0.239542916,5637
MRam-2019-05-27_06-00.flac,2019 Markham Ravine,2019,5,27,6,0,Agelaius tricolor,Alternative Song 2,26.83733368,27.24266624,656,7406,24000,present,https://rfcx-streams-production.s3.eu-west-1.amazonaws.com/2019/05/26/te1h471bonyj/625f7194-7567-e8a0-0ad0-cf54cd395025.flac?X-Amz-Algorithm=AWS4-HMAC-SHA256&X-Amz-Content-Sha256=UNSIGNED-PAYLOAD&X-Amz-Credential=AKIA45B7YWBX5HAZMGOU%2F20260223%2Feu-west-1%2Fs3%2Faws4_request&X-Amz-Date=20260223T000746Z&X-Amz-Expires=604800&X-Amz-Signature=1a84e50fd7deac9967607cb94d9ac5799c75421b036f6339ec97b1b69836087c&X-Amz-SignedHeaders=host&response-content-disposition=attachment%3B%20filename%3D625f7194-7567-e8a0-0ad0-cf54cd395025.flac&x-id=GetObject,0.236550927,5637
MRam-2019-05-27_07-20.flac,2019 Markham Ravine,2019,5,27,7,20,Agelaius tricolor,Alternative Song 2,3.957333326,4.362666607,656,7406,24000,present,https://rfcx-streams-production.s3.eu-west-1.amazonaws.com/2019/05/27/te1h471bonyj/4bf0c5f2-df40-95c9-0622-fe07010f78b5.flac?X-Amz-Algorithm=AWS4-HMAC-SHA256&X-Amz-Content-Sha256=UNSIGNED-PAYLOAD&X-Amz-Credential=AKIA45B7YWBX5HAZMGOU%2F20260223%2Feu-west-1%2Fs3%2Faws4_request&X-Amz-Date=20260223T000748Z&X-Amz-Expires=604800&X-Amz-Signature=3421299e9445bd7ad6d939ab11a396bbeb772e318f19b06dee5513e92876045d&X-Amz-SignedHeaders=host&response-content-disposition=attachment%3B%20filename%3D4bf0c5f2-df40-95c9-0622-fe07010f78b5.flac&x-id=GetObject,0.239846915,5637
MRam-2019-05-27_08-00.flac,2019 Markham Ravine,2019,5,27,8,0,Agelaius tricolor,Alternative Song 2,22.41066742,22.81599998,656,7406,24000,present,https://rfcx-streams-production.s3.eu-west-1.amazonaws.com/2019/05/27/te1h471bonyj/ff649fba-e429-cdcc-516d-384ecff54bc6.flac?X-Amz-Algorithm=AWS4-HMAC-SHA256&X-Amz-Content-Sha256=UNSIGNED-PAYLOAD&X-Amz-Credential=AKIA45B7YWBX5HAZMGOU%2F20260223%2Feu-west-1%2Fs3%2Faws4_request&X-Amz-Date=20260223T000746Z&X-Amz-Expires=604800&X-Amz-Signature=f48ab80c04ef8c19d5b882cc28bf6e5a50c9e27b517c7a9e3f2c736fd3ab2266&X-Amz-SignedHeaders=host&response-content-disposition=attachment%3B%20filename%3Dff649fba-e429-cdcc-516d-384ecff54bc6.flac&x-id=GetObject,0.330379307,5637
MRam-2019-05-27_08-20.flac,2019 Markham Ravine,2019,5,27,8,20,Agelaius tricolor,Alternative Song 2,41.72266769,42.12799835,656,7406,24000,present,https://rfcx-streams-production.s3.eu-west-1.amazonaws.com/2019/05/27/te1h471bonyj/2acd7bee-5862-c907-8c64-3b8478c1e483.flac?X-Amz-Algorithm=AWS4-HMAC-SHA256&X-Amz-Content-Sha256=UNSIGNED-PAYLOAD&X-Amz-Credential=AKIA45B7YWBX5HAZMGOU%2F20260223%2Feu-west-1%2Fs3%2Faws4_request&X-Amz-Date=20260223T000748Z&X-Amz-Expires=604800&X-Amz-Signature=b846939b2506ca640012e977088339b0f80949bc5f0f2e216f94463c7cdded39&X-Amz-SignedHeaders=host&response-content-disposition=attachment%3B%20filename%3D2acd7bee-5862-c907-8c64-3b8478c1e483.flac&x-id=GetObject,0.211190417,5637
MRam-2019-05-27_08-40.flac,2019 Markham Ravine,2019,5,27,8,40,Agelaius tricolor,Alternative Song 2,31.50399971,31.90933418,656,7406,24000,present,https://rfcx-streams-production.s3.eu-west-1.amazonaws.com/2019/05/27/te1h471bonyj/74aa2f9a-46af-603a-bb46-1c7d8f705833.flac?X-Amz-Algorithm=AWS4-HMAC-SHA256&X-Amz-Content-Sha256=UNSIGNED-PAYLOAD&X-Amz-Credential=AKIA45B7YWBX5HAZMGOU%2F20260223%2Feu-west-1%2Fs3%2Faws4_request&X-Amz-Date=20260223T000748Z&X-Amz-Expires=604800&X-Amz-Signature=e666e88432e2eacb6df78ad080ca957c0939bd93f0e3b789bc335d5fa241599c&X-Amz-SignedHeaders=host&response-content-disposition=attachment%3B%20filename%3D74aa2f9a-46af-603a-bb46-1c7d8f705833.flac&x-id=GetObject,0.299637288,5637
MRam-2019-05-27_09-00.flac,2019 Markham Ravine,2019,5,27,9,0,Agelaius tricolor,Alternative Song 2,34.56000137,34.96533203,656,7406,24000,present,https://rfcx-streams-production.s3.eu-west-1.amazonaws.com/2019/05/27/te1h471bonyj/448e45f3-5f4a-d4e4-2bc8-5f13029a13a4.flac?X-Amz-Algorithm=AWS4-HMAC-SHA256&X-Amz-Content-Sha256=UNSIGNED-PAYLOAD&X-Amz-Credential=AKIA45B7YWBX5HAZMGOU%2F20260223%2Feu-west-1%2Fs3%2Faws4_request&X-Amz-Date=20260223T000746Z&X-Amz-Expires=604800&X-Amz-Signature=65cad1b2b5c9fff158104ba877bc4a69972bd0b078cec9354b787f1471c9365b&X-Amz-SignedHeaders=host&response-content-disposition=attachment%3B%20filename%3D448e45f3-5f4a-d4e4-2bc8-5f13029a13a4.flac&x-id=GetObject,0.214526042,5637
MRam-2019-05-27_09-40.flac,2019 Markham Ravine,2019,5,27,9,40,Agelaius tricolor,Alternative Song 2,39.07733154,39.48266602,656,7406,24000,present,https://rfcx-streams-production.s3.eu-west-1.amazonaws.com/2019/05/27/te1h471bonyj/fd1f5ccd-536d-7574-d0c7-f5522e2bc8de.flac?X-Amz-Algorithm=AWS4-HMAC-SHA256&X-Amz-Content-Sha256=UNSIGNED-PAYLOAD&X-Amz-Credential=AKIA45B7YWBX5HAZMGOU%2F20260223%2Feu-west-1%2Fs3%2Faws4_request&X-Amz-Date=20260223T000748Z&X-Amz-Expires=604800&X-Amz-Signature=a32ebd49edabb38e91a9c262729d060a94a5b139843ed28359067070ae01fa10&X-Amz-SignedHeaders=host&response-content-disposition=attachment%3B%20filename%3Dfd1f5ccd-536d-7574-d0c7-f5522e2bc8de.flac&x-id=GetObject,0.226891711,5637
MRam-2019-05-27_10-00.flac,2019 Markham Ravine,2019,5,27,10,0,Agelaius tricolor,Alternative Song 2,51.33333206,51.73866653,656,7406,24000,present,https://rfcx-streams-production.s3.eu-west-1.amazonaws.com/2019/05/27/te1h471bonyj/9607e3ad-b780-2f39-ebc9-81d1f256c748.flac?X-Amz-Algorithm=AWS4-HMAC-SHA256&X-Amz-Content-Sha256=UNSIGNED-PAYLOAD&X-Amz-Credential=AKIA45B7YWBX5HAZMGOU%2F20260223%2Feu-west-1%2Fs3%2Faws4_request&X-Amz-Date=20260223T000746Z&X-Amz-Expires=604800&X-Amz-Signature=dbdf7735d9368b3e1ddf80dc88f60e94402f098a8e20f2ed4a1d2ea8085038fc&X-Amz-SignedHeaders=host&response-content-disposition=attachment%3B%20filename%3D9607e3ad-b780-2f39-ebc9-81d1f256c748.flac&x-id=GetObject,0.264504015,5637
MRam-2019-05-27_11-00.flac,2019 Markham Ravine,2019,5,27,11,0,Agelaius tricolor,Alternative Song 2,10.97599983,11.38133335,656,7406,24000,present,https://rfcx-streams-production.s3.eu-west-1.amazonaws.com/2019/05/27/te1h471bonyj/bc6cf1e3-98ed-a7f8-2e95-01b549a07aae.flac?X-Amz-Algorithm=AWS4-HMAC-SHA256&X-Amz-Content-Sha256=UNSIGNED-PAYLOAD&X-Amz-Credential=AKIA45B7YWBX5HAZMGOU%2F20260223%2Feu-west-1%2Fs3%2Faws4_request&X-Amz-Date=20260223T000746Z&X-Amz-Expires=604800&X-Amz-Signature=8d099b4487d5d940dd0738108fe9466b671b885bfd666bb5298f05b6197f59a0&X-Amz-SignedHeaders=host&response-content-disposition=attachment%3B%20filename%3Dbc6cf1e3-98ed-a7f8-2e95-01b549a07aae.flac&x-id=GetObject,0.2392748,5637
MRam-2019-05-27_11-20.flac,2019 Markham Ravine,2019,5,27,11,20,Agelaius tricolor,Alternative Song 2,39.2480011,39.65333176,656,7406,24000,present,https://rfcx-streams-production.s3.eu-west-1.amazonaws.com/2019/05/27/te1h471bonyj/55f2fb60-6862-ba04-1f78-d9759633edc2.flac?X-Amz-Algorithm=AWS4-HMAC-SHA256&X-Amz-Content-Sha256=UNSIGNED-PAYLOAD&X-Amz-Credential=AKIA45B7YWBX5HAZMGOU%2F20260223%2Feu-west-1%2Fs3%2Faws4_request&X-Amz-Date=20260223T000748Z&X-Amz-Expires=604800&X-Amz-Signature=6b63162b6b202c2851b1e40a45d7a632b23169cfa3e1864d07139ba37e03f132&X-Amz-SignedHeaders=host&response-content-disposition=attachment%3B%20filename%3D55f2fb60-6862-ba04-1f78-d9759633edc2.flac&x-id=GetObject,0.253987759,5637
MRam-2019-05-27_11-40.flac,2019 Markham Ravine,2019,5,27,11,40,Agelaius tricolor,Alternative Song 2,1.365333319,1.770666718,656,7406,24000,present,https://rfcx-streams-production.s3.eu-west-1.amazonaws.com/2019/05/27/te1h471bonyj/c811b77a-9437-10f4-0965-3f00f62ea972.flac?X-Amz-Algorithm=AWS4-HMAC-SHA256&X-Amz-Content-Sha256=UNSIGNED-PAYLOAD&X-Amz-Credential=AKIA45B7YWBX5HAZMGOU%2F20260223%2Feu-west-1%2Fs3%2Faws4_request&X-Amz-Date=20260223T000748Z&X-Amz-Expires=604800&X-Amz-Signature=c6c7ab747fb903a6dfc85853c2ff5ec42a73950005fbe929f9fb0d0a12f4601f&X-Amz-SignedHeaders=host&response-content-disposition=attachment%3B%20filename%3Dc811b77a-9437-10f4-0965-3f00f62ea972.flac&x-id=GetObject,0.246163815,5637
MRam-2019-05-27_12-20.flac,2019 Markham Ravine,2019,5,27,12,20,Agelaius tricolor,Alternative Song 2,37.78666687,38.19200134,656,7406,24000,present,https://rfcx-streams-production.s3.eu-west-1.amazonaws.com/2019/05/27/te1h471bonyj/29dc1238-38ed-1dae-70d7-e12f66bf4307.flac?X-Amz-Algorithm=AWS4-HMAC-SHA256&X-Amz-Content-Sha256=UNSIGNED-PAYLOAD&X-Amz-Credential=AKIA45B7YWBX5HAZMGOU%2F20260223%2Feu-west-1%2Fs3%2Faws4_request&X-Amz-Date=20260223T000748Z&X-Amz-Expires=604800&X-Amz-Signature=d8ab81f83d0d22b691e656ad246a0bf45ab7b61148a3bea16d6e8f88d74ef113&X-Amz-SignedHeaders=host&response-content-disposition=attachment%3B%20filename%3D29dc1238-38ed-1dae-70d7-e12f66bf4307.flac&x-id=GetObject,0.26590544,5637
MRam-2019-05-27_13-00.flac,2019 Markham Ravine,2019,5,27,13,0,Agelaius tricolor,Alternative Song 2,26.6186676,27.02400017,656,7406,24000,present,https://rfcx-streams-production.s3.eu-west-1.amazonaws.com/2019/05/27/te1h471bonyj/a3bdb3d6-259f-b297-34de-ab6520cd48e9.flac?X-Amz-Algorithm=AWS4-HMAC-SHA256&X-Amz-Content-Sha256=UNSIGNED-PAYLOAD&X-Amz-Credential=AKIA45B7YWBX5HAZMGOU%2F20260223%2Feu-west-1%2Fs3%2Faws4_request&X-Amz-Date=20260223T000746Z&X-Amz-Expires=604800&X-Amz-Signature=0e26f1b5b116cad88a97ae6b29544f3b16d4211b6325137e8e081523643c921d&X-Amz-SignedHeaders=host&response-content-disposition=attachment%3B%20filename%3Da3bdb3d6-259f-b297-34de-ab6520cd48e9.flac&x-id=GetObject,0.251922518,5637
MRam-2019-05-27_14-00.flac,2019 Markham Ravine,2019,5,27,14,0,Agelaius tricolor,Alternative Song 2,40.81066513,41.2159996,656,7406,24000,present,https://rfcx-streams-production.s3.eu-west-1.amazonaws.com/2019/05/27/te1h471bonyj/b8862577-1d50-eb86-e0b5-1dd5c83eeaa8.flac?X-Amz-Algorithm=AWS4-HMAC-SHA256&X-Amz-Content-Sha256=UNSIGNED-PAYLOAD&X-Amz-Credential=AKIA45B7YWBX5HAZMGOU%2F20260223%2Feu-west-1%2Fs3%2Faws4_request&X-Amz-Date=20260223T000746Z&X-Amz-Expires=604800&X-Amz-Signature=8a7952bc6ad4172a66f95b728e42887321949f3651b6367233104a45afb67fa4&X-Amz-SignedHeaders=host&response-content-disposition=attachment%3B%20filename%3Db8862577-1d50-eb86-e0b5-1dd5c83eeaa8.flac&x-id=GetObject,0.335153818,5637
MRam-2019-05-27_14-20.flac,2019 Markham Ravine,2019,5,27,14,20,Agelaius tricolor,Alternative Song 2,45.31733322,45.72266769,656,7406,24000,present,https://rfcx-streams-production.s3.eu-west-1.amazonaws.com/2019/05/27/te1h471bonyj/cda4c467-953e-f6e6-1ada-049cd61ae105.flac?X-Amz-Algorithm=AWS4-HMAC-SHA256&X-Amz-Content-Sha256=UNSIGNED-PAYLOAD&X-Amz-Credential=AKIA45B7YWBX5HAZMGOU%2F20260223%2Feu-west-1%2Fs3%2Faws4_request&X-Amz-Date=20260223T000748Z&X-Amz-Expires=604800&X-Amz-Signature=60eb591539f5239698f3dc2d6d06fc21a6d28d1e55a613eae17fb4820927de9c&X-Amz-SignedHeaders=host&response-content-disposition=attachment%3B%20filename%3Dcda4c467-953e-f6e6-1ada-049cd61ae105.flac&x-id=GetObject,0.285435021,5637
MRam-2019-05-27_14-40.flac,2019 Markham Ravine,2019,5,27,14,40,Agelaius tricolor,Alternative Song 2,57.45066833,57.85599899,656,7406,24000,present,https://rfcx-streams-production.s3.eu-west-1.amazonaws.com/2019/05/27/te1h471bonyj/1cbb6718-7134-ea82-1fac-f44aaf595a43.flac?X-Amz-Algorithm=AWS4-HMAC-SHA256&X-Amz-Content-Sha256=UNSIGNED-PAYLOAD&X-Amz-Credential=AKIA45B7YWBX5HAZMGOU%2F20260223%2Feu-west-1%2Fs3%2Faws4_request&X-Amz-Date=20260223T000748Z&X-Amz-Expires=604800&X-Amz-Signature=8cc35a5da50ec6878605e69659dfc005ca5110d9862581b5774374d6426885f9&X-Amz-SignedHeaders=host&response-content-disposition=attachment%3B%20filename%3D1cbb6718-7134-ea82-1fac-f44aaf595a43.flac&x-id=GetObject,0.276302516,5637
MRam-2019-05-27_15-00.flac,2019 Markham Ravine,2019,5,27,15,0,Agelaius tricolor,Alternative Song 2,40.37866592,40.7840004,656,7406,24000,present,https://rfcx-streams-production.s3.eu-west-1.amazonaws.com/2019/05/27/te1h471bonyj/a1f8515b-e188-6835-0166-ee7ca86f20c6.flac?X-Amz-Algorithm=AWS4-HMAC-SHA256&X-Amz-Content-Sha256=UNSIGNED-PAYLOAD&X-Amz-Credential=AKIA45B7YWBX5HAZMGOU%2F20260223%2Feu-west-1%2Fs3%2Faws4_request&X-Amz-Date=20260223T000746Z&X-Amz-Expires=604800&X-Amz-Signature=e019142b6ddff73289d9c48cbda5cb46625d414fd578bc13b947f29a8d944c78&X-Amz-SignedHeaders=host&response-content-disposition=attachment%3B%20filename%3Da1f8515b-e188-6835-0166-ee7ca86f20c6.flac&x-id=GetObject,0.283806443,5637
MRam-2019-05-27_15-20.flac,2019 Markham Ravine,2019,5,27,15,20,Agelaius tricolor,Alternative Song 2,37.64266586,38.04800034,656,7406,24000,present,https://rfcx-streams-production.s3.eu-west-1.amazonaws.com/2019/05/27/te1h471bonyj/12c4c715-eec3-a321-c82e-55c9fb3bea77.flac?X-Amz-Algorithm=AWS4-HMAC-SHA256&X-Amz-Content-Sha256=UNSIGNED-PAYLOAD&X-Amz-Credential=AKIA45B7YWBX5HAZMGOU%2F20260223%2Feu-west-1%2Fs3%2Faws4_request&X-Amz-Date=20260223T000748Z&X-Amz-Expires=604800&X-Amz-Signature=bcabb4d1cda1dbba61d66c5c2c14e928e8a6e42e6b6b0633b101031b449412ea&X-Amz-SignedHeaders=host&response-content-disposition=attachment%3B%20filename%3D12c4c715-eec3-a321-c82e-55c9fb3bea77.flac&x-id=GetObject,0.201533288,5637
MRam-2019-05-27_15-40.flac,2019 Markham Ravine,2019,5,27,15,40,Agelaius tricolor,Alternative Song 2,9.541333199,9.946666718,656,7406,24000,present,https://rfcx-streams-production.s3.eu-west-1.amazonaws.com/2019/05/27/te1h471bonyj/52125f0b-a96a-c040-aac8-bec5a510b37e.flac?X-Amz-Algorithm=AWS4-HMAC-SHA256&X-Amz-Content-Sha256=UNSIGNED-PAYLOAD&X-Amz-Credential=AKIA45B7YWBX5HAZMGOU%2F20260223%2Feu-west-1%2Fs3%2Faws4_request&X-Amz-Date=20260223T000748Z&X-Amz-Expires=604800&X-Amz-Signature=5d05bce709224b682772369e4c37f3d5a9fdd0dc1bfb474402382e1e3698124d&X-Amz-SignedHeaders=host&response-content-disposition=attachment%3B%20filename%3D52125f0b-a96a-c040-aac8-bec5a510b37e.flac&x-id=GetObject,0.349074095,5637
MRam-2019-05-27_16-40.flac,2019 Markham Ravine,2019,5,27,16,40,Agelaius tricolor,Alternative Song 2,2.853333235,3.258666754,656,7406,24000,present,https://rfcx-streams-production.s3.eu-west-1.amazonaws.com/2019/05/27/te1h471bonyj/4d60535d-a5cc-5dcc-0b61-ffdd8973f799.flac?X-Amz-Algorithm=AWS4-HMAC-SHA256&X-Amz-Content-Sha256=UNSIGNED-PAYLOAD&X-Amz-Credential=AKIA45B7YWBX5HAZMGOU%2F20260223%2Feu-west-1%2Fs3%2Faws4_request&X-Amz-Date=20260223T000748Z&X-Amz-Expires=604800&X-Amz-Signature=8f47c7127265a529783819a9f03721e5266066bf4f21a683fd03b9bbba90f405&X-Amz-SignedHeaders=host&response-content-disposition=attachment%3B%20filename%3D4d60535d-a5cc-5dcc-0b61-ffdd8973f799.flac&x-id=GetObject,0.242133379,5637
MRam-2019-05-27_17-00.flac,2019 Markham Ravine,2019,5,27,17,0,Agelaius tricolor,Alternative Song 2,49.01866531,49.42399979,656,7406,24000,present,https://rfcx-streams-production.s3.eu-west-1.amazonaws.com/2019/05/27/te1h471bonyj/988db65b-b2c5-2e10-dd21-ba9230d3fc52.flac?X-Amz-Algorithm=AWS4-HMAC-SHA256&X-Amz-Content-Sha256=UNSIGNED-PAYLOAD&X-Amz-Credential=AKIA45B7YWBX5HAZMGOU%2F20260223%2Feu-west-1%2Fs3%2Faws4_request&X-Amz-Date=20260223T000746Z&X-Amz-Expires=604800&X-Amz-Signature=7339783a7f05e11d271cb10f0e6c81aeab7b10b37c7f6959802717c08c3cd04a&X-Amz-SignedHeaders=host&response-content-disposition=attachment%3B%20filename%3D988db65b-b2c5-2e10-dd21-ba9230d3fc52.flac&x-id=GetObject,0.294973791,5637
MRam-2019-05-27_17-20.flac,2019 Markham Ravine,2019,5,27,17,20,Agelaius tricolor,Alternative Song 2,16.94400024,17.34933281,656,7406,24000,present,https://rfcx-streams-production.s3.eu-west-1.amazonaws.com/2019/05/27/te1h471bonyj/faa06117-18d2-f0e4-3987-2a1e0d22c9f3.flac?X-Amz-Algorithm=AWS4-HMAC-SHA256&X-Amz-Content-Sha256=UNSIGNED-PAYLOAD&X-Amz-Credential=AKIA45B7YWBX5HAZMGOU%2F20260223%2Feu-west-1%2Fs3%2Faws4_request&X-Amz-Date=20260223T000748Z&X-Amz-Expires=604800&X-Amz-Signature=fa5a4de987b9129e66228e6c9847fccf7bbf271402390d5addc446182d27472a&X-Amz-SignedHeaders=host&response-content-disposition=attachment%3B%20filename%3Dfaa06117-18d2-f0e4-3987-2a1e0d22c9f3.flac&x-id=GetObject,0.237356931,5637
MRam-2019-05-27_17-40.flac,2019 Markham Ravine,2019,5,27,17,40,Agelaius tricolor,Alternative Song 2,0.197333336,0.602666676,656,7406,24000,present,https://rfcx-streams-production.s3.eu-west-1.amazonaws.com/2019/05/27/te1h471bonyj/d74f0972-2179-234c-10c9-ec0a8e6f9a1c.flac?X-Amz-Algorithm=AWS4-HMAC-SHA256&X-Amz-Content-Sha256=UNSIGNED-PAYLOAD&X-Amz-Credential=AKIA45B7YWBX5HAZMGOU%2F20260223%2Feu-west-1%2Fs3%2Faws4_request&X-Amz-Date=20260223T000748Z&X-Amz-Expires=604800&X-Amz-Signature=a1a6aa1626bc7ce3655a65efc5ac7a1fbb31ac933e25bfd2c0a13a2eb4e44588&X-Amz-SignedHeaders=host&response-content-disposition=attachment%3B%20filename%3Dd74f0972-2179-234c-10c9-ec0a8e6f9a1c.flac&x-id=GetObject,0.20570989,5637
MRam-2019-05-27_18-00.flac,2019 Markham Ravine,2019,5,27,18,0,Agelaius tricolor,Alternative Song 2,36.93333435,37.33866501,656,7406,24000,present,https://rfcx-streams-production.s3.eu-west-1.amazonaws.com/2019/05/27/te1h471bonyj/f9b79be5-5f70-5e3b-310b-fc12d3ef6e00.flac?X-Amz-Algorithm=AWS4-HMAC-SHA256&X-Amz-Content-Sha256=UNSIGNED-PAYLOAD&X-Amz-Credential=AKIA45B7YWBX5HAZMGOU%2F20260223%2Feu-west-1%2Fs3%2Faws4_request&X-Amz-Date=20260223T000746Z&X-Amz-Expires=604800&X-Amz-Signature=b9290da0fd13524bc6f120024876935f4e72672f5309df2e13201a63e03abe94&X-Amz-SignedHeaders=host&response-content-disposition=attachment%3B%20filename%3Df9b79be5-5f70-5e3b-310b-fc12d3ef6e00.flac&x-id=GetObject,0.25243634,5637
MRam-2019-05-27_18-40.flac,2019 Markham Ravine,2019,5,27,18,40,Agelaius tricolor,Alternative Song 2,40.85333252,41.25866699,656,7406,24000,present,https://rfcx-streams-production.s3.eu-west-1.amazonaws.com/2019/05/27/te1h471bonyj/af93de60-6e16-71d5-668e-32f5dfd84023.flac?X-Amz-Algorithm=AWS4-HMAC-SHA256&X-Amz-Content-Sha256=UNSIGNED-PAYLOAD&X-Amz-Credential=AKIA45B7YWBX5HAZMGOU%2F20260223%2Feu-west-1%2Fs3%2Faws4_request&X-Amz-Date=20260223T000748Z&X-Amz-Expires=604800&X-Amz-Signature=817b22c32a5c6f8cdec67a62099e8aebed414a81a5cca2bc09f7d1f6d21e8f2a&X-Amz-SignedHeaders=host&response-content-disposition=attachment%3B%20filename%3Daf93de60-6e16-71d5-668e-32f5dfd84023.flac&x-id=GetObject,0.209706783,5637
MRam-2019-05-27_19-00.flac,2019 Markham Ravine,2019,5,27,19,0,Agelaius tricolor,Alternative Song 2,30.71466637,31.12000084,656,7406,24000,present,https://rfcx-streams-production.s3.eu-west-1.amazonaws.com/2019/05/27/te1h471bonyj/a1fc03df-34f0-a302-a6ff-039cc866f06a.flac?X-Amz-Algorithm=AWS4-HMAC-SHA256&X-Amz-Content-Sha256=UNSIGNED-PAYLOAD&X-Amz-Credential=AKIA45B7YWBX5HAZMGOU%2F20260223%2Feu-west-1%2Fs3%2Faws4_request&X-Amz-Date=20260223T000746Z&X-Amz-Expires=604800&X-Amz-Signature=1c63196ca34d41cf94be80b430672fa0525e271f8998c2e2e17c9a3ae5fb9a57&X-Amz-SignedHeaders=host&response-content-disposition=attachment%3B%20filename%3Da1fc03df-34f0-a302-a6ff-039cc866f06a.flac&x-id=GetObject,0.282455921,5637
MRam-2019-05-27_19-40.flac,2019 Markham Ravine,2019,5,27,19,40,Agelaius tricolor,Alternative Song 2,37.56266785,37.9679985,656,7406,24000,present,https://rfcx-streams-production.s3.eu-west-1.amazonaws.com/2019/05/27/te1h471bonyj/6e01d5af-9ef5-d0e5-4889-d8fa2f5f8b29.flac?X-Amz-Algorithm=AWS4-HMAC-SHA256&X-Amz-Content-Sha256=UNSIGNED-PAYLOAD&X-Amz-Credential=AKIA45B7YWBX5HAZMGOU%2F20260223%2Feu-west-1%2Fs3%2Faws4_request&X-Amz-Date=20260223T000748Z&X-Amz-Expires=604800&X-Amz-Signature=e833bc75e64bd3ce68d089fb707f494889292113f310cc45448fc2cf233d5696&X-Amz-SignedHeaders=host&response-content-disposition=attachment%3B%20filename%3D6e01d5af-9ef5-d0e5-4889-d8fa2f5f8b29.flac&x-id=GetObject,0.278838694,5637
MRam-2019-05-27_20-00.flac,2019 Markham Ravine,2019,5,27,20,0,Agelaius tricolor,Alternative Song 2,15.21066666,15.61600018,656,7406,24000,present,https://rfcx-streams-production.s3.eu-west-1.amazonaws.com/2019/05/27/te1h471bonyj/9babd767-fa28-75d3-2b71-508052dff36a.flac?X-Amz-Algorithm=AWS4-HMAC-SHA256&X-Amz-Content-Sha256=UNSIGNED-PAYLOAD&X-Amz-Credential=AKIA45B7YWBX5HAZMGOU%2F20260223%2Feu-west-1%2Fs3%2Faws4_request&X-Amz-Date=20260223T000746Z&X-Amz-Expires=604800&X-Amz-Signature=0b27814258432146845e4415372a784d5905dd0f0a1c90a5449ccf87a8b63031&X-Amz-SignedHeaders=host&response-content-disposition=attachment%3B%20filename%3D9babd767-fa28-75d3-2b71-508052dff36a.flac&x-id=GetObject,0.251004249,5637
MRam-2019-05-28_06-40.flac,2019 Markham Ravine,2019,5,28,6,40,Agelaius tricolor,Alternative Song 2,57.91466522,58.31999969,656,7406,24000,present,https://rfcx-streams-production.s3.eu-west-1.amazonaws.com/2019/05/27/te1h471bonyj/1834bf0a-46c5-3add-fb1e-23c99274504d.flac?X-Amz-Algorithm=AWS4-HMAC-SHA256&X-Amz-Content-Sha256=UNSIGNED-PAYLOAD&X-Amz-Credential=AKIA45B7YWBX5HAZMGOU%2F20260223%2Feu-west-1%2Fs3%2Faws4_request&X-Amz-Date=20260223T000748Z&X-Amz-Expires=604800&X-Amz-Signature=5b62324ae004d672a3da454ded296903620a5447bad870a75e29d7477bf09952&X-Amz-SignedHeaders=host&response-content-disposition=attachment%3B%20filename%3D1834bf0a-46c5-3add-fb1e-23c99274504d.flac&x-id=GetObject,0.207892373,5637
MRam-2019-05-28_07-20.flac,2019 Markham Ravine,2019,5,28,7,20,Agelaius tricolor,Alternative Song 2,5.669333458,6.0746665,656,7406,24000,present,https://rfcx-streams-production.s3.eu-west-1.amazonaws.com/2019/05/28/te1h471bonyj/faefbd1b-9ea2-62e5-ae45-965638e6c7ad.flac?X-Amz-Algorithm=AWS4-HMAC-SHA256&X-Amz-Content-Sha256=UNSIGNED-PAYLOAD&X-Amz-Credential=AKIA45B7YWBX5HAZMGOU%2F20260223%2Feu-west-1%2Fs3%2Faws4_request&X-Amz-Date=20260223T000748Z&X-Amz-Expires=604800&X-Amz-Signature=d18a13adfdd454c0b7c372dc383cbe033d2ade2d43f4995c7f5701d8a1f27d55&X-Amz-SignedHeaders=host&response-content-disposition=attachment%3B%20filename%3Dfaefbd1b-9ea2-62e5-ae45-965638e6c7ad.flac&x-id=GetObject,0.336357981,5637
MRam-2019-05-28_07-40.flac,2019 Markham Ravine,2019,5,28,7,40,Agelaius tricolor,Alternative Song 2,36.83733368,37.24266815,656,7406,24000,present,https://rfcx-streams-production.s3.eu-west-1.amazonaws.com/2019/05/28/te1h471bonyj/4d686c65-9b46-0d33-651e-af94b286fcf4.flac?X-Amz-Algorithm=AWS4-HMAC-SHA256&X-Amz-Content-Sha256=UNSIGNED-PAYLOAD&X-Amz-Credential=AKIA45B7YWBX5HAZMGOU%2F20260223%2Feu-west-1%2Fs3%2Faws4_request&X-Amz-Date=20260223T000748Z&X-Amz-Expires=604800&X-Amz-Signature=5713565527548e318c39e9b4c82502df6e4329d1ae4de9781e7a38bac0d1a394&X-Amz-SignedHeaders=host&response-content-disposition=attachment%3B%20filename%3D4d686c65-9b46-0d33-651e-af94b286fcf4.flac&x-id=GetObject,0.248124555,5637
MRam-2019-05-28_08-00.flac,2019 Markham Ravine,2019,5,28,8,0,Agelaius tricolor,Alternative Song 2,58.53333282,58.9386673,656,7406,24000,present,https://rfcx-streams-production.s3.eu-west-1.amazonaws.com/2019/05/28/te1h471bonyj/bf9e763e-c898-2ee3-2f8d-b6a2ddc06685.flac?X-Amz-Algorithm=AWS4-HMAC-SHA256&X-Amz-Content-Sha256=UNSIGNED-PAYLOAD&X-Amz-Credential=AKIA45B7YWBX5HAZMGOU%2F20260223%2Feu-west-1%2Fs3%2Faws4_request&X-Amz-Date=20260223T000746Z&X-Amz-Expires=604800&X-Amz-Signature=55afeb069a0bb3f5bb46a6807f2ec3dd12270b17eb66ff0003dcd5f3e1db26bf&X-Amz-SignedHeaders=host&response-content-disposition=attachment%3B%20filename%3Dbf9e763e-c898-2ee3-2f8d-b6a2ddc06685.flac&x-id=GetObject,0.293447256,5637
MRam-2019-05-28_08-20.flac,2019 Markham Ravine,2019,5,28,8,20,Agelaius tricolor,Alternative Song 2,40.66666794,41.0719986,656,7406,24000,present,https://rfcx-streams-production.s3.eu-west-1.amazonaws.com/2019/05/28/te1h471bonyj/13095f58-e9b8-e75d-5f0d-95f252936ed3.flac?X-Amz-Algorithm=AWS4-HMAC-SHA256&X-Amz-Content-Sha256=UNSIGNED-PAYLOAD&X-Amz-Credential=AKIA45B7YWBX5HAZMGOU%2F20260223%2Feu-west-1%2Fs3%2Faws4_request&X-Amz-Date=20260223T000748Z&X-Amz-Expires=604800&X-Amz-Signature=7ff1c3713ecd0ecb3418c0f86982de34b4c7f15c685043ad0139bdc4ed9f952b&X-Amz-SignedHeaders=host&response-content-disposition=attachment%3B%20filename%3D13095f58-e9b8-e75d-5f0d-95f252936ed3.flac&x-id=GetObject,0.270267189,5637
MRam-2019-05-28_09-40.flac,2019 Markham Ravine,2019,5,28,9,40,Agelaius tricolor,Alternative Song 2,41.31200027,41.71733475,656,7406,24000,present,https://rfcx-streams-production.s3.eu-west-1.amazonaws.com/2019/05/28/te1h471bonyj/50f8e624-cd23-1d01-8fce-d07fcaef1794.flac?X-Amz-Algorithm=AWS4-HMAC-SHA256&X-Amz-Content-Sha256=UNSIGNED-PAYLOAD&X-Amz-Credential=AKIA45B7YWBX5HAZMGOU%2F20260223%2Feu-west-1%2Fs3%2Faws4_request&X-Amz-Date=20260223T000748Z&X-Amz-Expires=604800&X-Amz-Signature=1e646b54823c9288590d58116babf1f7f81901567acdf29cdb267741183bb40d&X-Amz-SignedHeaders=host&response-content-disposition=attachment%3B%20filename%3D50f8e624-cd23-1d01-8fce-d07fcaef1794.flac&x-id=GetObject,0.224230006,5637
MRam-2019-05-28_11-00.flac,2019 Markham Ravine,2019,5,28,11,0,Agelaius tricolor,Alternative Song 2,26.13866615,26.54400063,656,7406,24000,present,https://rfcx-streams-production.s3.eu-west-1.amazonaws.com/2019/05/28/te1h471bonyj/468f642f-747d-f496-baa6-1cd2e15932d2.flac?X-Amz-Algorithm=AWS4-HMAC-SHA256&X-Amz-Content-Sha256=UNSIGNED-PAYLOAD&X-Amz-Credential=AKIA45B7YWBX5HAZMGOU%2F20260223%2Feu-west-1%2Fs3%2Faws4_request&X-Amz-Date=20260223T000746Z&X-Amz-Expires=604800&X-Amz-Signature=7d790e2e65f57eec8245586cc9462d1a19b3b6731bcf44acde2cd0fc175886b6&X-Amz-SignedHeaders=host&response-content-disposition=attachment%3B%20filename%3D468f642f-747d-f496-baa6-1cd2e15932d2.flac&x-id=GetObject,0.216233358,5637
MRam-2019-05-28_12-00.flac,2019 Markham Ravine,2019,5,28,12,0,Agelaius tricolor,Alternative Song 2,1.514666677,1.919999957,656,7406,24000,present,https://rfcx-streams-production.s3.eu-west-1.amazonaws.com/2019/05/28/te1h471bonyj/a5d3d403-877d-ef71-0dfb-0cd9d188dd7c.flac?X-Amz-Algorithm=AWS4-HMAC-SHA256&X-Amz-Content-Sha256=UNSIGNED-PAYLOAD&X-Amz-Credential=AKIA45B7YWBX5HAZMGOU%2F20260223%2Feu-west-1%2Fs3%2Faws4_request&X-Amz-Date=20260223T000746Z&X-Amz-Expires=604800&X-Amz-Signature=72e16e0c99c59e624685849dc8e4ae0cb89ba7d7c79ea3b46aacc1686ddb3647&X-Amz-SignedHeaders=host&response-content-disposition=attachment%3B%20filename%3Da5d3d403-877d-ef71-0dfb-0cd9d188dd7c.flac&x-id=GetObject,0.236271679,5637
MRam-2019-05-28_13-00.flac,2019 Markham Ravine,2019,5,28,13,0,Agelaius tricolor,Alternative Song 2,5.855999947,6.261333466,656,7406,24000,present,https://rfcx-streams-production.s3.eu-west-1.amazonaws.com/2019/05/28/te1h471bonyj/a4472122-9df0-73f6-b63a-1ee3adcf826a.flac?X-Amz-Algorithm=AWS4-HMAC-SHA256&X-Amz-Content-Sha256=UNSIGNED-PAYLOAD&X-Amz-Credential=AKIA45B7YWBX5HAZMGOU%2F20260223%2Feu-west-1%2Fs3%2Faws4_request&X-Amz-Date=20260223T000746Z&X-Amz-Expires=604800&X-Amz-Signature=f6705e509baedde599354cb9d19c20c1a149c980208182c87747c5b2bd8ca399&X-Amz-SignedHeaders=host&response-content-disposition=attachment%3B%20filename%3Da4472122-9df0-73f6-b63a-1ee3adcf826a.flac&x-id=GetObject,0.32073465,5637
MRam-2019-05-28_14-00.flac,2019 Markham Ravine,2019,5,28,14,0,Agelaius tricolor,Alternative Song 2,49.8453331,50.25066757,656,7406,24000,present,https://rfcx-streams-production.s3.eu-west-1.amazonaws.com/2019/05/28/te1h471bonyj/92f402d3-66a9-20ec-505c-16e9acb869e9.flac?X-Amz-Algorithm=AWS4-HMAC-SHA256&X-Amz-Content-Sha256=UNSIGNED-PAYLOAD&X-Amz-Credential=AKIA45B7YWBX5HAZMGOU%2F20260223%2Feu-west-1%2Fs3%2Faws4_request&X-Amz-Date=20260223T000746Z&X-Amz-Expires=604800&X-Amz-Signature=4ef375fefbfdfaff6416d937d9bc357b15359b140513c8903b14d772512388af&X-Amz-SignedHeaders=host&response-content-disposition=attachment%3B%20filename%3D92f402d3-66a9-20ec-505c-16e9acb869e9.flac&x-id=GetObject,0.20543243,5637
MRam-2019-05-28_14-40.flac,2019 Markham Ravine,2019,5,28,14,40,Agelaius tricolor,Alternative Song 2,39.39733505,39.80266571,656,7406,24000,present,https://rfcx-streams-production.s3.eu-west-1.amazonaws.com/2019/05/28/te1h471bonyj/e36d4231-920b-c894-e171-43735239b285.flac?X-Amz-Algorithm=AWS4-HMAC-SHA256&X-Amz-Content-Sha256=UNSIGNED-PAYLOAD&X-Amz-Credential=AKIA45B7YWBX5HAZMGOU%2F20260223%2Feu-west-1%2Fs3%2Faws4_request&X-Amz-Date=20260223T000748Z&X-Amz-Expires=604800&X-Amz-Signature=f6e0678e4d6fb03834ec716a4964544d5a01e011efe37edb3bd29cbad23e6216&X-Amz-SignedHeaders=host&response-content-disposition=attachment%3B%20filename%3De36d4231-920b-c894-e171-43735239b285.flac&x-id=GetObject,0.269534856,5637
MRam-2019-05-28_15-20.flac,2019 Markham Ravine,2019,5,28,15,20,Agelaius tricolor,Alternative Song 2,57.74399948,58.14933395,656,7406,24000,present,https://rfcx-streams-production.s3.eu-west-1.amazonaws.com/2019/05/28/te1h471bonyj/beb61b65-2679-5a40-f84b-c641c3d0065e.flac?X-Amz-Algorithm=AWS4-HMAC-SHA256&X-Amz-Content-Sha256=UNSIGNED-PAYLOAD&X-Amz-Credential=AKIA45B7YWBX5HAZMGOU%2F20260223%2Feu-west-1%2Fs3%2Faws4_request&X-Amz-Date=20260223T000748Z&X-Amz-Expires=604800&X-Amz-Signature=366e5470011df68107843835ae2b3670e6747b4d02c43341defea875484fd8ba&X-Amz-SignedHeaders=host&response-content-disposition=attachment%3B%20filename%3Dbeb61b65-2679-5a40-f84b-c641c3d0065e.flac&x-id=GetObject,0.213174015,5637
MRam-2019-05-28_15-40.flac,2019 Markham Ravine,2019,5,28,15,40,Agelaius tricolor,Alternative Song 2,54.08533478,54.49066544,656,7406,24000,present,https://rfcx-streams-production.s3.eu-west-1.amazonaws.com/2019/05/28/te1h471bonyj/2f027aa9-1ceb-ad0a-5610-7c5a22d4c00e.flac?X-Amz-Algorithm=AWS4-HMAC-SHA256&X-Amz-Content-Sha256=UNSIGNED-PAYLOAD&X-Amz-Credential=AKIA45B7YWBX5HAZMGOU%2F20260223%2Feu-west-1%2Fs3%2Faws4_request&X-Amz-Date=20260223T000748Z&X-Amz-Expires=604800&X-Amz-Signature=2d1daf71ffbe9bf0c70b78d1ed9fd518e8c79eb3385eb5713428cd112cf51465&X-Amz-SignedHeaders=host&response-content-disposition=attachment%3B%20filename%3D2f027aa9-1ceb-ad0a-5610-7c5a22d4c00e.flac&x-id=GetObject,0.236521006,5637
MRam-2019-05-28_19-00.flac,2019 Markham Ravine,2019,5,28,19,0,Agelaius tricolor,Alternative Song 2,13.50399971,13.90933323,656,7406,24000,present,https://rfcx-streams-production.s3.eu-west-1.amazonaws.com/2019/05/28/te1h471bonyj/092fa233-4c3c-8966-05f4-ef296ec0277e.flac?X-Amz-Algorithm=AWS4-HMAC-SHA256&X-Amz-Content-Sha256=UNSIGNED-PAYLOAD&X-Amz-Credential=AKIA45B7YWBX5HAZMGOU%2F20260223%2Feu-west-1%2Fs3%2Faws4_request&X-Amz-Date=20260223T000746Z&X-Amz-Expires=604800&X-Amz-Signature=d86faa40c59fe3c270e4ee4a0b799f6ecab8687e9ac37a42ef5b7ddeb835a94b&X-Amz-SignedHeaders=host&response-content-disposition=attachment%3B%20filename%3D092fa233-4c3c-8966-05f4-ef296ec0277e.flac&x-id=GetObject,0.202716857,5637
MRam-2019-05-28_20-00.flac,2019 Markham Ravine,2019,5,28,20,0,Agelaius tricolor,Alternative Song 2,2.33066678,2.736000061,656,7406,24000,present,https://rfcx-streams-production.s3.eu-west-1.amazonaws.com/2019/05/28/te1h471bonyj/65a08759-909c-31af-154b-3f982f0e1151.flac?X-Amz-Algorithm=AWS4-HMAC-SHA256&X-Amz-Content-Sha256=UNSIGNED-PAYLOAD&X-Amz-Credential=AKIA45B7YWBX5HAZMGOU%2F20260223%2Feu-west-1%2Fs3%2Faws4_request&X-Amz-Date=20260223T000746Z&X-Amz-Expires=604800&X-Amz-Signature=aeb268d85a5f0904773b04d0ad43148016721aa4fab10031682c3d026470a1a7&X-Amz-SignedHeaders=host&response-content-disposition=attachment%3B%20filename%3D65a08759-909c-31af-154b-3f982f0e1151.flac&x-id=GetObject,0.229864687,5637
MRam-2019-05-29_06-20.flac,2019 Markham Ravine,2019,5,29,6,20,Agelaius tricolor,Alternative Song 2,21.81866646,22.22400093,656,7406,24000,present,https://rfcx-streams-production.s3.eu-west-1.amazonaws.com/2019/05/28/te1h471bonyj/da142cf4-7312-d625-0a8d-5f494a0761aa.flac?X-Amz-Algorithm=AWS4-HMAC-SHA256&X-Amz-Content-Sha256=UNSIGNED-PAYLOAD&X-Amz-Credential=AKIA45B7YWBX5HAZMGOU%2F20260223%2Feu-west-1%2Fs3%2Faws4_request&X-Amz-Date=20260223T000748Z&X-Amz-Expires=604800&X-Amz-Signature=7ab3d81b2e75283e5431d1a4ed3b16f6c5ed4380b1be39091f4294414e980b14&X-Amz-SignedHeaders=host&response-content-disposition=attachment%3B%20filename%3Dda142cf4-7312-d625-0a8d-5f494a0761aa.flac&x-id=GetObject,0.229301348,5637
MRam-2019-05-29_06-40.flac,2019 Markham Ravine,2019,5,29,6,40,Agelaius tricolor,Alternative Song 2,49.90399933,50.3093338,656,7406,24000,present,https://rfcx-streams-production.s3.eu-west-1.amazonaws.com/2019/05/28/te1h471bonyj/8f762997-5fc1-eb34-49d4-93d4067bc583.flac?X-Amz-Algorithm=AWS4-HMAC-SHA256&X-Amz-Content-Sha256=UNSIGNED-PAYLOAD&X-Amz-Credential=AKIA45B7YWBX5HAZMGOU%2F20260223%2Feu-west-1%2Fs3%2Faws4_request&X-Amz-Date=20260223T000748Z&X-Amz-Expires=604800&X-Amz-Signature=20afe17101977b64f8c1ff49dd8773dfec0dfc7a39fca4e25f7c5fb38fdb9f5f&X-Amz-SignedHeaders=host&response-content-disposition=attachment%3B%20filename%3D8f762997-5fc1-eb34-49d4-93d4067bc583.flac&x-id=GetObject,0.22915557,5637
MRam-2019-05-29_07-00.flac,2019 Markham Ravine,2019,5,29,7,0,Agelaius tricolor,Alternative Song 2,57.07733154,57.48266602,656,7406,24000,present,https://rfcx-streams-production.s3.eu-west-1.amazonaws.com/2019/05/29/te1h471bonyj/737e0b91-f3a6-abac-37f7-85bec8426b3a.flac?X-Amz-Algorithm=AWS4-HMAC-SHA256&X-Amz-Content-Sha256=UNSIGNED-PAYLOAD&X-Amz-Credential=AKIA45B7YWBX5HAZMGOU%2F20260223%2Feu-west-1%2Fs3%2Faws4_request&X-Amz-Date=20260223T000746Z&X-Amz-Expires=604800&X-Amz-Signature=fc88cc1deadc8f67198dfca3112faa77572206fdb6dac5579b8b629786ea9ece&X-Amz-SignedHeaders=host&response-content-disposition=attachment%3B%20filename%3D737e0b91-f3a6-abac-37f7-85bec8426b3a.flac&x-id=GetObject,0.22901915,5637
MRam-2019-05-29_07-20.flac,2019 Markham Ravine,2019,5,29,7,20,Agelaius tricolor,Alternative Song 2,14.34666634,14.75199986,656,7406,24000,present,https://rfcx-streams-production.s3.eu-west-1.amazonaws.com/2019/05/29/te1h471bonyj/d621c2cf-c6a5-8cd0-ecdc-265d9659ab92.flac?X-Amz-Algorithm=AWS4-HMAC-SHA256&X-Amz-Content-Sha256=UNSIGNED-PAYLOAD&X-Amz-Credential=AKIA45B7YWBX5HAZMGOU%2F20260223%2Feu-west-1%2Fs3%2Faws4_request&X-Amz-Date=20260223T000748Z&X-Amz-Expires=604800&X-Amz-Signature=b8aa63d5d66af114998029a777f9fe000933f27fe8d8e150890ed848824a239c&X-Amz-SignedHeaders=host&response-content-disposition=attachment%3B%20filename%3Dd621c2cf-c6a5-8cd0-ecdc-265d9659ab92.flac&x-id=GetObject,0.283974648,5637
MRam-2019-05-29_09-00.flac,2019 Markham Ravine,2019,5,29,9,0,Agelaius tricolor,Alternative Song 2,27.25866699,27.66399956,656,7406,24000,present,https://rfcx-streams-production.s3.eu-west-1.amazonaws.com/2019/05/29/te1h471bonyj/2da0ab67-bb63-9f8a-5f63-d2b9b149d597.flac?X-Amz-Algorithm=AWS4-HMAC-SHA256&X-Amz-Content-Sha256=UNSIGNED-PAYLOAD&X-Amz-Credential=AKIA45B7YWBX5HAZMGOU%2F20260223%2Feu-west-1%2Fs3%2Faws4_request&X-Amz-Date=20260223T000746Z&X-Amz-Expires=604800&X-Amz-Signature=30da1cd771a10fcb643ece49a5d99af2f367627422a600865f822f57203f1985&X-Amz-SignedHeaders=host&response-content-disposition=attachment%3B%20filename%3D2da0ab67-bb63-9f8a-5f63-d2b9b149d597.flac&x-id=GetObject,0.216248885,5637
MRam-2019-05-29_09-20.flac,2019 Markham Ravine,2019,5,29,9,20,Agelaius tricolor,Alternative Song 2,29.21066666,29.61599922,656,7406,24000,present,https://rfcx-streams-production.s3.eu-west-1.amazonaws.com/2019/05/29/te1h471bonyj/420e74bd-0d61-fe28-d81d-858bc77b3ddf.flac?X-Amz-Algorithm=AWS4-HMAC-SHA256&X-Amz-Content-Sha256=UNSIGNED-PAYLOAD&X-Amz-Credential=AKIA45B7YWBX5HAZMGOU%2F20260223%2Feu-west-1%2Fs3%2Faws4_request&X-Amz-Date=20260223T000748Z&X-Amz-Expires=604800&X-Amz-Signature=81ac0d86b8a99984b84559e9a98f0231332d2bb4148d1728e41b3a22c27b9c70&X-Amz-SignedHeaders=host&response-content-disposition=attachment%3B%20filename%3D420e74bd-0d61-fe28-d81d-858bc77b3ddf.flac&x-id=GetObject,0.208281249,5637
MRam-2019-05-29_09-40.flac,2019 Markham Ravine,2019,5,29,9,40,Agelaius tricolor,Alternative Song 2,51.25333405,51.65866852,656,7406,24000,present,https://rfcx-streams-production.s3.eu-west-1.amazonaws.com/2019/05/29/te1h471bonyj/47de4870-aaa7-90aa-6ac4-3c463b816d8d.flac?X-Amz-Algorithm=AWS4-HMAC-SHA256&X-Amz-Content-Sha256=UNSIGNED-PAYLOAD&X-Amz-Credential=AKIA45B7YWBX5HAZMGOU%2F20260223%2Feu-west-1%2Fs3%2Faws4_request&X-Amz-Date=20260223T000748Z&X-Amz-Expires=604800&X-Amz-Signature=8157547c4df61221a83dfd5f9bfca39f727593f3121848e37d9ee4dcb413a45c&X-Amz-SignedHeaders=host&response-content-disposition=attachment%3B%20filename%3D47de4870-aaa7-90aa-6ac4-3c463b816d8d.flac&x-id=GetObject,0.31473577,5637
MRam-2019-05-29_10-00.flac,2019 Markham Ravine,2019,5,29,10,0,Agelaius tricolor,Alternative Song 2,38.40000153,38.80533218,656,7406,24000,present,https://rfcx-streams-production.s3.eu-west-1.amazonaws.com/2019/05/29/te1h471bonyj/9c530928-083c-86e7-a565-7ddcb99707a7.flac?X-Amz-Algorithm=AWS4-HMAC-SHA256&X-Amz-Content-Sha256=UNSIGNED-PAYLOAD&X-Amz-Credential=AKIA45B7YWBX5HAZMGOU%2F20260223%2Feu-west-1%2Fs3%2Faws4_request&X-Amz-Date=20260223T000746Z&X-Amz-Expires=604800&X-Amz-Signature=323f4f389023e8ba6f29154339dc1a9da8584b4a05f2da84d33a3c4f1e1e8840&X-Amz-SignedHeaders=host&response-content-disposition=attachment%3B%20filename%3D9c530928-083c-86e7-a565-7ddcb99707a7.flac&x-id=GetObject,0.240097299,5637
MRam-2019-05-29_10-20.flac,2019 Markham Ravine,2019,5,29,10,20,Agelaius tricolor,Alternative Song 2,20.19199944,20.59733391,656,7406,24000,present,https://rfcx-streams-production.s3.eu-west-1.amazonaws.com/2019/05/29/te1h471bonyj/0f794106-9eed-80f2-bb83-d82c091a0140.flac?X-Amz-Algorithm=AWS4-HMAC-SHA256&X-Amz-Content-Sha256=UNSIGNED-PAYLOAD&X-Amz-Credential=AKIA45B7YWBX5HAZMGOU%2F20260223%2Feu-west-1%2Fs3%2Faws4_request&X-Amz-Date=20260223T000748Z&X-Amz-Expires=604800&X-Amz-Signature=8ab42439f8fad3a4beb04f2ca9609c96e7b19db18e4159b4bc8738b35eb275b8&X-Amz-SignedHeaders=host&response-content-disposition=attachment%3B%20filename%3D0f794106-9eed-80f2-bb83-d82c091a0140.flac&x-id=GetObject,0.22302416,5637
MRam-2019-05-29_11-40.flac,2019 Markham Ravine,2019,5,29,11,40,Agelaius tricolor,Alternative Song 2,5.866666794,6.271999836,656,7406,24000,present,https://rfcx-streams-production.s3.eu-west-1.amazonaws.com/2019/05/29/te1h471bonyj/f03573df-13e4-59c2-82ed-fb5a629e94c1.flac?X-Amz-Algorithm=AWS4-HMAC-SHA256&X-Amz-Content-Sha256=UNSIGNED-PAYLOAD&X-Amz-Credential=AKIA45B7YWBX5HAZMGOU%2F20260223%2Feu-west-1%2Fs3%2Faws4_request&X-Amz-Date=20260223T000748Z&X-Amz-Expires=604800&X-Amz-Signature=efaa6e2796dc138d70c89eca2e513a8feba6652a73640186c91f9ec50c26e079&X-Amz-SignedHeaders=host&response-content-disposition=attachment%3B%20filename%3Df03573df-13e4-59c2-82ed-fb5a629e94c1.flac&x-id=GetObject,0.255969495,5637
MRam-2019-05-29_12-00.flac,2019 Markham Ravine,2019,5,29,12,0,Agelaius tricolor,Alternative Song 2,4.335999966,4.741333485,656,7406,24000,present,https://rfcx-streams-production.s3.eu-west-1.amazonaws.com/2019/05/29/te1h471bonyj/6e5ecb2e-02f7-a073-e130-cea3c4ddcc24.flac?X-Amz-Algorithm=AWS4-HMAC-SHA256&X-Amz-Content-Sha256=UNSIGNED-PAYLOAD&X-Amz-Credential=AKIA45B7YWBX5HAZMGOU%2F20260223%2Feu-west-1%2Fs3%2Faws4_request&X-Amz-Date=20260223T000746Z&X-Amz-Expires=604800&X-Amz-Signature=c45130bfb9044c17c19509696a689793077631de1855ca9e1f2ced666a0eb9d2&X-Amz-SignedHeaders=host&response-content-disposition=attachment%3B%20filename%3D6e5ecb2e-02f7-a073-e130-cea3c4ddcc24.flac&x-id=GetObject,0.237604752,5637
MRam-2019-05-29_12-20.flac,2019 Markham Ravine,2019,5,29,12,20,Agelaius tricolor,Alternative Song 2,53.17866516,53.58399963,656,7406,24000,present,https://rfcx-streams-production.s3.eu-west-1.amazonaws.com/2019/05/29/te1h471bonyj/18a9c63c-f8c6-054a-e91d-19c01cffbd6e.flac?X-Amz-Algorithm=AWS4-HMAC-SHA256&X-Amz-Content-Sha256=UNSIGNED-PAYLOAD&X-Amz-Credential=AKIA45B7YWBX5HAZMGOU%2F20260223%2Feu-west-1%2Fs3%2Faws4_request&X-Amz-Date=20260223T000748Z&X-Amz-Expires=604800&X-Amz-Signature=e070e5e7249a3e40db17663d5fcb125b3a0bb25f2896b65188b67f337242f2fb&X-Amz-SignedHeaders=host&response-content-disposition=attachment%3B%20filename%3D18a9c63c-f8c6-054a-e91d-19c01cffbd6e.flac&x-id=GetObject,0.300170988,5637
MRam-2019-05-29_12-40.flac,2019 Markham Ravine,2019,5,29,12,40,Agelaius tricolor,Alternative Song 2,11.33333302,11.73866653,656,7406,24000,present,https://rfcx-streams-production.s3.eu-west-1.amazonaws.com/2019/05/29/te1h471bonyj/d4d42f36-b3f1-7113-c759-694d47ca1393.flac?X-Amz-Algorithm=AWS4-HMAC-SHA256&X-Amz-Content-Sha256=UNSIGNED-PAYLOAD&X-Amz-Credential=AKIA45B7YWBX5HAZMGOU%2F20260223%2Feu-west-1%2Fs3%2Faws4_request&X-Amz-Date=20260223T000748Z&X-Amz-Expires=604800&X-Amz-Signature=780b2715326754428c41233e51b35d94293ec9f9e2b207d60f90919720a22e70&X-Amz-SignedHeaders=host&response-content-disposition=attachment%3B%20filename%3Dd4d42f36-b3f1-7113-c759-694d47ca1393.flac&x-id=GetObject,0.28187722,5637
MRam-2019-05-29_13-00.flac,2019 Markham Ravine,2019,5,29,13,0,Agelaius tricolor,Alternative Song 2,14.89599991,15.30133343,656,7406,24000,present,https://rfcx-streams-production.s3.eu-west-1.amazonaws.com/2019/05/29/te1h471bonyj/c46c241e-cb8e-7675-d45b-ea1968a06bec.flac?X-Amz-Algorithm=AWS4-HMAC-SHA256&X-Amz-Content-Sha256=UNSIGNED-PAYLOAD&X-Amz-Credential=AKIA45B7YWBX5HAZMGOU%2F20260223%2Feu-west-1%2Fs3%2Faws4_request&X-Amz-Date=20260223T000746Z&X-Amz-Expires=604800&X-Amz-Signature=b778495f0f2c2b306142cb5199f34deb8c58bde63b6b15cf75bc6ef0f59e82e8&X-Amz-SignedHeaders=host&response-content-disposition=attachment%3B%20filename%3Dc46c241e-cb8e-7675-d45b-ea1968a06bec.flac&x-id=GetObject,0.246515408,5637
MRam-2019-05-29_13-40.flac,2019 Markham Ravine,2019,5,29,13,40,Agelaius tricolor,Alternative Song 2,29.37599945,29.78133392,656,7406,24000,present,https://rfcx-streams-production.s3.eu-west-1.amazonaws.com/2019/05/29/te1h471bonyj/479656f7-2f8c-9380-3cbd-ee5bb775a81f.flac?X-Amz-Algorithm=AWS4-HMAC-SHA256&X-Amz-Content-Sha256=UNSIGNED-PAYLOAD&X-Amz-Credential=AKIA45B7YWBX5HAZMGOU%2F20260223%2Feu-west-1%2Fs3%2Faws4_request&X-Amz-Date=20260223T000748Z&X-Amz-Expires=604800&X-Amz-Signature=b3eae3810399727a1309020f5f47cabd3c1b3875ae34b03233db0e4f21e667d7&X-Amz-SignedHeaders=host&response-content-disposition=attachment%3B%20filename%3D479656f7-2f8c-9380-3cbd-ee5bb775a81f.flac&x-id=GetObject,0.243862122,5637
MRam-2019-05-29_14-20.flac,2019 Markham Ravine,2019,5,29,14,20,Agelaius tricolor,Alternative Song 2,15.68533325,16.09066582,656,7406,24000,present,https://rfcx-streams-production.s3.eu-west-1.amazonaws.com/2019/05/29/te1h471bonyj/bda36ae1-68d9-38ba-761f-1cd867539337.flac?X-Amz-Algorithm=AWS4-HMAC-SHA256&X-Amz-Content-Sha256=UNSIGNED-PAYLOAD&X-Amz-Credential=AKIA45B7YWBX5HAZMGOU%2F20260223%2Feu-west-1%2Fs3%2Faws4_request&X-Amz-Date=20260223T000748Z&X-Amz-Expires=604800&X-Amz-Signature=43f6573a9974e18ef1eb6ff3f2b6c6d8308bb49648607481005a646bdebec378&X-Amz-SignedHeaders=host&response-content-disposition=attachment%3B%20filename%3Dbda36ae1-68d9-38ba-761f-1cd867539337.flac&x-id=GetObject,0.260794789,5637
MRam-2019-05-29_14-40.flac,2019 Markham Ravine,2019,5,29,14,40,Agelaius tricolor,Alternative Song 2,25.64800072,26.05333328,656,7406,24000,present,https://rfcx-streams-production.s3.eu-west-1.amazonaws.com/2019/05/29/te1h471bonyj/387a117b-b12e-274b-abd9-c7613a0746c5.flac?X-Amz-Algorithm=AWS4-HMAC-SHA256&X-Amz-Content-Sha256=UNSIGNED-PAYLOAD&X-Amz-Credential=AKIA45B7YWBX5HAZMGOU%2F20260223%2Feu-west-1%2Fs3%2Faws4_request&X-Amz-Date=20260223T000748Z&X-Amz-Expires=604800&X-Amz-Signature=c402ea3e4f8bd42639abfa8a8bac7ac9f56ba631ceb90cf9a7f0cb0f86abc70b&X-Amz-SignedHeaders=host&response-content-disposition=attachment%3B%20filename%3D387a117b-b12e-274b-abd9-c7613a0746c5.flac&x-id=GetObject,0.22529532,5637
MRam-2019-05-29_15-00.flac,2019 Markham Ravine,2019,5,29,15,0,Agelaius tricolor,Alternative Song 2,35.29066849,35.69599915,656,7406,24000,present,https://rfcx-streams-production.s3.eu-west-1.amazonaws.com/2019/05/29/te1h471bonyj/d1dcce07-d8d8-f0bc-8c24-e57cc0da7dff.flac?X-Amz-Algorithm=AWS4-HMAC-SHA256&X-Amz-Content-Sha256=UNSIGNED-PAYLOAD&X-Amz-Credential=AKIA45B7YWBX5HAZMGOU%2F20260223%2Feu-west-1%2Fs3%2Faws4_request&X-Amz-Date=20260223T000746Z&X-Amz-Expires=604800&X-Amz-Signature=a3fe8dd389234be9e0913016e98dc9a8063f948b3d3c0418d684d9459a855b2c&X-Amz-SignedHeaders=host&response-content-disposition=attachment%3B%20filename%3Dd1dcce07-d8d8-f0bc-8c24-e57cc0da7dff.flac&x-id=GetObject,0.226809263,5637
MRam-2019-05-29_15-20.flac,2019 Markham Ravine,2019,5,29,15,20,Agelaius tricolor,Alternative Song 2,33.91999817,34.32533264,656,7406,24000,present,https://rfcx-streams-production.s3.eu-west-1.amazonaws.com/2019/05/29/te1h471bonyj/3cbc7273-5362-1a13-98eb-591ab587b18e.flac?X-Amz-Algorithm=AWS4-HMAC-SHA256&X-Amz-Content-Sha256=UNSIGNED-PAYLOAD&X-Amz-Credential=AKIA45B7YWBX5HAZMGOU%2F20260223%2Feu-west-1%2Fs3%2Faws4_request&X-Amz-Date=20260223T000748Z&X-Amz-Expires=604800&X-Amz-Signature=2a090885663b6839bb97e49077617ce1de70c4a92fbf5e4d60c2f953f0c02884&X-Amz-SignedHeaders=host&response-content-disposition=attachment%3B%20filename%3D3cbc7273-5362-1a13-98eb-591ab587b18e.flac&x-id=GetObject,0.283407122,5637
MRam-2019-05-29_15-40.flac,2019 Markham Ravine,2019,5,29,15,40,Agelaius tricolor,Alternative Song 2,28.56533241,28.97066689,656,7406,24000,present,https://rfcx-streams-production.s3.eu-west-1.amazonaws.com/2019/05/29/te1h471bonyj/06ba87a3-bb81-9689-373b-b690c8fd73b9.flac?X-Amz-Algorithm=AWS4-HMAC-SHA256&X-Amz-Content-Sha256=UNSIGNED-PAYLOAD&X-Amz-Credential=AKIA45B7YWBX5HAZMGOU%2F20260223%2Feu-west-1%2Fs3%2Faws4_request&X-Amz-Date=20260223T000748Z&X-Amz-Expires=604800&X-Amz-Signature=1f02bc944d21c2608d6e647c80c810ee2f7afb962ed79291210d64ef2c92d214&X-Amz-SignedHeaders=host&response-content-disposition=attachment%3B%20filename%3D06ba87a3-bb81-9689-373b-b690c8fd73b9.flac&x-id=GetObject,0.222006634,5637
MRam-2019-05-29_16-20.flac,2019 Markham Ravine,2019,5,29,16,20,Agelaius tricolor,Alternative Song 2,7.029333115,7.434666634,656,7406,24000,present,https://rfcx-streams-production.s3.eu-west-1.amazonaws.com/2019/05/29/te1h471bonyj/adb02b58-7943-8a13-7ed9-350e8a1a3304.flac?X-Amz-Algorithm=AWS4-HMAC-SHA256&X-Amz-Content-Sha256=UNSIGNED-PAYLOAD&X-Amz-Credential=AKIA45B7YWBX5HAZMGOU%2F20260223%2Feu-west-1%2Fs3%2Faws4_request&X-Amz-Date=20260223T000748Z&X-Amz-Expires=604800&X-Amz-Signature=d9b272fbbd7dbbdb32a688fbcb33e9b220a416684c78aa3a15755620bb5fa1ed&X-Amz-SignedHeaders=host&response-content-disposition=attachment%3B%20filename%3Dadb02b58-7943-8a13-7ed9-350e8a1a3304.flac&x-id=GetObject,0.282093078,5637
MRam-2019-05-29_16-40.flac,2019 Markham Ravine,2019,5,29,16,40,Agelaius tricolor,Alternative Song 2,41.04533386,41.45066833,656,7406,24000,present,https://rfcx-streams-production.s3.eu-west-1.amazonaws.com/2019/05/29/te1h471bonyj/aab6532d-bd70-8ba4-8b72-f27981847d7d.flac?X-Amz-Algorithm=AWS4-HMAC-SHA256&X-Amz-Content-Sha256=UNSIGNED-PAYLOAD&X-Amz-Credential=AKIA45B7YWBX5HAZMGOU%2F20260223%2Feu-west-1%2Fs3%2Faws4_request&X-Amz-Date=20260223T000748Z&X-Amz-Expires=604800&X-Amz-Signature=eb94e2cc95a8cb749422b7de10f49e711c0c8caab87ddc123b3a4b0ca48f02c7&X-Amz-SignedHeaders=host&response-content-disposition=attachment%3B%20filename%3Daab6532d-bd70-8ba4-8b72-f27981847d7d.flac&x-id=GetObject,0.23724626,5637
MRam-2019-05-29_18-00.flac,2019 Markham Ravine,2019,5,29,18,0,Agelaius tricolor,Alternative Song 2,24.4640007,24.86933327,656,7406,24000,present,https://rfcx-streams-production.s3.eu-west-1.amazonaws.com/2019/05/29/te1h471bonyj/b2601c7f-92c7-ce32-5d69-2cca964766a2.flac?X-Amz-Algorithm=AWS4-HMAC-SHA256&X-Amz-Content-Sha256=UNSIGNED-PAYLOAD&X-Amz-Credential=AKIA45B7YWBX5HAZMGOU%2F20260223%2Feu-west-1%2Fs3%2Faws4_request&X-Amz-Date=20260223T000746Z&X-Amz-Expires=604800&X-Amz-Signature=8caf4f7c3d1a9c1b521dde90c24c3a582bcfd20cc700377219b4a27f91cb6e61&X-Amz-SignedHeaders=host&response-content-disposition=attachment%3B%20filename%3Db2601c7f-92c7-ce32-5d69-2cca964766a2.flac&x-id=GetObject,0.231435254,5637
MRam-2019-05-29_18-20.flac,2019 Markham Ravine,2019,5,29,18,20,Agelaius tricolor,Alternative Song 2,51.28533173,51.6906662,656,7406,24000,present,https://rfcx-streams-production.s3.eu-west-1.amazonaws.com/2019/05/29/te1h471bonyj/38a48d32-69f7-9563-169e-83de70786abf.flac?X-Amz-Algorithm=AWS4-HMAC-SHA256&X-Amz-Content-Sha256=UNSIGNED-PAYLOAD&X-Amz-Credential=AKIA45B7YWBX5HAZMGOU%2F20260223%2Feu-west-1%2Fs3%2Faws4_request&X-Amz-Date=20260223T000748Z&X-Amz-Expires=604800&X-Amz-Signature=52039a9eafb3169cb0ebd4dca3afe0b802577a142d9d50bfa4ee0068efcb0a99&X-Amz-SignedHeaders=host&response-content-disposition=attachment%3B%20filename%3D38a48d32-69f7-9563-169e-83de70786abf.flac&x-id=GetObject,0.266526401,5637
MRam-2019-05-29_19-20.flac,2019 Markham Ravine,2019,5,29,19,20,Agelaius tricolor,Alternative Song 2,36.63999939,37.04533386,656,7406,24000,present,https://rfcx-streams-production.s3.eu-west-1.amazonaws.com/2019/05/29/te1h471bonyj/12fdaae6-3c5a-33ef-e930-1b66ad8c9dd5.flac?X-Amz-Algorithm=AWS4-HMAC-SHA256&X-Amz-Content-Sha256=UNSIGNED-PAYLOAD&X-Amz-Credential=AKIA45B7YWBX5HAZMGOU%2F20260223%2Feu-west-1%2Fs3%2Faws4_request&X-Amz-Date=20260223T000748Z&X-Amz-Expires=604800&X-Amz-Signature=d3094a65e2a62658dfffd5c70db9d78418e6f8bb9b8813fdce31878c228e59c9&X-Amz-SignedHeaders=host&response-content-disposition=attachment%3B%20filename%3D12fdaae6-3c5a-33ef-e930-1b66ad8c9dd5.flac&x-id=GetObject,0.272043169,5637
MRam-2019-05-29_20-00.flac,2019 Markham Ravine,2019,5,29,20,0,Agelaius tricolor,Alternative Song 2,21.66399956,22.06933403,656,7406,24000,present,https://rfcx-streams-production.s3.eu-west-1.amazonaws.com/2019/05/29/te1h471bonyj/418b9a62-76ea-49c2-a861-bfdb934fa5e1.flac?X-Amz-Algorithm=AWS4-HMAC-SHA256&X-Amz-Content-Sha256=UNSIGNED-PAYLOAD&X-Amz-Credential=AKIA45B7YWBX5HAZMGOU%2F20260223%2Feu-west-1%2Fs3%2Faws4_request&X-Amz-Date=20260223T000746Z&X-Amz-Expires=604800&X-Amz-Signature=1c9ae533fe8d5b851e78c370bd9c80688fd880721dd626238ce759308848f37f&X-Amz-SignedHeaders=host&response-content-disposition=attachment%3B%20filename%3D418b9a62-76ea-49c2-a861-bfdb934fa5e1.flac&x-id=GetObject,0.222026944,5637
MRam-2019-05-30_09-00.flac,2019 Markham Ravine,2019,5,30,9,0,Agelaius tricolor,Alternative Song 2,41.47733307,41.88266754,656,7406,24000,present,https://rfcx-streams-production.s3.eu-west-1.amazonaws.com/2019/05/30/te1h471bonyj/95f1676d-7efe-407a-6a47-3238cbd95e86.flac?X-Amz-Algorithm=AWS4-HMAC-SHA256&X-Amz-Content-Sha256=UNSIGNED-PAYLOAD&X-Amz-Credential=AKIA45B7YWBX5HAZMGOU%2F20260223%2Feu-west-1%2Fs3%2Faws4_request&X-Amz-Date=20260223T000746Z&X-Amz-Expires=604800&X-Amz-Signature=b3cab7e6bb571f2bbb05666ec342a1a179014629fb2732a917b2cbc26a288e9e&X-Amz-SignedHeaders=host&response-content-disposition=attachment%3B%20filename%3D95f1676d-7efe-407a-6a47-3238cbd95e86.flac&x-id=GetObject,0.228957623,5637
MRam-2019-05-30_09-40.flac,2019 Markham Ravine,2019,5,30,9,40,Agelaius tricolor,Alternative Song 2,44.37866592,44.7840004,656,7406,24000,present,https://rfcx-streams-production.s3.eu-west-1.amazonaws.com/2019/05/30/te1h471bonyj/1769280f-5d3c-1f42-25a5-f140e72978df.flac?X-Amz-Algorithm=AWS4-HMAC-SHA256&X-Amz-Content-Sha256=UNSIGNED-PAYLOAD&X-Amz-Credential=AKIA45B7YWBX5HAZMGOU%2F20260223%2Feu-west-1%2Fs3%2Faws4_request&X-Amz-Date=20260223T000748Z&X-Amz-Expires=604800&X-Amz-Signature=32329aed71f67befe7b15a12d71a9c521cc26fbe87dabf09c72eab160404adc0&X-Amz-SignedHeaders=host&response-content-disposition=attachment%3B%20filename%3D1769280f-5d3c-1f42-25a5-f140e72978df.flac&x-id=GetObject,0.232337132,5637
MRam-2019-05-30_13-20.flac,2019 Markham Ravine,2019,5,30,13,20,Agelaius tricolor,Alternative Song 2,33.73333359,34.13866806,656,7406,24000,present,https://rfcx-streams-production.s3.eu-west-1.amazonaws.com/2019/05/30/te1h471bonyj/e2870acd-1dd2-8c8c-c1d3-309cedcdced7.flac?X-Amz-Algorithm=AWS4-HMAC-SHA256&X-Amz-Content-Sha256=UNSIGNED-PAYLOAD&X-Amz-Credential=AKIA45B7YWBX5HAZMGOU%2F20260223%2Feu-west-1%2Fs3%2Faws4_request&X-Amz-Date=20260223T000748Z&X-Amz-Expires=604800&X-Amz-Signature=020c04ea8c0b2cf47e76b62f85eba55135ccebc938ae8b36028b244e302212b9&X-Amz-SignedHeaders=host&response-content-disposition=attachment%3B%20filename%3De2870acd-1dd2-8c8c-c1d3-309cedcdced7.flac&x-id=GetObject,0.282027692,5637
MRam-2019-05-30_18-00.flac,2019 Markham Ravine,2019,5,30,18,0,Agelaius tricolor,Alternative Song 2,16.97066689,17.37599945,656,7406,24000,present,https://rfcx-streams-production.s3.eu-west-1.amazonaws.com/2019/05/30/te1h471bonyj/7454369d-0ee4-752a-fa18-47631baefa9b.flac?X-Amz-Algorithm=AWS4-HMAC-SHA256&X-Amz-Content-Sha256=UNSIGNED-PAYLOAD&X-Amz-Credential=AKIA45B7YWBX5HAZMGOU%2F20260223%2Feu-west-1%2Fs3%2Faws4_request&X-Amz-Date=20260223T000746Z&X-Amz-Expires=604800&X-Amz-Signature=dd8e56563bc338fe588b37e724aeea0ab6d22eeb1440a4694a70204e677c931e&X-Amz-SignedHeaders=host&response-content-disposition=attachment%3B%20filename%3D7454369d-0ee4-752a-fa18-47631baefa9b.flac&x-id=GetObject,0.236752182,5637
MRam-2019-05-31_05-20.flac,2019 Markham Ravine,2019,5,31,5,20,Agelaius tricolor,Alternative Song 2,3.813333273,4.218666553,656,7406,24000,present,https://rfcx-streams-production.s3.eu-west-1.amazonaws.com/2019/05/30/te1h471bonyj/40ceea59-4bde-ed07-591c-9e73b2c4a275.flac?X-Amz-Algorithm=AWS4-HMAC-SHA256&X-Amz-Content-Sha256=UNSIGNED-PAYLOAD&X-Amz-Credential=AKIA45B7YWBX5HAZMGOU%2F20260223%2Feu-west-1%2Fs3%2Faws4_request&X-Amz-Date=20260223T000748Z&X-Amz-Expires=604800&X-Amz-Signature=cecfd47ffc0c20974aba489309bf1886bff95e04c77c2930e7f9dd399c1dabbf&X-Amz-SignedHeaders=host&response-content-disposition=attachment%3B%20filename%3D40ceea59-4bde-ed07-591c-9e73b2c4a275.flac&x-id=GetObject,0.21727407,5637
MRam-2019-05-31_11-20.flac,2019 Markham Ravine,2019,5,31,11,20,Agelaius tricolor,Alternative Song 2,13.23200035,13.63733292,656,7406,24000,present,https://rfcx-streams-production.s3.eu-west-1.amazonaws.com/2019/05/31/te1h471bonyj/bb0b2bfa-bb3d-ab7d-d4b7-db8ce3736312.flac?X-Amz-Algorithm=AWS4-HMAC-SHA256&X-Amz-Content-Sha256=UNSIGNED-PAYLOAD&X-Amz-Credential=AKIA45B7YWBX5HAZMGOU%2F20260223%2Feu-west-1%2Fs3%2Faws4_request&X-Amz-Date=20260223T000748Z&X-Amz-Expires=604800&X-Amz-Signature=bda2fba7ee2e951cf24e615cd5ad61a1ea63d56f2c8833538b167ab80197459d&X-Amz-SignedHeaders=host&response-content-disposition=attachment%3B%20filename%3Dbb0b2bfa-bb3d-ab7d-d4b7-db8ce3736312.flac&x-id=GetObject,0.293899149,5637
MRam-2019-05-31_13-40.flac,2019 Markham Ravine,2019,5,31,13,40,Agelaius tricolor,Alternative Song 2,2.677333355,3.082666636,656,7406,24000,present,https://rfcx-streams-production.s3.eu-west-1.amazonaws.com/2019/05/31/te1h471bonyj/03754a19-7f9f-c083-72d7-3c2a0d3240d6.flac?X-Amz-Algorithm=AWS4-HMAC-SHA256&X-Amz-Content-Sha256=UNSIGNED-PAYLOAD&X-Amz-Credential=AKIA45B7YWBX5HAZMGOU%2F20260223%2Feu-west-1%2Fs3%2Faws4_request&X-Amz-Date=20260223T000748Z&X-Amz-Expires=604800&X-Amz-Signature=40f46c55671accd2a85b3cb5573da6ceff1406b7e9dbdc82fbd462903757a0a9&X-Amz-SignedHeaders=host&response-content-disposition=attachment%3B%20filename%3D03754a19-7f9f-c083-72d7-3c2a0d3240d6.flac&x-id=GetObject,0.249127865,5637
MRam-2019-05-31_15-00.flac,2019 Markham Ravine,2019,5,31,15,0,Agelaius tricolor,Alternative Song 2,11.65333366,12.05866623,656,7406,24000,present,https://rfcx-streams-production.s3.eu-west-1.amazonaws.com/2019/05/31/te1h471bonyj/b85ccb08-f719-6310-6051-790f83ac721d.flac?X-Amz-Algorithm=AWS4-HMAC-SHA256&X-Amz-Content-Sha256=UNSIGNED-PAYLOAD&X-Amz-Credential=AKIA45B7YWBX5HAZMGOU%2F20260223%2Feu-west-1%2Fs3%2Faws4_request&X-Amz-Date=20260223T000746Z&X-Amz-Expires=604800&X-Amz-Signature=0cb997dfb3b14a70058640a19ee937bcf95bfcae26c1bcfba63b1a425c732af9&X-Amz-SignedHeaders=host&response-content-disposition=attachment%3B%20filename%3Db85ccb08-f719-6310-6051-790f83ac721d.flac&x-id=GetObject,0.2154762,5637
MRam-2019-06-01_10-00.flac,2019 Markham Ravine,2019,6,1,10,0,Agelaius tricolor,Alternative Song 2,20.1546669,20.55999947,656,7406,24000,present,https://rfcx-streams-production.s3.eu-west-1.amazonaws.com/2019/06/01/te1h471bonyj/b647da90-06ed-b34f-d5e4-d1a6c4d2ac1b.flac?X-Amz-Algorithm=AWS4-HMAC-SHA256&X-Amz-Content-Sha256=UNSIGNED-PAYLOAD&X-Amz-Credential=AKIA45B7YWBX5HAZMGOU%2F20260223%2Feu-west-1%2Fs3%2Faws4_request&X-Amz-Date=20260223T000746Z&X-Amz-Expires=604800&X-Amz-Signature=f5488b49b516386a5c183b594aba9027ee53543f8295749734d67474e1862aa8&X-Amz-SignedHeaders=host&response-content-disposition=attachment%3B%20filename%3Db647da90-06ed-b34f-d5e4-d1a6c4d2ac1b.flac&x-id=GetObject,0.253282636,5637
MRam-2019-06-01_11-40.flac,2019 Markham Ravine,2019,6,1,11,40,Agelaius tricolor,Alternative Song 2,47.16799927,47.57333374,656,7406,24000,present,https://rfcx-streams-production.s3.eu-west-1.amazonaws.com/2019/06/01/te1h471bonyj/5a264945-f812-adf4-e17a-01d47200d6a1.flac?X-Amz-Algorithm=AWS4-HMAC-SHA256&X-Amz-Content-Sha256=UNSIGNED-PAYLOAD&X-Amz-Credential=AKIA45B7YWBX5HAZMGOU%2F20260223%2Feu-west-1%2Fs3%2Faws4_request&X-Amz-Date=20260223T000748Z&X-Amz-Expires=604800&X-Amz-Signature=5e445cbcac1ed64071b7ec7e6eadaeeb40a3b539111068f1685562300e525c02&X-Amz-SignedHeaders=host&response-content-disposition=attachment%3B%20filename%3D5a264945-f812-adf4-e17a-01d47200d6a1.flac&x-id=GetObject,0.313307226,5637
MRam-2019-06-02_05-40.flac,2019 Markham Ravine,2019,6,2,5,40,Agelaius tricolor,Alternative Song 2,36.31466675,36.72000122,656,7406,24000,present,https://rfcx-streams-production.s3.eu-west-1.amazonaws.com/2019/06/01/te1h471bonyj/fed84124-245e-f8d6-71db-85638a5b8276.flac?X-Amz-Algorithm=AWS4-HMAC-SHA256&X-Amz-Content-Sha256=UNSIGNED-PAYLOAD&X-Amz-Credential=AKIA45B7YWBX5HAZMGOU%2F20260223%2Feu-west-1%2Fs3%2Faws4_request&X-Amz-Date=20260223T000749Z&X-Amz-Expires=604800&X-Amz-Signature=e8e8d0afaf31e585a927b13ceeae7aa6bc609d110cf86369d4f1a02d56a669d2&X-Amz-SignedHeaders=host&response-content-disposition=attachment%3B%20filename%3Dfed84124-245e-f8d6-71db-85638a5b8276.flac&x-id=GetObject,0.20288974,5637
MRam-2019-06-02_15-00.flac,2019 Markham Ravine,2019,6,2,15,0,Agelaius tricolor,Alternative Song 2,46.47999954,46.88533401,656,7406,24000,present,https://rfcx-streams-production.s3.eu-west-1.amazonaws.com/2019/06/02/te1h471bonyj/59e40a82-7a6c-27ec-20ef-affb773c3818.flac?X-Amz-Algorithm=AWS4-HMAC-SHA256&X-Amz-Content-Sha256=UNSIGNED-PAYLOAD&X-Amz-Credential=AKIA45B7YWBX5HAZMGOU%2F20260223%2Feu-west-1%2Fs3%2Faws4_request&X-Amz-Date=20260223T000746Z&X-Amz-Expires=604800&X-Amz-Signature=86d24d7bec33439ca8c9661819a561bcc744d8cc97d283c4e1936d49d3c11301&X-Amz-SignedHeaders=host&response-content-disposition=attachment%3B%20filename%3D59e40a82-7a6c-27ec-20ef-affb773c3818.flac&x-id=GetObject,0.212788254,5637
MRam-2019-06-03_09-20.flac,2019 Markham Ravine,2019,6,3,9,20,Agelaius tricolor,Alternative Song 2,16.38933372,16.79466629,656,7406,24000,present,https://rfcx-streams-production.s3.eu-west-1.amazonaws.com/2019/06/03/te1h471bonyj/9fb92197-ff37-2de6-8e74-5211386599b8.flac?X-Amz-Algorithm=AWS4-HMAC-SHA256&X-Amz-Content-Sha256=UNSIGNED-PAYLOAD&X-Amz-Credential=AKIA45B7YWBX5HAZMGOU%2F20260223%2Feu-west-1%2Fs3%2Faws4_request&X-Amz-Date=20260223T000749Z&X-Amz-Expires=604800&X-Amz-Signature=9c731bb972cb09696a2571a119d9fcbe213fbbdd6e20dc6bf688d3e404c2a9a0&X-Amz-SignedHeaders=host&response-content-disposition=attachment%3B%20filename%3D9fb92197-ff37-2de6-8e74-5211386599b8.flac&x-id=GetObject,0.336741954,5637
