recording,site,year,month,day,hour,minute,species,songtype,x1,x2,y1,y2,frequency,validated,url,score,site_id
WW2am-2021-06-15_10-40.flac,2021 Willey Wetlands 2,2021,6,15,10,40,sp22,Simple Call,13.46133327,14.66666698,2625,7219,24000,present,https://rfcx-streams-production.s3.eu-west-1.amazonaws.com/2021/06/15/kxu02nktl751/3ae9ba0d-c61b-bc04-e6bd-8b8bf0885ab7.flac?X-Amz-Algorithm=AWS4-HMAC-SHA256&X-Amz-Content-Sha256=UNSIGNED-PAYLOAD&X-Amz-Credential=AKIA45B7YWBX5HAZMGOU%2F20260223%2Feu-west-1%2Fs3%2Faws4_request&X-Amz-Date=20260223T001137Z&X-Amz-Expires=604800&X-Amz-Signature=7ecf95142387db02b1184fb3d6a98399f7252cbb1eb72b8a1563099becb76fe4&X-Amz-SignedHeaders=host&response-content-disposition=attachment%3B%20filename%3D3ae9ba0d-c61b-bc04-e6bd-8b8bf0885ab7.flac&x-id=GetObject,0.267998219,24261
WW2am-2021-06-15_11-20.flac,2021 Willey Wetlands 2,2021,6,15,11,20,sp22,Simple Call,24.98666573,26.19199944,2625,7219,24000,present,https://rfcx-streams-production.s3.eu-west-1.amazonaws.com/2021/06/15/kxu02nktl751/b8bece53-ee5f-64ef-afff-6de395e62061.flac?X-Amz-Algorithm=AWS4-HMAC-SHA256&X-Amz-Content-Sha256=UNSIGNED-PAYLOAD&X-Amz-Credential=AKIA45B7YWBX5HAZMGOU%2F20260223%2Feu-west-1%2Fs3%2Faws4_request&X-Amz-Date=20260223T001137Z&X-Amz-Expires=604800&X-Amz-Signature=e71a27c2974522151f0f5cdbd1ee59b10a73a37880218638fe35276cd3e68236&X-Amz-SignedHeaders=host&response-content-disposition=attachment%3B%20filename%3Db8bece53-ee5f-64ef-afff-6de395e62061.flac&x-id=GetObject,0.222056627,24261
WW2am-2021-06-15_12-40.flac,2021 Willey Wetlands 2,2021,6,15,12,40,sp22,Simple Call,51.14666748,52.35200119,2625,7219,24000,present,https://rfcx-streams-production.s3.eu-west-1.amazonaws.com/2021/06/15/kxu02nktl751/db142b61-c0e1-19b4-bdab-ce2d5711d5a1.flac?X-Amz-Algorithm=AWS4-HMAC-SHA256&X-Amz-Content-Sha256=UNSIGNED-PAYLOAD&X-Amz-Credential=AKIA45B7YWBX5HAZMGOU%2F20260223%2Feu-west-1%2Fs3%2Faws4_request&X-Amz-Date=20260223T001137Z&X-Amz-Expires=604800&X-Amz-Signature=2a6008aa8d77259c979d7be160ba4706b5020c1764b87c1096c28e1861659816&X-Amz-SignedHeaders=host&response-content-disposition=attachment%3B%20filename%3Ddb142b61-c0e1-19b4-bdab-ce2d5711d5a1.flac&x-id=GetObject,0.236951321,24261
WW2am-2021-06-15_13-00.flac,2021 Willey Wetlands 2,2021,6,15,13,0,sp22,Simple Call,27.00799942,28.21333313,2625,7219,24000,present,https://rfcx-streams-production.s3.eu-west-1.amazonaws.com/2021/06/15/kxu02nktl751/96ec6df0-3963-238e-2f49-3cc634dd90af.flac?X-Amz-Algorithm=AWS4-HMAC-SHA256&X-Amz-Content-Sha256=UNSIGNED-PAYLOAD&X-Amz-Credential=AKIA45B7YWBX5HAZMGOU%2F20260223%2Feu-west-1%2Fs3%2Faws4_request&X-Amz-Date=20260223T001137Z&X-Amz-Expires=604800&X-Amz-Signature=73e31977973f98c9c8c47e5216e813026ea67b0809169cecfb33f9e97f6790ac&X-Amz-SignedHeaders=host&response-content-disposition=attachment%3B%20filename%3D96ec6df0-3963-238e-2f49-3cc634dd90af.flac&x-id=GetObject,0.226984784,24261
WW2am-2021-06-15_17-00.flac,2021 Willey Wetlands 2,2021,6,15,17,0,sp22,Simple Call,14.01599979,15.2213335,2625,7219,24000,present,https://rfcx-streams-production.s3.eu-west-1.amazonaws.com/2021/06/15/kxu02nktl751/e315e324-d4ee-bbbb-d20d-18ba78b3c29b.flac?X-Amz-Algorithm=AWS4-HMAC-SHA256&X-Amz-Content-Sha256=UNSIGNED-PAYLOAD&X-Amz-Credential=AKIA45B7YWBX5HAZMGOU%2F20260223%2Feu-west-1%2Fs3%2Faws4_request&X-Amz-Date=20260223T001137Z&X-Amz-Expires=604800&X-Amz-Signature=59025f759aa22ed98d69562c2ab831288e270ec966a1318ae24deb65e2db4327&X-Amz-SignedHeaders=host&response-content-disposition=attachment%3B%20filename%3De315e324-d4ee-bbbb-d20d-18ba78b3c29b.flac&x-id=GetObject,0.21257253,24261
WW2am-2021-06-16_06-40.flac,2021 Willey Wetlands 2,2021,6,16,6,40,sp22,Simple Call,19.21066666,20.41600037,2625,7219,24000,present,https://rfcx-streams-production.s3.eu-west-1.amazonaws.com/2021/06/15/kxu02nktl751/50095305-adce-877b-c8e2-9bbb9651f312.flac?X-Amz-Algorithm=AWS4-HMAC-SHA256&X-Amz-Content-Sha256=UNSIGNED-PAYLOAD&X-Amz-Credential=AKIA45B7YWBX5HAZMGOU%2F20260223%2Feu-west-1%2Fs3%2Faws4_request&X-Amz-Date=20260223T001137Z&X-Amz-Expires=604800&X-Amz-Signature=1dde79dcd84e434d69f358a6ee69f181f4fead8fc77f4baee06b4376680182df&X-Amz-SignedHeaders=host&response-content-disposition=attachment%3B%20filename%3D50095305-adce-877b-c8e2-9bbb9651f312.flac&x-id=GetObject,0.251893818,24261
WW2am-2021-06-16_10-00.flac,2021 Willey Wetlands 2,2021,6,16,10,0,sp22,Simple Call,25.57333374,26.77866745,2625,7219,24000,present,https://rfcx-streams-production.s3.eu-west-1.amazonaws.com/2021/06/16/kxu02nktl751/4c2e18e6-275b-c2bd-a3b1-e4df1ebcc0a1.flac?X-Amz-Algorithm=AWS4-HMAC-SHA256&X-Amz-Content-Sha256=UNSIGNED-PAYLOAD&X-Amz-Credential=AKIA45B7YWBX5HAZMGOU%2F20260223%2Feu-west-1%2Fs3%2Faws4_request&X-Amz-Date=20260223T001137Z&X-Amz-Expires=604800&X-Amz-Signature=eb45eb1053f460d344c0dda6de64716932fe1871edc26ce9066d18f6476c6c61&X-Amz-SignedHeaders=host&response-content-disposition=attachment%3B%20filename%3D4c2e18e6-275b-c2bd-a3b1-e4df1ebcc0a1.flac&x-id=GetObject,0.273121446,24261
WW2am-2021-06-16_10-40.flac,2021 Willey Wetlands 2,2021,6,16,10,40,sp22,Simple Call,25.27466583,26.47999954,2625,7219,24000,present,https://rfcx-streams-production.s3.eu-west-1.amazonaws.com/2021/06/16/kxu02nktl751/19e0749d-f457-8ce3-393b-153f186d2754.flac?X-Amz-Algorithm=AWS4-HMAC-SHA256&X-Amz-Content-Sha256=UNSIGNED-PAYLOAD&X-Amz-Credential=AKIA45B7YWBX5HAZMGOU%2F20260223%2Feu-west-1%2Fs3%2Faws4_request&X-Amz-Date=20260223T001137Z&X-Amz-Expires=604800&X-Amz-Signature=c0a8c16b861578e8f5767fbb65082071a61ea46508ef3f36dab656096bcf4181&X-Amz-SignedHeaders=host&response-content-disposition=attachment%3B%20filename%3D19e0749d-f457-8ce3-393b-153f186d2754.flac&x-id=GetObject,0.261991411,24261
WW2am-2021-06-16_12-00.flac,2021 Willey Wetlands 2,2021,6,16,12,0,sp22,Simple Call,28.79466629,30,2625,7219,24000,present,https://rfcx-streams-production.s3.eu-west-1.amazonaws.com/2021/06/16/kxu02nktl751/86aeb17e-57ac-5410-ceb0-fc4d21eb5a1d.flac?X-Amz-Algorithm=AWS4-HMAC-SHA256&X-Amz-Content-Sha256=UNSIGNED-PAYLOAD&X-Amz-Credential=AKIA45B7YWBX5HAZMGOU%2F20260223%2Feu-west-1%2Fs3%2Faws4_request&X-Amz-Date=20260223T001137Z&X-Amz-Expires=604800&X-Amz-Signature=116f50bc720eaea0e130d0275b46b05de9bc557483d75e9ef0648c6e4d35d4b6&X-Amz-SignedHeaders=host&response-content-disposition=attachment%3B%20filename%3D86aeb17e-57ac-5410-ceb0-fc4d21eb5a1d.flac&x-id=GetObject,0.251414388,24261
WW2am-2021-06-16_12-40.flac,2021 Willey Wetlands 2,2021,6,16,12,40,sp22,Simple Call,12.44266701,13.64799976,2625,7219,24000,present,https://rfcx-streams-production.s3.eu-west-1.amazonaws.com/2021/06/16/kxu02nktl751/befe379b-da0a-d9ab-db12-0ee5150f8ed0.flac?X-Amz-Algorithm=AWS4-HMAC-SHA256&X-Amz-Content-Sha256=UNSIGNED-PAYLOAD&X-Amz-Credential=AKIA45B7YWBX5HAZMGOU%2F20260223%2Feu-west-1%2Fs3%2Faws4_request&X-Amz-Date=20260223T001137Z&X-Amz-Expires=604800&X-Amz-Signature=75fab3a1d7b165be67019a7d55ab0a783acb3ab9373d4e160961fc0290f76a30&X-Amz-SignedHeaders=host&response-content-disposition=attachment%3B%20filename%3Dbefe379b-da0a-d9ab-db12-0ee5150f8ed0.flac&x-id=GetObject,0.279468477,24261
WW2am-2021-06-16_13-00.flac,2021 Willey Wetlands 2,2021,6,16,13,0,sp22,Simple Call,52.14933395,53.35466766,2625,7219,24000,present,https://rfcx-streams-production.s3.eu-west-1.amazonaws.com/2021/06/16/kxu02nktl751/0c69165c-dced-0a25-8a7a-4efd9a896d42.flac?X-Amz-Algorithm=AWS4-HMAC-SHA256&X-Amz-Content-Sha256=UNSIGNED-PAYLOAD&X-Amz-Credential=AKIA45B7YWBX5HAZMGOU%2F20260223%2Feu-west-1%2Fs3%2Faws4_request&X-Amz-Date=20260223T001137Z&X-Amz-Expires=604800&X-Amz-Signature=e1ab0aff500fce0c3f634b62f169dc3571a2e3f7d0516887d9d3a8c30c4fbd63&X-Amz-SignedHeaders=host&response-content-disposition=attachment%3B%20filename%3D0c69165c-dced-0a25-8a7a-4efd9a896d42.flac&x-id=GetObject,0.264718264,24261
WW2am-2021-06-16_13-20.flac,2021 Willey Wetlands 2,2021,6,16,13,20,sp22,Simple Call,20.51199913,21.71733284,2625,7219,24000,present,https://rfcx-streams-production.s3.eu-west-1.amazonaws.com/2021/06/16/kxu02nktl751/cae74a1f-adee-2c27-d185-12511b1f606a.flac?X-Amz-Algorithm=AWS4-HMAC-SHA256&X-Amz-Content-Sha256=UNSIGNED-PAYLOAD&X-Amz-Credential=AKIA45B7YWBX5HAZMGOU%2F20260223%2Feu-west-1%2Fs3%2Faws4_request&X-Amz-Date=20260223T001137Z&X-Amz-Expires=604800&X-Amz-Signature=19e6d43e427d84f1288966b651374ccccd9a8dfc267acc893355f746f719a01e&X-Amz-SignedHeaders=host&response-content-disposition=attachment%3B%20filename%3Dcae74a1f-adee-2c27-d185-12511b1f606a.flac&x-id=GetObject,0.280386239,24261
WW2am-2021-06-16_13-40.flac,2021 Willey Wetlands 2,2021,6,16,13,40,sp22,Simple Call,39.78133392,40.98666763,2625,7219,24000,present,https://rfcx-streams-production.s3.eu-west-1.amazonaws.com/2021/06/16/kxu02nktl751/01e8df6f-ae89-b41b-8e9a-5540fba0b214.flac?X-Amz-Algorithm=AWS4-HMAC-SHA256&X-Amz-Content-Sha256=UNSIGNED-PAYLOAD&X-Amz-Credential=AKIA45B7YWBX5HAZMGOU%2F20260223%2Feu-west-1%2Fs3%2Faws4_request&X-Amz-Date=20260223T001137Z&X-Amz-Expires=604800&X-Amz-Signature=7b3737c0045d5f879701e401537152be46b8817e769a6ca94a19d4d517b7b430&X-Amz-SignedHeaders=host&response-content-disposition=attachment%3B%20filename%3D01e8df6f-ae89-b41b-8e9a-5540fba0b214.flac&x-id=GetObject,0.293793529,24261
WW2am-2021-06-16_14-00.flac,2021 Willey Wetlands 2,2021,6,16,14,0,sp22,Simple Call,21.77066612,22.97599983,2625,7219,24000,present,https://rfcx-streams-production.s3.eu-west-1.amazonaws.com/2021/06/16/kxu02nktl751/2ba15071-5b5b-783c-6242-5cd90fce486a.flac?X-Amz-Algorithm=AWS4-HMAC-SHA256&X-Amz-Content-Sha256=UNSIGNED-PAYLOAD&X-Amz-Credential=AKIA45B7YWBX5HAZMGOU%2F20260223%2Feu-west-1%2Fs3%2Faws4_request&X-Amz-Date=20260223T001137Z&X-Amz-Expires=604800&X-Amz-Signature=3863ce8dc1da356d8755ff2a68a7f08cee482b6b92d1e21aa6d3bea365a8ca07&X-Amz-SignedHeaders=host&response-content-disposition=attachment%3B%20filename%3D2ba15071-5b5b-783c-6242-5cd90fce486a.flac&x-id=GetObject,0.268569112,24261
WW2am-2021-06-16_14-40.flac,2021 Willey Wetlands 2,2021,6,16,14,40,sp22,Simple Call,14.31466675,15.52000046,2625,7219,24000,present,https://rfcx-streams-production.s3.eu-west-1.amazonaws.com/2021/06/16/kxu02nktl751/8b689eb4-4ef2-cb1a-5b24-6aac61d71c27.flac?X-Amz-Algorithm=AWS4-HMAC-SHA256&X-Amz-Content-Sha256=UNSIGNED-PAYLOAD&X-Amz-Credential=AKIA45B7YWBX5HAZMGOU%2F20260223%2Feu-west-1%2Fs3%2Faws4_request&X-Amz-Date=20260223T001137Z&X-Amz-Expires=604800&X-Amz-Signature=c6ad1b0ae83f24feaa16d26a5469b13e7585d952db374699a81741644a633562&X-Amz-SignedHeaders=host&response-content-disposition=attachment%3B%20filename%3D8b689eb4-4ef2-cb1a-5b24-6aac61d71c27.flac&x-id=GetObject,0.308610439,24261
WW2am-2021-06-16_15-00.flac,2021 Willey Wetlands 2,2021,6,16,15,0,sp22,Simple Call,55.5573349,56.76266479,2625,7219,24000,present,https://rfcx-streams-production.s3.eu-west-1.amazonaws.com/2021/06/16/kxu02nktl751/884b40cb-bf3c-bcef-93df-4dd28058e961.flac?X-Amz-Algorithm=AWS4-HMAC-SHA256&X-Amz-Content-Sha256=UNSIGNED-PAYLOAD&X-Amz-Credential=AKIA45B7YWBX5HAZMGOU%2F20260223%2Feu-west-1%2Fs3%2Faws4_request&X-Amz-Date=20260223T001137Z&X-Amz-Expires=604800&X-Amz-Signature=2e4c4d8bfc82d4c2eb682d26bcdc22b36cd592e0a3300102022b4a15430103db&X-Amz-SignedHeaders=host&response-content-disposition=attachment%3B%20filename%3D884b40cb-bf3c-bcef-93df-4dd28058e961.flac&x-id=GetObject,0.224695235,24261
WW2am-2021-06-16_17-00.flac,2021 Willey Wetlands 2,2021,6,16,17,0,sp22,Simple Call,24.90133286,26.10666656,2625,7219,24000,present,https://rfcx-streams-production.s3.eu-west-1.amazonaws.com/2021/06/16/kxu02nktl751/fa31d7d6-839e-c540-09cf-c6102b9f33af.flac?X-Amz-Algorithm=AWS4-HMAC-SHA256&X-Amz-Content-Sha256=UNSIGNED-PAYLOAD&X-Amz-Credential=AKIA45B7YWBX5HAZMGOU%2F20260223%2Feu-west-1%2Fs3%2Faws4_request&X-Amz-Date=20260223T001137Z&X-Amz-Expires=604800&X-Amz-Signature=26ac2e3215e03dbae08a08a91c3746588d2c4ae103a5c75f73b9a18947b50c4f&X-Amz-SignedHeaders=host&response-content-disposition=attachment%3B%20filename%3Dfa31d7d6-839e-c540-09cf-c6102b9f33af.flac&x-id=GetObject,0.28908971,24261
WW2am-2021-06-16_18-20.flac,2021 Willey Wetlands 2,2021,6,16,18,20,sp22,Simple Call,48.92266846,50.12799835,2625,7219,24000,present,https://rfcx-streams-production.s3.eu-west-1.amazonaws.com/2021/06/16/kxu02nktl751/18e8aedd-aa06-f08c-98b2-87907157129d.flac?X-Amz-Algorithm=AWS4-HMAC-SHA256&X-Amz-Content-Sha256=UNSIGNED-PAYLOAD&X-Amz-Credential=AKIA45B7YWBX5HAZMGOU%2F20260223%2Feu-west-1%2Fs3%2Faws4_request&X-Amz-Date=20260223T001137Z&X-Amz-Expires=604800&X-Amz-Signature=752ee458dcb0fbf0ef46c43d342cd218e113b6342f53754b9604a277122b41f4&X-Amz-SignedHeaders=host&response-content-disposition=attachment%3B%20filename%3D18e8aedd-aa06-f08c-98b2-87907157129d.flac&x-id=GetObject,0.240521103,24261
WW2am-2021-06-16_19-20.flac,2021 Willey Wetlands 2,2021,6,16,19,20,sp22,Simple Call,41.35466766,42.56000137,2625,7219,24000,present,https://rfcx-streams-production.s3.eu-west-1.amazonaws.com/2021/06/16/kxu02nktl751/dacd9930-d315-f44d-9c07-5b4bb8721dae.flac?X-Amz-Algorithm=AWS4-HMAC-SHA256&X-Amz-Content-Sha256=UNSIGNED-PAYLOAD&X-Amz-Credential=AKIA45B7YWBX5HAZMGOU%2F20260223%2Feu-west-1%2Fs3%2Faws4_request&X-Amz-Date=20260223T001137Z&X-Amz-Expires=604800&X-Amz-Signature=f608b54d3a9894a95d8d3fb7c13017f3b1e48306399a25e52e9e1310e46a4307&X-Amz-SignedHeaders=host&response-content-disposition=attachment%3B%20filename%3Ddacd9930-d315-f44d-9c07-5b4bb8721dae.flac&x-id=GetObject,0.243619949,24261
WW2am-2021-06-17_07-00.flac,2021 Willey Wetlands 2,2021,6,17,7,0,sp22,Simple Call,9.461333275,10.66666698,2625,7219,24000,present,https://rfcx-streams-production.s3.eu-west-1.amazonaws.com/2021/06/17/kxu02nktl751/8e7e0844-1cb6-0873-e1ed-49b6b351a09c.flac?X-Amz-Algorithm=AWS4-HMAC-SHA256&X-Amz-Content-Sha256=UNSIGNED-PAYLOAD&X-Amz-Credential=AKIA45B7YWBX5HAZMGOU%2F20260223%2Feu-west-1%2Fs3%2Faws4_request&X-Amz-Date=20260223T001137Z&X-Amz-Expires=604800&X-Amz-Signature=02106d673567d1c159f02d511f0862c26e348648500dec59b2621c49adfee9f5&X-Amz-SignedHeaders=host&response-content-disposition=attachment%3B%20filename%3D8e7e0844-1cb6-0873-e1ed-49b6b351a09c.flac&x-id=GetObject,0.234430507,24261
WW2am-2021-06-17_08-40.flac,2021 Willey Wetlands 2,2021,6,17,8,40,sp22,Simple Call,16.21333313,17.41866684,2625,7219,24000,present,https://rfcx-streams-production.s3.eu-west-1.amazonaws.com/2021/06/17/kxu02nktl751/59576973-9fe7-2c90-8e44-e6faca2d3bc7.flac?X-Amz-Algorithm=AWS4-HMAC-SHA256&X-Amz-Content-Sha256=UNSIGNED-PAYLOAD&X-Amz-Credential=AKIA45B7YWBX5HAZMGOU%2F20260223%2Feu-west-1%2Fs3%2Faws4_request&X-Amz-Date=20260223T001137Z&X-Amz-Expires=604800&X-Amz-Signature=f8baba858a5c4cd4738d3fee64e64c134960e4b5c25769d325f3d6f9190f176d&X-Amz-SignedHeaders=host&response-content-disposition=attachment%3B%20filename%3D59576973-9fe7-2c90-8e44-e6faca2d3bc7.flac&x-id=GetObject,0.240425482,24261
WW2am-2021-06-17_09-40.flac,2021 Willey Wetlands 2,2021,6,17,9,40,sp22,Simple Call,49.0719986,50.27733231,2625,7219,24000,present,https://rfcx-streams-production.s3.eu-west-1.amazonaws.com/2021/06/17/kxu02nktl751/1e0aedde-a8d0-05ea-efc7-1d90e1473af2.flac?X-Amz-Algorithm=AWS4-HMAC-SHA256&X-Amz-Content-Sha256=UNSIGNED-PAYLOAD&X-Amz-Credential=AKIA45B7YWBX5HAZMGOU%2F20260223%2Feu-west-1%2Fs3%2Faws4_request&X-Amz-Date=20260223T001137Z&X-Amz-Expires=604800&X-Amz-Signature=17cd2a795161a9730e3926627fa4e5928342a47bf6496a1bf0cc17a8e7e16033&X-Amz-SignedHeaders=host&response-content-disposition=attachment%3B%20filename%3D1e0aedde-a8d0-05ea-efc7-1d90e1473af2.flac&x-id=GetObject,0.274285465,24261
WW2am-2021-06-17_10-00.flac,2021 Willey Wetlands 2,2021,6,17,10,0,sp22,Simple Call,51.33866501,52.54399872,2625,7219,24000,present,https://rfcx-streams-production.s3.eu-west-1.amazonaws.com/2021/06/17/kxu02nktl751/c2b8c9a7-882f-29f8-5e41-69596ff765dd.flac?X-Amz-Algorithm=AWS4-HMAC-SHA256&X-Amz-Content-Sha256=UNSIGNED-PAYLOAD&X-Amz-Credential=AKIA45B7YWBX5HAZMGOU%2F20260223%2Feu-west-1%2Fs3%2Faws4_request&X-Amz-Date=20260223T001137Z&X-Amz-Expires=604800&X-Amz-Signature=a6f1be0841736822ecec8284aaa9b216a6d2053ec372e3da991034e331b980d5&X-Amz-SignedHeaders=host&response-content-disposition=attachment%3B%20filename%3Dc2b8c9a7-882f-29f8-5e41-69596ff765dd.flac&x-id=GetObject,0.259644359,24261
WW2am-2021-06-17_10-20.flac,2021 Willey Wetlands 2,2021,6,17,10,20,sp22,Simple Call,40.79999924,42.00533295,2625,7219,24000,present,https://rfcx-streams-production.s3.eu-west-1.amazonaws.com/2021/06/17/kxu02nktl751/bf7dd36c-0219-83ef-4d14-6ff50c586a58.flac?X-Amz-Algorithm=AWS4-HMAC-SHA256&X-Amz-Content-Sha256=UNSIGNED-PAYLOAD&X-Amz-Credential=AKIA45B7YWBX5HAZMGOU%2F20260223%2Feu-west-1%2Fs3%2Faws4_request&X-Amz-Date=20260223T001137Z&X-Amz-Expires=604800&X-Amz-Signature=f20c4effafec9b30b397c576daaea31b5187a03afce45441eba9eda4d81f139f&X-Amz-SignedHeaders=host&response-content-disposition=attachment%3B%20filename%3Dbf7dd36c-0219-83ef-4d14-6ff50c586a58.flac&x-id=GetObject,0.255284429,24261
WW2am-2021-06-17_10-40.flac,2021 Willey Wetlands 2,2021,6,17,10,40,sp22,Simple Call,58.71466827,59.91999817,2625,7219,24000,present,https://rfcx-streams-production.s3.eu-west-1.amazonaws.com/2021/06/17/kxu02nktl751/464f670f-38fb-fbee-6078-f7352f472330.flac?X-Amz-Algorithm=AWS4-HMAC-SHA256&X-Amz-Content-Sha256=UNSIGNED-PAYLOAD&X-Amz-Credential=AKIA45B7YWBX5HAZMGOU%2F20260223%2Feu-west-1%2Fs3%2Faws4_request&X-Amz-Date=20260223T001137Z&X-Amz-Expires=604800&X-Amz-Signature=566249d8bfefc323db35fe9163487185c8035aad068579ca2869f5c0e91b6c15&X-Amz-SignedHeaders=host&response-content-disposition=attachment%3B%20filename%3D464f670f-38fb-fbee-6078-f7352f472330.flac&x-id=GetObject,0.241789401,24261
WW2am-2021-06-17_11-00.flac,2021 Willey Wetlands 2,2021,6,17,11,0,sp22,Simple Call,51.02933502,52.23466492,2625,7219,24000,present,https://rfcx-streams-production.s3.eu-west-1.amazonaws.com/2021/06/17/kxu02nktl751/942980c0-b71a-113d-533e-aad417badbf3.flac?X-Amz-Algorithm=AWS4-HMAC-SHA256&X-Amz-Content-Sha256=UNSIGNED-PAYLOAD&X-Amz-Credential=AKIA45B7YWBX5HAZMGOU%2F20260223%2Feu-west-1%2Fs3%2Faws4_request&X-Amz-Date=20260223T001137Z&X-Amz-Expires=604800&X-Amz-Signature=874595f8d8a04d29295189e53ee67c64375ece60be48a6d18dd4e1790e353bf3&X-Amz-SignedHeaders=host&response-content-disposition=attachment%3B%20filename%3D942980c0-b71a-113d-533e-aad417badbf3.flac&x-id=GetObject,0.343862981,24261
WW2am-2021-06-17_11-40.flac,2021 Willey Wetlands 2,2021,6,17,11,40,sp22,Simple Call,27.46666718,28.67200089,2625,7219,24000,present,https://rfcx-streams-production.s3.eu-west-1.amazonaws.com/2021/06/17/kxu02nktl751/1ec29760-04ba-04df-b106-0cacc8c88e95.flac?X-Amz-Algorithm=AWS4-HMAC-SHA256&X-Amz-Content-Sha256=UNSIGNED-PAYLOAD&X-Amz-Credential=AKIA45B7YWBX5HAZMGOU%2F20260223%2Feu-west-1%2Fs3%2Faws4_request&X-Amz-Date=20260223T001137Z&X-Amz-Expires=604800&X-Amz-Signature=a7a80a6a9712f18c3cb58f070384babfe7e0bd3b3343ad69ca963030673e22a9&X-Amz-SignedHeaders=host&response-content-disposition=attachment%3B%20filename%3D1ec29760-04ba-04df-b106-0cacc8c88e95.flac&x-id=GetObject,0.352466106,24261
WW2am-2021-06-17_12-00.flac,2021 Willey Wetlands 2,2021,6,17,12,0,sp22,Simple Call,17.67466736,18.87999916,2625,7219,24000,present,https://rfcx-streams-production.s3.eu-west-1.amazonaws.com/2021/06/17/kxu02nktl751/96a09101-e4b2-c15d-2bd3-4c52f5fc6821.flac?X-Amz-Algorithm=AWS4-HMAC-SHA256&X-Amz-Content-Sha256=UNSIGNED-PAYLOAD&X-Amz-Credential=AKIA45B7YWBX5HAZMGOU%2F20260223%2Feu-west-1%2Fs3%2Faws4_request&X-Amz-Date=20260223T001137Z&X-Amz-Expires=604800&X-Amz-Signature=3ff7bc92bca4f16ef9f0d16f44732f12cd8600ebb0995f3dbee8fc3ba6339612&X-Amz-SignedHeaders=host&response-content-disposition=attachment%3B%20filename%3D96a09101-e4b2-c15d-2bd3-4c52f5fc6821.flac&x-id=GetObject,0.233937666,24261
WW2am-2021-06-17_12-20.flac,2021 Willey Wetlands 2,2021,6,17,12,20,sp22,Simple Call,41.81866837,43.02399826,2625,7219,24000,present,https://rfcx-streams-production.s3.eu-west-1.amazonaws.com/2021/06/17/kxu02nktl751/bc8eb7f1-539c-3e32-0140-883363133a4a.flac?X-Amz-Algorithm=AWS4-HMAC-SHA256&X-Amz-Content-Sha256=UNSIGNED-PAYLOAD&X-Amz-Credential=AKIA45B7YWBX5HAZMGOU%2F20260223%2Feu-west-1%2Fs3%2Faws4_request&X-Amz-Date=20260223T001137Z&X-Amz-Expires=604800&X-Amz-Signature=e1709424d0a9b2984f2188e06eef7ad0cf4bf17c73357b8662905eade8dd4fdc&X-Amz-SignedHeaders=host&response-content-disposition=attachment%3B%20filename%3Dbc8eb7f1-539c-3e32-0140-883363133a4a.flac&x-id=GetObject,0.218484253,24261
WW2am-2021-06-17_12-40.flac,2021 Willey Wetlands 2,2021,6,17,12,40,sp22,Simple Call,57.21066666,58.41600037,2625,7219,24000,present,https://rfcx-streams-production.s3.eu-west-1.amazonaws.com/2021/06/17/kxu02nktl751/0e29722a-b51f-44c0-ca71-85f7d5be2877.flac?X-Amz-Algorithm=AWS4-HMAC-SHA256&X-Amz-Content-Sha256=UNSIGNED-PAYLOAD&X-Amz-Credential=AKIA45B7YWBX5HAZMGOU%2F20260223%2Feu-west-1%2Fs3%2Faws4_request&X-Amz-Date=20260223T001137Z&X-Amz-Expires=604800&X-Amz-Signature=b8f269a590ac747011715789be59f0b1b15bd70508e0416cd0a8a6803d15d9c5&X-Amz-SignedHeaders=host&response-content-disposition=attachment%3B%20filename%3D0e29722a-b51f-44c0-ca71-85f7d5be2877.flac&x-id=GetObject,0.250005782,24261
WW2am-2021-06-17_13-00.flac,2021 Willey Wetlands 2,2021,6,17,13,0,sp22,Simple Call,0.400000006,1.605333328,2625,7219,24000,present,https://rfcx-streams-production.s3.eu-west-1.amazonaws.com/2021/06/17/kxu02nktl751/043394f0-a373-eacb-c807-b77ff49ebef9.flac?X-Amz-Algorithm=AWS4-HMAC-SHA256&X-Amz-Content-Sha256=UNSIGNED-PAYLOAD&X-Amz-Credential=AKIA45B7YWBX5HAZMGOU%2F20260223%2Feu-west-1%2Fs3%2Faws4_request&X-Amz-Date=20260223T001137Z&X-Amz-Expires=604800&X-Amz-Signature=733ea797ddf1c353648975bdf74491cbbea03edfe14ed1d7ebe0ac5f06c4d6e2&X-Amz-SignedHeaders=host&response-content-disposition=attachment%3B%20filename%3D043394f0-a373-eacb-c807-b77ff49ebef9.flac&x-id=GetObject,0.230877966,24261
WW2am-2021-06-17_13-20.flac,2021 Willey Wetlands 2,2021,6,17,13,20,sp22,Simple Call,56.58133316,57.78666687,2625,7219,24000,present,https://rfcx-streams-production.s3.eu-west-1.amazonaws.com/2021/06/17/kxu02nktl751/5f4db966-e9b9-a93c-3c36-88099e8ab9e3.flac?X-Amz-Algorithm=AWS4-HMAC-SHA256&X-Amz-Content-Sha256=UNSIGNED-PAYLOAD&X-Amz-Credential=AKIA45B7YWBX5HAZMGOU%2F20260223%2Feu-west-1%2Fs3%2Faws4_request&X-Amz-Date=20260223T001137Z&X-Amz-Expires=604800&X-Amz-Signature=cf570eb644f41f3a0e4277649d965e785de750f62071f28b718656121b1f0ecc&X-Amz-SignedHeaders=host&response-content-disposition=attachment%3B%20filename%3D5f4db966-e9b9-a93c-3c36-88099e8ab9e3.flac&x-id=GetObject,0.203476921,24261
WW2am-2021-06-17_13-40.flac,2021 Willey Wetlands 2,2021,6,17,13,40,sp22,Simple Call,8.101333618,9.306666374,2625,7219,24000,present,https://rfcx-streams-production.s3.eu-west-1.amazonaws.com/2021/06/17/kxu02nktl751/a202928e-f111-d0a7-68af-d805f55c3413.flac?X-Amz-Algorithm=AWS4-HMAC-SHA256&X-Amz-Content-Sha256=UNSIGNED-PAYLOAD&X-Amz-Credential=AKIA45B7YWBX5HAZMGOU%2F20260223%2Feu-west-1%2Fs3%2Faws4_request&X-Amz-Date=20260223T001137Z&X-Amz-Expires=604800&X-Amz-Signature=812ebb9164d9ecf15c8ebd599ef006103b8342c6726aeedd1e0c5912ae636d78&X-Amz-SignedHeaders=host&response-content-disposition=attachment%3B%20filename%3Da202928e-f111-d0a7-68af-d805f55c3413.flac&x-id=GetObject,0.301701158,24261
WW2am-2021-06-17_14-20.flac,2021 Willey Wetlands 2,2021,6,17,14,20,sp22,Simple Call,38.23466492,39.43999863,2625,7219,24000,present,https://rfcx-streams-production.s3.eu-west-1.amazonaws.com/2021/06/17/kxu02nktl751/b5acc705-1f84-60f8-6f30-859e3920c26e.flac?X-Amz-Algorithm=AWS4-HMAC-SHA256&X-Amz-Content-Sha256=UNSIGNED-PAYLOAD&X-Amz-Credential=AKIA45B7YWBX5HAZMGOU%2F20260223%2Feu-west-1%2Fs3%2Faws4_request&X-Amz-Date=20260223T001137Z&X-Amz-Expires=604800&X-Amz-Signature=755c7abd1b80fc6426ea38bd2bbf49013afb8d52aa9eccecc01ecb076a2e3f8f&X-Amz-SignedHeaders=host&response-content-disposition=attachment%3B%20filename%3Db5acc705-1f84-60f8-6f30-859e3920c26e.flac&x-id=GetObject,0.270960689,24261
WW2am-2021-06-17_14-40.flac,2021 Willey Wetlands 2,2021,6,17,14,40,sp22,Simple Call,19.72800064,20.93333244,2625,7219,24000,present,https://rfcx-streams-production.s3.eu-west-1.amazonaws.com/2021/06/17/kxu02nktl751/4d179cbb-77a7-24db-7903-35021ec0b002.flac?X-Amz-Algorithm=AWS4-HMAC-SHA256&X-Amz-Content-Sha256=UNSIGNED-PAYLOAD&X-Amz-Credential=AKIA45B7YWBX5HAZMGOU%2F20260223%2Feu-west-1%2Fs3%2Faws4_request&X-Amz-Date=20260223T001137Z&X-Amz-Expires=604800&X-Amz-Signature=e073f4afb01c2d12a862738fbff0be7ab2dbcf42a9f5f43e89a826b6130bbc32&X-Amz-SignedHeaders=host&response-content-disposition=attachment%3B%20filename%3D4d179cbb-77a7-24db-7903-35021ec0b002.flac&x-id=GetObject,0.290844858,24261
WW2am-2021-06-17_15-00.flac,2021 Willey Wetlands 2,2021,6,17,15,0,sp22,Simple Call,11.3920002,12.59733295,2625,7219,24000,present,https://rfcx-streams-production.s3.eu-west-1.amazonaws.com/2021/06/17/kxu02nktl751/8be0c327-058c-f45a-1120-d4972b608f22.flac?X-Amz-Algorithm=AWS4-HMAC-SHA256&X-Amz-Content-Sha256=UNSIGNED-PAYLOAD&X-Amz-Credential=AKIA45B7YWBX5HAZMGOU%2F20260223%2Feu-west-1%2Fs3%2Faws4_request&X-Amz-Date=20260223T001137Z&X-Amz-Expires=604800&X-Amz-Signature=e146773d7b63ef41946421c61ddb1e930bb3db4e81cc984fc0a9fb66eac9ce30&X-Amz-SignedHeaders=host&response-content-disposition=attachment%3B%20filename%3D8be0c327-058c-f45a-1120-d4972b608f22.flac&x-id=GetObject,0.26523909,24261
WW2am-2021-06-17_15-20.flac,2021 Willey Wetlands 2,2021,6,17,15,20,sp22,Simple Call,5.696000099,6.901333332,2625,7219,24000,present,https://rfcx-streams-production.s3.eu-west-1.amazonaws.com/2021/06/17/kxu02nktl751/ada8c9f8-74e9-f64d-a2ba-bc9e62fd1be1.flac?X-Amz-Algorithm=AWS4-HMAC-SHA256&X-Amz-Content-Sha256=UNSIGNED-PAYLOAD&X-Amz-Credential=AKIA45B7YWBX5HAZMGOU%2F20260223%2Feu-west-1%2Fs3%2Faws4_request&X-Amz-Date=20260223T001137Z&X-Amz-Expires=604800&X-Amz-Signature=26d209754e3fb0b617d403e3483253d5f10a7eba77e249e6ca7e1f4dea698fb9&X-Amz-SignedHeaders=host&response-content-disposition=attachment%3B%20filename%3Dada8c9f8-74e9-f64d-a2ba-bc9e62fd1be1.flac&x-id=GetObject,0.352787018,24261
WW2am-2021-06-17_15-40.flac,2021 Willey Wetlands 2,2021,6,17,15,40,sp22,Simple Call,25.49866676,26.70400047,2625,7219,24000,present,https://rfcx-streams-production.s3.eu-west-1.amazonaws.com/2021/06/17/kxu02nktl751/a9e4f209-2d78-d208-da39-ce724699a7ff.flac?X-Amz-Algorithm=AWS4-HMAC-SHA256&X-Amz-Content-Sha256=UNSIGNED-PAYLOAD&X-Amz-Credential=AKIA45B7YWBX5HAZMGOU%2F20260223%2Feu-west-1%2Fs3%2Faws4_request&X-Amz-Date=20260223T001137Z&X-Amz-Expires=604800&X-Amz-Signature=752468315f31fb7e40de031a969dbaa50c8152fc16c7342e905ccc18306efbe0&X-Amz-SignedHeaders=host&response-content-disposition=attachment%3B%20filename%3Da9e4f209-2d78-d208-da39-ce724699a7ff.flac&x-id=GetObject,0.232393846,24261
WW2am-2021-06-17_16-00.flac,2021 Willey Wetlands 2,2021,6,17,16,0,sp22,Simple Call,56.85333252,58.05866623,2625,7219,24000,present,https://rfcx-streams-production.s3.eu-west-1.amazonaws.com/2021/06/17/kxu02nktl751/90464f27-122c-54e0-e4af-312ff02691b0.flac?X-Amz-Algorithm=AWS4-HMAC-SHA256&X-Amz-Content-Sha256=UNSIGNED-PAYLOAD&X-Amz-Credential=AKIA45B7YWBX5HAZMGOU%2F20260223%2Feu-west-1%2Fs3%2Faws4_request&X-Amz-Date=20260223T001137Z&X-Amz-Expires=604800&X-Amz-Signature=59f4748ac002215251a4897078d07a635d12f18cfdc7e4fcce07c1ec1ab3ef83&X-Amz-SignedHeaders=host&response-content-disposition=attachment%3B%20filename%3D90464f27-122c-54e0-e4af-312ff02691b0.flac&x-id=GetObject,0.35813725,24261
WW2am-2021-06-17_16-40.flac,2021 Willey Wetlands 2,2021,6,17,16,40,sp22,Simple Call,31.65866661,32.86399841,2625,7219,24000,present,https://rfcx-streams-production.s3.eu-west-1.amazonaws.com/2021/06/17/kxu02nktl751/b8e27be2-9deb-64c1-6f74-6bc94bd97388.flac?X-Amz-Algorithm=AWS4-HMAC-SHA256&X-Amz-Content-Sha256=UNSIGNED-PAYLOAD&X-Amz-Credential=AKIA45B7YWBX5HAZMGOU%2F20260223%2Feu-west-1%2Fs3%2Faws4_request&X-Amz-Date=20260223T001137Z&X-Amz-Expires=604800&X-Amz-Signature=6028477b48c4b5731dbf735d4ab43b15d818d1dae347fd1f88c0dbd17994c2b4&X-Amz-SignedHeaders=host&response-content-disposition=attachment%3B%20filename%3Db8e27be2-9deb-64c1-6f74-6bc94bd97388.flac&x-id=GetObject,0.301184267,24261
WW2am-2021-06-17_17-00.flac,2021 Willey Wetlands 2,2021,6,17,17,0,sp22,Simple Call,14.83199978,16.03733253,2625,7219,24000,present,https://rfcx-streams-production.s3.eu-west-1.amazonaws.com/2021/06/17/kxu02nktl751/62266440-7ab4-8f40-529c-a8657a1b853f.flac?X-Amz-Algorithm=AWS4-HMAC-SHA256&X-Amz-Content-Sha256=UNSIGNED-PAYLOAD&X-Amz-Credential=AKIA45B7YWBX5HAZMGOU%2F20260223%2Feu-west-1%2Fs3%2Faws4_request&X-Amz-Date=20260223T001137Z&X-Amz-Expires=604800&X-Amz-Signature=f998a504576fd088e0bd0d6d2b245d0ebe95b021a8bdf2b55d1526cc6ef42a3a&X-Amz-SignedHeaders=host&response-content-disposition=attachment%3B%20filename%3D62266440-7ab4-8f40-529c-a8657a1b853f.flac&x-id=GetObject,0.341625869,24261
WW2am-2021-06-17_17-20.flac,2021 Willey Wetlands 2,2021,6,17,17,20,sp22,Simple Call,1.477333307,2.682666779,2625,7219,24000,present,https://rfcx-streams-production.s3.eu-west-1.amazonaws.com/2021/06/17/kxu02nktl751/662f444c-cb4e-9953-7f87-1acb7b3b3cda.flac?X-Amz-Algorithm=AWS4-HMAC-SHA256&X-Amz-Content-Sha256=UNSIGNED-PAYLOAD&X-Amz-Credential=AKIA45B7YWBX5HAZMGOU%2F20260223%2Feu-west-1%2Fs3%2Faws4_request&X-Amz-Date=20260223T001137Z&X-Amz-Expires=604800&X-Amz-Signature=9b482b8dffd507dfc3f9e7e6632f1dbee15e72586daa36428a86e3999d157d4f&X-Amz-SignedHeaders=host&response-content-disposition=attachment%3B%20filename%3D662f444c-cb4e-9953-7f87-1acb7b3b3cda.flac&x-id=GetObject,0.285108715,24261
WW2am-2021-06-17_17-40.flac,2021 Willey Wetlands 2,2021,6,17,17,40,sp22,Simple Call,4.768000126,5.973333359,2625,7219,24000,present,https://rfcx-streams-production.s3.eu-west-1.amazonaws.com/2021/06/17/kxu02nktl751/6b085ae7-87da-e4ef-5bb6-51e1c8374adc.flac?X-Amz-Algorithm=AWS4-HMAC-SHA256&X-Amz-Content-Sha256=UNSIGNED-PAYLOAD&X-Amz-Credential=AKIA45B7YWBX5HAZMGOU%2F20260223%2Feu-west-1%2Fs3%2Faws4_request&X-Amz-Date=20260223T001137Z&X-Amz-Expires=604800&X-Amz-Signature=d972d8d2b67c05193a1045f75b8ad41d83c93c1575cf72a5e9ee1c50618aac55&X-Amz-SignedHeaders=host&response-content-disposition=attachment%3B%20filename%3D6b085ae7-87da-e4ef-5bb6-51e1c8374adc.flac&x-id=GetObject,0.315268993,24261
WW2am-2021-06-17_20-00.flac,2021 Willey Wetlands 2,2021,6,17,20,0,sp22,Simple Call,7.328000069,8.533333778,2625,7219,24000,present,https://rfcx-streams-production.s3.eu-west-1.amazonaws.com/2021/06/17/kxu02nktl751/b9d3858e-bf84-7902-7586-944bc5789fc4.flac?X-Amz-Algorithm=AWS4-HMAC-SHA256&X-Amz-Content-Sha256=UNSIGNED-PAYLOAD&X-Amz-Credential=AKIA45B7YWBX5HAZMGOU%2F20260223%2Feu-west-1%2Fs3%2Faws4_request&X-Amz-Date=20260223T001137Z&X-Amz-Expires=604800&X-Amz-Signature=451154bba126ad17ce1e8847af05452cd9d8a995f7dc77159090bb9ea63a7601&X-Amz-SignedHeaders=host&response-content-disposition=attachment%3B%20filename%3Db9d3858e-bf84-7902-7586-944bc5789fc4.flac&x-id=GetObject,0.213908017,24261
WW2am-2021-06-18_05-40.flac,2021 Willey Wetlands 2,2021,6,18,5,40,sp22,Simple Call,20.96533394,22.17066574,2625,7219,24000,present,https://rfcx-streams-production.s3.eu-west-1.amazonaws.com/2021/06/17/kxu02nktl751/b82ad707-e81d-1086-4d2c-784ad46de2d2.flac?X-Amz-Algorithm=AWS4-HMAC-SHA256&X-Amz-Content-Sha256=UNSIGNED-PAYLOAD&X-Amz-Credential=AKIA45B7YWBX5HAZMGOU%2F20260223%2Feu-west-1%2Fs3%2Faws4_request&X-Amz-Date=20260223T001138Z&X-Amz-Expires=604800&X-Amz-Signature=d3c087160e659151fd887b347c54ef81037d764740cab6c29f21cf8c9b50b8d4&X-Amz-SignedHeaders=host&response-content-disposition=attachment%3B%20filename%3Db82ad707-e81d-1086-4d2c-784ad46de2d2.flac&x-id=GetObject,0.232877076,24261
WW2am-2021-06-18_06-00.flac,2021 Willey Wetlands 2,2021,6,18,6,0,sp22,Simple Call,21.72800064,22.93333244,2625,7219,24000,present,https://rfcx-streams-production.s3.eu-west-1.amazonaws.com/2021/06/17/kxu02nktl751/5d5b054a-e2fe-2b0f-11e8-ed4966016bd7.flac?X-Amz-Algorithm=AWS4-HMAC-SHA256&X-Amz-Content-Sha256=UNSIGNED-PAYLOAD&X-Amz-Credential=AKIA45B7YWBX5HAZMGOU%2F20260223%2Feu-west-1%2Fs3%2Faws4_request&X-Amz-Date=20260223T001138Z&X-Amz-Expires=604800&X-Amz-Signature=8cdf22b1c49f43dcbea000b0dcd1ba5450a76b882f6b953a7be9d61f054c648c&X-Amz-SignedHeaders=host&response-content-disposition=attachment%3B%20filename%3D5d5b054a-e2fe-2b0f-11e8-ed4966016bd7.flac&x-id=GetObject,0.215847328,24261
WW2am-2021-06-18_06-40.flac,2021 Willey Wetlands 2,2021,6,18,6,40,sp22,Simple Call,3.96266675,5.168000221,2625,7219,24000,present,https://rfcx-streams-production.s3.eu-west-1.amazonaws.com/2021/06/17/kxu02nktl751/61b0eef4-3057-687c-1888-ce3e52e13d90.flac?X-Amz-Algorithm=AWS4-HMAC-SHA256&X-Amz-Content-Sha256=UNSIGNED-PAYLOAD&X-Amz-Credential=AKIA45B7YWBX5HAZMGOU%2F20260223%2Feu-west-1%2Fs3%2Faws4_request&X-Amz-Date=20260223T001138Z&X-Amz-Expires=604800&X-Amz-Signature=0f6dce74ad642f5dab7affce13c7568a0f6ffd83627378e83163b35932d158c5&X-Amz-SignedHeaders=host&response-content-disposition=attachment%3B%20filename%3D61b0eef4-3057-687c-1888-ce3e52e13d90.flac&x-id=GetObject,0.234834939,24261
WW2am-2021-06-18_07-20.flac,2021 Willey Wetlands 2,2021,6,18,7,20,sp22,Simple Call,43.56800079,44.7733345,2625,7219,24000,present,https://rfcx-streams-production.s3.eu-west-1.amazonaws.com/2021/06/18/kxu02nktl751/1cd70783-c62b-4543-d9cb-d62d7d492ced.flac?X-Amz-Algorithm=AWS4-HMAC-SHA256&X-Amz-Content-Sha256=UNSIGNED-PAYLOAD&X-Amz-Credential=AKIA45B7YWBX5HAZMGOU%2F20260223%2Feu-west-1%2Fs3%2Faws4_request&X-Amz-Date=20260223T001138Z&X-Amz-Expires=604800&X-Amz-Signature=bbcc622e3196884ea3deb4e3c226c828afa4e3a4bcc1546c90a7cc4e8901f0e2&X-Amz-SignedHeaders=host&response-content-disposition=attachment%3B%20filename%3D1cd70783-c62b-4543-d9cb-d62d7d492ced.flac&x-id=GetObject,0.203258052,24261
WW2am-2021-06-18_07-40.flac,2021 Willey Wetlands 2,2021,6,18,7,40,sp22,Simple Call,47.73866653,48.94400024,2625,7219,24000,present,https://rfcx-streams-production.s3.eu-west-1.amazonaws.com/2021/06/18/kxu02nktl751/27c9d25f-ac00-20c0-a693-2ae9a971f1c9.flac?X-Amz-Algorithm=AWS4-HMAC-SHA256&X-Amz-Content-Sha256=UNSIGNED-PAYLOAD&X-Amz-Credential=AKIA45B7YWBX5HAZMGOU%2F20260223%2Feu-west-1%2Fs3%2Faws4_request&X-Amz-Date=20260223T001138Z&X-Amz-Expires=604800&X-Amz-Signature=ae7d12f38ce21d9574181fdb2a9a3e64c5b57d88b968e8507d7cc3b7630586e5&X-Amz-SignedHeaders=host&response-content-disposition=attachment%3B%20filename%3D27c9d25f-ac00-20c0-a693-2ae9a971f1c9.flac&x-id=GetObject,0.287526608,24261
WW2am-2021-06-18_08-20.flac,2021 Willey Wetlands 2,2021,6,18,8,20,sp22,Simple Call,50.22399902,51.42933273,2625,7219,24000,present,https://rfcx-streams-production.s3.eu-west-1.amazonaws.com/2021/06/18/kxu02nktl751/ca8bb2af-b6ff-7b0a-2ce2-b9811ddeca4d.flac?X-Amz-Algorithm=AWS4-HMAC-SHA256&X-Amz-Content-Sha256=UNSIGNED-PAYLOAD&X-Amz-Credential=AKIA45B7YWBX5HAZMGOU%2F20260223%2Feu-west-1%2Fs3%2Faws4_request&X-Amz-Date=20260223T001138Z&X-Amz-Expires=604800&X-Amz-Signature=e1455988c3fc24199616e0a5351a883cca87457e812a0641d6f439cb7eafb800&X-Amz-SignedHeaders=host&response-content-disposition=attachment%3B%20filename%3Dca8bb2af-b6ff-7b0a-2ce2-b9811ddeca4d.flac&x-id=GetObject,0.322191328,24261
WW2am-2021-06-18_11-00.flac,2021 Willey Wetlands 2,2021,6,18,11,0,sp22,Simple Call,50.87466812,52.08000183,2625,7219,24000,present,https://rfcx-streams-production.s3.eu-west-1.amazonaws.com/2021/06/18/kxu02nktl751/f56731bb-5565-97a0-c54c-7920bf00bcc8.flac?X-Amz-Algorithm=AWS4-HMAC-SHA256&X-Amz-Content-Sha256=UNSIGNED-PAYLOAD&X-Amz-Credential=AKIA45B7YWBX5HAZMGOU%2F20260223%2Feu-west-1%2Fs3%2Faws4_request&X-Amz-Date=20260223T001138Z&X-Amz-Expires=604800&X-Amz-Signature=5f2fc95a2827fcd06a5d70c956ecb9b88a0b0f558512e650a0c9aa7564f0cea6&X-Amz-SignedHeaders=host&response-content-disposition=attachment%3B%20filename%3Df56731bb-5565-97a0-c54c-7920bf00bcc8.flac&x-id=GetObject,0.262502789,24261
WW2am-2021-06-18_11-20.flac,2021 Willey Wetlands 2,2021,6,18,11,20,sp22,Simple Call,22.75200081,23.95733261,2625,7219,24000,present,https://rfcx-streams-production.s3.eu-west-1.amazonaws.com/2021/06/18/kxu02nktl751/bb1de28a-7f5c-3629-235d-863f5efac350.flac?X-Amz-Algorithm=AWS4-HMAC-SHA256&X-Amz-Content-Sha256=UNSIGNED-PAYLOAD&X-Amz-Credential=AKIA45B7YWBX5HAZMGOU%2F20260223%2Feu-west-1%2Fs3%2Faws4_request&X-Amz-Date=20260223T001138Z&X-Amz-Expires=604800&X-Amz-Signature=81f35ba50219c4a72e7b3d853882f0be2ffaab694648b1a671a594a858b9e63e&X-Amz-SignedHeaders=host&response-content-disposition=attachment%3B%20filename%3Dbb1de28a-7f5c-3629-235d-863f5efac350.flac&x-id=GetObject,0.251190186,24261
WW2am-2021-06-18_11-40.flac,2021 Willey Wetlands 2,2021,6,18,11,40,sp22,Simple Call,11.13066673,12.33600044,2625,7219,24000,present,https://rfcx-streams-production.s3.eu-west-1.amazonaws.com/2021/06/18/kxu02nktl751/de70ec36-6d36-67d5-0484-422f59991b8c.flac?X-Amz-Algorithm=AWS4-HMAC-SHA256&X-Amz-Content-Sha256=UNSIGNED-PAYLOAD&X-Amz-Credential=AKIA45B7YWBX5HAZMGOU%2F20260223%2Feu-west-1%2Fs3%2Faws4_request&X-Amz-Date=20260223T001138Z&X-Amz-Expires=604800&X-Amz-Signature=8b5f966d6f50bd2a4c82558fe6c2e0a60e0479e87c9eb86b00bcf67730169ad6&X-Amz-SignedHeaders=host&response-content-disposition=attachment%3B%20filename%3Dde70ec36-6d36-67d5-0484-422f59991b8c.flac&x-id=GetObject,0.243671045,24261
WW2am-2021-06-18_12-00.flac,2021 Willey Wetlands 2,2021,6,18,12,0,sp22,Simple Call,3.034666777,4.239999771,2625,7219,24000,present,https://rfcx-streams-production.s3.eu-west-1.amazonaws.com/2021/06/18/kxu02nktl751/d4b79505-7344-dd58-ad94-e20c42a5245a.flac?X-Amz-Algorithm=AWS4-HMAC-SHA256&X-Amz-Content-Sha256=UNSIGNED-PAYLOAD&X-Amz-Credential=AKIA45B7YWBX5HAZMGOU%2F20260223%2Feu-west-1%2Fs3%2Faws4_request&X-Amz-Date=20260223T001138Z&X-Amz-Expires=604800&X-Amz-Signature=065d052c83a39beddb49d200917921f62be2ba82c50a7d52b065e90733621459&X-Amz-SignedHeaders=host&response-content-disposition=attachment%3B%20filename%3Dd4b79505-7344-dd58-ad94-e20c42a5245a.flac&x-id=GetObject,0.268673569,24261
WW2am-2021-06-18_12-20.flac,2021 Willey Wetlands 2,2021,6,18,12,20,sp22,Simple Call,33.99466705,35.20000076,2625,7219,24000,present,https://rfcx-streams-production.s3.eu-west-1.amazonaws.com/2021/06/18/kxu02nktl751/5dbfcc8d-a532-408b-7981-07eb96e3ae88.flac?X-Amz-Algorithm=AWS4-HMAC-SHA256&X-Amz-Content-Sha256=UNSIGNED-PAYLOAD&X-Amz-Credential=AKIA45B7YWBX5HAZMGOU%2F20260223%2Feu-west-1%2Fs3%2Faws4_request&X-Amz-Date=20260223T001138Z&X-Amz-Expires=604800&X-Amz-Signature=aa47fcf348c3f54decbb61675de30ed116c4b19dcbd510aac72b01bcb2b4aea5&X-Amz-SignedHeaders=host&response-content-disposition=attachment%3B%20filename%3D5dbfcc8d-a532-408b-7981-07eb96e3ae88.flac&x-id=GetObject,0.241365433,24261
WW2am-2021-06-18_12-40.flac,2021 Willey Wetlands 2,2021,6,18,12,40,sp22,Simple Call,50.68799973,51.89333344,2625,7219,24000,present,https://rfcx-streams-production.s3.eu-west-1.amazonaws.com/2021/06/18/kxu02nktl751/b4a7bd48-91d3-acbb-6fd1-e1587de437e2.flac?X-Amz-Algorithm=AWS4-HMAC-SHA256&X-Amz-Content-Sha256=UNSIGNED-PAYLOAD&X-Amz-Credential=AKIA45B7YWBX5HAZMGOU%2F20260223%2Feu-west-1%2Fs3%2Faws4_request&X-Amz-Date=20260223T001138Z&X-Amz-Expires=604800&X-Amz-Signature=a1ead0fcef53de4e2aaf0a34abb001701a822dce844c41c5e16893cebfd546eb&X-Amz-SignedHeaders=host&response-content-disposition=attachment%3B%20filename%3Db4a7bd48-91d3-acbb-6fd1-e1587de437e2.flac&x-id=GetObject,0.262136728,24261
WW2am-2021-06-18_13-20.flac,2021 Willey Wetlands 2,2021,6,18,13,20,sp22,Simple Call,49.8133316,51.01866531,2625,7219,24000,present,https://rfcx-streams-production.s3.eu-west-1.amazonaws.com/2021/06/18/kxu02nktl751/bd02fded-205b-8c0b-15e1-b991b7d9ef94.flac?X-Amz-Algorithm=AWS4-HMAC-SHA256&X-Amz-Content-Sha256=UNSIGNED-PAYLOAD&X-Amz-Credential=AKIA45B7YWBX5HAZMGOU%2F20260223%2Feu-west-1%2Fs3%2Faws4_request&X-Amz-Date=20260223T001138Z&X-Amz-Expires=604800&X-Amz-Signature=9aedd71652c7df7fd5655ce59af366422acb76ff603438249a46403a09335f5a&X-Amz-SignedHeaders=host&response-content-disposition=attachment%3B%20filename%3Dbd02fded-205b-8c0b-15e1-b991b7d9ef94.flac&x-id=GetObject,0.253379107,24261
WW2am-2021-06-18_14-00.flac,2021 Willey Wetlands 2,2021,6,18,14,0,sp22,Simple Call,44.01066589,45.2159996,2625,7219,24000,present,https://rfcx-streams-production.s3.eu-west-1.amazonaws.com/2021/06/18/kxu02nktl751/ed0c7432-8bef-4fd1-c216-539dec9a00fd.flac?X-Amz-Algorithm=AWS4-HMAC-SHA256&X-Amz-Content-Sha256=UNSIGNED-PAYLOAD&X-Amz-Credential=AKIA45B7YWBX5HAZMGOU%2F20260223%2Feu-west-1%2Fs3%2Faws4_request&X-Amz-Date=20260223T001138Z&X-Amz-Expires=604800&X-Amz-Signature=d445d8e848695cb4a3f7f5617128c78e0289047685c633b449e8396d5dde317f&X-Amz-SignedHeaders=host&response-content-disposition=attachment%3B%20filename%3Ded0c7432-8bef-4fd1-c216-539dec9a00fd.flac&x-id=GetObject,0.265084952,24261
WW2am-2021-06-18_14-20.flac,2021 Willey Wetlands 2,2021,6,18,14,20,sp22,Simple Call,33.58933258,34.79466629,2625,7219,24000,present,https://rfcx-streams-production.s3.eu-west-1.amazonaws.com/2021/06/18/kxu02nktl751/bb6112ec-aa26-1702-4496-6346093d8796.flac?X-Amz-Algorithm=AWS4-HMAC-SHA256&X-Amz-Content-Sha256=UNSIGNED-PAYLOAD&X-Amz-Credential=AKIA45B7YWBX5HAZMGOU%2F20260223%2Feu-west-1%2Fs3%2Faws4_request&X-Amz-Date=20260223T001138Z&X-Amz-Expires=604800&X-Amz-Signature=83b22fa33c34ad02c1449ddbcc076ee12d5faea02a2af3c94b39b158b51f9590&X-Amz-SignedHeaders=host&response-content-disposition=attachment%3B%20filename%3Dbb6112ec-aa26-1702-4496-6346093d8796.flac&x-id=GetObject,0.299526632,24261
WW2am-2021-06-18_14-40.flac,2021 Willey Wetlands 2,2021,6,18,14,40,sp22,Simple Call,48.06933212,49.27466583,2625,7219,24000,present,https://rfcx-streams-production.s3.eu-west-1.amazonaws.com/2021/06/18/kxu02nktl751/27562bcc-2d0d-4a0e-0451-42da22c94cd3.flac?X-Amz-Algorithm=AWS4-HMAC-SHA256&X-Amz-Content-Sha256=UNSIGNED-PAYLOAD&X-Amz-Credential=AKIA45B7YWBX5HAZMGOU%2F20260223%2Feu-west-1%2Fs3%2Faws4_request&X-Amz-Date=20260223T001138Z&X-Amz-Expires=604800&X-Amz-Signature=4bf4f103c6d77ed0aa2c8594983c5db7148754b425d43bf5a529a2135a374408&X-Amz-SignedHeaders=host&response-content-disposition=attachment%3B%20filename%3D27562bcc-2d0d-4a0e-0451-42da22c94cd3.flac&x-id=GetObject,0.220849484,24261
WW2am-2021-06-18_15-00.flac,2021 Willey Wetlands 2,2021,6,18,15,0,sp22,Simple Call,31.68533325,32.89066696,2625,7219,24000,present,https://rfcx-streams-production.s3.eu-west-1.amazonaws.com/2021/06/18/kxu02nktl751/10ecde6a-0d3a-070d-388d-1534bed0cc76.flac?X-Amz-Algorithm=AWS4-HMAC-SHA256&X-Amz-Content-Sha256=UNSIGNED-PAYLOAD&X-Amz-Credential=AKIA45B7YWBX5HAZMGOU%2F20260223%2Feu-west-1%2Fs3%2Faws4_request&X-Amz-Date=20260223T001138Z&X-Amz-Expires=604800&X-Amz-Signature=a7896aab0fb3b1ccd4e917fa6c53a006a64c8ecd6279e5bcf167eb1145cbadb4&X-Amz-SignedHeaders=host&response-content-disposition=attachment%3B%20filename%3D10ecde6a-0d3a-070d-388d-1534bed0cc76.flac&x-id=GetObject,0.242374882,24261
WW2am-2021-06-18_15-20.flac,2021 Willey Wetlands 2,2021,6,18,15,20,sp22,Simple Call,25.5253334,26.73066711,2625,7219,24000,present,https://rfcx-streams-production.s3.eu-west-1.amazonaws.com/2021/06/18/kxu02nktl751/71cc713d-2b21-b348-a2fe-b3fdc7d45096.flac?X-Amz-Algorithm=AWS4-HMAC-SHA256&X-Amz-Content-Sha256=UNSIGNED-PAYLOAD&X-Amz-Credential=AKIA45B7YWBX5HAZMGOU%2F20260223%2Feu-west-1%2Fs3%2Faws4_request&X-Amz-Date=20260223T001138Z&X-Amz-Expires=604800&X-Amz-Signature=de1d4cca056827e3be332706957cd864e166a58761fb20abb914b514b24f8991&X-Amz-SignedHeaders=host&response-content-disposition=attachment%3B%20filename%3D71cc713d-2b21-b348-a2fe-b3fdc7d45096.flac&x-id=GetObject,0.304927766,24261
WW2am-2021-06-18_15-40.flac,2021 Willey Wetlands 2,2021,6,18,15,40,sp22,Simple Call,4.981333256,6.186666489,2625,7219,24000,present,https://rfcx-streams-production.s3.eu-west-1.amazonaws.com/2021/06/18/kxu02nktl751/ac3f0ad3-2608-36b4-b0f6-6ed3bd52f33e.flac?X-Amz-Algorithm=AWS4-HMAC-SHA256&X-Amz-Content-Sha256=UNSIGNED-PAYLOAD&X-Amz-Credential=AKIA45B7YWBX5HAZMGOU%2F20260223%2Feu-west-1%2Fs3%2Faws4_request&X-Amz-Date=20260223T001138Z&X-Amz-Expires=604800&X-Amz-Signature=07d048b4ffa79ca932776eda8f76f29d27c64280e11df31f1a5f81212fbf20e3&X-Amz-SignedHeaders=host&response-content-disposition=attachment%3B%20filename%3Dac3f0ad3-2608-36b4-b0f6-6ed3bd52f33e.flac&x-id=GetObject,0.263724864,24261
WW2am-2021-06-18_16-00.flac,2021 Willey Wetlands 2,2021,6,18,16,0,sp22,Simple Call,23.46666718,24.67200089,2625,7219,24000,present,https://rfcx-streams-production.s3.eu-west-1.amazonaws.com/2021/06/18/kxu02nktl751/f94a13a4-fab0-53bc-f7d4-47bf34b67779.flac?X-Amz-Algorithm=AWS4-HMAC-SHA256&X-Amz-Content-Sha256=UNSIGNED-PAYLOAD&X-Amz-Credential=AKIA45B7YWBX5HAZMGOU%2F20260223%2Feu-west-1%2Fs3%2Faws4_request&X-Amz-Date=20260223T001138Z&X-Amz-Expires=604800&X-Amz-Signature=7f503f030e8f98388a9c1e9a0c205e369941390f0eeddd123f07394d150a12be&X-Amz-SignedHeaders=host&response-content-disposition=attachment%3B%20filename%3Df94a13a4-fab0-53bc-f7d4-47bf34b67779.flac&x-id=GetObject,0.261760354,24261
WW2am-2021-06-18_16-20.flac,2021 Willey Wetlands 2,2021,6,18,16,20,sp22,Simple Call,5.386666775,6.592000008,2625,7219,24000,present,https://rfcx-streams-production.s3.eu-west-1.amazonaws.com/2021/06/18/kxu02nktl751/4b058ed9-c331-7b52-3092-8846f310b047.flac?X-Amz-Algorithm=AWS4-HMAC-SHA256&X-Amz-Content-Sha256=UNSIGNED-PAYLOAD&X-Amz-Credential=AKIA45B7YWBX5HAZMGOU%2F20260223%2Feu-west-1%2Fs3%2Faws4_request&X-Amz-Date=20260223T001138Z&X-Amz-Expires=604800&X-Amz-Signature=762c420622f59f03c7b341a66221d1842c212184fb380de0b4740bff90b79cfd&X-Amz-SignedHeaders=host&response-content-disposition=attachment%3B%20filename%3D4b058ed9-c331-7b52-3092-8846f310b047.flac&x-id=GetObject,0.263327152,24261
WW2am-2021-06-18_16-40.flac,2021 Willey Wetlands 2,2021,6,18,16,40,sp22,Simple Call,31.81866646,33.02399826,2625,7219,24000,present,https://rfcx-streams-production.s3.eu-west-1.amazonaws.com/2021/06/18/kxu02nktl751/b620880d-9a7a-08f9-77ec-341caa489022.flac?X-Amz-Algorithm=AWS4-HMAC-SHA256&X-Amz-Content-Sha256=UNSIGNED-PAYLOAD&X-Amz-Credential=AKIA45B7YWBX5HAZMGOU%2F20260223%2Feu-west-1%2Fs3%2Faws4_request&X-Amz-Date=20260223T001138Z&X-Amz-Expires=604800&X-Amz-Signature=f0ae2f11ff423e1d5436ed65cae72174cd1b9456dd62a3559f12e1f711542dc6&X-Amz-SignedHeaders=host&response-content-disposition=attachment%3B%20filename%3Db620880d-9a7a-08f9-77ec-341caa489022.flac&x-id=GetObject,0.231952995,24261
WW2am-2021-06-18_17-00.flac,2021 Willey Wetlands 2,2021,6,18,17,0,sp22,Simple Call,1.514666677,2.720000029,2625,7219,24000,present,https://rfcx-streams-production.s3.eu-west-1.amazonaws.com/2021/06/18/kxu02nktl751/6388db96-d893-3c67-657e-e40df864c045.flac?X-Amz-Algorithm=AWS4-HMAC-SHA256&X-Amz-Content-Sha256=UNSIGNED-PAYLOAD&X-Amz-Credential=AKIA45B7YWBX5HAZMGOU%2F20260223%2Feu-west-1%2Fs3%2Faws4_request&X-Amz-Date=20260223T001138Z&X-Amz-Expires=604800&X-Amz-Signature=afb74878bfc2937aea11702fd72fd8ec2a51d79bf9860f3761820dacbd78018d&X-Amz-SignedHeaders=host&response-content-disposition=attachment%3B%20filename%3D6388db96-d893-3c67-657e-e40df864c045.flac&x-id=GetObject,0.278434515,24261
WW2am-2021-06-18_17-20.flac,2021 Willey Wetlands 2,2021,6,18,17,20,sp22,Simple Call,30.22400093,31.42933273,2625,7219,24000,present,https://rfcx-streams-production.s3.eu-west-1.amazonaws.com/2021/06/18/kxu02nktl751/a1a341dc-2bcb-56b9-8315-323025cc0a5f.flac?X-Amz-Algorithm=AWS4-HMAC-SHA256&X-Amz-Content-Sha256=UNSIGNED-PAYLOAD&X-Amz-Credential=AKIA45B7YWBX5HAZMGOU%2F20260223%2Feu-west-1%2Fs3%2Faws4_request&X-Amz-Date=20260223T001138Z&X-Amz-Expires=604800&X-Amz-Signature=37be59a22cdf9b8897d329f10b60189987a48c344b61552728297e3502f0125e&X-Amz-SignedHeaders=host&response-content-disposition=attachment%3B%20filename%3Da1a341dc-2bcb-56b9-8315-323025cc0a5f.flac&x-id=GetObject,0.258718282,24261
WW2am-2021-06-18_17-40.flac,2021 Willey Wetlands 2,2021,6,18,17,40,sp22,Simple Call,24.68266678,25.88800049,2625,7219,24000,present,https://rfcx-streams-production.s3.eu-west-1.amazonaws.com/2021/06/18/kxu02nktl751/9ea50d0c-7d79-30a5-d01b-0361969e0726.flac?X-Amz-Algorithm=AWS4-HMAC-SHA256&X-Amz-Content-Sha256=UNSIGNED-PAYLOAD&X-Amz-Credential=AKIA45B7YWBX5HAZMGOU%2F20260223%2Feu-west-1%2Fs3%2Faws4_request&X-Amz-Date=20260223T001138Z&X-Amz-Expires=604800&X-Amz-Signature=70607015f75b59d48a501687a394bba61be7f1b9ee1ab26768f77988820718c5&X-Amz-SignedHeaders=host&response-content-disposition=attachment%3B%20filename%3D9ea50d0c-7d79-30a5-d01b-0361969e0726.flac&x-id=GetObject,0.209711,24261
WW2am-2021-06-18_18-00.flac,2021 Willey Wetlands 2,2021,6,18,18,0,sp22,Simple Call,58.4640007,59.66933441,2625,7219,24000,present,https://rfcx-streams-production.s3.eu-west-1.amazonaws.com/2021/06/18/kxu02nktl751/db6ac03b-5e35-abee-ff03-84b3be385f41.flac?X-Amz-Algorithm=AWS4-HMAC-SHA256&X-Amz-Content-Sha256=UNSIGNED-PAYLOAD&X-Amz-Credential=AKIA45B7YWBX5HAZMGOU%2F20260223%2Feu-west-1%2Fs3%2Faws4_request&X-Amz-Date=20260223T001138Z&X-Amz-Expires=604800&X-Amz-Signature=ab94bffd55afe2c69cfd15268705a35e7d99d8acb757ace6351e7ef16cae8109&X-Amz-SignedHeaders=host&response-content-disposition=attachment%3B%20filename%3Ddb6ac03b-5e35-abee-ff03-84b3be385f41.flac&x-id=GetObject,0.25108695,24261
WW2am-2021-06-18_18-20.flac,2021 Willey Wetlands 2,2021,6,18,18,20,sp22,Simple Call,26.33600044,27.54133415,2625,7219,24000,present,https://rfcx-streams-production.s3.eu-west-1.amazonaws.com/2021/06/18/kxu02nktl751/1a8180dd-1a69-b37c-19c5-a907205c7825.flac?X-Amz-Algorithm=AWS4-HMAC-SHA256&X-Amz-Content-Sha256=UNSIGNED-PAYLOAD&X-Amz-Credential=AKIA45B7YWBX5HAZMGOU%2F20260223%2Feu-west-1%2Fs3%2Faws4_request&X-Amz-Date=20260223T001138Z&X-Amz-Expires=604800&X-Amz-Signature=82de1dcd11e84e7d1349dea16dd78b446161c7bdad0433b49bbfe5ec3f324e71&X-Amz-SignedHeaders=host&response-content-disposition=attachment%3B%20filename%3D1a8180dd-1a69-b37c-19c5-a907205c7825.flac&x-id=GetObject,0.242716596,24261
WW2am-2021-06-18_18-40.flac,2021 Willey Wetlands 2,2021,6,18,18,40,sp22,Simple Call,7.535999775,8.741333008,2625,7219,24000,present,https://rfcx-streams-production.s3.eu-west-1.amazonaws.com/2021/06/18/kxu02nktl751/a337d113-8a01-3440-9350-a31c931d7e27.flac?X-Amz-Algorithm=AWS4-HMAC-SHA256&X-Amz-Content-Sha256=UNSIGNED-PAYLOAD&X-Amz-Credential=AKIA45B7YWBX5HAZMGOU%2F20260223%2Feu-west-1%2Fs3%2Faws4_request&X-Amz-Date=20260223T001138Z&X-Amz-Expires=604800&X-Amz-Signature=b7c279a9c69815969f6859da0c66c4a9169768e863233e4f144d93b4c96cf419&X-Amz-SignedHeaders=host&response-content-disposition=attachment%3B%20filename%3Da337d113-8a01-3440-9350-a31c931d7e27.flac&x-id=GetObject,0.307918847,24261
WW2am-2021-06-18_19-00.flac,2021 Willey Wetlands 2,2021,6,18,19,0,sp22,Simple Call,10.18133354,11.3866663,2625,7219,24000,present,https://rfcx-streams-production.s3.eu-west-1.amazonaws.com/2021/06/18/kxu02nktl751/5e9df456-f8f4-27e0-f55b-d5e2db46c874.flac?X-Amz-Algorithm=AWS4-HMAC-SHA256&X-Amz-Content-Sha256=UNSIGNED-PAYLOAD&X-Amz-Credential=AKIA45B7YWBX5HAZMGOU%2F20260223%2Feu-west-1%2Fs3%2Faws4_request&X-Amz-Date=20260223T001138Z&X-Amz-Expires=604800&X-Amz-Signature=874a7199c4b7942d0ed758aab790a4d131c536e54120b8c7461e7d3ce870b060&X-Amz-SignedHeaders=host&response-content-disposition=attachment%3B%20filename%3D5e9df456-f8f4-27e0-f55b-d5e2db46c874.flac&x-id=GetObject,0.280946255,24261
WW2am-2021-06-18_19-20.flac,2021 Willey Wetlands 2,2021,6,18,19,20,sp22,Simple Call,42.34133148,43.54666519,2625,7219,24000,present,https://rfcx-streams-production.s3.eu-west-1.amazonaws.com/2021/06/18/kxu02nktl751/a62282f6-ef52-801c-6a6e-7f4ea7ee53c9.flac?X-Amz-Algorithm=AWS4-HMAC-SHA256&X-Amz-Content-Sha256=UNSIGNED-PAYLOAD&X-Amz-Credential=AKIA45B7YWBX5HAZMGOU%2F20260223%2Feu-west-1%2Fs3%2Faws4_request&X-Amz-Date=20260223T001138Z&X-Amz-Expires=604800&X-Amz-Signature=74320ec8dc803be1fd534707f304bb7a72a574e56179aa7e66816de36a0e9bd6&X-Amz-SignedHeaders=host&response-content-disposition=attachment%3B%20filename%3Da62282f6-ef52-801c-6a6e-7f4ea7ee53c9.flac&x-id=GetObject,0.257280976,24261
WW2am-2021-06-19_06-00.flac,2021 Willey Wetlands 2,2021,6,19,6,0,sp22,Simple Call,10.06933308,11.27466679,2625,7219,24000,present,https://rfcx-streams-production.s3.eu-west-1.amazonaws.com/2021/06/18/kxu02nktl751/865c1649-7d88-b91c-2647-0abc8a1c56ec.flac?X-Amz-Algorithm=AWS4-HMAC-SHA256&X-Amz-Content-Sha256=UNSIGNED-PAYLOAD&X-Amz-Credential=AKIA45B7YWBX5HAZMGOU%2F20260223%2Feu-west-1%2Fs3%2Faws4_request&X-Amz-Date=20260223T001138Z&X-Amz-Expires=604800&X-Amz-Signature=814c1645cdd91d115194fc5dcd0cb0425cf80b384273d9bc07519bd89047ac66&X-Amz-SignedHeaders=host&response-content-disposition=attachment%3B%20filename%3D865c1649-7d88-b91c-2647-0abc8a1c56ec.flac&x-id=GetObject,0.26321125,24261
WW2am-2021-06-19_09-00.flac,2021 Willey Wetlands 2,2021,6,19,9,0,sp22,Simple Call,54.67733383,55.88266754,2625,7219,24000,present,https://rfcx-streams-production.s3.eu-west-1.amazonaws.com/2021/06/19/kxu02nktl751/58e7b47c-e862-2e2b-0bd2-bef17a1a2c95.flac?X-Amz-Algorithm=AWS4-HMAC-SHA256&X-Amz-Content-Sha256=UNSIGNED-PAYLOAD&X-Amz-Credential=AKIA45B7YWBX5HAZMGOU%2F20260223%2Feu-west-1%2Fs3%2Faws4_request&X-Amz-Date=20260223T001138Z&X-Amz-Expires=604800&X-Amz-Signature=0755ddcb8f093ab345b2014becfcbeb30987201d34468e936d83dd6f3ec80b3b&X-Amz-SignedHeaders=host&response-content-disposition=attachment%3B%20filename%3D58e7b47c-e862-2e2b-0bd2-bef17a1a2c95.flac&x-id=GetObject,0.256225497,24261
WW2am-2021-06-19_09-40.flac,2021 Willey Wetlands 2,2021,6,19,9,40,sp22,Simple Call,43.75999832,44.96533203,2625,7219,24000,present,https://rfcx-streams-production.s3.eu-west-1.amazonaws.com/2021/06/19/kxu02nktl751/281d2eaa-7753-f9c6-3b5b-3298a7c5eb65.flac?X-Amz-Algorithm=AWS4-HMAC-SHA256&X-Amz-Content-Sha256=UNSIGNED-PAYLOAD&X-Amz-Credential=AKIA45B7YWBX5HAZMGOU%2F20260223%2Feu-west-1%2Fs3%2Faws4_request&X-Amz-Date=20260223T001138Z&X-Amz-Expires=604800&X-Amz-Signature=d964ac7d4f0cad8fe8fc175293cec40b276084d9876198a3e55d9679b43284fc&X-Amz-SignedHeaders=host&response-content-disposition=attachment%3B%20filename%3D281d2eaa-7753-f9c6-3b5b-3298a7c5eb65.flac&x-id=GetObject,0.256671995,24261
WW2am-2021-06-19_10-00.flac,2021 Willey Wetlands 2,2021,6,19,10,0,sp22,Simple Call,55.00799942,56.21333313,2625,7219,24000,present,https://rfcx-streams-production.s3.eu-west-1.amazonaws.com/2021/06/19/kxu02nktl751/df3f7952-6864-205c-f221-17fde4dc3ab4.flac?X-Amz-Algorithm=AWS4-HMAC-SHA256&X-Amz-Content-Sha256=UNSIGNED-PAYLOAD&X-Amz-Credential=AKIA45B7YWBX5HAZMGOU%2F20260223%2Feu-west-1%2Fs3%2Faws4_request&X-Amz-Date=20260223T001138Z&X-Amz-Expires=604800&X-Amz-Signature=5efffc422ddb53d320c07a9c5c4b6bfb03f95c34951fe10751a83339377e5f42&X-Amz-SignedHeaders=host&response-content-disposition=attachment%3B%20filename%3Ddf3f7952-6864-205c-f221-17fde4dc3ab4.flac&x-id=GetObject,0.29466027,24261
WW2am-2021-06-19_10-20.flac,2021 Willey Wetlands 2,2021,6,19,10,20,sp22,Simple Call,39.58933258,40.79466629,2625,7219,24000,present,https://rfcx-streams-production.s3.eu-west-1.amazonaws.com/2021/06/19/kxu02nktl751/d1ea9934-01e4-0849-3621-73a5c4f09996.flac?X-Amz-Algorithm=AWS4-HMAC-SHA256&X-Amz-Content-Sha256=UNSIGNED-PAYLOAD&X-Amz-Credential=AKIA45B7YWBX5HAZMGOU%2F20260223%2Feu-west-1%2Fs3%2Faws4_request&X-Amz-Date=20260223T001138Z&X-Amz-Expires=604800&X-Amz-Signature=b2c9d47037e034e38790442c13346a27b87d3d81328f604b3274baa2ad1acfc5&X-Amz-SignedHeaders=host&response-content-disposition=attachment%3B%20filename%3Dd1ea9934-01e4-0849-3621-73a5c4f09996.flac&x-id=GetObject,0.260555029,24261
WW2am-2021-06-19_10-40.flac,2021 Willey Wetlands 2,2021,6,19,10,40,sp22,Simple Call,49.64799881,50.85333252,2625,7219,24000,present,https://rfcx-streams-production.s3.eu-west-1.amazonaws.com/2021/06/19/kxu02nktl751/eaab2792-680c-b172-027c-7568aa54fb32.flac?X-Amz-Algorithm=AWS4-HMAC-SHA256&X-Amz-Content-Sha256=UNSIGNED-PAYLOAD&X-Amz-Credential=AKIA45B7YWBX5HAZMGOU%2F20260223%2Feu-west-1%2Fs3%2Faws4_request&X-Amz-Date=20260223T001138Z&X-Amz-Expires=604800&X-Amz-Signature=4573eaee7fc1b3b328eb5444e36c38e80d3b986915cd503298f3b7c37b719877&X-Amz-SignedHeaders=host&response-content-disposition=attachment%3B%20filename%3Deaab2792-680c-b172-027c-7568aa54fb32.flac&x-id=GetObject,0.309159249,24261
WW2am-2021-06-19_11-20.flac,2021 Willey Wetlands 2,2021,6,19,11,20,sp22,Simple Call,31.09866714,32.30400085,2625,7219,24000,present,https://rfcx-streams-production.s3.eu-west-1.amazonaws.com/2021/06/19/kxu02nktl751/6e940b35-990f-311b-b183-689316da7849.flac?X-Amz-Algorithm=AWS4-HMAC-SHA256&X-Amz-Content-Sha256=UNSIGNED-PAYLOAD&X-Amz-Credential=AKIA45B7YWBX5HAZMGOU%2F20260223%2Feu-west-1%2Fs3%2Faws4_request&X-Amz-Date=20260223T001138Z&X-Amz-Expires=604800&X-Amz-Signature=150c735724b0507c07223dd3ec8543b9e998826fc48e55a15755e4b060545c77&X-Amz-SignedHeaders=host&response-content-disposition=attachment%3B%20filename%3D6e940b35-990f-311b-b183-689316da7849.flac&x-id=GetObject,0.232559413,24261
WW2am-2021-06-19_11-40.flac,2021 Willey Wetlands 2,2021,6,19,11,40,sp22,Simple Call,13.72799969,14.9333334,2625,7219,24000,present,https://rfcx-streams-production.s3.eu-west-1.amazonaws.com/2021/06/19/kxu02nktl751/efc153e5-3eb0-9ce3-6f76-f3984a101416.flac?X-Amz-Algorithm=AWS4-HMAC-SHA256&X-Amz-Content-Sha256=UNSIGNED-PAYLOAD&X-Amz-Credential=AKIA45B7YWBX5HAZMGOU%2F20260223%2Feu-west-1%2Fs3%2Faws4_request&X-Amz-Date=20260223T001138Z&X-Amz-Expires=604800&X-Amz-Signature=254433540fe98ef6dbf90a4f7219198d3caf521603ecc3fcf1de209313d69427&X-Amz-SignedHeaders=host&response-content-disposition=attachment%3B%20filename%3Defc153e5-3eb0-9ce3-6f76-f3984a101416.flac&x-id=GetObject,0.267640948,24261
WW2am-2021-06-19_12-00.flac,2021 Willey Wetlands 2,2021,6,19,12,0,sp22,Simple Call,23.62133408,24.82666588,2625,7219,24000,present,https://rfcx-streams-production.s3.eu-west-1.amazonaws.com/2021/06/19/kxu02nktl751/da2e7664-e11e-1afe-b2e7-24555777ab4c.flac?X-Amz-Algorithm=AWS4-HMAC-SHA256&X-Amz-Content-Sha256=UNSIGNED-PAYLOAD&X-Amz-Credential=AKIA45B7YWBX5HAZMGOU%2F20260223%2Feu-west-1%2Fs3%2Faws4_request&X-Amz-Date=20260223T001138Z&X-Amz-Expires=604800&X-Amz-Signature=70fcec1ccab1f7d47406e5672bdad75a2c632cd7a8492bd2ab06a4b9e462f894&X-Amz-SignedHeaders=host&response-content-disposition=attachment%3B%20filename%3Dda2e7664-e11e-1afe-b2e7-24555777ab4c.flac&x-id=GetObject,0.288279265,24261
WW2am-2021-06-19_12-20.flac,2021 Willey Wetlands 2,2021,6,19,12,20,sp22,Simple Call,52.56533432,53.77066803,2625,7219,24000,present,https://rfcx-streams-production.s3.eu-west-1.amazonaws.com/2021/06/19/kxu02nktl751/a2438ece-db8c-8f1c-4bea-a9aa3848e0ad.flac?X-Amz-Algorithm=AWS4-HMAC-SHA256&X-Amz-Content-Sha256=UNSIGNED-PAYLOAD&X-Amz-Credential=AKIA45B7YWBX5HAZMGOU%2F20260223%2Feu-west-1%2Fs3%2Faws4_request&X-Amz-Date=20260223T001138Z&X-Amz-Expires=604800&X-Amz-Signature=bc010df5dece61336b31041e2379a35cd4b36f2c4986ccb6ce665486c65b8492&X-Amz-SignedHeaders=host&response-content-disposition=attachment%3B%20filename%3Da2438ece-db8c-8f1c-4bea-a9aa3848e0ad.flac&x-id=GetObject,0.256205231,24261
WW2am-2021-06-19_12-40.flac,2021 Willey Wetlands 2,2021,6,19,12,40,sp22,Simple Call,5.210666656,6.415999889,2625,7219,24000,present,https://rfcx-streams-production.s3.eu-west-1.amazonaws.com/2021/06/19/kxu02nktl751/4c35b749-831a-2b88-f79f-2bfcfe266513.flac?X-Amz-Algorithm=AWS4-HMAC-SHA256&X-Amz-Content-Sha256=UNSIGNED-PAYLOAD&X-Amz-Credential=AKIA45B7YWBX5HAZMGOU%2F20260223%2Feu-west-1%2Fs3%2Faws4_request&X-Amz-Date=20260223T001138Z&X-Amz-Expires=604800&X-Amz-Signature=f8f9757237daeebdcd845b2823f893bfa0f5feee1d3d3c704ea7ab2a1e53ec24&X-Amz-SignedHeaders=host&response-content-disposition=attachment%3B%20filename%3D4c35b749-831a-2b88-f79f-2bfcfe266513.flac&x-id=GetObject,0.282214761,24261
WW2am-2021-06-19_13-00.flac,2021 Willey Wetlands 2,2021,6,19,13,0,sp22,Simple Call,5.168000221,6.373333454,2625,7219,24000,present,https://rfcx-streams-production.s3.eu-west-1.amazonaws.com/2021/06/19/kxu02nktl751/7c80e3f0-101e-e33d-3656-fdaaa8ec29fc.flac?X-Amz-Algorithm=AWS4-HMAC-SHA256&X-Amz-Content-Sha256=UNSIGNED-PAYLOAD&X-Amz-Credential=AKIA45B7YWBX5HAZMGOU%2F20260223%2Feu-west-1%2Fs3%2Faws4_request&X-Amz-Date=20260223T001138Z&X-Amz-Expires=604800&X-Amz-Signature=e8c8ac7e28ed5e6505c4ee208e0a4312f1d660217d626cd84215516de2f63538&X-Amz-SignedHeaders=host&response-content-disposition=attachment%3B%20filename%3D7c80e3f0-101e-e33d-3656-fdaaa8ec29fc.flac&x-id=GetObject,0.269014448,24261
WW2am-2021-06-19_14-20.flac,2021 Willey Wetlands 2,2021,6,19,14,20,sp22,Simple Call,32.79466629,34,2625,7219,24000,present,https://rfcx-streams-production.s3.eu-west-1.amazonaws.com/2021/06/19/kxu02nktl751/46395f28-0dfd-6adc-be85-40a4a9ce2aa0.flac?X-Amz-Algorithm=AWS4-HMAC-SHA256&X-Amz-Content-Sha256=UNSIGNED-PAYLOAD&X-Amz-Credential=AKIA45B7YWBX5HAZMGOU%2F20260223%2Feu-west-1%2Fs3%2Faws4_request&X-Amz-Date=20260223T001138Z&X-Amz-Expires=604800&X-Amz-Signature=d1cd55a353b860d4a1af6260607bcf8ea75d50c0591f9e900a041eee3efa111f&X-Amz-SignedHeaders=host&response-content-disposition=attachment%3B%20filename%3D46395f28-0dfd-6adc-be85-40a4a9ce2aa0.flac&x-id=GetObject,0.266242713,24261
WW2am-2021-06-19_15-00.flac,2021 Willey Wetlands 2,2021,6,19,15,0,sp22,Simple Call,9.813333511,11.01866627,2625,7219,24000,present,https://rfcx-streams-production.s3.eu-west-1.amazonaws.com/2021/06/19/kxu02nktl751/a11c907b-8dba-818a-f3e0-36c615908499.flac?X-Amz-Algorithm=AWS4-HMAC-SHA256&X-Amz-Content-Sha256=UNSIGNED-PAYLOAD&X-Amz-Credential=AKIA45B7YWBX5HAZMGOU%2F20260223%2Feu-west-1%2Fs3%2Faws4_request&X-Amz-Date=20260223T001138Z&X-Amz-Expires=604800&X-Amz-Signature=1993a7324bc699b366debaf97396379f8f4203ec0ea3df90de724d7f855af9ed&X-Amz-SignedHeaders=host&response-content-disposition=attachment%3B%20filename%3Da11c907b-8dba-818a-f3e0-36c615908499.flac&x-id=GetObject,0.254579574,24261
WW2am-2021-06-19_15-20.flac,2021 Willey Wetlands 2,2021,6,19,15,20,sp22,Simple Call,51.46133423,52.66666794,2625,7219,24000,present,https://rfcx-streams-production.s3.eu-west-1.amazonaws.com/2021/06/19/kxu02nktl751/ca9e9b41-0529-24a4-704e-c4dd4e46c95f.flac?X-Amz-Algorithm=AWS4-HMAC-SHA256&X-Amz-Content-Sha256=UNSIGNED-PAYLOAD&X-Amz-Credential=AKIA45B7YWBX5HAZMGOU%2F20260223%2Feu-west-1%2Fs3%2Faws4_request&X-Amz-Date=20260223T001138Z&X-Amz-Expires=604800&X-Amz-Signature=f45c01713f054c82e30bdbe75d196b4a23f52f7a1f8f66f3bc5fbb6467181f0c&X-Amz-SignedHeaders=host&response-content-disposition=attachment%3B%20filename%3Dca9e9b41-0529-24a4-704e-c4dd4e46c95f.flac&x-id=GetObject,0.284610957,24261
WW2am-2021-06-19_16-00.flac,2021 Willey Wetlands 2,2021,6,19,16,0,sp22,Simple Call,36.94400024,38.14933395,2625,7219,24000,present,https://rfcx-streams-production.s3.eu-west-1.amazonaws.com/2021/06/19/kxu02nktl751/594d80bb-2ea3-de8f-7187-5a6c9e22debb.flac?X-Amz-Algorithm=AWS4-HMAC-SHA256&X-Amz-Content-Sha256=UNSIGNED-PAYLOAD&X-Amz-Credential=AKIA45B7YWBX5HAZMGOU%2F20260223%2Feu-west-1%2Fs3%2Faws4_request&X-Amz-Date=20260223T001138Z&X-Amz-Expires=604800&X-Amz-Signature=eb05c70ca5b7b4cc94ac47d45f5d7420d67a08b85710203f40a9074db7d24201&X-Amz-SignedHeaders=host&response-content-disposition=attachment%3B%20filename%3D594d80bb-2ea3-de8f-7187-5a6c9e22debb.flac&x-id=GetObject,0.227728739,24261
WW2am-2021-06-19_16-20.flac,2021 Willey Wetlands 2,2021,6,19,16,20,sp22,Simple Call,7.381333351,8.586667061,2625,7219,24000,present,https://rfcx-streams-production.s3.eu-west-1.amazonaws.com/2021/06/19/kxu02nktl751/3185a079-b399-8b2b-9c9b-b50071d5392d.flac?X-Amz-Algorithm=AWS4-HMAC-SHA256&X-Amz-Content-Sha256=UNSIGNED-PAYLOAD&X-Amz-Credential=AKIA45B7YWBX5HAZMGOU%2F20260223%2Feu-west-1%2Fs3%2Faws4_request&X-Amz-Date=20260223T001138Z&X-Amz-Expires=604800&X-Amz-Signature=5b61fb5f620bd99cc33811015c143e0d0195c508f9054f4e39a801028d467e91&X-Amz-SignedHeaders=host&response-content-disposition=attachment%3B%20filename%3D3185a079-b399-8b2b-9c9b-b50071d5392d.flac&x-id=GetObject,0.276802927,24261
WW2am-2021-06-19_16-40.flac,2021 Willey Wetlands 2,2021,6,19,16,40,sp22,Simple Call,38.37333298,39.57866669,2625,7219,24000,present,https://rfcx-streams-production.s3.eu-west-1.amazonaws.com/2021/06/19/kxu02nktl751/a22fe4d9-5d63-b710-e1c5-cd16e033c014.flac?X-Amz-Algorithm=AWS4-HMAC-SHA256&X-Amz-Content-Sha256=UNSIGNED-PAYLOAD&X-Amz-Credential=AKIA45B7YWBX5HAZMGOU%2F20260223%2Feu-west-1%2Fs3%2Faws4_request&X-Amz-Date=20260223T001138Z&X-Amz-Expires=604800&X-Amz-Signature=3e5349ed98fb08eee9c579a02737a8e81dba789b1a0bb9d354c887670cd59fca&X-Amz-SignedHeaders=host&response-content-disposition=attachment%3B%20filename%3Da22fe4d9-5d63-b710-e1c5-cd16e033c014.flac&x-id=GetObject,0.287854701,24261
WW2am-2021-06-19_17-20.flac,2021 Willey Wetlands 2,2021,6,19,17,20,sp22,Simple Call,24.23466682,25.44000053,2625,7219,24000,present,https://rfcx-streams-production.s3.eu-west-1.amazonaws.com/2021/06/19/kxu02nktl751/f1a403aa-99b3-cdd5-8a2f-9ae13f52e676.flac?X-Amz-Algorithm=AWS4-HMAC-SHA256&X-Amz-Content-Sha256=UNSIGNED-PAYLOAD&X-Amz-Credential=AKIA45B7YWBX5HAZMGOU%2F20260223%2Feu-west-1%2Fs3%2Faws4_request&X-Amz-Date=20260223T001138Z&X-Amz-Expires=604800&X-Amz-Signature=47b6f084fa4da4f6cdaf0c639ae50f0552625fde29252478dd7d60d835b83485&X-Amz-SignedHeaders=host&response-content-disposition=attachment%3B%20filename%3Df1a403aa-99b3-cdd5-8a2f-9ae13f52e676.flac&x-id=GetObject,0.271780968,24261
WW2am-2021-06-19_18-00.flac,2021 Willey Wetlands 2,2021,6,19,18,0,sp22,Simple Call,2.960000038,4.165333271,2625,7219,24000,present,https://rfcx-streams-production.s3.eu-west-1.amazonaws.com/2021/06/19/kxu02nktl751/d67d8b91-66be-1ad6-7e03-1cfe60a30d53.flac?X-Amz-Algorithm=AWS4-HMAC-SHA256&X-Amz-Content-Sha256=UNSIGNED-PAYLOAD&X-Amz-Credential=AKIA45B7YWBX5HAZMGOU%2F20260223%2Feu-west-1%2Fs3%2Faws4_request&X-Amz-Date=20260223T001138Z&X-Amz-Expires=604800&X-Amz-Signature=ca71c3834578c5bb45304570887eae6b778bb2fa2541020bb90f035f3013da59&X-Amz-SignedHeaders=host&response-content-disposition=attachment%3B%20filename%3Dd67d8b91-66be-1ad6-7e03-1cfe60a30d53.flac&x-id=GetObject,0.266211063,24261
WW2am-2021-06-19_18-20.flac,2021 Willey Wetlands 2,2021,6,19,18,20,sp22,Simple Call,38.17066574,39.37599945,2625,7219,24000,present,https://rfcx-streams-production.s3.eu-west-1.amazonaws.com/2021/06/19/kxu02nktl751/d37aa2df-8473-199f-6470-7bb531c04b05.flac?X-Amz-Algorithm=AWS4-HMAC-SHA256&X-Amz-Content-Sha256=UNSIGNED-PAYLOAD&X-Amz-Credential=AKIA45B7YWBX5HAZMGOU%2F20260223%2Feu-west-1%2Fs3%2Faws4_request&X-Amz-Date=20260223T001138Z&X-Amz-Expires=604800&X-Amz-Signature=7406bb907558b330f2b011bfd2e0a54f2a180bb93ad04fd3c6d7ad5df914292a&X-Amz-SignedHeaders=host&response-content-disposition=attachment%3B%20filename%3Dd37aa2df-8473-199f-6470-7bb531c04b05.flac&x-id=GetObject,0.228782654,24261
WW2am-2021-06-19_18-40.flac,2021 Willey Wetlands 2,2021,6,19,18,40,sp22,Simple Call,16.53866577,17.74399948,2625,7219,24000,present,https://rfcx-streams-production.s3.eu-west-1.amazonaws.com/2021/06/19/kxu02nktl751/8152c968-1eee-8ead-9695-a5f5ed245072.flac?X-Amz-Algorithm=AWS4-HMAC-SHA256&X-Amz-Content-Sha256=UNSIGNED-PAYLOAD&X-Amz-Credential=AKIA45B7YWBX5HAZMGOU%2F20260223%2Feu-west-1%2Fs3%2Faws4_request&X-Amz-Date=20260223T001138Z&X-Amz-Expires=604800&X-Amz-Signature=7bee4656a540ddf37280cc511aec709c6878a7369020cdee9d57677b7eb0d5ab&X-Amz-SignedHeaders=host&response-content-disposition=attachment%3B%20filename%3D8152c968-1eee-8ead-9695-a5f5ed245072.flac&x-id=GetObject,0.291273504,24261
WW2am-2021-06-19_19-20.flac,2021 Willey Wetlands 2,2021,6,19,19,20,sp22,Simple Call,8.970666885,10.17599964,2625,7219,24000,present,https://rfcx-streams-production.s3.eu-west-1.amazonaws.com/2021/06/19/kxu02nktl751/85450152-0640-d8be-a391-57951a24187c.flac?X-Amz-Algorithm=AWS4-HMAC-SHA256&X-Amz-Content-Sha256=UNSIGNED-PAYLOAD&X-Amz-Credential=AKIA45B7YWBX5HAZMGOU%2F20260223%2Feu-west-1%2Fs3%2Faws4_request&X-Amz-Date=20260223T001138Z&X-Amz-Expires=604800&X-Amz-Signature=1067c8f5dd8757daa8e2f0daeef09ce61c9a5ff8859a31ac6bbc5a37770b7643&X-Amz-SignedHeaders=host&response-content-disposition=attachment%3B%20filename%3D85450152-0640-d8be-a391-57951a24187c.flac&x-id=GetObject,0.27361232,24261
WW2am-2021-06-19_19-40.flac,2021 Willey Wetlands 2,2021,6,19,19,40,sp22,Simple Call,3.66933322,4.874666691,2625,7219,24000,present,https://rfcx-streams-production.s3.eu-west-1.amazonaws.com/2021/06/19/kxu02nktl751/64e2dfda-69c0-2bb6-2517-649b746859ed.flac?X-Amz-Algorithm=AWS4-HMAC-SHA256&X-Amz-Content-Sha256=UNSIGNED-PAYLOAD&X-Amz-Credential=AKIA45B7YWBX5HAZMGOU%2F20260223%2Feu-west-1%2Fs3%2Faws4_request&X-Amz-Date=20260223T001138Z&X-Amz-Expires=604800&X-Amz-Signature=853c17688f6f08fbd82fb320dc4414d1c98ea6d58fc56c392fbdce5126e12097&X-Amz-SignedHeaders=host&response-content-disposition=attachment%3B%20filename%3D64e2dfda-69c0-2bb6-2517-649b746859ed.flac&x-id=GetObject,0.300676346,24261
WW2am-2021-06-20_06-00.flac,2021 Willey Wetlands 2,2021,6,20,6,0,sp22,Simple Call,6.650666714,7.855999947,2625,7219,24000,present,https://rfcx-streams-production.s3.eu-west-1.amazonaws.com/2021/06/19/kxu02nktl751/dc607e51-4441-f14d-a734-8164733724f7.flac?X-Amz-Algorithm=AWS4-HMAC-SHA256&X-Amz-Content-Sha256=UNSIGNED-PAYLOAD&X-Amz-Credential=AKIA45B7YWBX5HAZMGOU%2F20260223%2Feu-west-1%2Fs3%2Faws4_request&X-Amz-Date=20260223T001138Z&X-Amz-Expires=604800&X-Amz-Signature=ae9588b46560199131aba83a06370c0cf6148766f089a2de29e701aa17cbe25d&X-Amz-SignedHeaders=host&response-content-disposition=attachment%3B%20filename%3Ddc607e51-4441-f14d-a734-8164733724f7.flac&x-id=GetObject,0.308101296,24261
WW2am-2021-06-20_07-40.flac,2021 Willey Wetlands 2,2021,6,20,7,40,sp22,Simple Call,1.466666698,2.671999931,2625,7219,24000,present,https://rfcx-streams-production.s3.eu-west-1.amazonaws.com/2021/06/20/kxu02nktl751/ca5a8d31-2d5b-0144-82ca-49ca87583806.flac?X-Amz-Algorithm=AWS4-HMAC-SHA256&X-Amz-Content-Sha256=UNSIGNED-PAYLOAD&X-Amz-Credential=AKIA45B7YWBX5HAZMGOU%2F20260223%2Feu-west-1%2Fs3%2Faws4_request&X-Amz-Date=20260223T001138Z&X-Amz-Expires=604800&X-Amz-Signature=ea3f1f1f9a779e5ce8c9e0d471021f535d7d401f6206d9e6584e692e6a071ff5&X-Amz-SignedHeaders=host&response-content-disposition=attachment%3B%20filename%3Dca5a8d31-2d5b-0144-82ca-49ca87583806.flac&x-id=GetObject,0.323212832,24261
WW2am-2021-06-20_08-00.flac,2021 Willey Wetlands 2,2021,6,20,8,0,sp22,Simple Call,49.90399933,51.10933304,2625,7219,24000,present,https://rfcx-streams-production.s3.eu-west-1.amazonaws.com/2021/06/20/kxu02nktl751/db3e45d2-4ec0-f944-4d05-6fbeef578b0d.flac?X-Amz-Algorithm=AWS4-HMAC-SHA256&X-Amz-Content-Sha256=UNSIGNED-PAYLOAD&X-Amz-Credential=AKIA45B7YWBX5HAZMGOU%2F20260223%2Feu-west-1%2Fs3%2Faws4_request&X-Amz-Date=20260223T001138Z&X-Amz-Expires=604800&X-Amz-Signature=995c0e8f40461d86e0a91f749af30bcae4aeb7a039d2fe7366918f14cffe1bb2&X-Amz-SignedHeaders=host&response-content-disposition=attachment%3B%20filename%3Ddb3e45d2-4ec0-f944-4d05-6fbeef578b0d.flac&x-id=GetObject,0.330883205,24261
WW2am-2021-06-20_09-20.flac,2021 Willey Wetlands 2,2021,6,20,9,20,sp22,Simple Call,38.33599854,39.54133224,2625,7219,24000,present,https://rfcx-streams-production.s3.eu-west-1.amazonaws.com/2021/06/20/kxu02nktl751/41d51655-0479-8b75-57ab-16c64f84ffb8.flac?X-Amz-Algorithm=AWS4-HMAC-SHA256&X-Amz-Content-Sha256=UNSIGNED-PAYLOAD&X-Amz-Credential=AKIA45B7YWBX5HAZMGOU%2F20260223%2Feu-west-1%2Fs3%2Faws4_request&X-Amz-Date=20260223T001138Z&X-Amz-Expires=604800&X-Amz-Signature=88562eb7ef9c1a70a51973f152a6d305fdfc793b3363241ee20534560e5ef0a7&X-Amz-SignedHeaders=host&response-content-disposition=attachment%3B%20filename%3D41d51655-0479-8b75-57ab-16c64f84ffb8.flac&x-id=GetObject,0.278889,24261
WW2am-2021-06-20_09-40.flac,2021 Willey Wetlands 2,2021,6,20,9,40,sp22,Simple Call,19.71733284,20.92266655,2625,7219,24000,present,https://rfcx-streams-production.s3.eu-west-1.amazonaws.com/2021/06/20/kxu02nktl751/d591b1bb-3e3d-f97c-4092-095989e1c06b.flac?X-Amz-Algorithm=AWS4-HMAC-SHA256&X-Amz-Content-Sha256=UNSIGNED-PAYLOAD&X-Amz-Credential=AKIA45B7YWBX5HAZMGOU%2F20260223%2Feu-west-1%2Fs3%2Faws4_request&X-Amz-Date=20260223T001138Z&X-Amz-Expires=604800&X-Amz-Signature=8ca8c877d0da7b919c28fff42be0b6dc65bc8480703048f31b1b5c8205d0cf85&X-Amz-SignedHeaders=host&response-content-disposition=attachment%3B%20filename%3Dd591b1bb-3e3d-f97c-4092-095989e1c06b.flac&x-id=GetObject,0.347768605,24261
WW2am-2021-06-20_10-00.flac,2021 Willey Wetlands 2,2021,6,20,10,0,sp22,Simple Call,43.89333344,45.09866714,2625,7219,24000,present,https://rfcx-streams-production.s3.eu-west-1.amazonaws.com/2021/06/20/kxu02nktl751/6f59e5d6-3adc-e802-a1e3-91caea406b79.flac?X-Amz-Algorithm=AWS4-HMAC-SHA256&X-Amz-Content-Sha256=UNSIGNED-PAYLOAD&X-Amz-Credential=AKIA45B7YWBX5HAZMGOU%2F20260223%2Feu-west-1%2Fs3%2Faws4_request&X-Amz-Date=20260223T001138Z&X-Amz-Expires=604800&X-Amz-Signature=6a535657fcf4af6c43ddb0303bb61a4072ad4a7a1949b65be2352ba1dc3fab5e&X-Amz-SignedHeaders=host&response-content-disposition=attachment%3B%20filename%3D6f59e5d6-3adc-e802-a1e3-91caea406b79.flac&x-id=GetObject,0.246479467,24261
WW2am-2021-06-20_10-20.flac,2021 Willey Wetlands 2,2021,6,20,10,20,sp22,Simple Call,25.55200005,26.75733376,2625,7219,24000,present,https://rfcx-streams-production.s3.eu-west-1.amazonaws.com/2021/06/20/kxu02nktl751/4467c94f-a396-92de-a04e-4fcd9828e8f9.flac?X-Amz-Algorithm=AWS4-HMAC-SHA256&X-Amz-Content-Sha256=UNSIGNED-PAYLOAD&X-Amz-Credential=AKIA45B7YWBX5HAZMGOU%2F20260223%2Feu-west-1%2Fs3%2Faws4_request&X-Amz-Date=20260223T001138Z&X-Amz-Expires=604800&X-Amz-Signature=af8a16418cffb1be1d50ca7de05af83d55f5075391e7d90323735a50139c5d52&X-Amz-SignedHeaders=host&response-content-disposition=attachment%3B%20filename%3D4467c94f-a396-92de-a04e-4fcd9828e8f9.flac&x-id=GetObject,0.218049705,24261
WW2am-2021-06-20_10-40.flac,2021 Willey Wetlands 2,2021,6,20,10,40,sp22,Simple Call,7.733333111,8.938666344,2625,7219,24000,present,https://rfcx-streams-production.s3.eu-west-1.amazonaws.com/2021/06/20/kxu02nktl751/10c03f09-b202-5f66-aac8-d344d0034cb1.flac?X-Amz-Algorithm=AWS4-HMAC-SHA256&X-Amz-Content-Sha256=UNSIGNED-PAYLOAD&X-Amz-Credential=AKIA45B7YWBX5HAZMGOU%2F20260223%2Feu-west-1%2Fs3%2Faws4_request&X-Amz-Date=20260223T001138Z&X-Amz-Expires=604800&X-Amz-Signature=38a3f1aabb420abb4168719aa8989d8c479ff548ca66976fb682fdf5f12affb2&X-Amz-SignedHeaders=host&response-content-disposition=attachment%3B%20filename%3D10c03f09-b202-5f66-aac8-d344d0034cb1.flac&x-id=GetObject,0.322121441,24261
WW2am-2021-06-20_11-40.flac,2021 Willey Wetlands 2,2021,6,20,11,40,sp22,Simple Call,15.6906662,16.89599991,2625,7219,24000,present,https://rfcx-streams-production.s3.eu-west-1.amazonaws.com/2021/06/20/kxu02nktl751/f784f5c8-c62e-53e1-a660-b937b1754420.flac?X-Amz-Algorithm=AWS4-HMAC-SHA256&X-Amz-Content-Sha256=UNSIGNED-PAYLOAD&X-Amz-Credential=AKIA45B7YWBX5HAZMGOU%2F20260223%2Feu-west-1%2Fs3%2Faws4_request&X-Amz-Date=20260223T001138Z&X-Amz-Expires=604800&X-Amz-Signature=485412e0320479f0378b5285b92ce4d5b699678d7d5999ddd06bb89edb0ff782&X-Amz-SignedHeaders=host&response-content-disposition=attachment%3B%20filename%3Df784f5c8-c62e-53e1-a660-b937b1754420.flac&x-id=GetObject,0.262792528,24261
WW2am-2021-06-20_12-00.flac,2021 Willey Wetlands 2,2021,6,20,12,0,sp22,Simple Call,49.62666702,50.83200073,2625,7219,24000,present,https://rfcx-streams-production.s3.eu-west-1.amazonaws.com/2021/06/20/kxu02nktl751/a7bc5ac5-893f-50f6-e884-6be3e3c0ffff.flac?X-Amz-Algorithm=AWS4-HMAC-SHA256&X-Amz-Content-Sha256=UNSIGNED-PAYLOAD&X-Amz-Credential=AKIA45B7YWBX5HAZMGOU%2F20260223%2Feu-west-1%2Fs3%2Faws4_request&X-Amz-Date=20260223T001138Z&X-Amz-Expires=604800&X-Amz-Signature=291fb7cf8ffb8ed85b9fe1ea6f29c00a6ac6790d8a9530ccd412f56adcdc9032&X-Amz-SignedHeaders=host&response-content-disposition=attachment%3B%20filename%3Da7bc5ac5-893f-50f6-e884-6be3e3c0ffff.flac&x-id=GetObject,0.252311349,24261
WW2am-2021-06-20_12-20.flac,2021 Willey Wetlands 2,2021,6,20,12,20,sp22,Simple Call,1.968000054,3.173333406,2625,7219,24000,present,https://rfcx-streams-production.s3.eu-west-1.amazonaws.com/2021/06/20/kxu02nktl751/63dbe3d0-23dd-af14-f4c7-f41e2b8b70cc.flac?X-Amz-Algorithm=AWS4-HMAC-SHA256&X-Amz-Content-Sha256=UNSIGNED-PAYLOAD&X-Amz-Credential=AKIA45B7YWBX5HAZMGOU%2F20260223%2Feu-west-1%2Fs3%2Faws4_request&X-Amz-Date=20260223T001138Z&X-Amz-Expires=604800&X-Amz-Signature=8f21289a2b7445380b874c2f7cb28ff7001216fdeea7d31ec6bb03281c8a95f9&X-Amz-SignedHeaders=host&response-content-disposition=attachment%3B%20filename%3D63dbe3d0-23dd-af14-f4c7-f41e2b8b70cc.flac&x-id=GetObject,0.260664761,24261
WW2am-2021-06-20_12-40.flac,2021 Willey Wetlands 2,2021,6,20,12,40,sp22,Simple Call,5.450666904,6.656000137,2625,7219,24000,present,https://rfcx-streams-production.s3.eu-west-1.amazonaws.com/2021/06/20/kxu02nktl751/13386b28-fd9a-a2e8-897e-3736f945ff06.flac?X-Amz-Algorithm=AWS4-HMAC-SHA256&X-Amz-Content-Sha256=UNSIGNED-PAYLOAD&X-Amz-Credential=AKIA45B7YWBX5HAZMGOU%2F20260223%2Feu-west-1%2Fs3%2Faws4_request&X-Amz-Date=20260223T001138Z&X-Amz-Expires=604800&X-Amz-Signature=b8cc1b6725b66bd887d1df98962aa94fbe45f940ac43b009621ff359c28bb07b&X-Amz-SignedHeaders=host&response-content-disposition=attachment%3B%20filename%3D13386b28-fd9a-a2e8-897e-3736f945ff06.flac&x-id=GetObject,0.233935684,24261
WW2am-2021-06-20_13-00.flac,2021 Willey Wetlands 2,2021,6,20,13,0,sp22,Simple Call,6.314666748,7.519999981,2625,7219,24000,present,https://rfcx-streams-production.s3.eu-west-1.amazonaws.com/2021/06/20/kxu02nktl751/c0556f62-0b3b-c54c-6176-ad09daf3ef32.flac?X-Amz-Algorithm=AWS4-HMAC-SHA256&X-Amz-Content-Sha256=UNSIGNED-PAYLOAD&X-Amz-Credential=AKIA45B7YWBX5HAZMGOU%2F20260223%2Feu-west-1%2Fs3%2Faws4_request&X-Amz-Date=20260223T001138Z&X-Amz-Expires=604800&X-Amz-Signature=6dc1c726437e26ea8569d57cd16d29d268cf3a61fb3085f6ca7479e2731cb9a2&X-Amz-SignedHeaders=host&response-content-disposition=attachment%3B%20filename%3Dc0556f62-0b3b-c54c-6176-ad09daf3ef32.flac&x-id=GetObject,0.281365812,24261
WW2am-2021-06-20_13-20.flac,2021 Willey Wetlands 2,2021,6,20,13,20,sp22,Simple Call,22.64533424,23.85066605,2625,7219,24000,present,https://rfcx-streams-production.s3.eu-west-1.amazonaws.com/2021/06/20/kxu02nktl751/76ab407e-2096-2f9b-2b4b-91263cced141.flac?X-Amz-Algorithm=AWS4-HMAC-SHA256&X-Amz-Content-Sha256=UNSIGNED-PAYLOAD&X-Amz-Credential=AKIA45B7YWBX5HAZMGOU%2F20260223%2Feu-west-1%2Fs3%2Faws4_request&X-Amz-Date=20260223T001138Z&X-Amz-Expires=604800&X-Amz-Signature=28792784c0ffe8055495b28c0848f7921d8e6c38d7240985b61c81aa5a2a7ec4&X-Amz-SignedHeaders=host&response-content-disposition=attachment%3B%20filename%3D76ab407e-2096-2f9b-2b4b-91263cced141.flac&x-id=GetObject,0.215125337,24261
WW2am-2021-06-20_14-20.flac,2021 Willey Wetlands 2,2021,6,20,14,20,sp22,Simple Call,42.22933197,43.43466568,2625,7219,24000,present,https://rfcx-streams-production.s3.eu-west-1.amazonaws.com/2021/06/20/kxu02nktl751/2328d618-e957-415f-44ae-fee129a24cfc.flac?X-Amz-Algorithm=AWS4-HMAC-SHA256&X-Amz-Content-Sha256=UNSIGNED-PAYLOAD&X-Amz-Credential=AKIA45B7YWBX5HAZMGOU%2F20260223%2Feu-west-1%2Fs3%2Faws4_request&X-Amz-Date=20260223T001138Z&X-Amz-Expires=604800&X-Amz-Signature=938dbb7df2999238791e645645fa478c50202fdc3aa5028b615dccb37be9f624&X-Amz-SignedHeaders=host&response-content-disposition=attachment%3B%20filename%3D2328d618-e957-415f-44ae-fee129a24cfc.flac&x-id=GetObject,0.31202507,24261
WW2am-2021-06-20_14-40.flac,2021 Willey Wetlands 2,2021,6,20,14,40,sp22,Simple Call,38.74666595,39.95199966,2625,7219,24000,present,https://rfcx-streams-production.s3.eu-west-1.amazonaws.com/2021/06/20/kxu02nktl751/b26b7745-7d62-ae07-2d78-44e622fe3518.flac?X-Amz-Algorithm=AWS4-HMAC-SHA256&X-Amz-Content-Sha256=UNSIGNED-PAYLOAD&X-Amz-Credential=AKIA45B7YWBX5HAZMGOU%2F20260223%2Feu-west-1%2Fs3%2Faws4_request&X-Amz-Date=20260223T001138Z&X-Amz-Expires=604800&X-Amz-Signature=190131d481e4a83132c8515c326aecd67abe069a9c1f36490cab7de7d486fa94&X-Amz-SignedHeaders=host&response-content-disposition=attachment%3B%20filename%3Db26b7745-7d62-ae07-2d78-44e622fe3518.flac&x-id=GetObject,0.247518361,24261
WW2am-2021-06-20_15-20.flac,2021 Willey Wetlands 2,2021,6,20,15,20,sp22,Simple Call,22.54933357,23.75466728,2625,7219,24000,present,https://rfcx-streams-production.s3.eu-west-1.amazonaws.com/2021/06/20/kxu02nktl751/696b974f-921e-5eba-a778-d6e66da7d059.flac?X-Amz-Algorithm=AWS4-HMAC-SHA256&X-Amz-Content-Sha256=UNSIGNED-PAYLOAD&X-Amz-Credential=AKIA45B7YWBX5HAZMGOU%2F20260223%2Feu-west-1%2Fs3%2Faws4_request&X-Amz-Date=20260223T001138Z&X-Amz-Expires=604800&X-Amz-Signature=5c37ae4d12d8ea8bb05211e8379230f317d3f42393110be2fa8549ada600b2eb&X-Amz-SignedHeaders=host&response-content-disposition=attachment%3B%20filename%3D696b974f-921e-5eba-a778-d6e66da7d059.flac&x-id=GetObject,0.254264921,24261
WW2am-2021-06-20_16-00.flac,2021 Willey Wetlands 2,2021,6,20,16,0,sp22,Simple Call,37.79199982,38.99733353,2625,7219,24000,present,https://rfcx-streams-production.s3.eu-west-1.amazonaws.com/2021/06/20/kxu02nktl751/23dcff06-9029-6df8-281f-f500731b3b95.flac?X-Amz-Algorithm=AWS4-HMAC-SHA256&X-Amz-Content-Sha256=UNSIGNED-PAYLOAD&X-Amz-Credential=AKIA45B7YWBX5HAZMGOU%2F20260223%2Feu-west-1%2Fs3%2Faws4_request&X-Amz-Date=20260223T001138Z&X-Amz-Expires=604800&X-Amz-Signature=c5ea0b7d2002007debab177f4040924fd85814b2244e635ff8af86f8c49d3eec&X-Amz-SignedHeaders=host&response-content-disposition=attachment%3B%20filename%3D23dcff06-9029-6df8-281f-f500731b3b95.flac&x-id=GetObject,0.319874585,24261
WW2am-2021-06-20_16-40.flac,2021 Willey Wetlands 2,2021,6,20,16,40,sp22,Simple Call,34.06933212,35.27466583,2625,7219,24000,present,https://rfcx-streams-production.s3.eu-west-1.amazonaws.com/2021/06/20/kxu02nktl751/785fa2c7-ed3e-dc02-1c30-07994ced538c.flac?X-Amz-Algorithm=AWS4-HMAC-SHA256&X-Amz-Content-Sha256=UNSIGNED-PAYLOAD&X-Amz-Credential=AKIA45B7YWBX5HAZMGOU%2F20260223%2Feu-west-1%2Fs3%2Faws4_request&X-Amz-Date=20260223T001138Z&X-Amz-Expires=604800&X-Amz-Signature=943e1b597240bb937da7918cb0b969581b616b9e1f80f68715ec4c85817d7da2&X-Amz-SignedHeaders=host&response-content-disposition=attachment%3B%20filename%3D785fa2c7-ed3e-dc02-1c30-07994ced538c.flac&x-id=GetObject,0.302512556,24261
WW2am-2021-06-20_17-00.flac,2021 Willey Wetlands 2,2021,6,20,17,0,sp22,Simple Call,26.68799973,27.89333344,2625,7219,24000,present,https://rfcx-streams-production.s3.eu-west-1.amazonaws.com/2021/06/20/kxu02nktl751/c78a13ed-d937-926d-fa0c-d501ec5c08c8.flac?X-Amz-Algorithm=AWS4-HMAC-SHA256&X-Amz-Content-Sha256=UNSIGNED-PAYLOAD&X-Amz-Credential=AKIA45B7YWBX5HAZMGOU%2F20260223%2Feu-west-1%2Fs3%2Faws4_request&X-Amz-Date=20260223T001138Z&X-Amz-Expires=604800&X-Amz-Signature=90f64d3aa20d8eb5da414c72b9b88cca746b20b0f185eb9483342a557bfa085b&X-Amz-SignedHeaders=host&response-content-disposition=attachment%3B%20filename%3Dc78a13ed-d937-926d-fa0c-d501ec5c08c8.flac&x-id=GetObject,0.267655969,24261
WW2am-2021-06-20_17-20.flac,2021 Willey Wetlands 2,2021,6,20,17,20,sp22,Simple Call,5.578666687,6.78399992,2625,7219,24000,present,https://rfcx-streams-production.s3.eu-west-1.amazonaws.com/2021/06/20/kxu02nktl751/276427ad-1171-5a86-0e82-c86af222f92e.flac?X-Amz-Algorithm=AWS4-HMAC-SHA256&X-Amz-Content-Sha256=UNSIGNED-PAYLOAD&X-Amz-Credential=AKIA45B7YWBX5HAZMGOU%2F20260223%2Feu-west-1%2Fs3%2Faws4_request&X-Amz-Date=20260223T001138Z&X-Amz-Expires=604800&X-Amz-Signature=a8d249be8e2ab0cad4496ac592fcbc6fb0644299e6d1f985273992cecc381a6f&X-Amz-SignedHeaders=host&response-content-disposition=attachment%3B%20filename%3D276427ad-1171-5a86-0e82-c86af222f92e.flac&x-id=GetObject,0.237567395,24261
WW2am-2021-06-20_17-40.flac,2021 Willey Wetlands 2,2021,6,20,17,40,sp22,Simple Call,30.53866577,31.74399948,2625,7219,24000,present,https://rfcx-streams-production.s3.eu-west-1.amazonaws.com/2021/06/20/kxu02nktl751/54b1183e-0092-3710-024b-30ac533bc9ad.flac?X-Amz-Algorithm=AWS4-HMAC-SHA256&X-Amz-Content-Sha256=UNSIGNED-PAYLOAD&X-Amz-Credential=AKIA45B7YWBX5HAZMGOU%2F20260223%2Feu-west-1%2Fs3%2Faws4_request&X-Amz-Date=20260223T001138Z&X-Amz-Expires=604800&X-Amz-Signature=0cf446b9d0b29915610552ec1eed227088721760a395bbd6ff6a01e400d58ea6&X-Amz-SignedHeaders=host&response-content-disposition=attachment%3B%20filename%3D54b1183e-0092-3710-024b-30ac533bc9ad.flac&x-id=GetObject,0.304733306,24261
WW2am-2021-06-20_18-40.flac,2021 Willey Wetlands 2,2021,6,20,18,40,sp22,Simple Call,35.79733276,37.00266647,2625,7219,24000,present,https://rfcx-streams-production.s3.eu-west-1.amazonaws.com/2021/06/20/kxu02nktl751/6ca29741-a59e-cdde-a60a-e8ac3802cec1.flac?X-Amz-Algorithm=AWS4-HMAC-SHA256&X-Amz-Content-Sha256=UNSIGNED-PAYLOAD&X-Amz-Credential=AKIA45B7YWBX5HAZMGOU%2F20260223%2Feu-west-1%2Fs3%2Faws4_request&X-Amz-Date=20260223T001138Z&X-Amz-Expires=604800&X-Amz-Signature=1a3bdfd3c68554b1c05d917c230995348490fa13a25a4f028c7466f48cfe492c&X-Amz-SignedHeaders=host&response-content-disposition=attachment%3B%20filename%3D6ca29741-a59e-cdde-a60a-e8ac3802cec1.flac&x-id=GetObject,0.240151167,24261
WW2am-2021-06-20_20-00.flac,2021 Willey Wetlands 2,2021,6,20,20,0,sp22,Simple Call,16.52266693,17.72800064,2625,7219,24000,present,https://rfcx-streams-production.s3.eu-west-1.amazonaws.com/2021/06/20/kxu02nktl751/081d3107-28ae-865c-40e6-ecffe589fe8a.flac?X-Amz-Algorithm=AWS4-HMAC-SHA256&X-Amz-Content-Sha256=UNSIGNED-PAYLOAD&X-Amz-Credential=AKIA45B7YWBX5HAZMGOU%2F20260223%2Feu-west-1%2Fs3%2Faws4_request&X-Amz-Date=20260223T001138Z&X-Amz-Expires=604800&X-Amz-Signature=f3615e9d4d17d1fe52e82cdddd3a02720176316c0023e945e8dcfc5bf98e9a9b&X-Amz-SignedHeaders=host&response-content-disposition=attachment%3B%20filename%3D081d3107-28ae-865c-40e6-ecffe589fe8a.flac&x-id=GetObject,0.263348311,24261
WW2am-2021-06-21_06-00.flac,2021 Willey Wetlands 2,2021,6,21,6,0,sp22,Simple Call,2.480000019,3.685333252,2625,7219,24000,present,https://rfcx-streams-production.s3.eu-west-1.amazonaws.com/2021/06/20/kxu02nktl751/e126e50c-98fd-8d0f-793a-c9b1f986ca33.flac?X-Amz-Algorithm=AWS4-HMAC-SHA256&X-Amz-Content-Sha256=UNSIGNED-PAYLOAD&X-Amz-Credential=AKIA45B7YWBX5HAZMGOU%2F20260223%2Feu-west-1%2Fs3%2Faws4_request&X-Amz-Date=20260223T001138Z&X-Amz-Expires=604800&X-Amz-Signature=ebcc4b4203e3c3793e173dd5f4f27d15da76c534d4d466b144de6d64efaaf8e2&X-Amz-SignedHeaders=host&response-content-disposition=attachment%3B%20filename%3De126e50c-98fd-8d0f-793a-c9b1f986ca33.flac&x-id=GetObject,0.204294801,24261
WW2am-2021-06-21_10-00.flac,2021 Willey Wetlands 2,2021,6,21,10,0,sp22,Simple Call,28.86400032,30.06933403,2625,7219,24000,present,https://rfcx-streams-production.s3.eu-west-1.amazonaws.com/2021/06/21/kxu02nktl751/9676672b-452a-22ff-cb89-1be74271afc4.flac?X-Amz-Algorithm=AWS4-HMAC-SHA256&X-Amz-Content-Sha256=UNSIGNED-PAYLOAD&X-Amz-Credential=AKIA45B7YWBX5HAZMGOU%2F20260223%2Feu-west-1%2Fs3%2Faws4_request&X-Amz-Date=20260223T001138Z&X-Amz-Expires=604800&X-Amz-Signature=74de0a0cebf1594b37d399283b98c84c33812fff870791184cfd5d169a9cca02&X-Amz-SignedHeaders=host&response-content-disposition=attachment%3B%20filename%3D9676672b-452a-22ff-cb89-1be74271afc4.flac&x-id=GetObject,0.271432519,24261
WW2am-2021-06-21_10-20.flac,2021 Willey Wetlands 2,2021,6,21,10,20,sp22,Simple Call,49.59999847,50.80533218,2625,7219,24000,present,https://rfcx-streams-production.s3.eu-west-1.amazonaws.com/2021/06/21/kxu02nktl751/f485fb07-7402-f81f-12c2-a23bbc57c877.flac?X-Amz-Algorithm=AWS4-HMAC-SHA256&X-Amz-Content-Sha256=UNSIGNED-PAYLOAD&X-Amz-Credential=AKIA45B7YWBX5HAZMGOU%2F20260223%2Feu-west-1%2Fs3%2Faws4_request&X-Amz-Date=20260223T001138Z&X-Amz-Expires=604800&X-Amz-Signature=523a60f9cf9af71ffdb24fee8074411251f551b3180ab1884360d71c4fa9c57e&X-Amz-SignedHeaders=host&response-content-disposition=attachment%3B%20filename%3Df485fb07-7402-f81f-12c2-a23bbc57c877.flac&x-id=GetObject,0.283366889,24261
WW2am-2021-06-21_11-00.flac,2021 Willey Wetlands 2,2021,6,21,11,0,sp22,Simple Call,12.36266708,13.56799984,2625,7219,24000,present,https://rfcx-streams-production.s3.eu-west-1.amazonaws.com/2021/06/21/kxu02nktl751/57211abd-45af-a2f1-c933-fa30deb1a516.flac?X-Amz-Algorithm=AWS4-HMAC-SHA256&X-Amz-Content-Sha256=UNSIGNED-PAYLOAD&X-Amz-Credential=AKIA45B7YWBX5HAZMGOU%2F20260223%2Feu-west-1%2Fs3%2Faws4_request&X-Amz-Date=20260223T001138Z&X-Amz-Expires=604800&X-Amz-Signature=48569c22d264a612b29aff2291c3df4171572ba7c7d8dd473eeefaa20b640593&X-Amz-SignedHeaders=host&response-content-disposition=attachment%3B%20filename%3D57211abd-45af-a2f1-c933-fa30deb1a516.flac&x-id=GetObject,0.256685793,24261
WW2am-2021-06-21_12-00.flac,2021 Willey Wetlands 2,2021,6,21,12,0,sp22,Simple Call,4.378666878,5.584000111,2625,7219,24000,present,https://rfcx-streams-production.s3.eu-west-1.amazonaws.com/2021/06/21/kxu02nktl751/549ad083-bee2-29e9-328e-533eaca29ba9.flac?X-Amz-Algorithm=AWS4-HMAC-SHA256&X-Amz-Content-Sha256=UNSIGNED-PAYLOAD&X-Amz-Credential=AKIA45B7YWBX5HAZMGOU%2F20260223%2Feu-west-1%2Fs3%2Faws4_request&X-Amz-Date=20260223T001138Z&X-Amz-Expires=604800&X-Amz-Signature=e3146f9a7da8f9db17a09d89bc181aeaedad04250356dc854ea681c7e545380a&X-Amz-SignedHeaders=host&response-content-disposition=attachment%3B%20filename%3D549ad083-bee2-29e9-328e-533eaca29ba9.flac&x-id=GetObject,0.258926988,24261
WW2am-2021-06-21_12-20.flac,2021 Willey Wetlands 2,2021,6,21,12,20,sp22,Simple Call,17.81333351,19.01866722,2625,7219,24000,present,https://rfcx-streams-production.s3.eu-west-1.amazonaws.com/2021/06/21/kxu02nktl751/0055af04-bcc9-a46e-d15e-e549b696f4e4.flac?X-Amz-Algorithm=AWS4-HMAC-SHA256&X-Amz-Content-Sha256=UNSIGNED-PAYLOAD&X-Amz-Credential=AKIA45B7YWBX5HAZMGOU%2F20260223%2Feu-west-1%2Fs3%2Faws4_request&X-Amz-Date=20260223T001138Z&X-Amz-Expires=604800&X-Amz-Signature=cf8eb5c8c782e985f6cacf5c5a99df3ea6a2bc7f12704ce88259867f4d3bc797&X-Amz-SignedHeaders=host&response-content-disposition=attachment%3B%20filename%3D0055af04-bcc9-a46e-d15e-e549b696f4e4.flac&x-id=GetObject,0.290333092,24261
WW2am-2021-06-21_12-40.flac,2021 Willey Wetlands 2,2021,6,21,12,40,sp22,Simple Call,34.59199905,35.79733276,2625,7219,24000,present,https://rfcx-streams-production.s3.eu-west-1.amazonaws.com/2021/06/21/kxu02nktl751/ea7e8f82-bdbe-ea6e-b432-0e5017383026.flac?X-Amz-Algorithm=AWS4-HMAC-SHA256&X-Amz-Content-Sha256=UNSIGNED-PAYLOAD&X-Amz-Credential=AKIA45B7YWBX5HAZMGOU%2F20260223%2Feu-west-1%2Fs3%2Faws4_request&X-Amz-Date=20260223T001138Z&X-Amz-Expires=604800&X-Amz-Signature=a0b4285492b5228a72c06ae9a64d5263341f14a44fcab8ff8f1cc90de5b32105&X-Amz-SignedHeaders=host&response-content-disposition=attachment%3B%20filename%3Dea7e8f82-bdbe-ea6e-b432-0e5017383026.flac&x-id=GetObject,0.262965113,24261
WW2am-2021-06-21_13-00.flac,2021 Willey Wetlands 2,2021,6,21,13,0,sp22,Simple Call,34.61333466,35.81866837,2625,7219,24000,present,https://rfcx-streams-production.s3.eu-west-1.amazonaws.com/2021/06/21/kxu02nktl751/7d2db54d-231a-30a8-f5fe-c328c9cce78d.flac?X-Amz-Algorithm=AWS4-HMAC-SHA256&X-Amz-Content-Sha256=UNSIGNED-PAYLOAD&X-Amz-Credential=AKIA45B7YWBX5HAZMGOU%2F20260223%2Feu-west-1%2Fs3%2Faws4_request&X-Amz-Date=20260223T001138Z&X-Amz-Expires=604800&X-Amz-Signature=6e5f9ee0f9a50f66b2a217c89c357ff0222f4890d12679a22987e8554e9bb5ba&X-Amz-SignedHeaders=host&response-content-disposition=attachment%3B%20filename%3D7d2db54d-231a-30a8-f5fe-c328c9cce78d.flac&x-id=GetObject,0.267731398,24261
WW2am-2021-06-21_13-40.flac,2021 Willey Wetlands 2,2021,6,21,13,40,sp22,Simple Call,8.602666855,9.807999611,2625,7219,24000,present,https://rfcx-streams-production.s3.eu-west-1.amazonaws.com/2021/06/21/kxu02nktl751/888b038f-24fc-456f-4ccd-8d68b6426d4c.flac?X-Amz-Algorithm=AWS4-HMAC-SHA256&X-Amz-Content-Sha256=UNSIGNED-PAYLOAD&X-Amz-Credential=AKIA45B7YWBX5HAZMGOU%2F20260223%2Feu-west-1%2Fs3%2Faws4_request&X-Amz-Date=20260223T001138Z&X-Amz-Expires=604800&X-Amz-Signature=adeb01a9852222264999b7a1da73b125b6d747b8083dcea2b3f204a399e4f94a&X-Amz-SignedHeaders=host&response-content-disposition=attachment%3B%20filename%3D888b038f-24fc-456f-4ccd-8d68b6426d4c.flac&x-id=GetObject,0.37066552,24261
WW2am-2021-06-21_14-20.flac,2021 Willey Wetlands 2,2021,6,21,14,20,sp22,Simple Call,3.914666653,5.119999886,2625,7219,24000,present,https://rfcx-streams-production.s3.eu-west-1.amazonaws.com/2021/06/21/kxu02nktl751/5b5f587d-3c8b-3fef-b352-ff5c9c21b609.flac?X-Amz-Algorithm=AWS4-HMAC-SHA256&X-Amz-Content-Sha256=UNSIGNED-PAYLOAD&X-Amz-Credential=AKIA45B7YWBX5HAZMGOU%2F20260223%2Feu-west-1%2Fs3%2Faws4_request&X-Amz-Date=20260223T001138Z&X-Amz-Expires=604800&X-Amz-Signature=90b92df0d9715c7a70cfdfeae093c8cbab7ae9cbb36558c1c77fb5e23e8c17f9&X-Amz-SignedHeaders=host&response-content-disposition=attachment%3B%20filename%3D5b5f587d-3c8b-3fef-b352-ff5c9c21b609.flac&x-id=GetObject,0.243048072,24261
WW2am-2021-06-21_14-40.flac,2021 Willey Wetlands 2,2021,6,21,14,40,sp22,Simple Call,26.4746666,27.68000031,2625,7219,24000,present,https://rfcx-streams-production.s3.eu-west-1.amazonaws.com/2021/06/21/kxu02nktl751/e13b4be6-2027-7445-94ac-1f43a4a8a353.flac?X-Amz-Algorithm=AWS4-HMAC-SHA256&X-Amz-Content-Sha256=UNSIGNED-PAYLOAD&X-Amz-Credential=AKIA45B7YWBX5HAZMGOU%2F20260223%2Feu-west-1%2Fs3%2Faws4_request&X-Amz-Date=20260223T001138Z&X-Amz-Expires=604800&X-Amz-Signature=b593a0922a5bd78f7f4951415f64e3d2283b0252915596aa02138a5b090c2037&X-Amz-SignedHeaders=host&response-content-disposition=attachment%3B%20filename%3De13b4be6-2027-7445-94ac-1f43a4a8a353.flac&x-id=GetObject,0.350833744,24261
WW2am-2021-06-21_15-00.flac,2021 Willey Wetlands 2,2021,6,21,15,0,sp22,Simple Call,33.36000061,34.56533432,2625,7219,24000,present,https://rfcx-streams-production.s3.eu-west-1.amazonaws.com/2021/06/21/kxu02nktl751/4071e498-1b50-820f-f7b9-41c25a18c908.flac?X-Amz-Algorithm=AWS4-HMAC-SHA256&X-Amz-Content-Sha256=UNSIGNED-PAYLOAD&X-Amz-Credential=AKIA45B7YWBX5HAZMGOU%2F20260223%2Feu-west-1%2Fs3%2Faws4_request&X-Amz-Date=20260223T001138Z&X-Amz-Expires=604800&X-Amz-Signature=35a47c531a739e9fbc61cde97adf0fdec693f45e876f68815264f5915b8e7bd8&X-Amz-SignedHeaders=host&response-content-disposition=attachment%3B%20filename%3D4071e498-1b50-820f-f7b9-41c25a18c908.flac&x-id=GetObject,0.206830934,24261
WW2am-2021-06-21_15-20.flac,2021 Willey Wetlands 2,2021,6,21,15,20,sp22,Simple Call,26.34666634,27.55200005,2625,7219,24000,present,https://rfcx-streams-production.s3.eu-west-1.amazonaws.com/2021/06/21/kxu02nktl751/d37bb03c-3ee6-8c99-3f70-7aa888b08351.flac?X-Amz-Algorithm=AWS4-HMAC-SHA256&X-Amz-Content-Sha256=UNSIGNED-PAYLOAD&X-Amz-Credential=AKIA45B7YWBX5HAZMGOU%2F20260223%2Feu-west-1%2Fs3%2Faws4_request&X-Amz-Date=20260223T001138Z&X-Amz-Expires=604800&X-Amz-Signature=11496ba70b138444d4a8fd5d78a034a67527efbb2c1f1ba3dae752f2f24f79dc&X-Amz-SignedHeaders=host&response-content-disposition=attachment%3B%20filename%3Dd37bb03c-3ee6-8c99-3f70-7aa888b08351.flac&x-id=GetObject,0.235517919,24261
WW2am-2021-06-21_15-40.flac,2021 Willey Wetlands 2,2021,6,21,15,40,sp22,Simple Call,20.37866592,21.58399963,2625,7219,24000,present,https://rfcx-streams-production.s3.eu-west-1.amazonaws.com/2021/06/21/kxu02nktl751/8a26d8c9-c7c1-474c-5e4f-1cc41da292f6.flac?X-Amz-Algorithm=AWS4-HMAC-SHA256&X-Amz-Content-Sha256=UNSIGNED-PAYLOAD&X-Amz-Credential=AKIA45B7YWBX5HAZMGOU%2F20260223%2Feu-west-1%2Fs3%2Faws4_request&X-Amz-Date=20260223T001138Z&X-Amz-Expires=604800&X-Amz-Signature=36f0ceebc13ba3adf28c1f89fe1fe9fe5dc0637ea1b44ef61f7bc561b86be0f4&X-Amz-SignedHeaders=host&response-content-disposition=attachment%3B%20filename%3D8a26d8c9-c7c1-474c-5e4f-1cc41da292f6.flac&x-id=GetObject,0.237027511,24261
WW2am-2021-06-21_16-00.flac,2021 Willey Wetlands 2,2021,6,21,16,0,sp22,Simple Call,43.17333221,44.37866592,2625,7219,24000,present,https://rfcx-streams-production.s3.eu-west-1.amazonaws.com/2021/06/21/kxu02nktl751/95629408-da9b-a804-9d0e-1db8501e848e.flac?X-Amz-Algorithm=AWS4-HMAC-SHA256&X-Amz-Content-Sha256=UNSIGNED-PAYLOAD&X-Amz-Credential=AKIA45B7YWBX5HAZMGOU%2F20260223%2Feu-west-1%2Fs3%2Faws4_request&X-Amz-Date=20260223T001138Z&X-Amz-Expires=604800&X-Amz-Signature=e3378a27719c273177b96840d49510288190fbf0c835597576a812faf4ab51dd&X-Amz-SignedHeaders=host&response-content-disposition=attachment%3B%20filename%3D95629408-da9b-a804-9d0e-1db8501e848e.flac&x-id=GetObject,0.330340803,24261
WW2am-2021-06-21_16-20.flac,2021 Willey Wetlands 2,2021,6,21,16,20,sp22,Simple Call,39.0613327,40.26666641,2625,7219,24000,present,https://rfcx-streams-production.s3.eu-west-1.amazonaws.com/2021/06/21/kxu02nktl751/42030d55-faa4-6a97-6cd8-d40a7608f8e3.flac?X-Amz-Algorithm=AWS4-HMAC-SHA256&X-Amz-Content-Sha256=UNSIGNED-PAYLOAD&X-Amz-Credential=AKIA45B7YWBX5HAZMGOU%2F20260223%2Feu-west-1%2Fs3%2Faws4_request&X-Amz-Date=20260223T001138Z&X-Amz-Expires=604800&X-Amz-Signature=5732d1d6789d40bfed3e4661882d420287709d48d40c56e9e7b727def5e5f918&X-Amz-SignedHeaders=host&response-content-disposition=attachment%3B%20filename%3D42030d55-faa4-6a97-6cd8-d40a7608f8e3.flac&x-id=GetObject,0.287208438,24261
WW2am-2021-06-21_16-40.flac,2021 Willey Wetlands 2,2021,6,21,16,40,sp22,Simple Call,18.66133308,19.86666679,2625,7219,24000,present,https://rfcx-streams-production.s3.eu-west-1.amazonaws.com/2021/06/21/kxu02nktl751/2ee4dc04-db7c-919a-b8e9-0fbbc14ab437.flac?X-Amz-Algorithm=AWS4-HMAC-SHA256&X-Amz-Content-Sha256=UNSIGNED-PAYLOAD&X-Amz-Credential=AKIA45B7YWBX5HAZMGOU%2F20260223%2Feu-west-1%2Fs3%2Faws4_request&X-Amz-Date=20260223T001138Z&X-Amz-Expires=604800&X-Amz-Signature=f1cbbf4972729981282723d6e360674d9bc80165e8d90b19d623e8d8e46ef835&X-Amz-SignedHeaders=host&response-content-disposition=attachment%3B%20filename%3D2ee4dc04-db7c-919a-b8e9-0fbbc14ab437.flac&x-id=GetObject,0.300176531,24261
WW2am-2021-06-21_17-40.flac,2021 Willey Wetlands 2,2021,6,21,17,40,sp22,Simple Call,15.47200012,16.67733383,2625,7219,24000,present,https://rfcx-streams-production.s3.eu-west-1.amazonaws.com/2021/06/21/kxu02nktl751/5e5a05fd-1bb1-47eb-cd00-3ba43c042df8.flac?X-Amz-Algorithm=AWS4-HMAC-SHA256&X-Amz-Content-Sha256=UNSIGNED-PAYLOAD&X-Amz-Credential=AKIA45B7YWBX5HAZMGOU%2F20260223%2Feu-west-1%2Fs3%2Faws4_request&X-Amz-Date=20260223T001138Z&X-Amz-Expires=604800&X-Amz-Signature=9bb1b1811d293490b19d00efdc01b727af15161345271f190398616d12a8a2b7&X-Amz-SignedHeaders=host&response-content-disposition=attachment%3B%20filename%3D5e5a05fd-1bb1-47eb-cd00-3ba43c042df8.flac&x-id=GetObject,0.20266518,24261
WW2am-2021-06-22_06-20.flac,2021 Willey Wetlands 2,2021,6,22,6,20,sp22,Simple Call,33.10933304,34.31466675,2625,7219,24000,present,https://rfcx-streams-production.s3.eu-west-1.amazonaws.com/2021/06/21/kxu02nktl751/179b375e-7680-e7c3-e8f9-fe2cf9cebcc5.flac?X-Amz-Algorithm=AWS4-HMAC-SHA256&X-Amz-Content-Sha256=UNSIGNED-PAYLOAD&X-Amz-Credential=AKIA45B7YWBX5HAZMGOU%2F20260223%2Feu-west-1%2Fs3%2Faws4_request&X-Amz-Date=20260223T001138Z&X-Amz-Expires=604800&X-Amz-Signature=5fae6434fba30f1d70f3ea8b36cd952ba6ccb74c91e4397a4c8556e14e2b9202&X-Amz-SignedHeaders=host&response-content-disposition=attachment%3B%20filename%3D179b375e-7680-e7c3-e8f9-fe2cf9cebcc5.flac&x-id=GetObject,0.24844408,24261
WW2am-2021-06-22_07-20.flac,2021 Willey Wetlands 2,2021,6,22,7,20,sp22,Simple Call,56.87466812,58.08000183,2625,7219,24000,present,https://rfcx-streams-production.s3.eu-west-1.amazonaws.com/2021/06/22/kxu02nktl751/0c529694-3a76-65f3-61f1-abf31942140a.flac?X-Amz-Algorithm=AWS4-HMAC-SHA256&X-Amz-Content-Sha256=UNSIGNED-PAYLOAD&X-Amz-Credential=AKIA45B7YWBX5HAZMGOU%2F20260223%2Feu-west-1%2Fs3%2Faws4_request&X-Amz-Date=20260223T001138Z&X-Amz-Expires=604800&X-Amz-Signature=24fabaeb5bc3159de1dc57cfdd655d4b03aa468617e53526f498169de0123d2f&X-Amz-SignedHeaders=host&response-content-disposition=attachment%3B%20filename%3D0c529694-3a76-65f3-61f1-abf31942140a.flac&x-id=GetObject,0.300542593,24261
WW2am-2021-06-22_08-20.flac,2021 Willey Wetlands 2,2021,6,22,8,20,sp22,Simple Call,30.73066711,31.93600082,2625,7219,24000,present,https://rfcx-streams-production.s3.eu-west-1.amazonaws.com/2021/06/22/kxu02nktl751/17f13249-3691-792b-f464-dcd132755f45.flac?X-Amz-Algorithm=AWS4-HMAC-SHA256&X-Amz-Content-Sha256=UNSIGNED-PAYLOAD&X-Amz-Credential=AKIA45B7YWBX5HAZMGOU%2F20260223%2Feu-west-1%2Fs3%2Faws4_request&X-Amz-Date=20260223T001138Z&X-Amz-Expires=604800&X-Amz-Signature=886a636bd972dd1d25672a540c53bf564742ceacbf84679e0b0cfaa6a4ac4614&X-Amz-SignedHeaders=host&response-content-disposition=attachment%3B%20filename%3D17f13249-3691-792b-f464-dcd132755f45.flac&x-id=GetObject,0.236965746,24261
WW2am-2021-06-22_10-20.flac,2021 Willey Wetlands 2,2021,6,22,10,20,sp22,Simple Call,24.36266708,25.56800079,2625,7219,24000,present,https://rfcx-streams-production.s3.eu-west-1.amazonaws.com/2021/06/22/kxu02nktl751/63d53774-a4da-9603-c007-7846cafa02ad.flac?X-Amz-Algorithm=AWS4-HMAC-SHA256&X-Amz-Content-Sha256=UNSIGNED-PAYLOAD&X-Amz-Credential=AKIA45B7YWBX5HAZMGOU%2F20260223%2Feu-west-1%2Fs3%2Faws4_request&X-Amz-Date=20260223T001138Z&X-Amz-Expires=604800&X-Amz-Signature=ae2f49ed1d7123ce81192772053bfb5d63c7c509fc607d039793907fb3506ae5&X-Amz-SignedHeaders=host&response-content-disposition=attachment%3B%20filename%3D63d53774-a4da-9603-c007-7846cafa02ad.flac&x-id=GetObject,0.212423071,24261
WW2am-2021-06-22_11-20.flac,2021 Willey Wetlands 2,2021,6,22,11,20,sp22,Simple Call,31.54133415,32.74666595,2625,7219,24000,present,https://rfcx-streams-production.s3.eu-west-1.amazonaws.com/2021/06/22/kxu02nktl751/086cbff9-ffea-232b-5e69-b5f4b0dd0ba1.flac?X-Amz-Algorithm=AWS4-HMAC-SHA256&X-Amz-Content-Sha256=UNSIGNED-PAYLOAD&X-Amz-Credential=AKIA45B7YWBX5HAZMGOU%2F20260223%2Feu-west-1%2Fs3%2Faws4_request&X-Amz-Date=20260223T001138Z&X-Amz-Expires=604800&X-Amz-Signature=1c03d4002fe1d09a3343ac9e81f9a593fd7666773740b6a21e37fea607de3a81&X-Amz-SignedHeaders=host&response-content-disposition=attachment%3B%20filename%3D086cbff9-ffea-232b-5e69-b5f4b0dd0ba1.flac&x-id=GetObject,0.236823082,24261
WW2am-2021-06-22_11-40.flac,2021 Willey Wetlands 2,2021,6,22,11,40,sp22,Simple Call,47.41333389,48.6186676,2625,7219,24000,present,https://rfcx-streams-production.s3.eu-west-1.amazonaws.com/2021/06/22/kxu02nktl751/6d352099-c8d6-1a2f-043d-52cb5cbfd12c.flac?X-Amz-Algorithm=AWS4-HMAC-SHA256&X-Amz-Content-Sha256=UNSIGNED-PAYLOAD&X-Amz-Credential=AKIA45B7YWBX5HAZMGOU%2F20260223%2Feu-west-1%2Fs3%2Faws4_request&X-Amz-Date=20260223T001138Z&X-Amz-Expires=604800&X-Amz-Signature=397af4f8a6becdbe7495a07479bed87dbda8d4fc302c8c50b11d83a9a3cbdcee&X-Amz-SignedHeaders=host&response-content-disposition=attachment%3B%20filename%3D6d352099-c8d6-1a2f-043d-52cb5cbfd12c.flac&x-id=GetObject,0.265089244,24261
WW2am-2021-06-22_12-00.flac,2021 Willey Wetlands 2,2021,6,22,12,0,sp22,Simple Call,3.578666687,4.78399992,2625,7219,24000,present,https://rfcx-streams-production.s3.eu-west-1.amazonaws.com/2021/06/22/kxu02nktl751/d16a01b8-76cf-1c63-4807-5ccf98a2350f.flac?X-Amz-Algorithm=AWS4-HMAC-SHA256&X-Amz-Content-Sha256=UNSIGNED-PAYLOAD&X-Amz-Credential=AKIA45B7YWBX5HAZMGOU%2F20260223%2Feu-west-1%2Fs3%2Faws4_request&X-Amz-Date=20260223T001138Z&X-Amz-Expires=604800&X-Amz-Signature=0b53a947da04eca63e35729f5c40b3dee5b03d1416d8ca56e4186fc6ba60bad9&X-Amz-SignedHeaders=host&response-content-disposition=attachment%3B%20filename%3Dd16a01b8-76cf-1c63-4807-5ccf98a2350f.flac&x-id=GetObject,0.347657949,24261
WW2am-2021-06-22_12-20.flac,2021 Willey Wetlands 2,2021,6,22,12,20,sp22,Simple Call,26.64533424,27.85066605,2625,7219,24000,present,https://rfcx-streams-production.s3.eu-west-1.amazonaws.com/2021/06/22/kxu02nktl751/b6787e5a-89a8-c67a-6db1-1350dd457b81.flac?X-Amz-Algorithm=AWS4-HMAC-SHA256&X-Amz-Content-Sha256=UNSIGNED-PAYLOAD&X-Amz-Credential=AKIA45B7YWBX5HAZMGOU%2F20260223%2Feu-west-1%2Fs3%2Faws4_request&X-Amz-Date=20260223T001138Z&X-Amz-Expires=604800&X-Amz-Signature=8eea9cd1483f4e9ef0c13d44230898487ccc23eed1f7f87343437188f147e022&X-Amz-SignedHeaders=host&response-content-disposition=attachment%3B%20filename%3Db6787e5a-89a8-c67a-6db1-1350dd457b81.flac&x-id=GetObject,0.202464536,24261
WW2am-2021-06-22_12-40.flac,2021 Willey Wetlands 2,2021,6,22,12,40,sp22,Simple Call,4.92266655,6.127999783,2625,7219,24000,present,https://rfcx-streams-production.s3.eu-west-1.amazonaws.com/2021/06/22/kxu02nktl751/2ad4b2d1-cfb5-f663-b794-e2cbfaffdfb3.flac?X-Amz-Algorithm=AWS4-HMAC-SHA256&X-Amz-Content-Sha256=UNSIGNED-PAYLOAD&X-Amz-Credential=AKIA45B7YWBX5HAZMGOU%2F20260223%2Feu-west-1%2Fs3%2Faws4_request&X-Amz-Date=20260223T001138Z&X-Amz-Expires=604800&X-Amz-Signature=1f637daa4329dcd0d9a43a8b4c6809dc7d9be2105e191ddcc110ee588a1fcaa6&X-Amz-SignedHeaders=host&response-content-disposition=attachment%3B%20filename%3D2ad4b2d1-cfb5-f663-b794-e2cbfaffdfb3.flac&x-id=GetObject,0.286683172,24261
WW2am-2021-06-22_13-00.flac,2021 Willey Wetlands 2,2021,6,22,13,0,sp22,Simple Call,29.27466583,30.47999954,2625,7219,24000,present,https://rfcx-streams-production.s3.eu-west-1.amazonaws.com/2021/06/22/kxu02nktl751/9df84d59-178f-6305-da41-29711979bc0c.flac?X-Amz-Algorithm=AWS4-HMAC-SHA256&X-Amz-Content-Sha256=UNSIGNED-PAYLOAD&X-Amz-Credential=AKIA45B7YWBX5HAZMGOU%2F20260223%2Feu-west-1%2Fs3%2Faws4_request&X-Amz-Date=20260223T001138Z&X-Amz-Expires=604800&X-Amz-Signature=f49167bb133e31a9ef87a3e0941d148c27791c71e8d12c1109354721164954b5&X-Amz-SignedHeaders=host&response-content-disposition=attachment%3B%20filename%3D9df84d59-178f-6305-da41-29711979bc0c.flac&x-id=GetObject,0.258194208,24261
WW2am-2021-06-22_13-40.flac,2021 Willey Wetlands 2,2021,6,22,13,40,sp22,Simple Call,47.74399948,48.94933319,2625,7219,24000,present,https://rfcx-streams-production.s3.eu-west-1.amazonaws.com/2021/06/22/kxu02nktl751/0099f7f7-a468-7588-9a2b-34a5711cc189.flac?X-Amz-Algorithm=AWS4-HMAC-SHA256&X-Amz-Content-Sha256=UNSIGNED-PAYLOAD&X-Amz-Credential=AKIA45B7YWBX5HAZMGOU%2F20260223%2Feu-west-1%2Fs3%2Faws4_request&X-Amz-Date=20260223T001138Z&X-Amz-Expires=604800&X-Amz-Signature=2c3513d5ffadf131ca9856ea2e305f3815a0b420f36e4f0a9e469604de933f11&X-Amz-SignedHeaders=host&response-content-disposition=attachment%3B%20filename%3D0099f7f7-a468-7588-9a2b-34a5711cc189.flac&x-id=GetObject,0.281877309,24261
WW2am-2021-06-22_14-00.flac,2021 Willey Wetlands 2,2021,6,22,14,0,sp22,Simple Call,31.05599976,32.26133347,2625,7219,24000,present,https://rfcx-streams-production.s3.eu-west-1.amazonaws.com/2021/06/22/kxu02nktl751/1e944e72-b6b4-3744-9789-25aace5b07a7.flac?X-Amz-Algorithm=AWS4-HMAC-SHA256&X-Amz-Content-Sha256=UNSIGNED-PAYLOAD&X-Amz-Credential=AKIA45B7YWBX5HAZMGOU%2F20260223%2Feu-west-1%2Fs3%2Faws4_request&X-Amz-Date=20260223T001138Z&X-Amz-Expires=604800&X-Amz-Signature=8c2ee53eeea1d0a487104fb93dc45026dba9652b03702daddb460145474abc76&X-Amz-SignedHeaders=host&response-content-disposition=attachment%3B%20filename%3D1e944e72-b6b4-3744-9789-25aace5b07a7.flac&x-id=GetObject,0.271378368,24261
WW2am-2021-06-22_14-20.flac,2021 Willey Wetlands 2,2021,6,22,14,20,sp22,Simple Call,2.655999899,3.86133337,2625,7219,24000,present,https://rfcx-streams-production.s3.eu-west-1.amazonaws.com/2021/06/22/kxu02nktl751/41e55ddc-c682-8e86-e875-196724ad50d3.flac?X-Amz-Algorithm=AWS4-HMAC-SHA256&X-Amz-Content-Sha256=UNSIGNED-PAYLOAD&X-Amz-Credential=AKIA45B7YWBX5HAZMGOU%2F20260223%2Feu-west-1%2Fs3%2Faws4_request&X-Amz-Date=20260223T001138Z&X-Amz-Expires=604800&X-Amz-Signature=42cb36794108f51157ea0755fb824aa94403cc83da87c9fbe1b598e740555826&X-Amz-SignedHeaders=host&response-content-disposition=attachment%3B%20filename%3D41e55ddc-c682-8e86-e875-196724ad50d3.flac&x-id=GetObject,0.25858885,24261
WW2am-2021-06-22_15-00.flac,2021 Willey Wetlands 2,2021,6,22,15,0,sp22,Simple Call,19.90399933,21.10933304,2625,7219,24000,present,https://rfcx-streams-production.s3.eu-west-1.amazonaws.com/2021/06/22/kxu02nktl751/3bc73968-9737-7ea8-b045-3e08859ba848.flac?X-Amz-Algorithm=AWS4-HMAC-SHA256&X-Amz-Content-Sha256=UNSIGNED-PAYLOAD&X-Amz-Credential=AKIA45B7YWBX5HAZMGOU%2F20260223%2Feu-west-1%2Fs3%2Faws4_request&X-Amz-Date=20260223T001138Z&X-Amz-Expires=604800&X-Amz-Signature=d1352b5fd0f8f6de09e80040d12f357f7745a118e421b8882df4a623e2cc175e&X-Amz-SignedHeaders=host&response-content-disposition=attachment%3B%20filename%3D3bc73968-9737-7ea8-b045-3e08859ba848.flac&x-id=GetObject,0.232401282,24261
WW2am-2021-06-22_15-20.flac,2021 Willey Wetlands 2,2021,6,22,15,20,sp22,Simple Call,6.671999931,7.877333164,2625,7219,24000,present,https://rfcx-streams-production.s3.eu-west-1.amazonaws.com/2021/06/22/kxu02nktl751/94e7f375-1016-4e8b-5102-7f22fa3f78eb.flac?X-Amz-Algorithm=AWS4-HMAC-SHA256&X-Amz-Content-Sha256=UNSIGNED-PAYLOAD&X-Amz-Credential=AKIA45B7YWBX5HAZMGOU%2F20260223%2Feu-west-1%2Fs3%2Faws4_request&X-Amz-Date=20260223T001138Z&X-Amz-Expires=604800&X-Amz-Signature=42434704ef58a726cd6d6186b929fbafe4670329042769cd89f7dbefefcd19a5&X-Amz-SignedHeaders=host&response-content-disposition=attachment%3B%20filename%3D94e7f375-1016-4e8b-5102-7f22fa3f78eb.flac&x-id=GetObject,0.319724172,24261
WW2am-2021-06-22_15-40.flac,2021 Willey Wetlands 2,2021,6,22,15,40,sp22,Simple Call,51.53066635,52.73600006,2625,7219,24000,present,https://rfcx-streams-production.s3.eu-west-1.amazonaws.com/2021/06/22/kxu02nktl751/0246969c-6666-d081-b5de-4f10d342af43.flac?X-Amz-Algorithm=AWS4-HMAC-SHA256&X-Amz-Content-Sha256=UNSIGNED-PAYLOAD&X-Amz-Credential=AKIA45B7YWBX5HAZMGOU%2F20260223%2Feu-west-1%2Fs3%2Faws4_request&X-Amz-Date=20260223T001138Z&X-Amz-Expires=604800&X-Amz-Signature=c7d88286ea319b5c460b358096516902d359f80e5541c8698f9900a5dfc6fe38&X-Amz-SignedHeaders=host&response-content-disposition=attachment%3B%20filename%3D0246969c-6666-d081-b5de-4f10d342af43.flac&x-id=GetObject,0.239110261,24261
WW2am-2021-06-22_16-20.flac,2021 Willey Wetlands 2,2021,6,22,16,20,sp22,Simple Call,19.31200027,20.51733398,2625,7219,24000,present,https://rfcx-streams-production.s3.eu-west-1.amazonaws.com/2021/06/22/kxu02nktl751/4585560e-45fb-47c6-2515-5d15651f71e2.flac?X-Amz-Algorithm=AWS4-HMAC-SHA256&X-Amz-Content-Sha256=UNSIGNED-PAYLOAD&X-Amz-Credential=AKIA45B7YWBX5HAZMGOU%2F20260223%2Feu-west-1%2Fs3%2Faws4_request&X-Amz-Date=20260223T001138Z&X-Amz-Expires=604800&X-Amz-Signature=adc846695047d34437e1b929b15bbae49de54f486586296fc92b333555760c7a&X-Amz-SignedHeaders=host&response-content-disposition=attachment%3B%20filename%3D4585560e-45fb-47c6-2515-5d15651f71e2.flac&x-id=GetObject,0.226567984,24261
WW2am-2021-06-22_16-40.flac,2021 Willey Wetlands 2,2021,6,22,16,40,sp22,Simple Call,53.75999832,54.96533203,2625,7219,24000,present,https://rfcx-streams-production.s3.eu-west-1.amazonaws.com/2021/06/22/kxu02nktl751/97f9f530-6cc0-d4db-a077-6e0eef7c392a.flac?X-Amz-Algorithm=AWS4-HMAC-SHA256&X-Amz-Content-Sha256=UNSIGNED-PAYLOAD&X-Amz-Credential=AKIA45B7YWBX5HAZMGOU%2F20260223%2Feu-west-1%2Fs3%2Faws4_request&X-Amz-Date=20260223T001138Z&X-Amz-Expires=604800&X-Amz-Signature=666e79e56834a78daff1f78831cec121c818d67f687518f9eab2021d1c6aec52&X-Amz-SignedHeaders=host&response-content-disposition=attachment%3B%20filename%3D97f9f530-6cc0-d4db-a077-6e0eef7c392a.flac&x-id=GetObject,0.281572312,24261
WW2am-2021-06-22_17-20.flac,2021 Willey Wetlands 2,2021,6,22,17,20,sp22,Simple Call,13.15733337,14.36266708,2625,7219,24000,present,https://rfcx-streams-production.s3.eu-west-1.amazonaws.com/2021/06/22/kxu02nktl751/ab4eb914-a64c-f28f-4d80-ca20d2f47aca.flac?X-Amz-Algorithm=AWS4-HMAC-SHA256&X-Amz-Content-Sha256=UNSIGNED-PAYLOAD&X-Amz-Credential=AKIA45B7YWBX5HAZMGOU%2F20260223%2Feu-west-1%2Fs3%2Faws4_request&X-Amz-Date=20260223T001138Z&X-Amz-Expires=604800&X-Amz-Signature=da11ddebd1a7b9b0088c4f563dc0a32605af129b2857640c918b995a7974ea3a&X-Amz-SignedHeaders=host&response-content-disposition=attachment%3B%20filename%3Dab4eb914-a64c-f28f-4d80-ca20d2f47aca.flac&x-id=GetObject,0.216902331,24261
WW2am-2021-06-23_06-00.flac,2021 Willey Wetlands 2,2021,6,23,6,0,sp22,Simple Call,22.18666649,23.3920002,2625,7219,24000,present,https://rfcx-streams-production.s3.eu-west-1.amazonaws.com/2021/06/22/kxu02nktl751/39a7159c-8dad-d305-db9a-99cd5308478d.flac?X-Amz-Algorithm=AWS4-HMAC-SHA256&X-Amz-Content-Sha256=UNSIGNED-PAYLOAD&X-Amz-Credential=AKIA45B7YWBX5HAZMGOU%2F20260223%2Feu-west-1%2Fs3%2Faws4_request&X-Amz-Date=20260223T001138Z&X-Amz-Expires=604800&X-Amz-Signature=989002d6afb26956e30d1b997cfd2b6bab14e04da15c784836d55876235aa25c&X-Amz-SignedHeaders=host&response-content-disposition=attachment%3B%20filename%3D39a7159c-8dad-d305-db9a-99cd5308478d.flac&x-id=GetObject,0.237735346,24261
WW2am-2021-06-23_07-20.flac,2021 Willey Wetlands 2,2021,6,23,7,20,sp22,Simple Call,0.997333348,2.202666759,2625,7219,24000,present,https://rfcx-streams-production.s3.eu-west-1.amazonaws.com/2021/06/23/kxu02nktl751/53509ebb-ae7d-d95d-9090-bcc447f38b40.flac?X-Amz-Algorithm=AWS4-HMAC-SHA256&X-Amz-Content-Sha256=UNSIGNED-PAYLOAD&X-Amz-Credential=AKIA45B7YWBX5HAZMGOU%2F20260223%2Feu-west-1%2Fs3%2Faws4_request&X-Amz-Date=20260223T001138Z&X-Amz-Expires=604800&X-Amz-Signature=4906064ff8c24124a3d88ade48cc2d6db653dcf1862ee386c8016ac7f23966bf&X-Amz-SignedHeaders=host&response-content-disposition=attachment%3B%20filename%3D53509ebb-ae7d-d95d-9090-bcc447f38b40.flac&x-id=GetObject,0.32301107,24261
WW2am-2021-06-23_07-40.flac,2021 Willey Wetlands 2,2021,6,23,7,40,sp22,Simple Call,53.99466705,55.20000076,2625,7219,24000,present,https://rfcx-streams-production.s3.eu-west-1.amazonaws.com/2021/06/23/kxu02nktl751/aaf7b66c-f7c9-fd4e-f41d-366b4cf5574c.flac?X-Amz-Algorithm=AWS4-HMAC-SHA256&X-Amz-Content-Sha256=UNSIGNED-PAYLOAD&X-Amz-Credential=AKIA45B7YWBX5HAZMGOU%2F20260223%2Feu-west-1%2Fs3%2Faws4_request&X-Amz-Date=20260223T001138Z&X-Amz-Expires=604800&X-Amz-Signature=9b330cc8f7d093a4b6be9b45f3dbb16939e6320b64b8d1ed67db4243f7415e7c&X-Amz-SignedHeaders=host&response-content-disposition=attachment%3B%20filename%3Daaf7b66c-f7c9-fd4e-f41d-366b4cf5574c.flac&x-id=GetObject,0.237662494,24261
WW2am-2021-06-23_08-00.flac,2021 Willey Wetlands 2,2021,6,23,8,0,sp22,Simple Call,52.27199936,53.47733307,2625,7219,24000,present,https://rfcx-streams-production.s3.eu-west-1.amazonaws.com/2021/06/23/kxu02nktl751/ee17ea39-3895-e0dd-9a4d-43057966a053.flac?X-Amz-Algorithm=AWS4-HMAC-SHA256&X-Amz-Content-Sha256=UNSIGNED-PAYLOAD&X-Amz-Credential=AKIA45B7YWBX5HAZMGOU%2F20260223%2Feu-west-1%2Fs3%2Faws4_request&X-Amz-Date=20260223T001138Z&X-Amz-Expires=604800&X-Amz-Signature=3cd10c547bffdcd9d24fade92c50882a737a2e1d4b2fee49411311d51184112e&X-Amz-SignedHeaders=host&response-content-disposition=attachment%3B%20filename%3Dee17ea39-3895-e0dd-9a4d-43057966a053.flac&x-id=GetObject,0.270566285,24261
WW2am-2021-06-23_09-00.flac,2021 Willey Wetlands 2,2021,6,23,9,0,sp22,Simple Call,21.0826664,22.28800011,2625,7219,24000,present,https://rfcx-streams-production.s3.eu-west-1.amazonaws.com/2021/06/23/kxu02nktl751/2887ea8f-5a79-eace-c1e7-c07b0d186cc1.flac?X-Amz-Algorithm=AWS4-HMAC-SHA256&X-Amz-Content-Sha256=UNSIGNED-PAYLOAD&X-Amz-Credential=AKIA45B7YWBX5HAZMGOU%2F20260223%2Feu-west-1%2Fs3%2Faws4_request&X-Amz-Date=20260223T001138Z&X-Amz-Expires=604800&X-Amz-Signature=389c3537ee59d7c1213dae11a66a0f3dae9f1911633d9b104308ad214d6abb5b&X-Amz-SignedHeaders=host&response-content-disposition=attachment%3B%20filename%3D2887ea8f-5a79-eace-c1e7-c07b0d186cc1.flac&x-id=GetObject,0.240533203,24261
WW2am-2021-06-23_09-40.flac,2021 Willey Wetlands 2,2021,6,23,9,40,sp22,Simple Call,26.81599998,28.02133369,2625,7219,24000,present,https://rfcx-streams-production.s3.eu-west-1.amazonaws.com/2021/06/23/kxu02nktl751/13c89870-094c-9fdf-8401-c3e0b2ecb415.flac?X-Amz-Algorithm=AWS4-HMAC-SHA256&X-Amz-Content-Sha256=UNSIGNED-PAYLOAD&X-Amz-Credential=AKIA45B7YWBX5HAZMGOU%2F20260223%2Feu-west-1%2Fs3%2Faws4_request&X-Amz-Date=20260223T001138Z&X-Amz-Expires=604800&X-Amz-Signature=274ab6478ba29e9784e9d6f13d2951f12bace1fb15ecf71760d0cf1f0094979f&X-Amz-SignedHeaders=host&response-content-disposition=attachment%3B%20filename%3D13c89870-094c-9fdf-8401-c3e0b2ecb415.flac&x-id=GetObject,0.292010099,24261
WW2am-2021-06-23_10-20.flac,2021 Willey Wetlands 2,2021,6,23,10,20,sp22,Simple Call,47.44533157,48.65066528,2625,7219,24000,present,https://rfcx-streams-production.s3.eu-west-1.amazonaws.com/2021/06/23/kxu02nktl751/2e11e8dc-3420-84f7-f710-91d89b4866f0.flac?X-Amz-Algorithm=AWS4-HMAC-SHA256&X-Amz-Content-Sha256=UNSIGNED-PAYLOAD&X-Amz-Credential=AKIA45B7YWBX5HAZMGOU%2F20260223%2Feu-west-1%2Fs3%2Faws4_request&X-Amz-Date=20260223T001138Z&X-Amz-Expires=604800&X-Amz-Signature=fb1165a2e6e6c5d025d513ae197483a53e9edc30a47eb62d29d3e3b7830cf4ca&X-Amz-SignedHeaders=host&response-content-disposition=attachment%3B%20filename%3D2e11e8dc-3420-84f7-f710-91d89b4866f0.flac&x-id=GetObject,0.249557093,24261
WW2am-2021-06-23_11-20.flac,2021 Willey Wetlands 2,2021,6,23,11,20,sp22,Simple Call,3.461333275,4.666666508,2625,7219,24000,present,https://rfcx-streams-production.s3.eu-west-1.amazonaws.com/2021/06/23/kxu02nktl751/768577b9-da43-7425-e9bc-ff6a420b0de2.flac?X-Amz-Algorithm=AWS4-HMAC-SHA256&X-Amz-Content-Sha256=UNSIGNED-PAYLOAD&X-Amz-Credential=AKIA45B7YWBX5HAZMGOU%2F20260223%2Feu-west-1%2Fs3%2Faws4_request&X-Amz-Date=20260223T001138Z&X-Amz-Expires=604800&X-Amz-Signature=50f5048009a647f1973e9785ae5ac99c40abdb19f718f6fd36f1208830bc5d8a&X-Amz-SignedHeaders=host&response-content-disposition=attachment%3B%20filename%3D768577b9-da43-7425-e9bc-ff6a420b0de2.flac&x-id=GetObject,0.249826953,24261
WW2am-2021-06-23_11-40.flac,2021 Willey Wetlands 2,2021,6,23,11,40,sp22,Simple Call,43.36000061,44.56533432,2625,7219,24000,present,https://rfcx-streams-production.s3.eu-west-1.amazonaws.com/2021/06/23/kxu02nktl751/809d2290-ed5d-0675-119e-d2746d4d6e97.flac?X-Amz-Algorithm=AWS4-HMAC-SHA256&X-Amz-Content-Sha256=UNSIGNED-PAYLOAD&X-Amz-Credential=AKIA45B7YWBX5HAZMGOU%2F20260223%2Feu-west-1%2Fs3%2Faws4_request&X-Amz-Date=20260223T001138Z&X-Amz-Expires=604800&X-Amz-Signature=c1720a0a1ecef7edd0a6048db6efc51dcfe19f722b7475a7b2b752e5953342a0&X-Amz-SignedHeaders=host&response-content-disposition=attachment%3B%20filename%3D809d2290-ed5d-0675-119e-d2746d4d6e97.flac&x-id=GetObject,0.291263163,24261
WW2am-2021-06-23_12-00.flac,2021 Willey Wetlands 2,2021,6,23,12,0,sp22,Simple Call,53.54666519,54.7519989,2625,7219,24000,present,https://rfcx-streams-production.s3.eu-west-1.amazonaws.com/2021/06/23/kxu02nktl751/c25e7d3a-231c-8b3f-0ca1-5004feda7d66.flac?X-Amz-Algorithm=AWS4-HMAC-SHA256&X-Amz-Content-Sha256=UNSIGNED-PAYLOAD&X-Amz-Credential=AKIA45B7YWBX5HAZMGOU%2F20260223%2Feu-west-1%2Fs3%2Faws4_request&X-Amz-Date=20260223T001138Z&X-Amz-Expires=604800&X-Amz-Signature=78d556a69951f4cb7b1bb2ae19532e67c124e239e10f16e217af9484c49636a1&X-Amz-SignedHeaders=host&response-content-disposition=attachment%3B%20filename%3Dc25e7d3a-231c-8b3f-0ca1-5004feda7d66.flac&x-id=GetObject,0.316528738,24261
WW2am-2021-06-23_12-40.flac,2021 Willey Wetlands 2,2021,6,23,12,40,sp22,Simple Call,26.08533287,27.29066658,2625,7219,24000,present,https://rfcx-streams-production.s3.eu-west-1.amazonaws.com/2021/06/23/kxu02nktl751/bc24bd2b-02bd-5374-e1ac-b08c3b4910f2.flac?X-Amz-Algorithm=AWS4-HMAC-SHA256&X-Amz-Content-Sha256=UNSIGNED-PAYLOAD&X-Amz-Credential=AKIA45B7YWBX5HAZMGOU%2F20260223%2Feu-west-1%2Fs3%2Faws4_request&X-Amz-Date=20260223T001138Z&X-Amz-Expires=604800&X-Amz-Signature=9d4a8806f50da87c68cd2fab5f5d5102d002bb3ee7675e4c05b49bc44cf703ef&X-Amz-SignedHeaders=host&response-content-disposition=attachment%3B%20filename%3Dbc24bd2b-02bd-5374-e1ac-b08c3b4910f2.flac&x-id=GetObject,0.237281308,24261
WW2am-2021-06-23_13-00.flac,2021 Willey Wetlands 2,2021,6,23,13,0,sp22,Simple Call,56.67733383,57.88266754,2625,7219,24000,present,https://rfcx-streams-production.s3.eu-west-1.amazonaws.com/2021/06/23/kxu02nktl751/d890d486-4816-61dd-16f1-3ef1a2decfa2.flac?X-Amz-Algorithm=AWS4-HMAC-SHA256&X-Amz-Content-Sha256=UNSIGNED-PAYLOAD&X-Amz-Credential=AKIA45B7YWBX5HAZMGOU%2F20260223%2Feu-west-1%2Fs3%2Faws4_request&X-Amz-Date=20260223T001138Z&X-Amz-Expires=604800&X-Amz-Signature=1455bef5204bde827b3c6452b14f2a5ad65864dc9b30625929110ab63ad85ea6&X-Amz-SignedHeaders=host&response-content-disposition=attachment%3B%20filename%3Dd890d486-4816-61dd-16f1-3ef1a2decfa2.flac&x-id=GetObject,0.279372007,24261
WW2am-2021-06-23_13-20.flac,2021 Willey Wetlands 2,2021,6,23,13,20,sp22,Simple Call,45.29066849,46.49599838,2625,7219,24000,present,https://rfcx-streams-production.s3.eu-west-1.amazonaws.com/2021/06/23/kxu02nktl751/a4839d0f-e53f-8434-829e-a4d43fd3a77e.flac?X-Amz-Algorithm=AWS4-HMAC-SHA256&X-Amz-Content-Sha256=UNSIGNED-PAYLOAD&X-Amz-Credential=AKIA45B7YWBX5HAZMGOU%2F20260223%2Feu-west-1%2Fs3%2Faws4_request&X-Amz-Date=20260223T001138Z&X-Amz-Expires=604800&X-Amz-Signature=6b3a61cae910863034e1f5f5344a9562322b8c419e95caece3ebe7a5e5c2e19e&X-Amz-SignedHeaders=host&response-content-disposition=attachment%3B%20filename%3Da4839d0f-e53f-8434-829e-a4d43fd3a77e.flac&x-id=GetObject,0.255142003,24261
WW2am-2021-06-23_13-40.flac,2021 Willey Wetlands 2,2021,6,23,13,40,sp22,Simple Call,42.12799835,43.33333206,2625,7219,24000,present,https://rfcx-streams-production.s3.eu-west-1.amazonaws.com/2021/06/23/kxu02nktl751/10fb60e8-529e-5ca0-1fbb-8431651af170.flac?X-Amz-Algorithm=AWS4-HMAC-SHA256&X-Amz-Content-Sha256=UNSIGNED-PAYLOAD&X-Amz-Credential=AKIA45B7YWBX5HAZMGOU%2F20260223%2Feu-west-1%2Fs3%2Faws4_request&X-Amz-Date=20260223T001138Z&X-Amz-Expires=604800&X-Amz-Signature=0c43111aac3d4ff3bd25aa9925aa480aa94187ae368deacaaf1b0d9d8c142674&X-Amz-SignedHeaders=host&response-content-disposition=attachment%3B%20filename%3D10fb60e8-529e-5ca0-1fbb-8431651af170.flac&x-id=GetObject,0.250611722,24261
WW2am-2021-06-23_15-00.flac,2021 Willey Wetlands 2,2021,6,23,15,0,sp22,Simple Call,48.99200058,50.19733429,2625,7219,24000,present,https://rfcx-streams-production.s3.eu-west-1.amazonaws.com/2021/06/23/kxu02nktl751/9da94dd4-861a-72aa-d73d-09b767c10043.flac?X-Amz-Algorithm=AWS4-HMAC-SHA256&X-Amz-Content-Sha256=UNSIGNED-PAYLOAD&X-Amz-Credential=AKIA45B7YWBX5HAZMGOU%2F20260223%2Feu-west-1%2Fs3%2Faws4_request&X-Amz-Date=20260223T001138Z&X-Amz-Expires=604800&X-Amz-Signature=2ab1b5605c413546e857d387afa5979c18de57ddafe25a8425a0c1c413f72ed5&X-Amz-SignedHeaders=host&response-content-disposition=attachment%3B%20filename%3D9da94dd4-861a-72aa-d73d-09b767c10043.flac&x-id=GetObject,0.307746947,24261
WW2am-2021-06-23_15-20.flac,2021 Willey Wetlands 2,2021,6,23,15,20,sp22,Simple Call,21.18400002,22.38933372,2625,7219,24000,present,https://rfcx-streams-production.s3.eu-west-1.amazonaws.com/2021/06/23/kxu02nktl751/f4310325-a27c-dc4b-fce1-03f25cdb0e17.flac?X-Amz-Algorithm=AWS4-HMAC-SHA256&X-Amz-Content-Sha256=UNSIGNED-PAYLOAD&X-Amz-Credential=AKIA45B7YWBX5HAZMGOU%2F20260223%2Feu-west-1%2Fs3%2Faws4_request&X-Amz-Date=20260223T001138Z&X-Amz-Expires=604800&X-Amz-Signature=b10ae7f3b888c52d9935e06904ffbf7e46dbe1a01e59d0089bf88d251e655bbf&X-Amz-SignedHeaders=host&response-content-disposition=attachment%3B%20filename%3Df4310325-a27c-dc4b-fce1-03f25cdb0e17.flac&x-id=GetObject,0.262750775,24261
WW2am-2021-06-23_16-00.flac,2021 Willey Wetlands 2,2021,6,23,16,0,sp22,Simple Call,57.72800064,58.93333435,2625,7219,24000,present,https://rfcx-streams-production.s3.eu-west-1.amazonaws.com/2021/06/23/kxu02nktl751/504bca41-3b5e-80e5-1339-13f718e710f1.flac?X-Amz-Algorithm=AWS4-HMAC-SHA256&X-Amz-Content-Sha256=UNSIGNED-PAYLOAD&X-Amz-Credential=AKIA45B7YWBX5HAZMGOU%2F20260223%2Feu-west-1%2Fs3%2Faws4_request&X-Amz-Date=20260223T001138Z&X-Amz-Expires=604800&X-Amz-Signature=3a52e8edf44596c42eef3a6dc374f6d58961ff659acc94207c6b6abc7f3bcc44&X-Amz-SignedHeaders=host&response-content-disposition=attachment%3B%20filename%3D504bca41-3b5e-80e5-1339-13f718e710f1.flac&x-id=GetObject,0.250507146,24261
WW2am-2021-06-23_17-40.flac,2021 Willey Wetlands 2,2021,6,23,17,40,sp22,Simple Call,57.15200043,58.35733414,2625,7219,24000,present,https://rfcx-streams-production.s3.eu-west-1.amazonaws.com/2021/06/23/kxu02nktl751/7cb05b12-4632-46f1-8254-5dff65f68536.flac?X-Amz-Algorithm=AWS4-HMAC-SHA256&X-Amz-Content-Sha256=UNSIGNED-PAYLOAD&X-Amz-Credential=AKIA45B7YWBX5HAZMGOU%2F20260223%2Feu-west-1%2Fs3%2Faws4_request&X-Amz-Date=20260223T001138Z&X-Amz-Expires=604800&X-Amz-Signature=ecbbe029941eff4d6d44b146c22ec94dfe942e3c71d5e71d6df0ca457d6cb994&X-Amz-SignedHeaders=host&response-content-disposition=attachment%3B%20filename%3D7cb05b12-4632-46f1-8254-5dff65f68536.flac&x-id=GetObject,0.259715348,24261
WW2am-2021-06-24_06-20.flac,2021 Willey Wetlands 2,2021,6,24,6,20,sp22,Simple Call,46.57600021,47.78133392,2625,7219,24000,present,https://rfcx-streams-production.s3.eu-west-1.amazonaws.com/2021/06/23/kxu02nktl751/cf38628c-80f9-5bfc-d55c-703ca091aef2.flac?X-Amz-Algorithm=AWS4-HMAC-SHA256&X-Amz-Content-Sha256=UNSIGNED-PAYLOAD&X-Amz-Credential=AKIA45B7YWBX5HAZMGOU%2F20260223%2Feu-west-1%2Fs3%2Faws4_request&X-Amz-Date=20260223T001138Z&X-Amz-Expires=604800&X-Amz-Signature=5f02cf933ca76e75fe4b85d93e3d79e90eb7f3505c11fdd53e0822b4c4b21503&X-Amz-SignedHeaders=host&response-content-disposition=attachment%3B%20filename%3Dcf38628c-80f9-5bfc-d55c-703ca091aef2.flac&x-id=GetObject,0.256200045,24261
WW2am-2021-06-24_07-00.flac,2021 Willey Wetlands 2,2021,6,24,7,0,sp22,Simple Call,54.50666809,55.7120018,2625,7219,24000,present,https://rfcx-streams-production.s3.eu-west-1.amazonaws.com/2021/06/24/kxu02nktl751/8139eb67-c55f-8528-85ce-9b0fbcb80337.flac?X-Amz-Algorithm=AWS4-HMAC-SHA256&X-Amz-Content-Sha256=UNSIGNED-PAYLOAD&X-Amz-Credential=AKIA45B7YWBX5HAZMGOU%2F20260223%2Feu-west-1%2Fs3%2Faws4_request&X-Amz-Date=20260223T001138Z&X-Amz-Expires=604800&X-Amz-Signature=4909f9c92a13c28b156c1122fb52cffdfab85620fd6b11bfe6d7c4f439832eed&X-Amz-SignedHeaders=host&response-content-disposition=attachment%3B%20filename%3D8139eb67-c55f-8528-85ce-9b0fbcb80337.flac&x-id=GetObject,0.307176888,24261
WW2am-2021-06-24_07-40.flac,2021 Willey Wetlands 2,2021,6,24,7,40,sp22,Simple Call,4.447999954,5.653333187,2625,7219,24000,present,https://rfcx-streams-production.s3.eu-west-1.amazonaws.com/2021/06/24/kxu02nktl751/60cf9027-d704-5511-2c33-4f1a8076adaf.flac?X-Amz-Algorithm=AWS4-HMAC-SHA256&X-Amz-Content-Sha256=UNSIGNED-PAYLOAD&X-Amz-Credential=AKIA45B7YWBX5HAZMGOU%2F20260223%2Feu-west-1%2Fs3%2Faws4_request&X-Amz-Date=20260223T001138Z&X-Amz-Expires=604800&X-Amz-Signature=426ad602e446ddacbc5bdc5b3591596a53c6d90ad205c17dd8d3e6d5c894cd7a&X-Amz-SignedHeaders=host&response-content-disposition=attachment%3B%20filename%3D60cf9027-d704-5511-2c33-4f1a8076adaf.flac&x-id=GetObject,0.277094543,24261
WW2am-2021-06-24_08-20.flac,2021 Willey Wetlands 2,2021,6,24,8,20,sp22,Simple Call,2.895999908,4.101333141,2625,7219,24000,present,https://rfcx-streams-production.s3.eu-west-1.amazonaws.com/2021/06/24/kxu02nktl751/2887a5d6-ac0d-86ef-ab10-189e92ebfa99.flac?X-Amz-Algorithm=AWS4-HMAC-SHA256&X-Amz-Content-Sha256=UNSIGNED-PAYLOAD&X-Amz-Credential=AKIA45B7YWBX5HAZMGOU%2F20260223%2Feu-west-1%2Fs3%2Faws4_request&X-Amz-Date=20260223T001138Z&X-Amz-Expires=604800&X-Amz-Signature=db94399b60b0a3c936ed2cb73a0b97012a061c0ad578c35df26041d5727c2645&X-Amz-SignedHeaders=host&response-content-disposition=attachment%3B%20filename%3D2887a5d6-ac0d-86ef-ab10-189e92ebfa99.flac&x-id=GetObject,0.284203887,24261
WW2am-2021-06-24_09-20.flac,2021 Willey Wetlands 2,2021,6,24,9,20,sp22,Simple Call,42.70399857,43.90933228,2625,7219,24000,present,https://rfcx-streams-production.s3.eu-west-1.amazonaws.com/2021/06/24/kxu02nktl751/140846cd-0a3b-c15e-6b0d-a52066247a0c.flac?X-Amz-Algorithm=AWS4-HMAC-SHA256&X-Amz-Content-Sha256=UNSIGNED-PAYLOAD&X-Amz-Credential=AKIA45B7YWBX5HAZMGOU%2F20260223%2Feu-west-1%2Fs3%2Faws4_request&X-Amz-Date=20260223T001138Z&X-Amz-Expires=604800&X-Amz-Signature=89b88fdcb7095d0c061099ab724768cff58a873aa384f7b7f61a0eded0458aab&X-Amz-SignedHeaders=host&response-content-disposition=attachment%3B%20filename%3D140846cd-0a3b-c15e-6b0d-a52066247a0c.flac&x-id=GetObject,0.20087859,24261
WW2am-2021-06-24_09-40.flac,2021 Willey Wetlands 2,2021,6,24,9,40,sp22,Simple Call,53.64266586,54.84799957,2625,7219,24000,present,https://rfcx-streams-production.s3.eu-west-1.amazonaws.com/2021/06/24/kxu02nktl751/4dc28dfe-4263-6792-928d-01132145bbb3.flac?X-Amz-Algorithm=AWS4-HMAC-SHA256&X-Amz-Content-Sha256=UNSIGNED-PAYLOAD&X-Amz-Credential=AKIA45B7YWBX5HAZMGOU%2F20260223%2Feu-west-1%2Fs3%2Faws4_request&X-Amz-Date=20260223T001138Z&X-Amz-Expires=604800&X-Amz-Signature=188dd8d3713c7fb4db0887ad51e0937d3a77140104bb2f30491ea38cc7e8f1e6&X-Amz-SignedHeaders=host&response-content-disposition=attachment%3B%20filename%3D4dc28dfe-4263-6792-928d-01132145bbb3.flac&x-id=GetObject,0.238588303,24261
WW2am-2021-06-24_10-00.flac,2021 Willey Wetlands 2,2021,6,24,10,0,sp22,Simple Call,19.08799934,20.29333305,2625,7219,24000,present,https://rfcx-streams-production.s3.eu-west-1.amazonaws.com/2021/06/24/kxu02nktl751/49982776-37b1-d191-2b3a-7acc7d732052.flac?X-Amz-Algorithm=AWS4-HMAC-SHA256&X-Amz-Content-Sha256=UNSIGNED-PAYLOAD&X-Amz-Credential=AKIA45B7YWBX5HAZMGOU%2F20260223%2Feu-west-1%2Fs3%2Faws4_request&X-Amz-Date=20260223T001138Z&X-Amz-Expires=604800&X-Amz-Signature=e65ea6541cc17d7d4d96138b11de5ca8d8f9eec7d79f07cacdffb320e28c5821&X-Amz-SignedHeaders=host&response-content-disposition=attachment%3B%20filename%3D49982776-37b1-d191-2b3a-7acc7d732052.flac&x-id=GetObject,0.306994975,24261
WW2am-2021-06-24_10-20.flac,2021 Willey Wetlands 2,2021,6,24,10,20,sp22,Simple Call,31.89866638,33.10400009,2625,7219,24000,present,https://rfcx-streams-production.s3.eu-west-1.amazonaws.com/2021/06/24/kxu02nktl751/2cd26c78-8d19-8196-8119-c67a830c1631.flac?X-Amz-Algorithm=AWS4-HMAC-SHA256&X-Amz-Content-Sha256=UNSIGNED-PAYLOAD&X-Amz-Credential=AKIA45B7YWBX5HAZMGOU%2F20260223%2Feu-west-1%2Fs3%2Faws4_request&X-Amz-Date=20260223T001138Z&X-Amz-Expires=604800&X-Amz-Signature=d8ebdff1687813f4493132ff3b613c789ff46a2b7e3c8b70c6c3926476b8df17&X-Amz-SignedHeaders=host&response-content-disposition=attachment%3B%20filename%3D2cd26c78-8d19-8196-8119-c67a830c1631.flac&x-id=GetObject,0.291607827,24261
WW2am-2021-06-24_10-40.flac,2021 Willey Wetlands 2,2021,6,24,10,40,sp22,Simple Call,25.31733322,26.52266693,2625,7219,24000,present,https://rfcx-streams-production.s3.eu-west-1.amazonaws.com/2021/06/24/kxu02nktl751/eda77b1d-74cc-d82d-296c-9d0c74176634.flac?X-Amz-Algorithm=AWS4-HMAC-SHA256&X-Amz-Content-Sha256=UNSIGNED-PAYLOAD&X-Amz-Credential=AKIA45B7YWBX5HAZMGOU%2F20260223%2Feu-west-1%2Fs3%2Faws4_request&X-Amz-Date=20260223T001138Z&X-Amz-Expires=604800&X-Amz-Signature=d831ed7916beaff6ef0513ad5e4a4e7cbf02845f16743b2c85d808760596191c&X-Amz-SignedHeaders=host&response-content-disposition=attachment%3B%20filename%3Deda77b1d-74cc-d82d-296c-9d0c74176634.flac&x-id=GetObject,0.316004276,24261
WW2am-2021-06-24_11-00.flac,2021 Willey Wetlands 2,2021,6,24,11,0,sp22,Simple Call,47.72266769,48.9280014,2625,7219,24000,present,https://rfcx-streams-production.s3.eu-west-1.amazonaws.com/2021/06/24/kxu02nktl751/d6c1c1aa-85b9-1135-5c06-f56fe83ddd54.flac?X-Amz-Algorithm=AWS4-HMAC-SHA256&X-Amz-Content-Sha256=UNSIGNED-PAYLOAD&X-Amz-Credential=AKIA45B7YWBX5HAZMGOU%2F20260223%2Feu-west-1%2Fs3%2Faws4_request&X-Amz-Date=20260223T001138Z&X-Amz-Expires=604800&X-Amz-Signature=242f026b869679c0d4a6899e0cceedf04d7650bdc9fd6db277e4ff5b7398d899&X-Amz-SignedHeaders=host&response-content-disposition=attachment%3B%20filename%3Dd6c1c1aa-85b9-1135-5c06-f56fe83ddd54.flac&x-id=GetObject,0.216074005,24261
WW2am-2021-06-24_11-40.flac,2021 Willey Wetlands 2,2021,6,24,11,40,sp22,Simple Call,4.341333389,5.546666622,2625,7219,24000,present,https://rfcx-streams-production.s3.eu-west-1.amazonaws.com/2021/06/24/kxu02nktl751/ead5275a-c81c-a167-854c-105c55f09727.flac?X-Amz-Algorithm=AWS4-HMAC-SHA256&X-Amz-Content-Sha256=UNSIGNED-PAYLOAD&X-Amz-Credential=AKIA45B7YWBX5HAZMGOU%2F20260223%2Feu-west-1%2Fs3%2Faws4_request&X-Amz-Date=20260223T001138Z&X-Amz-Expires=604800&X-Amz-Signature=ce63ff82720d418ec9ad598a0158d50d51891e1b184d7a7a81bfcbbc369fdc7e&X-Amz-SignedHeaders=host&response-content-disposition=attachment%3B%20filename%3Dead5275a-c81c-a167-854c-105c55f09727.flac&x-id=GetObject,0.244861245,24261
WW2am-2021-06-24_12-00.flac,2021 Willey Wetlands 2,2021,6,24,12,0,sp22,Simple Call,0.346666664,1.552000046,2625,7219,24000,present,https://rfcx-streams-production.s3.eu-west-1.amazonaws.com/2021/06/24/kxu02nktl751/addc5e35-bbc5-ac91-f4c5-5ff51ef799ce.flac?X-Amz-Algorithm=AWS4-HMAC-SHA256&X-Amz-Content-Sha256=UNSIGNED-PAYLOAD&X-Amz-Credential=AKIA45B7YWBX5HAZMGOU%2F20260223%2Feu-west-1%2Fs3%2Faws4_request&X-Amz-Date=20260223T001138Z&X-Amz-Expires=604800&X-Amz-Signature=99a490dd4a0cd7e912690da1eee000992864ec3ae3758bcb561a164f99ddbd1f&X-Amz-SignedHeaders=host&response-content-disposition=attachment%3B%20filename%3Daddc5e35-bbc5-ac91-f4c5-5ff51ef799ce.flac&x-id=GetObject,0.313115984,24261
WW2am-2021-06-24_12-20.flac,2021 Willey Wetlands 2,2021,6,24,12,20,sp22,Simple Call,13.97866631,15.18400002,2625,7219,24000,present,https://rfcx-streams-production.s3.eu-west-1.amazonaws.com/2021/06/24/kxu02nktl751/66560ac2-d746-7fa4-0d85-36bd9a8687fa.flac?X-Amz-Algorithm=AWS4-HMAC-SHA256&X-Amz-Content-Sha256=UNSIGNED-PAYLOAD&X-Amz-Credential=AKIA45B7YWBX5HAZMGOU%2F20260223%2Feu-west-1%2Fs3%2Faws4_request&X-Amz-Date=20260223T001138Z&X-Amz-Expires=604800&X-Amz-Signature=806613e36ca2660d5669260a1ca6b26f88f7e98a81c0f2be13539fccfccbb698&X-Amz-SignedHeaders=host&response-content-disposition=attachment%3B%20filename%3D66560ac2-d746-7fa4-0d85-36bd9a8687fa.flac&x-id=GetObject,0.279854327,24261
WW2am-2021-06-24_14-20.flac,2021 Willey Wetlands 2,2021,6,24,14,20,sp22,Simple Call,43.03466797,44.24000168,2625,7219,24000,present,https://rfcx-streams-production.s3.eu-west-1.amazonaws.com/2021/06/24/kxu02nktl751/e3f4c1e1-8f86-ca69-0a42-f6877af3a7ab.flac?X-Amz-Algorithm=AWS4-HMAC-SHA256&X-Amz-Content-Sha256=UNSIGNED-PAYLOAD&X-Amz-Credential=AKIA45B7YWBX5HAZMGOU%2F20260223%2Feu-west-1%2Fs3%2Faws4_request&X-Amz-Date=20260223T001138Z&X-Amz-Expires=604800&X-Amz-Signature=11ae3e408967e1a3f300dd0a930a9a1f378062f2eb5bb67343c5cc46362c3371&X-Amz-SignedHeaders=host&response-content-disposition=attachment%3B%20filename%3De3f4c1e1-8f86-ca69-0a42-f6877af3a7ab.flac&x-id=GetObject,0.268953323,24261
WW2am-2021-06-24_14-40.flac,2021 Willey Wetlands 2,2021,6,24,14,40,sp22,Simple Call,10.07999992,11.28533363,2625,7219,24000,present,https://rfcx-streams-production.s3.eu-west-1.amazonaws.com/2021/06/24/kxu02nktl751/dd1b0997-9eeb-d5f5-54d3-c0e4dac3b0c6.flac?X-Amz-Algorithm=AWS4-HMAC-SHA256&X-Amz-Content-Sha256=UNSIGNED-PAYLOAD&X-Amz-Credential=AKIA45B7YWBX5HAZMGOU%2F20260223%2Feu-west-1%2Fs3%2Faws4_request&X-Amz-Date=20260223T001138Z&X-Amz-Expires=604800&X-Amz-Signature=367650737026a9fdaa133915a4dd1337088ea815c16bc0575895b2282165ceac&X-Amz-SignedHeaders=host&response-content-disposition=attachment%3B%20filename%3Ddd1b0997-9eeb-d5f5-54d3-c0e4dac3b0c6.flac&x-id=GetObject,0.269463122,24261
WW2am-2021-06-24_15-00.flac,2021 Willey Wetlands 2,2021,6,24,15,0,sp22,Simple Call,43.57333374,44.77866745,2625,7219,24000,present,https://rfcx-streams-production.s3.eu-west-1.amazonaws.com/2021/06/24/kxu02nktl751/858818c2-55a5-5128-c4ad-86a0ab06fa6d.flac?X-Amz-Algorithm=AWS4-HMAC-SHA256&X-Amz-Content-Sha256=UNSIGNED-PAYLOAD&X-Amz-Credential=AKIA45B7YWBX5HAZMGOU%2F20260223%2Feu-west-1%2Fs3%2Faws4_request&X-Amz-Date=20260223T001138Z&X-Amz-Expires=604800&X-Amz-Signature=46f6782c954d77224aafaa792db3f0bc62b15ab37745180babb602750aba6845&X-Amz-SignedHeaders=host&response-content-disposition=attachment%3B%20filename%3D858818c2-55a5-5128-c4ad-86a0ab06fa6d.flac&x-id=GetObject,0.241684094,24261
WW2am-2021-06-24_15-20.flac,2021 Willey Wetlands 2,2021,6,24,15,20,sp22,Simple Call,53.94666672,55.15200043,2625,7219,24000,present,https://rfcx-streams-production.s3.eu-west-1.amazonaws.com/2021/06/24/kxu02nktl751/7adc30c1-8579-2142-4fe3-e1878a74ffd2.flac?X-Amz-Algorithm=AWS4-HMAC-SHA256&X-Amz-Content-Sha256=UNSIGNED-PAYLOAD&X-Amz-Credential=AKIA45B7YWBX5HAZMGOU%2F20260223%2Feu-west-1%2Fs3%2Faws4_request&X-Amz-Date=20260223T001138Z&X-Amz-Expires=604800&X-Amz-Signature=8a95e14a455383498b87e04119a413da9d333ddc96203602eb67ae791f2c62df&X-Amz-SignedHeaders=host&response-content-disposition=attachment%3B%20filename%3D7adc30c1-8579-2142-4fe3-e1878a74ffd2.flac&x-id=GetObject,0.241544306,24261
WW2am-2021-06-24_15-40.flac,2021 Willey Wetlands 2,2021,6,24,15,40,sp22,Simple Call,0.101333335,1.306666613,2625,7219,24000,present,https://rfcx-streams-production.s3.eu-west-1.amazonaws.com/2021/06/24/kxu02nktl751/17371e3b-1bd9-3b33-07ba-71e66bbfa8a5.flac?X-Amz-Algorithm=AWS4-HMAC-SHA256&X-Amz-Content-Sha256=UNSIGNED-PAYLOAD&X-Amz-Credential=AKIA45B7YWBX5HAZMGOU%2F20260223%2Feu-west-1%2Fs3%2Faws4_request&X-Amz-Date=20260223T001138Z&X-Amz-Expires=604800&X-Amz-Signature=faed9e3b6bea3a9459be79908194ec336b8314baa92158378ce3ca4c4c2ef5b0&X-Amz-SignedHeaders=host&response-content-disposition=attachment%3B%20filename%3D17371e3b-1bd9-3b33-07ba-71e66bbfa8a5.flac&x-id=GetObject,0.255669713,24261
WW2am-2021-06-24_16-00.flac,2021 Willey Wetlands 2,2021,6,24,16,0,sp22,Simple Call,47.5573349,48.76266479,2625,7219,24000,present,https://rfcx-streams-production.s3.eu-west-1.amazonaws.com/2021/06/24/kxu02nktl751/a2bd9528-7b99-03f9-ceba-17aab2ecad4f.flac?X-Amz-Algorithm=AWS4-HMAC-SHA256&X-Amz-Content-Sha256=UNSIGNED-PAYLOAD&X-Amz-Credential=AKIA45B7YWBX5HAZMGOU%2F20260223%2Feu-west-1%2Fs3%2Faws4_request&X-Amz-Date=20260223T001138Z&X-Amz-Expires=604800&X-Amz-Signature=834880e5d7c2d63ed1798a774939f9782603a651052d2e50fe6364f3a2c46204&X-Amz-SignedHeaders=host&response-content-disposition=attachment%3B%20filename%3Da2bd9528-7b99-03f9-ceba-17aab2ecad4f.flac&x-id=GetObject,0.242289677,24261
WW2am-2021-06-24_17-20.flac,2021 Willey Wetlands 2,2021,6,24,17,20,sp22,Simple Call,3.157333374,4.362666607,2625,7219,24000,present,https://rfcx-streams-production.s3.eu-west-1.amazonaws.com/2021/06/24/kxu02nktl751/7de6eea1-2d23-7189-54a3-a0149fb52bb9.flac?X-Amz-Algorithm=AWS4-HMAC-SHA256&X-Amz-Content-Sha256=UNSIGNED-PAYLOAD&X-Amz-Credential=AKIA45B7YWBX5HAZMGOU%2F20260223%2Feu-west-1%2Fs3%2Faws4_request&X-Amz-Date=20260223T001138Z&X-Amz-Expires=604800&X-Amz-Signature=738413cc3d754c2772ccfdb5de29d3291c49b49c04b1eb3224cee678d5d46028&X-Amz-SignedHeaders=host&response-content-disposition=attachment%3B%20filename%3D7de6eea1-2d23-7189-54a3-a0149fb52bb9.flac&x-id=GetObject,0.228032306,24261
WW2am-2021-06-24_17-40.flac,2021 Willey Wetlands 2,2021,6,24,17,40,sp22,Simple Call,29.96266747,31.16799927,2625,7219,24000,present,https://rfcx-streams-production.s3.eu-west-1.amazonaws.com/2021/06/24/kxu02nktl751/d7e6feb4-1fce-a5de-34bb-ca72ab5c2fbd.flac?X-Amz-Algorithm=AWS4-HMAC-SHA256&X-Amz-Content-Sha256=UNSIGNED-PAYLOAD&X-Amz-Credential=AKIA45B7YWBX5HAZMGOU%2F20260223%2Feu-west-1%2Fs3%2Faws4_request&X-Amz-Date=20260223T001138Z&X-Amz-Expires=604800&X-Amz-Signature=ff52de2e6cfe26559ca8d9b8e0806750aa7fd0020173762335c356d9b8b9c8a6&X-Amz-SignedHeaders=host&response-content-disposition=attachment%3B%20filename%3Dd7e6feb4-1fce-a5de-34bb-ca72ab5c2fbd.flac&x-id=GetObject,0.245648906,24261
WW2am-2021-06-24_18-00.flac,2021 Willey Wetlands 2,2021,6,24,18,0,sp22,Simple Call,1.669333339,2.874666691,2625,7219,24000,present,https://rfcx-streams-production.s3.eu-west-1.amazonaws.com/2021/06/24/kxu02nktl751/c7dfab4b-3348-7426-8f78-d5e631895276.flac?X-Amz-Algorithm=AWS4-HMAC-SHA256&X-Amz-Content-Sha256=UNSIGNED-PAYLOAD&X-Amz-Credential=AKIA45B7YWBX5HAZMGOU%2F20260223%2Feu-west-1%2Fs3%2Faws4_request&X-Amz-Date=20260223T001138Z&X-Amz-Expires=604800&X-Amz-Signature=c89e126a6033dd9aa3f4f388674087a829205ce56f69a9083d69fabacf139dc2&X-Amz-SignedHeaders=host&response-content-disposition=attachment%3B%20filename%3Dc7dfab4b-3348-7426-8f78-d5e631895276.flac&x-id=GetObject,0.228530079,24261
WW2am-2021-06-24_18-20.flac,2021 Willey Wetlands 2,2021,6,24,18,20,sp22,Simple Call,30.97066689,32.17599869,2625,7219,24000,present,https://rfcx-streams-production.s3.eu-west-1.amazonaws.com/2021/06/24/kxu02nktl751/f1fd1fad-f59e-4612-3264-6499747e3e58.flac?X-Amz-Algorithm=AWS4-HMAC-SHA256&X-Amz-Content-Sha256=UNSIGNED-PAYLOAD&X-Amz-Credential=AKIA45B7YWBX5HAZMGOU%2F20260223%2Feu-west-1%2Fs3%2Faws4_request&X-Amz-Date=20260223T001138Z&X-Amz-Expires=604800&X-Amz-Signature=dbeb6b88df70204b4f73c5f58f7df777eef926363b461b856ba095fb17c75659&X-Amz-SignedHeaders=host&response-content-disposition=attachment%3B%20filename%3Df1fd1fad-f59e-4612-3264-6499747e3e58.flac&x-id=GetObject,0.247474626,24261
WW2am-2021-06-24_19-00.flac,2021 Willey Wetlands 2,2021,6,24,19,0,sp22,Simple Call,54.50666809,55.7120018,2625,7219,24000,present,https://rfcx-streams-production.s3.eu-west-1.amazonaws.com/2021/06/24/kxu02nktl751/6781ade7-11b9-59bd-909c-4f7953c25452.flac?X-Amz-Algorithm=AWS4-HMAC-SHA256&X-Amz-Content-Sha256=UNSIGNED-PAYLOAD&X-Amz-Credential=AKIA45B7YWBX5HAZMGOU%2F20260223%2Feu-west-1%2Fs3%2Faws4_request&X-Amz-Date=20260223T001138Z&X-Amz-Expires=604800&X-Amz-Signature=e45f63d3b856ff7bdd1be2f3524d7ff3e0f46c08b646f1c86dca27e430deb45a&X-Amz-SignedHeaders=host&response-content-disposition=attachment%3B%20filename%3D6781ade7-11b9-59bd-909c-4f7953c25452.flac&x-id=GetObject,0.269865334,24261
WW2am-2021-06-24_20-00.flac,2021 Willey Wetlands 2,2021,6,24,20,0,sp22,Simple Call,40.16533279,41.3706665,2625,7219,24000,present,https://rfcx-streams-production.s3.eu-west-1.amazonaws.com/2021/06/24/kxu02nktl751/7f5d7fb2-72de-d8f6-c15e-7bff0ebea6a1.flac?X-Amz-Algorithm=AWS4-HMAC-SHA256&X-Amz-Content-Sha256=UNSIGNED-PAYLOAD&X-Amz-Credential=AKIA45B7YWBX5HAZMGOU%2F20260223%2Feu-west-1%2Fs3%2Faws4_request&X-Amz-Date=20260223T001138Z&X-Amz-Expires=604800&X-Amz-Signature=7124f849f8803a4d1e0fe2501d4827bcb01c8b9b1105d95b62483356cf0839f3&X-Amz-SignedHeaders=host&response-content-disposition=attachment%3B%20filename%3D7f5d7fb2-72de-d8f6-c15e-7bff0ebea6a1.flac&x-id=GetObject,0.228064999,24261
WW2am-2021-06-24_20-20.flac,2021 Willey Wetlands 2,2021,6,24,20,20,sp22,Simple Call,53.86133194,55.06666565,2625,7219,24000,present,https://rfcx-streams-production.s3.eu-west-1.amazonaws.com/2021/06/24/kxu02nktl751/57bec120-291a-8b34-3170-7f3478ebdf39.flac?X-Amz-Algorithm=AWS4-HMAC-SHA256&X-Amz-Content-Sha256=UNSIGNED-PAYLOAD&X-Amz-Credential=AKIA45B7YWBX5HAZMGOU%2F20260223%2Feu-west-1%2Fs3%2Faws4_request&X-Amz-Date=20260223T001138Z&X-Amz-Expires=604800&X-Amz-Signature=19a812c7f8f70111ae01b28f98946ae0858e1b6e61898ae04904c5ec02f6017e&X-Amz-SignedHeaders=host&response-content-disposition=attachment%3B%20filename%3D57bec120-291a-8b34-3170-7f3478ebdf39.flac&x-id=GetObject,0.262565166,24261
WW2am-2021-06-25_06-20.flac,2021 Willey Wetlands 2,2021,6,25,6,20,sp22,Simple Call,15.29066658,16.49600029,2625,7219,24000,present,https://rfcx-streams-production.s3.eu-west-1.amazonaws.com/2021/06/24/kxu02nktl751/43d97d6f-2955-74ad-e730-15e4f1b71b8e.flac?X-Amz-Algorithm=AWS4-HMAC-SHA256&X-Amz-Content-Sha256=UNSIGNED-PAYLOAD&X-Amz-Credential=AKIA45B7YWBX5HAZMGOU%2F20260223%2Feu-west-1%2Fs3%2Faws4_request&X-Amz-Date=20260223T001138Z&X-Amz-Expires=604800&X-Amz-Signature=ae8e8fff0c8bfd9a536c47994960570bd47a3391ec7091996e7cb687c542b0b4&X-Amz-SignedHeaders=host&response-content-disposition=attachment%3B%20filename%3D43d97d6f-2955-74ad-e730-15e4f1b71b8e.flac&x-id=GetObject,0.279055536,24261
WW2am-2021-06-25_06-40.flac,2021 Willey Wetlands 2,2021,6,25,6,40,sp22,Simple Call,39.90933228,41.11466599,2625,7219,24000,present,https://rfcx-streams-production.s3.eu-west-1.amazonaws.com/2021/06/24/kxu02nktl751/e7889e89-e343-7468-ff3c-89bc8c606e24.flac?X-Amz-Algorithm=AWS4-HMAC-SHA256&X-Amz-Content-Sha256=UNSIGNED-PAYLOAD&X-Amz-Credential=AKIA45B7YWBX5HAZMGOU%2F20260223%2Feu-west-1%2Fs3%2Faws4_request&X-Amz-Date=20260223T001138Z&X-Amz-Expires=604800&X-Amz-Signature=d9e947f0e2e328c01be2b1e6152758b13ea49ddcf58b726416c7450092f9e962&X-Amz-SignedHeaders=host&response-content-disposition=attachment%3B%20filename%3De7889e89-e343-7468-ff3c-89bc8c606e24.flac&x-id=GetObject,0.271070331,24261
WW2am-2021-06-25_07-00.flac,2021 Willey Wetlands 2,2021,6,25,7,0,sp22,Simple Call,43.23733521,44.4426651,2625,7219,24000,present,https://rfcx-streams-production.s3.eu-west-1.amazonaws.com/2021/06/25/kxu02nktl751/48e717be-767c-d7bf-9285-1c237e73fa42.flac?X-Amz-Algorithm=AWS4-HMAC-SHA256&X-Amz-Content-Sha256=UNSIGNED-PAYLOAD&X-Amz-Credential=AKIA45B7YWBX5HAZMGOU%2F20260223%2Feu-west-1%2Fs3%2Faws4_request&X-Amz-Date=20260223T001138Z&X-Amz-Expires=604800&X-Amz-Signature=b80d081cf73c0ad1bf943a542b19d91f13d6c6eaa3b7948ee9e44b6e4f9e6081&X-Amz-SignedHeaders=host&response-content-disposition=attachment%3B%20filename%3D48e717be-767c-d7bf-9285-1c237e73fa42.flac&x-id=GetObject,0.295827895,24261
WW2am-2021-06-25_08-00.flac,2021 Willey Wetlands 2,2021,6,25,8,0,sp22,Simple Call,29.74933243,30.95466614,2625,7219,24000,present,https://rfcx-streams-production.s3.eu-west-1.amazonaws.com/2021/06/25/kxu02nktl751/81af4f47-1ea1-8ae8-d41c-c64afc312bb8.flac?X-Amz-Algorithm=AWS4-HMAC-SHA256&X-Amz-Content-Sha256=UNSIGNED-PAYLOAD&X-Amz-Credential=AKIA45B7YWBX5HAZMGOU%2F20260223%2Feu-west-1%2Fs3%2Faws4_request&X-Amz-Date=20260223T001138Z&X-Amz-Expires=604800&X-Amz-Signature=f5e18c4a974a478bad072ac64d207c17597ee1964018ea38da51dfdfd338220b&X-Amz-SignedHeaders=host&response-content-disposition=attachment%3B%20filename%3D81af4f47-1ea1-8ae8-d41c-c64afc312bb8.flac&x-id=GetObject,0.239133194,24261
WW2am-2021-06-25_08-20.flac,2021 Willey Wetlands 2,2021,6,25,8,20,sp22,Simple Call,47.23733521,48.4426651,2625,7219,24000,present,https://rfcx-streams-production.s3.eu-west-1.amazonaws.com/2021/06/25/kxu02nktl751/b3867983-26cd-6b9e-7952-e89b3d7fbd80.flac?X-Amz-Algorithm=AWS4-HMAC-SHA256&X-Amz-Content-Sha256=UNSIGNED-PAYLOAD&X-Amz-Credential=AKIA45B7YWBX5HAZMGOU%2F20260223%2Feu-west-1%2Fs3%2Faws4_request&X-Amz-Date=20260223T001138Z&X-Amz-Expires=604800&X-Amz-Signature=a8bef1c1c5e1a7479fa8214921fa0574f54996a8a94c1bbfb23e4d48e8ed1c9f&X-Amz-SignedHeaders=host&response-content-disposition=attachment%3B%20filename%3Db3867983-26cd-6b9e-7952-e89b3d7fbd80.flac&x-id=GetObject,0.208796754,24261
WW2am-2021-06-25_08-40.flac,2021 Willey Wetlands 2,2021,6,25,8,40,sp22,Simple Call,52.83733368,54.04266739,2625,7219,24000,present,https://rfcx-streams-production.s3.eu-west-1.amazonaws.com/2021/06/25/kxu02nktl751/5e10429d-e3af-0832-8dba-0a984c91ee75.flac?X-Amz-Algorithm=AWS4-HMAC-SHA256&X-Amz-Content-Sha256=UNSIGNED-PAYLOAD&X-Amz-Credential=AKIA45B7YWBX5HAZMGOU%2F20260223%2Feu-west-1%2Fs3%2Faws4_request&X-Amz-Date=20260223T001138Z&X-Amz-Expires=604800&X-Amz-Signature=2e92197ee63bd24d595f071583c9ded854094ee7140d83076fafd0d691a9b8a7&X-Amz-SignedHeaders=host&response-content-disposition=attachment%3B%20filename%3D5e10429d-e3af-0832-8dba-0a984c91ee75.flac&x-id=GetObject,0.287306398,24261
WW2am-2021-06-25_09-00.flac,2021 Willey Wetlands 2,2021,6,25,9,0,sp22,Simple Call,17.45599937,18.66133308,2625,7219,24000,present,https://rfcx-streams-production.s3.eu-west-1.amazonaws.com/2021/06/25/kxu02nktl751/547db183-f383-3971-0910-339c3e78c841.flac?X-Amz-Algorithm=AWS4-HMAC-SHA256&X-Amz-Content-Sha256=UNSIGNED-PAYLOAD&X-Amz-Credential=AKIA45B7YWBX5HAZMGOU%2F20260223%2Feu-west-1%2Fs3%2Faws4_request&X-Amz-Date=20260223T001138Z&X-Amz-Expires=604800&X-Amz-Signature=94a838a78cc708ce4d5f9936388717a2ff067c0e3dc12312585ae3c06a8b52aa&X-Amz-SignedHeaders=host&response-content-disposition=attachment%3B%20filename%3D547db183-f383-3971-0910-339c3e78c841.flac&x-id=GetObject,0.29427439,24261
WW2am-2021-06-25_09-40.flac,2021 Willey Wetlands 2,2021,6,25,9,40,sp22,Simple Call,6.197333336,7.402666569,2625,7219,24000,present,https://rfcx-streams-production.s3.eu-west-1.amazonaws.com/2021/06/25/kxu02nktl751/a556270a-c17d-37e7-b7c0-deb094a9ba59.flac?X-Amz-Algorithm=AWS4-HMAC-SHA256&X-Amz-Content-Sha256=UNSIGNED-PAYLOAD&X-Amz-Credential=AKIA45B7YWBX5HAZMGOU%2F20260223%2Feu-west-1%2Fs3%2Faws4_request&X-Amz-Date=20260223T001138Z&X-Amz-Expires=604800&X-Amz-Signature=813ccf1910b91a2142ada59aab423e1936f12838dc6a405ba23842483f0b6b41&X-Amz-SignedHeaders=host&response-content-disposition=attachment%3B%20filename%3Da556270a-c17d-37e7-b7c0-deb094a9ba59.flac&x-id=GetObject,0.285817832,24261
WW2am-2021-06-25_10-20.flac,2021 Willey Wetlands 2,2021,6,25,10,20,sp22,Simple Call,9.066666603,10.27200031,2625,7219,24000,present,https://rfcx-streams-production.s3.eu-west-1.amazonaws.com/2021/06/25/kxu02nktl751/3bb20cde-4c59-9f27-409b-e4841f291409.flac?X-Amz-Algorithm=AWS4-HMAC-SHA256&X-Amz-Content-Sha256=UNSIGNED-PAYLOAD&X-Amz-Credential=AKIA45B7YWBX5HAZMGOU%2F20260223%2Feu-west-1%2Fs3%2Faws4_request&X-Amz-Date=20260223T001138Z&X-Amz-Expires=604800&X-Amz-Signature=d2689109a9746b55dcdcf75662e718596a4bd973544c4cd43eb30a7bed163fb8&X-Amz-SignedHeaders=host&response-content-disposition=attachment%3B%20filename%3D3bb20cde-4c59-9f27-409b-e4841f291409.flac&x-id=GetObject,0.20706597,24261
WW2am-2021-06-25_10-40.flac,2021 Willey Wetlands 2,2021,6,25,10,40,sp22,Simple Call,9.594666481,10.80000019,2625,7219,24000,present,https://rfcx-streams-production.s3.eu-west-1.amazonaws.com/2021/06/25/kxu02nktl751/86cb805a-4ea3-a39d-386f-9c4fb9f47bcd.flac?X-Amz-Algorithm=AWS4-HMAC-SHA256&X-Amz-Content-Sha256=UNSIGNED-PAYLOAD&X-Amz-Credential=AKIA45B7YWBX5HAZMGOU%2F20260223%2Feu-west-1%2Fs3%2Faws4_request&X-Amz-Date=20260223T001138Z&X-Amz-Expires=604800&X-Amz-Signature=12f53ad88c63b24ab14d05c3291551dc3e17abc16d1e8e9cb9c6be1faa6978ff&X-Amz-SignedHeaders=host&response-content-disposition=attachment%3B%20filename%3D86cb805a-4ea3-a39d-386f-9c4fb9f47bcd.flac&x-id=GetObject,0.237523779,24261
WW2am-2021-06-25_11-00.flac,2021 Willey Wetlands 2,2021,6,25,11,0,sp22,Simple Call,28.9173336,30.12266731,2625,7219,24000,present,https://rfcx-streams-production.s3.eu-west-1.amazonaws.com/2021/06/25/kxu02nktl751/b230a83f-7692-43e1-a2ae-12a6b3c2f0d0.flac?X-Amz-Algorithm=AWS4-HMAC-SHA256&X-Amz-Content-Sha256=UNSIGNED-PAYLOAD&X-Amz-Credential=AKIA45B7YWBX5HAZMGOU%2F20260223%2Feu-west-1%2Fs3%2Faws4_request&X-Amz-Date=20260223T001138Z&X-Amz-Expires=604800&X-Amz-Signature=9f38a0bc5c34ce41c70b2cb18cc29f80a82c8f8c62df977773f7337b99d1abd7&X-Amz-SignedHeaders=host&response-content-disposition=attachment%3B%20filename%3Db230a83f-7692-43e1-a2ae-12a6b3c2f0d0.flac&x-id=GetObject,0.283879519,24261
WW2am-2021-06-25_11-20.flac,2021 Willey Wetlands 2,2021,6,25,11,20,sp22,Simple Call,30.7840004,31.98933411,2625,7219,24000,present,https://rfcx-streams-production.s3.eu-west-1.amazonaws.com/2021/06/25/kxu02nktl751/01bd19d0-eb31-5fc1-d587-264282da7b11.flac?X-Amz-Algorithm=AWS4-HMAC-SHA256&X-Amz-Content-Sha256=UNSIGNED-PAYLOAD&X-Amz-Credential=AKIA45B7YWBX5HAZMGOU%2F20260223%2Feu-west-1%2Fs3%2Faws4_request&X-Amz-Date=20260223T001138Z&X-Amz-Expires=604800&X-Amz-Signature=1eea46ac57b82d43253a765271df5b6f340f290248ea88d3fd16437411738cf2&X-Amz-SignedHeaders=host&response-content-disposition=attachment%3B%20filename%3D01bd19d0-eb31-5fc1-d587-264282da7b11.flac&x-id=GetObject,0.225405902,24261
WW2am-2021-06-25_11-40.flac,2021 Willey Wetlands 2,2021,6,25,11,40,sp22,Simple Call,55.25333405,56.45866776,2625,7219,24000,present,https://rfcx-streams-production.s3.eu-west-1.amazonaws.com/2021/06/25/kxu02nktl751/df1b9a65-c1e8-5056-3821-4913b9f2c70c.flac?X-Amz-Algorithm=AWS4-HMAC-SHA256&X-Amz-Content-Sha256=UNSIGNED-PAYLOAD&X-Amz-Credential=AKIA45B7YWBX5HAZMGOU%2F20260223%2Feu-west-1%2Fs3%2Faws4_request&X-Amz-Date=20260223T001138Z&X-Amz-Expires=604800&X-Amz-Signature=4cedf7bc8b478b56b3603ba110d2e45cef3d7e838944179f4c12a6b6bf17f006&X-Amz-SignedHeaders=host&response-content-disposition=attachment%3B%20filename%3Ddf1b9a65-c1e8-5056-3821-4913b9f2c70c.flac&x-id=GetObject,0.229014933,24261
WW2am-2021-06-25_12-00.flac,2021 Willey Wetlands 2,2021,6,25,12,0,sp22,Simple Call,11.61600018,12.82133293,2625,7219,24000,present,https://rfcx-streams-production.s3.eu-west-1.amazonaws.com/2021/06/25/kxu02nktl751/4b55c37c-0ae1-a65f-16fa-8f043858c265.flac?X-Amz-Algorithm=AWS4-HMAC-SHA256&X-Amz-Content-Sha256=UNSIGNED-PAYLOAD&X-Amz-Credential=AKIA45B7YWBX5HAZMGOU%2F20260223%2Feu-west-1%2Fs3%2Faws4_request&X-Amz-Date=20260223T001138Z&X-Amz-Expires=604800&X-Amz-Signature=68b3210d0eb62c17d09f8339e37a1463e2f915118a0e4ec6712566ead03e97f0&X-Amz-SignedHeaders=host&response-content-disposition=attachment%3B%20filename%3D4b55c37c-0ae1-a65f-16fa-8f043858c265.flac&x-id=GetObject,0.347384155,24261
WW2am-2021-06-25_13-00.flac,2021 Willey Wetlands 2,2021,6,25,13,0,sp22,Simple Call,34.29866791,35.50400162,2625,7219,24000,present,https://rfcx-streams-production.s3.eu-west-1.amazonaws.com/2021/06/25/kxu02nktl751/48d8b94b-1419-f1a4-a74d-c434940d09bd.flac?X-Amz-Algorithm=AWS4-HMAC-SHA256&X-Amz-Content-Sha256=UNSIGNED-PAYLOAD&X-Amz-Credential=AKIA45B7YWBX5HAZMGOU%2F20260223%2Feu-west-1%2Fs3%2Faws4_request&X-Amz-Date=20260223T001138Z&X-Amz-Expires=604800&X-Amz-Signature=48be516403405b80e6b7fb3e899d5a0a593f79e6030925c193bba2ff8bd594cc&X-Amz-SignedHeaders=host&response-content-disposition=attachment%3B%20filename%3D48d8b94b-1419-f1a4-a74d-c434940d09bd.flac&x-id=GetObject,0.261540741,24261
WW2am-2021-06-25_13-40.flac,2021 Willey Wetlands 2,2021,6,25,13,40,sp22,Simple Call,4.58133316,5.78666687,2625,7219,24000,present,https://rfcx-streams-production.s3.eu-west-1.amazonaws.com/2021/06/25/kxu02nktl751/e92726dc-4319-1923-f9af-60efd7377633.flac?X-Amz-Algorithm=AWS4-HMAC-SHA256&X-Amz-Content-Sha256=UNSIGNED-PAYLOAD&X-Amz-Credential=AKIA45B7YWBX5HAZMGOU%2F20260223%2Feu-west-1%2Fs3%2Faws4_request&X-Amz-Date=20260223T001138Z&X-Amz-Expires=604800&X-Amz-Signature=37894186163262f0ddf4a0a4919a7e07e3bed9f0ba102a248a9ba06ee0e257ea&X-Amz-SignedHeaders=host&response-content-disposition=attachment%3B%20filename%3De92726dc-4319-1923-f9af-60efd7377633.flac&x-id=GetObject,0.270841539,24261
WW2am-2021-06-25_14-20.flac,2021 Willey Wetlands 2,2021,6,25,14,20,sp22,Simple Call,4.325333118,5.530666828,2625,7219,24000,present,https://rfcx-streams-production.s3.eu-west-1.amazonaws.com/2021/06/25/kxu02nktl751/a8cd84fa-ce43-9df4-6f19-89cc64abb4dc.flac?X-Amz-Algorithm=AWS4-HMAC-SHA256&X-Amz-Content-Sha256=UNSIGNED-PAYLOAD&X-Amz-Credential=AKIA45B7YWBX5HAZMGOU%2F20260223%2Feu-west-1%2Fs3%2Faws4_request&X-Amz-Date=20260223T001138Z&X-Amz-Expires=604800&X-Amz-Signature=01fdfc97cfe1c49f4091a7ba8c16be7abe39fe6eefcc7af3fc004eea655b61b7&X-Amz-SignedHeaders=host&response-content-disposition=attachment%3B%20filename%3Da8cd84fa-ce43-9df4-6f19-89cc64abb4dc.flac&x-id=GetObject,0.202100083,24261
WW2am-2021-06-25_14-40.flac,2021 Willey Wetlands 2,2021,6,25,14,40,sp22,Simple Call,25.56266594,26.76799965,2625,7219,24000,present,https://rfcx-streams-production.s3.eu-west-1.amazonaws.com/2021/06/25/kxu02nktl751/dbbf7053-3d61-6104-0695-8f68e9ad9668.flac?X-Amz-Algorithm=AWS4-HMAC-SHA256&X-Amz-Content-Sha256=UNSIGNED-PAYLOAD&X-Amz-Credential=AKIA45B7YWBX5HAZMGOU%2F20260223%2Feu-west-1%2Fs3%2Faws4_request&X-Amz-Date=20260223T001138Z&X-Amz-Expires=604800&X-Amz-Signature=36f717fb392be7635244c74808a591ba99aa0212187e17f6a1af051d90ab50d5&X-Amz-SignedHeaders=host&response-content-disposition=attachment%3B%20filename%3Ddbbf7053-3d61-6104-0695-8f68e9ad9668.flac&x-id=GetObject,0.26063028,24261
WW2am-2021-06-25_15-00.flac,2021 Willey Wetlands 2,2021,6,25,15,0,sp22,Simple Call,22.09600067,23.30133247,2625,7219,24000,present,https://rfcx-streams-production.s3.eu-west-1.amazonaws.com/2021/06/25/kxu02nktl751/70e0c4e0-7023-967d-c8cc-ebcd687737f2.flac?X-Amz-Algorithm=AWS4-HMAC-SHA256&X-Amz-Content-Sha256=UNSIGNED-PAYLOAD&X-Amz-Credential=AKIA45B7YWBX5HAZMGOU%2F20260223%2Feu-west-1%2Fs3%2Faws4_request&X-Amz-Date=20260223T001138Z&X-Amz-Expires=604800&X-Amz-Signature=14c75879150242d7380dac9c515ea9b1b438c8b56c95ef2f56f73a8b13042839&X-Amz-SignedHeaders=host&response-content-disposition=attachment%3B%20filename%3D70e0c4e0-7023-967d-c8cc-ebcd687737f2.flac&x-id=GetObject,0.281796008,24261
WW2am-2021-06-25_15-40.flac,2021 Willey Wetlands 2,2021,6,25,15,40,sp22,Simple Call,58.14933395,59.35466766,2625,7219,24000,present,https://rfcx-streams-production.s3.eu-west-1.amazonaws.com/2021/06/25/kxu02nktl751/8d54abb9-5cd5-b06b-b8ea-7519792003bd.flac?X-Amz-Algorithm=AWS4-HMAC-SHA256&X-Amz-Content-Sha256=UNSIGNED-PAYLOAD&X-Amz-Credential=AKIA45B7YWBX5HAZMGOU%2F20260223%2Feu-west-1%2Fs3%2Faws4_request&X-Amz-Date=20260223T001138Z&X-Amz-Expires=604800&X-Amz-Signature=f05a88bdbeec9bc9470e9064b15122f6900724b9ae240fe7498bff4d5390c7a5&X-Amz-SignedHeaders=host&response-content-disposition=attachment%3B%20filename%3D8d54abb9-5cd5-b06b-b8ea-7519792003bd.flac&x-id=GetObject,0.254831761,24261
WW2am-2021-06-25_16-00.flac,2021 Willey Wetlands 2,2021,6,25,16,0,sp22,Simple Call,54.37333298,55.57866669,2625,7219,24000,present,https://rfcx-streams-production.s3.eu-west-1.amazonaws.com/2021/06/25/kxu02nktl751/62257bdc-857c-3dc7-6271-6c172dd9ff63.flac?X-Amz-Algorithm=AWS4-HMAC-SHA256&X-Amz-Content-Sha256=UNSIGNED-PAYLOAD&X-Amz-Credential=AKIA45B7YWBX5HAZMGOU%2F20260223%2Feu-west-1%2Fs3%2Faws4_request&X-Amz-Date=20260223T001138Z&X-Amz-Expires=604800&X-Amz-Signature=58dcc4612e318b173cdcd2aa8447ec7942f3e9ac9952b8bdd59cc58dec86283a&X-Amz-SignedHeaders=host&response-content-disposition=attachment%3B%20filename%3D62257bdc-857c-3dc7-6271-6c172dd9ff63.flac&x-id=GetObject,0.308386534,24261
WW2am-2021-06-25_16-20.flac,2021 Willey Wetlands 2,2021,6,25,16,20,sp22,Simple Call,7.504000187,8.70933342,2625,7219,24000,present,https://rfcx-streams-production.s3.eu-west-1.amazonaws.com/2021/06/25/kxu02nktl751/c08ce3af-87b0-56af-0825-539d3a90d2e7.flac?X-Amz-Algorithm=AWS4-HMAC-SHA256&X-Amz-Content-Sha256=UNSIGNED-PAYLOAD&X-Amz-Credential=AKIA45B7YWBX5HAZMGOU%2F20260223%2Feu-west-1%2Fs3%2Faws4_request&X-Amz-Date=20260223T001138Z&X-Amz-Expires=604800&X-Amz-Signature=118776004bea430505f78090e9893ad073cb302fcd9af0095c1d201f2b2f1f7c&X-Amz-SignedHeaders=host&response-content-disposition=attachment%3B%20filename%3Dc08ce3af-87b0-56af-0825-539d3a90d2e7.flac&x-id=GetObject,0.287718803,24261
WW2am-2021-06-25_16-40.flac,2021 Willey Wetlands 2,2021,6,25,16,40,sp22,Simple Call,43.35466766,44.56000137,2625,7219,24000,present,https://rfcx-streams-production.s3.eu-west-1.amazonaws.com/2021/06/25/kxu02nktl751/ace3bc99-01f3-0d54-6d57-9974caab2faa.flac?X-Amz-Algorithm=AWS4-HMAC-SHA256&X-Amz-Content-Sha256=UNSIGNED-PAYLOAD&X-Amz-Credential=AKIA45B7YWBX5HAZMGOU%2F20260223%2Feu-west-1%2Fs3%2Faws4_request&X-Amz-Date=20260223T001138Z&X-Amz-Expires=604800&X-Amz-Signature=b9c136e78a0652c67bd8c44e77dca85b0810c4bb77596eb4de4f6424e64338fa&X-Amz-SignedHeaders=host&response-content-disposition=attachment%3B%20filename%3Dace3bc99-01f3-0d54-6d57-9974caab2faa.flac&x-id=GetObject,0.28196013,24261
WW2am-2021-06-25_17-00.flac,2021 Willey Wetlands 2,2021,6,25,17,0,sp22,Simple Call,7.397333145,8.602666855,2625,7219,24000,present,https://rfcx-streams-production.s3.eu-west-1.amazonaws.com/2021/06/25/kxu02nktl751/a4f233ee-34b5-38b4-a0ee-aab85ad04ff6.flac?X-Amz-Algorithm=AWS4-HMAC-SHA256&X-Amz-Content-Sha256=UNSIGNED-PAYLOAD&X-Amz-Credential=AKIA45B7YWBX5HAZMGOU%2F20260223%2Feu-west-1%2Fs3%2Faws4_request&X-Amz-Date=20260223T001138Z&X-Amz-Expires=604800&X-Amz-Signature=90177b857f478f81969238f558553ee27e80cf47289bfceb7ac506e3c0042762&X-Amz-SignedHeaders=host&response-content-disposition=attachment%3B%20filename%3Da4f233ee-34b5-38b4-a0ee-aab85ad04ff6.flac&x-id=GetObject,0.318368763,24261
WW2am-2021-06-25_17-40.flac,2021 Willey Wetlands 2,2021,6,25,17,40,sp22,Simple Call,3.007999897,4.21333313,2625,7219,24000,present,https://rfcx-streams-production.s3.eu-west-1.amazonaws.com/2021/06/25/kxu02nktl751/b2754248-8e58-e308-3774-10f974efe94d.flac?X-Amz-Algorithm=AWS4-HMAC-SHA256&X-Amz-Content-Sha256=UNSIGNED-PAYLOAD&X-Amz-Credential=AKIA45B7YWBX5HAZMGOU%2F20260223%2Feu-west-1%2Fs3%2Faws4_request&X-Amz-Date=20260223T001138Z&X-Amz-Expires=604800&X-Amz-Signature=4ba5031ca8e7acec52ef781649ea5905b9bd017dba9dc49db6d9196e0df569df&X-Amz-SignedHeaders=host&response-content-disposition=attachment%3B%20filename%3Db2754248-8e58-e308-3774-10f974efe94d.flac&x-id=GetObject,0.209371269,24261
WW2am-2021-06-25_18-20.flac,2021 Willey Wetlands 2,2021,6,25,18,20,sp22,Simple Call,53.96266556,55.16799927,2625,7219,24000,present,https://rfcx-streams-production.s3.eu-west-1.amazonaws.com/2021/06/25/kxu02nktl751/44cf7275-dbe4-e282-2ad8-5e3b8c0323d3.flac?X-Amz-Algorithm=AWS4-HMAC-SHA256&X-Amz-Content-Sha256=UNSIGNED-PAYLOAD&X-Amz-Credential=AKIA45B7YWBX5HAZMGOU%2F20260223%2Feu-west-1%2Fs3%2Faws4_request&X-Amz-Date=20260223T001138Z&X-Amz-Expires=604800&X-Amz-Signature=9205669f2f7dfb65c16430b6a2c7b2497039e0c1f9d2ab62d291a5cc658e150d&X-Amz-SignedHeaders=host&response-content-disposition=attachment%3B%20filename%3D44cf7275-dbe4-e282-2ad8-5e3b8c0323d3.flac&x-id=GetObject,0.285356075,24261
WW2am-2021-06-25_18-40.flac,2021 Willey Wetlands 2,2021,6,25,18,40,sp22,Simple Call,5.989333153,7.194666862,2625,7219,24000,present,https://rfcx-streams-production.s3.eu-west-1.amazonaws.com/2021/06/25/kxu02nktl751/b8fb8141-0352-1624-8e3f-9f69e4a415a3.flac?X-Amz-Algorithm=AWS4-HMAC-SHA256&X-Amz-Content-Sha256=UNSIGNED-PAYLOAD&X-Amz-Credential=AKIA45B7YWBX5HAZMGOU%2F20260223%2Feu-west-1%2Fs3%2Faws4_request&X-Amz-Date=20260223T001138Z&X-Amz-Expires=604800&X-Amz-Signature=1ecebbf9a016825c773914f878b7b1e97f11a242175b06b851eb8419bf4ac4a9&X-Amz-SignedHeaders=host&response-content-disposition=attachment%3B%20filename%3Db8fb8141-0352-1624-8e3f-9f69e4a415a3.flac&x-id=GetObject,0.263516486,24261
WW2am-2021-06-25_19-20.flac,2021 Willey Wetlands 2,2021,6,25,19,20,sp22,Simple Call,6.800000191,8.005332947,2625,7219,24000,present,https://rfcx-streams-production.s3.eu-west-1.amazonaws.com/2021/06/25/kxu02nktl751/63cb6731-cb97-df06-5206-aa5795213012.flac?X-Amz-Algorithm=AWS4-HMAC-SHA256&X-Amz-Content-Sha256=UNSIGNED-PAYLOAD&X-Amz-Credential=AKIA45B7YWBX5HAZMGOU%2F20260223%2Feu-west-1%2Fs3%2Faws4_request&X-Amz-Date=20260223T001138Z&X-Amz-Expires=604800&X-Amz-Signature=53a6cb13b1edfcfa048538acdc44fe2af1042e30baf65bb2a9b6a5679ff1f12b&X-Amz-SignedHeaders=host&response-content-disposition=attachment%3B%20filename%3D63cb6731-cb97-df06-5206-aa5795213012.flac&x-id=GetObject,0.248948842,24261
WW2am-2021-06-25_19-40.flac,2021 Willey Wetlands 2,2021,6,25,19,40,sp22,Simple Call,5.872000217,7.07733345,2625,7219,24000,present,https://rfcx-streams-production.s3.eu-west-1.amazonaws.com/2021/06/25/kxu02nktl751/abedd2b8-e5db-63a7-c596-25874c6eed4b.flac?X-Amz-Algorithm=AWS4-HMAC-SHA256&X-Amz-Content-Sha256=UNSIGNED-PAYLOAD&X-Amz-Credential=AKIA45B7YWBX5HAZMGOU%2F20260223%2Feu-west-1%2Fs3%2Faws4_request&X-Amz-Date=20260223T001138Z&X-Amz-Expires=604800&X-Amz-Signature=3c8a3dcb6165b24555da7826fda5b429a48c4d364fa98cf74d55546c316a061d&X-Amz-SignedHeaders=host&response-content-disposition=attachment%3B%20filename%3Dabedd2b8-e5db-63a7-c596-25874c6eed4b.flac&x-id=GetObject,0.283351809,24261
WW2am-2021-06-25_20-00.flac,2021 Willey Wetlands 2,2021,6,25,20,0,sp22,Simple Call,39.66400146,40.86933517,2625,7219,24000,present,https://rfcx-streams-production.s3.eu-west-1.amazonaws.com/2021/06/25/kxu02nktl751/c315e3ed-9fce-ea60-59c6-37fa48de6cef.flac?X-Amz-Algorithm=AWS4-HMAC-SHA256&X-Amz-Content-Sha256=UNSIGNED-PAYLOAD&X-Amz-Credential=AKIA45B7YWBX5HAZMGOU%2F20260223%2Feu-west-1%2Fs3%2Faws4_request&X-Amz-Date=20260223T001138Z&X-Amz-Expires=604800&X-Amz-Signature=775504f721017998024e32f1e608f3ee6f0e201e54b3154552d1ca9bd59d1b91&X-Amz-SignedHeaders=host&response-content-disposition=attachment%3B%20filename%3Dc315e3ed-9fce-ea60-59c6-37fa48de6cef.flac&x-id=GetObject,0.213093832,24261
WW2am-2021-06-25_20-40.flac,2021 Willey Wetlands 2,2021,6,25,20,40,sp22,Simple Call,3.072000027,4.27733326,2625,7219,24000,present,https://rfcx-streams-production.s3.eu-west-1.amazonaws.com/2021/06/25/kxu02nktl751/df5977c8-ebac-b68e-be5b-2ca202b0ea56.flac?X-Amz-Algorithm=AWS4-HMAC-SHA256&X-Amz-Content-Sha256=UNSIGNED-PAYLOAD&X-Amz-Credential=AKIA45B7YWBX5HAZMGOU%2F20260223%2Feu-west-1%2Fs3%2Faws4_request&X-Amz-Date=20260223T001138Z&X-Amz-Expires=604800&X-Amz-Signature=3d8ce61c6fa4e071eacb5ca79e53979cb35d38cfaa17bbaf570a6f9042597120&X-Amz-SignedHeaders=host&response-content-disposition=attachment%3B%20filename%3Ddf5977c8-ebac-b68e-be5b-2ca202b0ea56.flac&x-id=GetObject,0.279056251,24261
WW2am-2021-06-26_06-40.flac,2021 Willey Wetlands 2,2021,6,26,6,40,sp22,Simple Call,30.12266731,31.32799911,2625,7219,24000,present,https://rfcx-streams-production.s3.eu-west-1.amazonaws.com/2021/06/25/kxu02nktl751/fd4aee08-f3d9-7c25-ef3d-d67cfcf0637a.flac?X-Amz-Algorithm=AWS4-HMAC-SHA256&X-Amz-Content-Sha256=UNSIGNED-PAYLOAD&X-Amz-Credential=AKIA45B7YWBX5HAZMGOU%2F20260223%2Feu-west-1%2Fs3%2Faws4_request&X-Amz-Date=20260223T001138Z&X-Amz-Expires=604800&X-Amz-Signature=2fd596fcc2761f954f8e2ae03b39e714d4898597179e46b80214d6de35cf7557&X-Amz-SignedHeaders=host&response-content-disposition=attachment%3B%20filename%3Dfd4aee08-f3d9-7c25-ef3d-d67cfcf0637a.flac&x-id=GetObject,0.249634936,24261
WW2am-2021-06-26_07-00.flac,2021 Willey Wetlands 2,2021,6,26,7,0,sp22,Simple Call,9.546667099,10.75199986,2625,7219,24000,present,https://rfcx-streams-production.s3.eu-west-1.amazonaws.com/2021/06/26/kxu02nktl751/b82bd541-cfd9-6779-165b-8af9fcdc8592.flac?X-Amz-Algorithm=AWS4-HMAC-SHA256&X-Amz-Content-Sha256=UNSIGNED-PAYLOAD&X-Amz-Credential=AKIA45B7YWBX5HAZMGOU%2F20260223%2Feu-west-1%2Fs3%2Faws4_request&X-Amz-Date=20260223T001138Z&X-Amz-Expires=604800&X-Amz-Signature=26daa4e727308f8895f8845aa44ee094e7b2af08f59c51864bf4a6dbd39603f9&X-Amz-SignedHeaders=host&response-content-disposition=attachment%3B%20filename%3Db82bd541-cfd9-6779-165b-8af9fcdc8592.flac&x-id=GetObject,0.301424772,24261
WW2am-2021-06-26_07-20.flac,2021 Willey Wetlands 2,2021,6,26,7,20,sp22,Simple Call,28.68266678,29.88800049,2625,7219,24000,present,https://rfcx-streams-production.s3.eu-west-1.amazonaws.com/2021/06/26/kxu02nktl751/946193b1-44ae-7fef-18d1-f1cb9af09a8a.flac?X-Amz-Algorithm=AWS4-HMAC-SHA256&X-Amz-Content-Sha256=UNSIGNED-PAYLOAD&X-Amz-Credential=AKIA45B7YWBX5HAZMGOU%2F20260223%2Feu-west-1%2Fs3%2Faws4_request&X-Amz-Date=20260223T001138Z&X-Amz-Expires=604800&X-Amz-Signature=408fe594a7a74f9f8fb8ce9c35ed267c544efd112734f73af0260bfea30f1670&X-Amz-SignedHeaders=host&response-content-disposition=attachment%3B%20filename%3D946193b1-44ae-7fef-18d1-f1cb9af09a8a.flac&x-id=GetObject,0.244860962,24261
WW2am-2021-06-26_08-40.flac,2021 Willey Wetlands 2,2021,6,26,8,40,sp22,Simple Call,54.26666641,55.47200012,2625,7219,24000,present,https://rfcx-streams-production.s3.eu-west-1.amazonaws.com/2021/06/26/kxu02nktl751/7ab21893-2e8b-3280-a2f8-66d2876f60c7.flac?X-Amz-Algorithm=AWS4-HMAC-SHA256&X-Amz-Content-Sha256=UNSIGNED-PAYLOAD&X-Amz-Credential=AKIA45B7YWBX5HAZMGOU%2F20260223%2Feu-west-1%2Fs3%2Faws4_request&X-Amz-Date=20260223T001138Z&X-Amz-Expires=604800&X-Amz-Signature=023057b365a8cb1e741fcdb18affd6638e1f65c8c880a3d90a3e38d2c6186ae1&X-Amz-SignedHeaders=host&response-content-disposition=attachment%3B%20filename%3D7ab21893-2e8b-3280-a2f8-66d2876f60c7.flac&x-id=GetObject,0.267442644,24261
WW2am-2021-06-26_09-00.flac,2021 Willey Wetlands 2,2021,6,26,9,0,sp22,Simple Call,14.51200008,15.71733379,2625,7219,24000,present,https://rfcx-streams-production.s3.eu-west-1.amazonaws.com/2021/06/26/kxu02nktl751/f3fd9e38-538e-d42e-92c3-422fe4a5fcd9.flac?X-Amz-Algorithm=AWS4-HMAC-SHA256&X-Amz-Content-Sha256=UNSIGNED-PAYLOAD&X-Amz-Credential=AKIA45B7YWBX5HAZMGOU%2F20260223%2Feu-west-1%2Fs3%2Faws4_request&X-Amz-Date=20260223T001138Z&X-Amz-Expires=604800&X-Amz-Signature=edff211f2df52d29ba4c53451694c144340f0bf8361e9e4f55909a2a4081475c&X-Amz-SignedHeaders=host&response-content-disposition=attachment%3B%20filename%3Df3fd9e38-538e-d42e-92c3-422fe4a5fcd9.flac&x-id=GetObject,0.306421697,24261
WW2am-2021-06-26_09-20.flac,2021 Willey Wetlands 2,2021,6,26,9,20,sp22,Simple Call,45.63199997,46.83733368,2625,7219,24000,present,https://rfcx-streams-production.s3.eu-west-1.amazonaws.com/2021/06/26/kxu02nktl751/1b5e2286-66c5-c9ef-6d11-a9597a20dec6.flac?X-Amz-Algorithm=AWS4-HMAC-SHA256&X-Amz-Content-Sha256=UNSIGNED-PAYLOAD&X-Amz-Credential=AKIA45B7YWBX5HAZMGOU%2F20260223%2Feu-west-1%2Fs3%2Faws4_request&X-Amz-Date=20260223T001138Z&X-Amz-Expires=604800&X-Amz-Signature=c0959f244ff6f40b573c7ad7ba6b2fc3ea226aa5f9e615ff6cf686cb8818c800&X-Amz-SignedHeaders=host&response-content-disposition=attachment%3B%20filename%3D1b5e2286-66c5-c9ef-6d11-a9597a20dec6.flac&x-id=GetObject,0.245727926,24261
WW2am-2021-06-26_10-20.flac,2021 Willey Wetlands 2,2021,6,26,10,20,sp22,Simple Call,13.82933331,15.03466702,2625,7219,24000,present,https://rfcx-streams-production.s3.eu-west-1.amazonaws.com/2021/06/26/kxu02nktl751/dcfe6a2d-259b-c210-1a6f-b850f6a29bb2.flac?X-Amz-Algorithm=AWS4-HMAC-SHA256&X-Amz-Content-Sha256=UNSIGNED-PAYLOAD&X-Amz-Credential=AKIA45B7YWBX5HAZMGOU%2F20260223%2Feu-west-1%2Fs3%2Faws4_request&X-Amz-Date=20260223T001138Z&X-Amz-Expires=604800&X-Amz-Signature=b763425fb0f48e659bb368e741e2e0b27d43de3fca1773cadb1fd8aa28f27797&X-Amz-SignedHeaders=host&response-content-disposition=attachment%3B%20filename%3Ddcfe6a2d-259b-c210-1a6f-b850f6a29bb2.flac&x-id=GetObject,0.427708626,24261
WW2am-2021-06-26_11-00.flac,2021 Willey Wetlands 2,2021,6,26,11,0,sp22,Simple Call,15.11466694,16.31999969,2625,7219,24000,present,https://rfcx-streams-production.s3.eu-west-1.amazonaws.com/2021/06/26/kxu02nktl751/0370b390-8c69-ef01-2398-f43464db8465.flac?X-Amz-Algorithm=AWS4-HMAC-SHA256&X-Amz-Content-Sha256=UNSIGNED-PAYLOAD&X-Amz-Credential=AKIA45B7YWBX5HAZMGOU%2F20260223%2Feu-west-1%2Fs3%2Faws4_request&X-Amz-Date=20260223T001138Z&X-Amz-Expires=604800&X-Amz-Signature=a55d0368103f87a9b28fd945bb5747ed29574fad50ddc207bcc8fec0083c05fe&X-Amz-SignedHeaders=host&response-content-disposition=attachment%3B%20filename%3D0370b390-8c69-ef01-2398-f43464db8465.flac&x-id=GetObject,0.313043296,24261
WW2am-2021-06-26_13-20.flac,2021 Willey Wetlands 2,2021,6,26,13,20,sp22,Simple Call,50.92266846,52.12799835,2625,7219,24000,present,https://rfcx-streams-production.s3.eu-west-1.amazonaws.com/2021/06/26/kxu02nktl751/f8d2b92e-b304-3005-d611-208957a1908b.flac?X-Amz-Algorithm=AWS4-HMAC-SHA256&X-Amz-Content-Sha256=UNSIGNED-PAYLOAD&X-Amz-Credential=AKIA45B7YWBX5HAZMGOU%2F20260223%2Feu-west-1%2Fs3%2Faws4_request&X-Amz-Date=20260223T001138Z&X-Amz-Expires=604800&X-Amz-Signature=3440fa34d27850ddfa7b2e9631a9b6157f6e828b83464377d6f0f4cfbbdaec29&X-Amz-SignedHeaders=host&response-content-disposition=attachment%3B%20filename%3Df8d2b92e-b304-3005-d611-208957a1908b.flac&x-id=GetObject,0.238335058,24261
WW2am-2021-06-26_14-00.flac,2021 Willey Wetlands 2,2021,6,26,14,0,sp22,Simple Call,4.320000172,5.525333405,2625,7219,24000,present,https://rfcx-streams-production.s3.eu-west-1.amazonaws.com/2021/06/26/kxu02nktl751/98407ac0-1556-14ec-011b-558845ac5efe.flac?X-Amz-Algorithm=AWS4-HMAC-SHA256&X-Amz-Content-Sha256=UNSIGNED-PAYLOAD&X-Amz-Credential=AKIA45B7YWBX5HAZMGOU%2F20260223%2Feu-west-1%2Fs3%2Faws4_request&X-Amz-Date=20260223T001138Z&X-Amz-Expires=604800&X-Amz-Signature=a0a8e6ebf6e4cfafd08f0d014b66e04474d94c33bae9831435e8a2e595fd9813&X-Amz-SignedHeaders=host&response-content-disposition=attachment%3B%20filename%3D98407ac0-1556-14ec-011b-558845ac5efe.flac&x-id=GetObject,0.355093271,24261
WW2am-2021-06-26_14-20.flac,2021 Willey Wetlands 2,2021,6,26,14,20,sp22,Simple Call,28.11199951,29.31733322,2625,7219,24000,present,https://rfcx-streams-production.s3.eu-west-1.amazonaws.com/2021/06/26/kxu02nktl751/7502d4ac-7ce3-7e35-8f37-a759e4509d0a.flac?X-Amz-Algorithm=AWS4-HMAC-SHA256&X-Amz-Content-Sha256=UNSIGNED-PAYLOAD&X-Amz-Credential=AKIA45B7YWBX5HAZMGOU%2F20260223%2Feu-west-1%2Fs3%2Faws4_request&X-Amz-Date=20260223T001138Z&X-Amz-Expires=604800&X-Amz-Signature=e4e1385dadb4b9caa2cbf8861513c929337a583cc68792164d02fc4435a25cf2&X-Amz-SignedHeaders=host&response-content-disposition=attachment%3B%20filename%3D7502d4ac-7ce3-7e35-8f37-a759e4509d0a.flac&x-id=GetObject,0.382457912,24261
WW2am-2021-06-26_14-40.flac,2021 Willey Wetlands 2,2021,6,26,14,40,sp22,Simple Call,56.05333328,57.25866699,2625,7219,24000,present,https://rfcx-streams-production.s3.eu-west-1.amazonaws.com/2021/06/26/kxu02nktl751/5f05a6dc-22d3-d84c-0eaa-34f87fdb5564.flac?X-Amz-Algorithm=AWS4-HMAC-SHA256&X-Amz-Content-Sha256=UNSIGNED-PAYLOAD&X-Amz-Credential=AKIA45B7YWBX5HAZMGOU%2F20260223%2Feu-west-1%2Fs3%2Faws4_request&X-Amz-Date=20260223T001138Z&X-Amz-Expires=604800&X-Amz-Signature=73028d6916de3d145c1aafd5805ac92340fede4550eccb9660c1e02f2b9ba8c3&X-Amz-SignedHeaders=host&response-content-disposition=attachment%3B%20filename%3D5f05a6dc-22d3-d84c-0eaa-34f87fdb5564.flac&x-id=GetObject,0.284683824,24261
WW2am-2021-06-27_06-00.flac,2021 Willey Wetlands 2,2021,6,27,6,0,sp22,Simple Call,45.30666733,46.51200104,2625,7219,24000,present,https://rfcx-streams-production.s3.eu-west-1.amazonaws.com/2021/06/26/kxu02nktl751/6fdb888f-a57b-d4b7-e5dd-72bb5d39dff5.flac?X-Amz-Algorithm=AWS4-HMAC-SHA256&X-Amz-Content-Sha256=UNSIGNED-PAYLOAD&X-Amz-Credential=AKIA45B7YWBX5HAZMGOU%2F20260223%2Feu-west-1%2Fs3%2Faws4_request&X-Amz-Date=20260223T001139Z&X-Amz-Expires=604800&X-Amz-Signature=14d58c770dd75755cee98c958496499d898d77e4f19091e0da19c7048b4b991e&X-Amz-SignedHeaders=host&response-content-disposition=attachment%3B%20filename%3D6fdb888f-a57b-d4b7-e5dd-72bb5d39dff5.flac&x-id=GetObject,0.218689144,24261
WW2am-2021-06-27_07-00.flac,2021 Willey Wetlands 2,2021,6,27,7,0,sp22,Simple Call,45.88266754,47.08800125,2625,7219,24000,present,https://rfcx-streams-production.s3.eu-west-1.amazonaws.com/2021/06/27/kxu02nktl751/9c2569c0-dc2b-a4b8-c2fb-8c56ab0db309.flac?X-Amz-Algorithm=AWS4-HMAC-SHA256&X-Amz-Content-Sha256=UNSIGNED-PAYLOAD&X-Amz-Credential=AKIA45B7YWBX5HAZMGOU%2F20260223%2Feu-west-1%2Fs3%2Faws4_request&X-Amz-Date=20260223T001139Z&X-Amz-Expires=604800&X-Amz-Signature=f80fdc7e651ce23b414c630fedc7167be2994820254c27a7f64d24bde8ea91ee&X-Amz-SignedHeaders=host&response-content-disposition=attachment%3B%20filename%3D9c2569c0-dc2b-a4b8-c2fb-8c56ab0db309.flac&x-id=GetObject,0.301595658,24261
WW2am-2021-06-27_07-20.flac,2021 Willey Wetlands 2,2021,6,27,7,20,sp22,Simple Call,28.22933388,29.43466759,2625,7219,24000,present,https://rfcx-streams-production.s3.eu-west-1.amazonaws.com/2021/06/27/kxu02nktl751/f89409c3-0e39-e327-7d2f-f25dba927fa1.flac?X-Amz-Algorithm=AWS4-HMAC-SHA256&X-Amz-Content-Sha256=UNSIGNED-PAYLOAD&X-Amz-Credential=AKIA45B7YWBX5HAZMGOU%2F20260223%2Feu-west-1%2Fs3%2Faws4_request&X-Amz-Date=20260223T001139Z&X-Amz-Expires=604800&X-Amz-Signature=750c234a3a9ced4fc987f508de77ac0b7f31e30a03d4410977508b1208323251&X-Amz-SignedHeaders=host&response-content-disposition=attachment%3B%20filename%3Df89409c3-0e39-e327-7d2f-f25dba927fa1.flac&x-id=GetObject,0.248857662,24261
WW2am-2021-06-27_08-20.flac,2021 Willey Wetlands 2,2021,6,27,8,20,sp22,Simple Call,8.730667114,9.93599987,2625,7219,24000,present,https://rfcx-streams-production.s3.eu-west-1.amazonaws.com/2021/06/27/kxu02nktl751/ac8e1e07-0c24-7e92-5df8-4b83ac7f8e64.flac?X-Amz-Algorithm=AWS4-HMAC-SHA256&X-Amz-Content-Sha256=UNSIGNED-PAYLOAD&X-Amz-Credential=AKIA45B7YWBX5HAZMGOU%2F20260223%2Feu-west-1%2Fs3%2Faws4_request&X-Amz-Date=20260223T001139Z&X-Amz-Expires=604800&X-Amz-Signature=ac94cea6cc1636b9c174040851215e5dde21162fd73cfc2e1a289eab4259690b&X-Amz-SignedHeaders=host&response-content-disposition=attachment%3B%20filename%3Dac8e1e07-0c24-7e92-5df8-4b83ac7f8e64.flac&x-id=GetObject,0.253166676,24261
WW2am-2021-06-27_10-00.flac,2021 Willey Wetlands 2,2021,6,27,10,0,sp22,Simple Call,50.84799957,52.05333328,2625,7219,24000,present,https://rfcx-streams-production.s3.eu-west-1.amazonaws.com/2021/06/27/kxu02nktl751/5a3f4a13-dddd-52e7-9bad-a101805cc44c.flac?X-Amz-Algorithm=AWS4-HMAC-SHA256&X-Amz-Content-Sha256=UNSIGNED-PAYLOAD&X-Amz-Credential=AKIA45B7YWBX5HAZMGOU%2F20260223%2Feu-west-1%2Fs3%2Faws4_request&X-Amz-Date=20260223T001139Z&X-Amz-Expires=604800&X-Amz-Signature=cc89aafac015a444451c35bee21a7d6a87e49a69ed1279f8d426ff032255df25&X-Amz-SignedHeaders=host&response-content-disposition=attachment%3B%20filename%3D5a3f4a13-dddd-52e7-9bad-a101805cc44c.flac&x-id=GetObject,0.263551891,24261
WW2am-2021-06-27_11-20.flac,2021 Willey Wetlands 2,2021,6,27,11,20,sp22,Simple Call,26.50133324,27.70666695,2625,7219,24000,present,https://rfcx-streams-production.s3.eu-west-1.amazonaws.com/2021/06/27/kxu02nktl751/6a6d185f-4ee8-67a6-0f33-ee27be58c23d.flac?X-Amz-Algorithm=AWS4-HMAC-SHA256&X-Amz-Content-Sha256=UNSIGNED-PAYLOAD&X-Amz-Credential=AKIA45B7YWBX5HAZMGOU%2F20260223%2Feu-west-1%2Fs3%2Faws4_request&X-Amz-Date=20260223T001139Z&X-Amz-Expires=604800&X-Amz-Signature=68bfb63cc7e2ba275309a35cb709893a2e6ad40cda7f8abe374c7ca5c08e4ead&X-Amz-SignedHeaders=host&response-content-disposition=attachment%3B%20filename%3D6a6d185f-4ee8-67a6-0f33-ee27be58c23d.flac&x-id=GetObject,0.256324053,24261
WW2am-2021-06-27_11-40.flac,2021 Willey Wetlands 2,2021,6,27,11,40,sp22,Simple Call,53.87200165,55.07733154,2625,7219,24000,present,https://rfcx-streams-production.s3.eu-west-1.amazonaws.com/2021/06/27/kxu02nktl751/0d02084c-414b-92dd-dee0-f52773a13590.flac?X-Amz-Algorithm=AWS4-HMAC-SHA256&X-Amz-Content-Sha256=UNSIGNED-PAYLOAD&X-Amz-Credential=AKIA45B7YWBX5HAZMGOU%2F20260223%2Feu-west-1%2Fs3%2Faws4_request&X-Amz-Date=20260223T001139Z&X-Amz-Expires=604800&X-Amz-Signature=c4eae9becd705af79ec7fa941e9c9e2106e8b607381a22ffa9cee71beabf2ae8&X-Amz-SignedHeaders=host&response-content-disposition=attachment%3B%20filename%3D0d02084c-414b-92dd-dee0-f52773a13590.flac&x-id=GetObject,0.257454783,24261
WW2am-2021-06-27_12-40.flac,2021 Willey Wetlands 2,2021,6,27,12,40,sp22,Simple Call,49.63733292,50.84266663,2625,7219,24000,present,https://rfcx-streams-production.s3.eu-west-1.amazonaws.com/2021/06/27/kxu02nktl751/532ac046-ea09-5a9b-4213-557d4b4ba1f3.flac?X-Amz-Algorithm=AWS4-HMAC-SHA256&X-Amz-Content-Sha256=UNSIGNED-PAYLOAD&X-Amz-Credential=AKIA45B7YWBX5HAZMGOU%2F20260223%2Feu-west-1%2Fs3%2Faws4_request&X-Amz-Date=20260223T001139Z&X-Amz-Expires=604800&X-Amz-Signature=096e574ae1e10c727c33f6244398f906e6c41bc977cc49d6af905ec973dfa382&X-Amz-SignedHeaders=host&response-content-disposition=attachment%3B%20filename%3D532ac046-ea09-5a9b-4213-557d4b4ba1f3.flac&x-id=GetObject,0.274763823,24261
WW2am-2021-06-27_13-40.flac,2021 Willey Wetlands 2,2021,6,27,13,40,sp22,Simple Call,46.73600006,47.94133377,2625,7219,24000,present,https://rfcx-streams-production.s3.eu-west-1.amazonaws.com/2021/06/27/kxu02nktl751/a5696a43-cc9b-22c6-feb9-94cc2712660c.flac?X-Amz-Algorithm=AWS4-HMAC-SHA256&X-Amz-Content-Sha256=UNSIGNED-PAYLOAD&X-Amz-Credential=AKIA45B7YWBX5HAZMGOU%2F20260223%2Feu-west-1%2Fs3%2Faws4_request&X-Amz-Date=20260223T001139Z&X-Amz-Expires=604800&X-Amz-Signature=e2816ffb5361a36950d1e7e5e5655d27713dc5f91b86b02eda223194925ef83c&X-Amz-SignedHeaders=host&response-content-disposition=attachment%3B%20filename%3Da5696a43-cc9b-22c6-feb9-94cc2712660c.flac&x-id=GetObject,0.257182688,24261
WW2am-2021-06-27_14-20.flac,2021 Willey Wetlands 2,2021,6,27,14,20,sp22,Simple Call,3.888000011,5.093333244,2625,7219,24000,present,https://rfcx-streams-production.s3.eu-west-1.amazonaws.com/2021/06/27/kxu02nktl751/b639f293-6772-d735-d4e9-3d81afea4939.flac?X-Amz-Algorithm=AWS4-HMAC-SHA256&X-Amz-Content-Sha256=UNSIGNED-PAYLOAD&X-Amz-Credential=AKIA45B7YWBX5HAZMGOU%2F20260223%2Feu-west-1%2Fs3%2Faws4_request&X-Amz-Date=20260223T001139Z&X-Amz-Expires=604800&X-Amz-Signature=68eb4f726154520ac0d584b0cbaf5cc1628618d66d508c6d1000c6a0b8ce2d73&X-Amz-SignedHeaders=host&response-content-disposition=attachment%3B%20filename%3Db639f293-6772-d735-d4e9-3d81afea4939.flac&x-id=GetObject,0.29748255,24261
WW2am-2021-06-27_18-40.flac,2021 Willey Wetlands 2,2021,6,27,18,40,sp22,Simple Call,53.97866821,55.18399811,2625,7219,24000,present,https://rfcx-streams-production.s3.eu-west-1.amazonaws.com/2021/06/27/kxu02nktl751/45999ba4-b2e8-719b-4130-6c47fde80efc.flac?X-Amz-Algorithm=AWS4-HMAC-SHA256&X-Amz-Content-Sha256=UNSIGNED-PAYLOAD&X-Amz-Credential=AKIA45B7YWBX5HAZMGOU%2F20260223%2Feu-west-1%2Fs3%2Faws4_request&X-Amz-Date=20260223T001139Z&X-Amz-Expires=604800&X-Amz-Signature=f262e8fc489722e2e41ee36c699979a79a9603230e4a2e80492ed1a86a5dd2ef&X-Amz-SignedHeaders=host&response-content-disposition=attachment%3B%20filename%3D45999ba4-b2e8-719b-4130-6c47fde80efc.flac&x-id=GetObject,0.267353565,24261
WW2am-2021-06-27_19-20.flac,2021 Willey Wetlands 2,2021,6,27,19,20,sp22,Simple Call,46.26666641,47.47200012,2625,7219,24000,present,https://rfcx-streams-production.s3.eu-west-1.amazonaws.com/2021/06/27/kxu02nktl751/e7ef19e4-ced5-b997-b653-a27ca489b830.flac?X-Amz-Algorithm=AWS4-HMAC-SHA256&X-Amz-Content-Sha256=UNSIGNED-PAYLOAD&X-Amz-Credential=AKIA45B7YWBX5HAZMGOU%2F20260223%2Feu-west-1%2Fs3%2Faws4_request&X-Amz-Date=20260223T001139Z&X-Amz-Expires=604800&X-Amz-Signature=036567d8acedfdd8345db542ef213f9db2258846462e5c53ce94019ca3e99933&X-Amz-SignedHeaders=host&response-content-disposition=attachment%3B%20filename%3De7ef19e4-ced5-b997-b653-a27ca489b830.flac&x-id=GetObject,0.214773461,24261
WW2am-2021-06-27_19-40.flac,2021 Willey Wetlands 2,2021,6,27,19,40,sp22,Simple Call,16.70933342,17.91466713,2625,7219,24000,present,https://rfcx-streams-production.s3.eu-west-1.amazonaws.com/2021/06/27/kxu02nktl751/d69a6a78-8e16-f4a6-c425-a62449793ace.flac?X-Amz-Algorithm=AWS4-HMAC-SHA256&X-Amz-Content-Sha256=UNSIGNED-PAYLOAD&X-Amz-Credential=AKIA45B7YWBX5HAZMGOU%2F20260223%2Feu-west-1%2Fs3%2Faws4_request&X-Amz-Date=20260223T001139Z&X-Amz-Expires=604800&X-Amz-Signature=93a72634237215ffd42340537b87a7980d59462ab7585ab6c3f5b25b5cac8f14&X-Amz-SignedHeaders=host&response-content-disposition=attachment%3B%20filename%3Dd69a6a78-8e16-f4a6-c425-a62449793ace.flac&x-id=GetObject,0.256347895,24261
WW2am-2021-06-27_20-20.flac,2021 Willey Wetlands 2,2021,6,27,20,20,sp22,Simple Call,52.45866776,53.66400146,2625,7219,24000,present,https://rfcx-streams-production.s3.eu-west-1.amazonaws.com/2021/06/27/kxu02nktl751/d0141234-6b8d-8880-9b1e-047db7925f8a.flac?X-Amz-Algorithm=AWS4-HMAC-SHA256&X-Amz-Content-Sha256=UNSIGNED-PAYLOAD&X-Amz-Credential=AKIA45B7YWBX5HAZMGOU%2F20260223%2Feu-west-1%2Fs3%2Faws4_request&X-Amz-Date=20260223T001139Z&X-Amz-Expires=604800&X-Amz-Signature=dec0f3954878bab4344d26f3a99f3635876e944cd7d3b05e215b83fecd9f6cf5&X-Amz-SignedHeaders=host&response-content-disposition=attachment%3B%20filename%3Dd0141234-6b8d-8880-9b1e-047db7925f8a.flac&x-id=GetObject,0.205346838,24261
WW2am-2021-06-28_12-20.flac,2021 Willey Wetlands 2,2021,6,28,12,20,sp22,Simple Call,22.10133362,23.30666733,2625,7219,24000,present,https://rfcx-streams-production.s3.eu-west-1.amazonaws.com/2021/06/28/kxu02nktl751/01793ae0-4edc-b1b3-5bed-bde681ce074c.flac?X-Amz-Algorithm=AWS4-HMAC-SHA256&X-Amz-Content-Sha256=UNSIGNED-PAYLOAD&X-Amz-Credential=AKIA45B7YWBX5HAZMGOU%2F20260223%2Feu-west-1%2Fs3%2Faws4_request&X-Amz-Date=20260223T001139Z&X-Amz-Expires=604800&X-Amz-Signature=83658564e3fe506f94842795ce68a26c0f5a3458dddbad3acc52f6a9e1146eb3&X-Amz-SignedHeaders=host&response-content-disposition=attachment%3B%20filename%3D01793ae0-4edc-b1b3-5bed-bde681ce074c.flac&x-id=GetObject,0.325544029,24261
WW2am-2021-06-29_08-00.flac,2021 Willey Wetlands 2,2021,6,29,8,0,sp22,Simple Call,40.4640007,41.66933441,2625,7219,24000,present,https://rfcx-streams-production.s3.eu-west-1.amazonaws.com/2021/06/29/kxu02nktl751/dc4393bd-e861-c450-2181-811567cafedb.flac?X-Amz-Algorithm=AWS4-HMAC-SHA256&X-Amz-Content-Sha256=UNSIGNED-PAYLOAD&X-Amz-Credential=AKIA45B7YWBX5HAZMGOU%2F20260223%2Feu-west-1%2Fs3%2Faws4_request&X-Amz-Date=20260223T001139Z&X-Amz-Expires=604800&X-Amz-Signature=3eb8a9ab1f7b2749ea7a926556aa2eb49c09a607beb3d01e8c937082cbf2f593&X-Amz-SignedHeaders=host&response-content-disposition=attachment%3B%20filename%3Ddc4393bd-e861-c450-2181-811567cafedb.flac&x-id=GetObject,0.263562381,24261
WW2am-2021-06-29_08-40.flac,2021 Willey Wetlands 2,2021,6,29,8,40,sp22,Simple Call,44.79999924,46.00533295,2625,7219,24000,present,https://rfcx-streams-production.s3.eu-west-1.amazonaws.com/2021/06/29/kxu02nktl751/7a00b434-de8d-d620-4024-60f49b34e57a.flac?X-Amz-Algorithm=AWS4-HMAC-SHA256&X-Amz-Content-Sha256=UNSIGNED-PAYLOAD&X-Amz-Credential=AKIA45B7YWBX5HAZMGOU%2F20260223%2Feu-west-1%2Fs3%2Faws4_request&X-Amz-Date=20260223T001139Z&X-Amz-Expires=604800&X-Amz-Signature=b54d71098c1db8a90dc33a3ff0ff475bd0954b549e2ef61f307f901edb0b9f29&X-Amz-SignedHeaders=host&response-content-disposition=attachment%3B%20filename%3D7a00b434-de8d-d620-4024-60f49b34e57a.flac&x-id=GetObject,0.277456641,24261
WW2am-2021-06-29_11-00.flac,2021 Willey Wetlands 2,2021,6,29,11,0,sp22,Simple Call,4.901333332,6.106666565,2625,7219,24000,present,https://rfcx-streams-production.s3.eu-west-1.amazonaws.com/2021/06/29/kxu02nktl751/09cc5059-20db-6d98-a8be-52f1eb31418f.flac?X-Amz-Algorithm=AWS4-HMAC-SHA256&X-Amz-Content-Sha256=UNSIGNED-PAYLOAD&X-Amz-Credential=AKIA45B7YWBX5HAZMGOU%2F20260223%2Feu-west-1%2Fs3%2Faws4_request&X-Amz-Date=20260223T001139Z&X-Amz-Expires=604800&X-Amz-Signature=add50ffd8411001aeafe2220d2095617277fe481f4a1d2f7abe689dd4731398b&X-Amz-SignedHeaders=host&response-content-disposition=attachment%3B%20filename%3D09cc5059-20db-6d98-a8be-52f1eb31418f.flac&x-id=GetObject,0.26045841,24261
WW2am-2021-06-30_05-20.flac,2021 Willey Wetlands 2,2021,6,30,5,20,sp22,Simple Call,9.797333717,11.00266647,2625,7219,24000,present,https://rfcx-streams-production.s3.eu-west-1.amazonaws.com/2021/06/29/kxu02nktl751/c6922995-9e31-5172-a072-c823460dead2.flac?X-Amz-Algorithm=AWS4-HMAC-SHA256&X-Amz-Content-Sha256=UNSIGNED-PAYLOAD&X-Amz-Credential=AKIA45B7YWBX5HAZMGOU%2F20260223%2Feu-west-1%2Fs3%2Faws4_request&X-Amz-Date=20260223T001139Z&X-Amz-Expires=604800&X-Amz-Signature=701b831073528d456ceda446d9836b0b4133e5f97b5906be551e60bc43c17b69&X-Amz-SignedHeaders=host&response-content-disposition=attachment%3B%20filename%3Dc6922995-9e31-5172-a072-c823460dead2.flac&x-id=GetObject,0.211891174,24261
WW2am-2021-07-01_06-00.flac,2021 Willey Wetlands 2,2021,7,1,6,0,sp22,Simple Call,0.54400003,1.749333382,2625,7219,24000,present,https://rfcx-streams-production.s3.eu-west-1.amazonaws.com/2021/06/30/kxu02nktl751/e0388f4a-b32e-65b2-3a59-5a4aefcf113a.flac?X-Amz-Algorithm=AWS4-HMAC-SHA256&X-Amz-Content-Sha256=UNSIGNED-PAYLOAD&X-Amz-Credential=AKIA45B7YWBX5HAZMGOU%2F20260223%2Feu-west-1%2Fs3%2Faws4_request&X-Amz-Date=20260223T001139Z&X-Amz-Expires=604800&X-Amz-Signature=86eeb94856a2e938659695ff0e1abf9a9f5a65b075270b98ddabb7bf6c72d4ee&X-Amz-SignedHeaders=host&response-content-disposition=attachment%3B%20filename%3De0388f4a-b32e-65b2-3a59-5a4aefcf113a.flac&x-id=GetObject,0.249065369,24261
WW2am-2021-07-02_06-00.flac,2021 Willey Wetlands 2,2021,7,2,6,0,sp22,Simple Call,22.81599998,24.02133369,2625,7219,24000,present,https://rfcx-streams-production.s3.eu-west-1.amazonaws.com/2021/07/01/kxu02nktl751/2ddf2809-5f72-aeac-0645-efdbc267c4a5.flac?X-Amz-Algorithm=AWS4-HMAC-SHA256&X-Amz-Content-Sha256=UNSIGNED-PAYLOAD&X-Amz-Credential=AKIA45B7YWBX5HAZMGOU%2F20260223%2Feu-west-1%2Fs3%2Faws4_request&X-Amz-Date=20260223T001139Z&X-Amz-Expires=604800&X-Amz-Signature=4e821dbad287b364668c746bad706e911d154c1f217d429f96a8f93c996d6108&X-Amz-SignedHeaders=host&response-content-disposition=attachment%3B%20filename%3D2ddf2809-5f72-aeac-0645-efdbc267c4a5.flac&x-id=GetObject,0.271208048,24261
