recording,site,year,month,day,hour,minute,species,songtype,x1,x2,y1,y2,frequency,validated,url,score,site_id
CRam-2019-03-17_19-40.flac,2019 Creed Road,2019,3,17,19,40,Pseudacris regilla,Common Song,11.49333286,11.89866638,1688,3281,24000,present,https://rfcx-streams-production.s3.eu-west-1.amazonaws.com/2019/03/17/rb003d0w2tap/ad194214-5c39-ec12-e80e-811a02aaa94c.flac?X-Amz-Algorithm=AWS4-HMAC-SHA256&X-Amz-Content-Sha256=UNSIGNED-PAYLOAD&X-Amz-Credential=AKIA45B7YWBX5HAZMGOU%2F20260223%2Feu-west-1%2Fs3%2Faws4_request&X-Amz-Date=20260223T000637Z&X-Amz-Expires=604800&X-Amz-Signature=a82b0bab46b794776b38dbf93bedfd468e91c12e6f62967e48033560526275bc&X-Amz-SignedHeaders=host&response-content-disposition=attachment%3B%20filename%3Dad194214-5c39-ec12-e80e-811a02aaa94c.flac&x-id=GetObject,0.310076892,4455
CRam-2019-03-17_20-00.flac,2019 Creed Road,2019,3,17,20,0,Pseudacris regilla,Common Song,8.239999771,8.64533329,1688,3281,24000,present,https://rfcx-streams-production.s3.eu-west-1.amazonaws.com/2019/03/17/rb003d0w2tap/71785e0a-e786-182d-37da-ad5fe7f006c2.flac?X-Amz-Algorithm=AWS4-HMAC-SHA256&X-Amz-Content-Sha256=UNSIGNED-PAYLOAD&X-Amz-Credential=AKIA45B7YWBX5HAZMGOU%2F20260223%2Feu-west-1%2Fs3%2Faws4_request&X-Amz-Date=20260223T000633Z&X-Amz-Expires=604800&X-Amz-Signature=30c7374cbd28f47b3ae4300c37479b5673dbc9cb57c3c1e64c7226569234b5f7&X-Amz-SignedHeaders=host&response-content-disposition=attachment%3B%20filename%3D71785e0a-e786-182d-37da-ad5fe7f006c2.flac&x-id=GetObject,0.33372426,4455
CRam-2019-03-17_20-20.flac,2019 Creed Road,2019,3,17,20,20,Pseudacris regilla,Common Song,36.86399841,37.26933289,1688,3281,24000,present,https://rfcx-streams-production.s3.eu-west-1.amazonaws.com/2019/03/17/rb003d0w2tap/68bdd7d6-45a0-7d95-4bd3-ffc2d0ee2534.flac?X-Amz-Algorithm=AWS4-HMAC-SHA256&X-Amz-Content-Sha256=UNSIGNED-PAYLOAD&X-Amz-Credential=AKIA45B7YWBX5HAZMGOU%2F20260223%2Feu-west-1%2Fs3%2Faws4_request&X-Amz-Date=20260223T000637Z&X-Amz-Expires=604800&X-Amz-Signature=b551b6f178437d9f62035ad0441650048e426f77c933b1aca642028ed8cf6c3d&X-Amz-SignedHeaders=host&response-content-disposition=attachment%3B%20filename%3D68bdd7d6-45a0-7d95-4bd3-ffc2d0ee2534.flac&x-id=GetObject,0.337830305,4455
CRam-2019-03-17_20-40.flac,2019 Creed Road,2019,3,17,20,40,Pseudacris regilla,Common Song,30.60266685,31.00799942,1688,3281,24000,present,https://rfcx-streams-production.s3.eu-west-1.amazonaws.com/2019/03/17/rb003d0w2tap/23c7cc6a-7c85-acc3-2c1c-8fabe88e0d72.flac?X-Amz-Algorithm=AWS4-HMAC-SHA256&X-Amz-Content-Sha256=UNSIGNED-PAYLOAD&X-Amz-Credential=AKIA45B7YWBX5HAZMGOU%2F20260223%2Feu-west-1%2Fs3%2Faws4_request&X-Amz-Date=20260223T000637Z&X-Amz-Expires=604800&X-Amz-Signature=7b0a1dd4877d8d4ab4059724ce051788cda46b1625fd19efa1a1392d4b0cf35c&X-Amz-SignedHeaders=host&response-content-disposition=attachment%3B%20filename%3D23c7cc6a-7c85-acc3-2c1c-8fabe88e0d72.flac&x-id=GetObject,0.353883743,4455
CRam-2019-03-17_21-00.flac,2019 Creed Road,2019,3,17,21,0,Pseudacris regilla,Common Song,38.71466827,39.11999893,1688,3281,24000,present,https://rfcx-streams-production.s3.eu-west-1.amazonaws.com/2019/03/17/rb003d0w2tap/c2eb947b-5301-1ec6-4c76-1c3cfd8af13f.flac?X-Amz-Algorithm=AWS4-HMAC-SHA256&X-Amz-Content-Sha256=UNSIGNED-PAYLOAD&X-Amz-Credential=AKIA45B7YWBX5HAZMGOU%2F20260223%2Feu-west-1%2Fs3%2Faws4_request&X-Amz-Date=20260223T000633Z&X-Amz-Expires=604800&X-Amz-Signature=a449c4595fc354085e5b89300f9bd98770b916a0e5ed5d20e206f33c64a7cbe6&X-Amz-SignedHeaders=host&response-content-disposition=attachment%3B%20filename%3Dc2eb947b-5301-1ec6-4c76-1c3cfd8af13f.flac&x-id=GetObject,0.370039344,4455
CRam-2019-03-17_21-20.flac,2019 Creed Road,2019,3,17,21,20,Pseudacris regilla,Common Song,50.97600174,51.3813324,1688,3281,24000,present,https://rfcx-streams-production.s3.eu-west-1.amazonaws.com/2019/03/17/rb003d0w2tap/36f66a2e-4878-a7cc-47f0-4373551cce90.flac?X-Amz-Algorithm=AWS4-HMAC-SHA256&X-Amz-Content-Sha256=UNSIGNED-PAYLOAD&X-Amz-Credential=AKIA45B7YWBX5HAZMGOU%2F20260223%2Feu-west-1%2Fs3%2Faws4_request&X-Amz-Date=20260223T000637Z&X-Amz-Expires=604800&X-Amz-Signature=8017f314baa28d727e38972570c0732bc48b1fc62812c63cf436f57693f3d79c&X-Amz-SignedHeaders=host&response-content-disposition=attachment%3B%20filename%3D36f66a2e-4878-a7cc-47f0-4373551cce90.flac&x-id=GetObject,0.356820136,4455
CRam-2019-03-17_21-40.flac,2019 Creed Road,2019,3,17,21,40,Pseudacris regilla,Common Song,21.49333382,21.89866638,1688,3281,24000,present,https://rfcx-streams-production.s3.eu-west-1.amazonaws.com/2019/03/17/rb003d0w2tap/229ec930-00ee-3ca9-5dfa-3da7553096d6.flac?X-Amz-Algorithm=AWS4-HMAC-SHA256&X-Amz-Content-Sha256=UNSIGNED-PAYLOAD&X-Amz-Credential=AKIA45B7YWBX5HAZMGOU%2F20260223%2Feu-west-1%2Fs3%2Faws4_request&X-Amz-Date=20260223T000637Z&X-Amz-Expires=604800&X-Amz-Signature=34e72826dbb47e9679aa91fd00954ee74ee4a1d1882ecce4adca5c08edccac21&X-Amz-SignedHeaders=host&response-content-disposition=attachment%3B%20filename%3D229ec930-00ee-3ca9-5dfa-3da7553096d6.flac&x-id=GetObject,0.304541707,4455
CRam-2019-03-17_22-00.flac,2019 Creed Road,2019,3,17,22,0,Pseudacris regilla,Common Song,4.245333195,4.650666714,1688,3281,24000,present,https://rfcx-streams-production.s3.eu-west-1.amazonaws.com/2019/03/17/rb003d0w2tap/560c7a3b-f5a4-8a6c-a7f2-ca3764358e4c.flac?X-Amz-Algorithm=AWS4-HMAC-SHA256&X-Amz-Content-Sha256=UNSIGNED-PAYLOAD&X-Amz-Credential=AKIA45B7YWBX5HAZMGOU%2F20260223%2Feu-west-1%2Fs3%2Faws4_request&X-Amz-Date=20260223T000633Z&X-Amz-Expires=604800&X-Amz-Signature=ff802d9190a6a318139c05234d51cd7bd5480621bd7172259d756aa8e024fd4c&X-Amz-SignedHeaders=host&response-content-disposition=attachment%3B%20filename%3D560c7a3b-f5a4-8a6c-a7f2-ca3764358e4c.flac&x-id=GetObject,0.32104367,4455
CRam-2019-03-17_22-20.flac,2019 Creed Road,2019,3,17,22,20,Pseudacris regilla,Common Song,4.58133316,4.986666679,1688,3281,24000,present,https://rfcx-streams-production.s3.eu-west-1.amazonaws.com/2019/03/17/rb003d0w2tap/af9791a1-c1bc-9ef5-cb4f-ac9b0edaff6f.flac?X-Amz-Algorithm=AWS4-HMAC-SHA256&X-Amz-Content-Sha256=UNSIGNED-PAYLOAD&X-Amz-Credential=AKIA45B7YWBX5HAZMGOU%2F20260223%2Feu-west-1%2Fs3%2Faws4_request&X-Amz-Date=20260223T000637Z&X-Amz-Expires=604800&X-Amz-Signature=699b98ff4c5677b91ebd62303e4153ce4cffe68440afc4d811b76f3a2508911a&X-Amz-SignedHeaders=host&response-content-disposition=attachment%3B%20filename%3Daf9791a1-c1bc-9ef5-cb4f-ac9b0edaff6f.flac&x-id=GetObject,0.374183804,4455
CRam-2019-03-17_22-40.flac,2019 Creed Road,2019,3,17,22,40,Pseudacris regilla,Common Song,9.525333405,9.930666924,1688,3281,24000,present,https://rfcx-streams-production.s3.eu-west-1.amazonaws.com/2019/03/17/rb003d0w2tap/05b677c6-c010-ebc8-b061-4493131985a8.flac?X-Amz-Algorithm=AWS4-HMAC-SHA256&X-Amz-Content-Sha256=UNSIGNED-PAYLOAD&X-Amz-Credential=AKIA45B7YWBX5HAZMGOU%2F20260223%2Feu-west-1%2Fs3%2Faws4_request&X-Amz-Date=20260223T000637Z&X-Amz-Expires=604800&X-Amz-Signature=33f13d8088e2a197f3f383192a823d2ff9e5c14fc557682075855519e78f811c&X-Amz-SignedHeaders=host&response-content-disposition=attachment%3B%20filename%3D05b677c6-c010-ebc8-b061-4493131985a8.flac&x-id=GetObject,0.315993935,4455
CRam-2019-03-17_23-00.flac,2019 Creed Road,2019,3,17,23,0,Pseudacris regilla,Common Song,9.178667068,9.583999634,1688,3281,24000,present,https://rfcx-streams-production.s3.eu-west-1.amazonaws.com/2019/03/17/rb003d0w2tap/906c2e26-3198-eb5d-dd99-2db2e78a1372.flac?X-Amz-Algorithm=AWS4-HMAC-SHA256&X-Amz-Content-Sha256=UNSIGNED-PAYLOAD&X-Amz-Credential=AKIA45B7YWBX5HAZMGOU%2F20260223%2Feu-west-1%2Fs3%2Faws4_request&X-Amz-Date=20260223T000633Z&X-Amz-Expires=604800&X-Amz-Signature=7fab7b557831650f12c378d615f47c420aa47252d6a6d1b048a7d7435fc6a335&X-Amz-SignedHeaders=host&response-content-disposition=attachment%3B%20filename%3D906c2e26-3198-eb5d-dd99-2db2e78a1372.flac&x-id=GetObject,0.336666137,4455
CRam-2019-03-17_23-20.flac,2019 Creed Road,2019,3,17,23,20,Pseudacris regilla,Common Song,18.63466644,19.04000092,1688,3281,24000,present,https://rfcx-streams-production.s3.eu-west-1.amazonaws.com/2019/03/17/rb003d0w2tap/d09037c8-7fc5-825b-1106-40d80d3ed2f3.flac?X-Amz-Algorithm=AWS4-HMAC-SHA256&X-Amz-Content-Sha256=UNSIGNED-PAYLOAD&X-Amz-Credential=AKIA45B7YWBX5HAZMGOU%2F20260223%2Feu-west-1%2Fs3%2Faws4_request&X-Amz-Date=20260223T000637Z&X-Amz-Expires=604800&X-Amz-Signature=8c2c11d3b464c61eac684aa96a1bc339e9ac788e4be02df2d8bd91f7a5958d4b&X-Amz-SignedHeaders=host&response-content-disposition=attachment%3B%20filename%3Dd09037c8-7fc5-825b-1106-40d80d3ed2f3.flac&x-id=GetObject,0.374744624,4455
CRam-2019-03-17_23-40.flac,2019 Creed Road,2019,3,17,23,40,Pseudacris regilla,Common Song,9.002666473,9.407999992,1688,3281,24000,present,https://rfcx-streams-production.s3.eu-west-1.amazonaws.com/2019/03/17/rb003d0w2tap/58779488-c823-8ade-fbf1-94e73c655875.flac?X-Amz-Algorithm=AWS4-HMAC-SHA256&X-Amz-Content-Sha256=UNSIGNED-PAYLOAD&X-Amz-Credential=AKIA45B7YWBX5HAZMGOU%2F20260223%2Feu-west-1%2Fs3%2Faws4_request&X-Amz-Date=20260223T000637Z&X-Amz-Expires=604800&X-Amz-Signature=adbeb0bd5e5dbbb1d73b43591d8fc2bf2f83920d8874c5beb308b36a0b4bd03e&X-Amz-SignedHeaders=host&response-content-disposition=attachment%3B%20filename%3D58779488-c823-8ade-fbf1-94e73c655875.flac&x-id=GetObject,0.452054977,4455
CRam-2019-03-18_00-00.flac,2019 Creed Road,2019,3,18,0,0,Pseudacris regilla,Common Song,41.15733337,41.56266785,1688,3281,24000,present,https://rfcx-streams-production.s3.eu-west-1.amazonaws.com/2019/03/17/rb003d0w2tap/4b55458a-345b-725d-8b80-bb434c0aa1d1.flac?X-Amz-Algorithm=AWS4-HMAC-SHA256&X-Amz-Content-Sha256=UNSIGNED-PAYLOAD&X-Amz-Credential=AKIA45B7YWBX5HAZMGOU%2F20260223%2Feu-west-1%2Fs3%2Faws4_request&X-Amz-Date=20260223T000633Z&X-Amz-Expires=604800&X-Amz-Signature=76714bca365aede548836196c988b4e4213539bd92e33c49a10f44701f5d2e4b&X-Amz-SignedHeaders=host&response-content-disposition=attachment%3B%20filename%3D4b55458a-345b-725d-8b80-bb434c0aa1d1.flac&x-id=GetObject,0.342798591,4455
CRam-2019-03-18_00-20.flac,2019 Creed Road,2019,3,18,0,20,Pseudacris regilla,Common Song,1.093333364,1.498666644,1688,3281,24000,present,https://rfcx-streams-production.s3.eu-west-1.amazonaws.com/2019/03/17/rb003d0w2tap/38b0b0b5-5dda-67e8-3d44-1da81bed6072.flac?X-Amz-Algorithm=AWS4-HMAC-SHA256&X-Amz-Content-Sha256=UNSIGNED-PAYLOAD&X-Amz-Credential=AKIA45B7YWBX5HAZMGOU%2F20260223%2Feu-west-1%2Fs3%2Faws4_request&X-Amz-Date=20260223T000637Z&X-Amz-Expires=604800&X-Amz-Signature=9b66afdf15dae92acf26615ee83ad00051407fa894864ce336b13e4675d99948&X-Amz-SignedHeaders=host&response-content-disposition=attachment%3B%20filename%3D38b0b0b5-5dda-67e8-3d44-1da81bed6072.flac&x-id=GetObject,0.420549273,4455
CRam-2019-03-18_00-40.flac,2019 Creed Road,2019,3,18,0,40,Pseudacris regilla,Common Song,55.10933304,55.51466751,1688,3281,24000,present,https://rfcx-streams-production.s3.eu-west-1.amazonaws.com/2019/03/17/rb003d0w2tap/237c3d54-e9f0-4cba-8723-7788ac16babc.flac?X-Amz-Algorithm=AWS4-HMAC-SHA256&X-Amz-Content-Sha256=UNSIGNED-PAYLOAD&X-Amz-Credential=AKIA45B7YWBX5HAZMGOU%2F20260223%2Feu-west-1%2Fs3%2Faws4_request&X-Amz-Date=20260223T000637Z&X-Amz-Expires=604800&X-Amz-Signature=fbd7718d0ec483955c522c0b228e988420e9c500799dceb0354fb8791d852823&X-Amz-SignedHeaders=host&response-content-disposition=attachment%3B%20filename%3D237c3d54-e9f0-4cba-8723-7788ac16babc.flac&x-id=GetObject,0.400883585,4455
CRam-2019-03-18_01-00.flac,2019 Creed Road,2019,3,18,1,0,Pseudacris regilla,Common Song,8.010666847,8.416000366,1688,3281,24000,present,https://rfcx-streams-production.s3.eu-west-1.amazonaws.com/2019/03/17/rb003d0w2tap/b9bfc647-9511-c0bf-ea8f-da8ee1f43cd2.flac?X-Amz-Algorithm=AWS4-HMAC-SHA256&X-Amz-Content-Sha256=UNSIGNED-PAYLOAD&X-Amz-Credential=AKIA45B7YWBX5HAZMGOU%2F20260223%2Feu-west-1%2Fs3%2Faws4_request&X-Amz-Date=20260223T000633Z&X-Amz-Expires=604800&X-Amz-Signature=94e6ef461d8fde0eff9eeb14a0ab37f32ac71dec2050036d7508516ac270b039&X-Amz-SignedHeaders=host&response-content-disposition=attachment%3B%20filename%3Db9bfc647-9511-c0bf-ea8f-da8ee1f43cd2.flac&x-id=GetObject,0.380549163,4455
CRam-2019-03-18_01-20.flac,2019 Creed Road,2019,3,18,1,20,Pseudacris regilla,Common Song,1.402666688,1.807999969,1688,3281,24000,present,https://rfcx-streams-production.s3.eu-west-1.amazonaws.com/2019/03/17/rb003d0w2tap/4a312043-1ce8-9ae7-3a1d-1582f57909b7.flac?X-Amz-Algorithm=AWS4-HMAC-SHA256&X-Amz-Content-Sha256=UNSIGNED-PAYLOAD&X-Amz-Credential=AKIA45B7YWBX5HAZMGOU%2F20260223%2Feu-west-1%2Fs3%2Faws4_request&X-Amz-Date=20260223T000637Z&X-Amz-Expires=604800&X-Amz-Signature=dc05a5ceac9f5ae77f375fc8e18f9fb2189b35ec796241e634a5ae36db60ed24&X-Amz-SignedHeaders=host&response-content-disposition=attachment%3B%20filename%3D4a312043-1ce8-9ae7-3a1d-1582f57909b7.flac&x-id=GetObject,0.497843325,4455
CRam-2019-03-18_01-40.flac,2019 Creed Road,2019,3,18,1,40,Pseudacris regilla,Common Song,58.60266495,59.00799942,1688,3281,24000,present,https://rfcx-streams-production.s3.eu-west-1.amazonaws.com/2019/03/17/rb003d0w2tap/455d15f4-0523-7a3a-5701-f38969df0191.flac?X-Amz-Algorithm=AWS4-HMAC-SHA256&X-Amz-Content-Sha256=UNSIGNED-PAYLOAD&X-Amz-Credential=AKIA45B7YWBX5HAZMGOU%2F20260223%2Feu-west-1%2Fs3%2Faws4_request&X-Amz-Date=20260223T000637Z&X-Amz-Expires=604800&X-Amz-Signature=376dcc49d315b32953bc3d3945bfa13e6bb90ed2295658e1f60fcb670f299487&X-Amz-SignedHeaders=host&response-content-disposition=attachment%3B%20filename%3D455d15f4-0523-7a3a-5701-f38969df0191.flac&x-id=GetObject,0.33694315,4455
CRam-2019-03-18_02-00.flac,2019 Creed Road,2019,3,18,2,0,Pseudacris regilla,Common Song,45.01333237,45.41866684,1688,3281,24000,present,https://rfcx-streams-production.s3.eu-west-1.amazonaws.com/2019/03/17/rb003d0w2tap/536f74dd-2ed8-0607-75f5-c252a8e7d406.flac?X-Amz-Algorithm=AWS4-HMAC-SHA256&X-Amz-Content-Sha256=UNSIGNED-PAYLOAD&X-Amz-Credential=AKIA45B7YWBX5HAZMGOU%2F20260223%2Feu-west-1%2Fs3%2Faws4_request&X-Amz-Date=20260223T000633Z&X-Amz-Expires=604800&X-Amz-Signature=06a933d6f3bacf8e22d14978a6f614461c01de4bde3a988a98d04874f8f35bcb&X-Amz-SignedHeaders=host&response-content-disposition=attachment%3B%20filename%3D536f74dd-2ed8-0607-75f5-c252a8e7d406.flac&x-id=GetObject,0.401813745,4455
CRam-2019-03-18_02-20.flac,2019 Creed Road,2019,3,18,2,20,Pseudacris regilla,Common Song,56.92266846,57.32799911,1688,3281,24000,present,https://rfcx-streams-production.s3.eu-west-1.amazonaws.com/2019/03/17/rb003d0w2tap/ae0d3da0-6584-9f7e-b0fc-b043c2d6e6ab.flac?X-Amz-Algorithm=AWS4-HMAC-SHA256&X-Amz-Content-Sha256=UNSIGNED-PAYLOAD&X-Amz-Credential=AKIA45B7YWBX5HAZMGOU%2F20260223%2Feu-west-1%2Fs3%2Faws4_request&X-Amz-Date=20260223T000637Z&X-Amz-Expires=604800&X-Amz-Signature=0b833b398be2177d6ad5710f307ee6ee0821742d14716aa76a56daeeb9f0891b&X-Amz-SignedHeaders=host&response-content-disposition=attachment%3B%20filename%3Dae0d3da0-6584-9f7e-b0fc-b043c2d6e6ab.flac&x-id=GetObject,0.410977989,4455
CRam-2019-03-18_02-40.flac,2019 Creed Road,2019,3,18,2,40,Pseudacris regilla,Common Song,15.20533371,15.61066628,1688,3281,24000,present,https://rfcx-streams-production.s3.eu-west-1.amazonaws.com/2019/03/17/rb003d0w2tap/07b4b9ea-c2f4-84f0-6094-19ab52260692.flac?X-Amz-Algorithm=AWS4-HMAC-SHA256&X-Amz-Content-Sha256=UNSIGNED-PAYLOAD&X-Amz-Credential=AKIA45B7YWBX5HAZMGOU%2F20260223%2Feu-west-1%2Fs3%2Faws4_request&X-Amz-Date=20260223T000637Z&X-Amz-Expires=604800&X-Amz-Signature=d70f4b4565f8a640c5c526a438f129709bf13491f0007d0ae423f9f680df62f8&X-Amz-SignedHeaders=host&response-content-disposition=attachment%3B%20filename%3D07b4b9ea-c2f4-84f0-6094-19ab52260692.flac&x-id=GetObject,0.2672396,4455
CRam-2019-03-18_03-00.flac,2019 Creed Road,2019,3,18,3,0,Pseudacris regilla,Common Song,8.079999924,8.485333443,1688,3281,24000,present,https://rfcx-streams-production.s3.eu-west-1.amazonaws.com/2019/03/17/rb003d0w2tap/26e6ac5e-7dac-fa13-9a0e-684255d6bbe0.flac?X-Amz-Algorithm=AWS4-HMAC-SHA256&X-Amz-Content-Sha256=UNSIGNED-PAYLOAD&X-Amz-Credential=AKIA45B7YWBX5HAZMGOU%2F20260223%2Feu-west-1%2Fs3%2Faws4_request&X-Amz-Date=20260223T000633Z&X-Amz-Expires=604800&X-Amz-Signature=a1f5f062ab0aece09c96b68906dea7982c86de697a27a825dc2914f73b505ce3&X-Amz-SignedHeaders=host&response-content-disposition=attachment%3B%20filename%3D26e6ac5e-7dac-fa13-9a0e-684255d6bbe0.flac&x-id=GetObject,0.33990097,4455
CRam-2019-03-18_04-00.flac,2019 Creed Road,2019,3,18,4,0,Pseudacris regilla,Common Song,27.81333351,28.21866608,1688,3281,24000,present,https://rfcx-streams-production.s3.eu-west-1.amazonaws.com/2019/03/17/rb003d0w2tap/72675491-8626-a598-6aba-75f2da0e2ea7.flac?X-Amz-Algorithm=AWS4-HMAC-SHA256&X-Amz-Content-Sha256=UNSIGNED-PAYLOAD&X-Amz-Credential=AKIA45B7YWBX5HAZMGOU%2F20260223%2Feu-west-1%2Fs3%2Faws4_request&X-Amz-Date=20260223T000633Z&X-Amz-Expires=604800&X-Amz-Signature=bcd18833e6579fc85df972e7aaf4c7e404ffa6bc5d4355c9c89be0286afd7531&X-Amz-SignedHeaders=host&response-content-disposition=attachment%3B%20filename%3D72675491-8626-a598-6aba-75f2da0e2ea7.flac&x-id=GetObject,0.33064419,4455
CRam-2019-03-18_19-00.flac,2019 Creed Road,2019,3,18,19,0,Pseudacris regilla,Common Song,46.92266846,47.32799911,1688,3281,24000,present,https://rfcx-streams-production.s3.eu-west-1.amazonaws.com/2019/03/18/rb003d0w2tap/a801a772-ce0a-7474-b246-818d08d0a599.flac?X-Amz-Algorithm=AWS4-HMAC-SHA256&X-Amz-Content-Sha256=UNSIGNED-PAYLOAD&X-Amz-Credential=AKIA45B7YWBX5HAZMGOU%2F20260223%2Feu-west-1%2Fs3%2Faws4_request&X-Amz-Date=20260223T000633Z&X-Amz-Expires=604800&X-Amz-Signature=2fb4a8b2afdf73fe9ab7583f939b344aa7a0017abf9cd8c0d9a32a91040d4a96&X-Amz-SignedHeaders=host&response-content-disposition=attachment%3B%20filename%3Da801a772-ce0a-7474-b246-818d08d0a599.flac&x-id=GetObject,0.331585437,4455
CRam-2019-03-18_19-20.flac,2019 Creed Road,2019,3,18,19,20,Pseudacris regilla,Common Song,10.84266663,11.24800014,1688,3281,24000,present,https://rfcx-streams-production.s3.eu-west-1.amazonaws.com/2019/03/18/rb003d0w2tap/d2ff55fd-68bd-c533-e418-b2ac87bc0267.flac?X-Amz-Algorithm=AWS4-HMAC-SHA256&X-Amz-Content-Sha256=UNSIGNED-PAYLOAD&X-Amz-Credential=AKIA45B7YWBX5HAZMGOU%2F20260223%2Feu-west-1%2Fs3%2Faws4_request&X-Amz-Date=20260223T000637Z&X-Amz-Expires=604800&X-Amz-Signature=66861b22db385daf19cac8f423c255c2f5422938b7bfe7047c51bb843b546871&X-Amz-SignedHeaders=host&response-content-disposition=attachment%3B%20filename%3Dd2ff55fd-68bd-c533-e418-b2ac87bc0267.flac&x-id=GetObject,0.351210833,4455
CRam-2019-03-18_19-40.flac,2019 Creed Road,2019,3,18,19,40,Pseudacris regilla,Common Song,16.70400047,17.10933304,1688,3281,24000,present,https://rfcx-streams-production.s3.eu-west-1.amazonaws.com/2019/03/18/rb003d0w2tap/03ae9f14-a9dc-0049-a25b-4425df2d51a6.flac?X-Amz-Algorithm=AWS4-HMAC-SHA256&X-Amz-Content-Sha256=UNSIGNED-PAYLOAD&X-Amz-Credential=AKIA45B7YWBX5HAZMGOU%2F20260223%2Feu-west-1%2Fs3%2Faws4_request&X-Amz-Date=20260223T000637Z&X-Amz-Expires=604800&X-Amz-Signature=b32afe97b5ed2e89bb9526d613b1c8c64b7caf21f6a346bd76d258528abfbe3c&X-Amz-SignedHeaders=host&response-content-disposition=attachment%3B%20filename%3D03ae9f14-a9dc-0049-a25b-4425df2d51a6.flac&x-id=GetObject,0.337850392,4455
CRam-2019-03-18_20-00.flac,2019 Creed Road,2019,3,18,20,0,Pseudacris regilla,Common Song,58.08533478,58.49066544,1688,3281,24000,present,https://rfcx-streams-production.s3.eu-west-1.amazonaws.com/2019/03/18/rb003d0w2tap/bdf7fc82-cb9d-68bf-2d8c-8d71db0fe3e5.flac?X-Amz-Algorithm=AWS4-HMAC-SHA256&X-Amz-Content-Sha256=UNSIGNED-PAYLOAD&X-Amz-Credential=AKIA45B7YWBX5HAZMGOU%2F20260223%2Feu-west-1%2Fs3%2Faws4_request&X-Amz-Date=20260223T000633Z&X-Amz-Expires=604800&X-Amz-Signature=b0f5c487e706fe7566b0a0b60f4449b0d51aa7f6b6edf90fb34fd9ec36c35102&X-Amz-SignedHeaders=host&response-content-disposition=attachment%3B%20filename%3Dbdf7fc82-cb9d-68bf-2d8c-8d71db0fe3e5.flac&x-id=GetObject,0.311329246,4455
CRam-2019-03-18_20-20.flac,2019 Creed Road,2019,3,18,20,20,Pseudacris regilla,Common Song,31.40800095,31.81333351,1688,3281,24000,present,https://rfcx-streams-production.s3.eu-west-1.amazonaws.com/2019/03/18/rb003d0w2tap/07f0f767-2650-cd00-f7c9-ebb90f79f649.flac?X-Amz-Algorithm=AWS4-HMAC-SHA256&X-Amz-Content-Sha256=UNSIGNED-PAYLOAD&X-Amz-Credential=AKIA45B7YWBX5HAZMGOU%2F20260223%2Feu-west-1%2Fs3%2Faws4_request&X-Amz-Date=20260223T000637Z&X-Amz-Expires=604800&X-Amz-Signature=014c08529bae1d0eb41d2bef6114be57ba2c8b384161a567b54e185d590cc782&X-Amz-SignedHeaders=host&response-content-disposition=attachment%3B%20filename%3D07f0f767-2650-cd00-f7c9-ebb90f79f649.flac&x-id=GetObject,0.246044442,4455
CRam-2019-03-18_20-40.flac,2019 Creed Road,2019,3,18,20,40,Pseudacris regilla,Common Song,57.91466522,58.31999969,1688,3281,24000,present,https://rfcx-streams-production.s3.eu-west-1.amazonaws.com/2019/03/18/rb003d0w2tap/2e49ce0e-f90b-7c37-3e89-e5d09dbaec13.flac?X-Amz-Algorithm=AWS4-HMAC-SHA256&X-Amz-Content-Sha256=UNSIGNED-PAYLOAD&X-Amz-Credential=AKIA45B7YWBX5HAZMGOU%2F20260223%2Feu-west-1%2Fs3%2Faws4_request&X-Amz-Date=20260223T000637Z&X-Amz-Expires=604800&X-Amz-Signature=c3444f6cf24d252e02241946a9dbe76c485f3dba7a7aab2b44910c676b3b60c1&X-Amz-SignedHeaders=host&response-content-disposition=attachment%3B%20filename%3D2e49ce0e-f90b-7c37-3e89-e5d09dbaec13.flac&x-id=GetObject,0.265504152,4455
CRam-2019-03-18_21-00.flac,2019 Creed Road,2019,3,18,21,0,Pseudacris regilla,Common Song,43.91999817,44.32533264,1688,3281,24000,present,https://rfcx-streams-production.s3.eu-west-1.amazonaws.com/2019/03/18/rb003d0w2tap/12d8e6b0-d9e2-2bb9-bf17-d54be27f34e5.flac?X-Amz-Algorithm=AWS4-HMAC-SHA256&X-Amz-Content-Sha256=UNSIGNED-PAYLOAD&X-Amz-Credential=AKIA45B7YWBX5HAZMGOU%2F20260223%2Feu-west-1%2Fs3%2Faws4_request&X-Amz-Date=20260223T000633Z&X-Amz-Expires=604800&X-Amz-Signature=b5c27d297d37628c0fc89cef1b42c342174743b330daf1c1917a1296a52cd86d&X-Amz-SignedHeaders=host&response-content-disposition=attachment%3B%20filename%3D12d8e6b0-d9e2-2bb9-bf17-d54be27f34e5.flac&x-id=GetObject,0.265376061,4455
CRam-2019-03-18_21-20.flac,2019 Creed Road,2019,3,18,21,20,Pseudacris regilla,Common Song,2.501333237,2.906666756,1688,3281,24000,present,https://rfcx-streams-production.s3.eu-west-1.amazonaws.com/2019/03/18/rb003d0w2tap/6dee1a68-e22e-dc93-3bba-09b13ae7a920.flac?X-Amz-Algorithm=AWS4-HMAC-SHA256&X-Amz-Content-Sha256=UNSIGNED-PAYLOAD&X-Amz-Credential=AKIA45B7YWBX5HAZMGOU%2F20260223%2Feu-west-1%2Fs3%2Faws4_request&X-Amz-Date=20260223T000637Z&X-Amz-Expires=604800&X-Amz-Signature=e206803b8f0942235a1b8c05bd6bd3786d2b863f059ddcbedf6e9c4bd9821bf6&X-Amz-SignedHeaders=host&response-content-disposition=attachment%3B%20filename%3D6dee1a68-e22e-dc93-3bba-09b13ae7a920.flac&x-id=GetObject,0.26083526,4455
CRam-2019-03-18_21-40.flac,2019 Creed Road,2019,3,18,21,40,Pseudacris regilla,Common Song,17.90399933,18.3093338,1688,3281,24000,present,https://rfcx-streams-production.s3.eu-west-1.amazonaws.com/2019/03/18/rb003d0w2tap/c928fc8c-9a12-41f1-43d8-473c0d304b26.flac?X-Amz-Algorithm=AWS4-HMAC-SHA256&X-Amz-Content-Sha256=UNSIGNED-PAYLOAD&X-Amz-Credential=AKIA45B7YWBX5HAZMGOU%2F20260223%2Feu-west-1%2Fs3%2Faws4_request&X-Amz-Date=20260223T000637Z&X-Amz-Expires=604800&X-Amz-Signature=9e6efa9255d13221d0f83437671cfbd0e87972379b34bd6072496d418a891c67&X-Amz-SignedHeaders=host&response-content-disposition=attachment%3B%20filename%3Dc928fc8c-9a12-41f1-43d8-473c0d304b26.flac&x-id=GetObject,0.346066087,4455
CRam-2019-03-18_22-00.flac,2019 Creed Road,2019,3,18,22,0,Pseudacris regilla,Common Song,43.31733322,43.72266769,1688,3281,24000,present,https://rfcx-streams-production.s3.eu-west-1.amazonaws.com/2019/03/18/rb003d0w2tap/a86dd372-5fe8-032f-efae-d70b437009fc.flac?X-Amz-Algorithm=AWS4-HMAC-SHA256&X-Amz-Content-Sha256=UNSIGNED-PAYLOAD&X-Amz-Credential=AKIA45B7YWBX5HAZMGOU%2F20260223%2Feu-west-1%2Fs3%2Faws4_request&X-Amz-Date=20260223T000633Z&X-Amz-Expires=604800&X-Amz-Signature=6e3b85564d24939c08c8e4c71e91ff1a92debcb249fdb88de8c7db9b4caf4b7f&X-Amz-SignedHeaders=host&response-content-disposition=attachment%3B%20filename%3Da86dd372-5fe8-032f-efae-d70b437009fc.flac&x-id=GetObject,0.347020656,4455
CRam-2019-03-18_22-20.flac,2019 Creed Road,2019,3,18,22,20,Pseudacris regilla,Common Song,18.37333298,18.77866745,1688,3281,24000,present,https://rfcx-streams-production.s3.eu-west-1.amazonaws.com/2019/03/18/rb003d0w2tap/da574154-f636-65d5-f046-e0841274e476.flac?X-Amz-Algorithm=AWS4-HMAC-SHA256&X-Amz-Content-Sha256=UNSIGNED-PAYLOAD&X-Amz-Credential=AKIA45B7YWBX5HAZMGOU%2F20260223%2Feu-west-1%2Fs3%2Faws4_request&X-Amz-Date=20260223T000637Z&X-Amz-Expires=604800&X-Amz-Signature=973250873be8843b81f892fa147fe2fb63de4d0a84a41d65c83e23fda9979a80&X-Amz-SignedHeaders=host&response-content-disposition=attachment%3B%20filename%3Dda574154-f636-65d5-f046-e0841274e476.flac&x-id=GetObject,0.350755304,4455
CRam-2019-03-18_23-20.flac,2019 Creed Road,2019,3,18,23,20,Pseudacris regilla,Common Song,13.61066628,14.01599979,1688,3281,24000,present,https://rfcx-streams-production.s3.eu-west-1.amazonaws.com/2019/03/18/rb003d0w2tap/30d843b4-3643-011e-dfd6-6a1f7183b1ed.flac?X-Amz-Algorithm=AWS4-HMAC-SHA256&X-Amz-Content-Sha256=UNSIGNED-PAYLOAD&X-Amz-Credential=AKIA45B7YWBX5HAZMGOU%2F20260223%2Feu-west-1%2Fs3%2Faws4_request&X-Amz-Date=20260223T000637Z&X-Amz-Expires=604800&X-Amz-Signature=a1726830cd66df0dc907cf4afcd83a2d1788e5948a17b325d87845042573d184&X-Amz-SignedHeaders=host&response-content-disposition=attachment%3B%20filename%3D30d843b4-3643-011e-dfd6-6a1f7183b1ed.flac&x-id=GetObject,0.294967502,4455
CRam-2019-03-18_23-40.flac,2019 Creed Road,2019,3,18,23,40,Pseudacris regilla,Common Song,6.661333561,7.066666603,1688,3281,24000,present,https://rfcx-streams-production.s3.eu-west-1.amazonaws.com/2019/03/18/rb003d0w2tap/73308449-c7e7-360c-56ef-ef59b3bd998f.flac?X-Amz-Algorithm=AWS4-HMAC-SHA256&X-Amz-Content-Sha256=UNSIGNED-PAYLOAD&X-Amz-Credential=AKIA45B7YWBX5HAZMGOU%2F20260223%2Feu-west-1%2Fs3%2Faws4_request&X-Amz-Date=20260223T000637Z&X-Amz-Expires=604800&X-Amz-Signature=2863bd45ad6d1a858c123fcd64d13458955730eb9a50841bfdddcd9bfe6514a6&X-Amz-SignedHeaders=host&response-content-disposition=attachment%3B%20filename%3D73308449-c7e7-360c-56ef-ef59b3bd998f.flac&x-id=GetObject,0.229134098,4455
CRam-2019-03-19_00-20.flac,2019 Creed Road,2019,3,19,0,20,Pseudacris regilla,Common Song,23.26399994,23.6693325,1688,3281,24000,present,https://rfcx-streams-production.s3.eu-west-1.amazonaws.com/2019/03/18/rb003d0w2tap/1e7351b8-5b6d-bb22-4d2a-653be3adfb71.flac?X-Amz-Algorithm=AWS4-HMAC-SHA256&X-Amz-Content-Sha256=UNSIGNED-PAYLOAD&X-Amz-Credential=AKIA45B7YWBX5HAZMGOU%2F20260223%2Feu-west-1%2Fs3%2Faws4_request&X-Amz-Date=20260223T000637Z&X-Amz-Expires=604800&X-Amz-Signature=0441c26e3aa0ecfed3e6f6923b0e260edf95c6e6df14bebb666c9a3fa328fef3&X-Amz-SignedHeaders=host&response-content-disposition=attachment%3B%20filename%3D1e7351b8-5b6d-bb22-4d2a-653be3adfb71.flac&x-id=GetObject,0.265269279,4455
CRam-2019-03-19_00-40.flac,2019 Creed Road,2019,3,19,0,40,Pseudacris regilla,Common Song,56.10666656,56.51200104,1688,3281,24000,present,https://rfcx-streams-production.s3.eu-west-1.amazonaws.com/2019/03/18/rb003d0w2tap/de564e2c-994c-2fcc-41a2-37c81f755e76.flac?X-Amz-Algorithm=AWS4-HMAC-SHA256&X-Amz-Content-Sha256=UNSIGNED-PAYLOAD&X-Amz-Credential=AKIA45B7YWBX5HAZMGOU%2F20260223%2Feu-west-1%2Fs3%2Faws4_request&X-Amz-Date=20260223T000637Z&X-Amz-Expires=604800&X-Amz-Signature=11f5f09394e7be8cd7b2d925c1c5c50f3e626bec117cf13ed4ec7ffb8a87e807&X-Amz-SignedHeaders=host&response-content-disposition=attachment%3B%20filename%3Dde564e2c-994c-2fcc-41a2-37c81f755e76.flac&x-id=GetObject,0.325930893,4455
CRam-2019-03-19_01-00.flac,2019 Creed Road,2019,3,19,1,0,Pseudacris regilla,Common Song,36.1546669,36.56000137,1688,3281,24000,present,https://rfcx-streams-production.s3.eu-west-1.amazonaws.com/2019/03/18/rb003d0w2tap/a8d75fc1-014e-c3c5-8ee2-bba85303c1fa.flac?X-Amz-Algorithm=AWS4-HMAC-SHA256&X-Amz-Content-Sha256=UNSIGNED-PAYLOAD&X-Amz-Credential=AKIA45B7YWBX5HAZMGOU%2F20260223%2Feu-west-1%2Fs3%2Faws4_request&X-Amz-Date=20260223T000633Z&X-Amz-Expires=604800&X-Amz-Signature=01b5b6b7d592aa663c1df51badae2b71dea170006c5ba9d041fafc9cd0c0a5b9&X-Amz-SignedHeaders=host&response-content-disposition=attachment%3B%20filename%3Da8d75fc1-014e-c3c5-8ee2-bba85303c1fa.flac&x-id=GetObject,0.277742952,4455
CRam-2019-03-19_01-20.flac,2019 Creed Road,2019,3,19,1,20,Pseudacris regilla,Common Song,3.552000046,3.957333326,1688,3281,24000,present,https://rfcx-streams-production.s3.eu-west-1.amazonaws.com/2019/03/18/rb003d0w2tap/bd93a17e-dc3a-9eec-4889-258f010f7f2b.flac?X-Amz-Algorithm=AWS4-HMAC-SHA256&X-Amz-Content-Sha256=UNSIGNED-PAYLOAD&X-Amz-Credential=AKIA45B7YWBX5HAZMGOU%2F20260223%2Feu-west-1%2Fs3%2Faws4_request&X-Amz-Date=20260223T000637Z&X-Amz-Expires=604800&X-Amz-Signature=a740cde6076d6c29a233fdd7f8789b9410e7867dd14c7208a41ca7e62df26c7a&X-Amz-SignedHeaders=host&response-content-disposition=attachment%3B%20filename%3Dbd93a17e-dc3a-9eec-4889-258f010f7f2b.flac&x-id=GetObject,0.385412693,4455
CRam-2019-03-19_02-00.flac,2019 Creed Road,2019,3,19,2,0,Pseudacris regilla,Common Song,43.93600082,44.34133148,1688,3281,24000,present,https://rfcx-streams-production.s3.eu-west-1.amazonaws.com/2019/03/18/rb003d0w2tap/5d0fc9e2-0ae7-244f-0d70-2d3ba5a272c1.flac?X-Amz-Algorithm=AWS4-HMAC-SHA256&X-Amz-Content-Sha256=UNSIGNED-PAYLOAD&X-Amz-Credential=AKIA45B7YWBX5HAZMGOU%2F20260223%2Feu-west-1%2Fs3%2Faws4_request&X-Amz-Date=20260223T000633Z&X-Amz-Expires=604800&X-Amz-Signature=f4f6c61e4f568daa4168833e624a29c59f127761bc2e6071bff43fc4bd067815&X-Amz-SignedHeaders=host&response-content-disposition=attachment%3B%20filename%3D5d0fc9e2-0ae7-244f-0d70-2d3ba5a272c1.flac&x-id=GetObject,0.291340888,4455
CRam-2019-03-19_02-20.flac,2019 Creed Road,2019,3,19,2,20,Pseudacris regilla,Common Song,46.66666794,47.0719986,1688,3281,24000,present,https://rfcx-streams-production.s3.eu-west-1.amazonaws.com/2019/03/18/rb003d0w2tap/4f3b2e27-3c97-8595-d7da-1807edd18f2e.flac?X-Amz-Algorithm=AWS4-HMAC-SHA256&X-Amz-Content-Sha256=UNSIGNED-PAYLOAD&X-Amz-Credential=AKIA45B7YWBX5HAZMGOU%2F20260223%2Feu-west-1%2Fs3%2Faws4_request&X-Amz-Date=20260223T000637Z&X-Amz-Expires=604800&X-Amz-Signature=1edfcbfcf92168a8824ec7905e45bf325176c94a782472d84d1ee98fdfa73223&X-Amz-SignedHeaders=host&response-content-disposition=attachment%3B%20filename%3D4f3b2e27-3c97-8595-d7da-1807edd18f2e.flac&x-id=GetObject,0.203217939,4455
CRam-2019-03-19_03-00.flac,2019 Creed Road,2019,3,19,3,0,Pseudacris regilla,Common Song,8.27733326,8.682666779,1688,3281,24000,present,https://rfcx-streams-production.s3.eu-west-1.amazonaws.com/2019/03/18/rb003d0w2tap/65d69957-8f33-b582-dea0-51b6b65028f2.flac?X-Amz-Algorithm=AWS4-HMAC-SHA256&X-Amz-Content-Sha256=UNSIGNED-PAYLOAD&X-Amz-Credential=AKIA45B7YWBX5HAZMGOU%2F20260223%2Feu-west-1%2Fs3%2Faws4_request&X-Amz-Date=20260223T000633Z&X-Amz-Expires=604800&X-Amz-Signature=d19b85b6b2689ecbd0bd9a2802e44fb3a68ba96f12684c63dec1ff8f1eaf9464&X-Amz-SignedHeaders=host&response-content-disposition=attachment%3B%20filename%3D65d69957-8f33-b582-dea0-51b6b65028f2.flac&x-id=GetObject,0.277843535,4455
CRam-2019-03-20_22-20.flac,2019 Creed Road,2019,3,20,22,20,Pseudacris regilla,Common Song,39.86666489,40.27199936,1688,3281,24000,present,https://rfcx-streams-production.s3.eu-west-1.amazonaws.com/2019/03/20/rb003d0w2tap/31a90651-04c0-692b-2ab3-3fc1bcb3105f.flac?X-Amz-Algorithm=AWS4-HMAC-SHA256&X-Amz-Content-Sha256=UNSIGNED-PAYLOAD&X-Amz-Credential=AKIA45B7YWBX5HAZMGOU%2F20260223%2Feu-west-1%2Fs3%2Faws4_request&X-Amz-Date=20260223T000637Z&X-Amz-Expires=604800&X-Amz-Signature=131a001b729c0946947f5e8a94cfe8b5021d9b651966dd69900ca8a8901e2024&X-Amz-SignedHeaders=host&response-content-disposition=attachment%3B%20filename%3D31a90651-04c0-692b-2ab3-3fc1bcb3105f.flac&x-id=GetObject,0.276412368,4455
CRam-2019-03-20_22-40.flac,2019 Creed Road,2019,3,20,22,40,Pseudacris regilla,Common Song,24.63999939,25.04533386,1688,3281,24000,present,https://rfcx-streams-production.s3.eu-west-1.amazonaws.com/2019/03/20/rb003d0w2tap/b9f68d91-6284-21eb-71bb-d33b713e7508.flac?X-Amz-Algorithm=AWS4-HMAC-SHA256&X-Amz-Content-Sha256=UNSIGNED-PAYLOAD&X-Amz-Credential=AKIA45B7YWBX5HAZMGOU%2F20260223%2Feu-west-1%2Fs3%2Faws4_request&X-Amz-Date=20260223T000637Z&X-Amz-Expires=604800&X-Amz-Signature=3a754d4de43f7764ae169293256a6c656658b59fc2a1245d6dff9c05f9189514&X-Amz-SignedHeaders=host&response-content-disposition=attachment%3B%20filename%3Db9f68d91-6284-21eb-71bb-d33b713e7508.flac&x-id=GetObject,0.353524029,4455
CRam-2019-03-20_23-00.flac,2019 Creed Road,2019,3,20,23,0,Pseudacris regilla,Common Song,9.514666557,9.920000076,1688,3281,24000,present,https://rfcx-streams-production.s3.eu-west-1.amazonaws.com/2019/03/20/rb003d0w2tap/7bd605c7-136a-80ba-393a-9b0d2cf89053.flac?X-Amz-Algorithm=AWS4-HMAC-SHA256&X-Amz-Content-Sha256=UNSIGNED-PAYLOAD&X-Amz-Credential=AKIA45B7YWBX5HAZMGOU%2F20260223%2Feu-west-1%2Fs3%2Faws4_request&X-Amz-Date=20260223T000633Z&X-Amz-Expires=604800&X-Amz-Signature=6e22baeb14173113f671f4117aa1ff249a335a9ffdbaab74a5195de78927dd8c&X-Amz-SignedHeaders=host&response-content-disposition=attachment%3B%20filename%3D7bd605c7-136a-80ba-393a-9b0d2cf89053.flac&x-id=GetObject,0.239140972,4455
CRam-2019-03-20_23-40.flac,2019 Creed Road,2019,3,20,23,40,Pseudacris regilla,Common Song,35.5359993,35.94133377,1688,3281,24000,present,https://rfcx-streams-production.s3.eu-west-1.amazonaws.com/2019/03/20/rb003d0w2tap/f1197583-915e-39ac-912f-a18172f84884.flac?X-Amz-Algorithm=AWS4-HMAC-SHA256&X-Amz-Content-Sha256=UNSIGNED-PAYLOAD&X-Amz-Credential=AKIA45B7YWBX5HAZMGOU%2F20260223%2Feu-west-1%2Fs3%2Faws4_request&X-Amz-Date=20260223T000637Z&X-Amz-Expires=604800&X-Amz-Signature=761ed32b1af578a44f25ddfaa9db6e5431a5ac3c2c1e1b5684f2da182d725c1c&X-Amz-SignedHeaders=host&response-content-disposition=attachment%3B%20filename%3Df1197583-915e-39ac-912f-a18172f84884.flac&x-id=GetObject,0.456868201,4455
CRam-2019-03-21_00-00.flac,2019 Creed Road,2019,3,21,0,0,Pseudacris regilla,Common Song,22.79999924,23.20533371,1688,3281,24000,present,https://rfcx-streams-production.s3.eu-west-1.amazonaws.com/2019/03/20/rb003d0w2tap/3fd4a9a0-8ef2-7562-dca4-3beddf86e2e0.flac?X-Amz-Algorithm=AWS4-HMAC-SHA256&X-Amz-Content-Sha256=UNSIGNED-PAYLOAD&X-Amz-Credential=AKIA45B7YWBX5HAZMGOU%2F20260223%2Feu-west-1%2Fs3%2Faws4_request&X-Amz-Date=20260223T000633Z&X-Amz-Expires=604800&X-Amz-Signature=b46f9ee9363f033ffa73911eaabc4e317b39875cfb85863eb44ff7757b2a1ae8&X-Amz-SignedHeaders=host&response-content-disposition=attachment%3B%20filename%3D3fd4a9a0-8ef2-7562-dca4-3beddf86e2e0.flac&x-id=GetObject,0.420783371,4455
CRam-2019-03-21_00-20.flac,2019 Creed Road,2019,3,21,0,20,Pseudacris regilla,Common Song,31.90933418,32.31466675,1688,3281,24000,present,https://rfcx-streams-production.s3.eu-west-1.amazonaws.com/2019/03/20/rb003d0w2tap/7b7ffc7d-27ef-f361-38bd-3b1080af3d5b.flac?X-Amz-Algorithm=AWS4-HMAC-SHA256&X-Amz-Content-Sha256=UNSIGNED-PAYLOAD&X-Amz-Credential=AKIA45B7YWBX5HAZMGOU%2F20260223%2Feu-west-1%2Fs3%2Faws4_request&X-Amz-Date=20260223T000637Z&X-Amz-Expires=604800&X-Amz-Signature=795da600577289cc4358b071076660abdb83d688a1cf50c24f374b0774a72165&X-Amz-SignedHeaders=host&response-content-disposition=attachment%3B%20filename%3D7b7ffc7d-27ef-f361-38bd-3b1080af3d5b.flac&x-id=GetObject,0.338113248,4455
CRam-2019-03-21_00-40.flac,2019 Creed Road,2019,3,21,0,40,Pseudacris regilla,Common Song,55.0719986,55.47733307,1688,3281,24000,present,https://rfcx-streams-production.s3.eu-west-1.amazonaws.com/2019/03/20/rb003d0w2tap/2cadfcad-49ec-a88f-7af9-f9cd4953e879.flac?X-Amz-Algorithm=AWS4-HMAC-SHA256&X-Amz-Content-Sha256=UNSIGNED-PAYLOAD&X-Amz-Credential=AKIA45B7YWBX5HAZMGOU%2F20260223%2Feu-west-1%2Fs3%2Faws4_request&X-Amz-Date=20260223T000637Z&X-Amz-Expires=604800&X-Amz-Signature=979a809c6f58f9107b0448461c6cada098d6978396092216f3c1f710a98997a6&X-Amz-SignedHeaders=host&response-content-disposition=attachment%3B%20filename%3D2cadfcad-49ec-a88f-7af9-f9cd4953e879.flac&x-id=GetObject,0.389139324,4455
CRam-2019-03-21_02-00.flac,2019 Creed Road,2019,3,21,2,0,Pseudacris regilla,Common Song,7.066666603,7.472000122,1688,3281,24000,present,https://rfcx-streams-production.s3.eu-west-1.amazonaws.com/2019/03/20/rb003d0w2tap/0ce34352-6cc2-0ada-3288-dc27e24e3eea.flac?X-Amz-Algorithm=AWS4-HMAC-SHA256&X-Amz-Content-Sha256=UNSIGNED-PAYLOAD&X-Amz-Credential=AKIA45B7YWBX5HAZMGOU%2F20260223%2Feu-west-1%2Fs3%2Faws4_request&X-Amz-Date=20260223T000633Z&X-Amz-Expires=604800&X-Amz-Signature=c54caffef330d8f167f8f0830030a4dd9dc7dce02cad785cdbd0060b60ba0ad4&X-Amz-SignedHeaders=host&response-content-disposition=attachment%3B%20filename%3D0ce34352-6cc2-0ada-3288-dc27e24e3eea.flac&x-id=GetObject,0.303397596,4455
CRam-2019-03-21_02-20.flac,2019 Creed Road,2019,3,21,2,20,Pseudacris regilla,Common Song,57.62666702,58.0320015,1688,3281,24000,present,https://rfcx-streams-production.s3.eu-west-1.amazonaws.com/2019/03/20/rb003d0w2tap/096277e8-8273-d3ca-602e-9d201e745534.flac?X-Amz-Algorithm=AWS4-HMAC-SHA256&X-Amz-Content-Sha256=UNSIGNED-PAYLOAD&X-Amz-Credential=AKIA45B7YWBX5HAZMGOU%2F20260223%2Feu-west-1%2Fs3%2Faws4_request&X-Amz-Date=20260223T000637Z&X-Amz-Expires=604800&X-Amz-Signature=68955045f4f71e8ebd1f55d5cb2dcb848c4088c9ee62fc6fd4569fb7c6670286&X-Amz-SignedHeaders=host&response-content-disposition=attachment%3B%20filename%3D096277e8-8273-d3ca-602e-9d201e745534.flac&x-id=GetObject,0.250987738,4455
CRam-2019-03-21_02-40.flac,2019 Creed Road,2019,3,21,2,40,Pseudacris regilla,Common Song,38.39466476,38.79999924,1688,3281,24000,present,https://rfcx-streams-production.s3.eu-west-1.amazonaws.com/2019/03/20/rb003d0w2tap/f9aad683-d8ed-6d5a-c180-3c763eddfc45.flac?X-Amz-Algorithm=AWS4-HMAC-SHA256&X-Amz-Content-Sha256=UNSIGNED-PAYLOAD&X-Amz-Credential=AKIA45B7YWBX5HAZMGOU%2F20260223%2Feu-west-1%2Fs3%2Faws4_request&X-Amz-Date=20260223T000637Z&X-Amz-Expires=604800&X-Amz-Signature=1e7dadeb7a373f3f09d5e794a3b8ca6293da4ec5a9c20735780df59e71902c4f&X-Amz-SignedHeaders=host&response-content-disposition=attachment%3B%20filename%3Df9aad683-d8ed-6d5a-c180-3c763eddfc45.flac&x-id=GetObject,0.452714324,4455
CRam-2019-03-21_04-00.flac,2019 Creed Road,2019,3,21,4,0,Pseudacris regilla,Common Song,58.1546669,58.56000137,1688,3281,24000,present,https://rfcx-streams-production.s3.eu-west-1.amazonaws.com/2019/03/20/rb003d0w2tap/182a89f6-2183-f9d5-84f4-68a64b6e74ec.flac?X-Amz-Algorithm=AWS4-HMAC-SHA256&X-Amz-Content-Sha256=UNSIGNED-PAYLOAD&X-Amz-Credential=AKIA45B7YWBX5HAZMGOU%2F20260223%2Feu-west-1%2Fs3%2Faws4_request&X-Amz-Date=20260223T000633Z&X-Amz-Expires=604800&X-Amz-Signature=6743ba2e32b4ddb16ef9740414cb2dda0bd9c4c82619a92b6cb822fbb342075a&X-Amz-SignedHeaders=host&response-content-disposition=attachment%3B%20filename%3D182a89f6-2183-f9d5-84f4-68a64b6e74ec.flac&x-id=GetObject,0.265658259,4455
CRam-2019-03-21_04-40.flac,2019 Creed Road,2019,3,21,4,40,Pseudacris regilla,Common Song,49.46133423,49.86666489,1688,3281,24000,present,https://rfcx-streams-production.s3.eu-west-1.amazonaws.com/2019/03/20/rb003d0w2tap/bdbf3ebe-06e2-efae-8661-e19b2f46323d.flac?X-Amz-Algorithm=AWS4-HMAC-SHA256&X-Amz-Content-Sha256=UNSIGNED-PAYLOAD&X-Amz-Credential=AKIA45B7YWBX5HAZMGOU%2F20260223%2Feu-west-1%2Fs3%2Faws4_request&X-Amz-Date=20260223T000637Z&X-Amz-Expires=604800&X-Amz-Signature=fc0a35027a93cf9a076aa276a303a541d9e2cdd22cd9ab29dbeb127321c6fcf7&X-Amz-SignedHeaders=host&response-content-disposition=attachment%3B%20filename%3Dbdbf3ebe-06e2-efae-8661-e19b2f46323d.flac&x-id=GetObject,0.211927295,4455
CRam-2019-03-21_05-40.flac,2019 Creed Road,2019,3,21,5,40,Pseudacris regilla,Common Song,33.43466568,33.84000015,1688,3281,24000,present,https://rfcx-streams-production.s3.eu-west-1.amazonaws.com/2019/03/20/rb003d0w2tap/b4d13b54-c77a-8ab9-a28c-08d6ab842dee.flac?X-Amz-Algorithm=AWS4-HMAC-SHA256&X-Amz-Content-Sha256=UNSIGNED-PAYLOAD&X-Amz-Credential=AKIA45B7YWBX5HAZMGOU%2F20260223%2Feu-west-1%2Fs3%2Faws4_request&X-Amz-Date=20260223T000637Z&X-Amz-Expires=604800&X-Amz-Signature=d39ad4c107b0eb205987963291fa0c070a73a8e2fc6d95e151963805dc116c6f&X-Amz-SignedHeaders=host&response-content-disposition=attachment%3B%20filename%3Db4d13b54-c77a-8ab9-a28c-08d6ab842dee.flac&x-id=GetObject,0.221853808,4455
CRam-2019-03-21_06-00.flac,2019 Creed Road,2019,3,21,6,0,Pseudacris regilla,Common Song,1.05066669,1.45599997,1688,3281,24000,present,https://rfcx-streams-production.s3.eu-west-1.amazonaws.com/2019/03/20/rb003d0w2tap/8bfe4652-9c14-653f-8642-821fc0373a87.flac?X-Amz-Algorithm=AWS4-HMAC-SHA256&X-Amz-Content-Sha256=UNSIGNED-PAYLOAD&X-Amz-Credential=AKIA45B7YWBX5HAZMGOU%2F20260223%2Feu-west-1%2Fs3%2Faws4_request&X-Amz-Date=20260223T000633Z&X-Amz-Expires=604800&X-Amz-Signature=c55abe8cd595d69710f45bd54f62cc364baa151da595d524e7b40ff427f4ad0d&X-Amz-SignedHeaders=host&response-content-disposition=attachment%3B%20filename%3D8bfe4652-9c14-653f-8642-821fc0373a87.flac&x-id=GetObject,0.265932262,4455
CRam-2019-03-21_06-20.flac,2019 Creed Road,2019,3,21,6,20,Pseudacris regilla,Common Song,33.29066849,33.69599915,1688,3281,24000,present,https://rfcx-streams-production.s3.eu-west-1.amazonaws.com/2019/03/20/rb003d0w2tap/dd6df894-3bdf-001b-182a-bc15ee3d49d3.flac?X-Amz-Algorithm=AWS4-HMAC-SHA256&X-Amz-Content-Sha256=UNSIGNED-PAYLOAD&X-Amz-Credential=AKIA45B7YWBX5HAZMGOU%2F20260223%2Feu-west-1%2Fs3%2Faws4_request&X-Amz-Date=20260223T000637Z&X-Amz-Expires=604800&X-Amz-Signature=95d4ac377dddf99d93cfa7b7f5a147e645f1ed41af295500ed1c6ba78bbe1fbc&X-Amz-SignedHeaders=host&response-content-disposition=attachment%3B%20filename%3Ddd6df894-3bdf-001b-182a-bc15ee3d49d3.flac&x-id=GetObject,0.297489047,4455
CRam-2019-03-21_19-40.flac,2019 Creed Road,2019,3,21,19,40,Pseudacris regilla,Common Song,5.690666676,6.096000195,1688,3281,24000,present,https://rfcx-streams-production.s3.eu-west-1.amazonaws.com/2019/03/21/rb003d0w2tap/b056e88f-69d2-5ca9-a9ba-999709c0715c.flac?X-Amz-Algorithm=AWS4-HMAC-SHA256&X-Amz-Content-Sha256=UNSIGNED-PAYLOAD&X-Amz-Credential=AKIA45B7YWBX5HAZMGOU%2F20260223%2Feu-west-1%2Fs3%2Faws4_request&X-Amz-Date=20260223T000637Z&X-Amz-Expires=604800&X-Amz-Signature=cd2008230da41aabe9a02b52465a1c8f409b106695b6fa894f8752df6a74153a&X-Amz-SignedHeaders=host&response-content-disposition=attachment%3B%20filename%3Db056e88f-69d2-5ca9-a9ba-999709c0715c.flac&x-id=GetObject,0.465195596,4455
CRam-2019-03-21_20-00.flac,2019 Creed Road,2019,3,21,20,0,Pseudacris regilla,Common Song,48.46933365,48.87466812,1688,3281,24000,present,https://rfcx-streams-production.s3.eu-west-1.amazonaws.com/2019/03/21/rb003d0w2tap/960e6656-2e6d-1d98-9e84-f3282a16f0ce.flac?X-Amz-Algorithm=AWS4-HMAC-SHA256&X-Amz-Content-Sha256=UNSIGNED-PAYLOAD&X-Amz-Credential=AKIA45B7YWBX5HAZMGOU%2F20260223%2Feu-west-1%2Fs3%2Faws4_request&X-Amz-Date=20260223T000633Z&X-Amz-Expires=604800&X-Amz-Signature=55adc75aac5bdec92f1e8c94f84cfb7b982b4456df80aee31bcac778501e873e&X-Amz-SignedHeaders=host&response-content-disposition=attachment%3B%20filename%3D960e6656-2e6d-1d98-9e84-f3282a16f0ce.flac&x-id=GetObject,0.299287468,4455
CRam-2019-03-21_20-20.flac,2019 Creed Road,2019,3,21,20,20,Pseudacris regilla,Common Song,30.33600044,30.74133301,1688,3281,24000,present,https://rfcx-streams-production.s3.eu-west-1.amazonaws.com/2019/03/21/rb003d0w2tap/394c0f9b-3b8c-770c-110a-a9ed9d7a8fe8.flac?X-Amz-Algorithm=AWS4-HMAC-SHA256&X-Amz-Content-Sha256=UNSIGNED-PAYLOAD&X-Amz-Credential=AKIA45B7YWBX5HAZMGOU%2F20260223%2Feu-west-1%2Fs3%2Faws4_request&X-Amz-Date=20260223T000637Z&X-Amz-Expires=604800&X-Amz-Signature=9be201f6860d74a178f09c4ee5511005d34814c96dc2a8c2a22698c178199bcb&X-Amz-SignedHeaders=host&response-content-disposition=attachment%3B%20filename%3D394c0f9b-3b8c-770c-110a-a9ed9d7a8fe8.flac&x-id=GetObject,0.279655784,4455
CRam-2019-03-21_20-40.flac,2019 Creed Road,2019,3,21,20,40,Pseudacris regilla,Common Song,20.38400078,20.78933334,1688,3281,24000,present,https://rfcx-streams-production.s3.eu-west-1.amazonaws.com/2019/03/21/rb003d0w2tap/3a612040-9313-b8b9-0238-fa97bde3e825.flac?X-Amz-Algorithm=AWS4-HMAC-SHA256&X-Amz-Content-Sha256=UNSIGNED-PAYLOAD&X-Amz-Credential=AKIA45B7YWBX5HAZMGOU%2F20260223%2Feu-west-1%2Fs3%2Faws4_request&X-Amz-Date=20260223T000637Z&X-Amz-Expires=604800&X-Amz-Signature=6197b6286f46c271dd4011342fba58af02306b6aa0aaf5a090386cda9b6d4679&X-Amz-SignedHeaders=host&response-content-disposition=attachment%3B%20filename%3D3a612040-9313-b8b9-0238-fa97bde3e825.flac&x-id=GetObject,0.284106195,4455
CRam-2019-03-21_21-00.flac,2019 Creed Road,2019,3,21,21,0,Pseudacris regilla,Common Song,4.29333353,4.698666573,1688,3281,24000,present,https://rfcx-streams-production.s3.eu-west-1.amazonaws.com/2019/03/21/rb003d0w2tap/0053610d-077a-0ef2-079b-cddf065ff728.flac?X-Amz-Algorithm=AWS4-HMAC-SHA256&X-Amz-Content-Sha256=UNSIGNED-PAYLOAD&X-Amz-Credential=AKIA45B7YWBX5HAZMGOU%2F20260223%2Feu-west-1%2Fs3%2Faws4_request&X-Amz-Date=20260223T000633Z&X-Amz-Expires=604800&X-Amz-Signature=0fd99dd443f362222d56ce0d611de3e7b3431ebe07351096e69a1c5f3dd5fe5d&X-Amz-SignedHeaders=host&response-content-disposition=attachment%3B%20filename%3D0053610d-077a-0ef2-079b-cddf065ff728.flac&x-id=GetObject,0.434638262,4455
CRam-2019-03-21_21-20.flac,2019 Creed Road,2019,3,21,21,20,Pseudacris regilla,Common Song,51.98400116,52.38933182,1688,3281,24000,present,https://rfcx-streams-production.s3.eu-west-1.amazonaws.com/2019/03/21/rb003d0w2tap/1581de82-cafd-7db3-23f8-1055a4c9d859.flac?X-Amz-Algorithm=AWS4-HMAC-SHA256&X-Amz-Content-Sha256=UNSIGNED-PAYLOAD&X-Amz-Credential=AKIA45B7YWBX5HAZMGOU%2F20260223%2Feu-west-1%2Fs3%2Faws4_request&X-Amz-Date=20260223T000637Z&X-Amz-Expires=604800&X-Amz-Signature=13bb866f26a8099551ce058e4ddae86a578363c88caf849ab3ce23e3b225a037&X-Amz-SignedHeaders=host&response-content-disposition=attachment%3B%20filename%3D1581de82-cafd-7db3-23f8-1055a4c9d859.flac&x-id=GetObject,0.308919191,4455
CRam-2019-03-21_21-40.flac,2019 Creed Road,2019,3,21,21,40,Pseudacris regilla,Common Song,35.43999863,35.8453331,1688,3281,24000,present,https://rfcx-streams-production.s3.eu-west-1.amazonaws.com/2019/03/21/rb003d0w2tap/789d63cd-7b0f-f820-6369-0ab1b8672bba.flac?X-Amz-Algorithm=AWS4-HMAC-SHA256&X-Amz-Content-Sha256=UNSIGNED-PAYLOAD&X-Amz-Credential=AKIA45B7YWBX5HAZMGOU%2F20260223%2Feu-west-1%2Fs3%2Faws4_request&X-Amz-Date=20260223T000637Z&X-Amz-Expires=604800&X-Amz-Signature=6fd4af8cfa1f9680ec39c5b946beedbe4e808a616004c11a06a60c9990eca189&X-Amz-SignedHeaders=host&response-content-disposition=attachment%3B%20filename%3D789d63cd-7b0f-f820-6369-0ab1b8672bba.flac&x-id=GetObject,0.42435655,4455
CRam-2019-03-21_22-00.flac,2019 Creed Road,2019,3,21,22,0,Pseudacris regilla,Common Song,40.03733444,40.4426651,1688,3281,24000,present,https://rfcx-streams-production.s3.eu-west-1.amazonaws.com/2019/03/21/rb003d0w2tap/bb5639af-63dd-6e3e-279e-2f852c055f95.flac?X-Amz-Algorithm=AWS4-HMAC-SHA256&X-Amz-Content-Sha256=UNSIGNED-PAYLOAD&X-Amz-Credential=AKIA45B7YWBX5HAZMGOU%2F20260223%2Feu-west-1%2Fs3%2Faws4_request&X-Amz-Date=20260223T000633Z&X-Amz-Expires=604800&X-Amz-Signature=12e1ca507474472030dcf6542bf0dbfd4bc1cf5c4b4c71dc5db72e11d94b4d75&X-Amz-SignedHeaders=host&response-content-disposition=attachment%3B%20filename%3Dbb5639af-63dd-6e3e-279e-2f852c055f95.flac&x-id=GetObject,0.493503064,4455
CRam-2019-03-21_22-20.flac,2019 Creed Road,2019,3,21,22,20,Pseudacris regilla,Common Song,58.25600052,58.66133499,1688,3281,24000,present,https://rfcx-streams-production.s3.eu-west-1.amazonaws.com/2019/03/21/rb003d0w2tap/fedb94ab-e530-91bf-b75e-5b103b16e278.flac?X-Amz-Algorithm=AWS4-HMAC-SHA256&X-Amz-Content-Sha256=UNSIGNED-PAYLOAD&X-Amz-Credential=AKIA45B7YWBX5HAZMGOU%2F20260223%2Feu-west-1%2Fs3%2Faws4_request&X-Amz-Date=20260223T000637Z&X-Amz-Expires=604800&X-Amz-Signature=fa2b40c817143b448b00bb3e5d58e0bbc4204b6878a54362d13d6d5563b30a84&X-Amz-SignedHeaders=host&response-content-disposition=attachment%3B%20filename%3Dfedb94ab-e530-91bf-b75e-5b103b16e278.flac&x-id=GetObject,0.280402333,4455
CRam-2019-03-21_22-40.flac,2019 Creed Road,2019,3,21,22,40,Pseudacris regilla,Common Song,46.66666794,47.0719986,1688,3281,24000,present,https://rfcx-streams-production.s3.eu-west-1.amazonaws.com/2019/03/21/rb003d0w2tap/c05bacf9-cf16-656d-7faa-2eafa2461ddd.flac?X-Amz-Algorithm=AWS4-HMAC-SHA256&X-Amz-Content-Sha256=UNSIGNED-PAYLOAD&X-Amz-Credential=AKIA45B7YWBX5HAZMGOU%2F20260223%2Feu-west-1%2Fs3%2Faws4_request&X-Amz-Date=20260223T000637Z&X-Amz-Expires=604800&X-Amz-Signature=96d2eef08dd03a3919313fe92e45658fe07f4dbe6767a14dc777d3b5b43cea83&X-Amz-SignedHeaders=host&response-content-disposition=attachment%3B%20filename%3Dc05bacf9-cf16-656d-7faa-2eafa2461ddd.flac&x-id=GetObject,0.284975678,4455
CRam-2019-03-21_23-00.flac,2019 Creed Road,2019,3,21,23,0,Pseudacris regilla,Common Song,56.93333435,57.33866501,1688,3281,24000,present,https://rfcx-streams-production.s3.eu-west-1.amazonaws.com/2019/03/21/rb003d0w2tap/33416b82-5093-2524-6390-3dfc4a4c0071.flac?X-Amz-Algorithm=AWS4-HMAC-SHA256&X-Amz-Content-Sha256=UNSIGNED-PAYLOAD&X-Amz-Credential=AKIA45B7YWBX5HAZMGOU%2F20260223%2Feu-west-1%2Fs3%2Faws4_request&X-Amz-Date=20260223T000633Z&X-Amz-Expires=604800&X-Amz-Signature=60fb149240d536bf6dac03911872561adc6343376f43c1148d0abc919c1881a8&X-Amz-SignedHeaders=host&response-content-disposition=attachment%3B%20filename%3D33416b82-5093-2524-6390-3dfc4a4c0071.flac&x-id=GetObject,0.417444348,4455
CRam-2019-03-21_23-20.flac,2019 Creed Road,2019,3,21,23,20,Pseudacris regilla,Common Song,28.34666634,28.75200081,1688,3281,24000,present,https://rfcx-streams-production.s3.eu-west-1.amazonaws.com/2019/03/21/rb003d0w2tap/90327e72-f976-779d-a760-76ae6b883b44.flac?X-Amz-Algorithm=AWS4-HMAC-SHA256&X-Amz-Content-Sha256=UNSIGNED-PAYLOAD&X-Amz-Credential=AKIA45B7YWBX5HAZMGOU%2F20260223%2Feu-west-1%2Fs3%2Faws4_request&X-Amz-Date=20260223T000637Z&X-Amz-Expires=604800&X-Amz-Signature=a67fa8f1f7e3796a283c979f9c16791ab74d435e6c03b0c6e8ae3c0543cfed01&X-Amz-SignedHeaders=host&response-content-disposition=attachment%3B%20filename%3D90327e72-f976-779d-a760-76ae6b883b44.flac&x-id=GetObject,0.231454834,4455
CRam-2019-03-22_00-00.flac,2019 Creed Road,2019,3,22,0,0,Pseudacris regilla,Common Song,3.045333385,3.450666666,1688,3281,24000,present,https://rfcx-streams-production.s3.eu-west-1.amazonaws.com/2019/03/21/rb003d0w2tap/d474103a-47cd-31b6-8352-15fc83ce5cc2.flac?X-Amz-Algorithm=AWS4-HMAC-SHA256&X-Amz-Content-Sha256=UNSIGNED-PAYLOAD&X-Amz-Credential=AKIA45B7YWBX5HAZMGOU%2F20260223%2Feu-west-1%2Fs3%2Faws4_request&X-Amz-Date=20260223T000633Z&X-Amz-Expires=604800&X-Amz-Signature=8379e9d8480929ecd60c2154fa1db6038661f1d5bdce923880d87b6bed3ce4c7&X-Amz-SignedHeaders=host&response-content-disposition=attachment%3B%20filename%3Dd474103a-47cd-31b6-8352-15fc83ce5cc2.flac&x-id=GetObject,0.256875187,4455
CRam-2019-03-22_00-20.flac,2019 Creed Road,2019,3,22,0,20,Pseudacris regilla,Common Song,8.746666908,9.152000427,1688,3281,24000,present,https://rfcx-streams-production.s3.eu-west-1.amazonaws.com/2019/03/21/rb003d0w2tap/62b947a3-9648-c299-0055-5e80f366dc77.flac?X-Amz-Algorithm=AWS4-HMAC-SHA256&X-Amz-Content-Sha256=UNSIGNED-PAYLOAD&X-Amz-Credential=AKIA45B7YWBX5HAZMGOU%2F20260223%2Feu-west-1%2Fs3%2Faws4_request&X-Amz-Date=20260223T000637Z&X-Amz-Expires=604800&X-Amz-Signature=abdd0e0f2fad5fb0c97a9573401bb621229b06f300b9c71950ab63778d9199ba&X-Amz-SignedHeaders=host&response-content-disposition=attachment%3B%20filename%3D62b947a3-9648-c299-0055-5e80f366dc77.flac&x-id=GetObject,0.328713536,4455
CRam-2019-03-22_20-20.flac,2019 Creed Road,2019,3,22,20,20,Pseudacris regilla,Common Song,7.168000221,7.573333263,1688,3281,24000,present,https://rfcx-streams-production.s3.eu-west-1.amazonaws.com/2019/03/22/rb003d0w2tap/20aed3e4-904c-49ca-fa91-c7187ffef7e1.flac?X-Amz-Algorithm=AWS4-HMAC-SHA256&X-Amz-Content-Sha256=UNSIGNED-PAYLOAD&X-Amz-Credential=AKIA45B7YWBX5HAZMGOU%2F20260223%2Feu-west-1%2Fs3%2Faws4_request&X-Amz-Date=20260223T000637Z&X-Amz-Expires=604800&X-Amz-Signature=8cb8a80fee7c56ad43186dd1f0cdd43b89634faa0c9dfbaafebd1247e06e5c2a&X-Amz-SignedHeaders=host&response-content-disposition=attachment%3B%20filename%3D20aed3e4-904c-49ca-fa91-c7187ffef7e1.flac&x-id=GetObject,0.324206978,4455
CRam-2019-03-22_20-40.flac,2019 Creed Road,2019,3,22,20,40,Pseudacris regilla,Common Song,2.005333424,2.410666704,1688,3281,24000,present,https://rfcx-streams-production.s3.eu-west-1.amazonaws.com/2019/03/22/rb003d0w2tap/33c1a3c6-0bae-1756-8a4e-1f42a2592c5b.flac?X-Amz-Algorithm=AWS4-HMAC-SHA256&X-Amz-Content-Sha256=UNSIGNED-PAYLOAD&X-Amz-Credential=AKIA45B7YWBX5HAZMGOU%2F20260223%2Feu-west-1%2Fs3%2Faws4_request&X-Amz-Date=20260223T000637Z&X-Amz-Expires=604800&X-Amz-Signature=695f77289401b716166e35877a49d78c04ae72dc277edf50a7505c609310c080&X-Amz-SignedHeaders=host&response-content-disposition=attachment%3B%20filename%3D33c1a3c6-0bae-1756-8a4e-1f42a2592c5b.flac&x-id=GetObject,0.314871788,4455
CRam-2019-03-22_21-00.flac,2019 Creed Road,2019,3,22,21,0,Pseudacris regilla,Common Song,59.19466782,59.59999847,1688,3281,24000,present,https://rfcx-streams-production.s3.eu-west-1.amazonaws.com/2019/03/22/rb003d0w2tap/528709c5-dee4-d5ae-1d5a-856260e75de2.flac?X-Amz-Algorithm=AWS4-HMAC-SHA256&X-Amz-Content-Sha256=UNSIGNED-PAYLOAD&X-Amz-Credential=AKIA45B7YWBX5HAZMGOU%2F20260223%2Feu-west-1%2Fs3%2Faws4_request&X-Amz-Date=20260223T000633Z&X-Amz-Expires=604800&X-Amz-Signature=2f4899fa91e2d04654a6b33070b752714591bb82ef7c702650905dd8ff8d7e7d&X-Amz-SignedHeaders=host&response-content-disposition=attachment%3B%20filename%3D528709c5-dee4-d5ae-1d5a-856260e75de2.flac&x-id=GetObject,0.200288191,4455
CRam-2019-03-22_21-20.flac,2019 Creed Road,2019,3,22,21,20,Pseudacris regilla,Common Song,11.2213335,11.62666702,1688,3281,24000,present,https://rfcx-streams-production.s3.eu-west-1.amazonaws.com/2019/03/22/rb003d0w2tap/09314812-a385-1304-97ec-5ab384be82f3.flac?X-Amz-Algorithm=AWS4-HMAC-SHA256&X-Amz-Content-Sha256=UNSIGNED-PAYLOAD&X-Amz-Credential=AKIA45B7YWBX5HAZMGOU%2F20260223%2Feu-west-1%2Fs3%2Faws4_request&X-Amz-Date=20260223T000637Z&X-Amz-Expires=604800&X-Amz-Signature=8d5cc01934e387fb86e8f64a2b18f32ee0283e990b295141e8f5b4c14c702698&X-Amz-SignedHeaders=host&response-content-disposition=attachment%3B%20filename%3D09314812-a385-1304-97ec-5ab384be82f3.flac&x-id=GetObject,0.229029611,4455
CRam-2019-03-22_21-40.flac,2019 Creed Road,2019,3,22,21,40,Pseudacris regilla,Common Song,11.87733364,12.28266621,1688,3281,24000,present,https://rfcx-streams-production.s3.eu-west-1.amazonaws.com/2019/03/22/rb003d0w2tap/5335e3fd-2895-8ce0-c0cc-7de6eda9357d.flac?X-Amz-Algorithm=AWS4-HMAC-SHA256&X-Amz-Content-Sha256=UNSIGNED-PAYLOAD&X-Amz-Credential=AKIA45B7YWBX5HAZMGOU%2F20260223%2Feu-west-1%2Fs3%2Faws4_request&X-Amz-Date=20260223T000637Z&X-Amz-Expires=604800&X-Amz-Signature=7aa82c324dfb90363f49664b46bcd4a51fe9299a1d7e0a47c3cfb4fce0ed32bc&X-Amz-SignedHeaders=host&response-content-disposition=attachment%3B%20filename%3D5335e3fd-2895-8ce0-c0cc-7de6eda9357d.flac&x-id=GetObject,0.311762154,4455
CRam-2019-03-22_22-00.flac,2019 Creed Road,2019,3,22,22,0,Pseudacris regilla,Common Song,23.42933273,23.83466721,1688,3281,24000,present,https://rfcx-streams-production.s3.eu-west-1.amazonaws.com/2019/03/22/rb003d0w2tap/349bd38c-d061-9427-f195-5af9d2fa2b49.flac?X-Amz-Algorithm=AWS4-HMAC-SHA256&X-Amz-Content-Sha256=UNSIGNED-PAYLOAD&X-Amz-Credential=AKIA45B7YWBX5HAZMGOU%2F20260223%2Feu-west-1%2Fs3%2Faws4_request&X-Amz-Date=20260223T000633Z&X-Amz-Expires=604800&X-Amz-Signature=2ac53f8d1db0106adb26ee40049589d02a51ee900429e8323ad773b0cb1f998b&X-Amz-SignedHeaders=host&response-content-disposition=attachment%3B%20filename%3D349bd38c-d061-9427-f195-5af9d2fa2b49.flac&x-id=GetObject,0.2214524,4455
CRam-2019-03-22_22-20.flac,2019 Creed Road,2019,3,22,22,20,Pseudacris regilla,Common Song,54.70399857,55.10933304,1688,3281,24000,present,https://rfcx-streams-production.s3.eu-west-1.amazonaws.com/2019/03/22/rb003d0w2tap/f5d57447-7414-714c-0f2d-901cb871625e.flac?X-Amz-Algorithm=AWS4-HMAC-SHA256&X-Amz-Content-Sha256=UNSIGNED-PAYLOAD&X-Amz-Credential=AKIA45B7YWBX5HAZMGOU%2F20260223%2Feu-west-1%2Fs3%2Faws4_request&X-Amz-Date=20260223T000637Z&X-Amz-Expires=604800&X-Amz-Signature=f19ead472cf4e4384afcdd8f54173e48197467705f29540a5b742bd0b192d4fc&X-Amz-SignedHeaders=host&response-content-disposition=attachment%3B%20filename%3Df5d57447-7414-714c-0f2d-901cb871625e.flac&x-id=GetObject,0.360394955,4455
CRam-2019-03-22_22-40.flac,2019 Creed Road,2019,3,22,22,40,Pseudacris regilla,Common Song,39.85599899,40.26133347,1688,3281,24000,present,https://rfcx-streams-production.s3.eu-west-1.amazonaws.com/2019/03/22/rb003d0w2tap/bafe1bac-58f4-7451-7554-5902e9d565b3.flac?X-Amz-Algorithm=AWS4-HMAC-SHA256&X-Amz-Content-Sha256=UNSIGNED-PAYLOAD&X-Amz-Credential=AKIA45B7YWBX5HAZMGOU%2F20260223%2Feu-west-1%2Fs3%2Faws4_request&X-Amz-Date=20260223T000637Z&X-Amz-Expires=604800&X-Amz-Signature=e0cd06a93d4f4a152b815838934e830e01934b55db221b17386d289efa658a86&X-Amz-SignedHeaders=host&response-content-disposition=attachment%3B%20filename%3Dbafe1bac-58f4-7451-7554-5902e9d565b3.flac&x-id=GetObject,0.265058219,4455
CRam-2019-03-22_23-00.flac,2019 Creed Road,2019,3,22,23,0,Pseudacris regilla,Common Song,5.669333458,6.0746665,1688,3281,24000,present,https://rfcx-streams-production.s3.eu-west-1.amazonaws.com/2019/03/22/rb003d0w2tap/10a413c2-ad1c-9f6f-1f4b-8a68939e4e56.flac?X-Amz-Algorithm=AWS4-HMAC-SHA256&X-Amz-Content-Sha256=UNSIGNED-PAYLOAD&X-Amz-Credential=AKIA45B7YWBX5HAZMGOU%2F20260223%2Feu-west-1%2Fs3%2Faws4_request&X-Amz-Date=20260223T000633Z&X-Amz-Expires=604800&X-Amz-Signature=f6e1017bee6c3f27a036140ad1b0018a2ef1ef08bb23316973d2869520ef5917&X-Amz-SignedHeaders=host&response-content-disposition=attachment%3B%20filename%3D10a413c2-ad1c-9f6f-1f4b-8a68939e4e56.flac&x-id=GetObject,0.328127086,4455
CRam-2019-03-22_23-20.flac,2019 Creed Road,2019,3,22,23,20,Pseudacris regilla,Common Song,44.19200134,44.597332,1688,3281,24000,present,https://rfcx-streams-production.s3.eu-west-1.amazonaws.com/2019/03/22/rb003d0w2tap/69ccb410-8efd-3780-a084-97ef9f79d9a3.flac?X-Amz-Algorithm=AWS4-HMAC-SHA256&X-Amz-Content-Sha256=UNSIGNED-PAYLOAD&X-Amz-Credential=AKIA45B7YWBX5HAZMGOU%2F20260223%2Feu-west-1%2Fs3%2Faws4_request&X-Amz-Date=20260223T000637Z&X-Amz-Expires=604800&X-Amz-Signature=106a2ce7c8eba625910386ee62d2b332457a1bf7dbc7de38a932f9219075c0ee&X-Amz-SignedHeaders=host&response-content-disposition=attachment%3B%20filename%3D69ccb410-8efd-3780-a084-97ef9f79d9a3.flac&x-id=GetObject,0.307719529,4455
CRam-2019-03-22_23-40.flac,2019 Creed Road,2019,3,22,23,40,Pseudacris regilla,Common Song,13.02933311,13.43466663,1688,3281,24000,present,https://rfcx-streams-production.s3.eu-west-1.amazonaws.com/2019/03/22/rb003d0w2tap/5e5b348b-b711-d9f8-bbad-e103102054f8.flac?X-Amz-Algorithm=AWS4-HMAC-SHA256&X-Amz-Content-Sha256=UNSIGNED-PAYLOAD&X-Amz-Credential=AKIA45B7YWBX5HAZMGOU%2F20260223%2Feu-west-1%2Fs3%2Faws4_request&X-Amz-Date=20260223T000637Z&X-Amz-Expires=604800&X-Amz-Signature=5692d10a58dfd66a20714b7f2e7f4daa06cad2bdf4defed06e142b8c606d94f1&X-Amz-SignedHeaders=host&response-content-disposition=attachment%3B%20filename%3D5e5b348b-b711-d9f8-bbad-e103102054f8.flac&x-id=GetObject,0.360387951,4455
CRam-2019-03-23_00-00.flac,2019 Creed Road,2019,3,23,0,0,Pseudacris regilla,Common Song,8.815999985,9.221333504,1688,3281,24000,present,https://rfcx-streams-production.s3.eu-west-1.amazonaws.com/2019/03/22/rb003d0w2tap/738b03e2-0fef-b665-af8b-92dfec9087f5.flac?X-Amz-Algorithm=AWS4-HMAC-SHA256&X-Amz-Content-Sha256=UNSIGNED-PAYLOAD&X-Amz-Credential=AKIA45B7YWBX5HAZMGOU%2F20260223%2Feu-west-1%2Fs3%2Faws4_request&X-Amz-Date=20260223T000633Z&X-Amz-Expires=604800&X-Amz-Signature=b695e43fd7cd452291457a8b2103bad8ac761bcd1e51a9e5266bc14b5b0bd9d8&X-Amz-SignedHeaders=host&response-content-disposition=attachment%3B%20filename%3D738b03e2-0fef-b665-af8b-92dfec9087f5.flac&x-id=GetObject,0.244798884,4455
CRam-2019-03-23_01-20.flac,2019 Creed Road,2019,3,23,1,20,Pseudacris regilla,Common Song,52.17066574,52.57600021,1688,3281,24000,present,https://rfcx-streams-production.s3.eu-west-1.amazonaws.com/2019/03/22/rb003d0w2tap/30a3eb4c-6214-c318-3724-532a55714a22.flac?X-Amz-Algorithm=AWS4-HMAC-SHA256&X-Amz-Content-Sha256=UNSIGNED-PAYLOAD&X-Amz-Credential=AKIA45B7YWBX5HAZMGOU%2F20260223%2Feu-west-1%2Fs3%2Faws4_request&X-Amz-Date=20260223T000637Z&X-Amz-Expires=604800&X-Amz-Signature=e65ae7ba1ebdafb99b459214a9af3692da131160d88f9a78a3a55051468cd9dc&X-Amz-SignedHeaders=host&response-content-disposition=attachment%3B%20filename%3D30a3eb4c-6214-c318-3724-532a55714a22.flac&x-id=GetObject,0.247852474,4455
CRam-2019-03-23_02-00.flac,2019 Creed Road,2019,3,23,2,0,Pseudacris regilla,Common Song,56.84799957,57.25333405,1688,3281,24000,present,https://rfcx-streams-production.s3.eu-west-1.amazonaws.com/2019/03/22/rb003d0w2tap/f2920b00-ce50-fa46-7f12-b451ca243c1f.flac?X-Amz-Algorithm=AWS4-HMAC-SHA256&X-Amz-Content-Sha256=UNSIGNED-PAYLOAD&X-Amz-Credential=AKIA45B7YWBX5HAZMGOU%2F20260223%2Feu-west-1%2Fs3%2Faws4_request&X-Amz-Date=20260223T000633Z&X-Amz-Expires=604800&X-Amz-Signature=f7a87fd1e5f7abb8991a304c754a06e52e787c6f94200fcdca5783b1a78746f5&X-Amz-SignedHeaders=host&response-content-disposition=attachment%3B%20filename%3Df2920b00-ce50-fa46-7f12-b451ca243c1f.flac&x-id=GetObject,0.210261568,4455
CRam-2019-03-23_02-40.flac,2019 Creed Road,2019,3,23,2,40,Pseudacris regilla,Common Song,7.696000099,8.101333618,1688,3281,24000,present,https://rfcx-streams-production.s3.eu-west-1.amazonaws.com/2019/03/22/rb003d0w2tap/6b646479-9a05-d216-9f8a-543d9103b432.flac?X-Amz-Algorithm=AWS4-HMAC-SHA256&X-Amz-Content-Sha256=UNSIGNED-PAYLOAD&X-Amz-Credential=AKIA45B7YWBX5HAZMGOU%2F20260223%2Feu-west-1%2Fs3%2Faws4_request&X-Amz-Date=20260223T000637Z&X-Amz-Expires=604800&X-Amz-Signature=41730790ba28688730d1a163eb88c5e8a5414f1e7bc9d47b895d9699401eaab3&X-Amz-SignedHeaders=host&response-content-disposition=attachment%3B%20filename%3D6b646479-9a05-d216-9f8a-543d9103b432.flac&x-id=GetObject,0.329648912,4455
CRam-2019-03-23_20-00.flac,2019 Creed Road,2019,3,23,20,0,Pseudacris regilla,Common Song,5.066666603,5.472000122,1688,3281,24000,present,https://rfcx-streams-production.s3.eu-west-1.amazonaws.com/2019/03/23/rb003d0w2tap/3bfc0291-57e2-4d2a-5722-7481fe93b48e.flac?X-Amz-Algorithm=AWS4-HMAC-SHA256&X-Amz-Content-Sha256=UNSIGNED-PAYLOAD&X-Amz-Credential=AKIA45B7YWBX5HAZMGOU%2F20260223%2Feu-west-1%2Fs3%2Faws4_request&X-Amz-Date=20260223T000633Z&X-Amz-Expires=604800&X-Amz-Signature=ce25e22ac226afe202f1307a1145403e5d4e1104914ffd159b193a89f523988e&X-Amz-SignedHeaders=host&response-content-disposition=attachment%3B%20filename%3D3bfc0291-57e2-4d2a-5722-7481fe93b48e.flac&x-id=GetObject,0.331931353,4455
CRam-2019-03-23_20-20.flac,2019 Creed Road,2019,3,23,20,20,Pseudacris regilla,Common Song,19.44533348,19.85066605,1688,3281,24000,present,https://rfcx-streams-production.s3.eu-west-1.amazonaws.com/2019/03/23/rb003d0w2tap/2d7c31d1-de3d-ba19-e7db-447bed8e167d.flac?X-Amz-Algorithm=AWS4-HMAC-SHA256&X-Amz-Content-Sha256=UNSIGNED-PAYLOAD&X-Amz-Credential=AKIA45B7YWBX5HAZMGOU%2F20260223%2Feu-west-1%2Fs3%2Faws4_request&X-Amz-Date=20260223T000637Z&X-Amz-Expires=604800&X-Amz-Signature=20f52d8158577f8b7850593f8ff7932d2f3a7c438606993f7efb7dc759549a88&X-Amz-SignedHeaders=host&response-content-disposition=attachment%3B%20filename%3D2d7c31d1-de3d-ba19-e7db-447bed8e167d.flac&x-id=GetObject,0.319897562,4455
CRam-2019-03-23_20-40.flac,2019 Creed Road,2019,3,23,20,40,Pseudacris regilla,Common Song,5.285333157,5.690666676,1688,3281,24000,present,https://rfcx-streams-production.s3.eu-west-1.amazonaws.com/2019/03/23/rb003d0w2tap/69b715ec-ee5f-a37b-9e6a-46ff70cac269.flac?X-Amz-Algorithm=AWS4-HMAC-SHA256&X-Amz-Content-Sha256=UNSIGNED-PAYLOAD&X-Amz-Credential=AKIA45B7YWBX5HAZMGOU%2F20260223%2Feu-west-1%2Fs3%2Faws4_request&X-Amz-Date=20260223T000637Z&X-Amz-Expires=604800&X-Amz-Signature=3e9c1153786466be4490d600473bdb6aca9c39ddbe61a62a9c5fe6975ff44cc6&X-Amz-SignedHeaders=host&response-content-disposition=attachment%3B%20filename%3D69b715ec-ee5f-a37b-9e6a-46ff70cac269.flac&x-id=GetObject,0.257109672,4455
CRam-2019-03-23_21-20.flac,2019 Creed Road,2019,3,23,21,20,Pseudacris regilla,Common Song,4.202666759,4.607999802,1688,3281,24000,present,https://rfcx-streams-production.s3.eu-west-1.amazonaws.com/2019/03/23/rb003d0w2tap/31203150-382a-2eef-14c9-22d91040dd6f.flac?X-Amz-Algorithm=AWS4-HMAC-SHA256&X-Amz-Content-Sha256=UNSIGNED-PAYLOAD&X-Amz-Credential=AKIA45B7YWBX5HAZMGOU%2F20260223%2Feu-west-1%2Fs3%2Faws4_request&X-Amz-Date=20260223T000637Z&X-Amz-Expires=604800&X-Amz-Signature=af0cc83f33ed328c3276f31b795ebab5ad94b22fc69dac84dc432018c3944c51&X-Amz-SignedHeaders=host&response-content-disposition=attachment%3B%20filename%3D31203150-382a-2eef-14c9-22d91040dd6f.flac&x-id=GetObject,0.206410587,4455
CRam-2019-03-23_21-40.flac,2019 Creed Road,2019,3,23,21,40,Pseudacris regilla,Common Song,43.47200012,43.87733459,1688,3281,24000,present,https://rfcx-streams-production.s3.eu-west-1.amazonaws.com/2019/03/23/rb003d0w2tap/e64306b9-929d-23bb-711b-b1d268dd7692.flac?X-Amz-Algorithm=AWS4-HMAC-SHA256&X-Amz-Content-Sha256=UNSIGNED-PAYLOAD&X-Amz-Credential=AKIA45B7YWBX5HAZMGOU%2F20260223%2Feu-west-1%2Fs3%2Faws4_request&X-Amz-Date=20260223T000637Z&X-Amz-Expires=604800&X-Amz-Signature=89d2e45789c4a1a355522de957d8ad61e9113d7fbf1acca103c140134e16b90c&X-Amz-SignedHeaders=host&response-content-disposition=attachment%3B%20filename%3De64306b9-929d-23bb-711b-b1d268dd7692.flac&x-id=GetObject,0.205837145,4455
CRam-2019-03-23_23-00.flac,2019 Creed Road,2019,3,23,23,0,Pseudacris regilla,Common Song,18.64533424,19.05066681,1688,3281,24000,present,https://rfcx-streams-production.s3.eu-west-1.amazonaws.com/2019/03/23/rb003d0w2tap/2d8cb950-a1ee-a32c-2a53-26edaa27ce41.flac?X-Amz-Algorithm=AWS4-HMAC-SHA256&X-Amz-Content-Sha256=UNSIGNED-PAYLOAD&X-Amz-Credential=AKIA45B7YWBX5HAZMGOU%2F20260223%2Feu-west-1%2Fs3%2Faws4_request&X-Amz-Date=20260223T000633Z&X-Amz-Expires=604800&X-Amz-Signature=b09c2698a74f0db9c4fed6bd81bd3ceea679abb2d83809c9ef0e58bfe8addc82&X-Amz-SignedHeaders=host&response-content-disposition=attachment%3B%20filename%3D2d8cb950-a1ee-a32c-2a53-26edaa27ce41.flac&x-id=GetObject,0.31243363,4455
CRam-2019-03-23_23-20.flac,2019 Creed Road,2019,3,23,23,20,Pseudacris regilla,Common Song,50.54933167,50.95466614,1688,3281,24000,present,https://rfcx-streams-production.s3.eu-west-1.amazonaws.com/2019/03/23/rb003d0w2tap/3c49d191-28b6-2688-ff50-bcfea2bafbe1.flac?X-Amz-Algorithm=AWS4-HMAC-SHA256&X-Amz-Content-Sha256=UNSIGNED-PAYLOAD&X-Amz-Credential=AKIA45B7YWBX5HAZMGOU%2F20260223%2Feu-west-1%2Fs3%2Faws4_request&X-Amz-Date=20260223T000637Z&X-Amz-Expires=604800&X-Amz-Signature=655e149f5796ee1dd2cfb06d54c6149ae90af375ec8c2558f55524b9bb0c7e2a&X-Amz-SignedHeaders=host&response-content-disposition=attachment%3B%20filename%3D3c49d191-28b6-2688-ff50-bcfea2bafbe1.flac&x-id=GetObject,0.231587484,4455
CRam-2019-03-23_23-40.flac,2019 Creed Road,2019,3,23,23,40,Pseudacris regilla,Common Song,13.16266632,13.56799984,1688,3281,24000,present,https://rfcx-streams-production.s3.eu-west-1.amazonaws.com/2019/03/23/rb003d0w2tap/6cfd6dee-2506-6780-b48b-d8344d910386.flac?X-Amz-Algorithm=AWS4-HMAC-SHA256&X-Amz-Content-Sha256=UNSIGNED-PAYLOAD&X-Amz-Credential=AKIA45B7YWBX5HAZMGOU%2F20260223%2Feu-west-1%2Fs3%2Faws4_request&X-Amz-Date=20260223T000637Z&X-Amz-Expires=604800&X-Amz-Signature=68e06530b8de02c2592334e71e19adfc9939d943858ef9b1ab435424ae80b636&X-Amz-SignedHeaders=host&response-content-disposition=attachment%3B%20filename%3D6cfd6dee-2506-6780-b48b-d8344d910386.flac&x-id=GetObject,0.26677382,4455
CRam-2019-03-24_00-00.flac,2019 Creed Road,2019,3,24,0,0,Pseudacris regilla,Common Song,58.50666809,58.91199875,1688,3281,24000,present,https://rfcx-streams-production.s3.eu-west-1.amazonaws.com/2019/03/23/rb003d0w2tap/26a8a848-7114-ea7d-276e-41cf5676575e.flac?X-Amz-Algorithm=AWS4-HMAC-SHA256&X-Amz-Content-Sha256=UNSIGNED-PAYLOAD&X-Amz-Credential=AKIA45B7YWBX5HAZMGOU%2F20260223%2Feu-west-1%2Fs3%2Faws4_request&X-Amz-Date=20260223T000633Z&X-Amz-Expires=604800&X-Amz-Signature=8c55e9f35bcb5b491b52d1d6c82ec70b524f52c4549b56f332d2c0738c0d8245&X-Amz-SignedHeaders=host&response-content-disposition=attachment%3B%20filename%3D26a8a848-7114-ea7d-276e-41cf5676575e.flac&x-id=GetObject,0.260836363,4455
CRam-2019-03-24_00-40.flac,2019 Creed Road,2019,3,24,0,40,Pseudacris regilla,Common Song,32.37866592,32.7840004,1688,3281,24000,present,https://rfcx-streams-production.s3.eu-west-1.amazonaws.com/2019/03/23/rb003d0w2tap/942bab6d-61e9-c435-3389-c3d9400c21dd.flac?X-Amz-Algorithm=AWS4-HMAC-SHA256&X-Amz-Content-Sha256=UNSIGNED-PAYLOAD&X-Amz-Credential=AKIA45B7YWBX5HAZMGOU%2F20260223%2Feu-west-1%2Fs3%2Faws4_request&X-Amz-Date=20260223T000637Z&X-Amz-Expires=604800&X-Amz-Signature=c347fc0131f5e6549c93da46ddf31c0cae1c86fc2dc5354148e7dcda1e9f1b4d&X-Amz-SignedHeaders=host&response-content-disposition=attachment%3B%20filename%3D942bab6d-61e9-c435-3389-c3d9400c21dd.flac&x-id=GetObject,0.281218946,4455
CRam-2019-03-24_01-00.flac,2019 Creed Road,2019,3,24,1,0,Pseudacris regilla,Common Song,49.62666702,50.0320015,1688,3281,24000,present,https://rfcx-streams-production.s3.eu-west-1.amazonaws.com/2019/03/23/rb003d0w2tap/0b4c81c7-1a6a-8365-3b0d-c96c3af57c68.flac?X-Amz-Algorithm=AWS4-HMAC-SHA256&X-Amz-Content-Sha256=UNSIGNED-PAYLOAD&X-Amz-Credential=AKIA45B7YWBX5HAZMGOU%2F20260223%2Feu-west-1%2Fs3%2Faws4_request&X-Amz-Date=20260223T000633Z&X-Amz-Expires=604800&X-Amz-Signature=c45d04850dc635d640387537e375bc9f65fc894f629b91735445266050ea920d&X-Amz-SignedHeaders=host&response-content-disposition=attachment%3B%20filename%3D0b4c81c7-1a6a-8365-3b0d-c96c3af57c68.flac&x-id=GetObject,0.486470133,4455
CRam-2019-03-24_01-20.flac,2019 Creed Road,2019,3,24,1,20,Pseudacris regilla,Common Song,19.55733299,19.96266747,1688,3281,24000,present,https://rfcx-streams-production.s3.eu-west-1.amazonaws.com/2019/03/23/rb003d0w2tap/30060096-2584-e6b8-bfb2-444b4fb10187.flac?X-Amz-Algorithm=AWS4-HMAC-SHA256&X-Amz-Content-Sha256=UNSIGNED-PAYLOAD&X-Amz-Credential=AKIA45B7YWBX5HAZMGOU%2F20260223%2Feu-west-1%2Fs3%2Faws4_request&X-Amz-Date=20260223T000637Z&X-Amz-Expires=604800&X-Amz-Signature=173175783525916f91670028588a47873149b6de5de1442dcc42d6a031cdd539&X-Amz-SignedHeaders=host&response-content-disposition=attachment%3B%20filename%3D30060096-2584-e6b8-bfb2-444b4fb10187.flac&x-id=GetObject,0.482293248,4455
CRam-2019-03-24_01-40.flac,2019 Creed Road,2019,3,24,1,40,Pseudacris regilla,Common Song,2.021333218,2.426666737,1688,3281,24000,present,https://rfcx-streams-production.s3.eu-west-1.amazonaws.com/2019/03/23/rb003d0w2tap/9c6020f9-da56-8a18-41e9-90490efb0157.flac?X-Amz-Algorithm=AWS4-HMAC-SHA256&X-Amz-Content-Sha256=UNSIGNED-PAYLOAD&X-Amz-Credential=AKIA45B7YWBX5HAZMGOU%2F20260223%2Feu-west-1%2Fs3%2Faws4_request&X-Amz-Date=20260223T000637Z&X-Amz-Expires=604800&X-Amz-Signature=77334f23d118a288ba2af3c169a2cb8ec5b12f6df7c775aa3b560b0383c90b56&X-Amz-SignedHeaders=host&response-content-disposition=attachment%3B%20filename%3D9c6020f9-da56-8a18-41e9-90490efb0157.flac&x-id=GetObject,0.422535568,4455
CRam-2019-03-24_02-00.flac,2019 Creed Road,2019,3,24,2,0,Pseudacris regilla,Common Song,54.60266495,55.00799942,1688,3281,24000,present,https://rfcx-streams-production.s3.eu-west-1.amazonaws.com/2019/03/23/rb003d0w2tap/6b8fb1af-0c94-d300-655e-563371d8de53.flac?X-Amz-Algorithm=AWS4-HMAC-SHA256&X-Amz-Content-Sha256=UNSIGNED-PAYLOAD&X-Amz-Credential=AKIA45B7YWBX5HAZMGOU%2F20260223%2Feu-west-1%2Fs3%2Faws4_request&X-Amz-Date=20260223T000633Z&X-Amz-Expires=604800&X-Amz-Signature=0e9d19a847371be3de3c9e0c82beb0482ea408388388aae6323677cf4e3672ff&X-Amz-SignedHeaders=host&response-content-disposition=attachment%3B%20filename%3D6b8fb1af-0c94-d300-655e-563371d8de53.flac&x-id=GetObject,0.484649152,4455
CRam-2019-03-24_02-20.flac,2019 Creed Road,2019,3,24,2,20,Pseudacris regilla,Common Song,57.8133316,58.21866608,1688,3281,24000,present,https://rfcx-streams-production.s3.eu-west-1.amazonaws.com/2019/03/23/rb003d0w2tap/514b72aa-64c0-19f8-6d81-05b2689fac87.flac?X-Amz-Algorithm=AWS4-HMAC-SHA256&X-Amz-Content-Sha256=UNSIGNED-PAYLOAD&X-Amz-Credential=AKIA45B7YWBX5HAZMGOU%2F20260223%2Feu-west-1%2Fs3%2Faws4_request&X-Amz-Date=20260223T000637Z&X-Amz-Expires=604800&X-Amz-Signature=2f0aa5411fe6eb8d427b40f544314eaf6e2ea80ef42719e15d7372bfdd6f676a&X-Amz-SignedHeaders=host&response-content-disposition=attachment%3B%20filename%3D514b72aa-64c0-19f8-6d81-05b2689fac87.flac&x-id=GetObject,0.32897079,4455
CRam-2019-03-24_02-40.flac,2019 Creed Road,2019,3,24,2,40,Pseudacris regilla,Common Song,59.2159996,59.62133408,1688,3281,24000,present,https://rfcx-streams-production.s3.eu-west-1.amazonaws.com/2019/03/23/rb003d0w2tap/c8e5ecbe-1c67-ce05-cafe-3172f9fe2ff7.flac?X-Amz-Algorithm=AWS4-HMAC-SHA256&X-Amz-Content-Sha256=UNSIGNED-PAYLOAD&X-Amz-Credential=AKIA45B7YWBX5HAZMGOU%2F20260223%2Feu-west-1%2Fs3%2Faws4_request&X-Amz-Date=20260223T000637Z&X-Amz-Expires=604800&X-Amz-Signature=177937ddbeca624656b0ef61fa1b32a1fec23dfbade73b14e848713ac8ae2d29&X-Amz-SignedHeaders=host&response-content-disposition=attachment%3B%20filename%3Dc8e5ecbe-1c67-ce05-cafe-3172f9fe2ff7.flac&x-id=GetObject,0.296578526,4455
CRam-2019-03-24_03-40.flac,2019 Creed Road,2019,3,24,3,40,Pseudacris regilla,Common Song,36.22399902,36.6293335,1688,3281,24000,present,https://rfcx-streams-production.s3.eu-west-1.amazonaws.com/2019/03/23/rb003d0w2tap/cb77e3ac-7afb-0a59-ba4a-4e85c8743e50.flac?X-Amz-Algorithm=AWS4-HMAC-SHA256&X-Amz-Content-Sha256=UNSIGNED-PAYLOAD&X-Amz-Credential=AKIA45B7YWBX5HAZMGOU%2F20260223%2Feu-west-1%2Fs3%2Faws4_request&X-Amz-Date=20260223T000637Z&X-Amz-Expires=604800&X-Amz-Signature=b0eed6c77830b24d7890fa15463944ec0400437151839f8de245608053362e0c&X-Amz-SignedHeaders=host&response-content-disposition=attachment%3B%20filename%3Dcb77e3ac-7afb-0a59-ba4a-4e85c8743e50.flac&x-id=GetObject,0.359094203,4455
CRam-2019-03-24_04-00.flac,2019 Creed Road,2019,3,24,4,0,Pseudacris regilla,Common Song,34.04800034,34.45333481,1688,3281,24000,present,https://rfcx-streams-production.s3.eu-west-1.amazonaws.com/2019/03/23/rb003d0w2tap/ffc4b90d-cac0-afce-7b75-a3c86cf9064a.flac?X-Amz-Algorithm=AWS4-HMAC-SHA256&X-Amz-Content-Sha256=UNSIGNED-PAYLOAD&X-Amz-Credential=AKIA45B7YWBX5HAZMGOU%2F20260223%2Feu-west-1%2Fs3%2Faws4_request&X-Amz-Date=20260223T000633Z&X-Amz-Expires=604800&X-Amz-Signature=7eb8612133cfb2c4943a3548227684dca0263904b7e5ce69437ae0bdfb00a0f2&X-Amz-SignedHeaders=host&response-content-disposition=attachment%3B%20filename%3Dffc4b90d-cac0-afce-7b75-a3c86cf9064a.flac&x-id=GetObject,0.295338541,4455
CRam-2019-03-24_20-00.flac,2019 Creed Road,2019,3,24,20,0,Pseudacris regilla,Common Song,35.76533508,36.17066574,1688,3281,24000,present,https://rfcx-streams-production.s3.eu-west-1.amazonaws.com/2019/03/24/rb003d0w2tap/e7d00e6c-8f38-27bc-f7cf-9203a07bfa93.flac?X-Amz-Algorithm=AWS4-HMAC-SHA256&X-Amz-Content-Sha256=UNSIGNED-PAYLOAD&X-Amz-Credential=AKIA45B7YWBX5HAZMGOU%2F20260223%2Feu-west-1%2Fs3%2Faws4_request&X-Amz-Date=20260223T000633Z&X-Amz-Expires=604800&X-Amz-Signature=c993f2e04452bdee9c7be09ee78efa82747f144a84ab436e763c857f5f6e7a94&X-Amz-SignedHeaders=host&response-content-disposition=attachment%3B%20filename%3De7d00e6c-8f38-27bc-f7cf-9203a07bfa93.flac&x-id=GetObject,0.325704753,4455
CRam-2019-03-24_20-20.flac,2019 Creed Road,2019,3,24,20,20,Pseudacris regilla,Common Song,30.41066742,30.81599998,1688,3281,24000,present,https://rfcx-streams-production.s3.eu-west-1.amazonaws.com/2019/03/24/rb003d0w2tap/41d2eb4a-2d3f-dbe4-3203-59ec3dcfd613.flac?X-Amz-Algorithm=AWS4-HMAC-SHA256&X-Amz-Content-Sha256=UNSIGNED-PAYLOAD&X-Amz-Credential=AKIA45B7YWBX5HAZMGOU%2F20260223%2Feu-west-1%2Fs3%2Faws4_request&X-Amz-Date=20260223T000638Z&X-Amz-Expires=604800&X-Amz-Signature=fd565b878aa811ba25b7e0d65c7607a3b24c52b8aa2cbf9cbc38441f51da1dc9&X-Amz-SignedHeaders=host&response-content-disposition=attachment%3B%20filename%3D41d2eb4a-2d3f-dbe4-3203-59ec3dcfd613.flac&x-id=GetObject,0.366967708,4455
CRam-2019-03-24_20-40.flac,2019 Creed Road,2019,3,24,20,40,Pseudacris regilla,Common Song,54.0320015,54.43733215,1688,3281,24000,present,https://rfcx-streams-production.s3.eu-west-1.amazonaws.com/2019/03/24/rb003d0w2tap/fd5b6c89-03c2-80be-91bd-9f7c06f5bee5.flac?X-Amz-Algorithm=AWS4-HMAC-SHA256&X-Amz-Content-Sha256=UNSIGNED-PAYLOAD&X-Amz-Credential=AKIA45B7YWBX5HAZMGOU%2F20260223%2Feu-west-1%2Fs3%2Faws4_request&X-Amz-Date=20260223T000638Z&X-Amz-Expires=604800&X-Amz-Signature=865537e415221c9ecf1506d5ed09c6249f0df636adec529a292ded4c01ed1610&X-Amz-SignedHeaders=host&response-content-disposition=attachment%3B%20filename%3Dfd5b6c89-03c2-80be-91bd-9f7c06f5bee5.flac&x-id=GetObject,0.305049896,4455
CRam-2019-03-24_21-00.flac,2019 Creed Road,2019,3,24,21,0,Pseudacris regilla,Common Song,20.84799957,21.25333405,1688,3281,24000,present,https://rfcx-streams-production.s3.eu-west-1.amazonaws.com/2019/03/24/rb003d0w2tap/efb345f3-607d-02c7-9847-919620b65b13.flac?X-Amz-Algorithm=AWS4-HMAC-SHA256&X-Amz-Content-Sha256=UNSIGNED-PAYLOAD&X-Amz-Credential=AKIA45B7YWBX5HAZMGOU%2F20260223%2Feu-west-1%2Fs3%2Faws4_request&X-Amz-Date=20260223T000633Z&X-Amz-Expires=604800&X-Amz-Signature=b336e8f77bf3f88a7ceccf7f75b0f476d4d86a6018ea7939b9815ec170241fd1&X-Amz-SignedHeaders=host&response-content-disposition=attachment%3B%20filename%3Defb345f3-607d-02c7-9847-919620b65b13.flac&x-id=GetObject,0.402811646,4455
CRam-2019-03-24_21-20.flac,2019 Creed Road,2019,3,24,21,20,Pseudacris regilla,Common Song,32.57600021,32.98133469,1688,3281,24000,present,https://rfcx-streams-production.s3.eu-west-1.amazonaws.com/2019/03/24/rb003d0w2tap/dbdca9a0-489d-4902-0191-63761c15ff1a.flac?X-Amz-Algorithm=AWS4-HMAC-SHA256&X-Amz-Content-Sha256=UNSIGNED-PAYLOAD&X-Amz-Credential=AKIA45B7YWBX5HAZMGOU%2F20260223%2Feu-west-1%2Fs3%2Faws4_request&X-Amz-Date=20260223T000638Z&X-Amz-Expires=604800&X-Amz-Signature=18254a7e9167e064203504f52035d4b066c4cb3ab831c3f44119806774492229&X-Amz-SignedHeaders=host&response-content-disposition=attachment%3B%20filename%3Ddbdca9a0-489d-4902-0191-63761c15ff1a.flac&x-id=GetObject,0.383031309,4455
CRam-2019-03-24_21-40.flac,2019 Creed Road,2019,3,24,21,40,Pseudacris regilla,Common Song,54.4426651,54.84799957,1688,3281,24000,present,https://rfcx-streams-production.s3.eu-west-1.amazonaws.com/2019/03/24/rb003d0w2tap/cffeb37d-3d44-e891-11a0-3f412dcf7482.flac?X-Amz-Algorithm=AWS4-HMAC-SHA256&X-Amz-Content-Sha256=UNSIGNED-PAYLOAD&X-Amz-Credential=AKIA45B7YWBX5HAZMGOU%2F20260223%2Feu-west-1%2Fs3%2Faws4_request&X-Amz-Date=20260223T000638Z&X-Amz-Expires=604800&X-Amz-Signature=95e9c31c040d4edf6477f7bfe8b778d9f8fe756d18cb5560308adf9209dd74ea&X-Amz-SignedHeaders=host&response-content-disposition=attachment%3B%20filename%3Dcffeb37d-3d44-e891-11a0-3f412dcf7482.flac&x-id=GetObject,0.366443694,4455
CRam-2019-03-24_22-00.flac,2019 Creed Road,2019,3,24,22,0,Pseudacris regilla,Common Song,46.66133499,47.06666565,1688,3281,24000,present,https://rfcx-streams-production.s3.eu-west-1.amazonaws.com/2019/03/24/rb003d0w2tap/385801cf-79a9-1578-1d1a-701cbfb1b270.flac?X-Amz-Algorithm=AWS4-HMAC-SHA256&X-Amz-Content-Sha256=UNSIGNED-PAYLOAD&X-Amz-Credential=AKIA45B7YWBX5HAZMGOU%2F20260223%2Feu-west-1%2Fs3%2Faws4_request&X-Amz-Date=20260223T000633Z&X-Amz-Expires=604800&X-Amz-Signature=4de579c9b819936aa2d68fa0b02b98fe8b3618fb2d62ad097fb55d28f055d40b&X-Amz-SignedHeaders=host&response-content-disposition=attachment%3B%20filename%3D385801cf-79a9-1578-1d1a-701cbfb1b270.flac&x-id=GetObject,0.335401148,4455
CRam-2019-03-24_22-20.flac,2019 Creed Road,2019,3,24,22,20,Pseudacris regilla,Common Song,47.49333191,47.89866638,1688,3281,24000,present,https://rfcx-streams-production.s3.eu-west-1.amazonaws.com/2019/03/24/rb003d0w2tap/09d37e78-71b3-a788-a4cb-14c7c6e37f7b.flac?X-Amz-Algorithm=AWS4-HMAC-SHA256&X-Amz-Content-Sha256=UNSIGNED-PAYLOAD&X-Amz-Credential=AKIA45B7YWBX5HAZMGOU%2F20260223%2Feu-west-1%2Fs3%2Faws4_request&X-Amz-Date=20260223T000638Z&X-Amz-Expires=604800&X-Amz-Signature=28a6d882a023d2365b6040087a8e8e306cdd00d533d20cf1348e84667e1eaf39&X-Amz-SignedHeaders=host&response-content-disposition=attachment%3B%20filename%3D09d37e78-71b3-a788-a4cb-14c7c6e37f7b.flac&x-id=GetObject,0.376878649,4455
CRam-2019-03-24_22-40.flac,2019 Creed Road,2019,3,24,22,40,Pseudacris regilla,Common Song,11.77600002,12.18133354,1688,3281,24000,present,https://rfcx-streams-production.s3.eu-west-1.amazonaws.com/2019/03/24/rb003d0w2tap/a3970bfe-732b-291c-b03b-426a46045761.flac?X-Amz-Algorithm=AWS4-HMAC-SHA256&X-Amz-Content-Sha256=UNSIGNED-PAYLOAD&X-Amz-Credential=AKIA45B7YWBX5HAZMGOU%2F20260223%2Feu-west-1%2Fs3%2Faws4_request&X-Amz-Date=20260223T000638Z&X-Amz-Expires=604800&X-Amz-Signature=b3ed1a3e1945ce223ccb1fc742ef8f3d003561ff95816505b98d69aa351f54fb&X-Amz-SignedHeaders=host&response-content-disposition=attachment%3B%20filename%3Da3970bfe-732b-291c-b03b-426a46045761.flac&x-id=GetObject,0.534924209,4455
CRam-2019-03-24_23-00.flac,2019 Creed Road,2019,3,24,23,0,Pseudacris regilla,Common Song,55.15200043,55.5573349,1688,3281,24000,present,https://rfcx-streams-production.s3.eu-west-1.amazonaws.com/2019/03/24/rb003d0w2tap/8b4b4731-12f3-8c90-11bf-a8723f66c7d4.flac?X-Amz-Algorithm=AWS4-HMAC-SHA256&X-Amz-Content-Sha256=UNSIGNED-PAYLOAD&X-Amz-Credential=AKIA45B7YWBX5HAZMGOU%2F20260223%2Feu-west-1%2Fs3%2Faws4_request&X-Amz-Date=20260223T000633Z&X-Amz-Expires=604800&X-Amz-Signature=e3a3bdd582fda2fe91914400b47fe0d7724e891964a0909c051b946beed8e6d8&X-Amz-SignedHeaders=host&response-content-disposition=attachment%3B%20filename%3D8b4b4731-12f3-8c90-11bf-a8723f66c7d4.flac&x-id=GetObject,0.429579616,4455
CRam-2019-03-24_23-20.flac,2019 Creed Road,2019,3,24,23,20,Pseudacris regilla,Common Song,31.701334,32.10666656,1688,3281,24000,present,https://rfcx-streams-production.s3.eu-west-1.amazonaws.com/2019/03/24/rb003d0w2tap/316a52c5-93e0-ab13-f866-e8b198844631.flac?X-Amz-Algorithm=AWS4-HMAC-SHA256&X-Amz-Content-Sha256=UNSIGNED-PAYLOAD&X-Amz-Credential=AKIA45B7YWBX5HAZMGOU%2F20260223%2Feu-west-1%2Fs3%2Faws4_request&X-Amz-Date=20260223T000638Z&X-Amz-Expires=604800&X-Amz-Signature=c929f7710ec09e0ae451d3c3711b5d92595c36ccf4fc2d76dbf9caa362e799ed&X-Amz-SignedHeaders=host&response-content-disposition=attachment%3B%20filename%3D316a52c5-93e0-ab13-f866-e8b198844631.flac&x-id=GetObject,0.389531553,4455
CRam-2019-03-24_23-40.flac,2019 Creed Road,2019,3,24,23,40,Pseudacris regilla,Common Song,12.1546669,12.56000042,1688,3281,24000,present,https://rfcx-streams-production.s3.eu-west-1.amazonaws.com/2019/03/24/rb003d0w2tap/0bcc7e8b-9d97-eef2-52a5-a1d6ce373ea6.flac?X-Amz-Algorithm=AWS4-HMAC-SHA256&X-Amz-Content-Sha256=UNSIGNED-PAYLOAD&X-Amz-Credential=AKIA45B7YWBX5HAZMGOU%2F20260223%2Feu-west-1%2Fs3%2Faws4_request&X-Amz-Date=20260223T000638Z&X-Amz-Expires=604800&X-Amz-Signature=a746c61b7ec2b3371d9b148bf68202264420ae717fb20e4ede88fd9d41fd81b5&X-Amz-SignedHeaders=host&response-content-disposition=attachment%3B%20filename%3D0bcc7e8b-9d97-eef2-52a5-a1d6ce373ea6.flac&x-id=GetObject,0.417215019,4455
CRam-2019-03-25_00-00.flac,2019 Creed Road,2019,3,25,0,0,Pseudacris regilla,Common Song,12.01066685,12.41600037,1688,3281,24000,present,https://rfcx-streams-production.s3.eu-west-1.amazonaws.com/2019/03/24/rb003d0w2tap/823678ef-fd47-2df6-672c-36d0fc0010fe.flac?X-Amz-Algorithm=AWS4-HMAC-SHA256&X-Amz-Content-Sha256=UNSIGNED-PAYLOAD&X-Amz-Credential=AKIA45B7YWBX5HAZMGOU%2F20260223%2Feu-west-1%2Fs3%2Faws4_request&X-Amz-Date=20260223T000633Z&X-Amz-Expires=604800&X-Amz-Signature=1613f242746c2cede0b1fb9d9a78124bf14ca44ebd5068c6ce9a7dc21539814d&X-Amz-SignedHeaders=host&response-content-disposition=attachment%3B%20filename%3D823678ef-fd47-2df6-672c-36d0fc0010fe.flac&x-id=GetObject,0.436927497,4455
CRam-2019-03-25_00-20.flac,2019 Creed Road,2019,3,25,0,20,Pseudacris regilla,Common Song,24.20800018,24.61333275,1688,3281,24000,present,https://rfcx-streams-production.s3.eu-west-1.amazonaws.com/2019/03/24/rb003d0w2tap/00c6de8b-f5d4-1dfb-8597-fba4908e5175.flac?X-Amz-Algorithm=AWS4-HMAC-SHA256&X-Amz-Content-Sha256=UNSIGNED-PAYLOAD&X-Amz-Credential=AKIA45B7YWBX5HAZMGOU%2F20260223%2Feu-west-1%2Fs3%2Faws4_request&X-Amz-Date=20260223T000638Z&X-Amz-Expires=604800&X-Amz-Signature=5e9970a8a1472c2b5d7cf657bd1db2d2e0381d8b8768f9c4f730d71d6d96e133&X-Amz-SignedHeaders=host&response-content-disposition=attachment%3B%20filename%3D00c6de8b-f5d4-1dfb-8597-fba4908e5175.flac&x-id=GetObject,0.487119168,4455
CRam-2019-03-25_00-40.flac,2019 Creed Road,2019,3,25,0,40,Pseudacris regilla,Common Song,20.11199951,20.51733398,1688,3281,24000,present,https://rfcx-streams-production.s3.eu-west-1.amazonaws.com/2019/03/24/rb003d0w2tap/f4189f4e-418e-5b32-6b3f-05ea836e4b3e.flac?X-Amz-Algorithm=AWS4-HMAC-SHA256&X-Amz-Content-Sha256=UNSIGNED-PAYLOAD&X-Amz-Credential=AKIA45B7YWBX5HAZMGOU%2F20260223%2Feu-west-1%2Fs3%2Faws4_request&X-Amz-Date=20260223T000638Z&X-Amz-Expires=604800&X-Amz-Signature=f48b0fdacc3cce34a028e9c26d90adc4a9fb948ced088886d40470f09ffc611b&X-Amz-SignedHeaders=host&response-content-disposition=attachment%3B%20filename%3Df4189f4e-418e-5b32-6b3f-05ea836e4b3e.flac&x-id=GetObject,0.441344678,4455
CRam-2019-03-25_01-00.flac,2019 Creed Road,2019,3,25,1,0,Pseudacris regilla,Common Song,54.51733398,54.92266846,1688,3281,24000,present,https://rfcx-streams-production.s3.eu-west-1.amazonaws.com/2019/03/24/rb003d0w2tap/a423b281-86cc-e216-3392-0afc41d4cdec.flac?X-Amz-Algorithm=AWS4-HMAC-SHA256&X-Amz-Content-Sha256=UNSIGNED-PAYLOAD&X-Amz-Credential=AKIA45B7YWBX5HAZMGOU%2F20260223%2Feu-west-1%2Fs3%2Faws4_request&X-Amz-Date=20260223T000633Z&X-Amz-Expires=604800&X-Amz-Signature=2f42438d93fb6ec35d1c05cd254809299765b69c84fe018576067d484e79804f&X-Amz-SignedHeaders=host&response-content-disposition=attachment%3B%20filename%3Da423b281-86cc-e216-3392-0afc41d4cdec.flac&x-id=GetObject,0.492902309,4455
CRam-2019-03-25_01-20.flac,2019 Creed Road,2019,3,25,1,20,Pseudacris regilla,Common Song,4.010666847,4.415999889,1688,3281,24000,present,https://rfcx-streams-production.s3.eu-west-1.amazonaws.com/2019/03/24/rb003d0w2tap/c23041ab-5168-d6f1-8fe9-97c8aefa3ee0.flac?X-Amz-Algorithm=AWS4-HMAC-SHA256&X-Amz-Content-Sha256=UNSIGNED-PAYLOAD&X-Amz-Credential=AKIA45B7YWBX5HAZMGOU%2F20260223%2Feu-west-1%2Fs3%2Faws4_request&X-Amz-Date=20260223T000638Z&X-Amz-Expires=604800&X-Amz-Signature=65df3801b24263260f5e72e41afc546f2199052d07b66785c527a45bad1da845&X-Amz-SignedHeaders=host&response-content-disposition=attachment%3B%20filename%3Dc23041ab-5168-d6f1-8fe9-97c8aefa3ee0.flac&x-id=GetObject,0.38371703,4455
CRam-2019-03-25_01-40.flac,2019 Creed Road,2019,3,25,1,40,Pseudacris regilla,Common Song,57.03466797,57.43999863,1688,3281,24000,present,https://rfcx-streams-production.s3.eu-west-1.amazonaws.com/2019/03/24/rb003d0w2tap/28044848-d8b6-aeee-50fd-595c62e2b9f4.flac?X-Amz-Algorithm=AWS4-HMAC-SHA256&X-Amz-Content-Sha256=UNSIGNED-PAYLOAD&X-Amz-Credential=AKIA45B7YWBX5HAZMGOU%2F20260223%2Feu-west-1%2Fs3%2Faws4_request&X-Amz-Date=20260223T000638Z&X-Amz-Expires=604800&X-Amz-Signature=94deed999eab715680d58d238458b44b62153ffb1c63af2cb29a9ef3a319b297&X-Amz-SignedHeaders=host&response-content-disposition=attachment%3B%20filename%3D28044848-d8b6-aeee-50fd-595c62e2b9f4.flac&x-id=GetObject,0.449062854,4455
CRam-2019-03-25_02-00.flac,2019 Creed Road,2019,3,25,2,0,Pseudacris regilla,Common Song,58.89066696,59.29600143,1688,3281,24000,present,https://rfcx-streams-production.s3.eu-west-1.amazonaws.com/2019/03/24/rb003d0w2tap/c07607cd-37f9-e0bf-50e2-1f84a4f55eeb.flac?X-Amz-Algorithm=AWS4-HMAC-SHA256&X-Amz-Content-Sha256=UNSIGNED-PAYLOAD&X-Amz-Credential=AKIA45B7YWBX5HAZMGOU%2F20260223%2Feu-west-1%2Fs3%2Faws4_request&X-Amz-Date=20260223T000633Z&X-Amz-Expires=604800&X-Amz-Signature=6a83cde1d0208ff927240fcba767d4929991a2a8e653b41741bbab80f9b0be04&X-Amz-SignedHeaders=host&response-content-disposition=attachment%3B%20filename%3Dc07607cd-37f9-e0bf-50e2-1f84a4f55eeb.flac&x-id=GetObject,0.429012001,4455
CRam-2019-03-25_02-20.flac,2019 Creed Road,2019,3,25,2,20,Pseudacris regilla,Common Song,27.90933418,28.31466675,1688,3281,24000,present,https://rfcx-streams-production.s3.eu-west-1.amazonaws.com/2019/03/24/rb003d0w2tap/41af2138-6918-0ddc-9485-d4ae68ae3a80.flac?X-Amz-Algorithm=AWS4-HMAC-SHA256&X-Amz-Content-Sha256=UNSIGNED-PAYLOAD&X-Amz-Credential=AKIA45B7YWBX5HAZMGOU%2F20260223%2Feu-west-1%2Fs3%2Faws4_request&X-Amz-Date=20260223T000638Z&X-Amz-Expires=604800&X-Amz-Signature=ee438cba54a4119b7744301f0e525b009c9089a4502250bd06c670ffd7ce910b&X-Amz-SignedHeaders=host&response-content-disposition=attachment%3B%20filename%3D41af2138-6918-0ddc-9485-d4ae68ae3a80.flac&x-id=GetObject,0.48484692,4455
CRam-2019-03-25_02-40.flac,2019 Creed Road,2019,3,25,2,40,Pseudacris regilla,Common Song,0.725333333,1.130666614,1688,3281,24000,present,https://rfcx-streams-production.s3.eu-west-1.amazonaws.com/2019/03/24/rb003d0w2tap/30223826-4337-5888-522d-a81c2900c9e9.flac?X-Amz-Algorithm=AWS4-HMAC-SHA256&X-Amz-Content-Sha256=UNSIGNED-PAYLOAD&X-Amz-Credential=AKIA45B7YWBX5HAZMGOU%2F20260223%2Feu-west-1%2Fs3%2Faws4_request&X-Amz-Date=20260223T000638Z&X-Amz-Expires=604800&X-Amz-Signature=3f713443d801504e0a99c61fb4b2f3a99bb8f5a1221c131c5e6be3c045bf4a08&X-Amz-SignedHeaders=host&response-content-disposition=attachment%3B%20filename%3D30223826-4337-5888-522d-a81c2900c9e9.flac&x-id=GetObject,0.520908713,4455
CRam-2019-03-25_03-00.flac,2019 Creed Road,2019,3,25,3,0,Pseudacris regilla,Common Song,2.010666609,2.415999889,1688,3281,24000,present,https://rfcx-streams-production.s3.eu-west-1.amazonaws.com/2019/03/24/rb003d0w2tap/1de23c41-b23e-60ef-d0eb-bbe69a6a999a.flac?X-Amz-Algorithm=AWS4-HMAC-SHA256&X-Amz-Content-Sha256=UNSIGNED-PAYLOAD&X-Amz-Credential=AKIA45B7YWBX5HAZMGOU%2F20260223%2Feu-west-1%2Fs3%2Faws4_request&X-Amz-Date=20260223T000633Z&X-Amz-Expires=604800&X-Amz-Signature=d1055ce2e6a79352ae25abf95874b628aae9b561cecec0f455c1e85f7db1788b&X-Amz-SignedHeaders=host&response-content-disposition=attachment%3B%20filename%3D1de23c41-b23e-60ef-d0eb-bbe69a6a999a.flac&x-id=GetObject,0.390122205,4455
CRam-2019-03-25_03-20.flac,2019 Creed Road,2019,3,25,3,20,Pseudacris regilla,Common Song,57.65866852,58.06399918,1688,3281,24000,present,https://rfcx-streams-production.s3.eu-west-1.amazonaws.com/2019/03/24/rb003d0w2tap/6029fd19-692c-6863-5917-275b8fcb0054.flac?X-Amz-Algorithm=AWS4-HMAC-SHA256&X-Amz-Content-Sha256=UNSIGNED-PAYLOAD&X-Amz-Credential=AKIA45B7YWBX5HAZMGOU%2F20260223%2Feu-west-1%2Fs3%2Faws4_request&X-Amz-Date=20260223T000638Z&X-Amz-Expires=604800&X-Amz-Signature=bfb9ead4aa7aa2a9d9bc31bb2f54e5a5ffd3b7ac169fbb83562f8b08e7d63af6&X-Amz-SignedHeaders=host&response-content-disposition=attachment%3B%20filename%3D6029fd19-692c-6863-5917-275b8fcb0054.flac&x-id=GetObject,0.319259673,4455
CRam-2019-03-25_03-40.flac,2019 Creed Road,2019,3,25,3,40,Pseudacris regilla,Common Song,13.52000046,13.92533302,1688,3281,24000,present,https://rfcx-streams-production.s3.eu-west-1.amazonaws.com/2019/03/24/rb003d0w2tap/f64aebb7-8e5c-ec6e-f818-12e744f33e71.flac?X-Amz-Algorithm=AWS4-HMAC-SHA256&X-Amz-Content-Sha256=UNSIGNED-PAYLOAD&X-Amz-Credential=AKIA45B7YWBX5HAZMGOU%2F20260223%2Feu-west-1%2Fs3%2Faws4_request&X-Amz-Date=20260223T000638Z&X-Amz-Expires=604800&X-Amz-Signature=0949e1574aea8d4870d8c129ba56e633341a314dc1634b509c4baba7d0c4e627&X-Amz-SignedHeaders=host&response-content-disposition=attachment%3B%20filename%3Df64aebb7-8e5c-ec6e-f818-12e744f33e71.flac&x-id=GetObject,0.318650126,4455
CRam-2019-03-25_04-00.flac,2019 Creed Road,2019,3,25,4,0,Pseudacris regilla,Common Song,5.205333233,5.610666752,1688,3281,24000,present,https://rfcx-streams-production.s3.eu-west-1.amazonaws.com/2019/03/24/rb003d0w2tap/9aa00d39-489e-0cf6-d64a-841656ee99da.flac?X-Amz-Algorithm=AWS4-HMAC-SHA256&X-Amz-Content-Sha256=UNSIGNED-PAYLOAD&X-Amz-Credential=AKIA45B7YWBX5HAZMGOU%2F20260223%2Feu-west-1%2Fs3%2Faws4_request&X-Amz-Date=20260223T000633Z&X-Amz-Expires=604800&X-Amz-Signature=85b41cc84ab2f8b7ff16231f23e7bed0b3f542cd59a9ba36a7bf41ee175a36f2&X-Amz-SignedHeaders=host&response-content-disposition=attachment%3B%20filename%3D9aa00d39-489e-0cf6-d64a-841656ee99da.flac&x-id=GetObject,0.37786153,4455
CRam-2019-03-25_21-20.flac,2019 Creed Road,2019,3,25,21,20,Pseudacris regilla,Common Song,51.95733261,52.36266708,1688,3281,24000,present,https://rfcx-streams-production.s3.eu-west-1.amazonaws.com/2019/03/25/rb003d0w2tap/5933ef9b-df59-30c0-041d-64a1a72a9880.flac?X-Amz-Algorithm=AWS4-HMAC-SHA256&X-Amz-Content-Sha256=UNSIGNED-PAYLOAD&X-Amz-Credential=AKIA45B7YWBX5HAZMGOU%2F20260223%2Feu-west-1%2Fs3%2Faws4_request&X-Amz-Date=20260223T000638Z&X-Amz-Expires=604800&X-Amz-Signature=ab6c14e0a0b17cb4c020a397142dfd9ef6ce19ca2fac79f696eb93829d5f7acd&X-Amz-SignedHeaders=host&response-content-disposition=attachment%3B%20filename%3D5933ef9b-df59-30c0-041d-64a1a72a9880.flac&x-id=GetObject,0.282272756,4455
CRam-2019-03-25_22-20.flac,2019 Creed Road,2019,3,25,22,20,Pseudacris regilla,Common Song,20.35199928,20.75733376,1688,3281,24000,present,https://rfcx-streams-production.s3.eu-west-1.amazonaws.com/2019/03/25/rb003d0w2tap/4e815724-ea04-0b43-7f0c-6a59f6e92e44.flac?X-Amz-Algorithm=AWS4-HMAC-SHA256&X-Amz-Content-Sha256=UNSIGNED-PAYLOAD&X-Amz-Credential=AKIA45B7YWBX5HAZMGOU%2F20260223%2Feu-west-1%2Fs3%2Faws4_request&X-Amz-Date=20260223T000638Z&X-Amz-Expires=604800&X-Amz-Signature=856249b3e9647a91353df70bb6da92491496e53a83f589c94d105b2a9fc3b756&X-Amz-SignedHeaders=host&response-content-disposition=attachment%3B%20filename%3D4e815724-ea04-0b43-7f0c-6a59f6e92e44.flac&x-id=GetObject,0.272527784,4455
CRam-2019-03-25_22-40.flac,2019 Creed Road,2019,3,25,22,40,Pseudacris regilla,Common Song,48.9280014,49.33333206,1688,3281,24000,present,https://rfcx-streams-production.s3.eu-west-1.amazonaws.com/2019/03/25/rb003d0w2tap/b7ab0598-bb41-e60e-d518-5d7dd7456769.flac?X-Amz-Algorithm=AWS4-HMAC-SHA256&X-Amz-Content-Sha256=UNSIGNED-PAYLOAD&X-Amz-Credential=AKIA45B7YWBX5HAZMGOU%2F20260223%2Feu-west-1%2Fs3%2Faws4_request&X-Amz-Date=20260223T000638Z&X-Amz-Expires=604800&X-Amz-Signature=57ba0300f5e28ae79deec434ff97aa1c431d75f3d0b2416537eb25c19e5baa75&X-Amz-SignedHeaders=host&response-content-disposition=attachment%3B%20filename%3Db7ab0598-bb41-e60e-d518-5d7dd7456769.flac&x-id=GetObject,0.221616194,4455
CRam-2019-03-25_23-00.flac,2019 Creed Road,2019,3,25,23,0,Pseudacris regilla,Common Song,13.3706665,13.77600002,1688,3281,24000,present,https://rfcx-streams-production.s3.eu-west-1.amazonaws.com/2019/03/25/rb003d0w2tap/e7a73058-d93e-98a3-3ea6-035a5a01a691.flac?X-Amz-Algorithm=AWS4-HMAC-SHA256&X-Amz-Content-Sha256=UNSIGNED-PAYLOAD&X-Amz-Credential=AKIA45B7YWBX5HAZMGOU%2F20260223%2Feu-west-1%2Fs3%2Faws4_request&X-Amz-Date=20260223T000633Z&X-Amz-Expires=604800&X-Amz-Signature=72bf26fee070046bf520c2e73b6d928613cdc62cc8d072c57c9a5cf0b4559907&X-Amz-SignedHeaders=host&response-content-disposition=attachment%3B%20filename%3De7a73058-d93e-98a3-3ea6-035a5a01a691.flac&x-id=GetObject,0.225282282,4455
CRam-2019-03-26_00-00.flac,2019 Creed Road,2019,3,26,0,0,Pseudacris regilla,Common Song,8.730667114,9.13599968,1688,3281,24000,present,https://rfcx-streams-production.s3.eu-west-1.amazonaws.com/2019/03/25/rb003d0w2tap/2572e695-77de-63d5-6c39-595caf01de2b.flac?X-Amz-Algorithm=AWS4-HMAC-SHA256&X-Amz-Content-Sha256=UNSIGNED-PAYLOAD&X-Amz-Credential=AKIA45B7YWBX5HAZMGOU%2F20260223%2Feu-west-1%2Fs3%2Faws4_request&X-Amz-Date=20260223T000633Z&X-Amz-Expires=604800&X-Amz-Signature=a1b3046e27c91f85db45bfa2ba02632f2ee023bce05c361bf9763484c10b3d5d&X-Amz-SignedHeaders=host&response-content-disposition=attachment%3B%20filename%3D2572e695-77de-63d5-6c39-595caf01de2b.flac&x-id=GetObject,0.2150065,4455
CRam-2019-03-26_00-40.flac,2019 Creed Road,2019,3,26,0,40,Pseudacris regilla,Common Song,57.88266754,58.2879982,1688,3281,24000,present,https://rfcx-streams-production.s3.eu-west-1.amazonaws.com/2019/03/25/rb003d0w2tap/d4e2bc65-83be-db28-4ca8-eae6a2b08764.flac?X-Amz-Algorithm=AWS4-HMAC-SHA256&X-Amz-Content-Sha256=UNSIGNED-PAYLOAD&X-Amz-Credential=AKIA45B7YWBX5HAZMGOU%2F20260223%2Feu-west-1%2Fs3%2Faws4_request&X-Amz-Date=20260223T000638Z&X-Amz-Expires=604800&X-Amz-Signature=b38ebd156de1d2e80b1c8df76735407d845cdb22ea71cf60a58dd92c79ac2be1&X-Amz-SignedHeaders=host&response-content-disposition=attachment%3B%20filename%3Dd4e2bc65-83be-db28-4ca8-eae6a2b08764.flac&x-id=GetObject,0.246268526,4455
CRam-2019-03-26_01-40.flac,2019 Creed Road,2019,3,26,1,40,Pseudacris regilla,Common Song,53.97866821,54.38399887,1688,3281,24000,present,https://rfcx-streams-production.s3.eu-west-1.amazonaws.com/2019/03/25/rb003d0w2tap/20e71440-2924-2617-5798-90bbd1020db5.flac?X-Amz-Algorithm=AWS4-HMAC-SHA256&X-Amz-Content-Sha256=UNSIGNED-PAYLOAD&X-Amz-Credential=AKIA45B7YWBX5HAZMGOU%2F20260223%2Feu-west-1%2Fs3%2Faws4_request&X-Amz-Date=20260223T000638Z&X-Amz-Expires=604800&X-Amz-Signature=f3ffb79f2632393c73e86fb5c0edccbe00fed6fce6586edb4570060d372d711f&X-Amz-SignedHeaders=host&response-content-disposition=attachment%3B%20filename%3D20e71440-2924-2617-5798-90bbd1020db5.flac&x-id=GetObject,0.27491802,4455
CRam-2019-03-26_03-00.flac,2019 Creed Road,2019,3,26,3,0,Pseudacris regilla,Common Song,1.381333351,1.786666632,1688,3281,24000,present,https://rfcx-streams-production.s3.eu-west-1.amazonaws.com/2019/03/25/rb003d0w2tap/63c67014-76e1-791d-56d4-2227eef54033.flac?X-Amz-Algorithm=AWS4-HMAC-SHA256&X-Amz-Content-Sha256=UNSIGNED-PAYLOAD&X-Amz-Credential=AKIA45B7YWBX5HAZMGOU%2F20260223%2Feu-west-1%2Fs3%2Faws4_request&X-Amz-Date=20260223T000633Z&X-Amz-Expires=604800&X-Amz-Signature=50b8233c3f6ec7c0e0defe43fed82e0dd27d639e163cd96192894ac6bcb85181&X-Amz-SignedHeaders=host&response-content-disposition=attachment%3B%20filename%3D63c67014-76e1-791d-56d4-2227eef54033.flac&x-id=GetObject,0.261277676,4455
CRam-2019-03-26_03-20.flac,2019 Creed Road,2019,3,26,3,20,Pseudacris regilla,Common Song,9.477333069,9.882666588,1688,3281,24000,present,https://rfcx-streams-production.s3.eu-west-1.amazonaws.com/2019/03/25/rb003d0w2tap/d5154371-734b-16c7-e820-ccb2930160f6.flac?X-Amz-Algorithm=AWS4-HMAC-SHA256&X-Amz-Content-Sha256=UNSIGNED-PAYLOAD&X-Amz-Credential=AKIA45B7YWBX5HAZMGOU%2F20260223%2Feu-west-1%2Fs3%2Faws4_request&X-Amz-Date=20260223T000638Z&X-Amz-Expires=604800&X-Amz-Signature=99d7694660e5e3042c6c727407baeaacb6837b0d782061aa497149c6341ffa88&X-Amz-SignedHeaders=host&response-content-disposition=attachment%3B%20filename%3Dd5154371-734b-16c7-e820-ccb2930160f6.flac&x-id=GetObject,0.270765126,4455
CRam-2019-03-26_03-40.flac,2019 Creed Road,2019,3,26,3,40,Pseudacris regilla,Common Song,30.31999969,30.72533417,1688,3281,24000,present,https://rfcx-streams-production.s3.eu-west-1.amazonaws.com/2019/03/25/rb003d0w2tap/a408cac1-edee-ab65-36f6-225fcaf7a6c5.flac?X-Amz-Algorithm=AWS4-HMAC-SHA256&X-Amz-Content-Sha256=UNSIGNED-PAYLOAD&X-Amz-Credential=AKIA45B7YWBX5HAZMGOU%2F20260223%2Feu-west-1%2Fs3%2Faws4_request&X-Amz-Date=20260223T000638Z&X-Amz-Expires=604800&X-Amz-Signature=c8ef86130bf0270a15d3b073fe2ed4b3a97ef8df1d65f240f3d0f2b12c3480cf&X-Amz-SignedHeaders=host&response-content-disposition=attachment%3B%20filename%3Da408cac1-edee-ab65-36f6-225fcaf7a6c5.flac&x-id=GetObject,0.243225202,4455
CRam-2019-03-26_04-00.flac,2019 Creed Road,2019,3,26,4,0,Pseudacris regilla,Common Song,42.6293335,43.03466797,1688,3281,24000,present,https://rfcx-streams-production.s3.eu-west-1.amazonaws.com/2019/03/25/rb003d0w2tap/230d56ee-35fa-57e7-fca1-e1f524e826e4.flac?X-Amz-Algorithm=AWS4-HMAC-SHA256&X-Amz-Content-Sha256=UNSIGNED-PAYLOAD&X-Amz-Credential=AKIA45B7YWBX5HAZMGOU%2F20260223%2Feu-west-1%2Fs3%2Faws4_request&X-Amz-Date=20260223T000633Z&X-Amz-Expires=604800&X-Amz-Signature=7be1834cad32f48e09fb5efdf8c21fa6128c6def3483ba0125bf579adfba3d1e&X-Amz-SignedHeaders=host&response-content-disposition=attachment%3B%20filename%3D230d56ee-35fa-57e7-fca1-e1f524e826e4.flac&x-id=GetObject,0.326833129,4455
CRam-2019-03-26_04-20.flac,2019 Creed Road,2019,3,26,4,20,Pseudacris regilla,Common Song,21.39733315,21.80266762,1688,3281,24000,present,https://rfcx-streams-production.s3.eu-west-1.amazonaws.com/2019/03/25/rb003d0w2tap/0ef318b2-a0a2-1b2f-b85f-dcfbb96d14bb.flac?X-Amz-Algorithm=AWS4-HMAC-SHA256&X-Amz-Content-Sha256=UNSIGNED-PAYLOAD&X-Amz-Credential=AKIA45B7YWBX5HAZMGOU%2F20260223%2Feu-west-1%2Fs3%2Faws4_request&X-Amz-Date=20260223T000638Z&X-Amz-Expires=604800&X-Amz-Signature=ac977016fb9cc9efa649f21bf026cb28eb8288fac6e385514bdfc56b8bb1df10&X-Amz-SignedHeaders=host&response-content-disposition=attachment%3B%20filename%3D0ef318b2-a0a2-1b2f-b85f-dcfbb96d14bb.flac&x-id=GetObject,0.279118061,4455
CRam-2019-03-26_04-40.flac,2019 Creed Road,2019,3,26,4,40,Pseudacris regilla,Common Song,16.35199928,16.75733376,1688,3281,24000,present,https://rfcx-streams-production.s3.eu-west-1.amazonaws.com/2019/03/25/rb003d0w2tap/6b721e2e-fab1-409d-587f-530d5e0e2170.flac?X-Amz-Algorithm=AWS4-HMAC-SHA256&X-Amz-Content-Sha256=UNSIGNED-PAYLOAD&X-Amz-Credential=AKIA45B7YWBX5HAZMGOU%2F20260223%2Feu-west-1%2Fs3%2Faws4_request&X-Amz-Date=20260223T000638Z&X-Amz-Expires=604800&X-Amz-Signature=304fb2ba2074bffe3affac2917bbaf32d9ac67b9787d7ce48bc582493cd0c0b7&X-Amz-SignedHeaders=host&response-content-disposition=attachment%3B%20filename%3D6b721e2e-fab1-409d-587f-530d5e0e2170.flac&x-id=GetObject,0.21392037,4455
CRam-2019-03-26_05-20.flac,2019 Creed Road,2019,3,26,5,20,Pseudacris regilla,Common Song,53.02933502,53.43466568,1688,3281,24000,present,https://rfcx-streams-production.s3.eu-west-1.amazonaws.com/2019/03/25/rb003d0w2tap/f5d404a1-97a3-b6eb-f0db-a5b43499e362.flac?X-Amz-Algorithm=AWS4-HMAC-SHA256&X-Amz-Content-Sha256=UNSIGNED-PAYLOAD&X-Amz-Credential=AKIA45B7YWBX5HAZMGOU%2F20260223%2Feu-west-1%2Fs3%2Faws4_request&X-Amz-Date=20260223T000638Z&X-Amz-Expires=604800&X-Amz-Signature=4aa955cf5963bb3e4de390aa0023364452c94727cf11c6e37f40a9898812b3a2&X-Amz-SignedHeaders=host&response-content-disposition=attachment%3B%20filename%3Df5d404a1-97a3-b6eb-f0db-a5b43499e362.flac&x-id=GetObject,0.201618657,4455
CRam-2019-03-26_05-40.flac,2019 Creed Road,2019,3,26,5,40,Pseudacris regilla,Common Song,21.72800064,22.13333321,1688,3281,24000,present,https://rfcx-streams-production.s3.eu-west-1.amazonaws.com/2019/03/25/rb003d0w2tap/ad2877e1-a587-2fa4-795a-3feda5474cb1.flac?X-Amz-Algorithm=AWS4-HMAC-SHA256&X-Amz-Content-Sha256=UNSIGNED-PAYLOAD&X-Amz-Credential=AKIA45B7YWBX5HAZMGOU%2F20260223%2Feu-west-1%2Fs3%2Faws4_request&X-Amz-Date=20260223T000638Z&X-Amz-Expires=604800&X-Amz-Signature=67aebbcf4af7f34e56234855f09cfe84637e99431ed6fd4b5b259cb673e9ebed&X-Amz-SignedHeaders=host&response-content-disposition=attachment%3B%20filename%3Dad2877e1-a587-2fa4-795a-3feda5474cb1.flac&x-id=GetObject,0.253830105,4455
CRam-2019-03-26_06-20.flac,2019 Creed Road,2019,3,26,6,20,Pseudacris regilla,Common Song,11.52000046,11.92533302,1688,3281,24000,present,https://rfcx-streams-production.s3.eu-west-1.amazonaws.com/2019/03/25/rb003d0w2tap/8770ca1d-5b6e-e476-0dce-a7c5496e83ba.flac?X-Amz-Algorithm=AWS4-HMAC-SHA256&X-Amz-Content-Sha256=UNSIGNED-PAYLOAD&X-Amz-Credential=AKIA45B7YWBX5HAZMGOU%2F20260223%2Feu-west-1%2Fs3%2Faws4_request&X-Amz-Date=20260223T000638Z&X-Amz-Expires=604800&X-Amz-Signature=6ff5066fa4140d516b4ab75fe30b70927b34ca52106d2562f7310effc4a46924&X-Amz-SignedHeaders=host&response-content-disposition=attachment%3B%20filename%3D8770ca1d-5b6e-e476-0dce-a7c5496e83ba.flac&x-id=GetObject,0.297921568,4455
CRam-2019-03-26_23-20.flac,2019 Creed Road,2019,3,26,23,20,Pseudacris regilla,Common Song,7.653333187,8.058666229,1688,3281,24000,present,https://rfcx-streams-production.s3.eu-west-1.amazonaws.com/2019/03/26/rb003d0w2tap/482d08d2-3a52-c63d-6857-6fc16276f4b6.flac?X-Amz-Algorithm=AWS4-HMAC-SHA256&X-Amz-Content-Sha256=UNSIGNED-PAYLOAD&X-Amz-Credential=AKIA45B7YWBX5HAZMGOU%2F20260223%2Feu-west-1%2Fs3%2Faws4_request&X-Amz-Date=20260223T000638Z&X-Amz-Expires=604800&X-Amz-Signature=d615c34431fb0c9ff111f6825b3696bc8661514bbd657e90a549855d922968a3&X-Amz-SignedHeaders=host&response-content-disposition=attachment%3B%20filename%3D482d08d2-3a52-c63d-6857-6fc16276f4b6.flac&x-id=GetObject,0.22489959,4455
CRam-2019-03-27_00-00.flac,2019 Creed Road,2019,3,27,0,0,Pseudacris regilla,Common Song,53.34933472,53.75466537,1688,3281,24000,present,https://rfcx-streams-production.s3.eu-west-1.amazonaws.com/2019/03/26/rb003d0w2tap/2b7b9e41-e680-8ff9-7f4d-06e8ff17b01f.flac?X-Amz-Algorithm=AWS4-HMAC-SHA256&X-Amz-Content-Sha256=UNSIGNED-PAYLOAD&X-Amz-Credential=AKIA45B7YWBX5HAZMGOU%2F20260223%2Feu-west-1%2Fs3%2Faws4_request&X-Amz-Date=20260223T000633Z&X-Amz-Expires=604800&X-Amz-Signature=48ead9c1db082249c50505f2bcf2fc1e4dc829df79479e580e6444cda78fcefe&X-Amz-SignedHeaders=host&response-content-disposition=attachment%3B%20filename%3D2b7b9e41-e680-8ff9-7f4d-06e8ff17b01f.flac&x-id=GetObject,0.291886777,4455
CRam-2019-03-27_01-00.flac,2019 Creed Road,2019,3,27,1,0,Pseudacris regilla,Common Song,14.31466675,14.72000027,1688,3281,24000,present,https://rfcx-streams-production.s3.eu-west-1.amazonaws.com/2019/03/26/rb003d0w2tap/be32ad43-85a2-2da0-516f-06023bc547bf.flac?X-Amz-Algorithm=AWS4-HMAC-SHA256&X-Amz-Content-Sha256=UNSIGNED-PAYLOAD&X-Amz-Credential=AKIA45B7YWBX5HAZMGOU%2F20260223%2Feu-west-1%2Fs3%2Faws4_request&X-Amz-Date=20260223T000633Z&X-Amz-Expires=604800&X-Amz-Signature=659ad215801a6a7fb125961dd49c90f55353674cbf409409a883a11463d82dcb&X-Amz-SignedHeaders=host&response-content-disposition=attachment%3B%20filename%3Dbe32ad43-85a2-2da0-516f-06023bc547bf.flac&x-id=GetObject,0.34376806,4455
CRam-2019-03-27_01-40.flac,2019 Creed Road,2019,3,27,1,40,Pseudacris regilla,Common Song,57.85599899,58.26133347,1688,3281,24000,present,https://rfcx-streams-production.s3.eu-west-1.amazonaws.com/2019/03/26/rb003d0w2tap/aa758c36-f70e-3305-aa50-9daee44cdf1a.flac?X-Amz-Algorithm=AWS4-HMAC-SHA256&X-Amz-Content-Sha256=UNSIGNED-PAYLOAD&X-Amz-Credential=AKIA45B7YWBX5HAZMGOU%2F20260223%2Feu-west-1%2Fs3%2Faws4_request&X-Amz-Date=20260223T000638Z&X-Amz-Expires=604800&X-Amz-Signature=cbf91a1c18ea56c1d7013a4d8075095d53cf6a499bd0a4f2f7c560cb828565a8&X-Amz-SignedHeaders=host&response-content-disposition=attachment%3B%20filename%3Daa758c36-f70e-3305-aa50-9daee44cdf1a.flac&x-id=GetObject,0.274776667,4455
CRam-2019-03-27_02-00.flac,2019 Creed Road,2019,3,27,2,0,Pseudacris regilla,Common Song,42.23466492,42.63999939,1688,3281,24000,present,https://rfcx-streams-production.s3.eu-west-1.amazonaws.com/2019/03/26/rb003d0w2tap/32566248-b735-b27a-334d-8815ae757a9f.flac?X-Amz-Algorithm=AWS4-HMAC-SHA256&X-Amz-Content-Sha256=UNSIGNED-PAYLOAD&X-Amz-Credential=AKIA45B7YWBX5HAZMGOU%2F20260223%2Feu-west-1%2Fs3%2Faws4_request&X-Amz-Date=20260223T000633Z&X-Amz-Expires=604800&X-Amz-Signature=4acdcca2b0002f04a9c8000677d4a38eedf54918a29a6860ad3d2101d43cf4c3&X-Amz-SignedHeaders=host&response-content-disposition=attachment%3B%20filename%3D32566248-b735-b27a-334d-8815ae757a9f.flac&x-id=GetObject,0.274149507,4455
CRam-2019-03-27_02-20.flac,2019 Creed Road,2019,3,27,2,20,Pseudacris regilla,Common Song,44.03733444,44.4426651,1688,3281,24000,present,https://rfcx-streams-production.s3.eu-west-1.amazonaws.com/2019/03/26/rb003d0w2tap/a1ed9267-489b-3610-cc1e-b9af479147ff.flac?X-Amz-Algorithm=AWS4-HMAC-SHA256&X-Amz-Content-Sha256=UNSIGNED-PAYLOAD&X-Amz-Credential=AKIA45B7YWBX5HAZMGOU%2F20260223%2Feu-west-1%2Fs3%2Faws4_request&X-Amz-Date=20260223T000638Z&X-Amz-Expires=604800&X-Amz-Signature=059d06c505a04a782284f048a4f5d2bf61a677a8b86d4a15cc5a059267bb438d&X-Amz-SignedHeaders=host&response-content-disposition=attachment%3B%20filename%3Da1ed9267-489b-3610-cc1e-b9af479147ff.flac&x-id=GetObject,0.244757026,4455
CRam-2019-03-27_03-00.flac,2019 Creed Road,2019,3,27,3,0,Pseudacris regilla,Common Song,38.27199936,38.67733383,1688,3281,24000,present,https://rfcx-streams-production.s3.eu-west-1.amazonaws.com/2019/03/26/rb003d0w2tap/34ac1b0d-84c8-1ad7-c67c-9b8891da6b54.flac?X-Amz-Algorithm=AWS4-HMAC-SHA256&X-Amz-Content-Sha256=UNSIGNED-PAYLOAD&X-Amz-Credential=AKIA45B7YWBX5HAZMGOU%2F20260223%2Feu-west-1%2Fs3%2Faws4_request&X-Amz-Date=20260223T000633Z&X-Amz-Expires=604800&X-Amz-Signature=dcf9456a000e946b6649ce41732165e1b95feb2e0591b1c3f43a09626a473a7f&X-Amz-SignedHeaders=host&response-content-disposition=attachment%3B%20filename%3D34ac1b0d-84c8-1ad7-c67c-9b8891da6b54.flac&x-id=GetObject,0.218937531,4455
CRam-2019-03-27_19-40.flac,2019 Creed Road,2019,3,27,19,40,Pseudacris regilla,Common Song,39.9679985,40.37333298,1688,3281,24000,present,https://rfcx-streams-production.s3.eu-west-1.amazonaws.com/2019/03/27/rb003d0w2tap/a6671269-c4e7-025f-d3ec-7d54e112cc0d.flac?X-Amz-Algorithm=AWS4-HMAC-SHA256&X-Amz-Content-Sha256=UNSIGNED-PAYLOAD&X-Amz-Credential=AKIA45B7YWBX5HAZMGOU%2F20260223%2Feu-west-1%2Fs3%2Faws4_request&X-Amz-Date=20260223T000638Z&X-Amz-Expires=604800&X-Amz-Signature=164a159cf076537f7e8a0c7595e8f593f7f217eca90c8d49dc968910b0f56680&X-Amz-SignedHeaders=host&response-content-disposition=attachment%3B%20filename%3Da6671269-c4e7-025f-d3ec-7d54e112cc0d.flac&x-id=GetObject,0.228202775,4455
CRam-2019-03-27_20-00.flac,2019 Creed Road,2019,3,27,20,0,Pseudacris regilla,Common Song,4.554666519,4.960000038,1688,3281,24000,present,https://rfcx-streams-production.s3.eu-west-1.amazonaws.com/2019/03/27/rb003d0w2tap/35debc77-6926-e794-388b-1d2fd64f6f48.flac?X-Amz-Algorithm=AWS4-HMAC-SHA256&X-Amz-Content-Sha256=UNSIGNED-PAYLOAD&X-Amz-Credential=AKIA45B7YWBX5HAZMGOU%2F20260223%2Feu-west-1%2Fs3%2Faws4_request&X-Amz-Date=20260223T000633Z&X-Amz-Expires=604800&X-Amz-Signature=2003d8f7e3bec1775d6cdfcfac279c6cdc88875388f9ed55fc7ad40cf0fef45a&X-Amz-SignedHeaders=host&response-content-disposition=attachment%3B%20filename%3D35debc77-6926-e794-388b-1d2fd64f6f48.flac&x-id=GetObject,0.268571913,4455
CRam-2019-03-27_20-20.flac,2019 Creed Road,2019,3,27,20,20,Pseudacris regilla,Common Song,58.41600037,58.82133484,1688,3281,24000,present,https://rfcx-streams-production.s3.eu-west-1.amazonaws.com/2019/03/27/rb003d0w2tap/4020baf0-e532-518a-eeb8-292063813d6e.flac?X-Amz-Algorithm=AWS4-HMAC-SHA256&X-Amz-Content-Sha256=UNSIGNED-PAYLOAD&X-Amz-Credential=AKIA45B7YWBX5HAZMGOU%2F20260223%2Feu-west-1%2Fs3%2Faws4_request&X-Amz-Date=20260223T000638Z&X-Amz-Expires=604800&X-Amz-Signature=e1fa074d12609aee301d9b6197b6a863732e49cf2ebcb2c39162c9c5ea5a0b11&X-Amz-SignedHeaders=host&response-content-disposition=attachment%3B%20filename%3D4020baf0-e532-518a-eeb8-292063813d6e.flac&x-id=GetObject,0.239196584,4455
CRam-2019-03-27_20-40.flac,2019 Creed Road,2019,3,27,20,40,Pseudacris regilla,Common Song,7.066666603,7.472000122,1688,3281,24000,present,https://rfcx-streams-production.s3.eu-west-1.amazonaws.com/2019/03/27/rb003d0w2tap/89a2be4a-12ce-9514-f0aa-b688651b65d5.flac?X-Amz-Algorithm=AWS4-HMAC-SHA256&X-Amz-Content-Sha256=UNSIGNED-PAYLOAD&X-Amz-Credential=AKIA45B7YWBX5HAZMGOU%2F20260223%2Feu-west-1%2Fs3%2Faws4_request&X-Amz-Date=20260223T000638Z&X-Amz-Expires=604800&X-Amz-Signature=6556d44324f3ca2fd8fb3f506235e603d64ade4b8f5e2ca9282c5b0fee3bdb1f&X-Amz-SignedHeaders=host&response-content-disposition=attachment%3B%20filename%3D89a2be4a-12ce-9514-f0aa-b688651b65d5.flac&x-id=GetObject,0.317596674,4455
CRam-2019-03-27_21-00.flac,2019 Creed Road,2019,3,27,21,0,Pseudacris regilla,Common Song,31.52000046,31.92533302,1688,3281,24000,present,https://rfcx-streams-production.s3.eu-west-1.amazonaws.com/2019/03/27/rb003d0w2tap/b181759c-9e00-52bd-5ad4-1df26a0772e9.flac?X-Amz-Algorithm=AWS4-HMAC-SHA256&X-Amz-Content-Sha256=UNSIGNED-PAYLOAD&X-Amz-Credential=AKIA45B7YWBX5HAZMGOU%2F20260223%2Feu-west-1%2Fs3%2Faws4_request&X-Amz-Date=20260223T000633Z&X-Amz-Expires=604800&X-Amz-Signature=18e1df1ba7253db5b960468206886b3f4955ee78288f3c8d9f3ea204a52e5605&X-Amz-SignedHeaders=host&response-content-disposition=attachment%3B%20filename%3Db181759c-9e00-52bd-5ad4-1df26a0772e9.flac&x-id=GetObject,0.221524149,4455
CRam-2019-03-27_21-40.flac,2019 Creed Road,2019,3,27,21,40,Pseudacris regilla,Common Song,54.81066513,55.2159996,1688,3281,24000,present,https://rfcx-streams-production.s3.eu-west-1.amazonaws.com/2019/03/27/rb003d0w2tap/7e43e71a-3750-a6c3-5779-c34a74cebf3b.flac?X-Amz-Algorithm=AWS4-HMAC-SHA256&X-Amz-Content-Sha256=UNSIGNED-PAYLOAD&X-Amz-Credential=AKIA45B7YWBX5HAZMGOU%2F20260223%2Feu-west-1%2Fs3%2Faws4_request&X-Amz-Date=20260223T000638Z&X-Amz-Expires=604800&X-Amz-Signature=b53be522debe914e064d3269e90206d8639aafa72b71f683c267135bedc8f11e&X-Amz-SignedHeaders=host&response-content-disposition=attachment%3B%20filename%3D7e43e71a-3750-a6c3-5779-c34a74cebf3b.flac&x-id=GetObject,0.27875182,4455
CRam-2019-03-27_22-00.flac,2019 Creed Road,2019,3,27,22,0,Pseudacris regilla,Common Song,44.43199921,44.83733368,1688,3281,24000,present,https://rfcx-streams-production.s3.eu-west-1.amazonaws.com/2019/03/27/rb003d0w2tap/af823adb-9102-da07-bcac-962b54bdc33e.flac?X-Amz-Algorithm=AWS4-HMAC-SHA256&X-Amz-Content-Sha256=UNSIGNED-PAYLOAD&X-Amz-Credential=AKIA45B7YWBX5HAZMGOU%2F20260223%2Feu-west-1%2Fs3%2Faws4_request&X-Amz-Date=20260223T000633Z&X-Amz-Expires=604800&X-Amz-Signature=f43a51880b12bb0f205bd0e7bc5cad6e77f32148414e83d61dd3ad325f0bc5cb&X-Amz-SignedHeaders=host&response-content-disposition=attachment%3B%20filename%3Daf823adb-9102-da07-bcac-962b54bdc33e.flac&x-id=GetObject,0.238116771,4455
CRam-2019-03-27_23-00.flac,2019 Creed Road,2019,3,27,23,0,Pseudacris regilla,Common Song,0.842666686,1.248000026,1688,3281,24000,present,https://rfcx-streams-production.s3.eu-west-1.amazonaws.com/2019/03/27/rb003d0w2tap/08a8d000-03d1-b20a-df0c-d797bd35187e.flac?X-Amz-Algorithm=AWS4-HMAC-SHA256&X-Amz-Content-Sha256=UNSIGNED-PAYLOAD&X-Amz-Credential=AKIA45B7YWBX5HAZMGOU%2F20260223%2Feu-west-1%2Fs3%2Faws4_request&X-Amz-Date=20260223T000633Z&X-Amz-Expires=604800&X-Amz-Signature=47db6037b40b697319a5ed6f7bc42c1f51c1925c9846e1a6eb910c84b0b1f3c2&X-Amz-SignedHeaders=host&response-content-disposition=attachment%3B%20filename%3D08a8d000-03d1-b20a-df0c-d797bd35187e.flac&x-id=GetObject,0.308871269,4455
CRam-2019-03-27_23-20.flac,2019 Creed Road,2019,3,27,23,20,Pseudacris regilla,Common Song,47.12533188,47.53066635,1688,3281,24000,present,https://rfcx-streams-production.s3.eu-west-1.amazonaws.com/2019/03/27/rb003d0w2tap/3542fc5f-ed89-212d-7065-5876203f5d63.flac?X-Amz-Algorithm=AWS4-HMAC-SHA256&X-Amz-Content-Sha256=UNSIGNED-PAYLOAD&X-Amz-Credential=AKIA45B7YWBX5HAZMGOU%2F20260223%2Feu-west-1%2Fs3%2Faws4_request&X-Amz-Date=20260223T000638Z&X-Amz-Expires=604800&X-Amz-Signature=5db417de6f2617c2b4485078d228cd718bdb56ef80208994b9d86bf905a601e3&X-Amz-SignedHeaders=host&response-content-disposition=attachment%3B%20filename%3D3542fc5f-ed89-212d-7065-5876203f5d63.flac&x-id=GetObject,0.361925423,4455
CRam-2019-03-27_23-40.flac,2019 Creed Road,2019,3,27,23,40,Pseudacris regilla,Common Song,53.72266769,54.12799835,1688,3281,24000,present,https://rfcx-streams-production.s3.eu-west-1.amazonaws.com/2019/03/27/rb003d0w2tap/7a4e8b97-547e-3599-1472-542568c07c53.flac?X-Amz-Algorithm=AWS4-HMAC-SHA256&X-Amz-Content-Sha256=UNSIGNED-PAYLOAD&X-Amz-Credential=AKIA45B7YWBX5HAZMGOU%2F20260223%2Feu-west-1%2Fs3%2Faws4_request&X-Amz-Date=20260223T000638Z&X-Amz-Expires=604800&X-Amz-Signature=e12e76403ed0b949a7a20986e287416b05fdb7e2ed0c88dd76974e0bd9399ae2&X-Amz-SignedHeaders=host&response-content-disposition=attachment%3B%20filename%3D7a4e8b97-547e-3599-1472-542568c07c53.flac&x-id=GetObject,0.410754234,4455
CRam-2019-03-28_00-00.flac,2019 Creed Road,2019,3,28,0,0,Pseudacris regilla,Common Song,24.58666611,24.99200058,1688,3281,24000,present,https://rfcx-streams-production.s3.eu-west-1.amazonaws.com/2019/03/27/rb003d0w2tap/9c385210-5582-1f6c-bf97-c9d0603d62a6.flac?X-Amz-Algorithm=AWS4-HMAC-SHA256&X-Amz-Content-Sha256=UNSIGNED-PAYLOAD&X-Amz-Credential=AKIA45B7YWBX5HAZMGOU%2F20260223%2Feu-west-1%2Fs3%2Faws4_request&X-Amz-Date=20260223T000633Z&X-Amz-Expires=604800&X-Amz-Signature=4ff6eab695dcc343a7773d492f630520cb34137734dee2dc48f1cec6c9a5f270&X-Amz-SignedHeaders=host&response-content-disposition=attachment%3B%20filename%3D9c385210-5582-1f6c-bf97-c9d0603d62a6.flac&x-id=GetObject,0.314881772,4455
CRam-2019-03-28_00-20.flac,2019 Creed Road,2019,3,28,0,20,Pseudacris regilla,Common Song,52.69333267,53.09866714,1688,3281,24000,present,https://rfcx-streams-production.s3.eu-west-1.amazonaws.com/2019/03/27/rb003d0w2tap/a53c784d-69e5-eee0-d335-c809333c55b8.flac?X-Amz-Algorithm=AWS4-HMAC-SHA256&X-Amz-Content-Sha256=UNSIGNED-PAYLOAD&X-Amz-Credential=AKIA45B7YWBX5HAZMGOU%2F20260223%2Feu-west-1%2Fs3%2Faws4_request&X-Amz-Date=20260223T000638Z&X-Amz-Expires=604800&X-Amz-Signature=43785a3c322e93f9c15e7a0e15c9087c853ee2f35e34416a413ed703931df738&X-Amz-SignedHeaders=host&response-content-disposition=attachment%3B%20filename%3Da53c784d-69e5-eee0-d335-c809333c55b8.flac&x-id=GetObject,0.333977699,4455
CRam-2019-03-28_01-00.flac,2019 Creed Road,2019,3,28,1,0,Pseudacris regilla,Common Song,27.40800095,27.81333351,1688,3281,24000,present,https://rfcx-streams-production.s3.eu-west-1.amazonaws.com/2019/03/27/rb003d0w2tap/532cfe01-7a26-b021-95ba-8539ec42f5a3.flac?X-Amz-Algorithm=AWS4-HMAC-SHA256&X-Amz-Content-Sha256=UNSIGNED-PAYLOAD&X-Amz-Credential=AKIA45B7YWBX5HAZMGOU%2F20260223%2Feu-west-1%2Fs3%2Faws4_request&X-Amz-Date=20260223T000633Z&X-Amz-Expires=604800&X-Amz-Signature=6eba0ed5c76a414c7480d079362ef3b2dedf3658a638a9e08bbf23ec6e5f1f57&X-Amz-SignedHeaders=host&response-content-disposition=attachment%3B%20filename%3D532cfe01-7a26-b021-95ba-8539ec42f5a3.flac&x-id=GetObject,0.489650667,4455
CRam-2019-03-28_01-20.flac,2019 Creed Road,2019,3,28,1,20,Pseudacris regilla,Common Song,40.40533447,40.81066513,1688,3281,24000,present,https://rfcx-streams-production.s3.eu-west-1.amazonaws.com/2019/03/27/rb003d0w2tap/30237904-afb2-b2ea-a7a2-f961620e9eb4.flac?X-Amz-Algorithm=AWS4-HMAC-SHA256&X-Amz-Content-Sha256=UNSIGNED-PAYLOAD&X-Amz-Credential=AKIA45B7YWBX5HAZMGOU%2F20260223%2Feu-west-1%2Fs3%2Faws4_request&X-Amz-Date=20260223T000638Z&X-Amz-Expires=604800&X-Amz-Signature=811472566b19efbd19573a104fa497f89a78e983ec4e31c09fc6f65e9d6cf449&X-Amz-SignedHeaders=host&response-content-disposition=attachment%3B%20filename%3D30237904-afb2-b2ea-a7a2-f961620e9eb4.flac&x-id=GetObject,0.246929109,4455
CRam-2019-03-28_01-40.flac,2019 Creed Road,2019,3,28,1,40,Pseudacris regilla,Common Song,22.19199944,22.59733391,1688,3281,24000,present,https://rfcx-streams-production.s3.eu-west-1.amazonaws.com/2019/03/27/rb003d0w2tap/26029a5a-73d6-4860-636a-faa3a96becbb.flac?X-Amz-Algorithm=AWS4-HMAC-SHA256&X-Amz-Content-Sha256=UNSIGNED-PAYLOAD&X-Amz-Credential=AKIA45B7YWBX5HAZMGOU%2F20260223%2Feu-west-1%2Fs3%2Faws4_request&X-Amz-Date=20260223T000638Z&X-Amz-Expires=604800&X-Amz-Signature=3365b6eace3a258c650dc6666f3b895100881d98b7b0498b3c8b593567f54362&X-Amz-SignedHeaders=host&response-content-disposition=attachment%3B%20filename%3D26029a5a-73d6-4860-636a-faa3a96becbb.flac&x-id=GetObject,0.292237759,4455
CRam-2019-03-28_02-00.flac,2019 Creed Road,2019,3,28,2,0,Pseudacris regilla,Common Song,45.5359993,45.94133377,1688,3281,24000,present,https://rfcx-streams-production.s3.eu-west-1.amazonaws.com/2019/03/27/rb003d0w2tap/6bec41b1-26d5-97e6-d7b5-72906878f720.flac?X-Amz-Algorithm=AWS4-HMAC-SHA256&X-Amz-Content-Sha256=UNSIGNED-PAYLOAD&X-Amz-Credential=AKIA45B7YWBX5HAZMGOU%2F20260223%2Feu-west-1%2Fs3%2Faws4_request&X-Amz-Date=20260223T000633Z&X-Amz-Expires=604800&X-Amz-Signature=25b050d8aff808df7e9d4ebb7447bdff9529a095068a1476c69d2e3d9a3a9357&X-Amz-SignedHeaders=host&response-content-disposition=attachment%3B%20filename%3D6bec41b1-26d5-97e6-d7b5-72906878f720.flac&x-id=GetObject,0.374693274,4455
CRam-2019-03-28_02-20.flac,2019 Creed Road,2019,3,28,2,20,Pseudacris regilla,Common Song,52.06399918,52.46933365,1688,3281,24000,present,https://rfcx-streams-production.s3.eu-west-1.amazonaws.com/2019/03/27/rb003d0w2tap/efeb2d09-32d2-1105-94e9-666984e2703a.flac?X-Amz-Algorithm=AWS4-HMAC-SHA256&X-Amz-Content-Sha256=UNSIGNED-PAYLOAD&X-Amz-Credential=AKIA45B7YWBX5HAZMGOU%2F20260223%2Feu-west-1%2Fs3%2Faws4_request&X-Amz-Date=20260223T000638Z&X-Amz-Expires=604800&X-Amz-Signature=02c39a4cb63251511ec6735b0d6ebaf6ea05688721952edca0b5d36945db8047&X-Amz-SignedHeaders=host&response-content-disposition=attachment%3B%20filename%3Defeb2d09-32d2-1105-94e9-666984e2703a.flac&x-id=GetObject,0.320078194,4455
CRam-2019-03-28_02-40.flac,2019 Creed Road,2019,3,28,2,40,Pseudacris regilla,Common Song,53.17866516,53.58399963,1688,3281,24000,present,https://rfcx-streams-production.s3.eu-west-1.amazonaws.com/2019/03/27/rb003d0w2tap/3adbe0bb-bca0-f1be-6274-b475062980f1.flac?X-Amz-Algorithm=AWS4-HMAC-SHA256&X-Amz-Content-Sha256=UNSIGNED-PAYLOAD&X-Amz-Credential=AKIA45B7YWBX5HAZMGOU%2F20260223%2Feu-west-1%2Fs3%2Faws4_request&X-Amz-Date=20260223T000638Z&X-Amz-Expires=604800&X-Amz-Signature=ae10736dc84da4baad9fa6ae2e2c9b71bc6cc14b9f50131add027c0555b42aca&X-Amz-SignedHeaders=host&response-content-disposition=attachment%3B%20filename%3D3adbe0bb-bca0-f1be-6274-b475062980f1.flac&x-id=GetObject,0.398552507,4455
CRam-2019-03-28_03-00.flac,2019 Creed Road,2019,3,28,3,0,Pseudacris regilla,Common Song,39.09866714,39.50400162,1688,3281,24000,present,https://rfcx-streams-production.s3.eu-west-1.amazonaws.com/2019/03/27/rb003d0w2tap/a1fac824-00e6-8940-4891-ada5a5b32bbd.flac?X-Amz-Algorithm=AWS4-HMAC-SHA256&X-Amz-Content-Sha256=UNSIGNED-PAYLOAD&X-Amz-Credential=AKIA45B7YWBX5HAZMGOU%2F20260223%2Feu-west-1%2Fs3%2Faws4_request&X-Amz-Date=20260223T000633Z&X-Amz-Expires=604800&X-Amz-Signature=15de9545ad23daaa184c17e5ceb561a2e1e3be3652bd5f81badd0b6fee9c1e3e&X-Amz-SignedHeaders=host&response-content-disposition=attachment%3B%20filename%3Da1fac824-00e6-8940-4891-ada5a5b32bbd.flac&x-id=GetObject,0.29561767,4455
CRam-2019-03-28_03-20.flac,2019 Creed Road,2019,3,28,3,20,Pseudacris regilla,Common Song,32.2879982,32.69333267,1688,3281,24000,present,https://rfcx-streams-production.s3.eu-west-1.amazonaws.com/2019/03/27/rb003d0w2tap/cef9d9c3-bc9d-d561-4369-ae91de2ada4a.flac?X-Amz-Algorithm=AWS4-HMAC-SHA256&X-Amz-Content-Sha256=UNSIGNED-PAYLOAD&X-Amz-Credential=AKIA45B7YWBX5HAZMGOU%2F20260223%2Feu-west-1%2Fs3%2Faws4_request&X-Amz-Date=20260223T000638Z&X-Amz-Expires=604800&X-Amz-Signature=372977261663f1f9ee06c5870327ba6a2672080b765915c5540b3f5fcb383928&X-Amz-SignedHeaders=host&response-content-disposition=attachment%3B%20filename%3Dcef9d9c3-bc9d-d561-4369-ae91de2ada4a.flac&x-id=GetObject,0.314868957,4455
CRam-2019-03-28_03-40.flac,2019 Creed Road,2019,3,28,3,40,Pseudacris regilla,Common Song,3.573333263,3.978666782,1688,3281,24000,present,https://rfcx-streams-production.s3.eu-west-1.amazonaws.com/2019/03/27/rb003d0w2tap/12b8fb96-cc1c-3400-b497-6e730c5e9988.flac?X-Amz-Algorithm=AWS4-HMAC-SHA256&X-Amz-Content-Sha256=UNSIGNED-PAYLOAD&X-Amz-Credential=AKIA45B7YWBX5HAZMGOU%2F20260223%2Feu-west-1%2Fs3%2Faws4_request&X-Amz-Date=20260223T000638Z&X-Amz-Expires=604800&X-Amz-Signature=e139cb3d8f6d33c4c44f6b6d8ace1e2988b3d6bb568c12584d5f1464c93be904&X-Amz-SignedHeaders=host&response-content-disposition=attachment%3B%20filename%3D12b8fb96-cc1c-3400-b497-6e730c5e9988.flac&x-id=GetObject,0.253594875,4455
CRam-2019-03-28_04-00.flac,2019 Creed Road,2019,3,28,4,0,Pseudacris regilla,Common Song,1.013333321,1.41866672,1688,3281,24000,present,https://rfcx-streams-production.s3.eu-west-1.amazonaws.com/2019/03/27/rb003d0w2tap/f09deefe-b87b-bdc7-43b2-c19fd5ef8288.flac?X-Amz-Algorithm=AWS4-HMAC-SHA256&X-Amz-Content-Sha256=UNSIGNED-PAYLOAD&X-Amz-Credential=AKIA45B7YWBX5HAZMGOU%2F20260223%2Feu-west-1%2Fs3%2Faws4_request&X-Amz-Date=20260223T000633Z&X-Amz-Expires=604800&X-Amz-Signature=4eaa58093a7f7226b8f53d63283a87e32abd7d635018578cf5b4d88706db1ea2&X-Amz-SignedHeaders=host&response-content-disposition=attachment%3B%20filename%3Df09deefe-b87b-bdc7-43b2-c19fd5ef8288.flac&x-id=GetObject,0.281033933,4455
CRam-2019-03-28_05-20.flac,2019 Creed Road,2019,3,28,5,20,Pseudacris regilla,Common Song,10.03199959,10.43733311,1688,3281,24000,present,https://rfcx-streams-production.s3.eu-west-1.amazonaws.com/2019/03/27/rb003d0w2tap/ba2237d3-3795-e19c-1434-afdaa4e92d8c.flac?X-Amz-Algorithm=AWS4-HMAC-SHA256&X-Amz-Content-Sha256=UNSIGNED-PAYLOAD&X-Amz-Credential=AKIA45B7YWBX5HAZMGOU%2F20260223%2Feu-west-1%2Fs3%2Faws4_request&X-Amz-Date=20260223T000638Z&X-Amz-Expires=604800&X-Amz-Signature=9bccc2ebed40eec2df253a72ec13c9cdbb983c4277bcce96c0b4bbb234b17ccf&X-Amz-SignedHeaders=host&response-content-disposition=attachment%3B%20filename%3Dba2237d3-3795-e19c-1434-afdaa4e92d8c.flac&x-id=GetObject,0.330106348,4455
CRam-2019-03-28_20-00.flac,2019 Creed Road,2019,3,28,20,0,Pseudacris regilla,Common Song,46.34666824,46.7519989,1688,3281,24000,present,https://rfcx-streams-production.s3.eu-west-1.amazonaws.com/2019/03/28/rb003d0w2tap/c63d3155-cbb3-c3fd-da6f-f6abdac65359.flac?X-Amz-Algorithm=AWS4-HMAC-SHA256&X-Amz-Content-Sha256=UNSIGNED-PAYLOAD&X-Amz-Credential=AKIA45B7YWBX5HAZMGOU%2F20260223%2Feu-west-1%2Fs3%2Faws4_request&X-Amz-Date=20260223T000633Z&X-Amz-Expires=604800&X-Amz-Signature=33797d7b721996ef1e8596b57003dd95ea4ac9954e688986933ec4e1111229ed&X-Amz-SignedHeaders=host&response-content-disposition=attachment%3B%20filename%3Dc63d3155-cbb3-c3fd-da6f-f6abdac65359.flac&x-id=GetObject,0.415190399,4455
CRam-2019-03-28_20-40.flac,2019 Creed Road,2019,3,28,20,40,Pseudacris regilla,Common Song,44.9066658,45.31200027,1688,3281,24000,present,https://rfcx-streams-production.s3.eu-west-1.amazonaws.com/2019/03/28/rb003d0w2tap/b93369ed-c2ec-a9a5-2a86-fc73d33921a0.flac?X-Amz-Algorithm=AWS4-HMAC-SHA256&X-Amz-Content-Sha256=UNSIGNED-PAYLOAD&X-Amz-Credential=AKIA45B7YWBX5HAZMGOU%2F20260223%2Feu-west-1%2Fs3%2Faws4_request&X-Amz-Date=20260223T000638Z&X-Amz-Expires=604800&X-Amz-Signature=65d6071a35d0f018249683619bad18284e29e74a067d2b30d15982b1031bccdd&X-Amz-SignedHeaders=host&response-content-disposition=attachment%3B%20filename%3Db93369ed-c2ec-a9a5-2a86-fc73d33921a0.flac&x-id=GetObject,0.311008096,4455
CRam-2019-03-28_21-20.flac,2019 Creed Road,2019,3,28,21,20,Pseudacris regilla,Common Song,9.525333405,9.930666924,1688,3281,24000,present,https://rfcx-streams-production.s3.eu-west-1.amazonaws.com/2019/03/28/rb003d0w2tap/95cb1377-c180-ac0f-002f-d8cb99ca33b4.flac?X-Amz-Algorithm=AWS4-HMAC-SHA256&X-Amz-Content-Sha256=UNSIGNED-PAYLOAD&X-Amz-Credential=AKIA45B7YWBX5HAZMGOU%2F20260223%2Feu-west-1%2Fs3%2Faws4_request&X-Amz-Date=20260223T000638Z&X-Amz-Expires=604800&X-Amz-Signature=850ddcc4fcbdaff3dad2b15150058c4cd100d6e0c10408bdf873ed456212b0c1&X-Amz-SignedHeaders=host&response-content-disposition=attachment%3B%20filename%3D95cb1377-c180-ac0f-002f-d8cb99ca33b4.flac&x-id=GetObject,0.230926037,4455
CRam-2019-03-28_21-40.flac,2019 Creed Road,2019,3,28,21,40,Pseudacris regilla,Common Song,11.07733345,11.48266697,1688,3281,24000,present,https://rfcx-streams-production.s3.eu-west-1.amazonaws.com/2019/03/28/rb003d0w2tap/ee35f8ca-a0dd-40ba-f3ca-f5fbb29bce54.flac?X-Amz-Algorithm=AWS4-HMAC-SHA256&X-Amz-Content-Sha256=UNSIGNED-PAYLOAD&X-Amz-Credential=AKIA45B7YWBX5HAZMGOU%2F20260223%2Feu-west-1%2Fs3%2Faws4_request&X-Amz-Date=20260223T000638Z&X-Amz-Expires=604800&X-Amz-Signature=c5ea9783f870136c95bf98f4c5d64754b4c6c5e0a1fd27bc08a2e3dacac1510e&X-Amz-SignedHeaders=host&response-content-disposition=attachment%3B%20filename%3Dee35f8ca-a0dd-40ba-f3ca-f5fbb29bce54.flac&x-id=GetObject,0.442425281,4455
CRam-2019-03-28_22-00.flac,2019 Creed Road,2019,3,28,22,0,Pseudacris regilla,Common Song,58.52799988,58.93333435,1688,3281,24000,present,https://rfcx-streams-production.s3.eu-west-1.amazonaws.com/2019/03/28/rb003d0w2tap/b9148a7b-d7c3-56b2-2fba-84999a0d1689.flac?X-Amz-Algorithm=AWS4-HMAC-SHA256&X-Amz-Content-Sha256=UNSIGNED-PAYLOAD&X-Amz-Credential=AKIA45B7YWBX5HAZMGOU%2F20260223%2Feu-west-1%2Fs3%2Faws4_request&X-Amz-Date=20260223T000633Z&X-Amz-Expires=604800&X-Amz-Signature=e15752b81f322acb1ccc18438412d8b904e9f917c91dbe4aecc9a3dc5fc203d7&X-Amz-SignedHeaders=host&response-content-disposition=attachment%3B%20filename%3Db9148a7b-d7c3-56b2-2fba-84999a0d1689.flac&x-id=GetObject,0.325151742,4455
CRam-2019-03-28_22-20.flac,2019 Creed Road,2019,3,28,22,20,Pseudacris regilla,Common Song,4.117333412,4.522666454,1688,3281,24000,present,https://rfcx-streams-production.s3.eu-west-1.amazonaws.com/2019/03/28/rb003d0w2tap/e906a280-d5bb-8177-5498-d2f3531c3519.flac?X-Amz-Algorithm=AWS4-HMAC-SHA256&X-Amz-Content-Sha256=UNSIGNED-PAYLOAD&X-Amz-Credential=AKIA45B7YWBX5HAZMGOU%2F20260223%2Feu-west-1%2Fs3%2Faws4_request&X-Amz-Date=20260223T000638Z&X-Amz-Expires=604800&X-Amz-Signature=304ada4a5577c3bff3a635cebc461969141edfde2f5e4fad03a1b6238a9fd393&X-Amz-SignedHeaders=host&response-content-disposition=attachment%3B%20filename%3De906a280-d5bb-8177-5498-d2f3531c3519.flac&x-id=GetObject,0.36459291,4455
CRam-2019-03-28_22-40.flac,2019 Creed Road,2019,3,28,22,40,Pseudacris regilla,Common Song,22.49066734,22.89599991,1688,3281,24000,present,https://rfcx-streams-production.s3.eu-west-1.amazonaws.com/2019/03/28/rb003d0w2tap/7492ff98-8534-9177-90b6-4d13ce1a6ed5.flac?X-Amz-Algorithm=AWS4-HMAC-SHA256&X-Amz-Content-Sha256=UNSIGNED-PAYLOAD&X-Amz-Credential=AKIA45B7YWBX5HAZMGOU%2F20260223%2Feu-west-1%2Fs3%2Faws4_request&X-Amz-Date=20260223T000638Z&X-Amz-Expires=604800&X-Amz-Signature=3754d4698ec85b03fed8a484bba8b5a2e33a97cc521f6679c5dbea13b076a2c9&X-Amz-SignedHeaders=host&response-content-disposition=attachment%3B%20filename%3D7492ff98-8534-9177-90b6-4d13ce1a6ed5.flac&x-id=GetObject,0.509952188,4455
CRam-2019-03-28_23-00.flac,2019 Creed Road,2019,3,28,23,0,Pseudacris regilla,Common Song,49.17866516,49.58399963,1688,3281,24000,present,https://rfcx-streams-production.s3.eu-west-1.amazonaws.com/2019/03/28/rb003d0w2tap/56f22029-7a4a-21e3-f386-3cf3fb39a48e.flac?X-Amz-Algorithm=AWS4-HMAC-SHA256&X-Amz-Content-Sha256=UNSIGNED-PAYLOAD&X-Amz-Credential=AKIA45B7YWBX5HAZMGOU%2F20260223%2Feu-west-1%2Fs3%2Faws4_request&X-Amz-Date=20260223T000633Z&X-Amz-Expires=604800&X-Amz-Signature=4d504db67015c986d28a0e80142e7fa4804af533bd5ab0fb7e3980b96a4e9da8&X-Amz-SignedHeaders=host&response-content-disposition=attachment%3B%20filename%3D56f22029-7a4a-21e3-f386-3cf3fb39a48e.flac&x-id=GetObject,0.262639463,4455
CRam-2019-03-28_23-20.flac,2019 Creed Road,2019,3,28,23,20,Pseudacris regilla,Common Song,3.765333414,4.170666695,1688,3281,24000,present,https://rfcx-streams-production.s3.eu-west-1.amazonaws.com/2019/03/28/rb003d0w2tap/6bf4e031-1ec9-86f2-6b13-7d50b317aebd.flac?X-Amz-Algorithm=AWS4-HMAC-SHA256&X-Amz-Content-Sha256=UNSIGNED-PAYLOAD&X-Amz-Credential=AKIA45B7YWBX5HAZMGOU%2F20260223%2Feu-west-1%2Fs3%2Faws4_request&X-Amz-Date=20260223T000638Z&X-Amz-Expires=604800&X-Amz-Signature=c211ea5fe6e1550a3606db8eee7c6e2f3b7ccb9a4eaf4c69b31be672f3e1c863&X-Amz-SignedHeaders=host&response-content-disposition=attachment%3B%20filename%3D6bf4e031-1ec9-86f2-6b13-7d50b317aebd.flac&x-id=GetObject,0.294223934,4455
CRam-2019-03-28_23-40.flac,2019 Creed Road,2019,3,28,23,40,Pseudacris regilla,Common Song,50.05333328,50.45866776,1688,3281,24000,present,https://rfcx-streams-production.s3.eu-west-1.amazonaws.com/2019/03/28/rb003d0w2tap/fad6dc69-aa2f-e7e9-38ee-70e7aabc80b3.flac?X-Amz-Algorithm=AWS4-HMAC-SHA256&X-Amz-Content-Sha256=UNSIGNED-PAYLOAD&X-Amz-Credential=AKIA45B7YWBX5HAZMGOU%2F20260223%2Feu-west-1%2Fs3%2Faws4_request&X-Amz-Date=20260223T000638Z&X-Amz-Expires=604800&X-Amz-Signature=f633f0a60c04c37538a626aa1a0336e2a824137c731439fafeb998f68b11852d&X-Amz-SignedHeaders=host&response-content-disposition=attachment%3B%20filename%3Dfad6dc69-aa2f-e7e9-38ee-70e7aabc80b3.flac&x-id=GetObject,0.217008889,4455
CRam-2019-03-29_00-00.flac,2019 Creed Road,2019,3,29,0,0,Pseudacris regilla,Common Song,18.63466644,19.04000092,1688,3281,24000,present,https://rfcx-streams-production.s3.eu-west-1.amazonaws.com/2019/03/28/rb003d0w2tap/7ceded70-4a7f-5dd9-e109-f617eb6777a6.flac?X-Amz-Algorithm=AWS4-HMAC-SHA256&X-Amz-Content-Sha256=UNSIGNED-PAYLOAD&X-Amz-Credential=AKIA45B7YWBX5HAZMGOU%2F20260223%2Feu-west-1%2Fs3%2Faws4_request&X-Amz-Date=20260223T000633Z&X-Amz-Expires=604800&X-Amz-Signature=fafab42e03e10927cacde628e81be282a474d6603841c59e56ffd291a0990722&X-Amz-SignedHeaders=host&response-content-disposition=attachment%3B%20filename%3D7ceded70-4a7f-5dd9-e109-f617eb6777a6.flac&x-id=GetObject,0.323161781,4455
CRam-2019-03-29_00-20.flac,2019 Creed Road,2019,3,29,0,20,Pseudacris regilla,Common Song,31.04000092,31.44533348,1688,3281,24000,present,https://rfcx-streams-production.s3.eu-west-1.amazonaws.com/2019/03/28/rb003d0w2tap/c0ed90f1-f645-80d3-3bb4-bb0e106fbe29.flac?X-Amz-Algorithm=AWS4-HMAC-SHA256&X-Amz-Content-Sha256=UNSIGNED-PAYLOAD&X-Amz-Credential=AKIA45B7YWBX5HAZMGOU%2F20260223%2Feu-west-1%2Fs3%2Faws4_request&X-Amz-Date=20260223T000638Z&X-Amz-Expires=604800&X-Amz-Signature=760a51b0eb828b0b4cd2e78d1574d5b9296cbcbc9db5c8690d32ede243e6f919&X-Amz-SignedHeaders=host&response-content-disposition=attachment%3B%20filename%3Dc0ed90f1-f645-80d3-3bb4-bb0e106fbe29.flac&x-id=GetObject,0.344205081,4455
CRam-2019-03-29_00-40.flac,2019 Creed Road,2019,3,29,0,40,Pseudacris regilla,Common Song,43.5359993,43.94133377,1688,3281,24000,present,https://rfcx-streams-production.s3.eu-west-1.amazonaws.com/2019/03/28/rb003d0w2tap/a3297d02-55a0-58f4-4a9f-e99c7ff9f189.flac?X-Amz-Algorithm=AWS4-HMAC-SHA256&X-Amz-Content-Sha256=UNSIGNED-PAYLOAD&X-Amz-Credential=AKIA45B7YWBX5HAZMGOU%2F20260223%2Feu-west-1%2Fs3%2Faws4_request&X-Amz-Date=20260223T000638Z&X-Amz-Expires=604800&X-Amz-Signature=59c6c6c30426a45fb46639517860dc4ac056caad3781a175ebc16de4911b1b54&X-Amz-SignedHeaders=host&response-content-disposition=attachment%3B%20filename%3Da3297d02-55a0-58f4-4a9f-e99c7ff9f189.flac&x-id=GetObject,0.253605008,4455
CRam-2019-03-29_01-00.flac,2019 Creed Road,2019,3,29,1,0,Pseudacris regilla,Common Song,55.34400177,55.74933243,1688,3281,24000,present,https://rfcx-streams-production.s3.eu-west-1.amazonaws.com/2019/03/28/rb003d0w2tap/a4be5f75-f67a-6af0-2d2d-43f4734479f9.flac?X-Amz-Algorithm=AWS4-HMAC-SHA256&X-Amz-Content-Sha256=UNSIGNED-PAYLOAD&X-Amz-Credential=AKIA45B7YWBX5HAZMGOU%2F20260223%2Feu-west-1%2Fs3%2Faws4_request&X-Amz-Date=20260223T000633Z&X-Amz-Expires=604800&X-Amz-Signature=adc4832e728319d9bfa00f73c75182141b65a25e6a3ec307227795a591c1640c&X-Amz-SignedHeaders=host&response-content-disposition=attachment%3B%20filename%3Da4be5f75-f67a-6af0-2d2d-43f4734479f9.flac&x-id=GetObject,0.441660196,4455
CRam-2019-03-29_01-20.flac,2019 Creed Road,2019,3,29,1,20,Pseudacris regilla,Common Song,39.73333359,40.13866806,1688,3281,24000,present,https://rfcx-streams-production.s3.eu-west-1.amazonaws.com/2019/03/28/rb003d0w2tap/25f58b60-37cf-d26a-08aa-d6aad6b65563.flac?X-Amz-Algorithm=AWS4-HMAC-SHA256&X-Amz-Content-Sha256=UNSIGNED-PAYLOAD&X-Amz-Credential=AKIA45B7YWBX5HAZMGOU%2F20260223%2Feu-west-1%2Fs3%2Faws4_request&X-Amz-Date=20260223T000638Z&X-Amz-Expires=604800&X-Amz-Signature=784f64820705bc2fa4210d24b5aa5565d84e2fd70581573d86cc7739fb5add89&X-Amz-SignedHeaders=host&response-content-disposition=attachment%3B%20filename%3D25f58b60-37cf-d26a-08aa-d6aad6b65563.flac&x-id=GetObject,0.548107266,4455
CRam-2019-03-29_01-40.flac,2019 Creed Road,2019,3,29,1,40,Pseudacris regilla,Common Song,28.02133369,28.42666626,1688,3281,24000,present,https://rfcx-streams-production.s3.eu-west-1.amazonaws.com/2019/03/28/rb003d0w2tap/681a6896-b12f-04c8-15f8-7b18a3783773.flac?X-Amz-Algorithm=AWS4-HMAC-SHA256&X-Amz-Content-Sha256=UNSIGNED-PAYLOAD&X-Amz-Credential=AKIA45B7YWBX5HAZMGOU%2F20260223%2Feu-west-1%2Fs3%2Faws4_request&X-Amz-Date=20260223T000638Z&X-Amz-Expires=604800&X-Amz-Signature=397cbcd6b8aa05b335f5f9ccf558d4c49064e794201b356b698cc00d16f74456&X-Amz-SignedHeaders=host&response-content-disposition=attachment%3B%20filename%3D681a6896-b12f-04c8-15f8-7b18a3783773.flac&x-id=GetObject,0.393510044,4455
CRam-2019-03-29_02-00.flac,2019 Creed Road,2019,3,29,2,0,Pseudacris regilla,Common Song,45.62133408,46.02666855,1688,3281,24000,present,https://rfcx-streams-production.s3.eu-west-1.amazonaws.com/2019/03/28/rb003d0w2tap/f36fbea9-5119-2117-d573-cd38925de2f2.flac?X-Amz-Algorithm=AWS4-HMAC-SHA256&X-Amz-Content-Sha256=UNSIGNED-PAYLOAD&X-Amz-Credential=AKIA45B7YWBX5HAZMGOU%2F20260223%2Feu-west-1%2Fs3%2Faws4_request&X-Amz-Date=20260223T000633Z&X-Amz-Expires=604800&X-Amz-Signature=7b9264bd9ddeccc62a7d2ae14c408253203e42ea41938448939e7b0ddf06d83a&X-Amz-SignedHeaders=host&response-content-disposition=attachment%3B%20filename%3Df36fbea9-5119-2117-d573-cd38925de2f2.flac&x-id=GetObject,0.421877205,4455
CRam-2019-03-29_02-20.flac,2019 Creed Road,2019,3,29,2,20,Pseudacris regilla,Common Song,6.661333561,7.066666603,1688,3281,24000,present,https://rfcx-streams-production.s3.eu-west-1.amazonaws.com/2019/03/28/rb003d0w2tap/d9574d5d-048b-614a-1698-537e96e29874.flac?X-Amz-Algorithm=AWS4-HMAC-SHA256&X-Amz-Content-Sha256=UNSIGNED-PAYLOAD&X-Amz-Credential=AKIA45B7YWBX5HAZMGOU%2F20260223%2Feu-west-1%2Fs3%2Faws4_request&X-Amz-Date=20260223T000638Z&X-Amz-Expires=604800&X-Amz-Signature=fd3df95bc24dedb3a3b66a546b84a49cfc50aa91b2f2522527dc2e5914bafa0f&X-Amz-SignedHeaders=host&response-content-disposition=attachment%3B%20filename%3Dd9574d5d-048b-614a-1698-537e96e29874.flac&x-id=GetObject,0.453716934,4455
CRam-2019-03-29_03-20.flac,2019 Creed Road,2019,3,29,3,20,Pseudacris regilla,Common Song,27.04533386,27.45066643,1688,3281,24000,present,https://rfcx-streams-production.s3.eu-west-1.amazonaws.com/2019/03/28/rb003d0w2tap/111668d1-9e58-f954-831c-8de7b7d69c62.flac?X-Amz-Algorithm=AWS4-HMAC-SHA256&X-Amz-Content-Sha256=UNSIGNED-PAYLOAD&X-Amz-Credential=AKIA45B7YWBX5HAZMGOU%2F20260223%2Feu-west-1%2Fs3%2Faws4_request&X-Amz-Date=20260223T000638Z&X-Amz-Expires=604800&X-Amz-Signature=3ece157575c75ac3e9e0c4b2e7f5fc40cf81a0c1df91be363e8fd271db2feb02&X-Amz-SignedHeaders=host&response-content-disposition=attachment%3B%20filename%3D111668d1-9e58-f954-831c-8de7b7d69c62.flac&x-id=GetObject,0.215454638,4455
CRam-2019-03-29_03-40.flac,2019 Creed Road,2019,3,29,3,40,Pseudacris regilla,Common Song,44.24000168,44.64533234,1688,3281,24000,present,https://rfcx-streams-production.s3.eu-west-1.amazonaws.com/2019/03/28/rb003d0w2tap/c0f8ec1a-1424-b33e-7639-eafaf0df42fc.flac?X-Amz-Algorithm=AWS4-HMAC-SHA256&X-Amz-Content-Sha256=UNSIGNED-PAYLOAD&X-Amz-Credential=AKIA45B7YWBX5HAZMGOU%2F20260223%2Feu-west-1%2Fs3%2Faws4_request&X-Amz-Date=20260223T000638Z&X-Amz-Expires=604800&X-Amz-Signature=b9c8ca0a22ead057b822788359bc2c5e629b3adfd208c738a6b727ef545370bb&X-Amz-SignedHeaders=host&response-content-disposition=attachment%3B%20filename%3Dc0f8ec1a-1424-b33e-7639-eafaf0df42fc.flac&x-id=GetObject,0.233834296,4455
CRam-2019-03-29_04-00.flac,2019 Creed Road,2019,3,29,4,0,Pseudacris regilla,Common Song,41.62666702,42.0320015,1688,3281,24000,present,https://rfcx-streams-production.s3.eu-west-1.amazonaws.com/2019/03/28/rb003d0w2tap/920c1599-26e5-8865-54f7-2a55f8d2c208.flac?X-Amz-Algorithm=AWS4-HMAC-SHA256&X-Amz-Content-Sha256=UNSIGNED-PAYLOAD&X-Amz-Credential=AKIA45B7YWBX5HAZMGOU%2F20260223%2Feu-west-1%2Fs3%2Faws4_request&X-Amz-Date=20260223T000633Z&X-Amz-Expires=604800&X-Amz-Signature=3e4a853ad5a3d774b5ebebaf2dca30a3a179de5b631c30aaf9cb00f2eefd0493&X-Amz-SignedHeaders=host&response-content-disposition=attachment%3B%20filename%3D920c1599-26e5-8865-54f7-2a55f8d2c208.flac&x-id=GetObject,0.22836493,4455
CRam-2019-03-29_04-20.flac,2019 Creed Road,2019,3,29,4,20,Pseudacris regilla,Common Song,29.27466583,29.68000031,1688,3281,24000,present,https://rfcx-streams-production.s3.eu-west-1.amazonaws.com/2019/03/28/rb003d0w2tap/978ff3b3-fe5a-c3b4-0b77-0c841eac055f.flac?X-Amz-Algorithm=AWS4-HMAC-SHA256&X-Amz-Content-Sha256=UNSIGNED-PAYLOAD&X-Amz-Credential=AKIA45B7YWBX5HAZMGOU%2F20260223%2Feu-west-1%2Fs3%2Faws4_request&X-Amz-Date=20260223T000638Z&X-Amz-Expires=604800&X-Amz-Signature=7178625d4db06e34dc1cbe67d2670d7baebd4ea4703f7089a79f4fb90d4e9f8e&X-Amz-SignedHeaders=host&response-content-disposition=attachment%3B%20filename%3D978ff3b3-fe5a-c3b4-0b77-0c841eac055f.flac&x-id=GetObject,0.231205046,4455
CRam-2019-03-29_05-40.flac,2019 Creed Road,2019,3,29,5,40,Pseudacris regilla,Common Song,44.88000107,45.28533173,1688,3281,24000,present,https://rfcx-streams-production.s3.eu-west-1.amazonaws.com/2019/03/28/rb003d0w2tap/1dfb898e-00a9-c6ae-e46c-92205e3028b1.flac?X-Amz-Algorithm=AWS4-HMAC-SHA256&X-Amz-Content-Sha256=UNSIGNED-PAYLOAD&X-Amz-Credential=AKIA45B7YWBX5HAZMGOU%2F20260223%2Feu-west-1%2Fs3%2Faws4_request&X-Amz-Date=20260223T000638Z&X-Amz-Expires=604800&X-Amz-Signature=4185f04419f688bf6fa0edcc562ae2d5030f9ed658d4bd89ba76380eb61fbbbc&X-Amz-SignedHeaders=host&response-content-disposition=attachment%3B%20filename%3D1dfb898e-00a9-c6ae-e46c-92205e3028b1.flac&x-id=GetObject,0.404406428,4455
CRam-2019-03-29_06-00.flac,2019 Creed Road,2019,3,29,6,0,Pseudacris regilla,Common Song,22.76799965,23.17333412,1688,3281,24000,present,https://rfcx-streams-production.s3.eu-west-1.amazonaws.com/2019/03/28/rb003d0w2tap/d57fc904-026e-f7f8-87c3-98a4878c1896.flac?X-Amz-Algorithm=AWS4-HMAC-SHA256&X-Amz-Content-Sha256=UNSIGNED-PAYLOAD&X-Amz-Credential=AKIA45B7YWBX5HAZMGOU%2F20260223%2Feu-west-1%2Fs3%2Faws4_request&X-Amz-Date=20260223T000633Z&X-Amz-Expires=604800&X-Amz-Signature=73ebb685cc1b037fc11b21db8f8395451fe1339fa573bd7d83cc32c9bedcde45&X-Amz-SignedHeaders=host&response-content-disposition=attachment%3B%20filename%3Dd57fc904-026e-f7f8-87c3-98a4878c1896.flac&x-id=GetObject,0.202970728,4455
CRam-2019-03-29_20-20.flac,2019 Creed Road,2019,3,29,20,20,Pseudacris regilla,Common Song,5.525333405,5.930666447,1688,3281,24000,present,https://rfcx-streams-production.s3.eu-west-1.amazonaws.com/2019/03/29/rb003d0w2tap/ff5a8f0a-a608-fa9e-2c90-63307f51b91c.flac?X-Amz-Algorithm=AWS4-HMAC-SHA256&X-Amz-Content-Sha256=UNSIGNED-PAYLOAD&X-Amz-Credential=AKIA45B7YWBX5HAZMGOU%2F20260223%2Feu-west-1%2Fs3%2Faws4_request&X-Amz-Date=20260223T000638Z&X-Amz-Expires=604800&X-Amz-Signature=755dca0920fef7194899d1ab4568d0e3b3a26aaecd32e8ae761724aab6e39f12&X-Amz-SignedHeaders=host&response-content-disposition=attachment%3B%20filename%3Dff5a8f0a-a608-fa9e-2c90-63307f51b91c.flac&x-id=GetObject,0.278274,4455
CRam-2019-03-29_20-40.flac,2019 Creed Road,2019,3,29,20,40,Pseudacris regilla,Common Song,24.57066727,24.97599983,1688,3281,24000,present,https://rfcx-streams-production.s3.eu-west-1.amazonaws.com/2019/03/29/rb003d0w2tap/87234c5a-768a-2fb5-af33-704080cf4fde.flac?X-Amz-Algorithm=AWS4-HMAC-SHA256&X-Amz-Content-Sha256=UNSIGNED-PAYLOAD&X-Amz-Credential=AKIA45B7YWBX5HAZMGOU%2F20260223%2Feu-west-1%2Fs3%2Faws4_request&X-Amz-Date=20260223T000638Z&X-Amz-Expires=604800&X-Amz-Signature=6caff2a2d8c9230f57a58c3cd1ebf026bcbb5a2fdda0f36d920c2379c181cd92&X-Amz-SignedHeaders=host&response-content-disposition=attachment%3B%20filename%3D87234c5a-768a-2fb5-af33-704080cf4fde.flac&x-id=GetObject,0.257423013,4455
CRam-2019-03-29_21-00.flac,2019 Creed Road,2019,3,29,21,0,Pseudacris regilla,Common Song,33.54133224,33.94666672,1688,3281,24000,present,https://rfcx-streams-production.s3.eu-west-1.amazonaws.com/2019/03/29/rb003d0w2tap/63d7bde8-9afe-1445-b53b-9b4f839e9d1f.flac?X-Amz-Algorithm=AWS4-HMAC-SHA256&X-Amz-Content-Sha256=UNSIGNED-PAYLOAD&X-Amz-Credential=AKIA45B7YWBX5HAZMGOU%2F20260223%2Feu-west-1%2Fs3%2Faws4_request&X-Amz-Date=20260223T000633Z&X-Amz-Expires=604800&X-Amz-Signature=963841fd6e998984cf3143ebf96a1f172da88e363022b0b6e357c1070d4672d0&X-Amz-SignedHeaders=host&response-content-disposition=attachment%3B%20filename%3D63d7bde8-9afe-1445-b53b-9b4f839e9d1f.flac&x-id=GetObject,0.31342569,4455
CRam-2019-03-29_21-20.flac,2019 Creed Road,2019,3,29,21,20,Pseudacris regilla,Common Song,7.664000034,8.069333076,1688,3281,24000,present,https://rfcx-streams-production.s3.eu-west-1.amazonaws.com/2019/03/29/rb003d0w2tap/cb9663d7-3a66-70e3-c761-dd7083623134.flac?X-Amz-Algorithm=AWS4-HMAC-SHA256&X-Amz-Content-Sha256=UNSIGNED-PAYLOAD&X-Amz-Credential=AKIA45B7YWBX5HAZMGOU%2F20260223%2Feu-west-1%2Fs3%2Faws4_request&X-Amz-Date=20260223T000638Z&X-Amz-Expires=604800&X-Amz-Signature=794e0eba1ca5fb022776027d6380f536b39531b597220b38757096747058cb1a&X-Amz-SignedHeaders=host&response-content-disposition=attachment%3B%20filename%3Dcb9663d7-3a66-70e3-c761-dd7083623134.flac&x-id=GetObject,0.325632304,4455
CRam-2019-03-29_21-40.flac,2019 Creed Road,2019,3,29,21,40,Pseudacris regilla,Common Song,30.03733253,30.44266701,1688,3281,24000,present,https://rfcx-streams-production.s3.eu-west-1.amazonaws.com/2019/03/29/rb003d0w2tap/6a975b4f-2c83-59d3-d77e-2ff1c96b4c7e.flac?X-Amz-Algorithm=AWS4-HMAC-SHA256&X-Amz-Content-Sha256=UNSIGNED-PAYLOAD&X-Amz-Credential=AKIA45B7YWBX5HAZMGOU%2F20260223%2Feu-west-1%2Fs3%2Faws4_request&X-Amz-Date=20260223T000638Z&X-Amz-Expires=604800&X-Amz-Signature=cd062d05c5cd81ca4818e1cd504f1a3caa5f6e7d4d206406dc292863cd53016e&X-Amz-SignedHeaders=host&response-content-disposition=attachment%3B%20filename%3D6a975b4f-2c83-59d3-d77e-2ff1c96b4c7e.flac&x-id=GetObject,0.314604193,4455
CRam-2019-03-29_22-00.flac,2019 Creed Road,2019,3,29,22,0,Pseudacris regilla,Common Song,41.02399826,41.42933273,1688,3281,24000,present,https://rfcx-streams-production.s3.eu-west-1.amazonaws.com/2019/03/29/rb003d0w2tap/7be887db-3f25-60cc-1df9-5d3f66d91f68.flac?X-Amz-Algorithm=AWS4-HMAC-SHA256&X-Amz-Content-Sha256=UNSIGNED-PAYLOAD&X-Amz-Credential=AKIA45B7YWBX5HAZMGOU%2F20260223%2Feu-west-1%2Fs3%2Faws4_request&X-Amz-Date=20260223T000633Z&X-Amz-Expires=604800&X-Amz-Signature=3b36bf0f8acae33077ab93baa7bd8a36ecd9e96fa6601a122c1033fbd89daf27&X-Amz-SignedHeaders=host&response-content-disposition=attachment%3B%20filename%3D7be887db-3f25-60cc-1df9-5d3f66d91f68.flac&x-id=GetObject,0.236436248,4455
CRam-2019-03-29_22-20.flac,2019 Creed Road,2019,3,29,22,20,Pseudacris regilla,Common Song,11.43999958,11.8453331,1688,3281,24000,present,https://rfcx-streams-production.s3.eu-west-1.amazonaws.com/2019/03/29/rb003d0w2tap/33a1addb-944b-4c7b-55b7-17a68fd8f992.flac?X-Amz-Algorithm=AWS4-HMAC-SHA256&X-Amz-Content-Sha256=UNSIGNED-PAYLOAD&X-Amz-Credential=AKIA45B7YWBX5HAZMGOU%2F20260223%2Feu-west-1%2Fs3%2Faws4_request&X-Amz-Date=20260223T000638Z&X-Amz-Expires=604800&X-Amz-Signature=d46b3d4de62ceb9952cbb2d92c44379594f8ca969e1cb0f81a9d6079681064ec&X-Amz-SignedHeaders=host&response-content-disposition=attachment%3B%20filename%3D33a1addb-944b-4c7b-55b7-17a68fd8f992.flac&x-id=GetObject,0.339737833,4455
CRam-2019-03-29_22-40.flac,2019 Creed Road,2019,3,29,22,40,Pseudacris regilla,Common Song,46.15999985,46.56533432,1688,3281,24000,present,https://rfcx-streams-production.s3.eu-west-1.amazonaws.com/2019/03/29/rb003d0w2tap/a89fac2a-c86a-62fb-57e8-01b9343c5334.flac?X-Amz-Algorithm=AWS4-HMAC-SHA256&X-Amz-Content-Sha256=UNSIGNED-PAYLOAD&X-Amz-Credential=AKIA45B7YWBX5HAZMGOU%2F20260223%2Feu-west-1%2Fs3%2Faws4_request&X-Amz-Date=20260223T000638Z&X-Amz-Expires=604800&X-Amz-Signature=be23d0b88950796b7f0e60ea1746e251af2abfd5ad3608a6174cd112209b2f08&X-Amz-SignedHeaders=host&response-content-disposition=attachment%3B%20filename%3Da89fac2a-c86a-62fb-57e8-01b9343c5334.flac&x-id=GetObject,0.293929666,4455
CRam-2019-03-29_23-00.flac,2019 Creed Road,2019,3,29,23,0,Pseudacris regilla,Common Song,0.944000006,1.349333286,1688,3281,24000,present,https://rfcx-streams-production.s3.eu-west-1.amazonaws.com/2019/03/29/rb003d0w2tap/d42d7ce7-00ab-8ee5-c83c-c11029ea7f87.flac?X-Amz-Algorithm=AWS4-HMAC-SHA256&X-Amz-Content-Sha256=UNSIGNED-PAYLOAD&X-Amz-Credential=AKIA45B7YWBX5HAZMGOU%2F20260223%2Feu-west-1%2Fs3%2Faws4_request&X-Amz-Date=20260223T000633Z&X-Amz-Expires=604800&X-Amz-Signature=4c6e7152957eae9e325765ddc26656ab6da2f32b1ba6c50d305f01e5d414a950&X-Amz-SignedHeaders=host&response-content-disposition=attachment%3B%20filename%3Dd42d7ce7-00ab-8ee5-c83c-c11029ea7f87.flac&x-id=GetObject,0.30071345,4455
CRam-2019-03-29_23-40.flac,2019 Creed Road,2019,3,29,23,40,Pseudacris regilla,Common Song,30.71999931,31.12533379,1688,3281,24000,present,https://rfcx-streams-production.s3.eu-west-1.amazonaws.com/2019/03/29/rb003d0w2tap/13a53074-430f-9355-02dc-d0b1d7e5f61c.flac?X-Amz-Algorithm=AWS4-HMAC-SHA256&X-Amz-Content-Sha256=UNSIGNED-PAYLOAD&X-Amz-Credential=AKIA45B7YWBX5HAZMGOU%2F20260223%2Feu-west-1%2Fs3%2Faws4_request&X-Amz-Date=20260223T000638Z&X-Amz-Expires=604800&X-Amz-Signature=6e72f3d0a68fa4ad1b659a244604bc6da021ff625ac13a5d99e183cfcbfdc878&X-Amz-SignedHeaders=host&response-content-disposition=attachment%3B%20filename%3D13a53074-430f-9355-02dc-d0b1d7e5f61c.flac&x-id=GetObject,0.294942349,4455
CRam-2019-03-30_00-20.flac,2019 Creed Road,2019,3,30,0,20,Pseudacris regilla,Common Song,28.27733421,28.68266678,1688,3281,24000,present,https://rfcx-streams-production.s3.eu-west-1.amazonaws.com/2019/03/29/rb003d0w2tap/1046d173-7813-f94b-7fee-e8bef16dbc00.flac?X-Amz-Algorithm=AWS4-HMAC-SHA256&X-Amz-Content-Sha256=UNSIGNED-PAYLOAD&X-Amz-Credential=AKIA45B7YWBX5HAZMGOU%2F20260223%2Feu-west-1%2Fs3%2Faws4_request&X-Amz-Date=20260223T000638Z&X-Amz-Expires=604800&X-Amz-Signature=75285b35e6c9e3d180b5da474772af2e4ab3a9a21d7429c9351fd30ee67bad7e&X-Amz-SignedHeaders=host&response-content-disposition=attachment%3B%20filename%3D1046d173-7813-f94b-7fee-e8bef16dbc00.flac&x-id=GetObject,0.269713849,4455
CRam-2019-03-30_02-00.flac,2019 Creed Road,2019,3,30,2,0,Pseudacris regilla,Common Song,2.218666553,2.624000072,1688,3281,24000,present,https://rfcx-streams-production.s3.eu-west-1.amazonaws.com/2019/03/29/rb003d0w2tap/84429c31-674c-1a67-6619-5cff9ee04c9c.flac?X-Amz-Algorithm=AWS4-HMAC-SHA256&X-Amz-Content-Sha256=UNSIGNED-PAYLOAD&X-Amz-Credential=AKIA45B7YWBX5HAZMGOU%2F20260223%2Feu-west-1%2Fs3%2Faws4_request&X-Amz-Date=20260223T000633Z&X-Amz-Expires=604800&X-Amz-Signature=f2e0972c0139f3161866b9c50e253a0ed599666572a5b6213e0bbe901cbdfb1f&X-Amz-SignedHeaders=host&response-content-disposition=attachment%3B%20filename%3D84429c31-674c-1a67-6619-5cff9ee04c9c.flac&x-id=GetObject,0.227995932,4455
CRam-2019-03-30_03-20.flac,2019 Creed Road,2019,3,30,3,20,Pseudacris regilla,Common Song,16.59733391,17.00266647,1688,3281,24000,present,https://rfcx-streams-production.s3.eu-west-1.amazonaws.com/2019/03/29/rb003d0w2tap/8cc241f0-808d-0c73-3d5d-178adb0a2783.flac?X-Amz-Algorithm=AWS4-HMAC-SHA256&X-Amz-Content-Sha256=UNSIGNED-PAYLOAD&X-Amz-Credential=AKIA45B7YWBX5HAZMGOU%2F20260223%2Feu-west-1%2Fs3%2Faws4_request&X-Amz-Date=20260223T000638Z&X-Amz-Expires=604800&X-Amz-Signature=301f20d4146d5b21224ff8eabec2846e6ec9ddcec7d7d82fca540856ae911bfd&X-Amz-SignedHeaders=host&response-content-disposition=attachment%3B%20filename%3D8cc241f0-808d-0c73-3d5d-178adb0a2783.flac&x-id=GetObject,0.259107351,4455
CRam-2019-03-30_05-00.flac,2019 Creed Road,2019,3,30,5,0,Pseudacris regilla,Common Song,4.191999912,4.597333431,1688,3281,24000,present,https://rfcx-streams-production.s3.eu-west-1.amazonaws.com/2019/03/29/rb003d0w2tap/094f81fc-b4f2-4967-6916-c905d7039e50.flac?X-Amz-Algorithm=AWS4-HMAC-SHA256&X-Amz-Content-Sha256=UNSIGNED-PAYLOAD&X-Amz-Credential=AKIA45B7YWBX5HAZMGOU%2F20260223%2Feu-west-1%2Fs3%2Faws4_request&X-Amz-Date=20260223T000633Z&X-Amz-Expires=604800&X-Amz-Signature=945d4bf9b51378466fdad633a9b41c91d213337de3398bedb2b4aaf2d9011441&X-Amz-SignedHeaders=host&response-content-disposition=attachment%3B%20filename%3D094f81fc-b4f2-4967-6916-c905d7039e50.flac&x-id=GetObject,0.222549081,4455
CRam-2019-03-31_20-00.flac,2019 Creed Road,2019,3,31,20,0,Pseudacris regilla,Common Song,0.789333344,1.194666624,1688,3281,24000,present,https://rfcx-streams-production.s3.eu-west-1.amazonaws.com/2019/03/31/rb003d0w2tap/6198bcb0-22fa-4f94-ddfa-537f4133bbbb.flac?X-Amz-Algorithm=AWS4-HMAC-SHA256&X-Amz-Content-Sha256=UNSIGNED-PAYLOAD&X-Amz-Credential=AKIA45B7YWBX5HAZMGOU%2F20260223%2Feu-west-1%2Fs3%2Faws4_request&X-Amz-Date=20260223T000633Z&X-Amz-Expires=604800&X-Amz-Signature=42467f232495907c7aa534522e3f7914d3e988cb215380229c83bf54044fda97&X-Amz-SignedHeaders=host&response-content-disposition=attachment%3B%20filename%3D6198bcb0-22fa-4f94-ddfa-537f4133bbbb.flac&x-id=GetObject,0.219949663,4455
CRam-2019-03-31_20-40.flac,2019 Creed Road,2019,3,31,20,40,Pseudacris regilla,Common Song,12.149333,12.55466652,1688,3281,24000,present,https://rfcx-streams-production.s3.eu-west-1.amazonaws.com/2019/03/31/rb003d0w2tap/dc4f47d2-5022-bbfe-e77c-2055b693b523.flac?X-Amz-Algorithm=AWS4-HMAC-SHA256&X-Amz-Content-Sha256=UNSIGNED-PAYLOAD&X-Amz-Credential=AKIA45B7YWBX5HAZMGOU%2F20260223%2Feu-west-1%2Fs3%2Faws4_request&X-Amz-Date=20260223T000638Z&X-Amz-Expires=604800&X-Amz-Signature=6f18424b789f642a93af3350a6f53e821ea0854667a64ec6c976a092433a9d70&X-Amz-SignedHeaders=host&response-content-disposition=attachment%3B%20filename%3Ddc4f47d2-5022-bbfe-e77c-2055b693b523.flac&x-id=GetObject,0.238664582,4455
CRam-2019-03-31_22-00.flac,2019 Creed Road,2019,3,31,22,0,Pseudacris regilla,Common Song,34.29333496,34.69866562,1688,3281,24000,present,https://rfcx-streams-production.s3.eu-west-1.amazonaws.com/2019/03/31/rb003d0w2tap/a1e23f9c-269c-d2bc-18ac-018208fecf13.flac?X-Amz-Algorithm=AWS4-HMAC-SHA256&X-Amz-Content-Sha256=UNSIGNED-PAYLOAD&X-Amz-Credential=AKIA45B7YWBX5HAZMGOU%2F20260223%2Feu-west-1%2Fs3%2Faws4_request&X-Amz-Date=20260223T000633Z&X-Amz-Expires=604800&X-Amz-Signature=56351f5635b2da6b1fcb8ebf8ad2e03f503c7545ece614281c09f326257db6ce&X-Amz-SignedHeaders=host&response-content-disposition=attachment%3B%20filename%3Da1e23f9c-269c-d2bc-18ac-018208fecf13.flac&x-id=GetObject,0.20883581,4455
CRam-2019-03-31_23-20.flac,2019 Creed Road,2019,3,31,23,20,Pseudacris regilla,Common Song,41.7120018,42.11733246,1688,3281,24000,present,https://rfcx-streams-production.s3.eu-west-1.amazonaws.com/2019/03/31/rb003d0w2tap/9286aaf2-6494-df92-a671-f4b5977bf5da.flac?X-Amz-Algorithm=AWS4-HMAC-SHA256&X-Amz-Content-Sha256=UNSIGNED-PAYLOAD&X-Amz-Credential=AKIA45B7YWBX5HAZMGOU%2F20260223%2Feu-west-1%2Fs3%2Faws4_request&X-Amz-Date=20260223T000638Z&X-Amz-Expires=604800&X-Amz-Signature=2d5e6fd488d7ddae17c5eaace063d8a5a2c208f3df243ae3b817afe94284e7ef&X-Amz-SignedHeaders=host&response-content-disposition=attachment%3B%20filename%3D9286aaf2-6494-df92-a671-f4b5977bf5da.flac&x-id=GetObject,0.208233759,4455
CRam-2019-04-01_00-40.flac,2019 Creed Road,2019,4,1,0,40,Pseudacris regilla,Common Song,40.60266495,41.00799942,1688,3281,24000,present,https://rfcx-streams-production.s3.eu-west-1.amazonaws.com/2019/03/31/rb003d0w2tap/2fd80953-026e-5652-ec48-a27462c72a73.flac?X-Amz-Algorithm=AWS4-HMAC-SHA256&X-Amz-Content-Sha256=UNSIGNED-PAYLOAD&X-Amz-Credential=AKIA45B7YWBX5HAZMGOU%2F20260223%2Feu-west-1%2Fs3%2Faws4_request&X-Amz-Date=20260223T000638Z&X-Amz-Expires=604800&X-Amz-Signature=c070e8f34228baee5db1d43a9ac40e63e39c32f29a809f2b1e759fb03f6f31b0&X-Amz-SignedHeaders=host&response-content-disposition=attachment%3B%20filename%3D2fd80953-026e-5652-ec48-a27462c72a73.flac&x-id=GetObject,0.262971759,4455
CRam-2019-04-01_01-00.flac,2019 Creed Road,2019,4,1,1,0,Pseudacris regilla,Common Song,31.77599907,32.18133163,1688,3281,24000,present,https://rfcx-streams-production.s3.eu-west-1.amazonaws.com/2019/03/31/rb003d0w2tap/da81f366-4c3e-af31-209a-319a5fd8f23c.flac?X-Amz-Algorithm=AWS4-HMAC-SHA256&X-Amz-Content-Sha256=UNSIGNED-PAYLOAD&X-Amz-Credential=AKIA45B7YWBX5HAZMGOU%2F20260223%2Feu-west-1%2Fs3%2Faws4_request&X-Amz-Date=20260223T000633Z&X-Amz-Expires=604800&X-Amz-Signature=cce8cc6aec5ff2dee3521e99729a5f5b00522ee80169bee88064326c51547510&X-Amz-SignedHeaders=host&response-content-disposition=attachment%3B%20filename%3Dda81f366-4c3e-af31-209a-319a5fd8f23c.flac&x-id=GetObject,0.203322366,4455
CRam-2019-04-04_21-40.flac,2019 Creed Road,2019,4,4,21,40,Pseudacris regilla,Common Song,41.13600159,41.54133224,1688,3281,24000,present,https://rfcx-streams-production.s3.eu-west-1.amazonaws.com/2019/04/04/rb003d0w2tap/148c5919-2a45-ff5e-fad5-f149a1e83203.flac?X-Amz-Algorithm=AWS4-HMAC-SHA256&X-Amz-Content-Sha256=UNSIGNED-PAYLOAD&X-Amz-Credential=AKIA45B7YWBX5HAZMGOU%2F20260223%2Feu-west-1%2Fs3%2Faws4_request&X-Amz-Date=20260223T000639Z&X-Amz-Expires=604800&X-Amz-Signature=e53f008ef7987d174596e232711a5060252f1ed0b54e64b7e42fa2513cb36595&X-Amz-SignedHeaders=host&response-content-disposition=attachment%3B%20filename%3D148c5919-2a45-ff5e-fad5-f149a1e83203.flac&x-id=GetObject,0.241394818,4455
CRam-2019-04-04_23-40.flac,2019 Creed Road,2019,4,4,23,40,Pseudacris regilla,Common Song,7.834666729,8.239999771,1688,3281,24000,present,https://rfcx-streams-production.s3.eu-west-1.amazonaws.com/2019/04/04/rb003d0w2tap/8b5a5a10-7024-1c6a-5605-b487394ef152.flac?X-Amz-Algorithm=AWS4-HMAC-SHA256&X-Amz-Content-Sha256=UNSIGNED-PAYLOAD&X-Amz-Credential=AKIA45B7YWBX5HAZMGOU%2F20260223%2Feu-west-1%2Fs3%2Faws4_request&X-Amz-Date=20260223T000639Z&X-Amz-Expires=604800&X-Amz-Signature=9eeb53d67bc9a9686119ac35ea050f0bceda7ed931e80c753722ec5a44fec0e3&X-Amz-SignedHeaders=host&response-content-disposition=attachment%3B%20filename%3D8b5a5a10-7024-1c6a-5605-b487394ef152.flac&x-id=GetObject,0.364066988,4455
CRam-2019-04-05_00-00.flac,2019 Creed Road,2019,4,5,0,0,Pseudacris regilla,Common Song,59.50933456,59.91466522,1688,3281,24000,present,https://rfcx-streams-production.s3.eu-west-1.amazonaws.com/2019/04/04/rb003d0w2tap/456a3f88-482c-99dd-48ec-67b1405a8d84.flac?X-Amz-Algorithm=AWS4-HMAC-SHA256&X-Amz-Content-Sha256=UNSIGNED-PAYLOAD&X-Amz-Credential=AKIA45B7YWBX5HAZMGOU%2F20260223%2Feu-west-1%2Fs3%2Faws4_request&X-Amz-Date=20260223T000633Z&X-Amz-Expires=604800&X-Amz-Signature=fc7ea5be1592f7b8352f8f72396432587f3e952d68481975fe2a0449688375bd&X-Amz-SignedHeaders=host&response-content-disposition=attachment%3B%20filename%3D456a3f88-482c-99dd-48ec-67b1405a8d84.flac&x-id=GetObject,0.243707001,4455
CRam-2019-04-05_00-20.flac,2019 Creed Road,2019,4,5,0,20,Pseudacris regilla,Common Song,3.584000111,3.989333391,1688,3281,24000,present,https://rfcx-streams-production.s3.eu-west-1.amazonaws.com/2019/04/04/rb003d0w2tap/d57d8785-fa43-8e43-0b23-89457799f0c6.flac?X-Amz-Algorithm=AWS4-HMAC-SHA256&X-Amz-Content-Sha256=UNSIGNED-PAYLOAD&X-Amz-Credential=AKIA45B7YWBX5HAZMGOU%2F20260223%2Feu-west-1%2Fs3%2Faws4_request&X-Amz-Date=20260223T000639Z&X-Amz-Expires=604800&X-Amz-Signature=07dd18bc1378de4f5a84fdb547c6682452b7347ab54908ebb2d8e8bccbd0b2cf&X-Amz-SignedHeaders=host&response-content-disposition=attachment%3B%20filename%3Dd57d8785-fa43-8e43-0b23-89457799f0c6.flac&x-id=GetObject,0.390097439,4455
CRam-2019-04-05_00-40.flac,2019 Creed Road,2019,4,5,0,40,Pseudacris regilla,Common Song,17.68533325,18.09066582,1688,3281,24000,present,https://rfcx-streams-production.s3.eu-west-1.amazonaws.com/2019/04/04/rb003d0w2tap/16adf505-5996-5fac-1504-9790baac92cc.flac?X-Amz-Algorithm=AWS4-HMAC-SHA256&X-Amz-Content-Sha256=UNSIGNED-PAYLOAD&X-Amz-Credential=AKIA45B7YWBX5HAZMGOU%2F20260223%2Feu-west-1%2Fs3%2Faws4_request&X-Amz-Date=20260223T000639Z&X-Amz-Expires=604800&X-Amz-Signature=ea5d44fa143db4ba143c7c77cb1befed5a69ae3173ffae69a83d799da05008dc&X-Amz-SignedHeaders=host&response-content-disposition=attachment%3B%20filename%3D16adf505-5996-5fac-1504-9790baac92cc.flac&x-id=GetObject,0.250310749,4455
CRam-2019-04-05_01-00.flac,2019 Creed Road,2019,4,5,1,0,Pseudacris regilla,Common Song,55.14133453,55.54666519,1688,3281,24000,present,https://rfcx-streams-production.s3.eu-west-1.amazonaws.com/2019/04/04/rb003d0w2tap/f77f796f-b675-56c8-6dc7-6510eb545242.flac?X-Amz-Algorithm=AWS4-HMAC-SHA256&X-Amz-Content-Sha256=UNSIGNED-PAYLOAD&X-Amz-Credential=AKIA45B7YWBX5HAZMGOU%2F20260223%2Feu-west-1%2Fs3%2Faws4_request&X-Amz-Date=20260223T000633Z&X-Amz-Expires=604800&X-Amz-Signature=f82bcb6154b254f19ef78537ea86e90b4a17214b747793c328d9884462c7715c&X-Amz-SignedHeaders=host&response-content-disposition=attachment%3B%20filename%3Df77f796f-b675-56c8-6dc7-6510eb545242.flac&x-id=GetObject,0.25443837,4455
CRam-2019-04-05_01-40.flac,2019 Creed Road,2019,4,5,1,40,Pseudacris regilla,Common Song,23.75466728,24.15999985,1688,3281,24000,present,https://rfcx-streams-production.s3.eu-west-1.amazonaws.com/2019/04/04/rb003d0w2tap/92556a29-1ba8-3b36-2830-14545139d28d.flac?X-Amz-Algorithm=AWS4-HMAC-SHA256&X-Amz-Content-Sha256=UNSIGNED-PAYLOAD&X-Amz-Credential=AKIA45B7YWBX5HAZMGOU%2F20260223%2Feu-west-1%2Fs3%2Faws4_request&X-Amz-Date=20260223T000639Z&X-Amz-Expires=604800&X-Amz-Signature=1b86b5caf85c782bb5851ddad29b82d1bc5f9c2b94274c97179bc41f607e2356&X-Amz-SignedHeaders=host&response-content-disposition=attachment%3B%20filename%3D92556a29-1ba8-3b36-2830-14545139d28d.flac&x-id=GetObject,0.271877736,4455
CRam-2019-04-05_21-20.flac,2019 Creed Road,2019,4,5,21,20,Pseudacris regilla,Common Song,28.03199959,28.43733406,1688,3281,24000,present,https://rfcx-streams-production.s3.eu-west-1.amazonaws.com/2019/04/05/rb003d0w2tap/2156209c-b891-cf14-a945-da33ad01a9ef.flac?X-Amz-Algorithm=AWS4-HMAC-SHA256&X-Amz-Content-Sha256=UNSIGNED-PAYLOAD&X-Amz-Credential=AKIA45B7YWBX5HAZMGOU%2F20260223%2Feu-west-1%2Fs3%2Faws4_request&X-Amz-Date=20260223T000639Z&X-Amz-Expires=604800&X-Amz-Signature=f638c65ca72f16e275a3ca0c33ecdc5d995779d73b7e85d096e1ae165c0e7d87&X-Amz-SignedHeaders=host&response-content-disposition=attachment%3B%20filename%3D2156209c-b891-cf14-a945-da33ad01a9ef.flac&x-id=GetObject,0.445367932,4455
CRam-2019-04-05_22-20.flac,2019 Creed Road,2019,4,5,22,20,Pseudacris regilla,Common Song,22.77866745,23.18400002,1688,3281,24000,present,https://rfcx-streams-production.s3.eu-west-1.amazonaws.com/2019/04/05/rb003d0w2tap/3415b61c-4a1f-2ef7-8229-37bf652aca45.flac?X-Amz-Algorithm=AWS4-HMAC-SHA256&X-Amz-Content-Sha256=UNSIGNED-PAYLOAD&X-Amz-Credential=AKIA45B7YWBX5HAZMGOU%2F20260223%2Feu-west-1%2Fs3%2Faws4_request&X-Amz-Date=20260223T000639Z&X-Amz-Expires=604800&X-Amz-Signature=1f31d6bf3b57ac61084c2037e906f76f112c63d61e28da2a209766c197d15233&X-Amz-SignedHeaders=host&response-content-disposition=attachment%3B%20filename%3D3415b61c-4a1f-2ef7-8229-37bf652aca45.flac&x-id=GetObject,0.256076425,4455
CRam-2019-04-05_22-40.flac,2019 Creed Road,2019,4,5,22,40,Pseudacris regilla,Common Song,11.66933346,12.07466698,1688,3281,24000,present,https://rfcx-streams-production.s3.eu-west-1.amazonaws.com/2019/04/05/rb003d0w2tap/1d8f189e-8c87-3537-2418-0be48e2c6ce1.flac?X-Amz-Algorithm=AWS4-HMAC-SHA256&X-Amz-Content-Sha256=UNSIGNED-PAYLOAD&X-Amz-Credential=AKIA45B7YWBX5HAZMGOU%2F20260223%2Feu-west-1%2Fs3%2Faws4_request&X-Amz-Date=20260223T000639Z&X-Amz-Expires=604800&X-Amz-Signature=ce313c332677ca666fecb6d668549b6b549a97ddda99201f3ad249c904168c60&X-Amz-SignedHeaders=host&response-content-disposition=attachment%3B%20filename%3D1d8f189e-8c87-3537-2418-0be48e2c6ce1.flac&x-id=GetObject,0.292220682,4455
CRam-2019-04-09_20-36.flac,2019 Creed Road,2019,4,9,20,36,Pseudacris regilla,Common Song,1.701333284,2.106666565,1688,3281,24000,present,https://rfcx-streams-production.s3.eu-west-1.amazonaws.com/2019/04/09/rb003d0w2tap/992a09b9-ba70-bfb8-6271-11e91769d438.flac?X-Amz-Algorithm=AWS4-HMAC-SHA256&X-Amz-Content-Sha256=UNSIGNED-PAYLOAD&X-Amz-Credential=AKIA45B7YWBX5HAZMGOU%2F20260223%2Feu-west-1%2Fs3%2Faws4_request&X-Amz-Date=20260223T000639Z&X-Amz-Expires=604800&X-Amz-Signature=26f9c95627ad7c4400794b5acc70e779b6be23e9d5ad6df61e980117ee05ad19&X-Amz-SignedHeaders=host&response-content-disposition=attachment%3B%20filename%3D992a09b9-ba70-bfb8-6271-11e91769d438.flac&x-id=GetObject,0.372700989,4455
CRam-2019-04-09_20-56.flac,2019 Creed Road,2019,4,9,20,56,Pseudacris regilla,Common Song,53.5253334,53.93066788,1688,3281,24000,present,https://rfcx-streams-production.s3.eu-west-1.amazonaws.com/2019/04/09/rb003d0w2tap/21c7d12f-754b-21d9-3754-2683fe2dbf30.flac?X-Amz-Algorithm=AWS4-HMAC-SHA256&X-Amz-Content-Sha256=UNSIGNED-PAYLOAD&X-Amz-Credential=AKIA45B7YWBX5HAZMGOU%2F20260223%2Feu-west-1%2Fs3%2Faws4_request&X-Amz-Date=20260223T000639Z&X-Amz-Expires=604800&X-Amz-Signature=ea5cdf1ea2b915c431715e429648331ea477560dec1dab6d2a9f3a8cfd8fa81a&X-Amz-SignedHeaders=host&response-content-disposition=attachment%3B%20filename%3D21c7d12f-754b-21d9-3754-2683fe2dbf30.flac&x-id=GetObject,0.387425959,4455
CRam-2019-04-09_21-15.flac,2019 Creed Road,2019,4,9,21,15,Pseudacris regilla,Common Song,42.11199951,42.51733398,1688,3281,24000,present,https://rfcx-streams-production.s3.eu-west-1.amazonaws.com/2019/04/09/rb003d0w2tap/eac7799f-16e0-e5e7-7bf9-db599fa1dbce.flac?X-Amz-Algorithm=AWS4-HMAC-SHA256&X-Amz-Content-Sha256=UNSIGNED-PAYLOAD&X-Amz-Credential=AKIA45B7YWBX5HAZMGOU%2F20260223%2Feu-west-1%2Fs3%2Faws4_request&X-Amz-Date=20260223T000635Z&X-Amz-Expires=604800&X-Amz-Signature=64f8043edc76f014c0f385de5a05255e23ed4ba90794d912fe26f3e915d7d604&X-Amz-SignedHeaders=host&response-content-disposition=attachment%3B%20filename%3Deac7799f-16e0-e5e7-7bf9-db599fa1dbce.flac&x-id=GetObject,0.375756234,4455
CRam-2019-04-09_21-35.flac,2019 Creed Road,2019,4,9,21,35,Pseudacris regilla,Common Song,51.58933258,51.99466705,1688,3281,24000,present,https://rfcx-streams-production.s3.eu-west-1.amazonaws.com/2019/04/09/rb003d0w2tap/36f27c51-2de4-0945-f01e-7e1737074ad5.flac?X-Amz-Algorithm=AWS4-HMAC-SHA256&X-Amz-Content-Sha256=UNSIGNED-PAYLOAD&X-Amz-Credential=AKIA45B7YWBX5HAZMGOU%2F20260223%2Feu-west-1%2Fs3%2Faws4_request&X-Amz-Date=20260223T000639Z&X-Amz-Expires=604800&X-Amz-Signature=0cfa461e2f866206b181508b41e03d0aab18d5512153f27ef61068b2b55581f2&X-Amz-SignedHeaders=host&response-content-disposition=attachment%3B%20filename%3D36f27c51-2de4-0945-f01e-7e1737074ad5.flac&x-id=GetObject,0.384589821,4455
CRam-2019-04-09_21-55.flac,2019 Creed Road,2019,4,9,21,55,Pseudacris regilla,Common Song,10.06400013,10.46933365,1688,3281,24000,present,https://rfcx-streams-production.s3.eu-west-1.amazonaws.com/2019/04/09/rb003d0w2tap/897cd1e4-b729-a3b7-aeb6-e9dd4c4411ff.flac?X-Amz-Algorithm=AWS4-HMAC-SHA256&X-Amz-Content-Sha256=UNSIGNED-PAYLOAD&X-Amz-Credential=AKIA45B7YWBX5HAZMGOU%2F20260223%2Feu-west-1%2Fs3%2Faws4_request&X-Amz-Date=20260223T000639Z&X-Amz-Expires=604800&X-Amz-Signature=b7f4c13739448bfc9d59499814c68b3c1cc24f6f1373d916294bc15d4a657521&X-Amz-SignedHeaders=host&response-content-disposition=attachment%3B%20filename%3D897cd1e4-b729-a3b7-aeb6-e9dd4c4411ff.flac&x-id=GetObject,0.499397635,4455
CRam-2019-04-09_22-14.flac,2019 Creed Road,2019,4,9,22,14,Pseudacris regilla,Common Song,26.90133286,27.30666733,1688,3281,24000,present,https://rfcx-streams-production.s3.eu-west-1.amazonaws.com/2019/04/09/rb003d0w2tap/65762525-f7b0-4671-b29a-3b095422af4b.flac?X-Amz-Algorithm=AWS4-HMAC-SHA256&X-Amz-Content-Sha256=UNSIGNED-PAYLOAD&X-Amz-Credential=AKIA45B7YWBX5HAZMGOU%2F20260223%2Feu-west-1%2Fs3%2Faws4_request&X-Amz-Date=20260223T000635Z&X-Amz-Expires=604800&X-Amz-Signature=df5a483b78c3ce67c67f67bb0d89dc7feb416b619b0ea36e0126f147f269b290&X-Amz-SignedHeaders=host&response-content-disposition=attachment%3B%20filename%3D65762525-f7b0-4671-b29a-3b095422af4b.flac&x-id=GetObject,0.252756715,4455
CRam-2019-04-09_22-34.flac,2019 Creed Road,2019,4,9,22,34,Pseudacris regilla,Common Song,59.40800095,59.8133316,1688,3281,24000,present,https://rfcx-streams-production.s3.eu-west-1.amazonaws.com/2019/04/09/rb003d0w2tap/6fe9344d-4678-d2a9-cedc-fef4024f715e.flac?X-Amz-Algorithm=AWS4-HMAC-SHA256&X-Amz-Content-Sha256=UNSIGNED-PAYLOAD&X-Amz-Credential=AKIA45B7YWBX5HAZMGOU%2F20260223%2Feu-west-1%2Fs3%2Faws4_request&X-Amz-Date=20260223T000639Z&X-Amz-Expires=604800&X-Amz-Signature=e1ae32c50c42f47c60a18acf3e01ba1d7c3d6a6214d770bc6cb4ab6e99f76576&X-Amz-SignedHeaders=host&response-content-disposition=attachment%3B%20filename%3D6fe9344d-4678-d2a9-cedc-fef4024f715e.flac&x-id=GetObject,0.45275557,4455
CRam-2019-04-09_22-54.flac,2019 Creed Road,2019,4,9,22,54,Pseudacris regilla,Common Song,6.794666767,7.199999809,1688,3281,24000,present,https://rfcx-streams-production.s3.eu-west-1.amazonaws.com/2019/04/09/rb003d0w2tap/59d0220a-71ac-cc65-b968-ddce2d9e4e01.flac?X-Amz-Algorithm=AWS4-HMAC-SHA256&X-Amz-Content-Sha256=UNSIGNED-PAYLOAD&X-Amz-Credential=AKIA45B7YWBX5HAZMGOU%2F20260223%2Feu-west-1%2Fs3%2Faws4_request&X-Amz-Date=20260223T000639Z&X-Amz-Expires=604800&X-Amz-Signature=b4de425755d6b91f30d1cb58dc09d813f0bfcecde14327ad384aa58f00b6a90f&X-Amz-SignedHeaders=host&response-content-disposition=attachment%3B%20filename%3D59d0220a-71ac-cc65-b968-ddce2d9e4e01.flac&x-id=GetObject,0.412964642,4455
CRam-2019-04-09_23-13.flac,2019 Creed Road,2019,4,9,23,13,Pseudacris regilla,Common Song,17.50933266,17.91466713,1688,3281,24000,present,https://rfcx-streams-production.s3.eu-west-1.amazonaws.com/2019/04/09/rb003d0w2tap/502bdf3b-9317-e27a-d3b9-c57d65c00ff0.flac?X-Amz-Algorithm=AWS4-HMAC-SHA256&X-Amz-Content-Sha256=UNSIGNED-PAYLOAD&X-Amz-Credential=AKIA45B7YWBX5HAZMGOU%2F20260223%2Feu-west-1%2Fs3%2Faws4_request&X-Amz-Date=20260223T000635Z&X-Amz-Expires=604800&X-Amz-Signature=b3ea69650a9da07259328033ca3e3bbc40ed64176b999ef8740e1b0723af8b91&X-Amz-SignedHeaders=host&response-content-disposition=attachment%3B%20filename%3D502bdf3b-9317-e27a-d3b9-c57d65c00ff0.flac&x-id=GetObject,0.499609172,4455
CRam-2019-04-09_23-33.flac,2019 Creed Road,2019,4,9,23,33,Pseudacris regilla,Common Song,45.36533356,45.77066803,1688,3281,24000,present,https://rfcx-streams-production.s3.eu-west-1.amazonaws.com/2019/04/09/rb003d0w2tap/93c652de-001e-d398-f48e-bcf17ee1085c.flac?X-Amz-Algorithm=AWS4-HMAC-SHA256&X-Amz-Content-Sha256=UNSIGNED-PAYLOAD&X-Amz-Credential=AKIA45B7YWBX5HAZMGOU%2F20260223%2Feu-west-1%2Fs3%2Faws4_request&X-Amz-Date=20260223T000639Z&X-Amz-Expires=604800&X-Amz-Signature=cceba1d219634b29808518bd30b786b12f2d79c99122ca08cfc2f5c313cb8d56&X-Amz-SignedHeaders=host&response-content-disposition=attachment%3B%20filename%3D93c652de-001e-d398-f48e-bcf17ee1085c.flac&x-id=GetObject,0.550973356,4455
CRam-2019-04-09_23-53.flac,2019 Creed Road,2019,4,9,23,53,Pseudacris regilla,Common Song,19.24266624,19.64800072,1688,3281,24000,present,https://rfcx-streams-production.s3.eu-west-1.amazonaws.com/2019/04/09/rb003d0w2tap/c7211bbb-095f-a2f3-fb2d-8446477cfba9.flac?X-Amz-Algorithm=AWS4-HMAC-SHA256&X-Amz-Content-Sha256=UNSIGNED-PAYLOAD&X-Amz-Credential=AKIA45B7YWBX5HAZMGOU%2F20260223%2Feu-west-1%2Fs3%2Faws4_request&X-Amz-Date=20260223T000639Z&X-Amz-Expires=604800&X-Amz-Signature=85d34ad3ca57645fafa8b3991cb60a59b24d14b4366584878e35ff75c604aa06&X-Amz-SignedHeaders=host&response-content-disposition=attachment%3B%20filename%3Dc7211bbb-095f-a2f3-fb2d-8446477cfba9.flac&x-id=GetObject,0.617265463,4455
CRam-2019-04-10_00-12.flac,2019 Creed Road,2019,4,10,0,12,Pseudacris regilla,Common Song,37.69599915,38.10133362,1688,3281,24000,present,https://rfcx-streams-production.s3.eu-west-1.amazonaws.com/2019/04/09/rb003d0w2tap/313319cd-b855-375b-ac2a-5b05ad361bfd.flac?X-Amz-Algorithm=AWS4-HMAC-SHA256&X-Amz-Content-Sha256=UNSIGNED-PAYLOAD&X-Amz-Credential=AKIA45B7YWBX5HAZMGOU%2F20260223%2Feu-west-1%2Fs3%2Faws4_request&X-Amz-Date=20260223T000635Z&X-Amz-Expires=604800&X-Amz-Signature=75d726e89f4113ed57d83827092714ab021abd0762217a2476549ac74cd7ceff&X-Amz-SignedHeaders=host&response-content-disposition=attachment%3B%20filename%3D313319cd-b855-375b-ac2a-5b05ad361bfd.flac&x-id=GetObject,0.552366257,4455
CRam-2019-04-10_00-32.flac,2019 Creed Road,2019,4,10,0,32,Pseudacris regilla,Common Song,46.14933395,46.55466843,1688,3281,24000,present,https://rfcx-streams-production.s3.eu-west-1.amazonaws.com/2019/04/09/rb003d0w2tap/39eb2371-8623-87e9-714a-1543b2d2e170.flac?X-Amz-Algorithm=AWS4-HMAC-SHA256&X-Amz-Content-Sha256=UNSIGNED-PAYLOAD&X-Amz-Credential=AKIA45B7YWBX5HAZMGOU%2F20260223%2Feu-west-1%2Fs3%2Faws4_request&X-Amz-Date=20260223T000639Z&X-Amz-Expires=604800&X-Amz-Signature=d1f23d0e4154cf18cf5c0640c633533f7f03b1a39487f5f49a835fceefbec7bb&X-Amz-SignedHeaders=host&response-content-disposition=attachment%3B%20filename%3D39eb2371-8623-87e9-714a-1543b2d2e170.flac&x-id=GetObject,0.477462739,4455
CRam-2019-04-10_00-52.flac,2019 Creed Road,2019,4,10,0,52,Pseudacris regilla,Common Song,41.57866669,41.98400116,1688,3281,24000,present,https://rfcx-streams-production.s3.eu-west-1.amazonaws.com/2019/04/09/rb003d0w2tap/2ceee6b5-336c-e841-4583-fc919fc0c226.flac?X-Amz-Algorithm=AWS4-HMAC-SHA256&X-Amz-Content-Sha256=UNSIGNED-PAYLOAD&X-Amz-Credential=AKIA45B7YWBX5HAZMGOU%2F20260223%2Feu-west-1%2Fs3%2Faws4_request&X-Amz-Date=20260223T000639Z&X-Amz-Expires=604800&X-Amz-Signature=d958fff61fcfc08094bb1223e3061e218332d44765bf977549b4cef6578673bc&X-Amz-SignedHeaders=host&response-content-disposition=attachment%3B%20filename%3D2ceee6b5-336c-e841-4583-fc919fc0c226.flac&x-id=GetObject,0.579128265,4455
CRam-2019-04-10_01-11.flac,2019 Creed Road,2019,4,10,1,11,Pseudacris regilla,Common Song,14.05333328,14.4586668,1688,3281,24000,present,https://rfcx-streams-production.s3.eu-west-1.amazonaws.com/2019/04/09/rb003d0w2tap/c011e415-ecb1-5262-ea3b-f862f5a5890b.flac?X-Amz-Algorithm=AWS4-HMAC-SHA256&X-Amz-Content-Sha256=UNSIGNED-PAYLOAD&X-Amz-Credential=AKIA45B7YWBX5HAZMGOU%2F20260223%2Feu-west-1%2Fs3%2Faws4_request&X-Amz-Date=20260223T000635Z&X-Amz-Expires=604800&X-Amz-Signature=3adce2c3e27b763372cadce9aab46fc769bea2f8fef442cbd742f65adefd45aa&X-Amz-SignedHeaders=host&response-content-disposition=attachment%3B%20filename%3Dc011e415-ecb1-5262-ea3b-f862f5a5890b.flac&x-id=GetObject,0.559046268,4455
CRam-2019-04-10_01-31.flac,2019 Creed Road,2019,4,10,1,31,Pseudacris regilla,Common Song,16.298666,16.70400047,1688,3281,24000,present,https://rfcx-streams-production.s3.eu-west-1.amazonaws.com/2019/04/09/rb003d0w2tap/e8b5c8a7-03f3-7f29-eba2-7c755a807b26.flac?X-Amz-Algorithm=AWS4-HMAC-SHA256&X-Amz-Content-Sha256=UNSIGNED-PAYLOAD&X-Amz-Credential=AKIA45B7YWBX5HAZMGOU%2F20260223%2Feu-west-1%2Fs3%2Faws4_request&X-Amz-Date=20260223T000639Z&X-Amz-Expires=604800&X-Amz-Signature=702f2ee03385922baab077af5304a1cbb42cbc1a5e09c53bf3562cb6e12140bf&X-Amz-SignedHeaders=host&response-content-disposition=attachment%3B%20filename%3De8b5c8a7-03f3-7f29-eba2-7c755a807b26.flac&x-id=GetObject,0.594210386,4455
CRam-2019-04-10_01-51.flac,2019 Creed Road,2019,4,10,1,51,Pseudacris regilla,Common Song,18.73600006,19.14133263,1688,3281,24000,present,https://rfcx-streams-production.s3.eu-west-1.amazonaws.com/2019/04/09/rb003d0w2tap/543cd81a-5f62-2c5f-ed3b-b4affbd5cc76.flac?X-Amz-Algorithm=AWS4-HMAC-SHA256&X-Amz-Content-Sha256=UNSIGNED-PAYLOAD&X-Amz-Credential=AKIA45B7YWBX5HAZMGOU%2F20260223%2Feu-west-1%2Fs3%2Faws4_request&X-Amz-Date=20260223T000639Z&X-Amz-Expires=604800&X-Amz-Signature=7c7761b21f58453304e6c443a30e260b75aa47dd2495881f503e46ef363a89e0&X-Amz-SignedHeaders=host&response-content-disposition=attachment%3B%20filename%3D543cd81a-5f62-2c5f-ed3b-b4affbd5cc76.flac&x-id=GetObject,0.600459933,4455
CRam-2019-04-10_02-10.flac,2019 Creed Road,2019,4,10,2,10,Pseudacris regilla,Common Song,34.1866684,34.59199905,1688,3281,24000,present,https://rfcx-streams-production.s3.eu-west-1.amazonaws.com/2019/04/09/rb003d0w2tap/eda708fa-c6be-2c10-3357-41fcfc7a667a.flac?X-Amz-Algorithm=AWS4-HMAC-SHA256&X-Amz-Content-Sha256=UNSIGNED-PAYLOAD&X-Amz-Credential=AKIA45B7YWBX5HAZMGOU%2F20260223%2Feu-west-1%2Fs3%2Faws4_request&X-Amz-Date=20260223T000635Z&X-Amz-Expires=604800&X-Amz-Signature=ff041bfbc22cad4d68076960df3afce5c5832604e863836b85f5876470510927&X-Amz-SignedHeaders=host&response-content-disposition=attachment%3B%20filename%3Deda708fa-c6be-2c10-3357-41fcfc7a667a.flac&x-id=GetObject,0.570535123,4455
CRam-2019-04-10_02-30.flac,2019 Creed Road,2019,4,10,2,30,Pseudacris regilla,Common Song,23.46666718,23.87199974,1688,3281,24000,present,https://rfcx-streams-production.s3.eu-west-1.amazonaws.com/2019/04/09/rb003d0w2tap/6d8f86a1-819a-4a2c-556e-f2c9788786e8.flac?X-Amz-Algorithm=AWS4-HMAC-SHA256&X-Amz-Content-Sha256=UNSIGNED-PAYLOAD&X-Amz-Credential=AKIA45B7YWBX5HAZMGOU%2F20260223%2Feu-west-1%2Fs3%2Faws4_request&X-Amz-Date=20260223T000639Z&X-Amz-Expires=604800&X-Amz-Signature=7abe12e01eb694f25e5ee9840b6ab0c7d639528fc1f48f54e513711e29024050&X-Amz-SignedHeaders=host&response-content-disposition=attachment%3B%20filename%3D6d8f86a1-819a-4a2c-556e-f2c9788786e8.flac&x-id=GetObject,0.519954801,4455
CRam-2019-04-10_02-50.flac,2019 Creed Road,2019,4,10,2,50,Pseudacris regilla,Common Song,14.84266663,15.24800014,1688,3281,24000,present,https://rfcx-streams-production.s3.eu-west-1.amazonaws.com/2019/04/09/rb003d0w2tap/d3821895-2f07-79df-55d8-5d1dfc940a36.flac?X-Amz-Algorithm=AWS4-HMAC-SHA256&X-Amz-Content-Sha256=UNSIGNED-PAYLOAD&X-Amz-Credential=AKIA45B7YWBX5HAZMGOU%2F20260223%2Feu-west-1%2Fs3%2Faws4_request&X-Amz-Date=20260223T000639Z&X-Amz-Expires=604800&X-Amz-Signature=cae4d1d67fef479c9866b7d8f6e06bce078b29775efac0dcf5ed604a1b7d6619&X-Amz-SignedHeaders=host&response-content-disposition=attachment%3B%20filename%3Dd3821895-2f07-79df-55d8-5d1dfc940a36.flac&x-id=GetObject,0.648628056,4455
CRam-2019-04-10_03-09.flac,2019 Creed Road,2019,4,10,3,9,Pseudacris regilla,Common Song,6.725333214,7.130666733,1688,3281,24000,present,https://rfcx-streams-production.s3.eu-west-1.amazonaws.com/2019/04/09/rb003d0w2tap/8e4d11ef-9faa-ae23-b06b-df6caeb180c5.flac?X-Amz-Algorithm=AWS4-HMAC-SHA256&X-Amz-Content-Sha256=UNSIGNED-PAYLOAD&X-Amz-Credential=AKIA45B7YWBX5HAZMGOU%2F20260223%2Feu-west-1%2Fs3%2Faws4_request&X-Amz-Date=20260223T000633Z&X-Amz-Expires=604800&X-Amz-Signature=1b01ddb19f1a3de913cf7235275d9b71cc0a0d7f3f7cefd85c272f36d5894ee7&X-Amz-SignedHeaders=host&response-content-disposition=attachment%3B%20filename%3D8e4d11ef-9faa-ae23-b06b-df6caeb180c5.flac&x-id=GetObject,0.57545805,4455
CRam-2019-04-10_03-29.flac,2019 Creed Road,2019,4,10,3,29,Pseudacris regilla,Common Song,2,2.405333281,1688,3281,24000,present,https://rfcx-streams-production.s3.eu-west-1.amazonaws.com/2019/04/09/rb003d0w2tap/c1e8735a-7b15-49e6-dbec-694b2ae6bc2d.flac?X-Amz-Algorithm=AWS4-HMAC-SHA256&X-Amz-Content-Sha256=UNSIGNED-PAYLOAD&X-Amz-Credential=AKIA45B7YWBX5HAZMGOU%2F20260223%2Feu-west-1%2Fs3%2Faws4_request&X-Amz-Date=20260223T000639Z&X-Amz-Expires=604800&X-Amz-Signature=1baba893b63a7cf262548c1fd5ac86036aa6e47a4713be2ec6f348af60f91f46&X-Amz-SignedHeaders=host&response-content-disposition=attachment%3B%20filename%3Dc1e8735a-7b15-49e6-dbec-694b2ae6bc2d.flac&x-id=GetObject,0.561424434,4455
CRam-2019-04-10_03-49.flac,2019 Creed Road,2019,4,10,3,49,Pseudacris regilla,Common Song,55.93066788,56.33599854,1688,3281,24000,present,https://rfcx-streams-production.s3.eu-west-1.amazonaws.com/2019/04/09/rb003d0w2tap/d76a868b-bbd8-7d37-a23a-b2f91ea194f8.flac?X-Amz-Algorithm=AWS4-HMAC-SHA256&X-Amz-Content-Sha256=UNSIGNED-PAYLOAD&X-Amz-Credential=AKIA45B7YWBX5HAZMGOU%2F20260223%2Feu-west-1%2Fs3%2Faws4_request&X-Amz-Date=20260223T000639Z&X-Amz-Expires=604800&X-Amz-Signature=dadb359165afdf27398ec50c87695d0b8ee67c75f1acdaabb994b5fccf6e3319&X-Amz-SignedHeaders=host&response-content-disposition=attachment%3B%20filename%3Dd76a868b-bbd8-7d37-a23a-b2f91ea194f8.flac&x-id=GetObject,0.521776974,4455
CRam-2019-04-10_04-08.flac,2019 Creed Road,2019,4,10,4,8,Pseudacris regilla,Common Song,53.77600098,54.18133163,1688,3281,24000,present,https://rfcx-streams-production.s3.eu-west-1.amazonaws.com/2019/04/09/rb003d0w2tap/8da6c9e0-3f75-b219-429d-18abcf9126be.flac?X-Amz-Algorithm=AWS4-HMAC-SHA256&X-Amz-Content-Sha256=UNSIGNED-PAYLOAD&X-Amz-Credential=AKIA45B7YWBX5HAZMGOU%2F20260223%2Feu-west-1%2Fs3%2Faws4_request&X-Amz-Date=20260223T000633Z&X-Amz-Expires=604800&X-Amz-Signature=dbdb5e60e3e200cf842dc39f6481ccb4f9311a1e3af10f9ee8c9a34c26f822f3&X-Amz-SignedHeaders=host&response-content-disposition=attachment%3B%20filename%3D8da6c9e0-3f75-b219-429d-18abcf9126be.flac&x-id=GetObject,0.544525981,4455
CRam-2019-04-10_04-28.flac,2019 Creed Road,2019,4,10,4,28,Pseudacris regilla,Common Song,9.861332893,10.26666641,1688,3281,24000,present,https://rfcx-streams-production.s3.eu-west-1.amazonaws.com/2019/04/09/rb003d0w2tap/d41a6e11-d321-e24a-2b5d-5611904b0f99.flac?X-Amz-Algorithm=AWS4-HMAC-SHA256&X-Amz-Content-Sha256=UNSIGNED-PAYLOAD&X-Amz-Credential=AKIA45B7YWBX5HAZMGOU%2F20260223%2Feu-west-1%2Fs3%2Faws4_request&X-Amz-Date=20260223T000639Z&X-Amz-Expires=604800&X-Amz-Signature=32cdc8aa78439d3e9ad509e5bbbc6544545bc59b506418edf6233d12a1d5ff91&X-Amz-SignedHeaders=host&response-content-disposition=attachment%3B%20filename%3Dd41a6e11-d321-e24a-2b5d-5611904b0f99.flac&x-id=GetObject,0.587130725,4455
CRam-2019-04-10_20-56.flac,2019 Creed Road,2019,4,10,20,56,Pseudacris regilla,Common Song,46.84266663,47.2480011,1688,3281,24000,present,https://rfcx-streams-production.s3.eu-west-1.amazonaws.com/2019/04/10/rb003d0w2tap/c285f4bf-5958-421c-80e7-b2ea01979d4c.flac?X-Amz-Algorithm=AWS4-HMAC-SHA256&X-Amz-Content-Sha256=UNSIGNED-PAYLOAD&X-Amz-Credential=AKIA45B7YWBX5HAZMGOU%2F20260223%2Feu-west-1%2Fs3%2Faws4_request&X-Amz-Date=20260223T000639Z&X-Amz-Expires=604800&X-Amz-Signature=c9c0864060b94cb327e7cf59be703e06a493c83e3c7f8700016c1e225e319039&X-Amz-SignedHeaders=host&response-content-disposition=attachment%3B%20filename%3Dc285f4bf-5958-421c-80e7-b2ea01979d4c.flac&x-id=GetObject,0.286744475,4455
CRam-2019-04-10_21-15.flac,2019 Creed Road,2019,4,10,21,15,Pseudacris regilla,Common Song,57.02399826,57.42933273,1688,3281,24000,present,https://rfcx-streams-production.s3.eu-west-1.amazonaws.com/2019/04/10/rb003d0w2tap/07564be7-873b-7f6c-bfa9-c6a2b8e79e49.flac?X-Amz-Algorithm=AWS4-HMAC-SHA256&X-Amz-Content-Sha256=UNSIGNED-PAYLOAD&X-Amz-Credential=AKIA45B7YWBX5HAZMGOU%2F20260223%2Feu-west-1%2Fs3%2Faws4_request&X-Amz-Date=20260223T000635Z&X-Amz-Expires=604800&X-Amz-Signature=79bbcac6be4ed8d5a5f134aade8ca41cdcb9df44985080bd0344855ab77f9f49&X-Amz-SignedHeaders=host&response-content-disposition=attachment%3B%20filename%3D07564be7-873b-7f6c-bfa9-c6a2b8e79e49.flac&x-id=GetObject,0.468386024,4455
CRam-2019-04-10_21-35.flac,2019 Creed Road,2019,4,10,21,35,Pseudacris regilla,Common Song,50.74133301,51.14666748,1688,3281,24000,present,https://rfcx-streams-production.s3.eu-west-1.amazonaws.com/2019/04/10/rb003d0w2tap/d8f3da00-6080-10f9-476b-e9b9f36a09dd.flac?X-Amz-Algorithm=AWS4-HMAC-SHA256&X-Amz-Content-Sha256=UNSIGNED-PAYLOAD&X-Amz-Credential=AKIA45B7YWBX5HAZMGOU%2F20260223%2Feu-west-1%2Fs3%2Faws4_request&X-Amz-Date=20260223T000639Z&X-Amz-Expires=604800&X-Amz-Signature=fbb1e9157afb73f1c32587959d50e4d8dcca5d4dc4b0c39f603bc9cb51b70ba2&X-Amz-SignedHeaders=host&response-content-disposition=attachment%3B%20filename%3Dd8f3da00-6080-10f9-476b-e9b9f36a09dd.flac&x-id=GetObject,0.253948599,4455
CRam-2019-04-10_21-55.flac,2019 Creed Road,2019,4,10,21,55,Pseudacris regilla,Common Song,45.26933289,45.67466736,1688,3281,24000,present,https://rfcx-streams-production.s3.eu-west-1.amazonaws.com/2019/04/10/rb003d0w2tap/70da475f-ef13-5ec2-2c02-5b508510c989.flac?X-Amz-Algorithm=AWS4-HMAC-SHA256&X-Amz-Content-Sha256=UNSIGNED-PAYLOAD&X-Amz-Credential=AKIA45B7YWBX5HAZMGOU%2F20260223%2Feu-west-1%2Fs3%2Faws4_request&X-Amz-Date=20260223T000639Z&X-Amz-Expires=604800&X-Amz-Signature=183dc4a0830ac745724b484aab0edd34d78a8f0683f996f306b90c6ced77dadb&X-Amz-SignedHeaders=host&response-content-disposition=attachment%3B%20filename%3D70da475f-ef13-5ec2-2c02-5b508510c989.flac&x-id=GetObject,0.524435461,4455
CRam-2019-04-10_22-34.flac,2019 Creed Road,2019,4,10,22,34,Pseudacris regilla,Common Song,34.96533203,35.3706665,1688,3281,24000,present,https://rfcx-streams-production.s3.eu-west-1.amazonaws.com/2019/04/10/rb003d0w2tap/28ab04e6-d27b-8055-ed6a-ad4f9e8d174e.flac?X-Amz-Algorithm=AWS4-HMAC-SHA256&X-Amz-Content-Sha256=UNSIGNED-PAYLOAD&X-Amz-Credential=AKIA45B7YWBX5HAZMGOU%2F20260223%2Feu-west-1%2Fs3%2Faws4_request&X-Amz-Date=20260223T000639Z&X-Amz-Expires=604800&X-Amz-Signature=fb79bce3803c0a0b70c78d94714c6d5c14df320e61b6f48af7709567e0bd9c54&X-Amz-SignedHeaders=host&response-content-disposition=attachment%3B%20filename%3D28ab04e6-d27b-8055-ed6a-ad4f9e8d174e.flac&x-id=GetObject,0.454370379,4455
CRam-2019-04-11_00-12.flac,2019 Creed Road,2019,4,11,0,12,Pseudacris regilla,Common Song,41.30666733,41.7120018,1688,3281,24000,present,https://rfcx-streams-production.s3.eu-west-1.amazonaws.com/2019/04/10/rb003d0w2tap/b7c17a6c-e192-458c-c8ab-45fdcedc70f2.flac?X-Amz-Algorithm=AWS4-HMAC-SHA256&X-Amz-Content-Sha256=UNSIGNED-PAYLOAD&X-Amz-Credential=AKIA45B7YWBX5HAZMGOU%2F20260223%2Feu-west-1%2Fs3%2Faws4_request&X-Amz-Date=20260223T000635Z&X-Amz-Expires=604800&X-Amz-Signature=7dcc4ed54093d5d0df77e05ffec90e1520b0337ea19f3353df5043208e3d0050&X-Amz-SignedHeaders=host&response-content-disposition=attachment%3B%20filename%3Db7c17a6c-e192-458c-c8ab-45fdcedc70f2.flac&x-id=GetObject,0.230195656,4455
CRam-2019-04-11_21-15.flac,2019 Creed Road,2019,4,11,21,15,Pseudacris regilla,Common Song,52.52799988,52.93333435,1688,3281,24000,present,https://rfcx-streams-production.s3.eu-west-1.amazonaws.com/2019/04/11/rb003d0w2tap/c23cc13f-8261-ce10-c47e-2a3f8caab151.flac?X-Amz-Algorithm=AWS4-HMAC-SHA256&X-Amz-Content-Sha256=UNSIGNED-PAYLOAD&X-Amz-Credential=AKIA45B7YWBX5HAZMGOU%2F20260223%2Feu-west-1%2Fs3%2Faws4_request&X-Amz-Date=20260223T000635Z&X-Amz-Expires=604800&X-Amz-Signature=5c43fbe2efaae33a58e82b4d6f560f250a4aefbf39a767eef8f3a7eec00e4e26&X-Amz-SignedHeaders=host&response-content-disposition=attachment%3B%20filename%3Dc23cc13f-8261-ce10-c47e-2a3f8caab151.flac&x-id=GetObject,0.502441049,4455
CRam-2019-04-11_21-35.flac,2019 Creed Road,2019,4,11,21,35,Pseudacris regilla,Common Song,34,34.40533447,1688,3281,24000,present,https://rfcx-streams-production.s3.eu-west-1.amazonaws.com/2019/04/11/rb003d0w2tap/97e3531a-d0b1-c2ae-3e31-3a052b052647.flac?X-Amz-Algorithm=AWS4-HMAC-SHA256&X-Amz-Content-Sha256=UNSIGNED-PAYLOAD&X-Amz-Credential=AKIA45B7YWBX5HAZMGOU%2F20260223%2Feu-west-1%2Fs3%2Faws4_request&X-Amz-Date=20260223T000639Z&X-Amz-Expires=604800&X-Amz-Signature=498d9c9cb95069a5e7302c0cccf74cd13b066254c9efc4e88e6a4a22351d8b6b&X-Amz-SignedHeaders=host&response-content-disposition=attachment%3B%20filename%3D97e3531a-d0b1-c2ae-3e31-3a052b052647.flac&x-id=GetObject,0.395695269,4455
CRam-2019-04-11_21-55.flac,2019 Creed Road,2019,4,11,21,55,Pseudacris regilla,Common Song,15.76000023,16.16533279,1688,3281,24000,present,https://rfcx-streams-production.s3.eu-west-1.amazonaws.com/2019/04/11/rb003d0w2tap/df7caf1a-4504-7a39-697d-cc95a52f83ce.flac?X-Amz-Algorithm=AWS4-HMAC-SHA256&X-Amz-Content-Sha256=UNSIGNED-PAYLOAD&X-Amz-Credential=AKIA45B7YWBX5HAZMGOU%2F20260223%2Feu-west-1%2Fs3%2Faws4_request&X-Amz-Date=20260223T000639Z&X-Amz-Expires=604800&X-Amz-Signature=7adbb694c5fe82891ee705c644e090fdd2360233b208686175580308cbfe8f6f&X-Amz-SignedHeaders=host&response-content-disposition=attachment%3B%20filename%3Ddf7caf1a-4504-7a39-697d-cc95a52f83ce.flac&x-id=GetObject,0.418214738,4455
CRam-2019-04-11_22-14.flac,2019 Creed Road,2019,4,11,22,14,Pseudacris regilla,Common Song,34.4426651,34.84799957,1688,3281,24000,present,https://rfcx-streams-production.s3.eu-west-1.amazonaws.com/2019/04/11/rb003d0w2tap/b11c5cdd-cab8-10d1-e7df-b5f3e14dbc2f.flac?X-Amz-Algorithm=AWS4-HMAC-SHA256&X-Amz-Content-Sha256=UNSIGNED-PAYLOAD&X-Amz-Credential=AKIA45B7YWBX5HAZMGOU%2F20260223%2Feu-west-1%2Fs3%2Faws4_request&X-Amz-Date=20260223T000635Z&X-Amz-Expires=604800&X-Amz-Signature=728c6e814f50a5035879be0baa058d3e7864e16aa62319963852e728aae03228&X-Amz-SignedHeaders=host&response-content-disposition=attachment%3B%20filename%3Db11c5cdd-cab8-10d1-e7df-b5f3e14dbc2f.flac&x-id=GetObject,0.446175545,4455
CRam-2019-04-11_22-34.flac,2019 Creed Road,2019,4,11,22,34,Pseudacris regilla,Common Song,42.85866547,43.26399994,1688,3281,24000,present,https://rfcx-streams-production.s3.eu-west-1.amazonaws.com/2019/04/11/rb003d0w2tap/0b29f459-aae5-ad28-234b-7e65106abf20.flac?X-Amz-Algorithm=AWS4-HMAC-SHA256&X-Amz-Content-Sha256=UNSIGNED-PAYLOAD&X-Amz-Credential=AKIA45B7YWBX5HAZMGOU%2F20260223%2Feu-west-1%2Fs3%2Faws4_request&X-Amz-Date=20260223T000639Z&X-Amz-Expires=604800&X-Amz-Signature=ada3b200c39ea776411c485cd06dbad9f4f0cace8113914098a36caaefcb8c74&X-Amz-SignedHeaders=host&response-content-disposition=attachment%3B%20filename%3D0b29f459-aae5-ad28-234b-7e65106abf20.flac&x-id=GetObject,0.505821526,4455
CRam-2019-04-11_22-54.flac,2019 Creed Road,2019,4,11,22,54,Pseudacris regilla,Common Song,20.46933365,20.87466621,1688,3281,24000,present,https://rfcx-streams-production.s3.eu-west-1.amazonaws.com/2019/04/11/rb003d0w2tap/ccbe2197-63b2-51fb-b1c8-ecc69255a4d3.flac?X-Amz-Algorithm=AWS4-HMAC-SHA256&X-Amz-Content-Sha256=UNSIGNED-PAYLOAD&X-Amz-Credential=AKIA45B7YWBX5HAZMGOU%2F20260223%2Feu-west-1%2Fs3%2Faws4_request&X-Amz-Date=20260223T000639Z&X-Amz-Expires=604800&X-Amz-Signature=d5b7917ac7fd57f4aae5fd85f9a3d5b0ef01104ebe8e9fb707e45dfc77116723&X-Amz-SignedHeaders=host&response-content-disposition=attachment%3B%20filename%3Dccbe2197-63b2-51fb-b1c8-ecc69255a4d3.flac&x-id=GetObject,0.323203623,4455
CRam-2019-04-11_23-13.flac,2019 Creed Road,2019,4,11,23,13,Pseudacris regilla,Common Song,28.30400085,28.70933342,1688,3281,24000,present,https://rfcx-streams-production.s3.eu-west-1.amazonaws.com/2019/04/11/rb003d0w2tap/44c6f0f7-4d59-8db4-ad0f-e76cd3e65f7f.flac?X-Amz-Algorithm=AWS4-HMAC-SHA256&X-Amz-Content-Sha256=UNSIGNED-PAYLOAD&X-Amz-Credential=AKIA45B7YWBX5HAZMGOU%2F20260223%2Feu-west-1%2Fs3%2Faws4_request&X-Amz-Date=20260223T000635Z&X-Amz-Expires=604800&X-Amz-Signature=e7d59753ff77ce7741031a25d25134429cfb01ac37ccb0884db7dbb895f1956c&X-Amz-SignedHeaders=host&response-content-disposition=attachment%3B%20filename%3D44c6f0f7-4d59-8db4-ad0f-e76cd3e65f7f.flac&x-id=GetObject,0.336988121,4455
CRam-2019-04-11_23-33.flac,2019 Creed Road,2019,4,11,23,33,Pseudacris regilla,Common Song,10.25066662,10.65600014,1688,3281,24000,present,https://rfcx-streams-production.s3.eu-west-1.amazonaws.com/2019/04/11/rb003d0w2tap/a269810a-62f1-2554-5ab8-e10933ea25b0.flac?X-Amz-Algorithm=AWS4-HMAC-SHA256&X-Amz-Content-Sha256=UNSIGNED-PAYLOAD&X-Amz-Credential=AKIA45B7YWBX5HAZMGOU%2F20260223%2Feu-west-1%2Fs3%2Faws4_request&X-Amz-Date=20260223T000639Z&X-Amz-Expires=604800&X-Amz-Signature=3c88143967f3936d1531be989571e28a06f7667d15fdb776a7f3495305617a09&X-Amz-SignedHeaders=host&response-content-disposition=attachment%3B%20filename%3Da269810a-62f1-2554-5ab8-e10933ea25b0.flac&x-id=GetObject,0.426152855,4455
CRam-2019-04-12_20-56.flac,2019 Creed Road,2019,4,12,20,56,Pseudacris regilla,Common Song,47.02399826,47.42933273,1688,3281,24000,present,https://rfcx-streams-production.s3.eu-west-1.amazonaws.com/2019/04/12/rb003d0w2tap/4a4c53b4-51f5-db60-c46f-513c2ebe390d.flac?X-Amz-Algorithm=AWS4-HMAC-SHA256&X-Amz-Content-Sha256=UNSIGNED-PAYLOAD&X-Amz-Credential=AKIA45B7YWBX5HAZMGOU%2F20260223%2Feu-west-1%2Fs3%2Faws4_request&X-Amz-Date=20260223T000639Z&X-Amz-Expires=604800&X-Amz-Signature=8e001322d204aeddf91e55afb5ddb571bf5c1ce0e919f43ca14dea24a6e801aa&X-Amz-SignedHeaders=host&response-content-disposition=attachment%3B%20filename%3D4a4c53b4-51f5-db60-c46f-513c2ebe390d.flac&x-id=GetObject,0.326283216,4455
CRam-2019-04-12_21-15.flac,2019 Creed Road,2019,4,12,21,15,Pseudacris regilla,Common Song,5.514666557,5.920000076,1688,3281,24000,present,https://rfcx-streams-production.s3.eu-west-1.amazonaws.com/2019/04/12/rb003d0w2tap/168a55d2-d03c-317b-930d-82e651d6884e.flac?X-Amz-Algorithm=AWS4-HMAC-SHA256&X-Amz-Content-Sha256=UNSIGNED-PAYLOAD&X-Amz-Credential=AKIA45B7YWBX5HAZMGOU%2F20260223%2Feu-west-1%2Fs3%2Faws4_request&X-Amz-Date=20260223T000635Z&X-Amz-Expires=604800&X-Amz-Signature=eca1b516380d81c6b832e8c477099d0dbb97f01193eb1c1379d037c01757452a&X-Amz-SignedHeaders=host&response-content-disposition=attachment%3B%20filename%3D168a55d2-d03c-317b-930d-82e651d6884e.flac&x-id=GetObject,0.450846076,4455
CRam-2019-04-12_21-35.flac,2019 Creed Road,2019,4,12,21,35,Pseudacris regilla,Common Song,26.94933319,27.35466576,1688,3281,24000,present,https://rfcx-streams-production.s3.eu-west-1.amazonaws.com/2019/04/12/rb003d0w2tap/b3dc1f49-c918-fc79-ec10-289e71a5b17b.flac?X-Amz-Algorithm=AWS4-HMAC-SHA256&X-Amz-Content-Sha256=UNSIGNED-PAYLOAD&X-Amz-Credential=AKIA45B7YWBX5HAZMGOU%2F20260223%2Feu-west-1%2Fs3%2Faws4_request&X-Amz-Date=20260223T000639Z&X-Amz-Expires=604800&X-Amz-Signature=663f6a60804dac0aa135709acb4e983c642ce47e60fe471422e98ab43b2ac0da&X-Amz-SignedHeaders=host&response-content-disposition=attachment%3B%20filename%3Db3dc1f49-c918-fc79-ec10-289e71a5b17b.flac&x-id=GetObject,0.442253202,4455
CRam-2019-04-12_22-14.flac,2019 Creed Road,2019,4,12,22,14,Pseudacris regilla,Common Song,38.24533463,38.65066528,1688,3281,24000,present,https://rfcx-streams-production.s3.eu-west-1.amazonaws.com/2019/04/12/rb003d0w2tap/87268b58-ddc4-ce7e-b819-c1716fbe2679.flac?X-Amz-Algorithm=AWS4-HMAC-SHA256&X-Amz-Content-Sha256=UNSIGNED-PAYLOAD&X-Amz-Credential=AKIA45B7YWBX5HAZMGOU%2F20260223%2Feu-west-1%2Fs3%2Faws4_request&X-Amz-Date=20260223T000635Z&X-Amz-Expires=604800&X-Amz-Signature=7a8a42d156e6e90d313fedbc8368d75b309608a8b547c23dd639461f135fe0b5&X-Amz-SignedHeaders=host&response-content-disposition=attachment%3B%20filename%3D87268b58-ddc4-ce7e-b819-c1716fbe2679.flac&x-id=GetObject,0.404009163,4455
