recording,site,year,month,day,hour,minute,species,songtype,x1,x2,y1,y2,frequency,validated,url,score,site_id
PC-2018-05-08_20-00.flac,2018 Red Wing Ranch,2018,5,8,20,0,sp32,Simple Call,42.53895569,43.38068008,2842,6202,22050,present,https://rfcx-streams-production.s3.eu-west-1.amazonaws.com/2018/05/08/7un0pa6d5cpa/5c4e1404-e7ef-2fff-20df-f67698db3a1f.flac?X-Amz-Algorithm=AWS4-HMAC-SHA256&X-Amz-Content-Sha256=UNSIGNED-PAYLOAD&X-Amz-Credential=AKIA45B7YWBX5HAZMGOU%2F20260223%2Feu-west-1%2Fs3%2Faws4_request&X-Amz-Date=20260223T000602Z&X-Amz-Expires=604800&X-Amz-Signature=64b623e7199f2f695d32d41dc995a85847cd7b7b786e9740527b6381cd0c8598&X-Amz-SignedHeaders=host&response-content-disposition=attachment%3B%20filename%3D5c4e1404-e7ef-2fff-20df-f67698db3a1f.flac&x-id=GetObject,0.299385726,3281
PC-2018-05-08_20-20.flac,2018 Red Wing Ranch,2018,5,8,20,20,sp32,Simple Call,8.121179581,8.962902069,2842,6202,22050,present,https://rfcx-streams-production.s3.eu-west-1.amazonaws.com/2018/05/08/7un0pa6d5cpa/f5cdf094-8318-10e5-d861-61b77bb0b6a0.flac?X-Amz-Algorithm=AWS4-HMAC-SHA256&X-Amz-Content-Sha256=UNSIGNED-PAYLOAD&X-Amz-Credential=AKIA45B7YWBX5HAZMGOU%2F20260223%2Feu-west-1%2Fs3%2Faws4_request&X-Amz-Date=20260223T000605Z&X-Amz-Expires=604800&X-Amz-Signature=537071cc3ae1c315cf20c292320972c673d10fc8efd0a396ea5e8bb764191ce6&X-Amz-SignedHeaders=host&response-content-disposition=attachment%3B%20filename%3Df5cdf094-8318-10e5-d861-61b77bb0b6a0.flac&x-id=GetObject,0.24241066,3281
PC-2018-05-08_20-40.flac,2018 Red Wing Ranch,2018,5,8,20,40,sp32,Simple Call,27.79428482,28.63600922,2842,6202,22050,present,https://rfcx-streams-production.s3.eu-west-1.amazonaws.com/2018/05/08/7un0pa6d5cpa/3cd19bd2-35f4-1885-b700-8de031c1d81b.flac?X-Amz-Algorithm=AWS4-HMAC-SHA256&X-Amz-Content-Sha256=UNSIGNED-PAYLOAD&X-Amz-Credential=AKIA45B7YWBX5HAZMGOU%2F20260223%2Feu-west-1%2Fs3%2Faws4_request&X-Amz-Date=20260223T000605Z&X-Amz-Expires=604800&X-Amz-Signature=066543cf520a2fb256975e769b80956603c02d00fc9e3e1d0ca49f0fc0ce32e1&X-Amz-SignedHeaders=host&response-content-disposition=attachment%3B%20filename%3D3cd19bd2-35f4-1885-b700-8de031c1d81b.flac&x-id=GetObject,0.35494107,3281
PC-2018-05-08_21-00.flac,2018 Red Wing Ranch,2018,5,8,21,0,sp32,Simple Call,17.09569168,17.93741417,2842,6202,22050,present,https://rfcx-streams-production.s3.eu-west-1.amazonaws.com/2018/05/08/7un0pa6d5cpa/80a56a40-e912-4c07-37a2-53eb5748aebd.flac?X-Amz-Algorithm=AWS4-HMAC-SHA256&X-Amz-Content-Sha256=UNSIGNED-PAYLOAD&X-Amz-Credential=AKIA45B7YWBX5HAZMGOU%2F20260223%2Feu-west-1%2Fs3%2Faws4_request&X-Amz-Date=20260223T000602Z&X-Amz-Expires=604800&X-Amz-Signature=75558525c7682747ecfb2d68e35a116cea14f49bb6642f85c306e133d6651e07&X-Amz-SignedHeaders=host&response-content-disposition=attachment%3B%20filename%3D80a56a40-e912-4c07-37a2-53eb5748aebd.flac&x-id=GetObject,0.354457676,3281
PC-2018-05-08_21-20.flac,2018 Red Wing Ranch,2018,5,8,21,20,sp32,Simple Call,59.36761856,60.20934296,2842,6202,22050,present,https://rfcx-streams-production.s3.eu-west-1.amazonaws.com/2018/05/08/7un0pa6d5cpa/e8665b82-956a-09a7-6812-236559caa170.flac?X-Amz-Algorithm=AWS4-HMAC-SHA256&X-Amz-Content-Sha256=UNSIGNED-PAYLOAD&X-Amz-Credential=AKIA45B7YWBX5HAZMGOU%2F20260223%2Feu-west-1%2Fs3%2Faws4_request&X-Amz-Date=20260223T000605Z&X-Amz-Expires=604800&X-Amz-Signature=847aebeb9453972e1744ce65b022e18400b32a924ed519a43de749729868261f&X-Amz-SignedHeaders=host&response-content-disposition=attachment%3B%20filename%3De8665b82-956a-09a7-6812-236559caa170.flac&x-id=GetObject,0.322792798,3281
PC-2018-05-08_22-00.flac,2018 Red Wing Ranch,2018,5,8,22,0,sp32,Simple Call,34.56870651,35.41043091,2842,6202,22050,present,https://rfcx-streams-production.s3.eu-west-1.amazonaws.com/2018/05/08/7un0pa6d5cpa/68677ec4-3820-acdf-581f-d5d696df89f4.flac?X-Amz-Algorithm=AWS4-HMAC-SHA256&X-Amz-Content-Sha256=UNSIGNED-PAYLOAD&X-Amz-Credential=AKIA45B7YWBX5HAZMGOU%2F20260223%2Feu-west-1%2Fs3%2Faws4_request&X-Amz-Date=20260223T000602Z&X-Amz-Expires=604800&X-Amz-Signature=2063a45305482b6cd6017bb7bd5e1a85ee44b8ba3dca9795a0578319704949a2&X-Amz-SignedHeaders=host&response-content-disposition=attachment%3B%20filename%3D68677ec4-3820-acdf-581f-d5d696df89f4.flac&x-id=GetObject,0.22282137,3281
PC-2018-05-12_22-00.flac,2018 Red Wing Ranch,2018,5,12,22,0,sp32,Simple Call,43.65932083,44.50104141,2842,6202,22050,present,https://rfcx-streams-production.s3.eu-west-1.amazonaws.com/2018/05/12/7un0pa6d5cpa/7984471a-c8d9-f096-5dcc-e891f2ad48a5.flac?X-Amz-Algorithm=AWS4-HMAC-SHA256&X-Amz-Content-Sha256=UNSIGNED-PAYLOAD&X-Amz-Credential=AKIA45B7YWBX5HAZMGOU%2F20260223%2Feu-west-1%2Fs3%2Faws4_request&X-Amz-Date=20260223T000602Z&X-Amz-Expires=604800&X-Amz-Signature=231ddc6e968532158a9d8d11d7ca647181fdcbaea44ae1f4f0a3e4fb31c3a6e1&X-Amz-SignedHeaders=host&response-content-disposition=attachment%3B%20filename%3D7984471a-c8d9-f096-5dcc-e891f2ad48a5.flac&x-id=GetObject,0.201891199,3281
PC-2018-05-17_20-20.flac,2018 Red Wing Ranch,2018,5,17,20,20,sp32,Simple Call,2.455510139,3.297233582,2842,6202,22050,present,https://rfcx-streams-production.s3.eu-west-1.amazonaws.com/2018/05/17/7un0pa6d5cpa/487ec87e-a782-8ccc-1f9a-d810fbf3457c.flac?X-Amz-Algorithm=AWS4-HMAC-SHA256&X-Amz-Content-Sha256=UNSIGNED-PAYLOAD&X-Amz-Credential=AKIA45B7YWBX5HAZMGOU%2F20260223%2Feu-west-1%2Fs3%2Faws4_request&X-Amz-Date=20260223T000605Z&X-Amz-Expires=604800&X-Amz-Signature=225143939191c6afa32205f2cf91369eb30ecdfdfcc32c776aa8f8ee8f1f2afc&X-Amz-SignedHeaders=host&response-content-disposition=attachment%3B%20filename%3D487ec87e-a782-8ccc-1f9a-d810fbf3457c.flac&x-id=GetObject,0.235019907,3281
PC-2018-05-21_18-40.flac,2018 Red Wing Ranch,2018,5,21,18,40,sp32,Simple Call,25.78575897,26.62748337,2842,6202,22050,present,https://rfcx-streams-production.s3.eu-west-1.amazonaws.com/2018/05/21/7un0pa6d5cpa/1dd6d5dd-6a57-748c-1ff2-578d4bab376a.flac?X-Amz-Algorithm=AWS4-HMAC-SHA256&X-Amz-Content-Sha256=UNSIGNED-PAYLOAD&X-Amz-Credential=AKIA45B7YWBX5HAZMGOU%2F20260223%2Feu-west-1%2Fs3%2Faws4_request&X-Amz-Date=20260223T000603Z&X-Amz-Expires=604800&X-Amz-Signature=d25a271837f6d0965954c9a79a3e73cac4e05bc9b5614b9de56bf31679cc714c&X-Amz-SignedHeaders=host&response-content-disposition=attachment%3B%20filename%3D1dd6d5dd-6a57-748c-1ff2-578d4bab376a.flac&x-id=GetObject,0.33159706,3281
PC-2018-05-22_09-20.flac,2018 Red Wing Ranch,2018,5,22,9,20,sp32,Simple Call,38.04589462,38.88761902,2842,6202,22050,present,https://rfcx-streams-production.s3.eu-west-1.amazonaws.com/2018/05/22/7un0pa6d5cpa/03025170-67cf-9375-5703-aab44d3cd61a.flac?X-Amz-Algorithm=AWS4-HMAC-SHA256&X-Amz-Content-Sha256=UNSIGNED-PAYLOAD&X-Amz-Credential=AKIA45B7YWBX5HAZMGOU%2F20260223%2Feu-west-1%2Fs3%2Faws4_request&X-Amz-Date=20260223T000603Z&X-Amz-Expires=604800&X-Amz-Signature=fdbc205963baf33fdc8b1784afd0fba68f4d42c2436b8cf1e06c2b487e671123&X-Amz-SignedHeaders=host&response-content-disposition=attachment%3B%20filename%3D03025170-67cf-9375-5703-aab44d3cd61a.flac&x-id=GetObject,0.262019902,3281
PC-2018-05-23_12-40.flac,2018 Red Wing Ranch,2018,5,23,12,40,sp32,Simple Call,34.06947708,34.91120148,2842,6202,22050,present,https://rfcx-streams-production.s3.eu-west-1.amazonaws.com/2018/05/23/7un0pa6d5cpa/15c84af6-a1ec-8f86-eb21-178dbc903728.flac?X-Amz-Algorithm=AWS4-HMAC-SHA256&X-Amz-Content-Sha256=UNSIGNED-PAYLOAD&X-Amz-Credential=AKIA45B7YWBX5HAZMGOU%2F20260223%2Feu-west-1%2Fs3%2Faws4_request&X-Amz-Date=20260223T000603Z&X-Amz-Expires=604800&X-Amz-Signature=12321d5f58ba708679d65f5c30431ed883020f1da02124669fc45be763b708bf&X-Amz-SignedHeaders=host&response-content-disposition=attachment%3B%20filename%3D15c84af6-a1ec-8f86-eb21-178dbc903728.flac&x-id=GetObject,0.211526722,3281
PC-2018-05-24_11-00.flac,2018 Red Wing Ranch,2018,5,24,11,0,sp32,Simple Call,27.95682526,28.79854965,2842,6202,22050,present,https://rfcx-streams-production.s3.eu-west-1.amazonaws.com/2018/05/24/7un0pa6d5cpa/c830a6bf-ba33-3cf3-a595-5222ad538b85.flac?X-Amz-Algorithm=AWS4-HMAC-SHA256&X-Amz-Content-Sha256=UNSIGNED-PAYLOAD&X-Amz-Credential=AKIA45B7YWBX5HAZMGOU%2F20260223%2Feu-west-1%2Fs3%2Faws4_request&X-Amz-Date=20260223T000602Z&X-Amz-Expires=604800&X-Amz-Signature=a64e48b2137096a9788f8dba30a93275fab0e4501a7881133b4ccffbcfd219eb&X-Amz-SignedHeaders=host&response-content-disposition=attachment%3B%20filename%3Dc830a6bf-ba33-3cf3-a595-5222ad538b85.flac&x-id=GetObject,0.215958506,3281
PC-2018-05-24_15-00.flac,2018 Red Wing Ranch,2018,5,24,15,0,sp32,Simple Call,29.87827682,30.71999931,2842,6202,22050,present,https://rfcx-streams-production.s3.eu-west-1.amazonaws.com/2018/05/24/7un0pa6d5cpa/a961ae5d-0a6a-a82b-28f5-b05026c27981.flac?X-Amz-Algorithm=AWS4-HMAC-SHA256&X-Amz-Content-Sha256=UNSIGNED-PAYLOAD&X-Amz-Credential=AKIA45B7YWBX5HAZMGOU%2F20260223%2Feu-west-1%2Fs3%2Faws4_request&X-Amz-Date=20260223T000602Z&X-Amz-Expires=604800&X-Amz-Signature=51c50c34e1a390fbc4afd30b6a6c1d0245a365f3045bd3793af04667b5f1fbdc&X-Amz-SignedHeaders=host&response-content-disposition=attachment%3B%20filename%3Da961ae5d-0a6a-a82b-28f5-b05026c27981.flac&x-id=GetObject,0.213586777,3281
PC-2018-05-24_15-20.flac,2018 Red Wing Ranch,2018,5,24,15,20,sp32,Simple Call,41.10512543,41.94684982,2842,6202,22050,present,https://rfcx-streams-production.s3.eu-west-1.amazonaws.com/2018/05/24/7un0pa6d5cpa/39d8d717-5af6-a38e-3e72-72584935ee08.flac?X-Amz-Algorithm=AWS4-HMAC-SHA256&X-Amz-Content-Sha256=UNSIGNED-PAYLOAD&X-Amz-Credential=AKIA45B7YWBX5HAZMGOU%2F20260223%2Feu-west-1%2Fs3%2Faws4_request&X-Amz-Date=20260223T000603Z&X-Amz-Expires=604800&X-Amz-Signature=dc42bca24a7f1cfb92ccf90cdf3ab688f1bd2239709639c8d9f16caab24c79c9&X-Amz-SignedHeaders=host&response-content-disposition=attachment%3B%20filename%3D39d8d717-5af6-a38e-3e72-72584935ee08.flac&x-id=GetObject,0.203760907,3281
PC-2018-05-24_17-40.flac,2018 Red Wing Ranch,2018,5,24,17,40,sp32,Simple Call,20.42194939,21.26367378,2842,6202,22050,present,https://rfcx-streams-production.s3.eu-west-1.amazonaws.com/2018/05/24/7un0pa6d5cpa/a6c5cebf-7946-6469-bb59-a6b6e84352b7.flac?X-Amz-Algorithm=AWS4-HMAC-SHA256&X-Amz-Content-Sha256=UNSIGNED-PAYLOAD&X-Amz-Credential=AKIA45B7YWBX5HAZMGOU%2F20260223%2Feu-west-1%2Fs3%2Faws4_request&X-Amz-Date=20260223T000603Z&X-Amz-Expires=604800&X-Amz-Signature=0d9385fc80a0b3f7678458682034941070a20bf5164dac519fe42ace1304afda&X-Amz-SignedHeaders=host&response-content-disposition=attachment%3B%20filename%3Da6c5cebf-7946-6469-bb59-a6b6e84352b7.flac&x-id=GetObject,0.22604683,3281
PC-2018-05-24_21-00.flac,2018 Red Wing Ranch,2018,5,24,21,0,sp32,Simple Call,23.66113472,24.50285721,2842,6202,22050,present,https://rfcx-streams-production.s3.eu-west-1.amazonaws.com/2018/05/24/7un0pa6d5cpa/0fb9fc32-feab-8598-0d06-1cf248068c5e.flac?X-Amz-Algorithm=AWS4-HMAC-SHA256&X-Amz-Content-Sha256=UNSIGNED-PAYLOAD&X-Amz-Credential=AKIA45B7YWBX5HAZMGOU%2F20260223%2Feu-west-1%2Fs3%2Faws4_request&X-Amz-Date=20260223T000602Z&X-Amz-Expires=604800&X-Amz-Signature=a2ca0ba79fd829cb45d4596f33afaf2933b3f48085b07b5f9f86d77a506f5bc9&X-Amz-SignedHeaders=host&response-content-disposition=attachment%3B%20filename%3D0fb9fc32-feab-8598-0d06-1cf248068c5e.flac&x-id=GetObject,0.258654088,3281
PC-2018-05-24_21-40.flac,2018 Red Wing Ranch,2018,5,24,21,40,sp32,Simple Call,8.161813736,9.003537178,2842,6202,22050,present,https://rfcx-streams-production.s3.eu-west-1.amazonaws.com/2018/05/24/7un0pa6d5cpa/18abdb2b-5971-ac24-0582-4c63531a0f21.flac?X-Amz-Algorithm=AWS4-HMAC-SHA256&X-Amz-Content-Sha256=UNSIGNED-PAYLOAD&X-Amz-Credential=AKIA45B7YWBX5HAZMGOU%2F20260223%2Feu-west-1%2Fs3%2Faws4_request&X-Amz-Date=20260223T000603Z&X-Amz-Expires=604800&X-Amz-Signature=a0f4b3c84f50ee8a4fecbf1019bdccc85a31eb77dc26e38a91c2a0769774abf1&X-Amz-SignedHeaders=host&response-content-disposition=attachment%3B%20filename%3D18abdb2b-5971-ac24-0582-4c63531a0f21.flac&x-id=GetObject,0.29584375,3281
PC-2018-05-24_22-00.flac,2018 Red Wing Ranch,2018,5,24,22,0,sp32,Simple Call,58.93224335,59.77396774,2842,6202,22050,present,https://rfcx-streams-production.s3.eu-west-1.amazonaws.com/2018/05/24/7un0pa6d5cpa/6b85b2bc-f82d-6829-04a3-a0333e2092fa.flac?X-Amz-Algorithm=AWS4-HMAC-SHA256&X-Amz-Content-Sha256=UNSIGNED-PAYLOAD&X-Amz-Credential=AKIA45B7YWBX5HAZMGOU%2F20260223%2Feu-west-1%2Fs3%2Faws4_request&X-Amz-Date=20260223T000602Z&X-Amz-Expires=604800&X-Amz-Signature=3aed362388370296c62de9c7acb016dae372af2fac67f9126efec3b620f53071&X-Amz-SignedHeaders=host&response-content-disposition=attachment%3B%20filename%3D6b85b2bc-f82d-6829-04a3-a0333e2092fa.flac&x-id=GetObject,0.223675415,3281
PC-2018-05-24_22-20.flac,2018 Red Wing Ranch,2018,5,24,22,20,sp32,Simple Call,16.46294785,17.30467033,2842,6202,22050,present,https://rfcx-streams-production.s3.eu-west-1.amazonaws.com/2018/05/24/7un0pa6d5cpa/929360e1-b068-7116-d9b0-cea858fe4f46.flac?X-Amz-Algorithm=AWS4-HMAC-SHA256&X-Amz-Content-Sha256=UNSIGNED-PAYLOAD&X-Amz-Credential=AKIA45B7YWBX5HAZMGOU%2F20260223%2Feu-west-1%2Fs3%2Faws4_request&X-Amz-Date=20260223T000603Z&X-Amz-Expires=604800&X-Amz-Signature=21206346666b13d164af398ec56fb3df2d8456b9d160db00614f09286b742beb&X-Amz-SignedHeaders=host&response-content-disposition=attachment%3B%20filename%3D929360e1-b068-7116-d9b0-cea858fe4f46.flac&x-id=GetObject,0.245389149,3281
PC-2018-05-24_23-00.flac,2018 Red Wing Ranch,2018,5,24,23,0,sp32,Simple Call,57.88154221,58.7232666,2842,6202,22050,present,https://rfcx-streams-production.s3.eu-west-1.amazonaws.com/2018/05/24/7un0pa6d5cpa/b6caaccd-2d62-2b50-bec2-ebf688ed2369.flac?X-Amz-Algorithm=AWS4-HMAC-SHA256&X-Amz-Content-Sha256=UNSIGNED-PAYLOAD&X-Amz-Credential=AKIA45B7YWBX5HAZMGOU%2F20260223%2Feu-west-1%2Fs3%2Faws4_request&X-Amz-Date=20260223T000602Z&X-Amz-Expires=604800&X-Amz-Signature=fc9ac2ac1548b17ceb0448f8f64a93b416f8e49fcf54ccf8a50c986bcd9a4e7c&X-Amz-SignedHeaders=host&response-content-disposition=attachment%3B%20filename%3Db6caaccd-2d62-2b50-bec2-ebf688ed2369.flac&x-id=GetObject,0.240797848,3281
PC-2018-05-25_17-00.flac,2018 Red Wing Ranch,2018,5,25,17,0,sp32,Simple Call,9.734966278,10.57668972,2842,6202,22050,present,https://rfcx-streams-production.s3.eu-west-1.amazonaws.com/2018/05/25/7un0pa6d5cpa/6036aff5-eba5-7145-ea79-7df5efc08c9f.flac?X-Amz-Algorithm=AWS4-HMAC-SHA256&X-Amz-Content-Sha256=UNSIGNED-PAYLOAD&X-Amz-Credential=AKIA45B7YWBX5HAZMGOU%2F20260223%2Feu-west-1%2Fs3%2Faws4_request&X-Amz-Date=20260223T000602Z&X-Amz-Expires=604800&X-Amz-Signature=41f817005131ca38b4b7aa5cb9da25bda94eb3270de04f4f85921ea4db81dc0d&X-Amz-SignedHeaders=host&response-content-disposition=attachment%3B%20filename%3D6036aff5-eba5-7145-ea79-7df5efc08c9f.flac&x-id=GetObject,0.24236314,3281
PC-2018-05-25_18-40.flac,2018 Red Wing Ranch,2018,5,25,18,40,sp32,Simple Call,53.83546448,54.67718887,2842,6202,22050,present,https://rfcx-streams-production.s3.eu-west-1.amazonaws.com/2018/05/25/7un0pa6d5cpa/3374151d-7654-ed28-130f-9d7026e8ce7d.flac?X-Amz-Algorithm=AWS4-HMAC-SHA256&X-Amz-Content-Sha256=UNSIGNED-PAYLOAD&X-Amz-Credential=AKIA45B7YWBX5HAZMGOU%2F20260223%2Feu-west-1%2Fs3%2Faws4_request&X-Amz-Date=20260223T000603Z&X-Amz-Expires=604800&X-Amz-Signature=04233d141f9d8d41e65ae3722508f9e6da1d4f93f1ffd6f3dfbd9ac3cc19a7cb&X-Amz-SignedHeaders=host&response-content-disposition=attachment%3B%20filename%3D3374151d-7654-ed28-130f-9d7026e8ce7d.flac&x-id=GetObject,0.296092123,3281
PC-2018-05-25_19-00.flac,2018 Red Wing Ranch,2018,5,25,19,0,sp32,Simple Call,5.91528368,6.757006645,2842,6202,22050,present,https://rfcx-streams-production.s3.eu-west-1.amazonaws.com/2018/05/25/7un0pa6d5cpa/de4ecd56-59f8-3e75-7af2-f7ea649fb37b.flac?X-Amz-Algorithm=AWS4-HMAC-SHA256&X-Amz-Content-Sha256=UNSIGNED-PAYLOAD&X-Amz-Credential=AKIA45B7YWBX5HAZMGOU%2F20260223%2Feu-west-1%2Fs3%2Faws4_request&X-Amz-Date=20260223T000602Z&X-Amz-Expires=604800&X-Amz-Signature=81c86a7efbf1ed51cbf55c48c18419ad9febd404bc53b7651d93dd42b801cdac&X-Amz-SignedHeaders=host&response-content-disposition=attachment%3B%20filename%3Dde4ecd56-59f8-3e75-7af2-f7ea649fb37b.flac&x-id=GetObject,0.238949329,3281
PC-2018-05-26_15-40.flac,2018 Red Wing Ranch,2018,5,26,15,40,sp32,Simple Call,1.410612226,2.252335548,2842,6202,22050,present,https://rfcx-streams-production.s3.eu-west-1.amazonaws.com/2018/05/26/7un0pa6d5cpa/a7f088c2-e546-6427-9d13-434330b50a10.flac?X-Amz-Algorithm=AWS4-HMAC-SHA256&X-Amz-Content-Sha256=UNSIGNED-PAYLOAD&X-Amz-Credential=AKIA45B7YWBX5HAZMGOU%2F20260223%2Feu-west-1%2Fs3%2Faws4_request&X-Amz-Date=20260223T000604Z&X-Amz-Expires=604800&X-Amz-Signature=8ee9925e4d19999d38d3bd4361235c64cfedc0938decaaaa158335c22766c7ad&X-Amz-SignedHeaders=host&response-content-disposition=attachment%3B%20filename%3Da7f088c2-e546-6427-9d13-434330b50a10.flac&x-id=GetObject,0.235357672,3281
PC-2018-05-26_17-40.flac,2018 Red Wing Ranch,2018,5,26,17,40,sp32,Simple Call,30.08145142,30.9231739,2842,6202,22050,present,https://rfcx-streams-production.s3.eu-west-1.amazonaws.com/2018/05/26/7un0pa6d5cpa/767ede52-05f0-85b8-d35e-a1f9bd2a6323.flac?X-Amz-Algorithm=AWS4-HMAC-SHA256&X-Amz-Content-Sha256=UNSIGNED-PAYLOAD&X-Amz-Credential=AKIA45B7YWBX5HAZMGOU%2F20260223%2Feu-west-1%2Fs3%2Faws4_request&X-Amz-Date=20260223T000604Z&X-Amz-Expires=604800&X-Amz-Signature=3ab8d43a4c6f1788ed97e5d4faf3507df23d666d5ac771ea95393cb8da3af908&X-Amz-SignedHeaders=host&response-content-disposition=attachment%3B%20filename%3D767ede52-05f0-85b8-d35e-a1f9bd2a6323.flac&x-id=GetObject,0.244682655,3281
PC-2018-05-26_18-20.flac,2018 Red Wing Ranch,2018,5,26,18,20,sp32,Simple Call,9.177686691,10.01941013,2842,6202,22050,present,https://rfcx-streams-production.s3.eu-west-1.amazonaws.com/2018/05/26/7un0pa6d5cpa/9a40eea7-dd6d-f89a-05f8-9485a9468700.flac?X-Amz-Algorithm=AWS4-HMAC-SHA256&X-Amz-Content-Sha256=UNSIGNED-PAYLOAD&X-Amz-Credential=AKIA45B7YWBX5HAZMGOU%2F20260223%2Feu-west-1%2Fs3%2Faws4_request&X-Amz-Date=20260223T000604Z&X-Amz-Expires=604800&X-Amz-Signature=b6cdb79c804d75aca5063189811669b20aa4090eed92b28b5812aad17ff5f7eb&X-Amz-SignedHeaders=host&response-content-disposition=attachment%3B%20filename%3D9a40eea7-dd6d-f89a-05f8-9485a9468700.flac&x-id=GetObject,0.243272454,3281
PC-2018-05-26_18-40.flac,2018 Red Wing Ranch,2018,5,26,18,40,sp32,Simple Call,13.2527895,14.09451294,2842,6202,22050,present,https://rfcx-streams-production.s3.eu-west-1.amazonaws.com/2018/05/26/7un0pa6d5cpa/3b2b4e8d-5d1e-fe92-5199-b2e6f3193e9f.flac?X-Amz-Algorithm=AWS4-HMAC-SHA256&X-Amz-Content-Sha256=UNSIGNED-PAYLOAD&X-Amz-Credential=AKIA45B7YWBX5HAZMGOU%2F20260223%2Feu-west-1%2Fs3%2Faws4_request&X-Amz-Date=20260223T000604Z&X-Amz-Expires=604800&X-Amz-Signature=9eacfbc3ee08927b0a179487d9fab5811bea2a437f87a0bf1d4b2974979c31d7&X-Amz-SignedHeaders=host&response-content-disposition=attachment%3B%20filename%3D3b2b4e8d-5d1e-fe92-5199-b2e6f3193e9f.flac&x-id=GetObject,0.260972202,3281
PC-2018-05-26_19-00.flac,2018 Red Wing Ranch,2018,5,26,19,0,sp32,Simple Call,35.21306229,36.05478287,2842,6202,22050,present,https://rfcx-streams-production.s3.eu-west-1.amazonaws.com/2018/05/26/7un0pa6d5cpa/c1cbce11-eb2a-b840-99b2-00585ce2accd.flac?X-Amz-Algorithm=AWS4-HMAC-SHA256&X-Amz-Content-Sha256=UNSIGNED-PAYLOAD&X-Amz-Credential=AKIA45B7YWBX5HAZMGOU%2F20260223%2Feu-west-1%2Fs3%2Faws4_request&X-Amz-Date=20260223T000602Z&X-Amz-Expires=604800&X-Amz-Signature=580ed027a65d18ad1609438dd150186fc4e8ed60fade3425f2eca3303573581e&X-Amz-SignedHeaders=host&response-content-disposition=attachment%3B%20filename%3Dc1cbce11-eb2a-b840-99b2-00585ce2accd.flac&x-id=GetObject,0.23275657,3281
PC-2018-05-26_19-40.flac,2018 Red Wing Ranch,2018,5,26,19,40,sp32,Simple Call,18.56435394,19.40607643,2842,6202,22050,present,https://rfcx-streams-production.s3.eu-west-1.amazonaws.com/2018/05/26/7un0pa6d5cpa/2ce371ce-c322-f3a7-d146-087f71e4c65a.flac?X-Amz-Algorithm=AWS4-HMAC-SHA256&X-Amz-Content-Sha256=UNSIGNED-PAYLOAD&X-Amz-Credential=AKIA45B7YWBX5HAZMGOU%2F20260223%2Feu-west-1%2Fs3%2Faws4_request&X-Amz-Date=20260223T000604Z&X-Amz-Expires=604800&X-Amz-Signature=6232c2bf16f930113f2f78874fcbab01a34d1728fb1d314822a422d146ae3d80&X-Amz-SignedHeaders=host&response-content-disposition=attachment%3B%20filename%3D2ce371ce-c322-f3a7-d146-087f71e4c65a.flac&x-id=GetObject,0.229912341,3281
PC-2018-05-26_20-00.flac,2018 Red Wing Ranch,2018,5,26,20,0,sp32,Simple Call,44.48943329,45.33115768,2842,6202,22050,present,https://rfcx-streams-production.s3.eu-west-1.amazonaws.com/2018/05/26/7un0pa6d5cpa/852f51a4-2264-e795-a0f3-e6caf7451aa3.flac?X-Amz-Algorithm=AWS4-HMAC-SHA256&X-Amz-Content-Sha256=UNSIGNED-PAYLOAD&X-Amz-Credential=AKIA45B7YWBX5HAZMGOU%2F20260223%2Feu-west-1%2Fs3%2Faws4_request&X-Amz-Date=20260223T000602Z&X-Amz-Expires=604800&X-Amz-Signature=07fb4a94fe8debec4600f3a92dc959893f3b560059e6285a027f979d1d0e9177&X-Amz-SignedHeaders=host&response-content-disposition=attachment%3B%20filename%3D852f51a4-2264-e795-a0f3-e6caf7451aa3.flac&x-id=GetObject,0.279094845,3281
PC-2018-05-26_20-20.flac,2018 Red Wing Ranch,2018,5,26,20,20,sp32,Simple Call,58.26467133,59.10639572,2842,6202,22050,present,https://rfcx-streams-production.s3.eu-west-1.amazonaws.com/2018/05/26/7un0pa6d5cpa/aea50677-1953-239e-de71-f9d9541c51b9.flac?X-Amz-Algorithm=AWS4-HMAC-SHA256&X-Amz-Content-Sha256=UNSIGNED-PAYLOAD&X-Amz-Credential=AKIA45B7YWBX5HAZMGOU%2F20260223%2Feu-west-1%2Fs3%2Faws4_request&X-Amz-Date=20260223T000604Z&X-Amz-Expires=604800&X-Amz-Signature=52f0bd9d9b9e490d22a4270b0fb322cb19c8bbf4e2227b23028d4d9e431b0c46&X-Amz-SignedHeaders=host&response-content-disposition=attachment%3B%20filename%3Daea50677-1953-239e-de71-f9d9541c51b9.flac&x-id=GetObject,0.210166693,3281
PC-2018-05-26_22-00.flac,2018 Red Wing Ranch,2018,5,26,22,0,sp32,Simple Call,5.979138374,6.820861816,2842,6202,22050,present,https://rfcx-streams-production.s3.eu-west-1.amazonaws.com/2018/05/26/7un0pa6d5cpa/c28433d5-2ba1-f39b-abe4-c11c0d56f0d7.flac?X-Amz-Algorithm=AWS4-HMAC-SHA256&X-Amz-Content-Sha256=UNSIGNED-PAYLOAD&X-Amz-Credential=AKIA45B7YWBX5HAZMGOU%2F20260223%2Feu-west-1%2Fs3%2Faws4_request&X-Amz-Date=20260223T000602Z&X-Amz-Expires=604800&X-Amz-Signature=c16e66ea01643b9c6afc1c2841d758c0896969600d2864144c299f7ef9dca53c&X-Amz-SignedHeaders=host&response-content-disposition=attachment%3B%20filename%3Dc28433d5-2ba1-f39b-abe4-c11c0d56f0d7.flac&x-id=GetObject,0.336305082,3281
PC-2018-05-26_22-20.flac,2018 Red Wing Ranch,2018,5,26,22,20,sp32,Simple Call,44.19918442,45.04090881,2842,6202,22050,present,https://rfcx-streams-production.s3.eu-west-1.amazonaws.com/2018/05/26/7un0pa6d5cpa/32c5228f-1361-2fff-10b1-8bbf432ac3d1.flac?X-Amz-Algorithm=AWS4-HMAC-SHA256&X-Amz-Content-Sha256=UNSIGNED-PAYLOAD&X-Amz-Credential=AKIA45B7YWBX5HAZMGOU%2F20260223%2Feu-west-1%2Fs3%2Faws4_request&X-Amz-Date=20260223T000604Z&X-Amz-Expires=604800&X-Amz-Signature=8d558995fe790a7254d7f30381f5da1db2730d8ab750598cc265e0ac0052cb44&X-Amz-SignedHeaders=host&response-content-disposition=attachment%3B%20filename%3D32c5228f-1361-2fff-10b1-8bbf432ac3d1.flac&x-id=GetObject,0.25712958,3281
PC-2018-05-27_09-40.flac,2018 Red Wing Ranch,2018,5,27,9,40,sp32,Simple Call,20.14331055,20.98503494,2842,6202,22050,present,https://rfcx-streams-production.s3.eu-west-1.amazonaws.com/2018/05/27/7un0pa6d5cpa/5f59f6f8-5a29-b128-a223-b7ba0a57a655.flac?X-Amz-Algorithm=AWS4-HMAC-SHA256&X-Amz-Content-Sha256=UNSIGNED-PAYLOAD&X-Amz-Credential=AKIA45B7YWBX5HAZMGOU%2F20260223%2Feu-west-1%2Fs3%2Faws4_request&X-Amz-Date=20260223T000604Z&X-Amz-Expires=604800&X-Amz-Signature=1072f768583afc4fc5b795a04500066f9458ed3c61048b66c8e25e0c34f6161a&X-Amz-SignedHeaders=host&response-content-disposition=attachment%3B%20filename%3D5f59f6f8-5a29-b128-a223-b7ba0a57a655.flac&x-id=GetObject,0.282884151,3281
PC-2018-05-27_10-40.flac,2018 Red Wing Ranch,2018,5,27,10,40,sp32,Simple Call,2.095600843,2.937324286,2842,6202,22050,present,https://rfcx-streams-production.s3.eu-west-1.amazonaws.com/2018/05/27/7un0pa6d5cpa/aeddc504-2a84-c150-7aab-3919f8afe548.flac?X-Amz-Algorithm=AWS4-HMAC-SHA256&X-Amz-Content-Sha256=UNSIGNED-PAYLOAD&X-Amz-Credential=AKIA45B7YWBX5HAZMGOU%2F20260223%2Feu-west-1%2Fs3%2Faws4_request&X-Amz-Date=20260223T000604Z&X-Amz-Expires=604800&X-Amz-Signature=8e7f2d9ab44418fdc92d367eb0161c6db85116fa06f02d3866478c1cd4107c55&X-Amz-SignedHeaders=host&response-content-disposition=attachment%3B%20filename%3Daeddc504-2a84-c150-7aab-3919f8afe548.flac&x-id=GetObject,0.250326008,3281
PC-2018-05-27_11-00.flac,2018 Red Wing Ranch,2018,5,27,11,0,sp32,Simple Call,46.55020523,47.39192581,2842,6202,22050,present,https://rfcx-streams-production.s3.eu-west-1.amazonaws.com/2018/05/27/7un0pa6d5cpa/bd324b58-350b-f8c9-cee2-18127b29a375.flac?X-Amz-Algorithm=AWS4-HMAC-SHA256&X-Amz-Content-Sha256=UNSIGNED-PAYLOAD&X-Amz-Credential=AKIA45B7YWBX5HAZMGOU%2F20260223%2Feu-west-1%2Fs3%2Faws4_request&X-Amz-Date=20260223T000602Z&X-Amz-Expires=604800&X-Amz-Signature=fce9007996478ad689b0b128e0b5a2ef656fe3aa8f64210060c474e0043e1170&X-Amz-SignedHeaders=host&response-content-disposition=attachment%3B%20filename%3Dbd324b58-350b-f8c9-cee2-18127b29a375.flac&x-id=GetObject,0.264349878,3281
PC-2018-05-27_13-20.flac,2018 Red Wing Ranch,2018,5,27,13,20,sp32,Simple Call,19.86467171,20.7063942,2842,6202,22050,present,https://rfcx-streams-production.s3.eu-west-1.amazonaws.com/2018/05/27/7un0pa6d5cpa/d7561b51-8e7c-68c0-3d2b-79951daffd16.flac?X-Amz-Algorithm=AWS4-HMAC-SHA256&X-Amz-Content-Sha256=UNSIGNED-PAYLOAD&X-Amz-Credential=AKIA45B7YWBX5HAZMGOU%2F20260223%2Feu-west-1%2Fs3%2Faws4_request&X-Amz-Date=20260223T000604Z&X-Amz-Expires=604800&X-Amz-Signature=b9b2df698500590efa3c81990a4f1a6455c914b50e3da86939923a6e71958637&X-Amz-SignedHeaders=host&response-content-disposition=attachment%3B%20filename%3Dd7561b51-8e7c-68c0-3d2b-79951daffd16.flac&x-id=GetObject,0.223821491,3281
PC-2018-05-27_13-40.flac,2018 Red Wing Ranch,2018,5,27,13,40,sp32,Simple Call,44.46040726,45.30213165,2842,6202,22050,present,https://rfcx-streams-production.s3.eu-west-1.amazonaws.com/2018/05/27/7un0pa6d5cpa/c584dd33-bfb6-f072-6b7f-5f79a06c167f.flac?X-Amz-Algorithm=AWS4-HMAC-SHA256&X-Amz-Content-Sha256=UNSIGNED-PAYLOAD&X-Amz-Credential=AKIA45B7YWBX5HAZMGOU%2F20260223%2Feu-west-1%2Fs3%2Faws4_request&X-Amz-Date=20260223T000604Z&X-Amz-Expires=604800&X-Amz-Signature=3f878d14d7e6e05bd0593022486d754d7c8310b2170b811f4ecc92c4e796a5b9&X-Amz-SignedHeaders=host&response-content-disposition=attachment%3B%20filename%3Dc584dd33-bfb6-f072-6b7f-5f79a06c167f.flac&x-id=GetObject,0.245692432,3281
PC-2018-05-27_14-40.flac,2018 Red Wing Ranch,2018,5,27,14,40,sp32,Simple Call,34.92281342,35.764534,2842,6202,22050,present,https://rfcx-streams-production.s3.eu-west-1.amazonaws.com/2018/05/27/7un0pa6d5cpa/417c5f72-e44c-f232-bd51-6ba0a002a470.flac?X-Amz-Algorithm=AWS4-HMAC-SHA256&X-Amz-Content-Sha256=UNSIGNED-PAYLOAD&X-Amz-Credential=AKIA45B7YWBX5HAZMGOU%2F20260223%2Feu-west-1%2Fs3%2Faws4_request&X-Amz-Date=20260223T000604Z&X-Amz-Expires=604800&X-Amz-Signature=65875cfa32e87b88d64a74623bb7ea87f6774780aedd775a06646addc6674c21&X-Amz-SignedHeaders=host&response-content-disposition=attachment%3B%20filename%3D417c5f72-e44c-f232-bd51-6ba0a002a470.flac&x-id=GetObject,0.312507451,3281
PC-2018-05-27_15-20.flac,2018 Red Wing Ranch,2018,5,27,15,20,sp32,Simple Call,50.28861618,51.13034058,2842,6202,22050,present,https://rfcx-streams-production.s3.eu-west-1.amazonaws.com/2018/05/27/7un0pa6d5cpa/53e71914-dd0d-f36c-2e3f-c7301c9af571.flac?X-Amz-Algorithm=AWS4-HMAC-SHA256&X-Amz-Content-Sha256=UNSIGNED-PAYLOAD&X-Amz-Credential=AKIA45B7YWBX5HAZMGOU%2F20260223%2Feu-west-1%2Fs3%2Faws4_request&X-Amz-Date=20260223T000604Z&X-Amz-Expires=604800&X-Amz-Signature=432bba8d4ed42b0b5d1a71f5f972eb44297f697fe8b2ae6c129d3648f6fe6071&X-Amz-SignedHeaders=host&response-content-disposition=attachment%3B%20filename%3D53e71914-dd0d-f36c-2e3f-c7301c9af571.flac&x-id=GetObject,0.225980535,3281
PC-2018-05-27_18-20.flac,2018 Red Wing Ranch,2018,5,27,18,20,sp32,Simple Call,24.66539764,25.50712013,2842,6202,22050,present,https://rfcx-streams-production.s3.eu-west-1.amazonaws.com/2018/05/27/7un0pa6d5cpa/8cdb4a9d-aa89-9383-c62c-9dd39b3fe3c9.flac?X-Amz-Algorithm=AWS4-HMAC-SHA256&X-Amz-Content-Sha256=UNSIGNED-PAYLOAD&X-Amz-Credential=AKIA45B7YWBX5HAZMGOU%2F20260223%2Feu-west-1%2Fs3%2Faws4_request&X-Amz-Date=20260223T000604Z&X-Amz-Expires=604800&X-Amz-Signature=7f9b80949349943bea56e7c0c998d6a53fa40d24acdf04a2d7624aa15e719c60&X-Amz-SignedHeaders=host&response-content-disposition=attachment%3B%20filename%3D8cdb4a9d-aa89-9383-c62c-9dd39b3fe3c9.flac&x-id=GetObject,0.313057601,3281
PC-2018-05-27_19-20.flac,2018 Red Wing Ranch,2018,5,27,19,20,sp32,Simple Call,27.13832283,27.98004532,2842,6202,22050,present,https://rfcx-streams-production.s3.eu-west-1.amazonaws.com/2018/05/27/7un0pa6d5cpa/9b641d96-3de0-f308-9408-653da2f78477.flac?X-Amz-Algorithm=AWS4-HMAC-SHA256&X-Amz-Content-Sha256=UNSIGNED-PAYLOAD&X-Amz-Credential=AKIA45B7YWBX5HAZMGOU%2F20260223%2Feu-west-1%2Fs3%2Faws4_request&X-Amz-Date=20260223T000604Z&X-Amz-Expires=604800&X-Amz-Signature=3665aab9af3d8a4498601485bdc2a37e8fe213dae7e28336750ab9da59878255&X-Amz-SignedHeaders=host&response-content-disposition=attachment%3B%20filename%3D9b641d96-3de0-f308-9408-653da2f78477.flac&x-id=GetObject,0.254903287,3281
PC-2018-05-27_20-00.flac,2018 Red Wing Ranch,2018,5,27,20,0,sp32,Simple Call,46.8056221,47.6473465,2842,6202,22050,present,https://rfcx-streams-production.s3.eu-west-1.amazonaws.com/2018/05/27/7un0pa6d5cpa/82e197a1-9961-a677-1259-229b60644af2.flac?X-Amz-Algorithm=AWS4-HMAC-SHA256&X-Amz-Content-Sha256=UNSIGNED-PAYLOAD&X-Amz-Credential=AKIA45B7YWBX5HAZMGOU%2F20260223%2Feu-west-1%2Fs3%2Faws4_request&X-Amz-Date=20260223T000602Z&X-Amz-Expires=604800&X-Amz-Signature=f3bd78b59e6c33f8a32ace2fe3ce05c0284073767f71428c6bf9ca166bf3cd09&X-Amz-SignedHeaders=host&response-content-disposition=attachment%3B%20filename%3D82e197a1-9961-a677-1259-229b60644af2.flac&x-id=GetObject,0.364515483,3281
PC-2018-05-27_20-20.flac,2018 Red Wing Ranch,2018,5,27,20,20,sp32,Simple Call,56.38965988,57.23138428,2842,6202,22050,present,https://rfcx-streams-production.s3.eu-west-1.amazonaws.com/2018/05/27/7un0pa6d5cpa/15be19cf-f554-ab26-7e51-b188c5f4b9fa.flac?X-Amz-Algorithm=AWS4-HMAC-SHA256&X-Amz-Content-Sha256=UNSIGNED-PAYLOAD&X-Amz-Credential=AKIA45B7YWBX5HAZMGOU%2F20260223%2Feu-west-1%2Fs3%2Faws4_request&X-Amz-Date=20260223T000604Z&X-Amz-Expires=604800&X-Amz-Signature=01191626f8b37381d7d7360b68ea920e54e9939f86f82bd81f3de7a037493ae3&X-Amz-SignedHeaders=host&response-content-disposition=attachment%3B%20filename%3D15be19cf-f554-ab26-7e51-b188c5f4b9fa.flac&x-id=GetObject,0.295141995,3281
PC-2018-05-27_22-00.flac,2018 Red Wing Ranch,2018,5,27,22,0,sp32,Simple Call,16.77641678,17.61814117,2842,6202,22050,present,https://rfcx-streams-production.s3.eu-west-1.amazonaws.com/2018/05/27/7un0pa6d5cpa/09e06d6a-37a6-deb2-d1dc-f95912321d8c.flac?X-Amz-Algorithm=AWS4-HMAC-SHA256&X-Amz-Content-Sha256=UNSIGNED-PAYLOAD&X-Amz-Credential=AKIA45B7YWBX5HAZMGOU%2F20260223%2Feu-west-1%2Fs3%2Faws4_request&X-Amz-Date=20260223T000602Z&X-Amz-Expires=604800&X-Amz-Signature=7f88e8c0e538e786bf67f7ad33113091e8cea94293f9139e2e7ae58f9c10a76f&X-Amz-SignedHeaders=host&response-content-disposition=attachment%3B%20filename%3D09e06d6a-37a6-deb2-d1dc-f95912321d8c.flac&x-id=GetObject,0.227632776,3281
PC-2018-05-27_23-40.flac,2018 Red Wing Ranch,2018,5,27,23,40,sp32,Simple Call,57.43455887,58.27627945,2842,6202,22050,present,https://rfcx-streams-production.s3.eu-west-1.amazonaws.com/2018/05/27/7un0pa6d5cpa/9c71e765-d6eb-9d1c-80b5-31f732857e9e.flac?X-Amz-Algorithm=AWS4-HMAC-SHA256&X-Amz-Content-Sha256=UNSIGNED-PAYLOAD&X-Amz-Credential=AKIA45B7YWBX5HAZMGOU%2F20260223%2Feu-west-1%2Fs3%2Faws4_request&X-Amz-Date=20260223T000604Z&X-Amz-Expires=604800&X-Amz-Signature=3bd073df96691676c1c86c199d78b048fcda9f1246a498165c6690a5c5d416db&X-Amz-SignedHeaders=host&response-content-disposition=attachment%3B%20filename%3D9c71e765-d6eb-9d1c-80b5-31f732857e9e.flac&x-id=GetObject,0.249689549,3281
PC-2018-05-28_00-00.flac,2018 Red Wing Ranch,2018,5,28,0,0,sp32,Simple Call,0.145124719,0.986848056,2842,6202,22050,present,https://rfcx-streams-production.s3.eu-west-1.amazonaws.com/2018/05/27/7un0pa6d5cpa/058741dd-6a7a-b69d-d103-cce1725208b9.flac?X-Amz-Algorithm=AWS4-HMAC-SHA256&X-Amz-Content-Sha256=UNSIGNED-PAYLOAD&X-Amz-Credential=AKIA45B7YWBX5HAZMGOU%2F20260223%2Feu-west-1%2Fs3%2Faws4_request&X-Amz-Date=20260223T000602Z&X-Amz-Expires=604800&X-Amz-Signature=0848ec13b8869a90b181a5b4869b01f0f04e0db9638ada188ff22750edb36d34&X-Amz-SignedHeaders=host&response-content-disposition=attachment%3B%20filename%3D058741dd-6a7a-b69d-d103-cce1725208b9.flac&x-id=GetObject,0.203881502,3281
PC-2018-05-28_00-20.flac,2018 Red Wing Ranch,2018,5,28,0,20,sp32,Simple Call,54.5378685,55.3795929,2842,6202,22050,present,https://rfcx-streams-production.s3.eu-west-1.amazonaws.com/2018/05/27/7un0pa6d5cpa/25f73f01-837b-b461-f7a0-2030ca563db9.flac?X-Amz-Algorithm=AWS4-HMAC-SHA256&X-Amz-Content-Sha256=UNSIGNED-PAYLOAD&X-Amz-Credential=AKIA45B7YWBX5HAZMGOU%2F20260223%2Feu-west-1%2Fs3%2Faws4_request&X-Amz-Date=20260223T000604Z&X-Amz-Expires=604800&X-Amz-Signature=d67bf17df898596fe5f536775bc8d0f77acfe8a5d970a13192ab92c05d18331a&X-Amz-SignedHeaders=host&response-content-disposition=attachment%3B%20filename%3D25f73f01-837b-b461-f7a0-2030ca563db9.flac&x-id=GetObject,0.225499198,3281
PC-2018-05-28_07-20.flac,2018 Red Wing Ranch,2018,5,28,7,20,sp32,Simple Call,59.11219788,59.95392227,2842,6202,22050,present,https://rfcx-streams-production.s3.eu-west-1.amazonaws.com/2018/05/28/7un0pa6d5cpa/cfcf6497-b596-c4d8-c242-94a05e3d6aef.flac?X-Amz-Algorithm=AWS4-HMAC-SHA256&X-Amz-Content-Sha256=UNSIGNED-PAYLOAD&X-Amz-Credential=AKIA45B7YWBX5HAZMGOU%2F20260223%2Feu-west-1%2Fs3%2Faws4_request&X-Amz-Date=20260223T000604Z&X-Amz-Expires=604800&X-Amz-Signature=d36441702d9d655344bc93c9daee2566c98fd99694fb83db6222733336ff8473&X-Amz-SignedHeaders=host&response-content-disposition=attachment%3B%20filename%3Dcfcf6497-b596-c4d8-c242-94a05e3d6aef.flac&x-id=GetObject,0.229871258,3281
PC-2018-05-28_09-20.flac,2018 Red Wing Ranch,2018,5,28,9,20,sp32,Simple Call,27.32988739,28.17160988,2842,6202,22050,present,https://rfcx-streams-production.s3.eu-west-1.amazonaws.com/2018/05/28/7un0pa6d5cpa/7da5b40d-9a1b-354d-b4a6-fb350e0588af.flac?X-Amz-Algorithm=AWS4-HMAC-SHA256&X-Amz-Content-Sha256=UNSIGNED-PAYLOAD&X-Amz-Credential=AKIA45B7YWBX5HAZMGOU%2F20260223%2Feu-west-1%2Fs3%2Faws4_request&X-Amz-Date=20260223T000604Z&X-Amz-Expires=604800&X-Amz-Signature=26692faa86b8e7099fe6818b2a94c3aad4706ffb2acd3a866f8194734f3bc332&X-Amz-SignedHeaders=host&response-content-disposition=attachment%3B%20filename%3D7da5b40d-9a1b-354d-b4a6-fb350e0588af.flac&x-id=GetObject,0.314188153,3281
PC-2018-05-28_09-40.flac,2018 Red Wing Ranch,2018,5,28,9,40,sp32,Simple Call,44.55328751,45.3950119,2842,6202,22050,present,https://rfcx-streams-production.s3.eu-west-1.amazonaws.com/2018/05/28/7un0pa6d5cpa/301395a5-2227-628c-22c4-cb845eb76995.flac?X-Amz-Algorithm=AWS4-HMAC-SHA256&X-Amz-Content-Sha256=UNSIGNED-PAYLOAD&X-Amz-Credential=AKIA45B7YWBX5HAZMGOU%2F20260223%2Feu-west-1%2Fs3%2Faws4_request&X-Amz-Date=20260223T000604Z&X-Amz-Expires=604800&X-Amz-Signature=ab6c23f55f655246e2dd57e77be8edeec62af9c27d1782cc19528aa096b207c8&X-Amz-SignedHeaders=host&response-content-disposition=attachment%3B%20filename%3D301395a5-2227-628c-22c4-cb845eb76995.flac&x-id=GetObject,0.357919723,3281
PC-2018-05-28_10-00.flac,2018 Red Wing Ranch,2018,5,28,10,0,sp32,Simple Call,35.84000015,36.68172455,2842,6202,22050,present,https://rfcx-streams-production.s3.eu-west-1.amazonaws.com/2018/05/28/7un0pa6d5cpa/72591420-fd38-309f-774d-c3b3c69debd2.flac?X-Amz-Algorithm=AWS4-HMAC-SHA256&X-Amz-Content-Sha256=UNSIGNED-PAYLOAD&X-Amz-Credential=AKIA45B7YWBX5HAZMGOU%2F20260223%2Feu-west-1%2Fs3%2Faws4_request&X-Amz-Date=20260223T000602Z&X-Amz-Expires=604800&X-Amz-Signature=001193ac54eb6f6ae545cc049552cdea79c471bcb485b938313edcb3af206bec&X-Amz-SignedHeaders=host&response-content-disposition=attachment%3B%20filename%3D72591420-fd38-309f-774d-c3b3c69debd2.flac&x-id=GetObject,0.305068135,3281
PC-2018-05-28_10-20.flac,2018 Red Wing Ranch,2018,5,28,10,20,sp32,Simple Call,42.85242462,43.69414902,2842,6202,22050,present,https://rfcx-streams-production.s3.eu-west-1.amazonaws.com/2018/05/28/7un0pa6d5cpa/7573d974-3581-e8df-868b-09ad8893c500.flac?X-Amz-Algorithm=AWS4-HMAC-SHA256&X-Amz-Content-Sha256=UNSIGNED-PAYLOAD&X-Amz-Credential=AKIA45B7YWBX5HAZMGOU%2F20260223%2Feu-west-1%2Fs3%2Faws4_request&X-Amz-Date=20260223T000604Z&X-Amz-Expires=604800&X-Amz-Signature=1726733e3690dc82ce22a21fcd97e8dff67242b623447b42d14261f9cdc24154&X-Amz-SignedHeaders=host&response-content-disposition=attachment%3B%20filename%3D7573d974-3581-e8df-868b-09ad8893c500.flac&x-id=GetObject,0.339197487,3281
PC-2018-05-28_10-40.flac,2018 Red Wing Ranch,2018,5,28,10,40,sp32,Simple Call,13.58367348,14.42539692,2842,6202,22050,present,https://rfcx-streams-production.s3.eu-west-1.amazonaws.com/2018/05/28/7un0pa6d5cpa/fc2e0f00-1bb2-26a3-a72f-55bbcb0ef23a.flac?X-Amz-Algorithm=AWS4-HMAC-SHA256&X-Amz-Content-Sha256=UNSIGNED-PAYLOAD&X-Amz-Credential=AKIA45B7YWBX5HAZMGOU%2F20260223%2Feu-west-1%2Fs3%2Faws4_request&X-Amz-Date=20260223T000604Z&X-Amz-Expires=604800&X-Amz-Signature=48e4591566542a3e343828b086267c9f77cd4fe7db02269c6db229f4f45845f8&X-Amz-SignedHeaders=host&response-content-disposition=attachment%3B%20filename%3Dfc2e0f00-1bb2-26a3-a72f-55bbcb0ef23a.flac&x-id=GetObject,0.494370401,3281
PC-2018-05-28_11-00.flac,2018 Red Wing Ranch,2018,5,28,11,0,sp32,Simple Call,34.86476135,35.70648575,2842,6202,22050,present,https://rfcx-streams-production.s3.eu-west-1.amazonaws.com/2018/05/28/7un0pa6d5cpa/8abde8d9-17f7-b48a-96db-7198b1bda3bb.flac?X-Amz-Algorithm=AWS4-HMAC-SHA256&X-Amz-Content-Sha256=UNSIGNED-PAYLOAD&X-Amz-Credential=AKIA45B7YWBX5HAZMGOU%2F20260223%2Feu-west-1%2Fs3%2Faws4_request&X-Amz-Date=20260223T000602Z&X-Amz-Expires=604800&X-Amz-Signature=e79ac2d95fd4190e59e1167e9c6c0a312ffd5a255841085ee1ea2200356eb0c7&X-Amz-SignedHeaders=host&response-content-disposition=attachment%3B%20filename%3D8abde8d9-17f7-b48a-96db-7198b1bda3bb.flac&x-id=GetObject,0.360134095,3281
PC-2018-05-28_11-20.flac,2018 Red Wing Ranch,2018,5,28,11,20,sp32,Simple Call,41.32571411,42.16743851,2842,6202,22050,present,https://rfcx-streams-production.s3.eu-west-1.amazonaws.com/2018/05/28/7un0pa6d5cpa/1acf61d4-e802-1886-47a8-f27570bc0a2e.flac?X-Amz-Algorithm=AWS4-HMAC-SHA256&X-Amz-Content-Sha256=UNSIGNED-PAYLOAD&X-Amz-Credential=AKIA45B7YWBX5HAZMGOU%2F20260223%2Feu-west-1%2Fs3%2Faws4_request&X-Amz-Date=20260223T000604Z&X-Amz-Expires=604800&X-Amz-Signature=d1ac3d488cf07127a779d8e4411c9c17cb6a76e6e3621c187dda68d8bf696af5&X-Amz-SignedHeaders=host&response-content-disposition=attachment%3B%20filename%3D1acf61d4-e802-1886-47a8-f27570bc0a2e.flac&x-id=GetObject,0.215208113,3281
PC-2018-05-28_11-40.flac,2018 Red Wing Ranch,2018,5,28,11,40,sp32,Simple Call,58.70584869,59.54757309,2842,6202,22050,present,https://rfcx-streams-production.s3.eu-west-1.amazonaws.com/2018/05/28/7un0pa6d5cpa/51214527-22ab-ec36-f09f-1e37bcb0db6b.flac?X-Amz-Algorithm=AWS4-HMAC-SHA256&X-Amz-Content-Sha256=UNSIGNED-PAYLOAD&X-Amz-Credential=AKIA45B7YWBX5HAZMGOU%2F20260223%2Feu-west-1%2Fs3%2Faws4_request&X-Amz-Date=20260223T000604Z&X-Amz-Expires=604800&X-Amz-Signature=3cbc3d94bbcb5a091298d7306978d4ebb9f6b94d7e1eb540cde0746861461a96&X-Amz-SignedHeaders=host&response-content-disposition=attachment%3B%20filename%3D51214527-22ab-ec36-f09f-1e37bcb0db6b.flac&x-id=GetObject,0.410837442,3281
PC-2018-05-28_12-00.flac,2018 Red Wing Ranch,2018,5,28,12,0,sp32,Simple Call,5.868843555,6.710566998,2842,6202,22050,present,https://rfcx-streams-production.s3.eu-west-1.amazonaws.com/2018/05/28/7un0pa6d5cpa/9e5c0f1a-a1f9-6f11-4c5b-c4f0661c31c7.flac?X-Amz-Algorithm=AWS4-HMAC-SHA256&X-Amz-Content-Sha256=UNSIGNED-PAYLOAD&X-Amz-Credential=AKIA45B7YWBX5HAZMGOU%2F20260223%2Feu-west-1%2Fs3%2Faws4_request&X-Amz-Date=20260223T000604Z&X-Amz-Expires=604800&X-Amz-Signature=0656c3e2ca64ec8f71fb0c49f1a6dc9c8df4b0c5eb46c70de1d626f2963503d8&X-Amz-SignedHeaders=host&response-content-disposition=attachment%3B%20filename%3D9e5c0f1a-a1f9-6f11-4c5b-c4f0661c31c7.flac&x-id=GetObject,0.374404103,3281
PC-2018-05-28_14-00.flac,2018 Red Wing Ranch,2018,5,28,14,0,sp32,Simple Call,48.44263077,49.28435516,2842,6202,22050,present,https://rfcx-streams-production.s3.eu-west-1.amazonaws.com/2018/05/28/7un0pa6d5cpa/9c338eda-80f9-47cd-6c1c-84c81517e161.flac?X-Amz-Algorithm=AWS4-HMAC-SHA256&X-Amz-Content-Sha256=UNSIGNED-PAYLOAD&X-Amz-Credential=AKIA45B7YWBX5HAZMGOU%2F20260223%2Feu-west-1%2Fs3%2Faws4_request&X-Amz-Date=20260223T000604Z&X-Amz-Expires=604800&X-Amz-Signature=7d278bb1ed1ef303d2afdf041dd4a542050d11f74045622992cb74630ef7ab70&X-Amz-SignedHeaders=host&response-content-disposition=attachment%3B%20filename%3D9c338eda-80f9-47cd-6c1c-84c81517e161.flac&x-id=GetObject,0.279977113,3281
PC-2018-05-28_14-40.flac,2018 Red Wing Ranch,2018,5,28,14,40,sp32,Simple Call,53.21433258,54.05605316,2842,6202,22050,present,https://rfcx-streams-production.s3.eu-west-1.amazonaws.com/2018/05/28/7un0pa6d5cpa/a7c4a314-7945-a35f-caa0-e5984aba690b.flac?X-Amz-Algorithm=AWS4-HMAC-SHA256&X-Amz-Content-Sha256=UNSIGNED-PAYLOAD&X-Amz-Credential=AKIA45B7YWBX5HAZMGOU%2F20260223%2Feu-west-1%2Fs3%2Faws4_request&X-Amz-Date=20260223T000604Z&X-Amz-Expires=604800&X-Amz-Signature=c2a52632973acca4800a56ea5ef751908cb27f27828aa8f0defd66568cc6064d&X-Amz-SignedHeaders=host&response-content-disposition=attachment%3B%20filename%3Da7c4a314-7945-a35f-caa0-e5984aba690b.flac&x-id=GetObject,0.255393028,3281
PC-2018-05-28_18-20.flac,2018 Red Wing Ranch,2018,5,28,18,20,sp32,Simple Call,53.97478485,54.81650925,2842,6202,22050,present,https://rfcx-streams-production.s3.eu-west-1.amazonaws.com/2018/05/28/7un0pa6d5cpa/75712b88-853b-b1db-1454-53e2a2bca88c.flac?X-Amz-Algorithm=AWS4-HMAC-SHA256&X-Amz-Content-Sha256=UNSIGNED-PAYLOAD&X-Amz-Credential=AKIA45B7YWBX5HAZMGOU%2F20260223%2Feu-west-1%2Fs3%2Faws4_request&X-Amz-Date=20260223T000604Z&X-Amz-Expires=604800&X-Amz-Signature=df6b1b4657659d493da04cccc87c3cc7be51c0e3255725a9eb1444671acf47c5&X-Amz-SignedHeaders=host&response-content-disposition=attachment%3B%20filename%3D75712b88-853b-b1db-1454-53e2a2bca88c.flac&x-id=GetObject,0.208026841,3281
PC-2018-05-29_03-40.flac,2018 Red Wing Ranch,2018,5,29,3,40,sp32,Simple Call,4.301496506,5.143219948,2842,6202,22050,present,https://rfcx-streams-production.s3.eu-west-1.amazonaws.com/2018/05/28/7un0pa6d5cpa/ab0957a6-3a05-32ee-3baf-e811ad00cf5c.flac?X-Amz-Algorithm=AWS4-HMAC-SHA256&X-Amz-Content-Sha256=UNSIGNED-PAYLOAD&X-Amz-Credential=AKIA45B7YWBX5HAZMGOU%2F20260223%2Feu-west-1%2Fs3%2Faws4_request&X-Amz-Date=20260223T000604Z&X-Amz-Expires=604800&X-Amz-Signature=d6af3d8c0d2cb9258f7515f17f42d9d0b95b9909efa69bbed7a4b1f8b4fe229d&X-Amz-SignedHeaders=host&response-content-disposition=attachment%3B%20filename%3Dab0957a6-3a05-32ee-3baf-e811ad00cf5c.flac&x-id=GetObject,0.214512378,3281
PC-2018-05-29_07-40.flac,2018 Red Wing Ranch,2018,5,29,7,40,sp32,Simple Call,47.93179321,48.77351379,2842,6202,22050,present,https://rfcx-streams-production.s3.eu-west-1.amazonaws.com/2018/05/29/7un0pa6d5cpa/36dbc32d-0781-2df3-38da-ccbadaec7a16.flac?X-Amz-Algorithm=AWS4-HMAC-SHA256&X-Amz-Content-Sha256=UNSIGNED-PAYLOAD&X-Amz-Credential=AKIA45B7YWBX5HAZMGOU%2F20260223%2Feu-west-1%2Fs3%2Faws4_request&X-Amz-Date=20260223T000604Z&X-Amz-Expires=604800&X-Amz-Signature=3b9823bc06a6a5b0e9427e3a3ba5f17b200a29acfdce32d454dac67d583d470f&X-Amz-SignedHeaders=host&response-content-disposition=attachment%3B%20filename%3D36dbc32d-0781-2df3-38da-ccbadaec7a16.flac&x-id=GetObject,0.234553501,3281
PC-2018-05-29_08-00.flac,2018 Red Wing Ranch,2018,5,29,8,0,sp32,Simple Call,55.89043045,56.73215485,2842,6202,22050,present,https://rfcx-streams-production.s3.eu-west-1.amazonaws.com/2018/05/29/7un0pa6d5cpa/fcd1fcee-1093-e4c6-ea2c-11a6b408d36e.flac?X-Amz-Algorithm=AWS4-HMAC-SHA256&X-Amz-Content-Sha256=UNSIGNED-PAYLOAD&X-Amz-Credential=AKIA45B7YWBX5HAZMGOU%2F20260223%2Feu-west-1%2Fs3%2Faws4_request&X-Amz-Date=20260223T000604Z&X-Amz-Expires=604800&X-Amz-Signature=4fb8f60e7183a69e7cecdca149539a05324462806c2f9248fc13a6b33183b279&X-Amz-SignedHeaders=host&response-content-disposition=attachment%3B%20filename%3Dfcd1fcee-1093-e4c6-ea2c-11a6b408d36e.flac&x-id=GetObject,0.224018842,3281
PC-2018-05-29_08-40.flac,2018 Red Wing Ranch,2018,5,29,8,40,sp32,Simple Call,58.17759705,59.01932144,2842,6202,22050,present,https://rfcx-streams-production.s3.eu-west-1.amazonaws.com/2018/05/29/7un0pa6d5cpa/849b9fb8-5d0c-02fb-9acf-2055510cfcba.flac?X-Amz-Algorithm=AWS4-HMAC-SHA256&X-Amz-Content-Sha256=UNSIGNED-PAYLOAD&X-Amz-Credential=AKIA45B7YWBX5HAZMGOU%2F20260223%2Feu-west-1%2Fs3%2Faws4_request&X-Amz-Date=20260223T000604Z&X-Amz-Expires=604800&X-Amz-Signature=f29d3c922b4c3338bb4944fdf65fa9c1c590c8221b973eba1ef69d342eb2f73c&X-Amz-SignedHeaders=host&response-content-disposition=attachment%3B%20filename%3D849b9fb8-5d0c-02fb-9acf-2055510cfcba.flac&x-id=GetObject,0.292567015,3281
PC-2018-05-29_09-00.flac,2018 Red Wing Ranch,2018,5,29,9,0,sp32,Simple Call,31.45142937,32.29315186,2842,6202,22050,present,https://rfcx-streams-production.s3.eu-west-1.amazonaws.com/2018/05/29/7un0pa6d5cpa/8823fecd-eeaa-61b9-38e2-eec2a06d9a27.flac?X-Amz-Algorithm=AWS4-HMAC-SHA256&X-Amz-Content-Sha256=UNSIGNED-PAYLOAD&X-Amz-Credential=AKIA45B7YWBX5HAZMGOU%2F20260223%2Feu-west-1%2Fs3%2Faws4_request&X-Amz-Date=20260223T000604Z&X-Amz-Expires=604800&X-Amz-Signature=9c5262100be44d38c3279f7a4fde188b3ccf829f94e4f9e4344c21418e529e7d&X-Amz-SignedHeaders=host&response-content-disposition=attachment%3B%20filename%3D8823fecd-eeaa-61b9-38e2-eec2a06d9a27.flac&x-id=GetObject,0.330117404,3281
PC-2018-05-29_09-20.flac,2018 Red Wing Ranch,2018,5,29,9,20,sp32,Simple Call,56.77859497,57.62031937,2842,6202,22050,present,https://rfcx-streams-production.s3.eu-west-1.amazonaws.com/2018/05/29/7un0pa6d5cpa/730da263-c504-6c20-1319-1b83f92cb50e.flac?X-Amz-Algorithm=AWS4-HMAC-SHA256&X-Amz-Content-Sha256=UNSIGNED-PAYLOAD&X-Amz-Credential=AKIA45B7YWBX5HAZMGOU%2F20260223%2Feu-west-1%2Fs3%2Faws4_request&X-Amz-Date=20260223T000604Z&X-Amz-Expires=604800&X-Amz-Signature=c0d604cc348f5e44c15ddfe500f2fdb6c495b89b341f09e0010e2195725100bc&X-Amz-SignedHeaders=host&response-content-disposition=attachment%3B%20filename%3D730da263-c504-6c20-1319-1b83f92cb50e.flac&x-id=GetObject,0.328495324,3281
PC-2018-05-29_09-40.flac,2018 Red Wing Ranch,2018,5,29,9,40,sp32,Simple Call,26.09342384,26.93514824,2842,6202,22050,present,https://rfcx-streams-production.s3.eu-west-1.amazonaws.com/2018/05/29/7un0pa6d5cpa/affa222d-3f2c-0170-f93d-ffe871a7a72f.flac?X-Amz-Algorithm=AWS4-HMAC-SHA256&X-Amz-Content-Sha256=UNSIGNED-PAYLOAD&X-Amz-Credential=AKIA45B7YWBX5HAZMGOU%2F20260223%2Feu-west-1%2Fs3%2Faws4_request&X-Amz-Date=20260223T000604Z&X-Amz-Expires=604800&X-Amz-Signature=cd1bd97403d5467301d30225ca3e21896f5de1821bea87f874701cb40f5fb8fe&X-Amz-SignedHeaders=host&response-content-disposition=attachment%3B%20filename%3Daffa222d-3f2c-0170-f93d-ffe871a7a72f.flac&x-id=GetObject,0.240484878,3281
PC-2018-05-29_10-00.flac,2018 Red Wing Ranch,2018,5,29,10,0,sp32,Simple Call,17.14213181,17.98385429,2842,6202,22050,present,https://rfcx-streams-production.s3.eu-west-1.amazonaws.com/2018/05/29/7un0pa6d5cpa/60c0e659-e5f7-e232-e36a-78932db8d7a2.flac?X-Amz-Algorithm=AWS4-HMAC-SHA256&X-Amz-Content-Sha256=UNSIGNED-PAYLOAD&X-Amz-Credential=AKIA45B7YWBX5HAZMGOU%2F20260223%2Feu-west-1%2Fs3%2Faws4_request&X-Amz-Date=20260223T000604Z&X-Amz-Expires=604800&X-Amz-Signature=8c3fc728329db55bd74ea092bcd7f5e018643c0e47bf81b3914d9162dd8edc31&X-Amz-SignedHeaders=host&response-content-disposition=attachment%3B%20filename%3D60c0e659-e5f7-e232-e36a-78932db8d7a2.flac&x-id=GetObject,0.23108393,3281
PC-2018-05-29_10-20.flac,2018 Red Wing Ranch,2018,5,29,10,20,sp32,Simple Call,48.68643951,49.52816391,2842,6202,22050,present,https://rfcx-streams-production.s3.eu-west-1.amazonaws.com/2018/05/29/7un0pa6d5cpa/b2119066-ec63-5515-7b4f-2ecb4acf9734.flac?X-Amz-Algorithm=AWS4-HMAC-SHA256&X-Amz-Content-Sha256=UNSIGNED-PAYLOAD&X-Amz-Credential=AKIA45B7YWBX5HAZMGOU%2F20260223%2Feu-west-1%2Fs3%2Faws4_request&X-Amz-Date=20260223T000604Z&X-Amz-Expires=604800&X-Amz-Signature=ec0b91bda68adf4491285f56d9bbbbe8c0bb7670715c327ea001c3b3def14731&X-Amz-SignedHeaders=host&response-content-disposition=attachment%3B%20filename%3Db2119066-ec63-5515-7b4f-2ecb4acf9734.flac&x-id=GetObject,0.236139983,3281
PC-2018-05-29_10-40.flac,2018 Red Wing Ranch,2018,5,29,10,40,sp32,Simple Call,57.4287529,58.27047729,2842,6202,22050,present,https://rfcx-streams-production.s3.eu-west-1.amazonaws.com/2018/05/29/7un0pa6d5cpa/d2272b05-254e-7abc-743d-1f86173f285e.flac?X-Amz-Algorithm=AWS4-HMAC-SHA256&X-Amz-Content-Sha256=UNSIGNED-PAYLOAD&X-Amz-Credential=AKIA45B7YWBX5HAZMGOU%2F20260223%2Feu-west-1%2Fs3%2Faws4_request&X-Amz-Date=20260223T000604Z&X-Amz-Expires=604800&X-Amz-Signature=d1191f8f89c736470ecdf898ebeaa450a121d20c1901f871907bd4fa94a71043&X-Amz-SignedHeaders=host&response-content-disposition=attachment%3B%20filename%3Dd2272b05-254e-7abc-743d-1f86173f285e.flac&x-id=GetObject,0.21225886,3281
PC-2018-05-29_11-20.flac,2018 Red Wing Ranch,2018,5,29,11,20,sp32,Simple Call,14.15836716,15.0000906,2842,6202,22050,present,https://rfcx-streams-production.s3.eu-west-1.amazonaws.com/2018/05/29/7un0pa6d5cpa/aeeb833e-4a21-d449-76bf-b65844e56a56.flac?X-Amz-Algorithm=AWS4-HMAC-SHA256&X-Amz-Content-Sha256=UNSIGNED-PAYLOAD&X-Amz-Credential=AKIA45B7YWBX5HAZMGOU%2F20260223%2Feu-west-1%2Fs3%2Faws4_request&X-Amz-Date=20260223T000604Z&X-Amz-Expires=604800&X-Amz-Signature=4ceab61e985fc64773c1148ade9f593ac0d2a2deb5b497ac249ec935dfc7326f&X-Amz-SignedHeaders=host&response-content-disposition=attachment%3B%20filename%3Daeeb833e-4a21-d449-76bf-b65844e56a56.flac&x-id=GetObject,0.266292632,3281
PC-2018-05-29_11-40.flac,2018 Red Wing Ranch,2018,5,29,11,40,sp32,Simple Call,39.27655411,40.1182785,2842,6202,22050,present,https://rfcx-streams-production.s3.eu-west-1.amazonaws.com/2018/05/29/7un0pa6d5cpa/6a6e1882-1f27-f1f4-f34b-160093c9251d.flac?X-Amz-Algorithm=AWS4-HMAC-SHA256&X-Amz-Content-Sha256=UNSIGNED-PAYLOAD&X-Amz-Credential=AKIA45B7YWBX5HAZMGOU%2F20260223%2Feu-west-1%2Fs3%2Faws4_request&X-Amz-Date=20260223T000604Z&X-Amz-Expires=604800&X-Amz-Signature=00f3fceaa794c54bb295b57a412b552e4b9ed72cae5813a9bf219bf6acf27cad&X-Amz-SignedHeaders=host&response-content-disposition=attachment%3B%20filename%3D6a6e1882-1f27-f1f4-f34b-160093c9251d.flac&x-id=GetObject,0.202527091,3281
PC-2018-05-29_14-40.flac,2018 Red Wing Ranch,2018,5,29,14,40,sp32,Simple Call,32.21188354,33.05360413,2842,6202,22050,present,https://rfcx-streams-production.s3.eu-west-1.amazonaws.com/2018/05/29/7un0pa6d5cpa/ddb7a8e3-f0c7-a4c6-23c9-df47dd13a51e.flac?X-Amz-Algorithm=AWS4-HMAC-SHA256&X-Amz-Content-Sha256=UNSIGNED-PAYLOAD&X-Amz-Credential=AKIA45B7YWBX5HAZMGOU%2F20260223%2Feu-west-1%2Fs3%2Faws4_request&X-Amz-Date=20260223T000604Z&X-Amz-Expires=604800&X-Amz-Signature=692d5b6580e59974fa1793a8f87a50984d56ad52c917b63115781952f101ec3b&X-Amz-SignedHeaders=host&response-content-disposition=attachment%3B%20filename%3Dddb7a8e3-f0c7-a4c6-23c9-df47dd13a51e.flac&x-id=GetObject,0.208406046,3281
PC-2018-05-29_15-00.flac,2018 Red Wing Ranch,2018,5,29,15,0,sp32,Simple Call,45.62721252,46.46893311,2842,6202,22050,present,https://rfcx-streams-production.s3.eu-west-1.amazonaws.com/2018/05/29/7un0pa6d5cpa/86baf026-6483-74d0-3612-e55f501ecd03.flac?X-Amz-Algorithm=AWS4-HMAC-SHA256&X-Amz-Content-Sha256=UNSIGNED-PAYLOAD&X-Amz-Credential=AKIA45B7YWBX5HAZMGOU%2F20260223%2Feu-west-1%2Fs3%2Faws4_request&X-Amz-Date=20260223T000604Z&X-Amz-Expires=604800&X-Amz-Signature=5aa6188aef14353d1136656712d634fa249fe30b8c7dd3906e70b335fed3af94&X-Amz-SignedHeaders=host&response-content-disposition=attachment%3B%20filename%3D86baf026-6483-74d0-3612-e55f501ecd03.flac&x-id=GetObject,0.241192549,3281
PC-2018-05-29_19-00.flac,2018 Red Wing Ranch,2018,5,29,19,0,sp32,Simple Call,24.52607727,25.36779976,2842,6202,22050,present,https://rfcx-streams-production.s3.eu-west-1.amazonaws.com/2018/05/29/7un0pa6d5cpa/64cb11a9-4155-44ee-d3f4-88d8d5df68de.flac?X-Amz-Algorithm=AWS4-HMAC-SHA256&X-Amz-Content-Sha256=UNSIGNED-PAYLOAD&X-Amz-Credential=AKIA45B7YWBX5HAZMGOU%2F20260223%2Feu-west-1%2Fs3%2Faws4_request&X-Amz-Date=20260223T000604Z&X-Amz-Expires=604800&X-Amz-Signature=2c0d95e3b1b38eab1a42941c6f2a2d1a60733768dfb513358453603e1c23873b&X-Amz-SignedHeaders=host&response-content-disposition=attachment%3B%20filename%3D64cb11a9-4155-44ee-d3f4-88d8d5df68de.flac&x-id=GetObject,0.211542889,3281
PC-2018-05-29_19-20.flac,2018 Red Wing Ranch,2018,5,29,19,20,sp32,Simple Call,52.70929718,53.55102158,2842,6202,22050,present,https://rfcx-streams-production.s3.eu-west-1.amazonaws.com/2018/05/29/7un0pa6d5cpa/c89d74b0-dcb7-c207-194c-a24a2eb04c93.flac?X-Amz-Algorithm=AWS4-HMAC-SHA256&X-Amz-Content-Sha256=UNSIGNED-PAYLOAD&X-Amz-Credential=AKIA45B7YWBX5HAZMGOU%2F20260223%2Feu-west-1%2Fs3%2Faws4_request&X-Amz-Date=20260223T000604Z&X-Amz-Expires=604800&X-Amz-Signature=7dca64fd0e33efae54485f5c9b085ee43a277b3f337dc58fa4fb5dc38d2d5ea6&X-Amz-SignedHeaders=host&response-content-disposition=attachment%3B%20filename%3Dc89d74b0-dcb7-c207-194c-a24a2eb04c93.flac&x-id=GetObject,0.247658357,3281
PC-2018-05-29_19-40.flac,2018 Red Wing Ranch,2018,5,29,19,40,sp32,Simple Call,45.30213165,46.14385605,2842,6202,22050,present,https://rfcx-streams-production.s3.eu-west-1.amazonaws.com/2018/05/29/7un0pa6d5cpa/ca3d23da-6e70-5dcc-fa31-a931dd1c9f9a.flac?X-Amz-Algorithm=AWS4-HMAC-SHA256&X-Amz-Content-Sha256=UNSIGNED-PAYLOAD&X-Amz-Credential=AKIA45B7YWBX5HAZMGOU%2F20260223%2Feu-west-1%2Fs3%2Faws4_request&X-Amz-Date=20260223T000604Z&X-Amz-Expires=604800&X-Amz-Signature=ee2553054a52541a89d79c8adfe43e477f340b8b6b0764b328736766671f8f0f&X-Amz-SignedHeaders=host&response-content-disposition=attachment%3B%20filename%3Dca3d23da-6e70-5dcc-fa31-a931dd1c9f9a.flac&x-id=GetObject,0.248387218,3281
PC-2018-05-29_20-20.flac,2018 Red Wing Ranch,2018,5,29,20,20,sp32,Simple Call,5.54956913,6.391292572,2842,6202,22050,present,https://rfcx-streams-production.s3.eu-west-1.amazonaws.com/2018/05/29/7un0pa6d5cpa/6f249441-c09c-4736-97fd-8d3398e550dd.flac?X-Amz-Algorithm=AWS4-HMAC-SHA256&X-Amz-Content-Sha256=UNSIGNED-PAYLOAD&X-Amz-Credential=AKIA45B7YWBX5HAZMGOU%2F20260223%2Feu-west-1%2Fs3%2Faws4_request&X-Amz-Date=20260223T000604Z&X-Amz-Expires=604800&X-Amz-Signature=14632e0a5b6ff0d8e05373b90caa82a146e55d5633533c23127f2dcd71b7b4d5&X-Amz-SignedHeaders=host&response-content-disposition=attachment%3B%20filename%3D6f249441-c09c-4736-97fd-8d3398e550dd.flac&x-id=GetObject,0.216048717,3281
PC-2018-05-29_21-40.flac,2018 Red Wing Ranch,2018,5,29,21,40,sp32,Simple Call,55.12417221,55.96589661,2842,6202,22050,present,https://rfcx-streams-production.s3.eu-west-1.amazonaws.com/2018/05/29/7un0pa6d5cpa/a65035cf-4eaf-4265-b160-b436a528217c.flac?X-Amz-Algorithm=AWS4-HMAC-SHA256&X-Amz-Content-Sha256=UNSIGNED-PAYLOAD&X-Amz-Credential=AKIA45B7YWBX5HAZMGOU%2F20260223%2Feu-west-1%2Fs3%2Faws4_request&X-Amz-Date=20260223T000604Z&X-Amz-Expires=604800&X-Amz-Signature=a03a5d7283248ddd66920d1c45870480f12751c3bd71a962b59613811b7d6bb8&X-Amz-SignedHeaders=host&response-content-disposition=attachment%3B%20filename%3Da65035cf-4eaf-4265-b160-b436a528217c.flac&x-id=GetObject,0.322175324,3281
PC-2018-05-29_23-00.flac,2018 Red Wing Ranch,2018,5,29,23,0,sp32,Simple Call,40.32145309,41.16317368,2842,6202,22050,present,https://rfcx-streams-production.s3.eu-west-1.amazonaws.com/2018/05/29/7un0pa6d5cpa/3f4c6886-141f-d5e9-5bc3-298523d3d55d.flac?X-Amz-Algorithm=AWS4-HMAC-SHA256&X-Amz-Content-Sha256=UNSIGNED-PAYLOAD&X-Amz-Credential=AKIA45B7YWBX5HAZMGOU%2F20260223%2Feu-west-1%2Fs3%2Faws4_request&X-Amz-Date=20260223T000604Z&X-Amz-Expires=604800&X-Amz-Signature=ba1b769bf9f5bbf7e8ca6c37abb858bf830b37be030189a116592f6fbae1df3f&X-Amz-SignedHeaders=host&response-content-disposition=attachment%3B%20filename%3D3f4c6886-141f-d5e9-5bc3-298523d3d55d.flac&x-id=GetObject,0.288795769,3281
PC-2018-05-29_23-20.flac,2018 Red Wing Ranch,2018,5,29,23,20,sp32,Simple Call,38.89922714,39.74095154,2842,6202,22050,present,https://rfcx-streams-production.s3.eu-west-1.amazonaws.com/2018/05/29/7un0pa6d5cpa/d4f55dc1-9946-05f4-4bd5-3dfd1178424c.flac?X-Amz-Algorithm=AWS4-HMAC-SHA256&X-Amz-Content-Sha256=UNSIGNED-PAYLOAD&X-Amz-Credential=AKIA45B7YWBX5HAZMGOU%2F20260223%2Feu-west-1%2Fs3%2Faws4_request&X-Amz-Date=20260223T000604Z&X-Amz-Expires=604800&X-Amz-Signature=0a992952ffd161e33a085577896fe6a2f1275b2c6b85ea4509e54deec2be878a&X-Amz-SignedHeaders=host&response-content-disposition=attachment%3B%20filename%3Dd4f55dc1-9946-05f4-4bd5-3dfd1178424c.flac&x-id=GetObject,0.233741388,3281
PC-2018-05-29_23-40.flac,2018 Red Wing Ranch,2018,5,29,23,40,sp32,Simple Call,14.72725582,15.56897926,2842,6202,22050,present,https://rfcx-streams-production.s3.eu-west-1.amazonaws.com/2018/05/29/7un0pa6d5cpa/44eb4202-f00d-5de9-a43f-7a7154a1a0e8.flac?X-Amz-Algorithm=AWS4-HMAC-SHA256&X-Amz-Content-Sha256=UNSIGNED-PAYLOAD&X-Amz-Credential=AKIA45B7YWBX5HAZMGOU%2F20260223%2Feu-west-1%2Fs3%2Faws4_request&X-Amz-Date=20260223T000604Z&X-Amz-Expires=604800&X-Amz-Signature=0d81eb55b1f07d7aeee8d6db2f5125bd8d43f2c829dc6de5565594ce106154d1&X-Amz-SignedHeaders=host&response-content-disposition=attachment%3B%20filename%3D44eb4202-f00d-5de9-a43f-7a7154a1a0e8.flac&x-id=GetObject,0.230473369,3281
PC-2018-05-30_00-00.flac,2018 Red Wing Ranch,2018,5,30,0,0,sp32,Simple Call,38.11555481,38.95727921,2842,6202,22050,present,https://rfcx-streams-production.s3.eu-west-1.amazonaws.com/2018/05/29/7un0pa6d5cpa/fc7cc1b7-72ba-9ce6-8ecf-e0d1cc3eafc6.flac?X-Amz-Algorithm=AWS4-HMAC-SHA256&X-Amz-Content-Sha256=UNSIGNED-PAYLOAD&X-Amz-Credential=AKIA45B7YWBX5HAZMGOU%2F20260223%2Feu-west-1%2Fs3%2Faws4_request&X-Amz-Date=20260223T000604Z&X-Amz-Expires=604800&X-Amz-Signature=b8aa2c6ba5cf1b68e59edfde2ee768b346dd6a05f7cddcaca4dec6882249747d&X-Amz-SignedHeaders=host&response-content-disposition=attachment%3B%20filename%3Dfc7cc1b7-72ba-9ce6-8ecf-e0d1cc3eafc6.flac&x-id=GetObject,0.21498768,3281
PC-2018-05-30_19-00.flac,2018 Red Wing Ranch,2018,5,30,19,0,sp32,Simple Call,53.60906982,54.45079422,2842,6202,22050,present,https://rfcx-streams-production.s3.eu-west-1.amazonaws.com/2018/05/30/7un0pa6d5cpa/addc0da2-ae72-a161-cd2e-9c6762268c1d.flac?X-Amz-Algorithm=AWS4-HMAC-SHA256&X-Amz-Content-Sha256=UNSIGNED-PAYLOAD&X-Amz-Credential=AKIA45B7YWBX5HAZMGOU%2F20260223%2Feu-west-1%2Fs3%2Faws4_request&X-Amz-Date=20260223T000604Z&X-Amz-Expires=604800&X-Amz-Signature=b988f87449ca5bde50f467f88273641d4754c0ca233a28e1afb0fc11d86dfabc&X-Amz-SignedHeaders=host&response-content-disposition=attachment%3B%20filename%3Daddc0da2-ae72-a161-cd2e-9c6762268c1d.flac&x-id=GetObject,0.201140344,3281
PC-2018-05-30_19-40.flac,2018 Red Wing Ranch,2018,5,30,19,40,sp32,Simple Call,5.822403431,6.664126873,2842,6202,22050,present,https://rfcx-streams-production.s3.eu-west-1.amazonaws.com/2018/05/30/7un0pa6d5cpa/302e7266-fcf2-0158-4187-e011e115ea1b.flac?X-Amz-Algorithm=AWS4-HMAC-SHA256&X-Amz-Content-Sha256=UNSIGNED-PAYLOAD&X-Amz-Credential=AKIA45B7YWBX5HAZMGOU%2F20260223%2Feu-west-1%2Fs3%2Faws4_request&X-Amz-Date=20260223T000604Z&X-Amz-Expires=604800&X-Amz-Signature=dccf2da18111763436d2429dacd439ce49af3f42cfd2da4a5352441aa141ec6e&X-Amz-SignedHeaders=host&response-content-disposition=attachment%3B%20filename%3D302e7266-fcf2-0158-4187-e011e115ea1b.flac&x-id=GetObject,0.235066697,3281
PC-2018-05-30_20-00.flac,2018 Red Wing Ranch,2018,5,30,20,0,sp32,Simple Call,8.88743782,9.729161263,2842,6202,22050,present,https://rfcx-streams-production.s3.eu-west-1.amazonaws.com/2018/05/30/7un0pa6d5cpa/64432686-a283-fb7a-c686-48c838c9eab7.flac?X-Amz-Algorithm=AWS4-HMAC-SHA256&X-Amz-Content-Sha256=UNSIGNED-PAYLOAD&X-Amz-Credential=AKIA45B7YWBX5HAZMGOU%2F20260223%2Feu-west-1%2Fs3%2Faws4_request&X-Amz-Date=20260223T000604Z&X-Amz-Expires=604800&X-Amz-Signature=be4c58f7c69fcd55b68aac14e1bada1cc854566fb5a56041293fe78fd9cb3b8a&X-Amz-SignedHeaders=host&response-content-disposition=attachment%3B%20filename%3D64432686-a283-fb7a-c686-48c838c9eab7.flac&x-id=GetObject,0.280834436,3281
PC-2018-05-30_21-00.flac,2018 Red Wing Ranch,2018,5,30,21,0,sp32,Simple Call,43.10784531,43.9495697,2842,6202,22050,present,https://rfcx-streams-production.s3.eu-west-1.amazonaws.com/2018/05/30/7un0pa6d5cpa/5bfdc4be-a423-b012-cc82-72ccc863930a.flac?X-Amz-Algorithm=AWS4-HMAC-SHA256&X-Amz-Content-Sha256=UNSIGNED-PAYLOAD&X-Amz-Credential=AKIA45B7YWBX5HAZMGOU%2F20260223%2Feu-west-1%2Fs3%2Faws4_request&X-Amz-Date=20260223T000604Z&X-Amz-Expires=604800&X-Amz-Signature=b24472f661ae2189e1dddb8bc83b2071afff55c5d5d2e8ff3dd31aaa82947d77&X-Amz-SignedHeaders=host&response-content-disposition=attachment%3B%20filename%3D5bfdc4be-a423-b012-cc82-72ccc863930a.flac&x-id=GetObject,0.224383071,3281
PC-2018-05-31_16-40.flac,2018 Red Wing Ranch,2018,5,31,16,40,sp32,Simple Call,26.99319649,27.83492088,2842,6202,22050,present,https://rfcx-streams-production.s3.eu-west-1.amazonaws.com/2018/05/31/7un0pa6d5cpa/84713d41-d52f-acb5-6133-d44582b5f79c.flac?X-Amz-Algorithm=AWS4-HMAC-SHA256&X-Amz-Content-Sha256=UNSIGNED-PAYLOAD&X-Amz-Credential=AKIA45B7YWBX5HAZMGOU%2F20260223%2Feu-west-1%2Fs3%2Faws4_request&X-Amz-Date=20260223T000604Z&X-Amz-Expires=604800&X-Amz-Signature=3fff879f97bdde64fe61402e4e11b0a4cae4e6f8513aa38b2a9877f4a0411f21&X-Amz-SignedHeaders=host&response-content-disposition=attachment%3B%20filename%3D84713d41-d52f-acb5-6133-d44582b5f79c.flac&x-id=GetObject,0.224623471,3281
PC-2018-05-31_17-40.flac,2018 Red Wing Ranch,2018,5,31,17,40,sp32,Simple Call,51.36834335,52.21006775,2842,6202,22050,present,https://rfcx-streams-production.s3.eu-west-1.amazonaws.com/2018/05/31/7un0pa6d5cpa/93cadef8-a269-c913-cdfa-e7fa9cb39a9b.flac?X-Amz-Algorithm=AWS4-HMAC-SHA256&X-Amz-Content-Sha256=UNSIGNED-PAYLOAD&X-Amz-Credential=AKIA45B7YWBX5HAZMGOU%2F20260223%2Feu-west-1%2Fs3%2Faws4_request&X-Amz-Date=20260223T000604Z&X-Amz-Expires=604800&X-Amz-Signature=b8a7dd5294ff0394dea4f8b89d46feeca3553cd045a60c14407f24c7e6140998&X-Amz-SignedHeaders=host&response-content-disposition=attachment%3B%20filename%3D93cadef8-a269-c913-cdfa-e7fa9cb39a9b.flac&x-id=GetObject,0.204419121,3281
PC-2018-05-31_19-40.flac,2018 Red Wing Ranch,2018,5,31,19,40,sp32,Simple Call,1.753106594,2.594830036,2842,6202,22050,present,https://rfcx-streams-production.s3.eu-west-1.amazonaws.com/2018/05/31/7un0pa6d5cpa/fc0f021e-8b8c-f299-d2a5-358fde0a608c.flac?X-Amz-Algorithm=AWS4-HMAC-SHA256&X-Amz-Content-Sha256=UNSIGNED-PAYLOAD&X-Amz-Credential=AKIA45B7YWBX5HAZMGOU%2F20260223%2Feu-west-1%2Fs3%2Faws4_request&X-Amz-Date=20260223T000604Z&X-Amz-Expires=604800&X-Amz-Signature=f4d8e12aafad21fc2914c5e1234d1cc7ca6be30c12055a75b383d4b5cfed5afd&X-Amz-SignedHeaders=host&response-content-disposition=attachment%3B%20filename%3Dfc0f021e-8b8c-f299-d2a5-358fde0a608c.flac&x-id=GetObject,0.22955133,3281
PC-2018-06-01_10-00.flac,2018 Red Wing Ranch,2018,6,1,10,0,sp32,Simple Call,6.36807251,7.209795952,2842,6202,22050,present,https://rfcx-streams-production.s3.eu-west-1.amazonaws.com/2018/06/01/7un0pa6d5cpa/06c06066-111c-e5f1-8598-3776e2168677.flac?X-Amz-Algorithm=AWS4-HMAC-SHA256&X-Amz-Content-Sha256=UNSIGNED-PAYLOAD&X-Amz-Credential=AKIA45B7YWBX5HAZMGOU%2F20260223%2Feu-west-1%2Fs3%2Faws4_request&X-Amz-Date=20260223T000603Z&X-Amz-Expires=604800&X-Amz-Signature=c47bc4be845121b31b5c443d159679a90fd0ec6b3b622d488d0c5f53880425e1&X-Amz-SignedHeaders=host&response-content-disposition=attachment%3B%20filename%3D06c06066-111c-e5f1-8598-3776e2168677.flac&x-id=GetObject,0.202357635,3281
PC-2018-06-01_19-00.flac,2018 Red Wing Ranch,2018,6,1,19,0,sp32,Simple Call,25.10657501,25.94829941,2842,6202,22050,present,https://rfcx-streams-production.s3.eu-west-1.amazonaws.com/2018/06/01/7un0pa6d5cpa/21ec5c15-3b60-72c1-626a-4fe893756c97.flac?X-Amz-Algorithm=AWS4-HMAC-SHA256&X-Amz-Content-Sha256=UNSIGNED-PAYLOAD&X-Amz-Credential=AKIA45B7YWBX5HAZMGOU%2F20260223%2Feu-west-1%2Fs3%2Faws4_request&X-Amz-Date=20260223T000603Z&X-Amz-Expires=604800&X-Amz-Signature=161c36ecf827978bf66ee82f8d48303a0e0bd74a21d3784bf443fa95199e0d25&X-Amz-SignedHeaders=host&response-content-disposition=attachment%3B%20filename%3D21ec5c15-3b60-72c1-626a-4fe893756c97.flac&x-id=GetObject,0.23082301,3281
PC-2018-06-01_19-40.flac,2018 Red Wing Ranch,2018,6,1,19,40,sp32,Simple Call,32.97233582,33.81406021,2842,6202,22050,present,https://rfcx-streams-production.s3.eu-west-1.amazonaws.com/2018/06/01/7un0pa6d5cpa/bd805420-5869-4e95-5629-f503bbb19458.flac?X-Amz-Algorithm=AWS4-HMAC-SHA256&X-Amz-Content-Sha256=UNSIGNED-PAYLOAD&X-Amz-Credential=AKIA45B7YWBX5HAZMGOU%2F20260223%2Feu-west-1%2Fs3%2Faws4_request&X-Amz-Date=20260223T000603Z&X-Amz-Expires=604800&X-Amz-Signature=2ebd9daf72dba0990be7fba400ba1a9754c40b50f91751b5c9c6d101fae663fa&X-Amz-SignedHeaders=host&response-content-disposition=attachment%3B%20filename%3Dbd805420-5869-4e95-5629-f503bbb19458.flac&x-id=GetObject,0.229284987,3281
PC-2018-06-01_20-00.flac,2018 Red Wing Ranch,2018,6,1,20,0,sp32,Simple Call,0.365714282,1.207437634,2842,6202,22050,present,https://rfcx-streams-production.s3.eu-west-1.amazonaws.com/2018/06/01/7un0pa6d5cpa/8b2248fc-dea0-2be6-e306-968b34036e66.flac?X-Amz-Algorithm=AWS4-HMAC-SHA256&X-Amz-Content-Sha256=UNSIGNED-PAYLOAD&X-Amz-Credential=AKIA45B7YWBX5HAZMGOU%2F20260223%2Feu-west-1%2Fs3%2Faws4_request&X-Amz-Date=20260223T000603Z&X-Amz-Expires=604800&X-Amz-Signature=609e7b5fc26387e12a9d488da4ba1c59d7f2bc5096deb04f60bf5cf6f0e71047&X-Amz-SignedHeaders=host&response-content-disposition=attachment%3B%20filename%3D8b2248fc-dea0-2be6-e306-968b34036e66.flac&x-id=GetObject,0.234206796,3281
PC-2018-06-01_22-40.flac,2018 Red Wing Ranch,2018,6,1,22,40,sp32,Simple Call,5.317369461,6.159092903,2842,6202,22050,present,https://rfcx-streams-production.s3.eu-west-1.amazonaws.com/2018/06/01/7un0pa6d5cpa/6ee4fb92-0424-4633-9cc8-b77a5c85fa45.flac?X-Amz-Algorithm=AWS4-HMAC-SHA256&X-Amz-Content-Sha256=UNSIGNED-PAYLOAD&X-Amz-Credential=AKIA45B7YWBX5HAZMGOU%2F20260223%2Feu-west-1%2Fs3%2Faws4_request&X-Amz-Date=20260223T000603Z&X-Amz-Expires=604800&X-Amz-Signature=c079db20783a36ec053a0948f066609d181781b2225057ae7dea977ffaed49aa&X-Amz-SignedHeaders=host&response-content-disposition=attachment%3B%20filename%3D6ee4fb92-0424-4633-9cc8-b77a5c85fa45.flac&x-id=GetObject,0.222590968,3281
PC-2018-06-01_23-20.flac,2018 Red Wing Ranch,2018,6,1,23,20,sp32,Simple Call,36.2695694,37.11129379,2842,6202,22050,present,https://rfcx-streams-production.s3.eu-west-1.amazonaws.com/2018/06/01/7un0pa6d5cpa/bfa31ba6-be9d-0267-a0b3-c5414c4169f6.flac?X-Amz-Algorithm=AWS4-HMAC-SHA256&X-Amz-Content-Sha256=UNSIGNED-PAYLOAD&X-Amz-Credential=AKIA45B7YWBX5HAZMGOU%2F20260223%2Feu-west-1%2Fs3%2Faws4_request&X-Amz-Date=20260223T000603Z&X-Amz-Expires=604800&X-Amz-Signature=1a50e0797bf6bc0dbec1c70351532354a64f181561a2a5e3ae8ac9a228d004f0&X-Amz-SignedHeaders=host&response-content-disposition=attachment%3B%20filename%3Dbfa31ba6-be9d-0267-a0b3-c5414c4169f6.flac&x-id=GetObject,0.246831894,3281
PC-2018-06-02_00-20.flac,2018 Red Wing Ranch,2018,6,2,0,20,sp32,Simple Call,18.33795929,19.17968178,2842,6202,22050,present,https://rfcx-streams-production.s3.eu-west-1.amazonaws.com/2018/06/01/7un0pa6d5cpa/bc04a2e6-6f1b-87cf-81b6-f3e18decbbfc.flac?X-Amz-Algorithm=AWS4-HMAC-SHA256&X-Amz-Content-Sha256=UNSIGNED-PAYLOAD&X-Amz-Credential=AKIA45B7YWBX5HAZMGOU%2F20260223%2Feu-west-1%2Fs3%2Faws4_request&X-Amz-Date=20260223T000603Z&X-Amz-Expires=604800&X-Amz-Signature=30348e7974b2d1951b4c76617c9babbd6343c4b462763d452850a332beeebb5a&X-Amz-SignedHeaders=host&response-content-disposition=attachment%3B%20filename%3Dbc04a2e6-6f1b-87cf-81b6-f3e18decbbfc.flac&x-id=GetObject,0.204923496,3281
PC-2018-06-02_03-00.flac,2018 Red Wing Ranch,2018,6,2,3,0,sp32,Simple Call,1.143582821,1.985306144,2842,6202,22050,present,https://rfcx-streams-production.s3.eu-west-1.amazonaws.com/2018/06/01/7un0pa6d5cpa/5d6972cf-ab05-3dfd-e60d-1873c769c45a.flac?X-Amz-Algorithm=AWS4-HMAC-SHA256&X-Amz-Content-Sha256=UNSIGNED-PAYLOAD&X-Amz-Credential=AKIA45B7YWBX5HAZMGOU%2F20260223%2Feu-west-1%2Fs3%2Faws4_request&X-Amz-Date=20260223T000603Z&X-Amz-Expires=604800&X-Amz-Signature=b70fb742a73b186ffaca433c63a7fa8009cd82a6e76ba33bf405be8c9a503b0d&X-Amz-SignedHeaders=host&response-content-disposition=attachment%3B%20filename%3D5d6972cf-ab05-3dfd-e60d-1873c769c45a.flac&x-id=GetObject,0.203370959,3281
PC-2018-06-02_07-20.flac,2018 Red Wing Ranch,2018,6,2,7,20,sp32,Simple Call,25.8321991,26.67392349,2842,6202,22050,present,https://rfcx-streams-production.s3.eu-west-1.amazonaws.com/2018/06/02/7un0pa6d5cpa/be87fef5-d359-8f10-5969-47bececdf836.flac?X-Amz-Algorithm=AWS4-HMAC-SHA256&X-Amz-Content-Sha256=UNSIGNED-PAYLOAD&X-Amz-Credential=AKIA45B7YWBX5HAZMGOU%2F20260223%2Feu-west-1%2Fs3%2Faws4_request&X-Amz-Date=20260223T000603Z&X-Amz-Expires=604800&X-Amz-Signature=531c89393348f860ef4fcdd2f8da26908e2fa20882e71011a6b17d681ddbb626&X-Amz-SignedHeaders=host&response-content-disposition=attachment%3B%20filename%3Dbe87fef5-d359-8f10-5969-47bececdf836.flac&x-id=GetObject,0.201670974,3281
PC-2018-06-02_07-40.flac,2018 Red Wing Ranch,2018,6,2,7,40,sp32,Simple Call,53.46974945,54.31147385,2842,6202,22050,present,https://rfcx-streams-production.s3.eu-west-1.amazonaws.com/2018/06/02/7un0pa6d5cpa/83413294-79ab-5cb1-7953-aa319400dbe3.flac?X-Amz-Algorithm=AWS4-HMAC-SHA256&X-Amz-Content-Sha256=UNSIGNED-PAYLOAD&X-Amz-Credential=AKIA45B7YWBX5HAZMGOU%2F20260223%2Feu-west-1%2Fs3%2Faws4_request&X-Amz-Date=20260223T000603Z&X-Amz-Expires=604800&X-Amz-Signature=e24fe83d59f85cce65601b597219a70d2daf5400e98b96a376260af29c58f8a8&X-Amz-SignedHeaders=host&response-content-disposition=attachment%3B%20filename%3D83413294-79ab-5cb1-7953-aa319400dbe3.flac&x-id=GetObject,0.217237413,3281
PC-2018-06-02_08-20.flac,2018 Red Wing Ranch,2018,6,2,8,20,sp32,Simple Call,20.41614532,21.25786781,2842,6202,22050,present,https://rfcx-streams-production.s3.eu-west-1.amazonaws.com/2018/06/02/7un0pa6d5cpa/62a2950f-7ed9-1a58-d968-455b51e18bd8.flac?X-Amz-Algorithm=AWS4-HMAC-SHA256&X-Amz-Content-Sha256=UNSIGNED-PAYLOAD&X-Amz-Credential=AKIA45B7YWBX5HAZMGOU%2F20260223%2Feu-west-1%2Fs3%2Faws4_request&X-Amz-Date=20260223T000603Z&X-Amz-Expires=604800&X-Amz-Signature=f159dab381c7c5f70aaa760b553f2cdf93e62c7b98318e6b7fab04bab9fa28b6&X-Amz-SignedHeaders=host&response-content-disposition=attachment%3B%20filename%3D62a2950f-7ed9-1a58-d968-455b51e18bd8.flac&x-id=GetObject,0.241861731,3281
PC-2018-06-02_08-40.flac,2018 Red Wing Ranch,2018,6,2,8,40,sp32,Simple Call,5.456689358,6.2984128,2842,6202,22050,present,https://rfcx-streams-production.s3.eu-west-1.amazonaws.com/2018/06/02/7un0pa6d5cpa/19139263-7ead-7459-a255-4080c28215d2.flac?X-Amz-Algorithm=AWS4-HMAC-SHA256&X-Amz-Content-Sha256=UNSIGNED-PAYLOAD&X-Amz-Credential=AKIA45B7YWBX5HAZMGOU%2F20260223%2Feu-west-1%2Fs3%2Faws4_request&X-Amz-Date=20260223T000603Z&X-Amz-Expires=604800&X-Amz-Signature=a54a9c540a11e65290958f48470eb542fceaac49493fbaf704adeee9425f7fce&X-Amz-SignedHeaders=host&response-content-disposition=attachment%3B%20filename%3D19139263-7ead-7459-a255-4080c28215d2.flac&x-id=GetObject,0.206639603,3281
PC-2018-06-02_09-20.flac,2018 Red Wing Ranch,2018,6,2,9,20,sp32,Simple Call,34.57451248,35.41623688,2842,6202,22050,present,https://rfcx-streams-production.s3.eu-west-1.amazonaws.com/2018/06/02/7un0pa6d5cpa/c02bcac1-1c59-c3f2-4351-0393533d8f2a.flac?X-Amz-Algorithm=AWS4-HMAC-SHA256&X-Amz-Content-Sha256=UNSIGNED-PAYLOAD&X-Amz-Credential=AKIA45B7YWBX5HAZMGOU%2F20260223%2Feu-west-1%2Fs3%2Faws4_request&X-Amz-Date=20260223T000603Z&X-Amz-Expires=604800&X-Amz-Signature=2f55daa0e9035c193321192c15e6194f2dcb8ddcab95870bae08fe2d68ade08c&X-Amz-SignedHeaders=host&response-content-disposition=attachment%3B%20filename%3Dc02bcac1-1c59-c3f2-4351-0393533d8f2a.flac&x-id=GetObject,0.221878469,3281
PC-2018-06-02_10-20.flac,2018 Red Wing Ranch,2018,6,2,10,20,sp32,Simple Call,54.07927322,54.92099762,2842,6202,22050,present,https://rfcx-streams-production.s3.eu-west-1.amazonaws.com/2018/06/02/7un0pa6d5cpa/244cfd7c-0eea-172f-872a-2a0109ab2a0e.flac?X-Amz-Algorithm=AWS4-HMAC-SHA256&X-Amz-Content-Sha256=UNSIGNED-PAYLOAD&X-Amz-Credential=AKIA45B7YWBX5HAZMGOU%2F20260223%2Feu-west-1%2Fs3%2Faws4_request&X-Amz-Date=20260223T000603Z&X-Amz-Expires=604800&X-Amz-Signature=7df67ad747dcd3468840be4e1e25b72c65d223eab87bc098a1157d9f62228ea1&X-Amz-SignedHeaders=host&response-content-disposition=attachment%3B%20filename%3D244cfd7c-0eea-172f-872a-2a0109ab2a0e.flac&x-id=GetObject,0.292435557,3281
PC-2018-06-02_12-40.flac,2018 Red Wing Ranch,2018,6,2,12,40,sp32,Simple Call,56.01233673,56.85405731,2842,6202,22050,present,https://rfcx-streams-production.s3.eu-west-1.amazonaws.com/2018/06/02/7un0pa6d5cpa/ed4c440a-328a-2806-709a-00f517d21644.flac?X-Amz-Algorithm=AWS4-HMAC-SHA256&X-Amz-Content-Sha256=UNSIGNED-PAYLOAD&X-Amz-Credential=AKIA45B7YWBX5HAZMGOU%2F20260223%2Feu-west-1%2Fs3%2Faws4_request&X-Amz-Date=20260223T000603Z&X-Amz-Expires=604800&X-Amz-Signature=b5dbf1ebbf61ad744d157b53e5b6662289d4327b0deab193684a50f185d629a7&X-Amz-SignedHeaders=host&response-content-disposition=attachment%3B%20filename%3Ded4c440a-328a-2806-709a-00f517d21644.flac&x-id=GetObject,0.217206866,3281
PC-2018-06-02_14-40.flac,2018 Red Wing Ranch,2018,6,2,14,40,sp32,Simple Call,10.87274361,11.71446705,2842,6202,22050,present,https://rfcx-streams-production.s3.eu-west-1.amazonaws.com/2018/06/02/7un0pa6d5cpa/552846a9-4bd2-f6b6-3875-6b06e017408e.flac?X-Amz-Algorithm=AWS4-HMAC-SHA256&X-Amz-Content-Sha256=UNSIGNED-PAYLOAD&X-Amz-Credential=AKIA45B7YWBX5HAZMGOU%2F20260223%2Feu-west-1%2Fs3%2Faws4_request&X-Amz-Date=20260223T000603Z&X-Amz-Expires=604800&X-Amz-Signature=b2d6fd29ecd3abe3e1a5081228d08cbcb06500096e02667412307b4299909ef0&X-Amz-SignedHeaders=host&response-content-disposition=attachment%3B%20filename%3D552846a9-4bd2-f6b6-3875-6b06e017408e.flac&x-id=GetObject,0.209242284,3281
PC-2018-06-02_17-00.flac,2018 Red Wing Ranch,2018,6,2,17,0,sp32,Simple Call,17.87936592,18.72108841,2842,6202,22050,present,https://rfcx-streams-production.s3.eu-west-1.amazonaws.com/2018/06/02/7un0pa6d5cpa/50509579-379c-a647-613a-16271f274bfd.flac?X-Amz-Algorithm=AWS4-HMAC-SHA256&X-Amz-Content-Sha256=UNSIGNED-PAYLOAD&X-Amz-Credential=AKIA45B7YWBX5HAZMGOU%2F20260223%2Feu-west-1%2Fs3%2Faws4_request&X-Amz-Date=20260223T000603Z&X-Amz-Expires=604800&X-Amz-Signature=070518560d2ed69d1e9b480d741342b2f079afad2c323874e78b6aa67255f572&X-Amz-SignedHeaders=host&response-content-disposition=attachment%3B%20filename%3D50509579-379c-a647-613a-16271f274bfd.flac&x-id=GetObject,0.207908377,3281
PC-2018-06-02_19-20.flac,2018 Red Wing Ranch,2018,6,2,19,20,sp32,Simple Call,45.52852631,46.3702507,2842,6202,22050,present,https://rfcx-streams-production.s3.eu-west-1.amazonaws.com/2018/06/02/7un0pa6d5cpa/5e5499dd-115c-1429-d15b-becfd9362ada.flac?X-Amz-Algorithm=AWS4-HMAC-SHA256&X-Amz-Content-Sha256=UNSIGNED-PAYLOAD&X-Amz-Credential=AKIA45B7YWBX5HAZMGOU%2F20260223%2Feu-west-1%2Fs3%2Faws4_request&X-Amz-Date=20260223T000603Z&X-Amz-Expires=604800&X-Amz-Signature=ef59afb3bf49ba2ab232d4ca46c2a70d1b0c4083fe706a37b8a1a1c595704719&X-Amz-SignedHeaders=host&response-content-disposition=attachment%3B%20filename%3D5e5499dd-115c-1429-d15b-becfd9362ada.flac&x-id=GetObject,0.208013535,3281
PC-2018-06-02_20-40.flac,2018 Red Wing Ranch,2018,6,2,20,40,sp32,Simple Call,47.22938919,48.07110977,2842,6202,22050,present,https://rfcx-streams-production.s3.eu-west-1.amazonaws.com/2018/06/02/7un0pa6d5cpa/84ae1def-5d28-4214-5943-607333f1f081.flac?X-Amz-Algorithm=AWS4-HMAC-SHA256&X-Amz-Content-Sha256=UNSIGNED-PAYLOAD&X-Amz-Credential=AKIA45B7YWBX5HAZMGOU%2F20260223%2Feu-west-1%2Fs3%2Faws4_request&X-Amz-Date=20260223T000603Z&X-Amz-Expires=604800&X-Amz-Signature=9cc171f6458d5f269d300aa9abd301ed232fc90110dc3b8ca69d92a28c543208&X-Amz-SignedHeaders=host&response-content-disposition=attachment%3B%20filename%3D84ae1def-5d28-4214-5943-607333f1f081.flac&x-id=GetObject,0.221862465,3281
PC-2018-06-02_22-40.flac,2018 Red Wing Ranch,2018,6,2,22,40,sp32,Simple Call,9.015147209,9.856870651,2842,6202,22050,present,https://rfcx-streams-production.s3.eu-west-1.amazonaws.com/2018/06/02/7un0pa6d5cpa/34202407-bf67-cc48-8d8f-c2470bcb86b0.flac?X-Amz-Algorithm=AWS4-HMAC-SHA256&X-Amz-Content-Sha256=UNSIGNED-PAYLOAD&X-Amz-Credential=AKIA45B7YWBX5HAZMGOU%2F20260223%2Feu-west-1%2Fs3%2Faws4_request&X-Amz-Date=20260223T000603Z&X-Amz-Expires=604800&X-Amz-Signature=66d71c2abeb455bd5ec8b288f40e2823ae51d5ddde74c832b5ec95d2d96dfa1f&X-Amz-SignedHeaders=host&response-content-disposition=attachment%3B%20filename%3D34202407-bf67-cc48-8d8f-c2470bcb86b0.flac&x-id=GetObject,0.220745772,3281
PC-2018-06-02_23-20.flac,2018 Red Wing Ranch,2018,6,2,23,20,sp32,Simple Call,29.18167877,30.02340126,2842,6202,22050,present,https://rfcx-streams-production.s3.eu-west-1.amazonaws.com/2018/06/02/7un0pa6d5cpa/005a051a-1ade-3851-629e-f879b1df0bcb.flac?X-Amz-Algorithm=AWS4-HMAC-SHA256&X-Amz-Content-Sha256=UNSIGNED-PAYLOAD&X-Amz-Credential=AKIA45B7YWBX5HAZMGOU%2F20260223%2Feu-west-1%2Fs3%2Faws4_request&X-Amz-Date=20260223T000603Z&X-Amz-Expires=604800&X-Amz-Signature=53d524d02d7a5201c81d17400bac5f14997422b673b90d4b0fff767b9c3f389d&X-Amz-SignedHeaders=host&response-content-disposition=attachment%3B%20filename%3D005a051a-1ade-3851-629e-f879b1df0bcb.flac&x-id=GetObject,0.220365942,3281
PC-2018-06-03_00-40.flac,2018 Red Wing Ranch,2018,6,3,0,40,sp32,Simple Call,26.39528275,27.23700714,2842,6202,22050,present,https://rfcx-streams-production.s3.eu-west-1.amazonaws.com/2018/06/02/7un0pa6d5cpa/1ada8aba-b52e-6b54-e1fe-7bc8920323eb.flac?X-Amz-Algorithm=AWS4-HMAC-SHA256&X-Amz-Content-Sha256=UNSIGNED-PAYLOAD&X-Amz-Credential=AKIA45B7YWBX5HAZMGOU%2F20260223%2Feu-west-1%2Fs3%2Faws4_request&X-Amz-Date=20260223T000603Z&X-Amz-Expires=604800&X-Amz-Signature=a0f885e046a734c5e7e3817b6b62f4e61af0f25751ffcb621c5a34cf1e664202&X-Amz-SignedHeaders=host&response-content-disposition=attachment%3B%20filename%3D1ada8aba-b52e-6b54-e1fe-7bc8920323eb.flac&x-id=GetObject,0.212189957,3281
PC-2018-06-03_01-00.flac,2018 Red Wing Ranch,2018,6,3,1,0,sp32,Simple Call,50.59047699,51.43220139,2842,6202,22050,present,https://rfcx-streams-production.s3.eu-west-1.amazonaws.com/2018/06/02/7un0pa6d5cpa/24a4c222-d3ff-4d4a-e476-c9f5f178b7c0.flac?X-Amz-Algorithm=AWS4-HMAC-SHA256&X-Amz-Content-Sha256=UNSIGNED-PAYLOAD&X-Amz-Credential=AKIA45B7YWBX5HAZMGOU%2F20260223%2Feu-west-1%2Fs3%2Faws4_request&X-Amz-Date=20260223T000603Z&X-Amz-Expires=604800&X-Amz-Signature=2c9a50ee681c000c87e88f1ed7a8cd5b8562215703dba825fa9feb019a8147b1&X-Amz-SignedHeaders=host&response-content-disposition=attachment%3B%20filename%3D24a4c222-d3ff-4d4a-e476-c9f5f178b7c0.flac&x-id=GetObject,0.206842512,3281
PC-2018-06-03_01-40.flac,2018 Red Wing Ranch,2018,6,3,1,40,sp32,Simple Call,26.99319649,27.83492088,2842,6202,22050,present,https://rfcx-streams-production.s3.eu-west-1.amazonaws.com/2018/06/02/7un0pa6d5cpa/d64b5ee4-b09e-1cab-1c81-0f4fa9fbe673.flac?X-Amz-Algorithm=AWS4-HMAC-SHA256&X-Amz-Content-Sha256=UNSIGNED-PAYLOAD&X-Amz-Credential=AKIA45B7YWBX5HAZMGOU%2F20260223%2Feu-west-1%2Fs3%2Faws4_request&X-Amz-Date=20260223T000603Z&X-Amz-Expires=604800&X-Amz-Signature=9f34a33f88bd389f642bf498830bdab6604c41d94260f0bb603e698ebd786f38&X-Amz-SignedHeaders=host&response-content-disposition=attachment%3B%20filename%3Dd64b5ee4-b09e-1cab-1c81-0f4fa9fbe673.flac&x-id=GetObject,0.219407067,3281
PC-2018-06-03_07-00.flac,2018 Red Wing Ranch,2018,6,3,7,0,sp32,Simple Call,47.75764084,48.59936523,2842,6202,22050,present,https://rfcx-streams-production.s3.eu-west-1.amazonaws.com/2018/06/03/7un0pa6d5cpa/a8ed7b46-fc79-610b-629f-70c4f5a6b639.flac?X-Amz-Algorithm=AWS4-HMAC-SHA256&X-Amz-Content-Sha256=UNSIGNED-PAYLOAD&X-Amz-Credential=AKIA45B7YWBX5HAZMGOU%2F20260223%2Feu-west-1%2Fs3%2Faws4_request&X-Amz-Date=20260223T000603Z&X-Amz-Expires=604800&X-Amz-Signature=f53acd595beadd1a8d3f571aaeae0d981f0b2aba6dc862aae0d0b1be656da1e7&X-Amz-SignedHeaders=host&response-content-disposition=attachment%3B%20filename%3Da8ed7b46-fc79-610b-629f-70c4f5a6b639.flac&x-id=GetObject,0.31296882,3281
PC-2018-06-03_07-20.flac,2018 Red Wing Ranch,2018,6,3,7,20,sp32,Simple Call,13.1424942,13.98421764,2842,6202,22050,present,https://rfcx-streams-production.s3.eu-west-1.amazonaws.com/2018/06/03/7un0pa6d5cpa/fe4ba6dd-2c0e-9d08-92fc-3c6fe2acbaa5.flac?X-Amz-Algorithm=AWS4-HMAC-SHA256&X-Amz-Content-Sha256=UNSIGNED-PAYLOAD&X-Amz-Credential=AKIA45B7YWBX5HAZMGOU%2F20260223%2Feu-west-1%2Fs3%2Faws4_request&X-Amz-Date=20260223T000603Z&X-Amz-Expires=604800&X-Amz-Signature=88aae6182aed55b48b068b3e8acaae249710dab5ab03ad458d3b3026d32770e9&X-Amz-SignedHeaders=host&response-content-disposition=attachment%3B%20filename%3Dfe4ba6dd-2c0e-9d08-92fc-3c6fe2acbaa5.flac&x-id=GetObject,0.233514547,3281
PC-2018-06-03_08-20.flac,2018 Red Wing Ranch,2018,6,3,8,20,sp32,Simple Call,48.76190567,49.60362625,2842,6202,22050,present,https://rfcx-streams-production.s3.eu-west-1.amazonaws.com/2018/06/03/7un0pa6d5cpa/cd92bec7-ddee-8904-34d2-d81335c56070.flac?X-Amz-Algorithm=AWS4-HMAC-SHA256&X-Amz-Content-Sha256=UNSIGNED-PAYLOAD&X-Amz-Credential=AKIA45B7YWBX5HAZMGOU%2F20260223%2Feu-west-1%2Fs3%2Faws4_request&X-Amz-Date=20260223T000603Z&X-Amz-Expires=604800&X-Amz-Signature=3928c598308ca8334c9ea59ba06a9f431aa9e0414e0e916dce06ccc709f9652a&X-Amz-SignedHeaders=host&response-content-disposition=attachment%3B%20filename%3Dcd92bec7-ddee-8904-34d2-d81335c56070.flac&x-id=GetObject,0.231901377,3281
PC-2018-06-03_09-00.flac,2018 Red Wing Ranch,2018,6,3,9,0,sp32,Simple Call,34.89959335,35.74131393,2842,6202,22050,present,https://rfcx-streams-production.s3.eu-west-1.amazonaws.com/2018/06/03/7un0pa6d5cpa/c5397952-688b-5bc8-d1c6-9aeb7d7979ba.flac?X-Amz-Algorithm=AWS4-HMAC-SHA256&X-Amz-Content-Sha256=UNSIGNED-PAYLOAD&X-Amz-Credential=AKIA45B7YWBX5HAZMGOU%2F20260223%2Feu-west-1%2Fs3%2Faws4_request&X-Amz-Date=20260223T000603Z&X-Amz-Expires=604800&X-Amz-Signature=ed4445e07f678654b66f96492fea02f7e806d3fc800fe857b7a01612fc5c05c5&X-Amz-SignedHeaders=host&response-content-disposition=attachment%3B%20filename%3Dc5397952-688b-5bc8-d1c6-9aeb7d7979ba.flac&x-id=GetObject,0.230204076,3281
PC-2018-06-03_09-20.flac,2018 Red Wing Ranch,2018,6,3,9,20,sp32,Simple Call,21.11854935,21.96027184,2842,6202,22050,present,https://rfcx-streams-production.s3.eu-west-1.amazonaws.com/2018/06/03/7un0pa6d5cpa/07571abc-480d-ef7e-3314-5604bff59d68.flac?X-Amz-Algorithm=AWS4-HMAC-SHA256&X-Amz-Content-Sha256=UNSIGNED-PAYLOAD&X-Amz-Credential=AKIA45B7YWBX5HAZMGOU%2F20260223%2Feu-west-1%2Fs3%2Faws4_request&X-Amz-Date=20260223T000603Z&X-Amz-Expires=604800&X-Amz-Signature=d2044170af1e9a06b78968a55198b2612bbdcc09769e00159dfaa359b4068359&X-Amz-SignedHeaders=host&response-content-disposition=attachment%3B%20filename%3D07571abc-480d-ef7e-3314-5604bff59d68.flac&x-id=GetObject,0.246396273,3281
PC-2018-06-03_09-40.flac,2018 Red Wing Ranch,2018,6,3,9,40,sp32,Simple Call,28.42702866,29.26875305,2842,6202,22050,present,https://rfcx-streams-production.s3.eu-west-1.amazonaws.com/2018/06/03/7un0pa6d5cpa/ff9ecd91-f3c7-bf5f-8a14-2935febe8d26.flac?X-Amz-Algorithm=AWS4-HMAC-SHA256&X-Amz-Content-Sha256=UNSIGNED-PAYLOAD&X-Amz-Credential=AKIA45B7YWBX5HAZMGOU%2F20260223%2Feu-west-1%2Fs3%2Faws4_request&X-Amz-Date=20260223T000603Z&X-Amz-Expires=604800&X-Amz-Signature=577e28bbcf44d7854f572e31c0e3ed44129cb7c6b1021c39f569847a26dfed41&X-Amz-SignedHeaders=host&response-content-disposition=attachment%3B%20filename%3Dff9ecd91-f3c7-bf5f-8a14-2935febe8d26.flac&x-id=GetObject,0.256662279,3281
PC-2018-06-03_10-00.flac,2018 Red Wing Ranch,2018,6,3,10,0,sp32,Simple Call,1.944671154,2.786394596,2842,6202,22050,present,https://rfcx-streams-production.s3.eu-west-1.amazonaws.com/2018/06/03/7un0pa6d5cpa/d6a37162-aaec-3126-7e2c-3b6f2a66bd4a.flac?X-Amz-Algorithm=AWS4-HMAC-SHA256&X-Amz-Content-Sha256=UNSIGNED-PAYLOAD&X-Amz-Credential=AKIA45B7YWBX5HAZMGOU%2F20260223%2Feu-west-1%2Fs3%2Faws4_request&X-Amz-Date=20260223T000603Z&X-Amz-Expires=604800&X-Amz-Signature=a058bd477ff3a064d2d0c79e3c05117ca05adbe49b2b8b8c603553555836b8e6&X-Amz-SignedHeaders=host&response-content-disposition=attachment%3B%20filename%3Dd6a37162-aaec-3126-7e2c-3b6f2a66bd4a.flac&x-id=GetObject,0.213580519,3281
PC-2018-06-03_10-40.flac,2018 Red Wing Ranch,2018,6,3,10,40,sp32,Simple Call,23.78884315,24.63056755,2842,6202,22050,present,https://rfcx-streams-production.s3.eu-west-1.amazonaws.com/2018/06/03/7un0pa6d5cpa/83d6a7c7-685f-1d5a-0795-717c9e684336.flac?X-Amz-Algorithm=AWS4-HMAC-SHA256&X-Amz-Content-Sha256=UNSIGNED-PAYLOAD&X-Amz-Credential=AKIA45B7YWBX5HAZMGOU%2F20260223%2Feu-west-1%2Fs3%2Faws4_request&X-Amz-Date=20260223T000603Z&X-Amz-Expires=604800&X-Amz-Signature=3c0876168ddcdbbb347b97549ed9fd0b5e8790fe6e7b21eaef14fb82fca08b3e&X-Amz-SignedHeaders=host&response-content-disposition=attachment%3B%20filename%3D83d6a7c7-685f-1d5a-0795-717c9e684336.flac&x-id=GetObject,0.234961674,3281
PC-2018-06-03_12-00.flac,2018 Red Wing Ranch,2018,6,3,12,0,sp32,Simple Call,54.54367447,55.38539505,2842,6202,22050,present,https://rfcx-streams-production.s3.eu-west-1.amazonaws.com/2018/06/03/7un0pa6d5cpa/58135273-fac4-b4bf-33fa-bfafaf167fcb.flac?X-Amz-Algorithm=AWS4-HMAC-SHA256&X-Amz-Content-Sha256=UNSIGNED-PAYLOAD&X-Amz-Credential=AKIA45B7YWBX5HAZMGOU%2F20260223%2Feu-west-1%2Fs3%2Faws4_request&X-Amz-Date=20260223T000603Z&X-Amz-Expires=604800&X-Amz-Signature=4e60ebd20e91f40d4a1dbde15038a16642b2f5533118c908a623e03d785f11ee&X-Amz-SignedHeaders=host&response-content-disposition=attachment%3B%20filename%3D58135273-fac4-b4bf-33fa-bfafaf167fcb.flac&x-id=GetObject,0.215811074,3281
PC-2018-06-03_12-20.flac,2018 Red Wing Ranch,2018,6,3,12,20,sp32,Simple Call,33.63990784,34.48163223,2842,6202,22050,present,https://rfcx-streams-production.s3.eu-west-1.amazonaws.com/2018/06/03/7un0pa6d5cpa/ede4a787-8132-0536-7307-251473c8fb88.flac?X-Amz-Algorithm=AWS4-HMAC-SHA256&X-Amz-Content-Sha256=UNSIGNED-PAYLOAD&X-Amz-Credential=AKIA45B7YWBX5HAZMGOU%2F20260223%2Feu-west-1%2Fs3%2Faws4_request&X-Amz-Date=20260223T000603Z&X-Amz-Expires=604800&X-Amz-Signature=a08ed7857c8a4b287184bb01159465cbf8ff4cf51983438babf6595b13a42f8b&X-Amz-SignedHeaders=host&response-content-disposition=attachment%3B%20filename%3Dede4a787-8132-0536-7307-251473c8fb88.flac&x-id=GetObject,0.231716827,3281
PC-2018-06-03_15-20.flac,2018 Red Wing Ranch,2018,6,3,15,20,sp32,Simple Call,22.20988655,23.05160904,2842,6202,22050,present,https://rfcx-streams-production.s3.eu-west-1.amazonaws.com/2018/06/03/7un0pa6d5cpa/fdb66fd8-8b88-e847-7be9-f67c6646ae8e.flac?X-Amz-Algorithm=AWS4-HMAC-SHA256&X-Amz-Content-Sha256=UNSIGNED-PAYLOAD&X-Amz-Credential=AKIA45B7YWBX5HAZMGOU%2F20260223%2Feu-west-1%2Fs3%2Faws4_request&X-Amz-Date=20260223T000603Z&X-Amz-Expires=604800&X-Amz-Signature=c350f5582ba74d0aece56d7fa5a3e33ea74ee7862d20cc66626cff7d7c2d4c83&X-Amz-SignedHeaders=host&response-content-disposition=attachment%3B%20filename%3Dfdb66fd8-8b88-e847-7be9-f67c6646ae8e.flac&x-id=GetObject,0.226344019,3281
PC-2018-06-03_16-20.flac,2018 Red Wing Ranch,2018,6,3,16,20,sp32,Simple Call,25.8321991,26.67392349,2842,6202,22050,present,https://rfcx-streams-production.s3.eu-west-1.amazonaws.com/2018/06/03/7un0pa6d5cpa/1b976fe7-e452-6fab-e30f-3f2d5bffc433.flac?X-Amz-Algorithm=AWS4-HMAC-SHA256&X-Amz-Content-Sha256=UNSIGNED-PAYLOAD&X-Amz-Credential=AKIA45B7YWBX5HAZMGOU%2F20260223%2Feu-west-1%2Fs3%2Faws4_request&X-Amz-Date=20260223T000603Z&X-Amz-Expires=604800&X-Amz-Signature=766839901f590e7c75008757fd5c086a2e145ae7847d66dbcdb72171ac816cf5&X-Amz-SignedHeaders=host&response-content-disposition=attachment%3B%20filename%3D1b976fe7-e452-6fab-e30f-3f2d5bffc433.flac&x-id=GetObject,0.229507312,3281
PC-2018-06-03_17-20.flac,2018 Red Wing Ranch,2018,6,3,17,20,sp32,Simple Call,32.40925217,33.25097656,2842,6202,22050,present,https://rfcx-streams-production.s3.eu-west-1.amazonaws.com/2018/06/03/7un0pa6d5cpa/9673644a-1a6c-6957-dda4-7e0eb8b18c29.flac?X-Amz-Algorithm=AWS4-HMAC-SHA256&X-Amz-Content-Sha256=UNSIGNED-PAYLOAD&X-Amz-Credential=AKIA45B7YWBX5HAZMGOU%2F20260223%2Feu-west-1%2Fs3%2Faws4_request&X-Amz-Date=20260223T000603Z&X-Amz-Expires=604800&X-Amz-Signature=8005f0e3ff17c0ee73345a6b4560e7c55e33cfdacc64388de051f8163c716d6d&X-Amz-SignedHeaders=host&response-content-disposition=attachment%3B%20filename%3D9673644a-1a6c-6957-dda4-7e0eb8b18c29.flac&x-id=GetObject,0.218978822,3281
PC-2018-06-03_19-20.flac,2018 Red Wing Ranch,2018,6,3,19,20,sp32,Simple Call,25.62902451,26.4707489,2842,6202,22050,present,https://rfcx-streams-production.s3.eu-west-1.amazonaws.com/2018/06/03/7un0pa6d5cpa/005fa70e-559e-5f55-7fd8-3953b03bb66c.flac?X-Amz-Algorithm=AWS4-HMAC-SHA256&X-Amz-Content-Sha256=UNSIGNED-PAYLOAD&X-Amz-Credential=AKIA45B7YWBX5HAZMGOU%2F20260223%2Feu-west-1%2Fs3%2Faws4_request&X-Amz-Date=20260223T000603Z&X-Amz-Expires=604800&X-Amz-Signature=12715b67e49119a8cf124eb24da6880241722cc22399437b8c095241ce84728c&X-Amz-SignedHeaders=host&response-content-disposition=attachment%3B%20filename%3D005fa70e-559e-5f55-7fd8-3953b03bb66c.flac&x-id=GetObject,0.218591362,3281
PC-2018-06-03_20-20.flac,2018 Red Wing Ranch,2018,6,3,20,20,sp32,Simple Call,31.26566887,32.10739136,2842,6202,22050,present,https://rfcx-streams-production.s3.eu-west-1.amazonaws.com/2018/06/03/7un0pa6d5cpa/c9069c99-ee57-33fa-c1f7-a749f091ae8d.flac?X-Amz-Algorithm=AWS4-HMAC-SHA256&X-Amz-Content-Sha256=UNSIGNED-PAYLOAD&X-Amz-Credential=AKIA45B7YWBX5HAZMGOU%2F20260223%2Feu-west-1%2Fs3%2Faws4_request&X-Amz-Date=20260223T000603Z&X-Amz-Expires=604800&X-Amz-Signature=73a3aa59930f8c4d1345a2b9b8f5523dbb19b3326956106f2b2a25bbfc9e4ced&X-Amz-SignedHeaders=host&response-content-disposition=attachment%3B%20filename%3Dc9069c99-ee57-33fa-c1f7-a749f091ae8d.flac&x-id=GetObject,0.200182587,3281
PC-2018-06-03_20-40.flac,2018 Red Wing Ranch,2018,6,3,20,40,sp32,Simple Call,23.69015884,24.53188133,2842,6202,22050,present,https://rfcx-streams-production.s3.eu-west-1.amazonaws.com/2018/06/03/7un0pa6d5cpa/ca37173e-5d84-7e6f-ddf1-20d4de0d1fed.flac?X-Amz-Algorithm=AWS4-HMAC-SHA256&X-Amz-Content-Sha256=UNSIGNED-PAYLOAD&X-Amz-Credential=AKIA45B7YWBX5HAZMGOU%2F20260223%2Feu-west-1%2Fs3%2Faws4_request&X-Amz-Date=20260223T000603Z&X-Amz-Expires=604800&X-Amz-Signature=d55d9117ddfb876c22c36c5cf9b2a7d1f494e244ff41a1d7a5fa8bf6c351953b&X-Amz-SignedHeaders=host&response-content-disposition=attachment%3B%20filename%3Dca37173e-5d84-7e6f-ddf1-20d4de0d1fed.flac&x-id=GetObject,0.207765445,3281
PC-2018-06-03_21-00.flac,2018 Red Wing Ranch,2018,6,3,21,0,sp32,Simple Call,56.46512604,57.30684662,2842,6202,22050,present,https://rfcx-streams-production.s3.eu-west-1.amazonaws.com/2018/06/03/7un0pa6d5cpa/aad5017b-01f5-3913-9ea1-3bfdda526e87.flac?X-Amz-Algorithm=AWS4-HMAC-SHA256&X-Amz-Content-Sha256=UNSIGNED-PAYLOAD&X-Amz-Credential=AKIA45B7YWBX5HAZMGOU%2F20260223%2Feu-west-1%2Fs3%2Faws4_request&X-Amz-Date=20260223T000603Z&X-Amz-Expires=604800&X-Amz-Signature=b0322e5533e6dfda8fd30f32e7616650605091883f41fe8ecd742bfef2ce8468&X-Amz-SignedHeaders=host&response-content-disposition=attachment%3B%20filename%3Daad5017b-01f5-3913-9ea1-3bfdda526e87.flac&x-id=GetObject,0.289188355,3281
PC-2018-06-04_02-00.flac,2018 Red Wing Ranch,2018,6,4,2,0,sp32,Simple Call,9.584035873,10.42575932,2842,6202,22050,present,https://rfcx-streams-production.s3.eu-west-1.amazonaws.com/2018/06/03/7un0pa6d5cpa/ae5f98c7-1a39-4a30-59b4-5ff3c13acf71.flac?X-Amz-Algorithm=AWS4-HMAC-SHA256&X-Amz-Content-Sha256=UNSIGNED-PAYLOAD&X-Amz-Credential=AKIA45B7YWBX5HAZMGOU%2F20260223%2Feu-west-1%2Fs3%2Faws4_request&X-Amz-Date=20260223T000603Z&X-Amz-Expires=604800&X-Amz-Signature=b9254b5edaa280fc6de0715364592eb60c0a3704faa0df30f7d8108313dfab16&X-Amz-SignedHeaders=host&response-content-disposition=attachment%3B%20filename%3Dae5f98c7-1a39-4a30-59b4-5ff3c13acf71.flac&x-id=GetObject,0.203451127,3281
PC-2018-06-04_03-00.flac,2018 Red Wing Ranch,2018,6,4,3,0,sp32,Simple Call,50.31764221,51.15936661,2842,6202,22050,present,https://rfcx-streams-production.s3.eu-west-1.amazonaws.com/2018/06/03/7un0pa6d5cpa/e6551060-35b0-a520-17ab-b6ac09f3c58e.flac?X-Amz-Algorithm=AWS4-HMAC-SHA256&X-Amz-Content-Sha256=UNSIGNED-PAYLOAD&X-Amz-Credential=AKIA45B7YWBX5HAZMGOU%2F20260223%2Feu-west-1%2Fs3%2Faws4_request&X-Amz-Date=20260223T000603Z&X-Amz-Expires=604800&X-Amz-Signature=fa651ae76d07693bcead3a1cbfda97907ef0d479c9c268910850979e7134ad01&X-Amz-SignedHeaders=host&response-content-disposition=attachment%3B%20filename%3De6551060-35b0-a520-17ab-b6ac09f3c58e.flac&x-id=GetObject,0.21493195,3281
PC-2018-06-04_03-20.flac,2018 Red Wing Ranch,2018,6,4,3,20,sp32,Simple Call,1.236462593,2.078186035,2842,6202,22050,present,https://rfcx-streams-production.s3.eu-west-1.amazonaws.com/2018/06/03/7un0pa6d5cpa/1a13ee12-4987-e319-aa36-6b648a2b4a2c.flac?X-Amz-Algorithm=AWS4-HMAC-SHA256&X-Amz-Content-Sha256=UNSIGNED-PAYLOAD&X-Amz-Credential=AKIA45B7YWBX5HAZMGOU%2F20260223%2Feu-west-1%2Fs3%2Faws4_request&X-Amz-Date=20260223T000603Z&X-Amz-Expires=604800&X-Amz-Signature=b881ec92fb72c8dda2ff28befeb9b3c3b779b62281d4793ea88a2ee8bf031b66&X-Amz-SignedHeaders=host&response-content-disposition=attachment%3B%20filename%3D1a13ee12-4987-e319-aa36-6b648a2b4a2c.flac&x-id=GetObject,0.202924818,3281
PC-2018-06-04_04-00.flac,2018 Red Wing Ranch,2018,6,4,4,0,sp32,Simple Call,2.902494431,3.744217634,2842,6202,22050,present,https://rfcx-streams-production.s3.eu-west-1.amazonaws.com/2018/06/03/7un0pa6d5cpa/61bab01a-7960-f9ab-8429-2ecbb873f1b7.flac?X-Amz-Algorithm=AWS4-HMAC-SHA256&X-Amz-Content-Sha256=UNSIGNED-PAYLOAD&X-Amz-Credential=AKIA45B7YWBX5HAZMGOU%2F20260223%2Feu-west-1%2Fs3%2Faws4_request&X-Amz-Date=20260223T000603Z&X-Amz-Expires=604800&X-Amz-Signature=cf96bdbcd0ffd2bf71675cd69d4169092659ed08a34df29e710a68b70312f4c1&X-Amz-SignedHeaders=host&response-content-disposition=attachment%3B%20filename%3D61bab01a-7960-f9ab-8429-2ecbb873f1b7.flac&x-id=GetObject,0.230462223,3281
PC-2018-06-04_05-40.flac,2018 Red Wing Ranch,2018,6,4,5,40,sp32,Simple Call,8.022494316,8.864217758,2842,6202,22050,present,https://rfcx-streams-production.s3.eu-west-1.amazonaws.com/2018/06/03/7un0pa6d5cpa/960f0b80-4d78-744c-c52c-454e026ca930.flac?X-Amz-Algorithm=AWS4-HMAC-SHA256&X-Amz-Content-Sha256=UNSIGNED-PAYLOAD&X-Amz-Credential=AKIA45B7YWBX5HAZMGOU%2F20260223%2Feu-west-1%2Fs3%2Faws4_request&X-Amz-Date=20260223T000603Z&X-Amz-Expires=604800&X-Amz-Signature=884f2a643e3bc4ff813639bc654c224b04ece4e4caaf6058210a848bf0672da0&X-Amz-SignedHeaders=host&response-content-disposition=attachment%3B%20filename%3D960f0b80-4d78-744c-c52c-454e026ca930.flac&x-id=GetObject,0.230674624,3281
PC-2018-06-04_07-20.flac,2018 Red Wing Ranch,2018,6,4,7,20,sp32,Simple Call,0.296054423,1.137777805,2842,6202,22050,present,https://rfcx-streams-production.s3.eu-west-1.amazonaws.com/2018/06/04/7un0pa6d5cpa/c4a3905c-517a-8513-e6b8-950208b1346b.flac?X-Amz-Algorithm=AWS4-HMAC-SHA256&X-Amz-Content-Sha256=UNSIGNED-PAYLOAD&X-Amz-Credential=AKIA45B7YWBX5HAZMGOU%2F20260223%2Feu-west-1%2Fs3%2Faws4_request&X-Amz-Date=20260223T000603Z&X-Amz-Expires=604800&X-Amz-Signature=f68bf29f27bba6fa18de3c20f061fd7ee07536f41cc5fdc64cbd85a4a8990295&X-Amz-SignedHeaders=host&response-content-disposition=attachment%3B%20filename%3Dc4a3905c-517a-8513-e6b8-950208b1346b.flac&x-id=GetObject,0.203147918,3281
PC-2018-06-04_07-40.flac,2018 Red Wing Ranch,2018,6,4,7,40,sp32,Simple Call,0.150929704,0.992653072,2842,6202,22050,present,https://rfcx-streams-production.s3.eu-west-1.amazonaws.com/2018/06/04/7un0pa6d5cpa/15dbefc5-9b1b-19e0-ebf2-c1571cccfd35.flac?X-Amz-Algorithm=AWS4-HMAC-SHA256&X-Amz-Content-Sha256=UNSIGNED-PAYLOAD&X-Amz-Credential=AKIA45B7YWBX5HAZMGOU%2F20260223%2Feu-west-1%2Fs3%2Faws4_request&X-Amz-Date=20260223T000603Z&X-Amz-Expires=604800&X-Amz-Signature=10dac14474914f85973128dc2ba16c5d9c179ff2dd2608231c7bd132245089d2&X-Amz-SignedHeaders=host&response-content-disposition=attachment%3B%20filename%3D15dbefc5-9b1b-19e0-ebf2-c1571cccfd35.flac&x-id=GetObject,0.216395706,3281
PC-2018-06-04_08-00.flac,2018 Red Wing Ranch,2018,6,4,8,0,sp32,Simple Call,56.56380844,57.40553284,2842,6202,22050,present,https://rfcx-streams-production.s3.eu-west-1.amazonaws.com/2018/06/04/7un0pa6d5cpa/a33f5dc9-b177-c4f6-74b1-8452e75b555a.flac?X-Amz-Algorithm=AWS4-HMAC-SHA256&X-Amz-Content-Sha256=UNSIGNED-PAYLOAD&X-Amz-Credential=AKIA45B7YWBX5HAZMGOU%2F20260223%2Feu-west-1%2Fs3%2Faws4_request&X-Amz-Date=20260223T000603Z&X-Amz-Expires=604800&X-Amz-Signature=ddc4c40dc342837cd01fffe5538ade10aff4f55b8369be8bc59c4054de30ebf3&X-Amz-SignedHeaders=host&response-content-disposition=attachment%3B%20filename%3Da33f5dc9-b177-c4f6-74b1-8452e75b555a.flac&x-id=GetObject,0.301803112,3281
PC-2018-06-04_08-40.flac,2018 Red Wing Ranch,2018,6,4,8,40,sp32,Simple Call,26.54621315,27.38793564,2842,6202,22050,present,https://rfcx-streams-production.s3.eu-west-1.amazonaws.com/2018/06/04/7un0pa6d5cpa/6ebf74aa-107c-69c9-44e5-28a7f0aeab87.flac?X-Amz-Algorithm=AWS4-HMAC-SHA256&X-Amz-Content-Sha256=UNSIGNED-PAYLOAD&X-Amz-Credential=AKIA45B7YWBX5HAZMGOU%2F20260223%2Feu-west-1%2Fs3%2Faws4_request&X-Amz-Date=20260223T000603Z&X-Amz-Expires=604800&X-Amz-Signature=b5ed71ad5e6c9feb2e7882b6d002d2f2f33484fee987065218bf5832786767a9&X-Amz-SignedHeaders=host&response-content-disposition=attachment%3B%20filename%3D6ebf74aa-107c-69c9-44e5-28a7f0aeab87.flac&x-id=GetObject,0.221233681,3281
PC-2018-06-04_09-00.flac,2018 Red Wing Ranch,2018,6,4,9,0,sp32,Simple Call,12.33560085,13.1773243,2842,6202,22050,present,https://rfcx-streams-production.s3.eu-west-1.amazonaws.com/2018/06/04/7un0pa6d5cpa/a79664f3-d8ba-1b52-c2dd-e728fa55e95c.flac?X-Amz-Algorithm=AWS4-HMAC-SHA256&X-Amz-Content-Sha256=UNSIGNED-PAYLOAD&X-Amz-Credential=AKIA45B7YWBX5HAZMGOU%2F20260223%2Feu-west-1%2Fs3%2Faws4_request&X-Amz-Date=20260223T000603Z&X-Amz-Expires=604800&X-Amz-Signature=fc77ce8ae95140809572728127395a85b31855c1457e5edc3ab5b9f833d31474&X-Amz-SignedHeaders=host&response-content-disposition=attachment%3B%20filename%3Da79664f3-d8ba-1b52-c2dd-e728fa55e95c.flac&x-id=GetObject,0.285544991,3281
PC-2018-06-04_09-40.flac,2018 Red Wing Ranch,2018,6,4,9,40,sp32,Simple Call,17.30467033,18.14639473,2842,6202,22050,present,https://rfcx-streams-production.s3.eu-west-1.amazonaws.com/2018/06/04/7un0pa6d5cpa/8931ccf4-a6a7-2f59-e280-4d44e78cb4e4.flac?X-Amz-Algorithm=AWS4-HMAC-SHA256&X-Amz-Content-Sha256=UNSIGNED-PAYLOAD&X-Amz-Credential=AKIA45B7YWBX5HAZMGOU%2F20260223%2Feu-west-1%2Fs3%2Faws4_request&X-Amz-Date=20260223T000603Z&X-Amz-Expires=604800&X-Amz-Signature=cf933ef79d8ec9db9a7c64eff0703016c405656b596889ecc61020aa0b6334c6&X-Amz-SignedHeaders=host&response-content-disposition=attachment%3B%20filename%3D8931ccf4-a6a7-2f59-e280-4d44e78cb4e4.flac&x-id=GetObject,0.246480182,3281
PC-2018-06-04_10-00.flac,2018 Red Wing Ranch,2018,6,4,10,0,sp32,Simple Call,0.267029464,1.108752847,2842,6202,22050,present,https://rfcx-streams-production.s3.eu-west-1.amazonaws.com/2018/06/04/7un0pa6d5cpa/fedf6da6-853f-eb57-a63b-85fe217a8123.flac?X-Amz-Algorithm=AWS4-HMAC-SHA256&X-Amz-Content-Sha256=UNSIGNED-PAYLOAD&X-Amz-Credential=AKIA45B7YWBX5HAZMGOU%2F20260223%2Feu-west-1%2Fs3%2Faws4_request&X-Amz-Date=20260223T000603Z&X-Amz-Expires=604800&X-Amz-Signature=4bb13b9501c5e9c1c493807823ecabd72305bf47106bb3822c37f28a7f8f8985&X-Amz-SignedHeaders=host&response-content-disposition=attachment%3B%20filename%3Dfedf6da6-853f-eb57-a63b-85fe217a8123.flac&x-id=GetObject,0.263586611,3281
PC-2018-06-04_10-20.flac,2018 Red Wing Ranch,2018,6,4,10,20,sp32,Simple Call,3.535238028,4.376961231,2842,6202,22050,present,https://rfcx-streams-production.s3.eu-west-1.amazonaws.com/2018/06/04/7un0pa6d5cpa/c69135e4-d93d-818b-5e3f-dcd16667a183.flac?X-Amz-Algorithm=AWS4-HMAC-SHA256&X-Amz-Content-Sha256=UNSIGNED-PAYLOAD&X-Amz-Credential=AKIA45B7YWBX5HAZMGOU%2F20260223%2Feu-west-1%2Fs3%2Faws4_request&X-Amz-Date=20260223T000603Z&X-Amz-Expires=604800&X-Amz-Signature=05088e15ad607cc0375dab26a836eab7f3a0b95b645d29696c02409a6c6db855&X-Amz-SignedHeaders=host&response-content-disposition=attachment%3B%20filename%3Dc69135e4-d93d-818b-5e3f-dcd16667a183.flac&x-id=GetObject,0.244841695,3281
PC-2018-06-04_11-00.flac,2018 Red Wing Ranch,2018,6,4,11,0,sp32,Simple Call,16.24816322,17.08988571,2842,6202,22050,present,https://rfcx-streams-production.s3.eu-west-1.amazonaws.com/2018/06/04/7un0pa6d5cpa/83e897f7-125f-7b70-e83d-d2f070976ea7.flac?X-Amz-Algorithm=AWS4-HMAC-SHA256&X-Amz-Content-Sha256=UNSIGNED-PAYLOAD&X-Amz-Credential=AKIA45B7YWBX5HAZMGOU%2F20260223%2Feu-west-1%2Fs3%2Faws4_request&X-Amz-Date=20260223T000603Z&X-Amz-Expires=604800&X-Amz-Signature=1f68c645e49305e2a3b4515bff2a63eb87e524d0bc0f764d75fc23ad75b6d6cd&X-Amz-SignedHeaders=host&response-content-disposition=attachment%3B%20filename%3D83e897f7-125f-7b70-e83d-d2f070976ea7.flac&x-id=GetObject,0.220129997,3281
PC-2018-06-04_11-20.flac,2018 Red Wing Ranch,2018,6,4,11,20,sp32,Simple Call,15.51093006,16.3526535,2842,6202,22050,present,https://rfcx-streams-production.s3.eu-west-1.amazonaws.com/2018/06/04/7un0pa6d5cpa/cf0d8c23-e557-93da-d8a5-40604d92be26.flac?X-Amz-Algorithm=AWS4-HMAC-SHA256&X-Amz-Content-Sha256=UNSIGNED-PAYLOAD&X-Amz-Credential=AKIA45B7YWBX5HAZMGOU%2F20260223%2Feu-west-1%2Fs3%2Faws4_request&X-Amz-Date=20260223T000603Z&X-Amz-Expires=604800&X-Amz-Signature=f3d05408730c2c600d749ce013187c5789ca5565621ce601d5649862e557960c&X-Amz-SignedHeaders=host&response-content-disposition=attachment%3B%20filename%3Dcf0d8c23-e557-93da-d8a5-40604d92be26.flac&x-id=GetObject,0.308344841,3281
PC-2018-06-04_11-40.flac,2018 Red Wing Ranch,2018,6,4,11,40,sp32,Simple Call,52.08235931,52.9240799,2842,6202,22050,present,https://rfcx-streams-production.s3.eu-west-1.amazonaws.com/2018/06/04/7un0pa6d5cpa/d7027c6c-8c43-6706-e6c1-210c74315ef6.flac?X-Amz-Algorithm=AWS4-HMAC-SHA256&X-Amz-Content-Sha256=UNSIGNED-PAYLOAD&X-Amz-Credential=AKIA45B7YWBX5HAZMGOU%2F20260223%2Feu-west-1%2Fs3%2Faws4_request&X-Amz-Date=20260223T000603Z&X-Amz-Expires=604800&X-Amz-Signature=8a919f5e3da8c3bd5bc5938f4396356971850eef286905ee06a1f159b74a94db&X-Amz-SignedHeaders=host&response-content-disposition=attachment%3B%20filename%3Dd7027c6c-8c43-6706-e6c1-210c74315ef6.flac&x-id=GetObject,0.318620861,3281
PC-2018-06-04_12-00.flac,2018 Red Wing Ranch,2018,6,4,12,0,sp32,Simple Call,57.87573624,58.71746063,2842,6202,22050,present,https://rfcx-streams-production.s3.eu-west-1.amazonaws.com/2018/06/04/7un0pa6d5cpa/4de40441-37c4-6730-9306-f9b4fd20b715.flac?X-Amz-Algorithm=AWS4-HMAC-SHA256&X-Amz-Content-Sha256=UNSIGNED-PAYLOAD&X-Amz-Credential=AKIA45B7YWBX5HAZMGOU%2F20260223%2Feu-west-1%2Fs3%2Faws4_request&X-Amz-Date=20260223T000603Z&X-Amz-Expires=604800&X-Amz-Signature=a120f2362e1f51e460d9eca3340cd37e88a6aa6333c67f4eb93a03822918bcce&X-Amz-SignedHeaders=host&response-content-disposition=attachment%3B%20filename%3D4de40441-37c4-6730-9306-f9b4fd20b715.flac&x-id=GetObject,0.22533527,3281
PC-2018-06-04_12-20.flac,2018 Red Wing Ranch,2018,6,4,12,20,sp32,Simple Call,13.15990925,14.00163269,2842,6202,22050,present,https://rfcx-streams-production.s3.eu-west-1.amazonaws.com/2018/06/04/7un0pa6d5cpa/e9442f71-4a0b-6231-ba80-0d37dd4b4462.flac?X-Amz-Algorithm=AWS4-HMAC-SHA256&X-Amz-Content-Sha256=UNSIGNED-PAYLOAD&X-Amz-Credential=AKIA45B7YWBX5HAZMGOU%2F20260223%2Feu-west-1%2Fs3%2Faws4_request&X-Amz-Date=20260223T000603Z&X-Amz-Expires=604800&X-Amz-Signature=383e2874c8f83700d5a0e8f1bb1b6ce1f46e4be801964f75a2796e4c8c08ed3f&X-Amz-SignedHeaders=host&response-content-disposition=attachment%3B%20filename%3De9442f71-4a0b-6231-ba80-0d37dd4b4462.flac&x-id=GetObject,0.201962307,3281
PC-2018-06-04_13-20.flac,2018 Red Wing Ranch,2018,6,4,13,20,sp32,Simple Call,54.39274216,55.23446655,2842,6202,22050,present,https://rfcx-streams-production.s3.eu-west-1.amazonaws.com/2018/06/04/7un0pa6d5cpa/9e5d1f3c-59ae-f9ad-f79d-b3af9b4d7c20.flac?X-Amz-Algorithm=AWS4-HMAC-SHA256&X-Amz-Content-Sha256=UNSIGNED-PAYLOAD&X-Amz-Credential=AKIA45B7YWBX5HAZMGOU%2F20260223%2Feu-west-1%2Fs3%2Faws4_request&X-Amz-Date=20260223T000603Z&X-Amz-Expires=604800&X-Amz-Signature=f72f205d884ed4f7454b0f8c1d650878db5f41c6761dd4bdb216e37e76438912&X-Amz-SignedHeaders=host&response-content-disposition=attachment%3B%20filename%3D9e5d1f3c-59ae-f9ad-f79d-b3af9b4d7c20.flac&x-id=GetObject,0.212009758,3281
PC-2018-06-04_13-40.flac,2018 Red Wing Ranch,2018,6,4,13,40,sp32,Simple Call,8.173423767,9.015147209,2842,6202,22050,present,https://rfcx-streams-production.s3.eu-west-1.amazonaws.com/2018/06/04/7un0pa6d5cpa/a4e5cfc1-068d-615c-8a62-69517a0b9dcf.flac?X-Amz-Algorithm=AWS4-HMAC-SHA256&X-Amz-Content-Sha256=UNSIGNED-PAYLOAD&X-Amz-Credential=AKIA45B7YWBX5HAZMGOU%2F20260223%2Feu-west-1%2Fs3%2Faws4_request&X-Amz-Date=20260223T000603Z&X-Amz-Expires=604800&X-Amz-Signature=246c3521d43a75342e5e0acb1429d86891baf61eef8b29efab5e81d9531b370f&X-Amz-SignedHeaders=host&response-content-disposition=attachment%3B%20filename%3Da4e5cfc1-068d-615c-8a62-69517a0b9dcf.flac&x-id=GetObject,0.252675176,3281
PC-2018-06-04_14-00.flac,2018 Red Wing Ranch,2018,6,4,14,0,sp32,Simple Call,17.9664402,18.80816269,2842,6202,22050,present,https://rfcx-streams-production.s3.eu-west-1.amazonaws.com/2018/06/04/7un0pa6d5cpa/c4acf06b-b798-aa0a-b5b5-ff87782100bf.flac?X-Amz-Algorithm=AWS4-HMAC-SHA256&X-Amz-Content-Sha256=UNSIGNED-PAYLOAD&X-Amz-Credential=AKIA45B7YWBX5HAZMGOU%2F20260223%2Feu-west-1%2Fs3%2Faws4_request&X-Amz-Date=20260223T000603Z&X-Amz-Expires=604800&X-Amz-Signature=6ad3bd3eab40dc76c40c7848c923635de8ed463cbf07bdca61a68fc7934adacd&X-Amz-SignedHeaders=host&response-content-disposition=attachment%3B%20filename%3Dc4acf06b-b798-aa0a-b5b5-ff87782100bf.flac&x-id=GetObject,0.212967008,3281
