recording,site,year,month,day,hour,minute,species,songtype,x1,x2,y1,y2,frequency,validated,url,score,site_id
WWPam-2021-04-14_17-40.WAV,2021 Wind Wolves Preserve,2021,4,14,17,40,Agelaius tricolor,Common Song,16.1760006,17.55733299,281,7219,24000,present,https://rfcx-streams-production.s3.eu-west-1.amazonaws.com/2021/04/15/6v8np25o29hq/ceac273c-cc06-4d35-bfa7-ef60864056a2.flac?X-Amz-Algorithm=AWS4-HMAC-SHA256&X-Amz-Content-Sha256=UNSIGNED-PAYLOAD&X-Amz-Credential=AKIA45B7YWBX5HAZMGOU%2F20260223%2Feu-west-1%2Fs3%2Faws4_request&X-Amz-Date=20260223T001319Z&X-Amz-Expires=604800&X-Amz-Signature=fc2b08d63f0c82b342ca048eff043f8c78d76874de175ffb7691f75fa9a0ed0b&X-Amz-SignedHeaders=host&response-content-disposition=attachment%3B%20filename%3Dceac273c-cc06-4d35-bfa7-ef60864056a2.flac&x-id=GetObject,0.266356051,24790
WWPam-2021-04-14_18-00.WAV,2021 Wind Wolves Preserve,2021,4,14,18,0,Agelaius tricolor,Common Song,38.0320015,39.41333389,281,7219,24000,present,https://rfcx-streams-production.s3.eu-west-1.amazonaws.com/2021/04/15/6v8np25o29hq/e3f878fc-9ef0-4da9-85ba-a3b34bbee79b.flac?X-Amz-Algorithm=AWS4-HMAC-SHA256&X-Amz-Content-Sha256=UNSIGNED-PAYLOAD&X-Amz-Credential=AKIA45B7YWBX5HAZMGOU%2F20260223%2Feu-west-1%2Fs3%2Faws4_request&X-Amz-Date=20260223T001319Z&X-Amz-Expires=604800&X-Amz-Signature=5272357fa1d679c989fc65b11af3dbef29841368c08afac74099bb11da7919f5&X-Amz-SignedHeaders=host&response-content-disposition=attachment%3B%20filename%3De3f878fc-9ef0-4da9-85ba-a3b34bbee79b.flac&x-id=GetObject,0.222707972,24790
WWPam-2021-04-14_18-40.WAV,2021 Wind Wolves Preserve,2021,4,14,18,40,Agelaius tricolor,Common Song,30.27199936,31.65333366,281,7219,24000,present,https://rfcx-streams-production.s3.eu-west-1.amazonaws.com/2021/04/15/6v8np25o29hq/4d7f6d47-1ea2-4158-a646-87627b15989f.flac?X-Amz-Algorithm=AWS4-HMAC-SHA256&X-Amz-Content-Sha256=UNSIGNED-PAYLOAD&X-Amz-Credential=AKIA45B7YWBX5HAZMGOU%2F20260223%2Feu-west-1%2Fs3%2Faws4_request&X-Amz-Date=20260223T001319Z&X-Amz-Expires=604800&X-Amz-Signature=a51761bd12d1bfec39bd3f6c75a57a3260b6a8a64895636a87bd43dd8a6ab6b9&X-Amz-SignedHeaders=host&response-content-disposition=attachment%3B%20filename%3D4d7f6d47-1ea2-4158-a646-87627b15989f.flac&x-id=GetObject,0.271231771,24790
WWPam-2021-04-14_20-00.WAV,2021 Wind Wolves Preserve,2021,4,14,20,0,Agelaius tricolor,Common Song,0.586666644,1.968000054,281,7219,24000,present,https://rfcx-streams-production.s3.eu-west-1.amazonaws.com/2021/04/15/6v8np25o29hq/af609dbb-a973-45cc-b7ea-853dad310669.flac?X-Amz-Algorithm=AWS4-HMAC-SHA256&X-Amz-Content-Sha256=UNSIGNED-PAYLOAD&X-Amz-Credential=AKIA45B7YWBX5HAZMGOU%2F20260223%2Feu-west-1%2Fs3%2Faws4_request&X-Amz-Date=20260223T001319Z&X-Amz-Expires=604800&X-Amz-Signature=9d88a4321f0c4a83ed8e7673d2f95c9135bb4942ee6e5b4d9d44dd4153aa25f4&X-Amz-SignedHeaders=host&response-content-disposition=attachment%3B%20filename%3Daf609dbb-a973-45cc-b7ea-853dad310669.flac&x-id=GetObject,0.230038986,24790
WWPam-2021-04-15_05-40.WAV,2021 Wind Wolves Preserve,2021,4,15,5,40,Agelaius tricolor,Common Song,21.29599953,22.67733383,281,7219,24000,present,https://rfcx-streams-production.s3.eu-west-1.amazonaws.com/2021/04/15/6v8np25o29hq/31521eb5-a10b-402b-820c-922018b1445a.flac?X-Amz-Algorithm=AWS4-HMAC-SHA256&X-Amz-Content-Sha256=UNSIGNED-PAYLOAD&X-Amz-Credential=AKIA45B7YWBX5HAZMGOU%2F20260223%2Feu-west-1%2Fs3%2Faws4_request&X-Amz-Date=20260223T001319Z&X-Amz-Expires=604800&X-Amz-Signature=da01688ff50ad06fc4df2138177c3914b7d5c046e30c2ec564dcfcae25c5b915&X-Amz-SignedHeaders=host&response-content-disposition=attachment%3B%20filename%3D31521eb5-a10b-402b-820c-922018b1445a.flac&x-id=GetObject,0.272608429,24790
WWPam-2021-04-15_06-40.WAV,2021 Wind Wolves Preserve,2021,4,15,6,40,Agelaius tricolor,Common Song,35.41333389,36.79466629,281,7219,24000,present,https://rfcx-streams-production.s3.eu-west-1.amazonaws.com/2021/04/15/6v8np25o29hq/6bc8863d-c3ad-494c-8b55-39afa28d9601.flac?X-Amz-Algorithm=AWS4-HMAC-SHA256&X-Amz-Content-Sha256=UNSIGNED-PAYLOAD&X-Amz-Credential=AKIA45B7YWBX5HAZMGOU%2F20260223%2Feu-west-1%2Fs3%2Faws4_request&X-Amz-Date=20260223T001319Z&X-Amz-Expires=604800&X-Amz-Signature=807065fe6418e5feafa28cf315dca489708bec84bd44eaba5f95d86cd295ee1d&X-Amz-SignedHeaders=host&response-content-disposition=attachment%3B%20filename%3D6bc8863d-c3ad-494c-8b55-39afa28d9601.flac&x-id=GetObject,0.239729777,24790
WWPam-2021-04-15_18-40.WAV,2021 Wind Wolves Preserve,2021,4,15,18,40,Agelaius tricolor,Common Song,3.946666718,5.328000069,281,7219,24000,present,https://rfcx-streams-production.s3.eu-west-1.amazonaws.com/2021/04/16/6v8np25o29hq/06902591-93d2-4349-b807-93b4c6efb4ac.flac?X-Amz-Algorithm=AWS4-HMAC-SHA256&X-Amz-Content-Sha256=UNSIGNED-PAYLOAD&X-Amz-Credential=AKIA45B7YWBX5HAZMGOU%2F20260223%2Feu-west-1%2Fs3%2Faws4_request&X-Amz-Date=20260223T001319Z&X-Amz-Expires=604800&X-Amz-Signature=77921ac6bd3f994e4863e4681a12e48da26410c71b4bd00feaf4ccbfbe985836&X-Amz-SignedHeaders=host&response-content-disposition=attachment%3B%20filename%3D06902591-93d2-4349-b807-93b4c6efb4ac.flac&x-id=GetObject,0.31707105,24790
WWPam-2021-04-15_19-40.WAV,2021 Wind Wolves Preserve,2021,4,15,19,40,Agelaius tricolor,Common Song,29.49333382,30.87466621,281,7219,24000,present,https://rfcx-streams-production.s3.eu-west-1.amazonaws.com/2021/04/16/6v8np25o29hq/7b523e22-832f-4bb0-8653-479001867c0e.flac?X-Amz-Algorithm=AWS4-HMAC-SHA256&X-Amz-Content-Sha256=UNSIGNED-PAYLOAD&X-Amz-Credential=AKIA45B7YWBX5HAZMGOU%2F20260223%2Feu-west-1%2Fs3%2Faws4_request&X-Amz-Date=20260223T001319Z&X-Amz-Expires=604800&X-Amz-Signature=32006eff84600e629ab6a83fbd5990e05daff6462175983d89874787589de700&X-Amz-SignedHeaders=host&response-content-disposition=attachment%3B%20filename%3D7b523e22-832f-4bb0-8653-479001867c0e.flac&x-id=GetObject,0.215319708,24790
WWPam-2021-04-15_20-40.WAV,2021 Wind Wolves Preserve,2021,4,15,20,40,Agelaius tricolor,Common Song,12.12266636,13.50399971,281,7219,24000,present,https://rfcx-streams-production.s3.eu-west-1.amazonaws.com/2021/04/16/6v8np25o29hq/3209b12d-f82e-47b2-8a39-03fc85a19655.flac?X-Amz-Algorithm=AWS4-HMAC-SHA256&X-Amz-Content-Sha256=UNSIGNED-PAYLOAD&X-Amz-Credential=AKIA45B7YWBX5HAZMGOU%2F20260223%2Feu-west-1%2Fs3%2Faws4_request&X-Amz-Date=20260223T001319Z&X-Amz-Expires=604800&X-Amz-Signature=d2ff3acfac77c3dda9e1cc4aa3bd51b6fb64119b22a05f5416aaa6fbacd055b9&X-Amz-SignedHeaders=host&response-content-disposition=attachment%3B%20filename%3D3209b12d-f82e-47b2-8a39-03fc85a19655.flac&x-id=GetObject,0.259994209,24790
WWPam-2021-04-16_07-20.WAV,2021 Wind Wolves Preserve,2021,4,16,7,20,Agelaius tricolor,Common Song,42.33066559,43.7120018,281,7219,24000,present,https://rfcx-streams-production.s3.eu-west-1.amazonaws.com/2021/04/16/6v8np25o29hq/29314073-768a-4539-b8be-21cad7cf67cd.flac?X-Amz-Algorithm=AWS4-HMAC-SHA256&X-Amz-Content-Sha256=UNSIGNED-PAYLOAD&X-Amz-Credential=AKIA45B7YWBX5HAZMGOU%2F20260223%2Feu-west-1%2Fs3%2Faws4_request&X-Amz-Date=20260223T001319Z&X-Amz-Expires=604800&X-Amz-Signature=61e9b66b158b39c4762d9aeaa316a1c955d7ad9c3e739929d44e6f0020bed2a5&X-Amz-SignedHeaders=host&response-content-disposition=attachment%3B%20filename%3D29314073-768a-4539-b8be-21cad7cf67cd.flac&x-id=GetObject,0.220862821,24790
WWPam-2021-04-16_20-20.WAV,2021 Wind Wolves Preserve,2021,4,16,20,20,Agelaius tricolor,Common Song,45.0719986,46.45333481,281,7219,24000,present,https://rfcx-streams-production.s3.eu-west-1.amazonaws.com/2021/04/17/6v8np25o29hq/31f1a14a-75ca-49a0-b0a9-5b0e09ceba83.flac?X-Amz-Algorithm=AWS4-HMAC-SHA256&X-Amz-Content-Sha256=UNSIGNED-PAYLOAD&X-Amz-Credential=AKIA45B7YWBX5HAZMGOU%2F20260223%2Feu-west-1%2Fs3%2Faws4_request&X-Amz-Date=20260223T001319Z&X-Amz-Expires=604800&X-Amz-Signature=42c1a4dbaa6730c36684a242952af09f7ff8b6bf4bd2aabbafd3042a688bde5f&X-Amz-SignedHeaders=host&response-content-disposition=attachment%3B%20filename%3D31f1a14a-75ca-49a0-b0a9-5b0e09ceba83.flac&x-id=GetObject,0.288552493,24790
WWPam-2021-04-17_06-00.WAV,2021 Wind Wolves Preserve,2021,4,17,6,0,Agelaius tricolor,Common Song,57.5359993,58.9173317,281,7219,24000,present,https://rfcx-streams-production.s3.eu-west-1.amazonaws.com/2021/04/17/6v8np25o29hq/b0e33113-196c-4aa8-8db6-6e4dc65f8a3d.flac?X-Amz-Algorithm=AWS4-HMAC-SHA256&X-Amz-Content-Sha256=UNSIGNED-PAYLOAD&X-Amz-Credential=AKIA45B7YWBX5HAZMGOU%2F20260223%2Feu-west-1%2Fs3%2Faws4_request&X-Amz-Date=20260223T001319Z&X-Amz-Expires=604800&X-Amz-Signature=27cddc37cfe80a06edf9ef82345c4ca8a79b808d1c199473752ec5e478d6acfb&X-Amz-SignedHeaders=host&response-content-disposition=attachment%3B%20filename%3Db0e33113-196c-4aa8-8db6-6e4dc65f8a3d.flac&x-id=GetObject,0.244002938,24790
WWPam-2021-04-17_07-00.WAV,2021 Wind Wolves Preserve,2021,4,17,7,0,Agelaius tricolor,Common Song,31.83466721,33.2159996,281,7219,24000,present,https://rfcx-streams-production.s3.eu-west-1.amazonaws.com/2021/04/17/6v8np25o29hq/a259609b-2e12-4f05-b86f-5ac5ea12e782.flac?X-Amz-Algorithm=AWS4-HMAC-SHA256&X-Amz-Content-Sha256=UNSIGNED-PAYLOAD&X-Amz-Credential=AKIA45B7YWBX5HAZMGOU%2F20260223%2Feu-west-1%2Fs3%2Faws4_request&X-Amz-Date=20260223T001319Z&X-Amz-Expires=604800&X-Amz-Signature=0778cf669ed802ad7d6b03e4da51cb8b96061042d0fe868fbea141606b1abfcf&X-Amz-SignedHeaders=host&response-content-disposition=attachment%3B%20filename%3Da259609b-2e12-4f05-b86f-5ac5ea12e782.flac&x-id=GetObject,0.243482023,24790
WWPam-2021-04-17_07-40.WAV,2021 Wind Wolves Preserve,2021,4,17,7,40,Agelaius tricolor,Common Song,2.426666737,3.808000088,281,7219,24000,present,https://rfcx-streams-production.s3.eu-west-1.amazonaws.com/2021/04/17/6v8np25o29hq/88e48301-3c24-4d45-ab66-8f6c3b6dbf92.flac?X-Amz-Algorithm=AWS4-HMAC-SHA256&X-Amz-Content-Sha256=UNSIGNED-PAYLOAD&X-Amz-Credential=AKIA45B7YWBX5HAZMGOU%2F20260223%2Feu-west-1%2Fs3%2Faws4_request&X-Amz-Date=20260223T001319Z&X-Amz-Expires=604800&X-Amz-Signature=a72afc165d5a83fa563cec81c5551a1f9c014361049cb8d9e40f167603cb46d4&X-Amz-SignedHeaders=host&response-content-disposition=attachment%3B%20filename%3D88e48301-3c24-4d45-ab66-8f6c3b6dbf92.flac&x-id=GetObject,0.213575616,24790
WWPam-2021-04-18_02-40.WAV,2021 Wind Wolves Preserve,2021,4,18,2,40,Agelaius tricolor,Common Song,38.17066574,39.55199814,281,7219,24000,present,https://rfcx-streams-production.s3.eu-west-1.amazonaws.com/2021/04/18/6v8np25o29hq/13dc13ca-495a-4e54-b8c9-e2175109409f.flac?X-Amz-Algorithm=AWS4-HMAC-SHA256&X-Amz-Content-Sha256=UNSIGNED-PAYLOAD&X-Amz-Credential=AKIA45B7YWBX5HAZMGOU%2F20260223%2Feu-west-1%2Fs3%2Faws4_request&X-Amz-Date=20260223T001320Z&X-Amz-Expires=604800&X-Amz-Signature=b6b77b4da2d3cdc03221b8cdb302cf66b3e89c2272e2db894f94d19af2694eb6&X-Amz-SignedHeaders=host&response-content-disposition=attachment%3B%20filename%3D13dc13ca-495a-4e54-b8c9-e2175109409f.flac&x-id=GetObject,0.256614208,24790
WWPam-2021-04-18_06-00.WAV,2021 Wind Wolves Preserve,2021,4,18,6,0,Agelaius tricolor,Common Song,3.35466671,4.736000061,281,7219,24000,present,https://rfcx-streams-production.s3.eu-west-1.amazonaws.com/2021/04/18/6v8np25o29hq/aa84fff5-2be9-486f-9bae-75811ced3d79.flac?X-Amz-Algorithm=AWS4-HMAC-SHA256&X-Amz-Content-Sha256=UNSIGNED-PAYLOAD&X-Amz-Credential=AKIA45B7YWBX5HAZMGOU%2F20260223%2Feu-west-1%2Fs3%2Faws4_request&X-Amz-Date=20260223T001320Z&X-Amz-Expires=604800&X-Amz-Signature=cfaee284d267726d0ac0a9a380ddc75673f27db67a85cf573ba00b037edee093&X-Amz-SignedHeaders=host&response-content-disposition=attachment%3B%20filename%3Daa84fff5-2be9-486f-9bae-75811ced3d79.flac&x-id=GetObject,0.214536622,24790
WWPam-2021-04-18_07-00.WAV,2021 Wind Wolves Preserve,2021,4,18,7,0,Agelaius tricolor,Common Song,30.28800011,31.6693325,281,7219,24000,present,https://rfcx-streams-production.s3.eu-west-1.amazonaws.com/2021/04/18/6v8np25o29hq/1af07b69-dbf9-499a-8102-484c15958d4b.flac?X-Amz-Algorithm=AWS4-HMAC-SHA256&X-Amz-Content-Sha256=UNSIGNED-PAYLOAD&X-Amz-Credential=AKIA45B7YWBX5HAZMGOU%2F20260223%2Feu-west-1%2Fs3%2Faws4_request&X-Amz-Date=20260223T001320Z&X-Amz-Expires=604800&X-Amz-Signature=1013a9958b379bc87e018f2e03eac07b6eeb273e17c25427a6103e2dc4db3c6b&X-Amz-SignedHeaders=host&response-content-disposition=attachment%3B%20filename%3D1af07b69-dbf9-499a-8102-484c15958d4b.flac&x-id=GetObject,0.221479192,24790
WWPam-2021-04-18_07-20.WAV,2021 Wind Wolves Preserve,2021,4,18,7,20,Agelaius tricolor,Common Song,9.701333046,11.0826664,281,7219,24000,present,https://rfcx-streams-production.s3.eu-west-1.amazonaws.com/2021/04/18/6v8np25o29hq/e9ae9383-2d0d-4461-b2f8-bc2f87ba3d69.flac?X-Amz-Algorithm=AWS4-HMAC-SHA256&X-Amz-Content-Sha256=UNSIGNED-PAYLOAD&X-Amz-Credential=AKIA45B7YWBX5HAZMGOU%2F20260223%2Feu-west-1%2Fs3%2Faws4_request&X-Amz-Date=20260223T001320Z&X-Amz-Expires=604800&X-Amz-Signature=e7a157750cc67b9aacfcfc645bb23419f72b3f285e26acf90dad8770046d3ada&X-Amz-SignedHeaders=host&response-content-disposition=attachment%3B%20filename%3De9ae9383-2d0d-4461-b2f8-bc2f87ba3d69.flac&x-id=GetObject,0.222971842,24790
WWPam-2021-04-18_07-40.WAV,2021 Wind Wolves Preserve,2021,4,18,7,40,Agelaius tricolor,Common Song,24.6079998,25.98933411,281,7219,24000,present,https://rfcx-streams-production.s3.eu-west-1.amazonaws.com/2021/04/18/6v8np25o29hq/b1d4a64f-a500-4db0-b786-5426f5942e96.flac?X-Amz-Algorithm=AWS4-HMAC-SHA256&X-Amz-Content-Sha256=UNSIGNED-PAYLOAD&X-Amz-Credential=AKIA45B7YWBX5HAZMGOU%2F20260223%2Feu-west-1%2Fs3%2Faws4_request&X-Amz-Date=20260223T001320Z&X-Amz-Expires=604800&X-Amz-Signature=7b54705d20c35c0dd328cf8a647afa95d814799ab885001fde7800d6835252c3&X-Amz-SignedHeaders=host&response-content-disposition=attachment%3B%20filename%3Db1d4a64f-a500-4db0-b786-5426f5942e96.flac&x-id=GetObject,0.230380133,24790
WWPam-2021-04-19_05-20.WAV,2021 Wind Wolves Preserve,2021,4,19,5,20,Agelaius tricolor,Common Song,15.70133305,17.0826664,281,7219,24000,present,https://rfcx-streams-production.s3.eu-west-1.amazonaws.com/2021/04/19/6v8np25o29hq/82b3a15f-bd78-488f-b2af-12f7a59850c6.flac?X-Amz-Algorithm=AWS4-HMAC-SHA256&X-Amz-Content-Sha256=UNSIGNED-PAYLOAD&X-Amz-Credential=AKIA45B7YWBX5HAZMGOU%2F20260223%2Feu-west-1%2Fs3%2Faws4_request&X-Amz-Date=20260223T001320Z&X-Amz-Expires=604800&X-Amz-Signature=dee168858a06e70ab452dd3b9e8cfc5304eeb92e19d76ac4c74edbe229c57414&X-Amz-SignedHeaders=host&response-content-disposition=attachment%3B%20filename%3D82b3a15f-bd78-488f-b2af-12f7a59850c6.flac&x-id=GetObject,0.22906892,24790
WWPam-2021-04-19_06-00.WAV,2021 Wind Wolves Preserve,2021,4,19,6,0,Agelaius tricolor,Common Song,35.10933304,36.49066544,281,7219,24000,present,https://rfcx-streams-production.s3.eu-west-1.amazonaws.com/2021/04/19/6v8np25o29hq/8860a205-8d2d-4c0d-bf26-0a54715ca097.flac?X-Amz-Algorithm=AWS4-HMAC-SHA256&X-Amz-Content-Sha256=UNSIGNED-PAYLOAD&X-Amz-Credential=AKIA45B7YWBX5HAZMGOU%2F20260223%2Feu-west-1%2Fs3%2Faws4_request&X-Amz-Date=20260223T001319Z&X-Amz-Expires=604800&X-Amz-Signature=d06680abbd7ff605ef5a8fe0c9a1322152829e1efd391436b32681f48cb76188&X-Amz-SignedHeaders=host&response-content-disposition=attachment%3B%20filename%3D8860a205-8d2d-4c0d-bf26-0a54715ca097.flac&x-id=GetObject,0.25387612,24790
WWPam-2021-04-19_07-00.WAV,2021 Wind Wolves Preserve,2021,4,19,7,0,Agelaius tricolor,Common Song,18.06399918,19.44533348,281,7219,24000,present,https://rfcx-streams-production.s3.eu-west-1.amazonaws.com/2021/04/19/6v8np25o29hq/f063a145-9c18-43e5-939c-31b1bcc43485.flac?X-Amz-Algorithm=AWS4-HMAC-SHA256&X-Amz-Content-Sha256=UNSIGNED-PAYLOAD&X-Amz-Credential=AKIA45B7YWBX5HAZMGOU%2F20260223%2Feu-west-1%2Fs3%2Faws4_request&X-Amz-Date=20260223T001320Z&X-Amz-Expires=604800&X-Amz-Signature=f06402d48b2c1d8a38bac2ada470c4e2fed5fc7bd05c6f31d86182a2dfd67dc3&X-Amz-SignedHeaders=host&response-content-disposition=attachment%3B%20filename%3Df063a145-9c18-43e5-939c-31b1bcc43485.flac&x-id=GetObject,0.29532972,24790
WWPam-2021-04-19_19-40.WAV,2021 Wind Wolves Preserve,2021,4,19,19,40,Agelaius tricolor,Common Song,18.73066711,20.11199951,281,7219,24000,present,https://rfcx-streams-production.s3.eu-west-1.amazonaws.com/2021/04/20/6v8np25o29hq/90198bf1-c2c6-4a63-a978-dd0f50f64764.flac?X-Amz-Algorithm=AWS4-HMAC-SHA256&X-Amz-Content-Sha256=UNSIGNED-PAYLOAD&X-Amz-Credential=AKIA45B7YWBX5HAZMGOU%2F20260223%2Feu-west-1%2Fs3%2Faws4_request&X-Amz-Date=20260223T001320Z&X-Amz-Expires=604800&X-Amz-Signature=d3acb527a0aca984540f2cb115317beb186d16e6afa3c35c9cd9bb0a675e844a&X-Amz-SignedHeaders=host&response-content-disposition=attachment%3B%20filename%3D90198bf1-c2c6-4a63-a978-dd0f50f64764.flac&x-id=GetObject,0.203150079,24790
WWPam-2021-04-19_20-00.WAV,2021 Wind Wolves Preserve,2021,4,19,20,0,Agelaius tricolor,Common Song,28.54933357,29.93066597,281,7219,24000,present,https://rfcx-streams-production.s3.eu-west-1.amazonaws.com/2021/04/20/6v8np25o29hq/f36fc871-6303-4b4e-ac21-15a4c376579e.flac?X-Amz-Algorithm=AWS4-HMAC-SHA256&X-Amz-Content-Sha256=UNSIGNED-PAYLOAD&X-Amz-Credential=AKIA45B7YWBX5HAZMGOU%2F20260223%2Feu-west-1%2Fs3%2Faws4_request&X-Amz-Date=20260223T001320Z&X-Amz-Expires=604800&X-Amz-Signature=9d17b4af958b09375ae11a2caa17e9e7a3b4fb69c9829a7dc5833f994b592046&X-Amz-SignedHeaders=host&response-content-disposition=attachment%3B%20filename%3Df36fc871-6303-4b4e-ac21-15a4c376579e.flac&x-id=GetObject,0.285787374,24790
WWPam-2021-04-20_05-00.WAV,2021 Wind Wolves Preserve,2021,4,20,5,0,Agelaius tricolor,Common Song,49.29066849,50.67200089,281,7219,24000,present,https://rfcx-streams-production.s3.eu-west-1.amazonaws.com/2021/04/20/6v8np25o29hq/4a468ef0-3f6a-4be3-89c2-ba800464336d.flac?X-Amz-Algorithm=AWS4-HMAC-SHA256&X-Amz-Content-Sha256=UNSIGNED-PAYLOAD&X-Amz-Credential=AKIA45B7YWBX5HAZMGOU%2F20260223%2Feu-west-1%2Fs3%2Faws4_request&X-Amz-Date=20260223T001320Z&X-Amz-Expires=604800&X-Amz-Signature=63228d60ea410ce3767968b2a6525e5bb6f67eaa4644f443c7a7d30677aad7c9&X-Amz-SignedHeaders=host&response-content-disposition=attachment%3B%20filename%3D4a468ef0-3f6a-4be3-89c2-ba800464336d.flac&x-id=GetObject,0.350349039,24790
WWPam-2021-04-20_05-40.WAV,2021 Wind Wolves Preserve,2021,4,20,5,40,Agelaius tricolor,Common Song,56.73066711,58.11199951,281,7219,24000,present,https://rfcx-streams-production.s3.eu-west-1.amazonaws.com/2021/04/20/6v8np25o29hq/2a9428f5-f3b7-46ba-9fcf-5efc9c2230d1.flac?X-Amz-Algorithm=AWS4-HMAC-SHA256&X-Amz-Content-Sha256=UNSIGNED-PAYLOAD&X-Amz-Credential=AKIA45B7YWBX5HAZMGOU%2F20260223%2Feu-west-1%2Fs3%2Faws4_request&X-Amz-Date=20260223T001320Z&X-Amz-Expires=604800&X-Amz-Signature=cd639a63b78e95452c91c86292237aaf5e436586cbb0c0d94050544709d2806f&X-Amz-SignedHeaders=host&response-content-disposition=attachment%3B%20filename%3D2a9428f5-f3b7-46ba-9fcf-5efc9c2230d1.flac&x-id=GetObject,0.376249343,24790
WWPam-2021-04-20_06-00.WAV,2021 Wind Wolves Preserve,2021,4,20,6,0,Agelaius tricolor,Common Song,0.34133333,1.722666621,281,7219,24000,present,https://rfcx-streams-production.s3.eu-west-1.amazonaws.com/2021/04/20/6v8np25o29hq/2138d517-19b8-455e-9829-be243046c5db.flac?X-Amz-Algorithm=AWS4-HMAC-SHA256&X-Amz-Content-Sha256=UNSIGNED-PAYLOAD&X-Amz-Credential=AKIA45B7YWBX5HAZMGOU%2F20260223%2Feu-west-1%2Fs3%2Faws4_request&X-Amz-Date=20260223T001320Z&X-Amz-Expires=604800&X-Amz-Signature=db1a1cd1779d563bfc585dbae51fe085a930a3bc5d49ae9058efe3ca28d084ad&X-Amz-SignedHeaders=host&response-content-disposition=attachment%3B%20filename%3D2138d517-19b8-455e-9829-be243046c5db.flac&x-id=GetObject,0.220200852,24790
WWPam-2021-04-20_09-00.WAV,2021 Wind Wolves Preserve,2021,4,20,9,0,Agelaius tricolor,Common Song,52.23466492,53.61600113,281,7219,24000,present,https://rfcx-streams-production.s3.eu-west-1.amazonaws.com/2021/04/20/6v8np25o29hq/e38cb282-9638-4517-9907-3a7c8b27c922.flac?X-Amz-Algorithm=AWS4-HMAC-SHA256&X-Amz-Content-Sha256=UNSIGNED-PAYLOAD&X-Amz-Credential=AKIA45B7YWBX5HAZMGOU%2F20260223%2Feu-west-1%2Fs3%2Faws4_request&X-Amz-Date=20260223T001320Z&X-Amz-Expires=604800&X-Amz-Signature=0f2552daee1e5bd0f2dc1f7f6c0a7a34feff9e4c3a2129fe3f7031932d0a857f&X-Amz-SignedHeaders=host&response-content-disposition=attachment%3B%20filename%3De38cb282-9638-4517-9907-3a7c8b27c922.flac&x-id=GetObject,0.233752638,24790
WWPam-2021-04-20_17-00.WAV,2021 Wind Wolves Preserve,2021,4,20,17,0,Agelaius tricolor,Common Song,55.81866837,57.20000076,281,7219,24000,present,https://rfcx-streams-production.s3.eu-west-1.amazonaws.com/2021/04/21/6v8np25o29hq/1991b5c0-e94e-489f-8c53-2ab1cbd3dedb.flac?X-Amz-Algorithm=AWS4-HMAC-SHA256&X-Amz-Content-Sha256=UNSIGNED-PAYLOAD&X-Amz-Credential=AKIA45B7YWBX5HAZMGOU%2F20260223%2Feu-west-1%2Fs3%2Faws4_request&X-Amz-Date=20260223T001319Z&X-Amz-Expires=604800&X-Amz-Signature=5f666c9b2183ce19f93291d09856ae99acbcf7749ea8b7afec2ef5ddaf54bf89&X-Amz-SignedHeaders=host&response-content-disposition=attachment%3B%20filename%3D1991b5c0-e94e-489f-8c53-2ab1cbd3dedb.flac&x-id=GetObject,0.232893497,24790
WWPam-2021-04-20_17-20.WAV,2021 Wind Wolves Preserve,2021,4,20,17,20,Agelaius tricolor,Common Song,52.65066528,54.0320015,281,7219,24000,present,https://rfcx-streams-production.s3.eu-west-1.amazonaws.com/2021/04/21/6v8np25o29hq/8138f4ce-6088-4da6-b2d1-c65fafd6150e.flac?X-Amz-Algorithm=AWS4-HMAC-SHA256&X-Amz-Content-Sha256=UNSIGNED-PAYLOAD&X-Amz-Credential=AKIA45B7YWBX5HAZMGOU%2F20260223%2Feu-west-1%2Fs3%2Faws4_request&X-Amz-Date=20260223T001320Z&X-Amz-Expires=604800&X-Amz-Signature=8b0bb46e0834107699f9bb52d9a65c5d89b4283a7939ba63d4500d2b13a071ab&X-Amz-SignedHeaders=host&response-content-disposition=attachment%3B%20filename%3D8138f4ce-6088-4da6-b2d1-c65fafd6150e.flac&x-id=GetObject,0.230679527,24790
WWPam-2021-04-20_19-00.WAV,2021 Wind Wolves Preserve,2021,4,20,19,0,Agelaius tricolor,Common Song,50.72533417,52.10666656,281,7219,24000,present,https://rfcx-streams-production.s3.eu-west-1.amazonaws.com/2021/04/21/6v8np25o29hq/22a1eea2-cff9-414c-97b1-8d48ed1b331f.flac?X-Amz-Algorithm=AWS4-HMAC-SHA256&X-Amz-Content-Sha256=UNSIGNED-PAYLOAD&X-Amz-Credential=AKIA45B7YWBX5HAZMGOU%2F20260223%2Feu-west-1%2Fs3%2Faws4_request&X-Amz-Date=20260223T001320Z&X-Amz-Expires=604800&X-Amz-Signature=68f352240f98d097d5103e25cec0fc3b08d126ca2b079c068dce50a4d52a7d1f&X-Amz-SignedHeaders=host&response-content-disposition=attachment%3B%20filename%3D22a1eea2-cff9-414c-97b1-8d48ed1b331f.flac&x-id=GetObject,0.232717603,24790
WWPam-2021-04-20_19-20.WAV,2021 Wind Wolves Preserve,2021,4,20,19,20,Agelaius tricolor,Common Song,42.25066757,43.63199997,281,7219,24000,present,https://rfcx-streams-production.s3.eu-west-1.amazonaws.com/2021/04/21/6v8np25o29hq/ff20656a-1307-418f-abf9-142a3d46639c.flac?X-Amz-Algorithm=AWS4-HMAC-SHA256&X-Amz-Content-Sha256=UNSIGNED-PAYLOAD&X-Amz-Credential=AKIA45B7YWBX5HAZMGOU%2F20260223%2Feu-west-1%2Fs3%2Faws4_request&X-Amz-Date=20260223T001320Z&X-Amz-Expires=604800&X-Amz-Signature=dbc8671551d4a280a6d593bdd9f0b1c6502dc3a2bda5835dd52ae54e1f3ab197&X-Amz-SignedHeaders=host&response-content-disposition=attachment%3B%20filename%3Dff20656a-1307-418f-abf9-142a3d46639c.flac&x-id=GetObject,0.235935882,24790
WWPam-2021-04-20_23-00.WAV,2021 Wind Wolves Preserve,2021,4,20,23,0,Agelaius tricolor,Common Song,25.27466583,26.65600014,281,7219,24000,present,https://rfcx-streams-production.s3.eu-west-1.amazonaws.com/2021/04/21/6v8np25o29hq/39a38d7a-3dee-4ca9-8aee-6fccbd625764.flac?X-Amz-Algorithm=AWS4-HMAC-SHA256&X-Amz-Content-Sha256=UNSIGNED-PAYLOAD&X-Amz-Credential=AKIA45B7YWBX5HAZMGOU%2F20260223%2Feu-west-1%2Fs3%2Faws4_request&X-Amz-Date=20260223T001320Z&X-Amz-Expires=604800&X-Amz-Signature=99855a397af366b34a09fe72d32160b87d3c4a02cfaa13bb3c9c0e406655f570&X-Amz-SignedHeaders=host&response-content-disposition=attachment%3B%20filename%3D39a38d7a-3dee-4ca9-8aee-6fccbd625764.flac&x-id=GetObject,0.225719288,24790
WWPam-2021-04-21_06-00.WAV,2021 Wind Wolves Preserve,2021,4,21,6,0,Agelaius tricolor,Common Song,56.68799973,58.06933212,281,7219,24000,present,https://rfcx-streams-production.s3.eu-west-1.amazonaws.com/2021/04/21/6v8np25o29hq/d1149a67-3994-4dc4-aa42-e62dc7bd3e06.flac?X-Amz-Algorithm=AWS4-HMAC-SHA256&X-Amz-Content-Sha256=UNSIGNED-PAYLOAD&X-Amz-Credential=AKIA45B7YWBX5HAZMGOU%2F20260223%2Feu-west-1%2Fs3%2Faws4_request&X-Amz-Date=20260223T001320Z&X-Amz-Expires=604800&X-Amz-Signature=97a6742065c007f683fc3f5ca3518a4e51d1bcee8e041e8fa5cf6c834b260aae&X-Amz-SignedHeaders=host&response-content-disposition=attachment%3B%20filename%3Dd1149a67-3994-4dc4-aa42-e62dc7bd3e06.flac&x-id=GetObject,0.204348579,24790
WWPam-2021-04-21_06-40.WAV,2021 Wind Wolves Preserve,2021,4,21,6,40,Agelaius tricolor,Common Song,35.69599915,37.07733154,281,7219,24000,present,https://rfcx-streams-production.s3.eu-west-1.amazonaws.com/2021/04/21/6v8np25o29hq/eb64d3ef-da95-4bb2-ba6e-de9f1eb1fdca.flac?X-Amz-Algorithm=AWS4-HMAC-SHA256&X-Amz-Content-Sha256=UNSIGNED-PAYLOAD&X-Amz-Credential=AKIA45B7YWBX5HAZMGOU%2F20260223%2Feu-west-1%2Fs3%2Faws4_request&X-Amz-Date=20260223T001320Z&X-Amz-Expires=604800&X-Amz-Signature=a72b553c59a90834cd2505969241deb69ef3de9e366913b185ac9f35d6fd64a7&X-Amz-SignedHeaders=host&response-content-disposition=attachment%3B%20filename%3Deb64d3ef-da95-4bb2-ba6e-de9f1eb1fdca.flac&x-id=GetObject,0.254556417,24790
WWPam-2021-04-21_07-40.WAV,2021 Wind Wolves Preserve,2021,4,21,7,40,Agelaius tricolor,Common Song,16.85333252,18.23466682,281,7219,24000,present,https://rfcx-streams-production.s3.eu-west-1.amazonaws.com/2021/04/21/6v8np25o29hq/db3c3ad6-4c51-4c01-b533-c913e29a0117.flac?X-Amz-Algorithm=AWS4-HMAC-SHA256&X-Amz-Content-Sha256=UNSIGNED-PAYLOAD&X-Amz-Credential=AKIA45B7YWBX5HAZMGOU%2F20260223%2Feu-west-1%2Fs3%2Faws4_request&X-Amz-Date=20260223T001320Z&X-Amz-Expires=604800&X-Amz-Signature=3a5e39273a1a7c1f4bf8bc8a2171c8b7479a098d00e343d053738f81f3c6d37a&X-Amz-SignedHeaders=host&response-content-disposition=attachment%3B%20filename%3Ddb3c3ad6-4c51-4c01-b533-c913e29a0117.flac&x-id=GetObject,0.29607603,24790
WWPam-2021-04-21_08-20.WAV,2021 Wind Wolves Preserve,2021,4,21,8,20,Agelaius tricolor,Common Song,8.618666649,10,281,7219,24000,present,https://rfcx-streams-production.s3.eu-west-1.amazonaws.com/2021/04/21/6v8np25o29hq/d05644bc-c92c-4819-9a0a-18dd23dcfdc5.flac?X-Amz-Algorithm=AWS4-HMAC-SHA256&X-Amz-Content-Sha256=UNSIGNED-PAYLOAD&X-Amz-Credential=AKIA45B7YWBX5HAZMGOU%2F20260223%2Feu-west-1%2Fs3%2Faws4_request&X-Amz-Date=20260223T001320Z&X-Amz-Expires=604800&X-Amz-Signature=2482305e1c6c3c23e8c10c603511144a0e40e6914da3f7731a53495507ee5d6d&X-Amz-SignedHeaders=host&response-content-disposition=attachment%3B%20filename%3Dd05644bc-c92c-4819-9a0a-18dd23dcfdc5.flac&x-id=GetObject,0.202556401,24790
WWPam-2021-04-21_08-40.WAV,2021 Wind Wolves Preserve,2021,4,21,8,40,Agelaius tricolor,Common Song,49.80799866,51.18933487,281,7219,24000,present,https://rfcx-streams-production.s3.eu-west-1.amazonaws.com/2021/04/21/6v8np25o29hq/0db08f0a-87ea-4a0b-970c-b110593c4a63.flac?X-Amz-Algorithm=AWS4-HMAC-SHA256&X-Amz-Content-Sha256=UNSIGNED-PAYLOAD&X-Amz-Credential=AKIA45B7YWBX5HAZMGOU%2F20260223%2Feu-west-1%2Fs3%2Faws4_request&X-Amz-Date=20260223T001320Z&X-Amz-Expires=604800&X-Amz-Signature=c89e41ebcd260931eb818723769dc3860d51661dcea9ccedc174c0748265251f&X-Amz-SignedHeaders=host&response-content-disposition=attachment%3B%20filename%3D0db08f0a-87ea-4a0b-970c-b110593c4a63.flac&x-id=GetObject,0.211757973,24790
WWPam-2021-04-21_09-00.WAV,2021 Wind Wolves Preserve,2021,4,21,9,0,Agelaius tricolor,Common Song,58.40000153,59.78133392,281,7219,24000,present,https://rfcx-streams-production.s3.eu-west-1.amazonaws.com/2021/04/21/6v8np25o29hq/bf59bbc7-195c-4f61-86a7-7ac89d7b0964.flac?X-Amz-Algorithm=AWS4-HMAC-SHA256&X-Amz-Content-Sha256=UNSIGNED-PAYLOAD&X-Amz-Credential=AKIA45B7YWBX5HAZMGOU%2F20260223%2Feu-west-1%2Fs3%2Faws4_request&X-Amz-Date=20260223T001320Z&X-Amz-Expires=604800&X-Amz-Signature=8535ff64e6e5364bc09d2e8e28e579eb1d3f47a7970915a151d6eb571d8d4711&X-Amz-SignedHeaders=host&response-content-disposition=attachment%3B%20filename%3Dbf59bbc7-195c-4f61-86a7-7ac89d7b0964.flac&x-id=GetObject,0.216724202,24790
WWPam-2021-04-21_10-20.WAV,2021 Wind Wolves Preserve,2021,4,21,10,20,Agelaius tricolor,Common Song,38.1546669,39.5359993,281,7219,24000,present,https://rfcx-streams-production.s3.eu-west-1.amazonaws.com/2021/04/21/6v8np25o29hq/32a46f63-a690-418c-add0-9b4316f7f6ce.flac?X-Amz-Algorithm=AWS4-HMAC-SHA256&X-Amz-Content-Sha256=UNSIGNED-PAYLOAD&X-Amz-Credential=AKIA45B7YWBX5HAZMGOU%2F20260223%2Feu-west-1%2Fs3%2Faws4_request&X-Amz-Date=20260223T001320Z&X-Amz-Expires=604800&X-Amz-Signature=935fa2f984a4624889387176a0967294627c9c0c66e7c52b5d3aab76680f6f3d&X-Amz-SignedHeaders=host&response-content-disposition=attachment%3B%20filename%3D32a46f63-a690-418c-add0-9b4316f7f6ce.flac&x-id=GetObject,0.201141432,24790
WWPam-2021-04-21_16-00.WAV,2021 Wind Wolves Preserve,2021,4,21,16,0,Agelaius tricolor,Common Song,9.456000328,10.83733368,281,7219,24000,present,https://rfcx-streams-production.s3.eu-west-1.amazonaws.com/2021/04/21/6v8np25o29hq/52817018-2b35-4d82-82b3-20ca2ceb37dd.flac?X-Amz-Algorithm=AWS4-HMAC-SHA256&X-Amz-Content-Sha256=UNSIGNED-PAYLOAD&X-Amz-Credential=AKIA45B7YWBX5HAZMGOU%2F20260223%2Feu-west-1%2Fs3%2Faws4_request&X-Amz-Date=20260223T001320Z&X-Amz-Expires=604800&X-Amz-Signature=b68d511d2535b3701bd1dd3a4916b9a703af2859b2c9c1609d33be508d5d151d&X-Amz-SignedHeaders=host&response-content-disposition=attachment%3B%20filename%3D52817018-2b35-4d82-82b3-20ca2ceb37dd.flac&x-id=GetObject,0.249167696,24790
WWPam-2021-04-21_17-20.WAV,2021 Wind Wolves Preserve,2021,4,21,17,20,Agelaius tricolor,Common Song,21.84000015,23.22133255,281,7219,24000,present,https://rfcx-streams-production.s3.eu-west-1.amazonaws.com/2021/04/22/6v8np25o29hq/978e9e18-5cfb-4d3a-b6bf-997b9e2c7c0a.flac?X-Amz-Algorithm=AWS4-HMAC-SHA256&X-Amz-Content-Sha256=UNSIGNED-PAYLOAD&X-Amz-Credential=AKIA45B7YWBX5HAZMGOU%2F20260223%2Feu-west-1%2Fs3%2Faws4_request&X-Amz-Date=20260223T001320Z&X-Amz-Expires=604800&X-Amz-Signature=d3a62c96f02e7e555b489db32ea8347295366964a9a80a71268821e33f27ce55&X-Amz-SignedHeaders=host&response-content-disposition=attachment%3B%20filename%3D978e9e18-5cfb-4d3a-b6bf-997b9e2c7c0a.flac&x-id=GetObject,0.200522989,24790
WWPam-2021-04-21_20-00.WAV,2021 Wind Wolves Preserve,2021,4,21,20,0,Agelaius tricolor,Common Song,9.423999786,10.80533314,281,7219,24000,present,https://rfcx-streams-production.s3.eu-west-1.amazonaws.com/2021/04/22/6v8np25o29hq/9000216d-4f7f-4613-bbf7-bde01ef0bebb.flac?X-Amz-Algorithm=AWS4-HMAC-SHA256&X-Amz-Content-Sha256=UNSIGNED-PAYLOAD&X-Amz-Credential=AKIA45B7YWBX5HAZMGOU%2F20260223%2Feu-west-1%2Fs3%2Faws4_request&X-Amz-Date=20260223T001319Z&X-Amz-Expires=604800&X-Amz-Signature=2e7debf35e19f73381676d3667e41a689152d07c25ccdd185789818bb5f042ff&X-Amz-SignedHeaders=host&response-content-disposition=attachment%3B%20filename%3D9000216d-4f7f-4613-bbf7-bde01ef0bebb.flac&x-id=GetObject,0.224074692,24790
WWPam-2021-04-21_22-20.WAV,2021 Wind Wolves Preserve,2021,4,21,22,20,Agelaius tricolor,Common Song,48.74133301,50.12266541,281,7219,24000,present,https://rfcx-streams-production.s3.eu-west-1.amazonaws.com/2021/04/22/6v8np25o29hq/5eb0f10d-a01b-4f51-8659-b7bc047a19dc.flac?X-Amz-Algorithm=AWS4-HMAC-SHA256&X-Amz-Content-Sha256=UNSIGNED-PAYLOAD&X-Amz-Credential=AKIA45B7YWBX5HAZMGOU%2F20260223%2Feu-west-1%2Fs3%2Faws4_request&X-Amz-Date=20260223T001320Z&X-Amz-Expires=604800&X-Amz-Signature=60a6113c9c6ffe9aad8bcd6719988635eddd0aba749b679c4fa2d6a931f33259&X-Amz-SignedHeaders=host&response-content-disposition=attachment%3B%20filename%3D5eb0f10d-a01b-4f51-8659-b7bc047a19dc.flac&x-id=GetObject,0.30665499,24790
WWPam-2021-04-21_22-40.WAV,2021 Wind Wolves Preserve,2021,4,21,22,40,Agelaius tricolor,Common Song,58.25600052,59.63733292,281,7219,24000,present,https://rfcx-streams-production.s3.eu-west-1.amazonaws.com/2021/04/22/6v8np25o29hq/fabd1628-270c-49f2-b7c1-310ab07697ea.flac?X-Amz-Algorithm=AWS4-HMAC-SHA256&X-Amz-Content-Sha256=UNSIGNED-PAYLOAD&X-Amz-Credential=AKIA45B7YWBX5HAZMGOU%2F20260223%2Feu-west-1%2Fs3%2Faws4_request&X-Amz-Date=20260223T001319Z&X-Amz-Expires=604800&X-Amz-Signature=6a4e5fca633bab8a5d81b83b1a2416a91b6d5ded13d3b513bec8ed60e0516a0b&X-Amz-SignedHeaders=host&response-content-disposition=attachment%3B%20filename%3Dfabd1628-270c-49f2-b7c1-310ab07697ea.flac&x-id=GetObject,0.24287042,24790
WWPam-2021-04-22_01-20.WAV,2021 Wind Wolves Preserve,2021,4,22,1,20,Agelaius tricolor,Common Song,2.938666582,4.320000172,281,7219,24000,present,https://rfcx-streams-production.s3.eu-west-1.amazonaws.com/2021/04/22/6v8np25o29hq/b6720701-1911-4231-9a5e-6d3726f0dcaf.flac?X-Amz-Algorithm=AWS4-HMAC-SHA256&X-Amz-Content-Sha256=UNSIGNED-PAYLOAD&X-Amz-Credential=AKIA45B7YWBX5HAZMGOU%2F20260223%2Feu-west-1%2Fs3%2Faws4_request&X-Amz-Date=20260223T001320Z&X-Amz-Expires=604800&X-Amz-Signature=a2b84ac6a266635a8f207376636a44c84dae5d9e7646b59f8aaf0b3f63293c50&X-Amz-SignedHeaders=host&response-content-disposition=attachment%3B%20filename%3Db6720701-1911-4231-9a5e-6d3726f0dcaf.flac&x-id=GetObject,0.2121692,24790
WWPam-2021-04-22_06-00.WAV,2021 Wind Wolves Preserve,2021,4,22,6,0,Agelaius tricolor,Common Song,7.797333241,9.178667068,281,7219,24000,present,https://rfcx-streams-production.s3.eu-west-1.amazonaws.com/2021/04/22/6v8np25o29hq/2c041138-5bc0-44f8-a3cb-f476639cd910.flac?X-Amz-Algorithm=AWS4-HMAC-SHA256&X-Amz-Content-Sha256=UNSIGNED-PAYLOAD&X-Amz-Credential=AKIA45B7YWBX5HAZMGOU%2F20260223%2Feu-west-1%2Fs3%2Faws4_request&X-Amz-Date=20260223T001319Z&X-Amz-Expires=604800&X-Amz-Signature=594cc5a6419284385e86621e6253e49db0dfc1ff7d98433a60f54764a3e2bdfa&X-Amz-SignedHeaders=host&response-content-disposition=attachment%3B%20filename%3D2c041138-5bc0-44f8-a3cb-f476639cd910.flac&x-id=GetObject,0.222333834,24790
WWPam-2021-04-22_06-40.WAV,2021 Wind Wolves Preserve,2021,4,22,6,40,Agelaius tricolor,Common Song,38.45866776,39.84000015,281,7219,24000,present,https://rfcx-streams-production.s3.eu-west-1.amazonaws.com/2021/04/22/6v8np25o29hq/a0ea5ddd-9f62-4eb6-ad67-7216feab020f.flac?X-Amz-Algorithm=AWS4-HMAC-SHA256&X-Amz-Content-Sha256=UNSIGNED-PAYLOAD&X-Amz-Credential=AKIA45B7YWBX5HAZMGOU%2F20260223%2Feu-west-1%2Fs3%2Faws4_request&X-Amz-Date=20260223T001320Z&X-Amz-Expires=604800&X-Amz-Signature=fcd5edefc1f2f72e16dc26747305204cd6795f5ca0120742eafea261c7ff212d&X-Amz-SignedHeaders=host&response-content-disposition=attachment%3B%20filename%3Da0ea5ddd-9f62-4eb6-ad67-7216feab020f.flac&x-id=GetObject,0.245501056,24790
WWPam-2021-04-22_09-20.WAV,2021 Wind Wolves Preserve,2021,4,22,9,20,Agelaius tricolor,Common Song,2.405333281,3.786666632,281,7219,24000,present,https://rfcx-streams-production.s3.eu-west-1.amazonaws.com/2021/04/22/6v8np25o29hq/deb04cc2-10a0-4a09-a79a-1a08993e8178.flac?X-Amz-Algorithm=AWS4-HMAC-SHA256&X-Amz-Content-Sha256=UNSIGNED-PAYLOAD&X-Amz-Credential=AKIA45B7YWBX5HAZMGOU%2F20260223%2Feu-west-1%2Fs3%2Faws4_request&X-Amz-Date=20260223T001320Z&X-Amz-Expires=604800&X-Amz-Signature=795074af1edac6eda83b797d9b7e486887843e2a9c44c1f37ec66672e0e68b73&X-Amz-SignedHeaders=host&response-content-disposition=attachment%3B%20filename%3Ddeb04cc2-10a0-4a09-a79a-1a08993e8178.flac&x-id=GetObject,0.255957007,24790
WWPam-2021-04-22_10-00.WAV,2021 Wind Wolves Preserve,2021,4,22,10,0,Agelaius tricolor,Common Song,54.95999908,56.34133148,281,7219,24000,present,https://rfcx-streams-production.s3.eu-west-1.amazonaws.com/2021/04/22/6v8np25o29hq/f8d8e5fc-7786-46f6-ace5-73c1d32a0762.flac?X-Amz-Algorithm=AWS4-HMAC-SHA256&X-Amz-Content-Sha256=UNSIGNED-PAYLOAD&X-Amz-Credential=AKIA45B7YWBX5HAZMGOU%2F20260223%2Feu-west-1%2Fs3%2Faws4_request&X-Amz-Date=20260223T001320Z&X-Amz-Expires=604800&X-Amz-Signature=93e4ed8e207f5eeea354c6d522de8e80abba77078dce3632ba48029baa533c80&X-Amz-SignedHeaders=host&response-content-disposition=attachment%3B%20filename%3Df8d8e5fc-7786-46f6-ace5-73c1d32a0762.flac&x-id=GetObject,0.284703195,24790
WWPam-2021-04-22_10-40.WAV,2021 Wind Wolves Preserve,2021,4,22,10,40,Agelaius tricolor,Common Song,53.32266617,54.70399857,281,7219,24000,present,https://rfcx-streams-production.s3.eu-west-1.amazonaws.com/2021/04/22/6v8np25o29hq/4cf2954a-9aee-40b3-b4eb-597eb30e11e5.flac?X-Amz-Algorithm=AWS4-HMAC-SHA256&X-Amz-Content-Sha256=UNSIGNED-PAYLOAD&X-Amz-Credential=AKIA45B7YWBX5HAZMGOU%2F20260223%2Feu-west-1%2Fs3%2Faws4_request&X-Amz-Date=20260223T001320Z&X-Amz-Expires=604800&X-Amz-Signature=7af69d013d2c3930c791bbde5f59ac87a7e90bf466865817be68de0b75be8630&X-Amz-SignedHeaders=host&response-content-disposition=attachment%3B%20filename%3D4cf2954a-9aee-40b3-b4eb-597eb30e11e5.flac&x-id=GetObject,0.20670718,24790
WWPam-2021-04-22_12-40.WAV,2021 Wind Wolves Preserve,2021,4,22,12,40,Agelaius tricolor,Common Song,24.09600067,25.47733307,281,7219,24000,present,https://rfcx-streams-production.s3.eu-west-1.amazonaws.com/2021/04/22/6v8np25o29hq/4c340af6-5af7-493c-a5cc-a4146c4755e1.flac?X-Amz-Algorithm=AWS4-HMAC-SHA256&X-Amz-Content-Sha256=UNSIGNED-PAYLOAD&X-Amz-Credential=AKIA45B7YWBX5HAZMGOU%2F20260223%2Feu-west-1%2Fs3%2Faws4_request&X-Amz-Date=20260223T001320Z&X-Amz-Expires=604800&X-Amz-Signature=30bfab6dc6a787b41fd080bef4da15949ef5faf17cb870f101bf763bbcbdff99&X-Amz-SignedHeaders=host&response-content-disposition=attachment%3B%20filename%3D4c340af6-5af7-493c-a5cc-a4146c4755e1.flac&x-id=GetObject,0.239026979,24790
WWPam-2021-04-22_13-00.WAV,2021 Wind Wolves Preserve,2021,4,22,13,0,Agelaius tricolor,Common Song,24.4640007,25.8453331,281,7219,24000,present,https://rfcx-streams-production.s3.eu-west-1.amazonaws.com/2021/04/22/6v8np25o29hq/de134552-d01e-4f80-99f3-6c56e7b85d63.flac?X-Amz-Algorithm=AWS4-HMAC-SHA256&X-Amz-Content-Sha256=UNSIGNED-PAYLOAD&X-Amz-Credential=AKIA45B7YWBX5HAZMGOU%2F20260223%2Feu-west-1%2Fs3%2Faws4_request&X-Amz-Date=20260223T001320Z&X-Amz-Expires=604800&X-Amz-Signature=b46d1f76c15c44d3daae4b6544ab79f5fc0648e0996afe9c79e65e4e23bcbebd&X-Amz-SignedHeaders=host&response-content-disposition=attachment%3B%20filename%3Dde134552-d01e-4f80-99f3-6c56e7b85d63.flac&x-id=GetObject,0.251605511,24790
WWPam-2021-04-22_13-20.WAV,2021 Wind Wolves Preserve,2021,4,22,13,20,Agelaius tricolor,Common Song,32.63999939,34.02133179,281,7219,24000,present,https://rfcx-streams-production.s3.eu-west-1.amazonaws.com/2021/04/22/6v8np25o29hq/95f4ad27-0d7a-4647-b8f1-1c744118f295.flac?X-Amz-Algorithm=AWS4-HMAC-SHA256&X-Amz-Content-Sha256=UNSIGNED-PAYLOAD&X-Amz-Credential=AKIA45B7YWBX5HAZMGOU%2F20260223%2Feu-west-1%2Fs3%2Faws4_request&X-Amz-Date=20260223T001320Z&X-Amz-Expires=604800&X-Amz-Signature=5923f758bc7f1950b9dac7282029ed160c16cf2bc93d62aea10d77c8d537a11a&X-Amz-SignedHeaders=host&response-content-disposition=attachment%3B%20filename%3D95f4ad27-0d7a-4647-b8f1-1c744118f295.flac&x-id=GetObject,0.318995804,24790
WWPam-2021-04-22_14-00.WAV,2021 Wind Wolves Preserve,2021,4,22,14,0,Agelaius tricolor,Common Song,30.59199905,31.97333336,281,7219,24000,present,https://rfcx-streams-production.s3.eu-west-1.amazonaws.com/2021/04/22/6v8np25o29hq/09744d77-a7e4-48fd-8135-1838c736a8af.flac?X-Amz-Algorithm=AWS4-HMAC-SHA256&X-Amz-Content-Sha256=UNSIGNED-PAYLOAD&X-Amz-Credential=AKIA45B7YWBX5HAZMGOU%2F20260223%2Feu-west-1%2Fs3%2Faws4_request&X-Amz-Date=20260223T001320Z&X-Amz-Expires=604800&X-Amz-Signature=f49d25fcb0f9b3cea45bcd7e9f2c484c3ef939be9be829b6d1fec617fbdcaa01&X-Amz-SignedHeaders=host&response-content-disposition=attachment%3B%20filename%3D09744d77-a7e4-48fd-8135-1838c736a8af.flac&x-id=GetObject,0.245247111,24790
WWPam-2021-04-22_16-40.WAV,2021 Wind Wolves Preserve,2021,4,22,16,40,Agelaius tricolor,Common Song,36.91199875,38.29333496,281,7219,24000,present,https://rfcx-streams-production.s3.eu-west-1.amazonaws.com/2021/04/22/6v8np25o29hq/e5d1da6b-16b8-473b-b8bf-e42bdc0136d1.flac?X-Amz-Algorithm=AWS4-HMAC-SHA256&X-Amz-Content-Sha256=UNSIGNED-PAYLOAD&X-Amz-Credential=AKIA45B7YWBX5HAZMGOU%2F20260223%2Feu-west-1%2Fs3%2Faws4_request&X-Amz-Date=20260223T001320Z&X-Amz-Expires=604800&X-Amz-Signature=b9e22023075d4a21a9df8e1c7cbd3cd578be4e53081d054a5e588e61abe31498&X-Amz-SignedHeaders=host&response-content-disposition=attachment%3B%20filename%3De5d1da6b-16b8-473b-b8bf-e42bdc0136d1.flac&x-id=GetObject,0.200386494,24790
WWPam-2021-04-22_22-40.WAV,2021 Wind Wolves Preserve,2021,4,22,22,40,Agelaius tricolor,Common Song,44.22399902,45.60533524,281,7219,24000,present,https://rfcx-streams-production.s3.eu-west-1.amazonaws.com/2021/04/23/6v8np25o29hq/fbd7346c-1785-4170-9b1d-198aa0b68feb.flac?X-Amz-Algorithm=AWS4-HMAC-SHA256&X-Amz-Content-Sha256=UNSIGNED-PAYLOAD&X-Amz-Credential=AKIA45B7YWBX5HAZMGOU%2F20260223%2Feu-west-1%2Fs3%2Faws4_request&X-Amz-Date=20260223T001320Z&X-Amz-Expires=604800&X-Amz-Signature=f10d1cf7c05ffa359ed783e727d16d8971bfef1a4f0c43963e4a2911fe7ba0b8&X-Amz-SignedHeaders=host&response-content-disposition=attachment%3B%20filename%3Dfbd7346c-1785-4170-9b1d-198aa0b68feb.flac&x-id=GetObject,0.224656597,24790
WWPam-2021-04-23_05-40.WAV,2021 Wind Wolves Preserve,2021,4,23,5,40,Agelaius tricolor,Common Song,12.13866711,13.52000046,281,7219,24000,present,https://rfcx-streams-production.s3.eu-west-1.amazonaws.com/2021/04/23/6v8np25o29hq/3364d91c-d792-479e-9864-1bccbf1902fa.flac?X-Amz-Algorithm=AWS4-HMAC-SHA256&X-Amz-Content-Sha256=UNSIGNED-PAYLOAD&X-Amz-Credential=AKIA45B7YWBX5HAZMGOU%2F20260223%2Feu-west-1%2Fs3%2Faws4_request&X-Amz-Date=20260223T001319Z&X-Amz-Expires=604800&X-Amz-Signature=d3d7fe343df0694d2fcad3db5e61a7534e61b9de618e16f4573beb1462191723&X-Amz-SignedHeaders=host&response-content-disposition=attachment%3B%20filename%3D3364d91c-d792-479e-9864-1bccbf1902fa.flac&x-id=GetObject,0.283943981,24790
WWPam-2021-04-23_11-20.WAV,2021 Wind Wolves Preserve,2021,4,23,11,20,Agelaius tricolor,Common Song,35.83466721,37.2159996,281,7219,24000,present,https://rfcx-streams-production.s3.eu-west-1.amazonaws.com/2021/04/23/6v8np25o29hq/8903b51d-c734-41d7-9dab-aa0c8aa3e276.flac?X-Amz-Algorithm=AWS4-HMAC-SHA256&X-Amz-Content-Sha256=UNSIGNED-PAYLOAD&X-Amz-Credential=AKIA45B7YWBX5HAZMGOU%2F20260223%2Feu-west-1%2Fs3%2Faws4_request&X-Amz-Date=20260223T001320Z&X-Amz-Expires=604800&X-Amz-Signature=fb5de6255c141b5364b4697c6c94700570755f7b0aceb43fac86a9a44fa76081&X-Amz-SignedHeaders=host&response-content-disposition=attachment%3B%20filename%3D8903b51d-c734-41d7-9dab-aa0c8aa3e276.flac&x-id=GetObject,0.208151758,24790
WWPam-2021-04-23_16-20.WAV,2021 Wind Wolves Preserve,2021,4,23,16,20,Agelaius tricolor,Common Song,52.67200089,54.05333328,281,7219,24000,present,https://rfcx-streams-production.s3.eu-west-1.amazonaws.com/2021/04/23/6v8np25o29hq/3795b13b-d6e4-4c55-b795-9d7a30c06991.flac?X-Amz-Algorithm=AWS4-HMAC-SHA256&X-Amz-Content-Sha256=UNSIGNED-PAYLOAD&X-Amz-Credential=AKIA45B7YWBX5HAZMGOU%2F20260223%2Feu-west-1%2Fs3%2Faws4_request&X-Amz-Date=20260223T001320Z&X-Amz-Expires=604800&X-Amz-Signature=4d4cf0992e9d32dbbec5b8684aa7dd92b5ba65ba3666adc1cb74e2cddb00bdd3&X-Amz-SignedHeaders=host&response-content-disposition=attachment%3B%20filename%3D3795b13b-d6e4-4c55-b795-9d7a30c06991.flac&x-id=GetObject,0.239636719,24790
WWPam-2021-04-23_23-20.WAV,2021 Wind Wolves Preserve,2021,4,23,23,20,Agelaius tricolor,Common Song,41.69599915,43.07733154,281,7219,24000,present,https://rfcx-streams-production.s3.eu-west-1.amazonaws.com/2021/04/24/6v8np25o29hq/f994d6e8-a851-4c25-bc89-de035662f9fb.flac?X-Amz-Algorithm=AWS4-HMAC-SHA256&X-Amz-Content-Sha256=UNSIGNED-PAYLOAD&X-Amz-Credential=AKIA45B7YWBX5HAZMGOU%2F20260223%2Feu-west-1%2Fs3%2Faws4_request&X-Amz-Date=20260223T001320Z&X-Amz-Expires=604800&X-Amz-Signature=a69aaa59b8fe9125b00c6de14769242930ccf76f50f9834185591cc29483e2a3&X-Amz-SignedHeaders=host&response-content-disposition=attachment%3B%20filename%3Df994d6e8-a851-4c25-bc89-de035662f9fb.flac&x-id=GetObject,0.301281184,24790
WWPam-2021-04-24_05-40.WAV,2021 Wind Wolves Preserve,2021,4,24,5,40,Agelaius tricolor,Common Song,12.80533314,14.18666649,281,7219,24000,present,https://rfcx-streams-production.s3.eu-west-1.amazonaws.com/2021/04/24/6v8np25o29hq/e07751e1-15c0-4cdb-bd5b-0cf4dad87dcd.flac?X-Amz-Algorithm=AWS4-HMAC-SHA256&X-Amz-Content-Sha256=UNSIGNED-PAYLOAD&X-Amz-Credential=AKIA45B7YWBX5HAZMGOU%2F20260223%2Feu-west-1%2Fs3%2Faws4_request&X-Amz-Date=20260223T001320Z&X-Amz-Expires=604800&X-Amz-Signature=5d1d729f4587fc5da25a8be3a76694b13bbe6dd73aacdbc014d7685b9dcbbd23&X-Amz-SignedHeaders=host&response-content-disposition=attachment%3B%20filename%3De07751e1-15c0-4cdb-bd5b-0cf4dad87dcd.flac&x-id=GetObject,0.251223594,24790
WWPam-2021-04-24_10-00.WAV,2021 Wind Wolves Preserve,2021,4,24,10,0,Agelaius tricolor,Common Song,39.7120018,41.0933342,281,7219,24000,present,https://rfcx-streams-production.s3.eu-west-1.amazonaws.com/2021/04/24/6v8np25o29hq/cfe8f6ce-9c1f-442d-9857-4fb65127ffca.flac?X-Amz-Algorithm=AWS4-HMAC-SHA256&X-Amz-Content-Sha256=UNSIGNED-PAYLOAD&X-Amz-Credential=AKIA45B7YWBX5HAZMGOU%2F20260223%2Feu-west-1%2Fs3%2Faws4_request&X-Amz-Date=20260223T001320Z&X-Amz-Expires=604800&X-Amz-Signature=68580bf94d431c197b4f8cfe3ea9e56f2b5791f7b18c3a42bf437659cd778ec8&X-Amz-SignedHeaders=host&response-content-disposition=attachment%3B%20filename%3Dcfe8f6ce-9c1f-442d-9857-4fb65127ffca.flac&x-id=GetObject,0.212884262,24790
WWPam-2021-04-24_12-40.WAV,2021 Wind Wolves Preserve,2021,4,24,12,40,Agelaius tricolor,Common Song,47.51466751,48.89599991,281,7219,24000,present,https://rfcx-streams-production.s3.eu-west-1.amazonaws.com/2021/04/24/6v8np25o29hq/5dd8926d-9fd5-4048-9c3e-967197bca72f.flac?X-Amz-Algorithm=AWS4-HMAC-SHA256&X-Amz-Content-Sha256=UNSIGNED-PAYLOAD&X-Amz-Credential=AKIA45B7YWBX5HAZMGOU%2F20260223%2Feu-west-1%2Fs3%2Faws4_request&X-Amz-Date=20260223T001320Z&X-Amz-Expires=604800&X-Amz-Signature=a68eb7ff892944be356a397d4ed64c4e76eae2d7b3974e23d077d304a859dd63&X-Amz-SignedHeaders=host&response-content-disposition=attachment%3B%20filename%3D5dd8926d-9fd5-4048-9c3e-967197bca72f.flac&x-id=GetObject,0.264384866,24790
WWPam-2021-04-24_13-00.WAV,2021 Wind Wolves Preserve,2021,4,24,13,0,Agelaius tricolor,Common Song,20.67200089,22.05333328,281,7219,24000,present,https://rfcx-streams-production.s3.eu-west-1.amazonaws.com/2021/04/24/6v8np25o29hq/22f42d1f-59a2-46cf-80e0-0a2c4d3193e0.flac?X-Amz-Algorithm=AWS4-HMAC-SHA256&X-Amz-Content-Sha256=UNSIGNED-PAYLOAD&X-Amz-Credential=AKIA45B7YWBX5HAZMGOU%2F20260223%2Feu-west-1%2Fs3%2Faws4_request&X-Amz-Date=20260223T001320Z&X-Amz-Expires=604800&X-Amz-Signature=b32fc312e1212186f42bc5840542c73cedea2714011835908de5235602afc0ef&X-Amz-SignedHeaders=host&response-content-disposition=attachment%3B%20filename%3D22f42d1f-59a2-46cf-80e0-0a2c4d3193e0.flac&x-id=GetObject,0.247530803,24790
WWPam-2021-04-24_14-00.WAV,2021 Wind Wolves Preserve,2021,4,24,14,0,Agelaius tricolor,Common Song,8.746666908,10.12800026,281,7219,24000,present,https://rfcx-streams-production.s3.eu-west-1.amazonaws.com/2021/04/24/6v8np25o29hq/2f079a62-6e88-45a9-bf38-6b1bde7f3bb0.flac?X-Amz-Algorithm=AWS4-HMAC-SHA256&X-Amz-Content-Sha256=UNSIGNED-PAYLOAD&X-Amz-Credential=AKIA45B7YWBX5HAZMGOU%2F20260223%2Feu-west-1%2Fs3%2Faws4_request&X-Amz-Date=20260223T001320Z&X-Amz-Expires=604800&X-Amz-Signature=e178104d195f49f88a3a4064249a8eab706c51811416e488b7c742c076a2ab60&X-Amz-SignedHeaders=host&response-content-disposition=attachment%3B%20filename%3D2f079a62-6e88-45a9-bf38-6b1bde7f3bb0.flac&x-id=GetObject,0.263547689,24790
WWPam-2021-04-24_14-20.WAV,2021 Wind Wolves Preserve,2021,4,24,14,20,Agelaius tricolor,Common Song,16.28800011,17.6693325,281,7219,24000,present,https://rfcx-streams-production.s3.eu-west-1.amazonaws.com/2021/04/24/6v8np25o29hq/734052d8-115a-4619-ab06-7005e06b6a33.flac?X-Amz-Algorithm=AWS4-HMAC-SHA256&X-Amz-Content-Sha256=UNSIGNED-PAYLOAD&X-Amz-Credential=AKIA45B7YWBX5HAZMGOU%2F20260223%2Feu-west-1%2Fs3%2Faws4_request&X-Amz-Date=20260223T001320Z&X-Amz-Expires=604800&X-Amz-Signature=1c3b015222da334c0ae7050816bccf030fa0db376a97a889bd75b0b60438c9be&X-Amz-SignedHeaders=host&response-content-disposition=attachment%3B%20filename%3D734052d8-115a-4619-ab06-7005e06b6a33.flac&x-id=GetObject,0.205028906,24790
WWPam-2021-04-24_16-00.WAV,2021 Wind Wolves Preserve,2021,4,24,16,0,Agelaius tricolor,Common Song,20.7733326,22.1546669,281,7219,24000,present,https://rfcx-streams-production.s3.eu-west-1.amazonaws.com/2021/04/24/6v8np25o29hq/815fbef0-9767-43a9-8464-586e4012b2a5.flac?X-Amz-Algorithm=AWS4-HMAC-SHA256&X-Amz-Content-Sha256=UNSIGNED-PAYLOAD&X-Amz-Credential=AKIA45B7YWBX5HAZMGOU%2F20260223%2Feu-west-1%2Fs3%2Faws4_request&X-Amz-Date=20260223T001320Z&X-Amz-Expires=604800&X-Amz-Signature=44e6728f971caa432ecc01e52ebed75b9bed6599c4b45dd9e94d85a6c1ad6788&X-Amz-SignedHeaders=host&response-content-disposition=attachment%3B%20filename%3D815fbef0-9767-43a9-8464-586e4012b2a5.flac&x-id=GetObject,0.201185703,24790
WWPam-2021-04-24_16-20.WAV,2021 Wind Wolves Preserve,2021,4,24,16,20,Agelaius tricolor,Common Song,29.50399971,30.88533401,281,7219,24000,present,https://rfcx-streams-production.s3.eu-west-1.amazonaws.com/2021/04/24/6v8np25o29hq/e7ad45b4-1bd5-433d-a140-cd0db4222e62.flac?X-Amz-Algorithm=AWS4-HMAC-SHA256&X-Amz-Content-Sha256=UNSIGNED-PAYLOAD&X-Amz-Credential=AKIA45B7YWBX5HAZMGOU%2F20260223%2Feu-west-1%2Fs3%2Faws4_request&X-Amz-Date=20260223T001320Z&X-Amz-Expires=604800&X-Amz-Signature=ebb364ae0634969f9f8a65545b6d061e8ee7ed4e50c8f79442de2a2daf4f48e3&X-Amz-SignedHeaders=host&response-content-disposition=attachment%3B%20filename%3De7ad45b4-1bd5-433d-a140-cd0db4222e62.flac&x-id=GetObject,0.20730114,24790
WWPam-2021-04-24_17-40.WAV,2021 Wind Wolves Preserve,2021,4,24,17,40,Agelaius tricolor,Common Song,32.09066772,33.47200012,281,7219,24000,present,https://rfcx-streams-production.s3.eu-west-1.amazonaws.com/2021/04/25/6v8np25o29hq/0e58ac07-068a-488e-9bbb-b4c671705acb.flac?X-Amz-Algorithm=AWS4-HMAC-SHA256&X-Amz-Content-Sha256=UNSIGNED-PAYLOAD&X-Amz-Credential=AKIA45B7YWBX5HAZMGOU%2F20260223%2Feu-west-1%2Fs3%2Faws4_request&X-Amz-Date=20260223T001320Z&X-Amz-Expires=604800&X-Amz-Signature=644bbdfba78e7c93f661155cb38372051aa797acfd1bc5fe468bb2b349227027&X-Amz-SignedHeaders=host&response-content-disposition=attachment%3B%20filename%3D0e58ac07-068a-488e-9bbb-b4c671705acb.flac&x-id=GetObject,0.211241245,24790
WWPam-2021-04-25_04-40.WAV,2021 Wind Wolves Preserve,2021,4,25,4,40,Agelaius tricolor,Common Song,45.89333344,47.27466583,281,7219,24000,present,https://rfcx-streams-production.s3.eu-west-1.amazonaws.com/2021/04/25/6v8np25o29hq/aa67c494-65fd-460d-9d8e-f3f9d2748d7c.flac?X-Amz-Algorithm=AWS4-HMAC-SHA256&X-Amz-Content-Sha256=UNSIGNED-PAYLOAD&X-Amz-Credential=AKIA45B7YWBX5HAZMGOU%2F20260223%2Feu-west-1%2Fs3%2Faws4_request&X-Amz-Date=20260223T001320Z&X-Amz-Expires=604800&X-Amz-Signature=14e1d95adb08e8550e6fe194d7118a89532af2b1d3c80c6406245ec63054fe0e&X-Amz-SignedHeaders=host&response-content-disposition=attachment%3B%20filename%3Daa67c494-65fd-460d-9d8e-f3f9d2748d7c.flac&x-id=GetObject,0.312189013,24790
WWPam-2021-04-25_06-20.WAV,2021 Wind Wolves Preserve,2021,4,25,6,20,Agelaius tricolor,Common Song,2.266666651,3.648000002,281,7219,24000,present,https://rfcx-streams-production.s3.eu-west-1.amazonaws.com/2021/04/25/6v8np25o29hq/b62ad761-8a75-4a18-ab39-b8ce0353d3a6.flac?X-Amz-Algorithm=AWS4-HMAC-SHA256&X-Amz-Content-Sha256=UNSIGNED-PAYLOAD&X-Amz-Credential=AKIA45B7YWBX5HAZMGOU%2F20260223%2Feu-west-1%2Fs3%2Faws4_request&X-Amz-Date=20260223T001320Z&X-Amz-Expires=604800&X-Amz-Signature=27a7fdd2cb2597a4ab2aac84a0d3fdbfeb1769e36779a1118db8cf82a7588442&X-Amz-SignedHeaders=host&response-content-disposition=attachment%3B%20filename%3Db62ad761-8a75-4a18-ab39-b8ce0353d3a6.flac&x-id=GetObject,0.233870089,24790
WWPam-2021-04-25_07-00.WAV,2021 Wind Wolves Preserve,2021,4,25,7,0,Agelaius tricolor,Common Song,24.6293335,26.01066589,281,7219,24000,present,https://rfcx-streams-production.s3.eu-west-1.amazonaws.com/2021/04/25/6v8np25o29hq/da393fb6-42a3-40da-b035-e00c9ed7dc09.flac?X-Amz-Algorithm=AWS4-HMAC-SHA256&X-Amz-Content-Sha256=UNSIGNED-PAYLOAD&X-Amz-Credential=AKIA45B7YWBX5HAZMGOU%2F20260223%2Feu-west-1%2Fs3%2Faws4_request&X-Amz-Date=20260223T001320Z&X-Amz-Expires=604800&X-Amz-Signature=ec8a6a3dd3ed454fef58329fb80a7b74f52218153d4bd42e08a2b3b2ede4e446&X-Amz-SignedHeaders=host&response-content-disposition=attachment%3B%20filename%3Dda393fb6-42a3-40da-b035-e00c9ed7dc09.flac&x-id=GetObject,0.208400413,24790
WWPam-2021-04-25_08-40.WAV,2021 Wind Wolves Preserve,2021,4,25,8,40,Agelaius tricolor,Common Song,10.13333321,11.51466656,281,7219,24000,present,https://rfcx-streams-production.s3.eu-west-1.amazonaws.com/2021/04/25/6v8np25o29hq/7d08bba1-25a1-49fe-b00b-dd191d61e46d.flac?X-Amz-Algorithm=AWS4-HMAC-SHA256&X-Amz-Content-Sha256=UNSIGNED-PAYLOAD&X-Amz-Credential=AKIA45B7YWBX5HAZMGOU%2F20260223%2Feu-west-1%2Fs3%2Faws4_request&X-Amz-Date=20260223T001320Z&X-Amz-Expires=604800&X-Amz-Signature=b8f4d6849892db420018b3bf180c38efde9d4bf0cb65290efacd4f8b19e02ffb&X-Amz-SignedHeaders=host&response-content-disposition=attachment%3B%20filename%3D7d08bba1-25a1-49fe-b00b-dd191d61e46d.flac&x-id=GetObject,0.283577174,24790
WWPam-2021-04-25_12-00.WAV,2021 Wind Wolves Preserve,2021,4,25,12,0,Agelaius tricolor,Common Song,21.70666695,23.08799934,281,7219,24000,present,https://rfcx-streams-production.s3.eu-west-1.amazonaws.com/2021/04/25/6v8np25o29hq/6912e812-ce99-4005-89e6-049ae61c7e4b.flac?X-Amz-Algorithm=AWS4-HMAC-SHA256&X-Amz-Content-Sha256=UNSIGNED-PAYLOAD&X-Amz-Credential=AKIA45B7YWBX5HAZMGOU%2F20260223%2Feu-west-1%2Fs3%2Faws4_request&X-Amz-Date=20260223T001320Z&X-Amz-Expires=604800&X-Amz-Signature=481d1f38e1e271622ee6d4ceda609f16a7839f4f8983151f04dd8eca636138a3&X-Amz-SignedHeaders=host&response-content-disposition=attachment%3B%20filename%3D6912e812-ce99-4005-89e6-049ae61c7e4b.flac&x-id=GetObject,0.204541087,24790
WWPam-2021-04-25_13-00.WAV,2021 Wind Wolves Preserve,2021,4,25,13,0,Agelaius tricolor,Common Song,37.25866699,38.63999939,281,7219,24000,present,https://rfcx-streams-production.s3.eu-west-1.amazonaws.com/2021/04/25/6v8np25o29hq/f5ccfdec-7e10-4bbb-b118-112df32ae55b.flac?X-Amz-Algorithm=AWS4-HMAC-SHA256&X-Amz-Content-Sha256=UNSIGNED-PAYLOAD&X-Amz-Credential=AKIA45B7YWBX5HAZMGOU%2F20260223%2Feu-west-1%2Fs3%2Faws4_request&X-Amz-Date=20260223T001320Z&X-Amz-Expires=604800&X-Amz-Signature=9c219bc18061ce86af1fc3dac74c7de7090d9fef075afab81a3d4ffe3659def1&X-Amz-SignedHeaders=host&response-content-disposition=attachment%3B%20filename%3Df5ccfdec-7e10-4bbb-b118-112df32ae55b.flac&x-id=GetObject,0.314521849,24790
WWPam-2021-04-25_13-20.WAV,2021 Wind Wolves Preserve,2021,4,25,13,20,Agelaius tricolor,Common Song,47.70133209,49.0826683,281,7219,24000,present,https://rfcx-streams-production.s3.eu-west-1.amazonaws.com/2021/04/25/6v8np25o29hq/19b8ddab-b556-4940-aa53-c23f22e9f1ac.flac?X-Amz-Algorithm=AWS4-HMAC-SHA256&X-Amz-Content-Sha256=UNSIGNED-PAYLOAD&X-Amz-Credential=AKIA45B7YWBX5HAZMGOU%2F20260223%2Feu-west-1%2Fs3%2Faws4_request&X-Amz-Date=20260223T001320Z&X-Amz-Expires=604800&X-Amz-Signature=70e4fd4877d48c1650a568042f180c6d20a098bca7c0c5a2c7ff959beba91798&X-Amz-SignedHeaders=host&response-content-disposition=attachment%3B%20filename%3D19b8ddab-b556-4940-aa53-c23f22e9f1ac.flac&x-id=GetObject,0.23622337,24790
WWPam-2021-04-25_14-20.WAV,2021 Wind Wolves Preserve,2021,4,25,14,20,Agelaius tricolor,Common Song,7.973333359,9.35466671,281,7219,24000,present,https://rfcx-streams-production.s3.eu-west-1.amazonaws.com/2021/04/25/6v8np25o29hq/4ccfd8e2-622a-46af-b0a6-85bba1ab7dac.flac?X-Amz-Algorithm=AWS4-HMAC-SHA256&X-Amz-Content-Sha256=UNSIGNED-PAYLOAD&X-Amz-Credential=AKIA45B7YWBX5HAZMGOU%2F20260223%2Feu-west-1%2Fs3%2Faws4_request&X-Amz-Date=20260223T001320Z&X-Amz-Expires=604800&X-Amz-Signature=092a659ea0afe3b2b982d638e44a75185b52949424256189166d72c8231e664c&X-Amz-SignedHeaders=host&response-content-disposition=attachment%3B%20filename%3D4ccfd8e2-622a-46af-b0a6-85bba1ab7dac.flac&x-id=GetObject,0.20061335,24790
WWPam-2021-04-25_15-00.WAV,2021 Wind Wolves Preserve,2021,4,25,15,0,Agelaius tricolor,Common Song,28.19733238,29.57866669,281,7219,24000,present,https://rfcx-streams-production.s3.eu-west-1.amazonaws.com/2021/04/25/6v8np25o29hq/0875942c-31e8-4149-9c44-6848b635cbaf.flac?X-Amz-Algorithm=AWS4-HMAC-SHA256&X-Amz-Content-Sha256=UNSIGNED-PAYLOAD&X-Amz-Credential=AKIA45B7YWBX5HAZMGOU%2F20260223%2Feu-west-1%2Fs3%2Faws4_request&X-Amz-Date=20260223T001320Z&X-Amz-Expires=604800&X-Amz-Signature=e40067f2dba0b9965f597312842f2cdd11ab40bd8c80c8f918ec4f54489cc79c&X-Amz-SignedHeaders=host&response-content-disposition=attachment%3B%20filename%3D0875942c-31e8-4149-9c44-6848b635cbaf.flac&x-id=GetObject,0.227767125,24790
WWPam-2021-04-26_06-20.WAV,2021 Wind Wolves Preserve,2021,4,26,6,20,Agelaius tricolor,Common Song,51.75466537,53.13600159,281,7219,24000,present,https://rfcx-streams-production.s3.eu-west-1.amazonaws.com/2021/04/26/6v8np25o29hq/74af2459-0fb7-464c-b0b8-ff6f332aa73f.flac?X-Amz-Algorithm=AWS4-HMAC-SHA256&X-Amz-Content-Sha256=UNSIGNED-PAYLOAD&X-Amz-Credential=AKIA45B7YWBX5HAZMGOU%2F20260223%2Feu-west-1%2Fs3%2Faws4_request&X-Amz-Date=20260223T001320Z&X-Amz-Expires=604800&X-Amz-Signature=f157be39b4430906233f4c29661d47cee9bfc9b8a8c72cce784b9b1a44d032e1&X-Amz-SignedHeaders=host&response-content-disposition=attachment%3B%20filename%3D74af2459-0fb7-464c-b0b8-ff6f332aa73f.flac&x-id=GetObject,0.217714638,24790
WWPam-2021-04-26_07-00.WAV,2021 Wind Wolves Preserve,2021,4,26,7,0,Agelaius tricolor,Common Song,2.490666628,3.871999979,281,7219,24000,present,https://rfcx-streams-production.s3.eu-west-1.amazonaws.com/2021/04/26/6v8np25o29hq/5fe8b2ab-517b-4854-9840-ab3d6291ce15.flac?X-Amz-Algorithm=AWS4-HMAC-SHA256&X-Amz-Content-Sha256=UNSIGNED-PAYLOAD&X-Amz-Credential=AKIA45B7YWBX5HAZMGOU%2F20260223%2Feu-west-1%2Fs3%2Faws4_request&X-Amz-Date=20260223T001320Z&X-Amz-Expires=604800&X-Amz-Signature=5614455dff376113308494af38297c0675aca73c71af7e79bb80125c1937c829&X-Amz-SignedHeaders=host&response-content-disposition=attachment%3B%20filename%3D5fe8b2ab-517b-4854-9840-ab3d6291ce15.flac&x-id=GetObject,0.225272119,24790
WWPam-2021-04-26_07-20.WAV,2021 Wind Wolves Preserve,2021,4,26,7,20,Agelaius tricolor,Common Song,51.05599976,52.43733215,281,7219,24000,present,https://rfcx-streams-production.s3.eu-west-1.amazonaws.com/2021/04/26/6v8np25o29hq/22209354-180b-43c2-8dbb-8a4f12e2399c.flac?X-Amz-Algorithm=AWS4-HMAC-SHA256&X-Amz-Content-Sha256=UNSIGNED-PAYLOAD&X-Amz-Credential=AKIA45B7YWBX5HAZMGOU%2F20260223%2Feu-west-1%2Fs3%2Faws4_request&X-Amz-Date=20260223T001320Z&X-Amz-Expires=604800&X-Amz-Signature=3ab3ce4d3036d10866fef876e1256f6ef573f2e004a92c6c22a16aba22e6cca0&X-Amz-SignedHeaders=host&response-content-disposition=attachment%3B%20filename%3D22209354-180b-43c2-8dbb-8a4f12e2399c.flac&x-id=GetObject,0.263319165,24790
WWPam-2021-04-26_07-40.WAV,2021 Wind Wolves Preserve,2021,4,26,7,40,Agelaius tricolor,Common Song,49.49333191,50.87466812,281,7219,24000,present,https://rfcx-streams-production.s3.eu-west-1.amazonaws.com/2021/04/26/6v8np25o29hq/d32016d8-6c23-4067-9895-a2f165ddbf4e.flac?X-Amz-Algorithm=AWS4-HMAC-SHA256&X-Amz-Content-Sha256=UNSIGNED-PAYLOAD&X-Amz-Credential=AKIA45B7YWBX5HAZMGOU%2F20260223%2Feu-west-1%2Fs3%2Faws4_request&X-Amz-Date=20260223T001320Z&X-Amz-Expires=604800&X-Amz-Signature=39ce5072ef8e08fedf8ff742deb56eb7108ea33f68ca1f1fecbe5bc97cc083dd&X-Amz-SignedHeaders=host&response-content-disposition=attachment%3B%20filename%3Dd32016d8-6c23-4067-9895-a2f165ddbf4e.flac&x-id=GetObject,0.207280815,24790
WWPam-2021-04-26_09-00.WAV,2021 Wind Wolves Preserve,2021,4,26,9,0,Agelaius tricolor,Common Song,28.23466682,29.61599922,281,7219,24000,present,https://rfcx-streams-production.s3.eu-west-1.amazonaws.com/2021/04/26/6v8np25o29hq/0a0c430b-1830-4a87-930c-d8bcf0d9f759.flac?X-Amz-Algorithm=AWS4-HMAC-SHA256&X-Amz-Content-Sha256=UNSIGNED-PAYLOAD&X-Amz-Credential=AKIA45B7YWBX5HAZMGOU%2F20260223%2Feu-west-1%2Fs3%2Faws4_request&X-Amz-Date=20260223T001320Z&X-Amz-Expires=604800&X-Amz-Signature=b2a7c118955b9ff47bfd4b47e90b5fb63d51dbf586829eeeb1781985bec6f5ed&X-Amz-SignedHeaders=host&response-content-disposition=attachment%3B%20filename%3D0a0c430b-1830-4a87-930c-d8bcf0d9f759.flac&x-id=GetObject,0.208360389,24790
WWPam-2021-04-26_13-40.WAV,2021 Wind Wolves Preserve,2021,4,26,13,40,Agelaius tricolor,Common Song,30.10133362,31.48266602,281,7219,24000,present,https://rfcx-streams-production.s3.eu-west-1.amazonaws.com/2021/04/26/6v8np25o29hq/5fe02e9a-ce9a-4849-9df0-d75cf2239102.flac?X-Amz-Algorithm=AWS4-HMAC-SHA256&X-Amz-Content-Sha256=UNSIGNED-PAYLOAD&X-Amz-Credential=AKIA45B7YWBX5HAZMGOU%2F20260223%2Feu-west-1%2Fs3%2Faws4_request&X-Amz-Date=20260223T001320Z&X-Amz-Expires=604800&X-Amz-Signature=6ebea9f0a0799585b139c03a645603241b17e8a03a70cc9e4ddf2b62262c756d&X-Amz-SignedHeaders=host&response-content-disposition=attachment%3B%20filename%3D5fe02e9a-ce9a-4849-9df0-d75cf2239102.flac&x-id=GetObject,0.227522567,24790
WWPam-2021-04-26_14-00.WAV,2021 Wind Wolves Preserve,2021,4,26,14,0,Agelaius tricolor,Common Song,35.97866821,37.36000061,281,7219,24000,present,https://rfcx-streams-production.s3.eu-west-1.amazonaws.com/2021/04/26/6v8np25o29hq/d3cacec8-5e30-485e-9c48-9ebbeb977156.flac?X-Amz-Algorithm=AWS4-HMAC-SHA256&X-Amz-Content-Sha256=UNSIGNED-PAYLOAD&X-Amz-Credential=AKIA45B7YWBX5HAZMGOU%2F20260223%2Feu-west-1%2Fs3%2Faws4_request&X-Amz-Date=20260223T001320Z&X-Amz-Expires=604800&X-Amz-Signature=b791c5259fa98d141629beb600e09a69cca9f4d24aa310d431acecf62cf21ac0&X-Amz-SignedHeaders=host&response-content-disposition=attachment%3B%20filename%3Dd3cacec8-5e30-485e-9c48-9ebbeb977156.flac&x-id=GetObject,0.324387789,24790
WWPam-2021-04-26_14-20.WAV,2021 Wind Wolves Preserve,2021,4,26,14,20,Agelaius tricolor,Common Song,10.43733311,11.81866646,281,7219,24000,present,https://rfcx-streams-production.s3.eu-west-1.amazonaws.com/2021/04/26/6v8np25o29hq/58acb095-f943-4994-b6e1-96250dcd6c1d.flac?X-Amz-Algorithm=AWS4-HMAC-SHA256&X-Amz-Content-Sha256=UNSIGNED-PAYLOAD&X-Amz-Credential=AKIA45B7YWBX5HAZMGOU%2F20260223%2Feu-west-1%2Fs3%2Faws4_request&X-Amz-Date=20260223T001320Z&X-Amz-Expires=604800&X-Amz-Signature=fc21748eda1d49e6d7d5088feb0a81ce4d235db6538be460faf3d2419ad404ba&X-Amz-SignedHeaders=host&response-content-disposition=attachment%3B%20filename%3D58acb095-f943-4994-b6e1-96250dcd6c1d.flac&x-id=GetObject,0.256432742,24790
WWPam-2021-04-26_14-40.WAV,2021 Wind Wolves Preserve,2021,4,26,14,40,Agelaius tricolor,Common Song,46.30400085,47.68533325,281,7219,24000,present,https://rfcx-streams-production.s3.eu-west-1.amazonaws.com/2021/04/26/6v8np25o29hq/610447ba-2bbf-48cd-b20e-764260e139de.flac?X-Amz-Algorithm=AWS4-HMAC-SHA256&X-Amz-Content-Sha256=UNSIGNED-PAYLOAD&X-Amz-Credential=AKIA45B7YWBX5HAZMGOU%2F20260223%2Feu-west-1%2Fs3%2Faws4_request&X-Amz-Date=20260223T001320Z&X-Amz-Expires=604800&X-Amz-Signature=ea81666302f83042f36e738dde8c72d52a84a773418dec8c2a124eb17c434067&X-Amz-SignedHeaders=host&response-content-disposition=attachment%3B%20filename%3D610447ba-2bbf-48cd-b20e-764260e139de.flac&x-id=GetObject,0.293433338,24790
WWPam-2021-04-26_15-00.WAV,2021 Wind Wolves Preserve,2021,4,26,15,0,Agelaius tricolor,Common Song,1.983999968,3.365333319,281,7219,24000,present,https://rfcx-streams-production.s3.eu-west-1.amazonaws.com/2021/04/26/6v8np25o29hq/eba08201-844d-4ae0-8fd3-5398a7223024.flac?X-Amz-Algorithm=AWS4-HMAC-SHA256&X-Amz-Content-Sha256=UNSIGNED-PAYLOAD&X-Amz-Credential=AKIA45B7YWBX5HAZMGOU%2F20260223%2Feu-west-1%2Fs3%2Faws4_request&X-Amz-Date=20260223T001320Z&X-Amz-Expires=604800&X-Amz-Signature=38772bf5ef5d06f374b9e774810a6d492a00ffef69f953d8443b6a69db3330e9&X-Amz-SignedHeaders=host&response-content-disposition=attachment%3B%20filename%3Deba08201-844d-4ae0-8fd3-5398a7223024.flac&x-id=GetObject,0.230847955,24790
WWPam-2021-04-26_15-20.WAV,2021 Wind Wolves Preserve,2021,4,26,15,20,Agelaius tricolor,Common Song,13.40266705,14.7840004,281,7219,24000,present,https://rfcx-streams-production.s3.eu-west-1.amazonaws.com/2021/04/26/6v8np25o29hq/866f047f-35b4-4b64-803e-5f18b6a61ed4.flac?X-Amz-Algorithm=AWS4-HMAC-SHA256&X-Amz-Content-Sha256=UNSIGNED-PAYLOAD&X-Amz-Credential=AKIA45B7YWBX5HAZMGOU%2F20260223%2Feu-west-1%2Fs3%2Faws4_request&X-Amz-Date=20260223T001320Z&X-Amz-Expires=604800&X-Amz-Signature=8795a4d365afc36a71d6911c49551b8ce02e38bd2e5f48c7e38630fafdf56eec&X-Amz-SignedHeaders=host&response-content-disposition=attachment%3B%20filename%3D866f047f-35b4-4b64-803e-5f18b6a61ed4.flac&x-id=GetObject,0.251194954,24790
WWPam-2021-04-26_18-00.WAV,2021 Wind Wolves Preserve,2021,4,26,18,0,Agelaius tricolor,Common Song,8.767999649,10.149333,281,7219,24000,present,https://rfcx-streams-production.s3.eu-west-1.amazonaws.com/2021/04/27/6v8np25o29hq/83010898-0a7e-4e70-8140-dfcf17505bb7.flac?X-Amz-Algorithm=AWS4-HMAC-SHA256&X-Amz-Content-Sha256=UNSIGNED-PAYLOAD&X-Amz-Credential=AKIA45B7YWBX5HAZMGOU%2F20260223%2Feu-west-1%2Fs3%2Faws4_request&X-Amz-Date=20260223T001321Z&X-Amz-Expires=604800&X-Amz-Signature=a931a2a7f875aa883ead1b9cca4140b629dcf930237f514b9ce8e64e3226ceb0&X-Amz-SignedHeaders=host&response-content-disposition=attachment%3B%20filename%3D83010898-0a7e-4e70-8140-dfcf17505bb7.flac&x-id=GetObject,0.23796384,24790
WWPam-2021-04-26_20-20.WAV,2021 Wind Wolves Preserve,2021,4,26,20,20,Agelaius tricolor,Common Song,49.10400009,50.48533249,281,7219,24000,present,https://rfcx-streams-production.s3.eu-west-1.amazonaws.com/2021/04/27/6v8np25o29hq/2654df13-edcd-46c1-882e-5343e5c8b5bf.flac?X-Amz-Algorithm=AWS4-HMAC-SHA256&X-Amz-Content-Sha256=UNSIGNED-PAYLOAD&X-Amz-Credential=AKIA45B7YWBX5HAZMGOU%2F20260223%2Feu-west-1%2Fs3%2Faws4_request&X-Amz-Date=20260223T001321Z&X-Amz-Expires=604800&X-Amz-Signature=521b5cc2091f52aae8cad74094c9dc01d193798347f816e1573aca81743761ee&X-Amz-SignedHeaders=host&response-content-disposition=attachment%3B%20filename%3D2654df13-edcd-46c1-882e-5343e5c8b5bf.flac&x-id=GetObject,0.210097983,24790
WWPam-2021-04-26_21-00.WAV,2021 Wind Wolves Preserve,2021,4,26,21,0,Agelaius tricolor,Common Song,0.20266667,1.583999991,281,7219,24000,present,https://rfcx-streams-production.s3.eu-west-1.amazonaws.com/2021/04/27/6v8np25o29hq/110ac7f3-358a-43d7-a5ff-3fd5d87e3e66.flac?X-Amz-Algorithm=AWS4-HMAC-SHA256&X-Amz-Content-Sha256=UNSIGNED-PAYLOAD&X-Amz-Credential=AKIA45B7YWBX5HAZMGOU%2F20260223%2Feu-west-1%2Fs3%2Faws4_request&X-Amz-Date=20260223T001319Z&X-Amz-Expires=604800&X-Amz-Signature=674d8961dbb1c2f9417ce39c038dca7d2e016c5945dd1975f1e2d3ffb04c37f0&X-Amz-SignedHeaders=host&response-content-disposition=attachment%3B%20filename%3D110ac7f3-358a-43d7-a5ff-3fd5d87e3e66.flac&x-id=GetObject,0.200492442,24790
WWPam-2021-04-27_00-00.WAV,2021 Wind Wolves Preserve,2021,4,27,0,0,Agelaius tricolor,Common Song,26.82133293,28.20266724,281,7219,24000,present,https://rfcx-streams-production.s3.eu-west-1.amazonaws.com/2021/04/27/6v8np25o29hq/ea396fd6-f025-4b3b-b8b2-94becfe4ad17.flac?X-Amz-Algorithm=AWS4-HMAC-SHA256&X-Amz-Content-Sha256=UNSIGNED-PAYLOAD&X-Amz-Credential=AKIA45B7YWBX5HAZMGOU%2F20260223%2Feu-west-1%2Fs3%2Faws4_request&X-Amz-Date=20260223T001321Z&X-Amz-Expires=604800&X-Amz-Signature=e12f58117024992540aa0b878addbdae981c02aa3996d9ea5dd9f7c7920a9946&X-Amz-SignedHeaders=host&response-content-disposition=attachment%3B%20filename%3Dea396fd6-f025-4b3b-b8b2-94becfe4ad17.flac&x-id=GetObject,0.205352351,24790
WWPam-2021-04-27_02-20.WAV,2021 Wind Wolves Preserve,2021,4,27,2,20,Agelaius tricolor,Common Song,1.215999961,2.597333431,281,7219,24000,present,https://rfcx-streams-production.s3.eu-west-1.amazonaws.com/2021/04/27/6v8np25o29hq/b1872184-6d8e-4af6-84ae-3035dca9f176.flac?X-Amz-Algorithm=AWS4-HMAC-SHA256&X-Amz-Content-Sha256=UNSIGNED-PAYLOAD&X-Amz-Credential=AKIA45B7YWBX5HAZMGOU%2F20260223%2Feu-west-1%2Fs3%2Faws4_request&X-Amz-Date=20260223T001321Z&X-Amz-Expires=604800&X-Amz-Signature=6667e50121ab943214936c1f631a3c7d2d8b108bf8ba991b867a70d7d011af31&X-Amz-SignedHeaders=host&response-content-disposition=attachment%3B%20filename%3Db1872184-6d8e-4af6-84ae-3035dca9f176.flac&x-id=GetObject,0.236700699,24790
WWPam-2021-04-27_09-00.WAV,2021 Wind Wolves Preserve,2021,4,27,9,0,Agelaius tricolor,Common Song,35.58933258,36.97066498,281,7219,24000,present,https://rfcx-streams-production.s3.eu-west-1.amazonaws.com/2021/04/27/6v8np25o29hq/59e57574-0e85-4876-897e-8cb7e5e1c5c5.flac?X-Amz-Algorithm=AWS4-HMAC-SHA256&X-Amz-Content-Sha256=UNSIGNED-PAYLOAD&X-Amz-Credential=AKIA45B7YWBX5HAZMGOU%2F20260223%2Feu-west-1%2Fs3%2Faws4_request&X-Amz-Date=20260223T001321Z&X-Amz-Expires=604800&X-Amz-Signature=f4675ce4ca4a6b68f9aa93b360c933d3f78d1927d769c3f622fb6de94d13ee41&X-Amz-SignedHeaders=host&response-content-disposition=attachment%3B%20filename%3D59e57574-0e85-4876-897e-8cb7e5e1c5c5.flac&x-id=GetObject,0.212041095,24790
WWPam-2021-04-27_09-40.WAV,2021 Wind Wolves Preserve,2021,4,27,9,40,Agelaius tricolor,Common Song,55.29066849,56.67200089,281,7219,24000,present,https://rfcx-streams-production.s3.eu-west-1.amazonaws.com/2021/04/27/6v8np25o29hq/266d65ad-818b-4c5b-941c-7407357df321.flac?X-Amz-Algorithm=AWS4-HMAC-SHA256&X-Amz-Content-Sha256=UNSIGNED-PAYLOAD&X-Amz-Credential=AKIA45B7YWBX5HAZMGOU%2F20260223%2Feu-west-1%2Fs3%2Faws4_request&X-Amz-Date=20260223T001321Z&X-Amz-Expires=604800&X-Amz-Signature=2b97071d4899202a5f88317be21e64f71d294979f51e979dc1c737ada920c1ed&X-Amz-SignedHeaders=host&response-content-disposition=attachment%3B%20filename%3D266d65ad-818b-4c5b-941c-7407357df321.flac&x-id=GetObject,0.204772681,24790
WWPam-2021-04-27_11-20.WAV,2021 Wind Wolves Preserve,2021,4,27,11,20,Agelaius tricolor,Common Song,4.245333195,5.626666546,281,7219,24000,present,https://rfcx-streams-production.s3.eu-west-1.amazonaws.com/2021/04/27/6v8np25o29hq/15c8e237-b3f0-4536-9b48-5a1d49f89b83.flac?X-Amz-Algorithm=AWS4-HMAC-SHA256&X-Amz-Content-Sha256=UNSIGNED-PAYLOAD&X-Amz-Credential=AKIA45B7YWBX5HAZMGOU%2F20260223%2Feu-west-1%2Fs3%2Faws4_request&X-Amz-Date=20260223T001321Z&X-Amz-Expires=604800&X-Amz-Signature=b54f1b4432f69e8d26f2da7f670593568805f9b10ee3e263da02d56a088fca90&X-Amz-SignedHeaders=host&response-content-disposition=attachment%3B%20filename%3D15c8e237-b3f0-4536-9b48-5a1d49f89b83.flac&x-id=GetObject,0.266698241,24790
WWPam-2021-04-27_11-40.WAV,2021 Wind Wolves Preserve,2021,4,27,11,40,Agelaius tricolor,Common Song,7.973333359,9.35466671,281,7219,24000,present,https://rfcx-streams-production.s3.eu-west-1.amazonaws.com/2021/04/27/6v8np25o29hq/aaf152d3-1476-4e55-82ce-07b4f4ebede5.flac?X-Amz-Algorithm=AWS4-HMAC-SHA256&X-Amz-Content-Sha256=UNSIGNED-PAYLOAD&X-Amz-Credential=AKIA45B7YWBX5HAZMGOU%2F20260223%2Feu-west-1%2Fs3%2Faws4_request&X-Amz-Date=20260223T001321Z&X-Amz-Expires=604800&X-Amz-Signature=c14bb21f943e880344da101c01a5074c8e1536754ab725578c3f43abd91791b6&X-Amz-SignedHeaders=host&response-content-disposition=attachment%3B%20filename%3Daaf152d3-1476-4e55-82ce-07b4f4ebede5.flac&x-id=GetObject,0.222093508,24790
WWPam-2021-04-27_12-20.WAV,2021 Wind Wolves Preserve,2021,4,27,12,20,Agelaius tricolor,Common Song,24.09066582,25.47200012,281,7219,24000,present,https://rfcx-streams-production.s3.eu-west-1.amazonaws.com/2021/04/27/6v8np25o29hq/df6d8e51-cc4a-47b8-8e98-f369aaae3d33.flac?X-Amz-Algorithm=AWS4-HMAC-SHA256&X-Amz-Content-Sha256=UNSIGNED-PAYLOAD&X-Amz-Credential=AKIA45B7YWBX5HAZMGOU%2F20260223%2Feu-west-1%2Fs3%2Faws4_request&X-Amz-Date=20260223T001321Z&X-Amz-Expires=604800&X-Amz-Signature=9bad5e893883017b6f190e355ae6daee4e15d6b542f991133d90dc5a318521d5&X-Amz-SignedHeaders=host&response-content-disposition=attachment%3B%20filename%3Ddf6d8e51-cc4a-47b8-8e98-f369aaae3d33.flac&x-id=GetObject,0.212265119,24790
WWPam-2021-04-27_12-40.WAV,2021 Wind Wolves Preserve,2021,4,27,12,40,Agelaius tricolor,Common Song,51.48266602,52.86399841,281,7219,24000,present,https://rfcx-streams-production.s3.eu-west-1.amazonaws.com/2021/04/27/6v8np25o29hq/c4d0fa13-bf1e-480a-a12c-2c7ee68a5046.flac?X-Amz-Algorithm=AWS4-HMAC-SHA256&X-Amz-Content-Sha256=UNSIGNED-PAYLOAD&X-Amz-Credential=AKIA45B7YWBX5HAZMGOU%2F20260223%2Feu-west-1%2Fs3%2Faws4_request&X-Amz-Date=20260223T001321Z&X-Amz-Expires=604800&X-Amz-Signature=2d8b2f94c7ed48af1e03797fa0876577c3f93e1235933cf2968e31c94a359f75&X-Amz-SignedHeaders=host&response-content-disposition=attachment%3B%20filename%3Dc4d0fa13-bf1e-480a-a12c-2c7ee68a5046.flac&x-id=GetObject,0.246316716,24790
WWPam-2021-04-27_13-40.WAV,2021 Wind Wolves Preserve,2021,4,27,13,40,Agelaius tricolor,Common Song,39.38666534,40.76800156,281,7219,24000,present,https://rfcx-streams-production.s3.eu-west-1.amazonaws.com/2021/04/27/6v8np25o29hq/e47fa7a2-2939-4a70-b0b2-a8d743ad9f16.flac?X-Amz-Algorithm=AWS4-HMAC-SHA256&X-Amz-Content-Sha256=UNSIGNED-PAYLOAD&X-Amz-Credential=AKIA45B7YWBX5HAZMGOU%2F20260223%2Feu-west-1%2Fs3%2Faws4_request&X-Amz-Date=20260223T001321Z&X-Amz-Expires=604800&X-Amz-Signature=6368cff10e710b54f4bb998f1e6ac03eeb10434ee04680f1229e170c159c27ff&X-Amz-SignedHeaders=host&response-content-disposition=attachment%3B%20filename%3De47fa7a2-2939-4a70-b0b2-a8d743ad9f16.flac&x-id=GetObject,0.260705441,24790
WWPam-2021-04-27_14-40.WAV,2021 Wind Wolves Preserve,2021,4,27,14,40,Agelaius tricolor,Common Song,54.35733414,55.73866653,281,7219,24000,present,https://rfcx-streams-production.s3.eu-west-1.amazonaws.com/2021/04/27/6v8np25o29hq/86856d38-56b4-4a70-bb64-a0577f8cd581.flac?X-Amz-Algorithm=AWS4-HMAC-SHA256&X-Amz-Content-Sha256=UNSIGNED-PAYLOAD&X-Amz-Credential=AKIA45B7YWBX5HAZMGOU%2F20260223%2Feu-west-1%2Fs3%2Faws4_request&X-Amz-Date=20260223T001321Z&X-Amz-Expires=604800&X-Amz-Signature=ca3485ede864140c5a5cd99811b2d2fdec72b9c6845b08e3e5173d480cd1ec30&X-Amz-SignedHeaders=host&response-content-disposition=attachment%3B%20filename%3D86856d38-56b4-4a70-bb64-a0577f8cd581.flac&x-id=GetObject,0.305682808,24790
WWPam-2021-04-27_17-00.WAV,2021 Wind Wolves Preserve,2021,4,27,17,0,Agelaius tricolor,Common Song,52.07466507,53.45600128,281,7219,24000,present,https://rfcx-streams-production.s3.eu-west-1.amazonaws.com/2021/04/28/6v8np25o29hq/cf1a10a0-d799-4d8a-82e2-2ff2c3c31a7d.flac?X-Amz-Algorithm=AWS4-HMAC-SHA256&X-Amz-Content-Sha256=UNSIGNED-PAYLOAD&X-Amz-Credential=AKIA45B7YWBX5HAZMGOU%2F20260223%2Feu-west-1%2Fs3%2Faws4_request&X-Amz-Date=20260223T001319Z&X-Amz-Expires=604800&X-Amz-Signature=bf78c2ef529ca4d00851655d1a2dfcd039abb5c6f792868248fc1da941fbd8e2&X-Amz-SignedHeaders=host&response-content-disposition=attachment%3B%20filename%3Dcf1a10a0-d799-4d8a-82e2-2ff2c3c31a7d.flac&x-id=GetObject,0.262758851,24790
WWPam-2021-04-27_21-20.WAV,2021 Wind Wolves Preserve,2021,4,27,21,20,Agelaius tricolor,Common Song,5.407999992,6.789333344,281,7219,24000,present,https://rfcx-streams-production.s3.eu-west-1.amazonaws.com/2021/04/28/6v8np25o29hq/bff38aa1-d691-4fda-95bb-faa85bdcf985.flac?X-Amz-Algorithm=AWS4-HMAC-SHA256&X-Amz-Content-Sha256=UNSIGNED-PAYLOAD&X-Amz-Credential=AKIA45B7YWBX5HAZMGOU%2F20260223%2Feu-west-1%2Fs3%2Faws4_request&X-Amz-Date=20260223T001321Z&X-Amz-Expires=604800&X-Amz-Signature=3bf787cf7610bab155f96a0460575c899b6514411e4e3bf87cbb4bcdc9820f4a&X-Amz-SignedHeaders=host&response-content-disposition=attachment%3B%20filename%3Dbff38aa1-d691-4fda-95bb-faa85bdcf985.flac&x-id=GetObject,0.332763016,24790
WWPam-2021-04-28_05-20.WAV,2021 Wind Wolves Preserve,2021,4,28,5,20,Agelaius tricolor,Common Song,46.96533203,48.34666824,281,7219,24000,present,https://rfcx-streams-production.s3.eu-west-1.amazonaws.com/2021/04/28/6v8np25o29hq/a7505948-28c7-461c-b02c-1184e8b8e77d.flac?X-Amz-Algorithm=AWS4-HMAC-SHA256&X-Amz-Content-Sha256=UNSIGNED-PAYLOAD&X-Amz-Credential=AKIA45B7YWBX5HAZMGOU%2F20260223%2Feu-west-1%2Fs3%2Faws4_request&X-Amz-Date=20260223T001321Z&X-Amz-Expires=604800&X-Amz-Signature=71ba4bf28ac42e0425f77717ab9aa87f5b10c5329eb450d332b9d99ffc718038&X-Amz-SignedHeaders=host&response-content-disposition=attachment%3B%20filename%3Da7505948-28c7-461c-b02c-1184e8b8e77d.flac&x-id=GetObject,0.298623353,24790
WWPam-2021-04-28_10-00.WAV,2021 Wind Wolves Preserve,2021,4,28,10,0,Agelaius tricolor,Common Song,43.46133423,44.84266663,281,7219,24000,present,https://rfcx-streams-production.s3.eu-west-1.amazonaws.com/2021/04/28/6v8np25o29hq/9c67023d-0a14-4ed6-82da-e5b7c7ae6ec9.flac?X-Amz-Algorithm=AWS4-HMAC-SHA256&X-Amz-Content-Sha256=UNSIGNED-PAYLOAD&X-Amz-Credential=AKIA45B7YWBX5HAZMGOU%2F20260223%2Feu-west-1%2Fs3%2Faws4_request&X-Amz-Date=20260223T001321Z&X-Amz-Expires=604800&X-Amz-Signature=d37e3d1e768d06201157fa730b22f2b5bc9243320778c6f5143ee234653fe507&X-Amz-SignedHeaders=host&response-content-disposition=attachment%3B%20filename%3D9c67023d-0a14-4ed6-82da-e5b7c7ae6ec9.flac&x-id=GetObject,0.274312317,24790
WWPam-2021-04-28_10-20.WAV,2021 Wind Wolves Preserve,2021,4,28,10,20,Agelaius tricolor,Common Song,48.84799957,50.22933197,281,7219,24000,present,https://rfcx-streams-production.s3.eu-west-1.amazonaws.com/2021/04/28/6v8np25o29hq/1d5c327a-adc9-47d0-b9c7-775b19ea4c1a.flac?X-Amz-Algorithm=AWS4-HMAC-SHA256&X-Amz-Content-Sha256=UNSIGNED-PAYLOAD&X-Amz-Credential=AKIA45B7YWBX5HAZMGOU%2F20260223%2Feu-west-1%2Fs3%2Faws4_request&X-Amz-Date=20260223T001321Z&X-Amz-Expires=604800&X-Amz-Signature=8aaaa616284f7f943bc5c88b48c8019a2a7dad56584a1198d30ab706a8a7bd36&X-Amz-SignedHeaders=host&response-content-disposition=attachment%3B%20filename%3D1d5c327a-adc9-47d0-b9c7-775b19ea4c1a.flac&x-id=GetObject,0.20920378,24790
WWPam-2021-04-28_12-00.WAV,2021 Wind Wolves Preserve,2021,4,28,12,0,Agelaius tricolor,Common Song,33.49333191,34.87466812,281,7219,24000,present,https://rfcx-streams-production.s3.eu-west-1.amazonaws.com/2021/04/28/6v8np25o29hq/32f44586-68d4-405d-8b49-3da02aecf793.flac?X-Amz-Algorithm=AWS4-HMAC-SHA256&X-Amz-Content-Sha256=UNSIGNED-PAYLOAD&X-Amz-Credential=AKIA45B7YWBX5HAZMGOU%2F20260223%2Feu-west-1%2Fs3%2Faws4_request&X-Amz-Date=20260223T001321Z&X-Amz-Expires=604800&X-Amz-Signature=133f1b10eed82ff77e1a1f73370f2fe01965715e06a28c159ae339cbd5f34ffb&X-Amz-SignedHeaders=host&response-content-disposition=attachment%3B%20filename%3D32f44586-68d4-405d-8b49-3da02aecf793.flac&x-id=GetObject,0.255768836,24790
WWPam-2021-04-28_13-40.WAV,2021 Wind Wolves Preserve,2021,4,28,13,40,Agelaius tricolor,Common Song,7.178666592,8.56000042,281,7219,24000,present,https://rfcx-streams-production.s3.eu-west-1.amazonaws.com/2021/04/28/6v8np25o29hq/75d13da0-bf15-46b7-9362-2e80374d9d7e.flac?X-Amz-Algorithm=AWS4-HMAC-SHA256&X-Amz-Content-Sha256=UNSIGNED-PAYLOAD&X-Amz-Credential=AKIA45B7YWBX5HAZMGOU%2F20260223%2Feu-west-1%2Fs3%2Faws4_request&X-Amz-Date=20260223T001321Z&X-Amz-Expires=604800&X-Amz-Signature=af92d7619e6616e9b1610a5095838df7f9c37abbb474ab1ddeb279fcd06e4b08&X-Amz-SignedHeaders=host&response-content-disposition=attachment%3B%20filename%3D75d13da0-bf15-46b7-9362-2e80374d9d7e.flac&x-id=GetObject,0.257341713,24790
WWPam-2021-04-28_14-00.WAV,2021 Wind Wolves Preserve,2021,4,28,14,0,Agelaius tricolor,Common Song,43.14133453,44.52266693,281,7219,24000,present,https://rfcx-streams-production.s3.eu-west-1.amazonaws.com/2021/04/28/6v8np25o29hq/2a695c8a-2846-4e03-934e-81b9bbf1ae87.flac?X-Amz-Algorithm=AWS4-HMAC-SHA256&X-Amz-Content-Sha256=UNSIGNED-PAYLOAD&X-Amz-Credential=AKIA45B7YWBX5HAZMGOU%2F20260223%2Feu-west-1%2Fs3%2Faws4_request&X-Amz-Date=20260223T001321Z&X-Amz-Expires=604800&X-Amz-Signature=6d1f7bb10ecd04d8bad78d84369a28bf65079110767787eb32a06fa406848efe&X-Amz-SignedHeaders=host&response-content-disposition=attachment%3B%20filename%3D2a695c8a-2846-4e03-934e-81b9bbf1ae87.flac&x-id=GetObject,0.217428386,24790
WWPam-2021-04-28_15-00.WAV,2021 Wind Wolves Preserve,2021,4,28,15,0,Agelaius tricolor,Common Song,25.04000092,26.42133331,281,7219,24000,present,https://rfcx-streams-production.s3.eu-west-1.amazonaws.com/2021/04/28/6v8np25o29hq/39ac5ca9-6f9b-4e42-9ae9-3a171f0f611c.flac?X-Amz-Algorithm=AWS4-HMAC-SHA256&X-Amz-Content-Sha256=UNSIGNED-PAYLOAD&X-Amz-Credential=AKIA45B7YWBX5HAZMGOU%2F20260223%2Feu-west-1%2Fs3%2Faws4_request&X-Amz-Date=20260223T001321Z&X-Amz-Expires=604800&X-Amz-Signature=5dd272002bfd6ba0c58d41dbc97f36f0421e8488ca7f980236843917f24af300&X-Amz-SignedHeaders=host&response-content-disposition=attachment%3B%20filename%3D39ac5ca9-6f9b-4e42-9ae9-3a171f0f611c.flac&x-id=GetObject,0.236734301,24790
WWPam-2021-04-28_15-40.WAV,2021 Wind Wolves Preserve,2021,4,28,15,40,Agelaius tricolor,Common Song,15.64266682,17.02400017,281,7219,24000,present,https://rfcx-streams-production.s3.eu-west-1.amazonaws.com/2021/04/28/6v8np25o29hq/42ef5bda-77dc-4a6d-af55-787510f83866.flac?X-Amz-Algorithm=AWS4-HMAC-SHA256&X-Amz-Content-Sha256=UNSIGNED-PAYLOAD&X-Amz-Credential=AKIA45B7YWBX5HAZMGOU%2F20260223%2Feu-west-1%2Fs3%2Faws4_request&X-Amz-Date=20260223T001321Z&X-Amz-Expires=604800&X-Amz-Signature=0a88f290544ddb6e9b8e11d92bd9bda65bbb36223435a8a7ff119818add5455b&X-Amz-SignedHeaders=host&response-content-disposition=attachment%3B%20filename%3D42ef5bda-77dc-4a6d-af55-787510f83866.flac&x-id=GetObject,0.2453949,24790
WWPam-2021-04-28_16-00.WAV,2021 Wind Wolves Preserve,2021,4,28,16,0,Agelaius tricolor,Common Song,12.21333313,13.59466648,281,7219,24000,present,https://rfcx-streams-production.s3.eu-west-1.amazonaws.com/2021/04/28/6v8np25o29hq/12dbca1b-5cf8-4aa5-89f4-fa157e365eea.flac?X-Amz-Algorithm=AWS4-HMAC-SHA256&X-Amz-Content-Sha256=UNSIGNED-PAYLOAD&X-Amz-Credential=AKIA45B7YWBX5HAZMGOU%2F20260223%2Feu-west-1%2Fs3%2Faws4_request&X-Amz-Date=20260223T001321Z&X-Amz-Expires=604800&X-Amz-Signature=e3b29dc81936da698e5702840915dba1505ac4aa343e34683a68ea78013a69c3&X-Amz-SignedHeaders=host&response-content-disposition=attachment%3B%20filename%3D12dbca1b-5cf8-4aa5-89f4-fa157e365eea.flac&x-id=GetObject,0.227539867,24790
WWPam-2021-04-28_16-40.WAV,2021 Wind Wolves Preserve,2021,4,28,16,40,Agelaius tricolor,Common Song,19.16799927,20.54933357,281,7219,24000,present,https://rfcx-streams-production.s3.eu-west-1.amazonaws.com/2021/04/28/6v8np25o29hq/358d6dfa-a501-4b30-92aa-de57115115a5.flac?X-Amz-Algorithm=AWS4-HMAC-SHA256&X-Amz-Content-Sha256=UNSIGNED-PAYLOAD&X-Amz-Credential=AKIA45B7YWBX5HAZMGOU%2F20260223%2Feu-west-1%2Fs3%2Faws4_request&X-Amz-Date=20260223T001321Z&X-Amz-Expires=604800&X-Amz-Signature=58d0a55575afaae11b1a99771f905f14d0287bcb8f085717323321287f5f9cb7&X-Amz-SignedHeaders=host&response-content-disposition=attachment%3B%20filename%3D358d6dfa-a501-4b30-92aa-de57115115a5.flac&x-id=GetObject,0.205849648,24790
WWPam-2021-04-28_17-00.WAV,2021 Wind Wolves Preserve,2021,4,28,17,0,Agelaius tricolor,Common Song,27.48266602,28.86400032,281,7219,24000,present,https://rfcx-streams-production.s3.eu-west-1.amazonaws.com/2021/04/29/6v8np25o29hq/30a84a9e-f1d1-4372-b2ea-30f8d5ae29c4.flac?X-Amz-Algorithm=AWS4-HMAC-SHA256&X-Amz-Content-Sha256=UNSIGNED-PAYLOAD&X-Amz-Credential=AKIA45B7YWBX5HAZMGOU%2F20260223%2Feu-west-1%2Fs3%2Faws4_request&X-Amz-Date=20260223T001321Z&X-Amz-Expires=604800&X-Amz-Signature=c940af7f357400acbe0adac29557f4842ab76bf82c023c00a645529a2600c1d7&X-Amz-SignedHeaders=host&response-content-disposition=attachment%3B%20filename%3D30a84a9e-f1d1-4372-b2ea-30f8d5ae29c4.flac&x-id=GetObject,0.287016362,24790
WWPam-2021-04-28_18-20.WAV,2021 Wind Wolves Preserve,2021,4,28,18,20,Agelaius tricolor,Common Song,36.36266708,37.74399948,281,7219,24000,present,https://rfcx-streams-production.s3.eu-west-1.amazonaws.com/2021/04/29/6v8np25o29hq/8ecafdcd-58e6-401c-a020-8a84be89a4f8.flac?X-Amz-Algorithm=AWS4-HMAC-SHA256&X-Amz-Content-Sha256=UNSIGNED-PAYLOAD&X-Amz-Credential=AKIA45B7YWBX5HAZMGOU%2F20260223%2Feu-west-1%2Fs3%2Faws4_request&X-Amz-Date=20260223T001321Z&X-Amz-Expires=604800&X-Amz-Signature=19e80057fb54637d825d9fb64ba5577bc5ff46c9a59e38bfe690ed48e91539d5&X-Amz-SignedHeaders=host&response-content-disposition=attachment%3B%20filename%3D8ecafdcd-58e6-401c-a020-8a84be89a4f8.flac&x-id=GetObject,0.203205347,24790
WWPam-2021-04-28_19-00.WAV,2021 Wind Wolves Preserve,2021,4,28,19,0,Agelaius tricolor,Common Song,54.00533295,55.38666534,281,7219,24000,present,https://rfcx-streams-production.s3.eu-west-1.amazonaws.com/2021/04/29/6v8np25o29hq/f0fbe68d-b699-4066-81d2-96faa146d6f1.flac?X-Amz-Algorithm=AWS4-HMAC-SHA256&X-Amz-Content-Sha256=UNSIGNED-PAYLOAD&X-Amz-Credential=AKIA45B7YWBX5HAZMGOU%2F20260223%2Feu-west-1%2Fs3%2Faws4_request&X-Amz-Date=20260223T001321Z&X-Amz-Expires=604800&X-Amz-Signature=d28a8c5b52e199e3794a73d20ecc1e13eb0e87f8d0163e9a713ff8c5e667a2e5&X-Amz-SignedHeaders=host&response-content-disposition=attachment%3B%20filename%3Df0fbe68d-b699-4066-81d2-96faa146d6f1.flac&x-id=GetObject,0.217634007,24790
WWPam-2021-04-28_20-20.WAV,2021 Wind Wolves Preserve,2021,4,28,20,20,Agelaius tricolor,Common Song,52.67733383,54.05866623,281,7219,24000,present,https://rfcx-streams-production.s3.eu-west-1.amazonaws.com/2021/04/29/6v8np25o29hq/72b9c652-181c-4630-a165-c51b9ae36580.flac?X-Amz-Algorithm=AWS4-HMAC-SHA256&X-Amz-Content-Sha256=UNSIGNED-PAYLOAD&X-Amz-Credential=AKIA45B7YWBX5HAZMGOU%2F20260223%2Feu-west-1%2Fs3%2Faws4_request&X-Amz-Date=20260223T001319Z&X-Amz-Expires=604800&X-Amz-Signature=e87319b475b4bbc793753b12a5da19c560125d0b1677e5d82637bbaabe49001c&X-Amz-SignedHeaders=host&response-content-disposition=attachment%3B%20filename%3D72b9c652-181c-4630-a165-c51b9ae36580.flac&x-id=GetObject,0.235615611,24790
WWPam-2021-04-29_03-00.WAV,2021 Wind Wolves Preserve,2021,4,29,3,0,Agelaius tricolor,Common Song,21.30666733,22.68799973,281,7219,24000,present,https://rfcx-streams-production.s3.eu-west-1.amazonaws.com/2021/04/29/6v8np25o29hq/99187876-11ad-411d-a95b-709211e49fe3.flac?X-Amz-Algorithm=AWS4-HMAC-SHA256&X-Amz-Content-Sha256=UNSIGNED-PAYLOAD&X-Amz-Credential=AKIA45B7YWBX5HAZMGOU%2F20260223%2Feu-west-1%2Fs3%2Faws4_request&X-Amz-Date=20260223T001321Z&X-Amz-Expires=604800&X-Amz-Signature=a636a7fe6a11c49f958fa5ca058fab3600adb984f2488512eceb64c2b6c0867c&X-Amz-SignedHeaders=host&response-content-disposition=attachment%3B%20filename%3D99187876-11ad-411d-a95b-709211e49fe3.flac&x-id=GetObject,0.304360956,24790
WWPam-2021-04-29_05-20.WAV,2021 Wind Wolves Preserve,2021,4,29,5,20,Agelaius tricolor,Common Song,34.01066589,35.39199829,281,7219,24000,present,https://rfcx-streams-production.s3.eu-west-1.amazonaws.com/2021/04/29/6v8np25o29hq/6d47c015-58e1-4fec-bf97-4b212c5be7e3.flac?X-Amz-Algorithm=AWS4-HMAC-SHA256&X-Amz-Content-Sha256=UNSIGNED-PAYLOAD&X-Amz-Credential=AKIA45B7YWBX5HAZMGOU%2F20260223%2Feu-west-1%2Fs3%2Faws4_request&X-Amz-Date=20260223T001321Z&X-Amz-Expires=604800&X-Amz-Signature=78c456725f26093f5fcefcd56515ab59b3cb15602c42c104d83d5f8df5056dc7&X-Amz-SignedHeaders=host&response-content-disposition=attachment%3B%20filename%3D6d47c015-58e1-4fec-bf97-4b212c5be7e3.flac&x-id=GetObject,0.255753219,24790
WWPam-2021-04-29_05-40.WAV,2021 Wind Wolves Preserve,2021,4,29,5,40,Agelaius tricolor,Common Song,55.11999893,56.50133514,281,7219,24000,present,https://rfcx-streams-production.s3.eu-west-1.amazonaws.com/2021/04/29/6v8np25o29hq/1e81d468-9d5c-42af-b347-a2703d743be1.flac?X-Amz-Algorithm=AWS4-HMAC-SHA256&X-Amz-Content-Sha256=UNSIGNED-PAYLOAD&X-Amz-Credential=AKIA45B7YWBX5HAZMGOU%2F20260223%2Feu-west-1%2Fs3%2Faws4_request&X-Amz-Date=20260223T001321Z&X-Amz-Expires=604800&X-Amz-Signature=f959265ae42d53e4edd5bc3d614b2d5b5021a2aa4c4ab7a111367cb0e05ee796&X-Amz-SignedHeaders=host&response-content-disposition=attachment%3B%20filename%3D1e81d468-9d5c-42af-b347-a2703d743be1.flac&x-id=GetObject,0.249267474,24790
WWPam-2021-04-29_09-40.WAV,2021 Wind Wolves Preserve,2021,4,29,9,40,Agelaius tricolor,Common Song,52.79466629,54.17599869,281,7219,24000,present,https://rfcx-streams-production.s3.eu-west-1.amazonaws.com/2021/04/29/6v8np25o29hq/8592b7d7-756a-4634-a36e-cc3c74c51fea.flac?X-Amz-Algorithm=AWS4-HMAC-SHA256&X-Amz-Content-Sha256=UNSIGNED-PAYLOAD&X-Amz-Credential=AKIA45B7YWBX5HAZMGOU%2F20260223%2Feu-west-1%2Fs3%2Faws4_request&X-Amz-Date=20260223T001321Z&X-Amz-Expires=604800&X-Amz-Signature=bf1287cb25be0ebbb744e2f3913e33e534bf29c8e007f33eb126ec7bcd5989ac&X-Amz-SignedHeaders=host&response-content-disposition=attachment%3B%20filename%3D8592b7d7-756a-4634-a36e-cc3c74c51fea.flac&x-id=GetObject,0.211216524,24790
WWPam-2021-04-29_10-40.WAV,2021 Wind Wolves Preserve,2021,4,29,10,40,Agelaius tricolor,Common Song,52.83733368,54.21866608,281,7219,24000,present,https://rfcx-streams-production.s3.eu-west-1.amazonaws.com/2021/04/29/6v8np25o29hq/1ba5461c-4038-4883-b9cc-b83381b08b2d.flac?X-Amz-Algorithm=AWS4-HMAC-SHA256&X-Amz-Content-Sha256=UNSIGNED-PAYLOAD&X-Amz-Credential=AKIA45B7YWBX5HAZMGOU%2F20260223%2Feu-west-1%2Fs3%2Faws4_request&X-Amz-Date=20260223T001321Z&X-Amz-Expires=604800&X-Amz-Signature=a45f47729d862c03a9109e159894322110122173d21be4a99ccafcb8244e4915&X-Amz-SignedHeaders=host&response-content-disposition=attachment%3B%20filename%3D1ba5461c-4038-4883-b9cc-b83381b08b2d.flac&x-id=GetObject,0.228913575,24790
WWPam-2021-04-29_12-00.WAV,2021 Wind Wolves Preserve,2021,4,29,12,0,Agelaius tricolor,Common Song,34.45333481,35.83466721,281,7219,24000,present,https://rfcx-streams-production.s3.eu-west-1.amazonaws.com/2021/04/29/6v8np25o29hq/fd7e1721-4b2a-4fbf-9b59-0bcbfd11ce96.flac?X-Amz-Algorithm=AWS4-HMAC-SHA256&X-Amz-Content-Sha256=UNSIGNED-PAYLOAD&X-Amz-Credential=AKIA45B7YWBX5HAZMGOU%2F20260223%2Feu-west-1%2Fs3%2Faws4_request&X-Amz-Date=20260223T001319Z&X-Amz-Expires=604800&X-Amz-Signature=2f27281e88ea3f654e7461005426a31bd7072b4101086cd838030762fbd06268&X-Amz-SignedHeaders=host&response-content-disposition=attachment%3B%20filename%3Dfd7e1721-4b2a-4fbf-9b59-0bcbfd11ce96.flac&x-id=GetObject,0.238260761,24790
WWPam-2021-04-29_13-00.WAV,2021 Wind Wolves Preserve,2021,4,29,13,0,Agelaius tricolor,Common Song,26.57066727,27.95199966,281,7219,24000,present,https://rfcx-streams-production.s3.eu-west-1.amazonaws.com/2021/04/29/6v8np25o29hq/cf2904bf-e422-40fd-b42a-f2976fa5f2d6.flac?X-Amz-Algorithm=AWS4-HMAC-SHA256&X-Amz-Content-Sha256=UNSIGNED-PAYLOAD&X-Amz-Credential=AKIA45B7YWBX5HAZMGOU%2F20260223%2Feu-west-1%2Fs3%2Faws4_request&X-Amz-Date=20260223T001321Z&X-Amz-Expires=604800&X-Amz-Signature=5e02e09f27152dd54d89da3ce832b0107ddd00124afa24a8262d7140a88d043f&X-Amz-SignedHeaders=host&response-content-disposition=attachment%3B%20filename%3Dcf2904bf-e422-40fd-b42a-f2976fa5f2d6.flac&x-id=GetObject,0.25584054,24790
WWPam-2021-04-29_13-20.WAV,2021 Wind Wolves Preserve,2021,4,29,13,20,Agelaius tricolor,Common Song,48.53333282,49.91466522,281,7219,24000,present,https://rfcx-streams-production.s3.eu-west-1.amazonaws.com/2021/04/29/6v8np25o29hq/5c9d733f-ffa5-4a05-9c60-af86ac5a2e90.flac?X-Amz-Algorithm=AWS4-HMAC-SHA256&X-Amz-Content-Sha256=UNSIGNED-PAYLOAD&X-Amz-Credential=AKIA45B7YWBX5HAZMGOU%2F20260223%2Feu-west-1%2Fs3%2Faws4_request&X-Amz-Date=20260223T001321Z&X-Amz-Expires=604800&X-Amz-Signature=f3acf615a6e883132178c5b37642de1ab0fbb97c953a9db212b51f9d2aab3732&X-Amz-SignedHeaders=host&response-content-disposition=attachment%3B%20filename%3D5c9d733f-ffa5-4a05-9c60-af86ac5a2e90.flac&x-id=GetObject,0.211466819,24790
WWPam-2021-04-29_14-00.WAV,2021 Wind Wolves Preserve,2021,4,29,14,0,Agelaius tricolor,Common Song,10.76799965,12.149333,281,7219,24000,present,https://rfcx-streams-production.s3.eu-west-1.amazonaws.com/2021/04/29/6v8np25o29hq/601a5fdf-62c0-497e-b6cb-c28cb77e2ebe.flac?X-Amz-Algorithm=AWS4-HMAC-SHA256&X-Amz-Content-Sha256=UNSIGNED-PAYLOAD&X-Amz-Credential=AKIA45B7YWBX5HAZMGOU%2F20260223%2Feu-west-1%2Fs3%2Faws4_request&X-Amz-Date=20260223T001321Z&X-Amz-Expires=604800&X-Amz-Signature=86140e08ef2be8ab6faafa3c23d4b9dcc684509fa5949f90503f603366f073ed&X-Amz-SignedHeaders=host&response-content-disposition=attachment%3B%20filename%3D601a5fdf-62c0-497e-b6cb-c28cb77e2ebe.flac&x-id=GetObject,0.282531559,24790
WWPam-2021-04-29_14-20.WAV,2021 Wind Wolves Preserve,2021,4,29,14,20,Agelaius tricolor,Common Song,58.57600021,59.95733261,281,7219,24000,present,https://rfcx-streams-production.s3.eu-west-1.amazonaws.com/2021/04/29/6v8np25o29hq/c6a5dd4e-fccc-4c63-a62f-025fb66e63dc.flac?X-Amz-Algorithm=AWS4-HMAC-SHA256&X-Amz-Content-Sha256=UNSIGNED-PAYLOAD&X-Amz-Credential=AKIA45B7YWBX5HAZMGOU%2F20260223%2Feu-west-1%2Fs3%2Faws4_request&X-Amz-Date=20260223T001321Z&X-Amz-Expires=604800&X-Amz-Signature=13f825b3bf110ee9abb404c78775845463b826956d0a5a1febcf6b8f85356055&X-Amz-SignedHeaders=host&response-content-disposition=attachment%3B%20filename%3Dc6a5dd4e-fccc-4c63-a62f-025fb66e63dc.flac&x-id=GetObject,0.263929665,24790
WWPam-2021-04-29_15-00.WAV,2021 Wind Wolves Preserve,2021,4,29,15,0,Agelaius tricolor,Common Song,14.34133339,15.72266674,281,7219,24000,present,https://rfcx-streams-production.s3.eu-west-1.amazonaws.com/2021/04/29/6v8np25o29hq/d5b44594-1479-44da-b528-f150baeab238.flac?X-Amz-Algorithm=AWS4-HMAC-SHA256&X-Amz-Content-Sha256=UNSIGNED-PAYLOAD&X-Amz-Credential=AKIA45B7YWBX5HAZMGOU%2F20260223%2Feu-west-1%2Fs3%2Faws4_request&X-Amz-Date=20260223T001321Z&X-Amz-Expires=604800&X-Amz-Signature=b2c0523907657e50189f34a164837472423055bb2b5aa4b58d073eb2834dd6fb&X-Amz-SignedHeaders=host&response-content-disposition=attachment%3B%20filename%3Dd5b44594-1479-44da-b528-f150baeab238.flac&x-id=GetObject,0.275202572,24790
WWPam-2021-04-29_16-00.WAV,2021 Wind Wolves Preserve,2021,4,29,16,0,Agelaius tricolor,Common Song,51.43999863,52.82133484,281,7219,24000,present,https://rfcx-streams-production.s3.eu-west-1.amazonaws.com/2021/04/29/6v8np25o29hq/1328c501-e5cb-480f-9dcc-c00eb7b6f3f8.flac?X-Amz-Algorithm=AWS4-HMAC-SHA256&X-Amz-Content-Sha256=UNSIGNED-PAYLOAD&X-Amz-Credential=AKIA45B7YWBX5HAZMGOU%2F20260223%2Feu-west-1%2Fs3%2Faws4_request&X-Amz-Date=20260223T001321Z&X-Amz-Expires=604800&X-Amz-Signature=a19a90ecbd62c862c05f74afc5e109f1bba48a53cda8760686405448aee1d69f&X-Amz-SignedHeaders=host&response-content-disposition=attachment%3B%20filename%3D1328c501-e5cb-480f-9dcc-c00eb7b6f3f8.flac&x-id=GetObject,0.23059012,24790
WWPam-2021-04-29_16-20.WAV,2021 Wind Wolves Preserve,2021,4,29,16,20,Agelaius tricolor,Common Song,39.05599976,40.43733215,281,7219,24000,present,https://rfcx-streams-production.s3.eu-west-1.amazonaws.com/2021/04/29/6v8np25o29hq/b699d7e0-0321-4608-9113-e04a997590cb.flac?X-Amz-Algorithm=AWS4-HMAC-SHA256&X-Amz-Content-Sha256=UNSIGNED-PAYLOAD&X-Amz-Credential=AKIA45B7YWBX5HAZMGOU%2F20260223%2Feu-west-1%2Fs3%2Faws4_request&X-Amz-Date=20260223T001321Z&X-Amz-Expires=604800&X-Amz-Signature=bada43c012c02afed9c852495ef6d70071e65e45f1fa099cdbed44d2acb82ac6&X-Amz-SignedHeaders=host&response-content-disposition=attachment%3B%20filename%3Db699d7e0-0321-4608-9113-e04a997590cb.flac&x-id=GetObject,0.265626907,24790
WWPam-2021-04-29_18-20.WAV,2021 Wind Wolves Preserve,2021,4,29,18,20,Agelaius tricolor,Common Song,1.333333373,2.714666605,281,7219,24000,present,https://rfcx-streams-production.s3.eu-west-1.amazonaws.com/2021/04/30/6v8np25o29hq/52e9859d-7191-499d-92f7-57d511ee5096.flac?X-Amz-Algorithm=AWS4-HMAC-SHA256&X-Amz-Content-Sha256=UNSIGNED-PAYLOAD&X-Amz-Credential=AKIA45B7YWBX5HAZMGOU%2F20260223%2Feu-west-1%2Fs3%2Faws4_request&X-Amz-Date=20260223T001321Z&X-Amz-Expires=604800&X-Amz-Signature=c1914bfdee290a9ec7480f2c61ea4ea6be3c26c6f65a40f018b2b96523a6ef13&X-Amz-SignedHeaders=host&response-content-disposition=attachment%3B%20filename%3D52e9859d-7191-499d-92f7-57d511ee5096.flac&x-id=GetObject,0.219420969,24790
WWPam-2021-04-29_20-40.WAV,2021 Wind Wolves Preserve,2021,4,29,20,40,Agelaius tricolor,Common Song,35.26933289,36.65066528,281,7219,24000,present,https://rfcx-streams-production.s3.eu-west-1.amazonaws.com/2021/04/30/6v8np25o29hq/385efe49-9e2d-4649-a57d-639f10e81808.flac?X-Amz-Algorithm=AWS4-HMAC-SHA256&X-Amz-Content-Sha256=UNSIGNED-PAYLOAD&X-Amz-Credential=AKIA45B7YWBX5HAZMGOU%2F20260223%2Feu-west-1%2Fs3%2Faws4_request&X-Amz-Date=20260223T001319Z&X-Amz-Expires=604800&X-Amz-Signature=dd8ad1d034ca76ce61a035ceec48d738995e2445e2c8498f7e9021697cc3f380&X-Amz-SignedHeaders=host&response-content-disposition=attachment%3B%20filename%3D385efe49-9e2d-4649-a57d-639f10e81808.flac&x-id=GetObject,0.249027669,24790
WWPam-2021-04-30_03-00.WAV,2021 Wind Wolves Preserve,2021,4,30,3,0,Agelaius tricolor,Common Song,54.22933197,55.61066818,281,7219,24000,present,https://rfcx-streams-production.s3.eu-west-1.amazonaws.com/2021/04/30/6v8np25o29hq/b9b7d47f-f27c-46d7-a34f-af4a696ba291.flac?X-Amz-Algorithm=AWS4-HMAC-SHA256&X-Amz-Content-Sha256=UNSIGNED-PAYLOAD&X-Amz-Credential=AKIA45B7YWBX5HAZMGOU%2F20260223%2Feu-west-1%2Fs3%2Faws4_request&X-Amz-Date=20260223T001319Z&X-Amz-Expires=604800&X-Amz-Signature=75d2d4082b38bb41675ef9fc7465b9327cc9858d2752f771357d93c265ae663f&X-Amz-SignedHeaders=host&response-content-disposition=attachment%3B%20filename%3Db9b7d47f-f27c-46d7-a34f-af4a696ba291.flac&x-id=GetObject,0.327532798,24790
WWPam-2021-04-30_04-00.WAV,2021 Wind Wolves Preserve,2021,4,30,4,0,Agelaius tricolor,Common Song,55.58399963,56.96533203,281,7219,24000,present,https://rfcx-streams-production.s3.eu-west-1.amazonaws.com/2021/04/30/6v8np25o29hq/78b7f2ec-1261-453d-8b37-9c9ce7b7f6b0.flac?X-Amz-Algorithm=AWS4-HMAC-SHA256&X-Amz-Content-Sha256=UNSIGNED-PAYLOAD&X-Amz-Credential=AKIA45B7YWBX5HAZMGOU%2F20260223%2Feu-west-1%2Fs3%2Faws4_request&X-Amz-Date=20260223T001321Z&X-Amz-Expires=604800&X-Amz-Signature=cd94770847ce2bee1512a194be456c7c2710f5582e654ea7110030cd68350360&X-Amz-SignedHeaders=host&response-content-disposition=attachment%3B%20filename%3D78b7f2ec-1261-453d-8b37-9c9ce7b7f6b0.flac&x-id=GetObject,0.332024455,24790
WWPam-2021-04-30_05-20.WAV,2021 Wind Wolves Preserve,2021,4,30,5,20,Agelaius tricolor,Common Song,54.90133286,56.28266525,281,7219,24000,present,https://rfcx-streams-production.s3.eu-west-1.amazonaws.com/2021/04/30/6v8np25o29hq/ff482696-47cd-4264-a37f-d9cb0dc500dc.flac?X-Amz-Algorithm=AWS4-HMAC-SHA256&X-Amz-Content-Sha256=UNSIGNED-PAYLOAD&X-Amz-Credential=AKIA45B7YWBX5HAZMGOU%2F20260223%2Feu-west-1%2Fs3%2Faws4_request&X-Amz-Date=20260223T001321Z&X-Amz-Expires=604800&X-Amz-Signature=e66a77ec32581a65a46398f36d865fe06f3496313f98549f77f7d62c190441cd&X-Amz-SignedHeaders=host&response-content-disposition=attachment%3B%20filename%3Dff482696-47cd-4264-a37f-d9cb0dc500dc.flac&x-id=GetObject,0.292728186,24790
WWPam-2021-04-30_06-20.WAV,2021 Wind Wolves Preserve,2021,4,30,6,20,Agelaius tricolor,Common Song,57.16799927,58.54933167,281,7219,24000,present,https://rfcx-streams-production.s3.eu-west-1.amazonaws.com/2021/04/30/6v8np25o29hq/2f1919ea-49d6-4b6c-b659-47f5dbf1e711.flac?X-Amz-Algorithm=AWS4-HMAC-SHA256&X-Amz-Content-Sha256=UNSIGNED-PAYLOAD&X-Amz-Credential=AKIA45B7YWBX5HAZMGOU%2F20260223%2Feu-west-1%2Fs3%2Faws4_request&X-Amz-Date=20260223T001321Z&X-Amz-Expires=604800&X-Amz-Signature=a8e0939c9e5a383dde7b44f56887ae6282b24251fe6ba4064ce37a0c1e7f0163&X-Amz-SignedHeaders=host&response-content-disposition=attachment%3B%20filename%3D2f1919ea-49d6-4b6c-b659-47f5dbf1e711.flac&x-id=GetObject,0.255638897,24790
WWPam-2021-04-30_08-20.WAV,2021 Wind Wolves Preserve,2021,4,30,8,20,Agelaius tricolor,Common Song,16.7626667,18.1439991,281,7219,24000,present,https://rfcx-streams-production.s3.eu-west-1.amazonaws.com/2021/04/30/6v8np25o29hq/c73c915c-1252-43c8-b40e-a76d4888032d.flac?X-Amz-Algorithm=AWS4-HMAC-SHA256&X-Amz-Content-Sha256=UNSIGNED-PAYLOAD&X-Amz-Credential=AKIA45B7YWBX5HAZMGOU%2F20260223%2Feu-west-1%2Fs3%2Faws4_request&X-Amz-Date=20260223T001321Z&X-Amz-Expires=604800&X-Amz-Signature=8caeddf2fec04df89fdd5287d58c1c57ee5139de7ec116058ed6fa4d71483316&X-Amz-SignedHeaders=host&response-content-disposition=attachment%3B%20filename%3Dc73c915c-1252-43c8-b40e-a76d4888032d.flac&x-id=GetObject,0.235242799,24790
WWPam-2021-04-30_11-20.WAV,2021 Wind Wolves Preserve,2021,4,30,11,20,Agelaius tricolor,Common Song,40.36266708,41.74399948,281,7219,24000,present,https://rfcx-streams-production.s3.eu-west-1.amazonaws.com/2021/04/30/6v8np25o29hq/c1fd9289-b993-4fe7-bc2a-00ca087ee1aa.flac?X-Amz-Algorithm=AWS4-HMAC-SHA256&X-Amz-Content-Sha256=UNSIGNED-PAYLOAD&X-Amz-Credential=AKIA45B7YWBX5HAZMGOU%2F20260223%2Feu-west-1%2Fs3%2Faws4_request&X-Amz-Date=20260223T001321Z&X-Amz-Expires=604800&X-Amz-Signature=d72d306666592714473d9e106d190d64b2c0d52165d87a401535dac1a3760a86&X-Amz-SignedHeaders=host&response-content-disposition=attachment%3B%20filename%3Dc1fd9289-b993-4fe7-bc2a-00ca087ee1aa.flac&x-id=GetObject,0.200292572,24790
WWPam-2021-04-30_12-00.WAV,2021 Wind Wolves Preserve,2021,4,30,12,0,Agelaius tricolor,Common Song,0.741333306,2.122666597,281,7219,24000,present,https://rfcx-streams-production.s3.eu-west-1.amazonaws.com/2021/04/30/6v8np25o29hq/847089f1-f2ef-4bb5-b76f-e25538636a2b.flac?X-Amz-Algorithm=AWS4-HMAC-SHA256&X-Amz-Content-Sha256=UNSIGNED-PAYLOAD&X-Amz-Credential=AKIA45B7YWBX5HAZMGOU%2F20260223%2Feu-west-1%2Fs3%2Faws4_request&X-Amz-Date=20260223T001321Z&X-Amz-Expires=604800&X-Amz-Signature=d34cd57f3fa831fffe5eb786e7fba64b19c94b50aebbe0c1b072ca9961d2b7e1&X-Amz-SignedHeaders=host&response-content-disposition=attachment%3B%20filename%3D847089f1-f2ef-4bb5-b76f-e25538636a2b.flac&x-id=GetObject,0.231499121,24790
WWPam-2021-04-30_12-20.WAV,2021 Wind Wolves Preserve,2021,4,30,12,20,Agelaius tricolor,Common Song,44.4640007,45.8453331,281,7219,24000,present,https://rfcx-streams-production.s3.eu-west-1.amazonaws.com/2021/04/30/6v8np25o29hq/0aafa42e-c70b-4207-b540-c79ba5d9b760.flac?X-Amz-Algorithm=AWS4-HMAC-SHA256&X-Amz-Content-Sha256=UNSIGNED-PAYLOAD&X-Amz-Credential=AKIA45B7YWBX5HAZMGOU%2F20260223%2Feu-west-1%2Fs3%2Faws4_request&X-Amz-Date=20260223T001321Z&X-Amz-Expires=604800&X-Amz-Signature=2a7634a1bfffd38f28c32813d7291bad9bdcc91d260af6bceef13b78fec01d13&X-Amz-SignedHeaders=host&response-content-disposition=attachment%3B%20filename%3D0aafa42e-c70b-4207-b540-c79ba5d9b760.flac&x-id=GetObject,0.224081978,24790
WWPam-2021-04-30_12-40.WAV,2021 Wind Wolves Preserve,2021,4,30,12,40,Agelaius tricolor,Common Song,8,9.381333351,281,7219,24000,present,https://rfcx-streams-production.s3.eu-west-1.amazonaws.com/2021/04/30/6v8np25o29hq/3a1fcdaf-7873-44c4-8c2e-ffb344ab208a.flac?X-Amz-Algorithm=AWS4-HMAC-SHA256&X-Amz-Content-Sha256=UNSIGNED-PAYLOAD&X-Amz-Credential=AKIA45B7YWBX5HAZMGOU%2F20260223%2Feu-west-1%2Fs3%2Faws4_request&X-Amz-Date=20260223T001321Z&X-Amz-Expires=604800&X-Amz-Signature=028d02275f852e98c4b1c16626111c9672d580740fb03b9aa903d7dedb18de38&X-Amz-SignedHeaders=host&response-content-disposition=attachment%3B%20filename%3D3a1fcdaf-7873-44c4-8c2e-ffb344ab208a.flac&x-id=GetObject,0.243566483,24790
WWPam-2021-04-30_13-20.WAV,2021 Wind Wolves Preserve,2021,4,30,13,20,Agelaius tricolor,Common Song,1.925333381,3.306666613,281,7219,24000,present,https://rfcx-streams-production.s3.eu-west-1.amazonaws.com/2021/04/30/6v8np25o29hq/715eedd9-d301-4f04-8185-d67bf421f663.flac?X-Amz-Algorithm=AWS4-HMAC-SHA256&X-Amz-Content-Sha256=UNSIGNED-PAYLOAD&X-Amz-Credential=AKIA45B7YWBX5HAZMGOU%2F20260223%2Feu-west-1%2Fs3%2Faws4_request&X-Amz-Date=20260223T001321Z&X-Amz-Expires=604800&X-Amz-Signature=31ba924bb41bb34a2f436847389a600c324abdc50a09e9b608b7ffb7991e4376&X-Amz-SignedHeaders=host&response-content-disposition=attachment%3B%20filename%3D715eedd9-d301-4f04-8185-d67bf421f663.flac&x-id=GetObject,0.249508724,24790
WWPam-2021-04-30_14-20.WAV,2021 Wind Wolves Preserve,2021,4,30,14,20,Agelaius tricolor,Common Song,49.57333374,50.95466614,281,7219,24000,present,https://rfcx-streams-production.s3.eu-west-1.amazonaws.com/2021/04/30/6v8np25o29hq/e247e2b7-2449-44ed-9ae0-220f6a22b83f.flac?X-Amz-Algorithm=AWS4-HMAC-SHA256&X-Amz-Content-Sha256=UNSIGNED-PAYLOAD&X-Amz-Credential=AKIA45B7YWBX5HAZMGOU%2F20260223%2Feu-west-1%2Fs3%2Faws4_request&X-Amz-Date=20260223T001321Z&X-Amz-Expires=604800&X-Amz-Signature=2c4fecc6a6b464f294542f87ca032f47e707ac57c5965fdda8e6ac732a05cfb9&X-Amz-SignedHeaders=host&response-content-disposition=attachment%3B%20filename%3De247e2b7-2449-44ed-9ae0-220f6a22b83f.flac&x-id=GetObject,0.248158246,24790
WWPam-2021-04-30_14-40.WAV,2021 Wind Wolves Preserve,2021,4,30,14,40,Agelaius tricolor,Common Song,6.805333138,8.186666489,281,7219,24000,present,https://rfcx-streams-production.s3.eu-west-1.amazonaws.com/2021/04/30/6v8np25o29hq/784747c9-4251-425b-849d-8f2437609eda.flac?X-Amz-Algorithm=AWS4-HMAC-SHA256&X-Amz-Content-Sha256=UNSIGNED-PAYLOAD&X-Amz-Credential=AKIA45B7YWBX5HAZMGOU%2F20260223%2Feu-west-1%2Fs3%2Faws4_request&X-Amz-Date=20260223T001321Z&X-Amz-Expires=604800&X-Amz-Signature=ef1e070d3d138b330fe6ecce516a46885a248d9c05bd441242e23611bd6104fa&X-Amz-SignedHeaders=host&response-content-disposition=attachment%3B%20filename%3D784747c9-4251-425b-849d-8f2437609eda.flac&x-id=GetObject,0.213539541,24790
WWPam-2021-04-30_15-00.WAV,2021 Wind Wolves Preserve,2021,4,30,15,0,Agelaius tricolor,Common Song,37.23733521,38.6186676,281,7219,24000,present,https://rfcx-streams-production.s3.eu-west-1.amazonaws.com/2021/04/30/6v8np25o29hq/08a5b0e4-aeb0-44c8-ab84-4f28a9a79165.flac?X-Amz-Algorithm=AWS4-HMAC-SHA256&X-Amz-Content-Sha256=UNSIGNED-PAYLOAD&X-Amz-Credential=AKIA45B7YWBX5HAZMGOU%2F20260223%2Feu-west-1%2Fs3%2Faws4_request&X-Amz-Date=20260223T001321Z&X-Amz-Expires=604800&X-Amz-Signature=5d2d0727980fe41847b84ac1463e79abbf5e9e58085e91fee4216eabfa238352&X-Amz-SignedHeaders=host&response-content-disposition=attachment%3B%20filename%3D08a5b0e4-aeb0-44c8-ab84-4f28a9a79165.flac&x-id=GetObject,0.207173109,24790
WWPam-2021-04-30_15-20.WAV,2021 Wind Wolves Preserve,2021,4,30,15,20,Agelaius tricolor,Common Song,1.93599999,3.317333221,281,7219,24000,present,https://rfcx-streams-production.s3.eu-west-1.amazonaws.com/2021/04/30/6v8np25o29hq/e1fc305d-a5ba-4319-8a80-b90d39e896cf.flac?X-Amz-Algorithm=AWS4-HMAC-SHA256&X-Amz-Content-Sha256=UNSIGNED-PAYLOAD&X-Amz-Credential=AKIA45B7YWBX5HAZMGOU%2F20260223%2Feu-west-1%2Fs3%2Faws4_request&X-Amz-Date=20260223T001321Z&X-Amz-Expires=604800&X-Amz-Signature=38490d4643ed3416ad6d6d144a0cf4898890433e6478099e9f09cecb994b0894&X-Amz-SignedHeaders=host&response-content-disposition=attachment%3B%20filename%3De1fc305d-a5ba-4319-8a80-b90d39e896cf.flac&x-id=GetObject,0.216792241,24790
WWPam-2021-04-30_15-40.WAV,2021 Wind Wolves Preserve,2021,4,30,15,40,Agelaius tricolor,Common Song,6.469333172,7.850666523,281,7219,24000,present,https://rfcx-streams-production.s3.eu-west-1.amazonaws.com/2021/04/30/6v8np25o29hq/35bd040e-4dff-4d32-adf5-ef63821ccf5b.flac?X-Amz-Algorithm=AWS4-HMAC-SHA256&X-Amz-Content-Sha256=UNSIGNED-PAYLOAD&X-Amz-Credential=AKIA45B7YWBX5HAZMGOU%2F20260223%2Feu-west-1%2Fs3%2Faws4_request&X-Amz-Date=20260223T001321Z&X-Amz-Expires=604800&X-Amz-Signature=1d38d9a19410358a44a6034090772a5ff9c3b8da556e593db1454fad0179f7c8&X-Amz-SignedHeaders=host&response-content-disposition=attachment%3B%20filename%3D35bd040e-4dff-4d32-adf5-ef63821ccf5b.flac&x-id=GetObject,0.28113097,24790
WWPam-2021-04-30_16-40.WAV,2021 Wind Wolves Preserve,2021,4,30,16,40,Agelaius tricolor,Common Song,29.26933289,30.65066719,281,7219,24000,present,https://rfcx-streams-production.s3.eu-west-1.amazonaws.com/2021/04/30/6v8np25o29hq/50e454fc-1f24-4eb0-b8d4-ac08ef24dbbf.flac?X-Amz-Algorithm=AWS4-HMAC-SHA256&X-Amz-Content-Sha256=UNSIGNED-PAYLOAD&X-Amz-Credential=AKIA45B7YWBX5HAZMGOU%2F20260223%2Feu-west-1%2Fs3%2Faws4_request&X-Amz-Date=20260223T001321Z&X-Amz-Expires=604800&X-Amz-Signature=962ecc9986e81260a0ddcd6c4d05d79819ce37667e8022044df7f3853e1726b0&X-Amz-SignedHeaders=host&response-content-disposition=attachment%3B%20filename%3D50e454fc-1f24-4eb0-b8d4-ac08ef24dbbf.flac&x-id=GetObject,0.24505192,24790
WWPam-2021-04-30_17-20.WAV,2021 Wind Wolves Preserve,2021,4,30,17,20,Agelaius tricolor,Common Song,4.469333172,5.850666523,281,7219,24000,present,https://rfcx-streams-production.s3.eu-west-1.amazonaws.com/2021/05/01/6v8np25o29hq/866b4b19-7f60-477d-987b-b39d4a45c6b1.flac?X-Amz-Algorithm=AWS4-HMAC-SHA256&X-Amz-Content-Sha256=UNSIGNED-PAYLOAD&X-Amz-Credential=AKIA45B7YWBX5HAZMGOU%2F20260223%2Feu-west-1%2Fs3%2Faws4_request&X-Amz-Date=20260223T001321Z&X-Amz-Expires=604800&X-Amz-Signature=edfcb083604d1c6eedaae5c0e625a81fb0dc072057fbcff26409d650e5cbb8ef&X-Amz-SignedHeaders=host&response-content-disposition=attachment%3B%20filename%3D866b4b19-7f60-477d-987b-b39d4a45c6b1.flac&x-id=GetObject,0.308960855,24790
WWPam-2021-04-30_17-40.WAV,2021 Wind Wolves Preserve,2021,4,30,17,40,Agelaius tricolor,Common Song,23.63733292,25.01866722,281,7219,24000,present,https://rfcx-streams-production.s3.eu-west-1.amazonaws.com/2021/05/01/6v8np25o29hq/2dcce77e-246f-4f49-8273-c70b5b66a23a.flac?X-Amz-Algorithm=AWS4-HMAC-SHA256&X-Amz-Content-Sha256=UNSIGNED-PAYLOAD&X-Amz-Credential=AKIA45B7YWBX5HAZMGOU%2F20260223%2Feu-west-1%2Fs3%2Faws4_request&X-Amz-Date=20260223T001321Z&X-Amz-Expires=604800&X-Amz-Signature=2a3fd9ad39e0e4564c0453c8b65d712dd3b782c245224f58ee7ace5da5524f48&X-Amz-SignedHeaders=host&response-content-disposition=attachment%3B%20filename%3D2dcce77e-246f-4f49-8273-c70b5b66a23a.flac&x-id=GetObject,0.255176336,24790
WWPam-2021-04-30_20-20.WAV,2021 Wind Wolves Preserve,2021,4,30,20,20,Agelaius tricolor,Common Song,7.637333393,9.018666267,281,7219,24000,present,https://rfcx-streams-production.s3.eu-west-1.amazonaws.com/2021/05/01/6v8np25o29hq/d43f1716-c4a2-4b6c-822f-98c23d82ddde.flac?X-Amz-Algorithm=AWS4-HMAC-SHA256&X-Amz-Content-Sha256=UNSIGNED-PAYLOAD&X-Amz-Credential=AKIA45B7YWBX5HAZMGOU%2F20260223%2Feu-west-1%2Fs3%2Faws4_request&X-Amz-Date=20260223T001321Z&X-Amz-Expires=604800&X-Amz-Signature=b2991b50853227246c527c629a38a7137cdf0c5e3839190004f95cd590d002e2&X-Amz-SignedHeaders=host&response-content-disposition=attachment%3B%20filename%3Dd43f1716-c4a2-4b6c-822f-98c23d82ddde.flac&x-id=GetObject,0.20216845,24790
WWPam-2021-04-30_20-40.WAV,2021 Wind Wolves Preserve,2021,4,30,20,40,Agelaius tricolor,Common Song,25.0720005,26.4533329,281,7219,24000,present,https://rfcx-streams-production.s3.eu-west-1.amazonaws.com/2021/05/01/6v8np25o29hq/41e40568-63b1-4643-8c0b-d13732cf91f2.flac?X-Amz-Algorithm=AWS4-HMAC-SHA256&X-Amz-Content-Sha256=UNSIGNED-PAYLOAD&X-Amz-Credential=AKIA45B7YWBX5HAZMGOU%2F20260223%2Feu-west-1%2Fs3%2Faws4_request&X-Amz-Date=20260223T001321Z&X-Amz-Expires=604800&X-Amz-Signature=b9b7b38f7e9cdbe278f1a49066d4954bcaf71a927a2ce04dbb48f2f096587c85&X-Amz-SignedHeaders=host&response-content-disposition=attachment%3B%20filename%3D41e40568-63b1-4643-8c0b-d13732cf91f2.flac&x-id=GetObject,0.249399707,24790
WWPam-2021-05-01_02-20.WAV,2021 Wind Wolves Preserve,2021,5,1,2,20,Agelaius tricolor,Common Song,20.33600044,21.71733284,281,7219,24000,present,https://rfcx-streams-production.s3.eu-west-1.amazonaws.com/2021/05/01/6v8np25o29hq/d74530de-364d-4212-8689-1c740a0fc459.flac?X-Amz-Algorithm=AWS4-HMAC-SHA256&X-Amz-Content-Sha256=UNSIGNED-PAYLOAD&X-Amz-Credential=AKIA45B7YWBX5HAZMGOU%2F20260223%2Feu-west-1%2Fs3%2Faws4_request&X-Amz-Date=20260223T001321Z&X-Amz-Expires=604800&X-Amz-Signature=c85ad6b25b828ca197fd0abef07c1e0253562e1485abd8a127e118c3bdc34e78&X-Amz-SignedHeaders=host&response-content-disposition=attachment%3B%20filename%3Dd74530de-364d-4212-8689-1c740a0fc459.flac&x-id=GetObject,0.261473507,24790
WWPam-2021-05-01_06-20.WAV,2021 Wind Wolves Preserve,2021,5,1,6,20,Agelaius tricolor,Common Song,21.59466743,22.97599983,281,7219,24000,present,https://rfcx-streams-production.s3.eu-west-1.amazonaws.com/2021/05/01/6v8np25o29hq/1974291a-0571-4cf8-9c08-eab581cf7cd2.flac?X-Amz-Algorithm=AWS4-HMAC-SHA256&X-Amz-Content-Sha256=UNSIGNED-PAYLOAD&X-Amz-Credential=AKIA45B7YWBX5HAZMGOU%2F20260223%2Feu-west-1%2Fs3%2Faws4_request&X-Amz-Date=20260223T001321Z&X-Amz-Expires=604800&X-Amz-Signature=1243e262b0af16a0a99150d9a213532f0e18114b62cfb34a033959674f50f5a5&X-Amz-SignedHeaders=host&response-content-disposition=attachment%3B%20filename%3D1974291a-0571-4cf8-9c08-eab581cf7cd2.flac&x-id=GetObject,0.300208092,24790
WWPam-2021-05-01_07-00.WAV,2021 Wind Wolves Preserve,2021,5,1,7,0,Agelaius tricolor,Common Song,27.00799942,28.38933372,281,7219,24000,present,https://rfcx-streams-production.s3.eu-west-1.amazonaws.com/2021/05/01/6v8np25o29hq/d9c7e1bc-915a-4455-8af3-4d895c157610.flac?X-Amz-Algorithm=AWS4-HMAC-SHA256&X-Amz-Content-Sha256=UNSIGNED-PAYLOAD&X-Amz-Credential=AKIA45B7YWBX5HAZMGOU%2F20260223%2Feu-west-1%2Fs3%2Faws4_request&X-Amz-Date=20260223T001321Z&X-Amz-Expires=604800&X-Amz-Signature=1235c81d3c8872bb9b1c66387aa00eb7aab21891e82eae25541ee9dc0fa76b8e&X-Amz-SignedHeaders=host&response-content-disposition=attachment%3B%20filename%3Dd9c7e1bc-915a-4455-8af3-4d895c157610.flac&x-id=GetObject,0.224944249,24790
WWPam-2021-05-01_08-40.WAV,2021 Wind Wolves Preserve,2021,5,1,8,40,Agelaius tricolor,Common Song,26.4746666,27.8560009,281,7219,24000,present,https://rfcx-streams-production.s3.eu-west-1.amazonaws.com/2021/05/01/6v8np25o29hq/339c25ff-771c-4ae3-91fd-5598d66469d9.flac?X-Amz-Algorithm=AWS4-HMAC-SHA256&X-Amz-Content-Sha256=UNSIGNED-PAYLOAD&X-Amz-Credential=AKIA45B7YWBX5HAZMGOU%2F20260223%2Feu-west-1%2Fs3%2Faws4_request&X-Amz-Date=20260223T001321Z&X-Amz-Expires=604800&X-Amz-Signature=0692ee06032c153414870b6707372e39871ec5bcd9bb0765c0fbac332918d1ce&X-Amz-SignedHeaders=host&response-content-disposition=attachment%3B%20filename%3D339c25ff-771c-4ae3-91fd-5598d66469d9.flac&x-id=GetObject,0.209239468,24790
WWPam-2021-05-01_10-00.WAV,2021 Wind Wolves Preserve,2021,5,1,10,0,Agelaius tricolor,Common Song,57.50400162,58.88533401,281,7219,24000,present,https://rfcx-streams-production.s3.eu-west-1.amazonaws.com/2021/05/01/6v8np25o29hq/2f6b4bde-f9b7-474f-bbed-c5c7ccad0238.flac?X-Amz-Algorithm=AWS4-HMAC-SHA256&X-Amz-Content-Sha256=UNSIGNED-PAYLOAD&X-Amz-Credential=AKIA45B7YWBX5HAZMGOU%2F20260223%2Feu-west-1%2Fs3%2Faws4_request&X-Amz-Date=20260223T001321Z&X-Amz-Expires=604800&X-Amz-Signature=f108017465c330b9ad515720c104c3618b53103284c68e8d95985d327402ce36&X-Amz-SignedHeaders=host&response-content-disposition=attachment%3B%20filename%3D2f6b4bde-f9b7-474f-bbed-c5c7ccad0238.flac&x-id=GetObject,0.202650651,24790
WWPam-2021-05-01_10-40.WAV,2021 Wind Wolves Preserve,2021,5,1,10,40,Agelaius tricolor,Common Song,37.19466782,38.57600021,281,7219,24000,present,https://rfcx-streams-production.s3.eu-west-1.amazonaws.com/2021/05/01/6v8np25o29hq/a4e4e38f-8e13-47f1-90a8-33152b5d7b43.flac?X-Amz-Algorithm=AWS4-HMAC-SHA256&X-Amz-Content-Sha256=UNSIGNED-PAYLOAD&X-Amz-Credential=AKIA45B7YWBX5HAZMGOU%2F20260223%2Feu-west-1%2Fs3%2Faws4_request&X-Amz-Date=20260223T001321Z&X-Amz-Expires=604800&X-Amz-Signature=cb9a215b4172d40e09946ecd993db99d422aa383ee7baaee2520bee2e400e9e0&X-Amz-SignedHeaders=host&response-content-disposition=attachment%3B%20filename%3Da4e4e38f-8e13-47f1-90a8-33152b5d7b43.flac&x-id=GetObject,0.316910118,24790
WWPam-2021-05-01_11-20.WAV,2021 Wind Wolves Preserve,2021,5,1,11,20,Agelaius tricolor,Common Song,15.42933369,16.81066704,281,7219,24000,present,https://rfcx-streams-production.s3.eu-west-1.amazonaws.com/2021/05/01/6v8np25o29hq/a392759a-a0fe-4d64-8752-c4c0fc9531ba.flac?X-Amz-Algorithm=AWS4-HMAC-SHA256&X-Amz-Content-Sha256=UNSIGNED-PAYLOAD&X-Amz-Credential=AKIA45B7YWBX5HAZMGOU%2F20260223%2Feu-west-1%2Fs3%2Faws4_request&X-Amz-Date=20260223T001321Z&X-Amz-Expires=604800&X-Amz-Signature=7607db129516fa9eb22502791754f5bf3fa1fbb82c98c196f52e4201c284b446&X-Amz-SignedHeaders=host&response-content-disposition=attachment%3B%20filename%3Da392759a-a0fe-4d64-8752-c4c0fc9531ba.flac&x-id=GetObject,0.238834709,24790
WWPam-2021-05-01_12-20.WAV,2021 Wind Wolves Preserve,2021,5,1,12,20,Agelaius tricolor,Common Song,6.335999966,7.717333317,281,7219,24000,present,https://rfcx-streams-production.s3.eu-west-1.amazonaws.com/2021/05/01/6v8np25o29hq/9bdc18f9-b626-4025-9224-7456478af2c2.flac?X-Amz-Algorithm=AWS4-HMAC-SHA256&X-Amz-Content-Sha256=UNSIGNED-PAYLOAD&X-Amz-Credential=AKIA45B7YWBX5HAZMGOU%2F20260223%2Feu-west-1%2Fs3%2Faws4_request&X-Amz-Date=20260223T001321Z&X-Amz-Expires=604800&X-Amz-Signature=d9482544fee38dbe88c74336c2fe4404fc168bac4e73e2d1c53c71a8c04a04af&X-Amz-SignedHeaders=host&response-content-disposition=attachment%3B%20filename%3D9bdc18f9-b626-4025-9224-7456478af2c2.flac&x-id=GetObject,0.273162246,24790
WWPam-2021-05-01_13-20.WAV,2021 Wind Wolves Preserve,2021,5,1,13,20,Agelaius tricolor,Common Song,41.45600128,42.83733368,281,7219,24000,present,https://rfcx-streams-production.s3.eu-west-1.amazonaws.com/2021/05/01/6v8np25o29hq/ddc10784-d617-43a2-aae5-4dec95dfe56b.flac?X-Amz-Algorithm=AWS4-HMAC-SHA256&X-Amz-Content-Sha256=UNSIGNED-PAYLOAD&X-Amz-Credential=AKIA45B7YWBX5HAZMGOU%2F20260223%2Feu-west-1%2Fs3%2Faws4_request&X-Amz-Date=20260223T001321Z&X-Amz-Expires=604800&X-Amz-Signature=c6dc5a14f71fac812e607da43dcd3ee054e007d2c768541ba206890033b98bee&X-Amz-SignedHeaders=host&response-content-disposition=attachment%3B%20filename%3Dddc10784-d617-43a2-aae5-4dec95dfe56b.flac&x-id=GetObject,0.286754251,24790
WWPam-2021-05-01_14-00.WAV,2021 Wind Wolves Preserve,2021,5,1,14,0,Agelaius tricolor,Common Song,10.21333313,11.59466648,281,7219,24000,present,https://rfcx-streams-production.s3.eu-west-1.amazonaws.com/2021/05/01/6v8np25o29hq/6084f5fb-8362-4a5f-be5e-0040be91ab19.flac?X-Amz-Algorithm=AWS4-HMAC-SHA256&X-Amz-Content-Sha256=UNSIGNED-PAYLOAD&X-Amz-Credential=AKIA45B7YWBX5HAZMGOU%2F20260223%2Feu-west-1%2Fs3%2Faws4_request&X-Amz-Date=20260223T001321Z&X-Amz-Expires=604800&X-Amz-Signature=d135cb96d0871bfa0c48f19957037fd065118f37ccd2773d682eff54f1985089&X-Amz-SignedHeaders=host&response-content-disposition=attachment%3B%20filename%3D6084f5fb-8362-4a5f-be5e-0040be91ab19.flac&x-id=GetObject,0.305572778,24790
WWPam-2021-05-01_14-20.WAV,2021 Wind Wolves Preserve,2021,5,1,14,20,Agelaius tricolor,Common Song,50.19200134,51.57333374,281,7219,24000,present,https://rfcx-streams-production.s3.eu-west-1.amazonaws.com/2021/05/01/6v8np25o29hq/4a822038-affc-4984-9fc6-6ae9841b97ff.flac?X-Amz-Algorithm=AWS4-HMAC-SHA256&X-Amz-Content-Sha256=UNSIGNED-PAYLOAD&X-Amz-Credential=AKIA45B7YWBX5HAZMGOU%2F20260223%2Feu-west-1%2Fs3%2Faws4_request&X-Amz-Date=20260223T001321Z&X-Amz-Expires=604800&X-Amz-Signature=944fa7165c4f90845a19fb8b2c4b311e6a119648cbb2ee8341f2f74038ba1c9e&X-Amz-SignedHeaders=host&response-content-disposition=attachment%3B%20filename%3D4a822038-affc-4984-9fc6-6ae9841b97ff.flac&x-id=GetObject,0.247480199,24790
WWPam-2021-05-01_14-40.WAV,2021 Wind Wolves Preserve,2021,5,1,14,40,Agelaius tricolor,Common Song,48.25066757,49.63199997,281,7219,24000,present,https://rfcx-streams-production.s3.eu-west-1.amazonaws.com/2021/05/01/6v8np25o29hq/944c9f3d-389c-484d-90ad-8d51039d4d4d.flac?X-Amz-Algorithm=AWS4-HMAC-SHA256&X-Amz-Content-Sha256=UNSIGNED-PAYLOAD&X-Amz-Credential=AKIA45B7YWBX5HAZMGOU%2F20260223%2Feu-west-1%2Fs3%2Faws4_request&X-Amz-Date=20260223T001321Z&X-Amz-Expires=604800&X-Amz-Signature=58e9fc3e69b40f051fcfb6ac647fe18043711d1f452b2791ef241a1e23b92385&X-Amz-SignedHeaders=host&response-content-disposition=attachment%3B%20filename%3D944c9f3d-389c-484d-90ad-8d51039d4d4d.flac&x-id=GetObject,0.228699669,24790
WWPam-2021-05-01_16-00.WAV,2021 Wind Wolves Preserve,2021,5,1,16,0,Agelaius tricolor,Common Song,19.52000046,20.90133286,281,7219,24000,present,https://rfcx-streams-production.s3.eu-west-1.amazonaws.com/2021/05/01/6v8np25o29hq/bd16ece6-7653-4085-93b5-25d109fe1d31.flac?X-Amz-Algorithm=AWS4-HMAC-SHA256&X-Amz-Content-Sha256=UNSIGNED-PAYLOAD&X-Amz-Credential=AKIA45B7YWBX5HAZMGOU%2F20260223%2Feu-west-1%2Fs3%2Faws4_request&X-Amz-Date=20260223T001321Z&X-Amz-Expires=604800&X-Amz-Signature=9c6e2bf3740a8afb3301bf812b8e048f733452a72da0413184dd348e93850ffa&X-Amz-SignedHeaders=host&response-content-disposition=attachment%3B%20filename%3Dbd16ece6-7653-4085-93b5-25d109fe1d31.flac&x-id=GetObject,0.256030619,24790
WWPam-2021-05-01_16-20.WAV,2021 Wind Wolves Preserve,2021,5,1,16,20,Agelaius tricolor,Common Song,13.6746664,15.05599976,281,7219,24000,present,https://rfcx-streams-production.s3.eu-west-1.amazonaws.com/2021/05/01/6v8np25o29hq/045406dc-eb14-4b55-b53b-bd6abd58d23f.flac?X-Amz-Algorithm=AWS4-HMAC-SHA256&X-Amz-Content-Sha256=UNSIGNED-PAYLOAD&X-Amz-Credential=AKIA45B7YWBX5HAZMGOU%2F20260223%2Feu-west-1%2Fs3%2Faws4_request&X-Amz-Date=20260223T001321Z&X-Amz-Expires=604800&X-Amz-Signature=98387b274fa4998e80eff24bc7103eabc71002868d32f0ff22d5ba896814759c&X-Amz-SignedHeaders=host&response-content-disposition=attachment%3B%20filename%3D045406dc-eb14-4b55-b53b-bd6abd58d23f.flac&x-id=GetObject,0.201754302,24790
WWPam-2021-05-01_16-40.WAV,2021 Wind Wolves Preserve,2021,5,1,16,40,Agelaius tricolor,Common Song,26.4640007,27.8453331,281,7219,24000,present,https://rfcx-streams-production.s3.eu-west-1.amazonaws.com/2021/05/01/6v8np25o29hq/5815433a-c0d6-4e2a-b7a1-7cc653627a64.flac?X-Amz-Algorithm=AWS4-HMAC-SHA256&X-Amz-Content-Sha256=UNSIGNED-PAYLOAD&X-Amz-Credential=AKIA45B7YWBX5HAZMGOU%2F20260223%2Feu-west-1%2Fs3%2Faws4_request&X-Amz-Date=20260223T001319Z&X-Amz-Expires=604800&X-Amz-Signature=c087fa542450c3c468607dcbd3e14362aa69b909c32e6d3144fd427061f7f53f&X-Amz-SignedHeaders=host&response-content-disposition=attachment%3B%20filename%3D5815433a-c0d6-4e2a-b7a1-7cc653627a64.flac&x-id=GetObject,0.304980695,24790
WWPam-2021-05-01_17-20.WAV,2021 Wind Wolves Preserve,2021,5,1,17,20,Agelaius tricolor,Common Song,21.81866646,23.20000076,281,7219,24000,present,https://rfcx-streams-production.s3.eu-west-1.amazonaws.com/2021/05/02/6v8np25o29hq/91c19d40-c09b-4a48-9066-c2a1ce79e3fa.flac?X-Amz-Algorithm=AWS4-HMAC-SHA256&X-Amz-Content-Sha256=UNSIGNED-PAYLOAD&X-Amz-Credential=AKIA45B7YWBX5HAZMGOU%2F20260223%2Feu-west-1%2Fs3%2Faws4_request&X-Amz-Date=20260223T001321Z&X-Amz-Expires=604800&X-Amz-Signature=ea1cf62ab7bd8a79ef7c0bd38d3140a2e82364d45f570fa3bf5a03993116242f&X-Amz-SignedHeaders=host&response-content-disposition=attachment%3B%20filename%3D91c19d40-c09b-4a48-9066-c2a1ce79e3fa.flac&x-id=GetObject,0.25443697,24790
WWPam-2021-05-01_18-40.WAV,2021 Wind Wolves Preserve,2021,5,1,18,40,Agelaius tricolor,Common Song,23.06666756,24.44799995,281,7219,24000,present,https://rfcx-streams-production.s3.eu-west-1.amazonaws.com/2021/05/02/6v8np25o29hq/b164e17d-b3a0-4835-8f4e-ef237fb02f0f.flac?X-Amz-Algorithm=AWS4-HMAC-SHA256&X-Amz-Content-Sha256=UNSIGNED-PAYLOAD&X-Amz-Credential=AKIA45B7YWBX5HAZMGOU%2F20260223%2Feu-west-1%2Fs3%2Faws4_request&X-Amz-Date=20260223T001321Z&X-Amz-Expires=604800&X-Amz-Signature=f589a491799b81a44ee2c49acef34cb1738690c3c9ed5abb7edbc88a153fd35e&X-Amz-SignedHeaders=host&response-content-disposition=attachment%3B%20filename%3Db164e17d-b3a0-4835-8f4e-ef237fb02f0f.flac&x-id=GetObject,0.25176996,24790
WWPam-2021-05-02_05-20.WAV,2021 Wind Wolves Preserve,2021,5,2,5,20,Agelaius tricolor,Common Song,17.04000092,18.42133331,281,7219,24000,present,https://rfcx-streams-production.s3.eu-west-1.amazonaws.com/2021/05/02/6v8np25o29hq/73630390-8b4d-415e-a2a2-3aa95ab24c94.flac?X-Amz-Algorithm=AWS4-HMAC-SHA256&X-Amz-Content-Sha256=UNSIGNED-PAYLOAD&X-Amz-Credential=AKIA45B7YWBX5HAZMGOU%2F20260223%2Feu-west-1%2Fs3%2Faws4_request&X-Amz-Date=20260223T001319Z&X-Amz-Expires=604800&X-Amz-Signature=d2e3480010d16c886cccc7c7a1bc61205a25a6c4f2ac6d3ef5bbbb02d9bad38f&X-Amz-SignedHeaders=host&response-content-disposition=attachment%3B%20filename%3D73630390-8b4d-415e-a2a2-3aa95ab24c94.flac&x-id=GetObject,0.268780053,24790
WWPam-2021-05-02_08-00.WAV,2021 Wind Wolves Preserve,2021,5,2,8,0,Agelaius tricolor,Common Song,31.33333397,32.71466827,281,7219,24000,present,https://rfcx-streams-production.s3.eu-west-1.amazonaws.com/2021/05/02/6v8np25o29hq/25f8043f-4cf8-44bd-ae1c-0a2dafd6e662.flac?X-Amz-Algorithm=AWS4-HMAC-SHA256&X-Amz-Content-Sha256=UNSIGNED-PAYLOAD&X-Amz-Credential=AKIA45B7YWBX5HAZMGOU%2F20260223%2Feu-west-1%2Fs3%2Faws4_request&X-Amz-Date=20260223T001321Z&X-Amz-Expires=604800&X-Amz-Signature=db9b31232fc621224c48acabd6aae981ba730fce4c07a16049452caa051b5c1a&X-Amz-SignedHeaders=host&response-content-disposition=attachment%3B%20filename%3D25f8043f-4cf8-44bd-ae1c-0a2dafd6e662.flac&x-id=GetObject,0.233782247,24790
WWPam-2021-05-02_08-20.WAV,2021 Wind Wolves Preserve,2021,5,2,8,20,Agelaius tricolor,Common Song,43.2266655,44.60800171,281,7219,24000,present,https://rfcx-streams-production.s3.eu-west-1.amazonaws.com/2021/05/02/6v8np25o29hq/e24ae456-afea-414a-a274-7f022795a091.flac?X-Amz-Algorithm=AWS4-HMAC-SHA256&X-Amz-Content-Sha256=UNSIGNED-PAYLOAD&X-Amz-Credential=AKIA45B7YWBX5HAZMGOU%2F20260223%2Feu-west-1%2Fs3%2Faws4_request&X-Amz-Date=20260223T001321Z&X-Amz-Expires=604800&X-Amz-Signature=ed3179b99e5d1db5e341e3b0e360266203b3c2e03936e57557e5c870070660ce&X-Amz-SignedHeaders=host&response-content-disposition=attachment%3B%20filename%3De24ae456-afea-414a-a274-7f022795a091.flac&x-id=GetObject,0.237320915,24790
WWPam-2021-05-02_08-40.WAV,2021 Wind Wolves Preserve,2021,5,2,8,40,Agelaius tricolor,Common Song,9.802666664,11.18400002,281,7219,24000,present,https://rfcx-streams-production.s3.eu-west-1.amazonaws.com/2021/05/02/6v8np25o29hq/3c2a6c93-224c-46ff-86d4-ec1a754ec912.flac?X-Amz-Algorithm=AWS4-HMAC-SHA256&X-Amz-Content-Sha256=UNSIGNED-PAYLOAD&X-Amz-Credential=AKIA45B7YWBX5HAZMGOU%2F20260223%2Feu-west-1%2Fs3%2Faws4_request&X-Amz-Date=20260223T001321Z&X-Amz-Expires=604800&X-Amz-Signature=da478ee8a75b4fb8b323e01017d415028156e1f8fa1f97924c5406d9b861b38d&X-Amz-SignedHeaders=host&response-content-disposition=attachment%3B%20filename%3D3c2a6c93-224c-46ff-86d4-ec1a754ec912.flac&x-id=GetObject,0.243142948,24790
WWPam-2021-05-02_09-00.WAV,2021 Wind Wolves Preserve,2021,5,2,9,0,Agelaius tricolor,Common Song,45.35466766,46.73600006,281,7219,24000,present,https://rfcx-streams-production.s3.eu-west-1.amazonaws.com/2021/05/02/6v8np25o29hq/8861e51e-8175-4819-b2f4-86bb85de4df5.flac?X-Amz-Algorithm=AWS4-HMAC-SHA256&X-Amz-Content-Sha256=UNSIGNED-PAYLOAD&X-Amz-Credential=AKIA45B7YWBX5HAZMGOU%2F20260223%2Feu-west-1%2Fs3%2Faws4_request&X-Amz-Date=20260223T001321Z&X-Amz-Expires=604800&X-Amz-Signature=8b3fcca542059b6245f93f9da089cd9d9ee324da852338c92bd142ccd7a7f93e&X-Amz-SignedHeaders=host&response-content-disposition=attachment%3B%20filename%3D8861e51e-8175-4819-b2f4-86bb85de4df5.flac&x-id=GetObject,0.206345379,24790
WWPam-2021-05-02_09-20.WAV,2021 Wind Wolves Preserve,2021,5,2,9,20,Agelaius tricolor,Common Song,32.72533417,34.10666656,281,7219,24000,present,https://rfcx-streams-production.s3.eu-west-1.amazonaws.com/2021/05/02/6v8np25o29hq/5b5f010e-75cb-4aea-92ac-6645c58d89fe.flac?X-Amz-Algorithm=AWS4-HMAC-SHA256&X-Amz-Content-Sha256=UNSIGNED-PAYLOAD&X-Amz-Credential=AKIA45B7YWBX5HAZMGOU%2F20260223%2Feu-west-1%2Fs3%2Faws4_request&X-Amz-Date=20260223T001321Z&X-Amz-Expires=604800&X-Amz-Signature=10119f971f7b7908115593307c4fc2e46ec7780f583425e72b666cb57f23ec60&X-Amz-SignedHeaders=host&response-content-disposition=attachment%3B%20filename%3D5b5f010e-75cb-4aea-92ac-6645c58d89fe.flac&x-id=GetObject,0.255935311,24790
WWPam-2021-05-02_09-40.WAV,2021 Wind Wolves Preserve,2021,5,2,9,40,Agelaius tricolor,Common Song,49.87733459,51.25866699,281,7219,24000,present,https://rfcx-streams-production.s3.eu-west-1.amazonaws.com/2021/05/02/6v8np25o29hq/1b511729-9bea-45d2-ba0a-dfd444cb4028.flac?X-Amz-Algorithm=AWS4-HMAC-SHA256&X-Amz-Content-Sha256=UNSIGNED-PAYLOAD&X-Amz-Credential=AKIA45B7YWBX5HAZMGOU%2F20260223%2Feu-west-1%2Fs3%2Faws4_request&X-Amz-Date=20260223T001321Z&X-Amz-Expires=604800&X-Amz-Signature=03e684f3af163a3d14c191b2e27e88e037c001c329bd1ffd97c450dce9bb7549&X-Amz-SignedHeaders=host&response-content-disposition=attachment%3B%20filename%3D1b511729-9bea-45d2-ba0a-dfd444cb4028.flac&x-id=GetObject,0.254040539,24790
WWPam-2021-05-02_10-00.WAV,2021 Wind Wolves Preserve,2021,5,2,10,0,Agelaius tricolor,Common Song,3.541333437,4.92266655,281,7219,24000,present,https://rfcx-streams-production.s3.eu-west-1.amazonaws.com/2021/05/02/6v8np25o29hq/4c331c5e-c29b-4231-90db-62671cf03bab.flac?X-Amz-Algorithm=AWS4-HMAC-SHA256&X-Amz-Content-Sha256=UNSIGNED-PAYLOAD&X-Amz-Credential=AKIA45B7YWBX5HAZMGOU%2F20260223%2Feu-west-1%2Fs3%2Faws4_request&X-Amz-Date=20260223T001321Z&X-Amz-Expires=604800&X-Amz-Signature=0262e6336efe1881db216342adfc8823fa61e74570ca0740bb0c5842c538510f&X-Amz-SignedHeaders=host&response-content-disposition=attachment%3B%20filename%3D4c331c5e-c29b-4231-90db-62671cf03bab.flac&x-id=GetObject,0.227778092,24790
WWPam-2021-05-02_10-20.WAV,2021 Wind Wolves Preserve,2021,5,2,10,20,Agelaius tricolor,Common Song,41.13066483,42.51200104,281,7219,24000,present,https://rfcx-streams-production.s3.eu-west-1.amazonaws.com/2021/05/02/6v8np25o29hq/4ddbde09-aeac-496d-9441-a03d89ea3b98.flac?X-Amz-Algorithm=AWS4-HMAC-SHA256&X-Amz-Content-Sha256=UNSIGNED-PAYLOAD&X-Amz-Credential=AKIA45B7YWBX5HAZMGOU%2F20260223%2Feu-west-1%2Fs3%2Faws4_request&X-Amz-Date=20260223T001321Z&X-Amz-Expires=604800&X-Amz-Signature=20bc61e1b76593695199ee2d1d1d5fafa8a9af7e3f462a77152a92b87c456d3e&X-Amz-SignedHeaders=host&response-content-disposition=attachment%3B%20filename%3D4ddbde09-aeac-496d-9441-a03d89ea3b98.flac&x-id=GetObject,0.283081174,24790
WWPam-2021-05-02_11-00.WAV,2021 Wind Wolves Preserve,2021,5,2,11,0,Agelaius tricolor,Common Song,20.73600006,22.11733246,281,7219,24000,present,https://rfcx-streams-production.s3.eu-west-1.amazonaws.com/2021/05/02/6v8np25o29hq/d9f90872-2b88-4c3f-aa55-a94a267ab928.flac?X-Amz-Algorithm=AWS4-HMAC-SHA256&X-Amz-Content-Sha256=UNSIGNED-PAYLOAD&X-Amz-Credential=AKIA45B7YWBX5HAZMGOU%2F20260223%2Feu-west-1%2Fs3%2Faws4_request&X-Amz-Date=20260223T001321Z&X-Amz-Expires=604800&X-Amz-Signature=f96133d1339d3a44f72deefa1add14d78d3570cf6e3dc752eddf99afb37fc387&X-Amz-SignedHeaders=host&response-content-disposition=attachment%3B%20filename%3Dd9f90872-2b88-4c3f-aa55-a94a267ab928.flac&x-id=GetObject,0.229621217,24790
WWPam-2021-05-02_11-20.WAV,2021 Wind Wolves Preserve,2021,5,2,11,20,Agelaius tricolor,Common Song,52.17066574,53.55199814,281,7219,24000,present,https://rfcx-streams-production.s3.eu-west-1.amazonaws.com/2021/05/02/6v8np25o29hq/7f093a15-b8e6-46d9-a0b3-9b6a4171968a.flac?X-Amz-Algorithm=AWS4-HMAC-SHA256&X-Amz-Content-Sha256=UNSIGNED-PAYLOAD&X-Amz-Credential=AKIA45B7YWBX5HAZMGOU%2F20260223%2Feu-west-1%2Fs3%2Faws4_request&X-Amz-Date=20260223T001321Z&X-Amz-Expires=604800&X-Amz-Signature=cdac659aea499be8889a7be40f95b163e856cfbc3a4f58d3d19c8ffb816c352b&X-Amz-SignedHeaders=host&response-content-disposition=attachment%3B%20filename%3D7f093a15-b8e6-46d9-a0b3-9b6a4171968a.flac&x-id=GetObject,0.24584353,24790
WWPam-2021-05-02_12-40.WAV,2021 Wind Wolves Preserve,2021,5,2,12,40,Agelaius tricolor,Common Song,1.519999981,2.901333332,281,7219,24000,present,https://rfcx-streams-production.s3.eu-west-1.amazonaws.com/2021/05/02/6v8np25o29hq/a6720b87-68d1-40f4-8d84-321dc1d726ca.flac?X-Amz-Algorithm=AWS4-HMAC-SHA256&X-Amz-Content-Sha256=UNSIGNED-PAYLOAD&X-Amz-Credential=AKIA45B7YWBX5HAZMGOU%2F20260223%2Feu-west-1%2Fs3%2Faws4_request&X-Amz-Date=20260223T001321Z&X-Amz-Expires=604800&X-Amz-Signature=0411086dd03c604d88f62859e3c0741fda045a2607ddc23013f6d663f02e8210&X-Amz-SignedHeaders=host&response-content-disposition=attachment%3B%20filename%3Da6720b87-68d1-40f4-8d84-321dc1d726ca.flac&x-id=GetObject,0.240947366,24790
WWPam-2021-05-02_13-00.WAV,2021 Wind Wolves Preserve,2021,5,2,13,0,Agelaius tricolor,Common Song,37.26399994,38.64533234,281,7219,24000,present,https://rfcx-streams-production.s3.eu-west-1.amazonaws.com/2021/05/02/6v8np25o29hq/a13b7229-ed39-4de3-8dc4-810d2a83ce01.flac?X-Amz-Algorithm=AWS4-HMAC-SHA256&X-Amz-Content-Sha256=UNSIGNED-PAYLOAD&X-Amz-Credential=AKIA45B7YWBX5HAZMGOU%2F20260223%2Feu-west-1%2Fs3%2Faws4_request&X-Amz-Date=20260223T001321Z&X-Amz-Expires=604800&X-Amz-Signature=aa20f90c44136a6199eb92253b2a8d7100a7b75b594f9ecc10565ef33eafa5f3&X-Amz-SignedHeaders=host&response-content-disposition=attachment%3B%20filename%3Da13b7229-ed39-4de3-8dc4-810d2a83ce01.flac&x-id=GetObject,0.261044443,24790
WWPam-2021-05-02_13-40.WAV,2021 Wind Wolves Preserve,2021,5,2,13,40,Agelaius tricolor,Common Song,34.58666611,35.9679985,281,7219,24000,present,https://rfcx-streams-production.s3.eu-west-1.amazonaws.com/2021/05/02/6v8np25o29hq/a1d54dae-cdc1-41b6-82bc-6a47c7b9855e.flac?X-Amz-Algorithm=AWS4-HMAC-SHA256&X-Amz-Content-Sha256=UNSIGNED-PAYLOAD&X-Amz-Credential=AKIA45B7YWBX5HAZMGOU%2F20260223%2Feu-west-1%2Fs3%2Faws4_request&X-Amz-Date=20260223T001321Z&X-Amz-Expires=604800&X-Amz-Signature=f703074088eb9bb1d39dc33783bd739cca5cb7d9ddb620512318dc828195e4c6&X-Amz-SignedHeaders=host&response-content-disposition=attachment%3B%20filename%3Da1d54dae-cdc1-41b6-82bc-6a47c7b9855e.flac&x-id=GetObject,0.288916498,24790
WWPam-2021-05-02_14-00.WAV,2021 Wind Wolves Preserve,2021,5,2,14,0,Agelaius tricolor,Common Song,25.09866714,26.47999954,281,7219,24000,present,https://rfcx-streams-production.s3.eu-west-1.amazonaws.com/2021/05/02/6v8np25o29hq/d105e331-b36f-4e7f-ba59-a4ea9f3d04b2.flac?X-Amz-Algorithm=AWS4-HMAC-SHA256&X-Amz-Content-Sha256=UNSIGNED-PAYLOAD&X-Amz-Credential=AKIA45B7YWBX5HAZMGOU%2F20260223%2Feu-west-1%2Fs3%2Faws4_request&X-Amz-Date=20260223T001321Z&X-Amz-Expires=604800&X-Amz-Signature=47ec6a05542683889fd2ace3708bae62b637e62b6edebcdfade3da10881f11e5&X-Amz-SignedHeaders=host&response-content-disposition=attachment%3B%20filename%3Dd105e331-b36f-4e7f-ba59-a4ea9f3d04b2.flac&x-id=GetObject,0.234748468,24790
WWPam-2021-05-02_15-20.WAV,2021 Wind Wolves Preserve,2021,5,2,15,20,Agelaius tricolor,Common Song,15.89333344,17.27466583,281,7219,24000,present,https://rfcx-streams-production.s3.eu-west-1.amazonaws.com/2021/05/02/6v8np25o29hq/46e267d3-3ca5-4f19-8620-d4614a2d1703.flac?X-Amz-Algorithm=AWS4-HMAC-SHA256&X-Amz-Content-Sha256=UNSIGNED-PAYLOAD&X-Amz-Credential=AKIA45B7YWBX5HAZMGOU%2F20260223%2Feu-west-1%2Fs3%2Faws4_request&X-Amz-Date=20260223T001321Z&X-Amz-Expires=604800&X-Amz-Signature=6dbbc4868d26923003fdc9c189d9f5984ef711f9c96b32ea28fa3e9526a5b740&X-Amz-SignedHeaders=host&response-content-disposition=attachment%3B%20filename%3D46e267d3-3ca5-4f19-8620-d4614a2d1703.flac&x-id=GetObject,0.296397358,24790
WWPam-2021-05-02_17-40.WAV,2021 Wind Wolves Preserve,2021,5,2,17,40,Agelaius tricolor,Common Song,19.13066673,20.51199913,281,7219,24000,present,https://rfcx-streams-production.s3.eu-west-1.amazonaws.com/2021/05/03/6v8np25o29hq/38ce1c57-14d7-49ba-89fd-6d3437e398e0.flac?X-Amz-Algorithm=AWS4-HMAC-SHA256&X-Amz-Content-Sha256=UNSIGNED-PAYLOAD&X-Amz-Credential=AKIA45B7YWBX5HAZMGOU%2F20260223%2Feu-west-1%2Fs3%2Faws4_request&X-Amz-Date=20260223T001321Z&X-Amz-Expires=604800&X-Amz-Signature=984efd16770c299bc518428ec83f29941f8759a231bfd89f46f00bdca0ac1bb5&X-Amz-SignedHeaders=host&response-content-disposition=attachment%3B%20filename%3D38ce1c57-14d7-49ba-89fd-6d3437e398e0.flac&x-id=GetObject,0.247087687,24790
WWPam-2021-05-02_18-20.WAV,2021 Wind Wolves Preserve,2021,5,2,18,20,Agelaius tricolor,Common Song,9.855999947,11.2373333,281,7219,24000,present,https://rfcx-streams-production.s3.eu-west-1.amazonaws.com/2021/05/03/6v8np25o29hq/1e17451c-0696-42d4-a9a0-efeedaa9408d.flac?X-Amz-Algorithm=AWS4-HMAC-SHA256&X-Amz-Content-Sha256=UNSIGNED-PAYLOAD&X-Amz-Credential=AKIA45B7YWBX5HAZMGOU%2F20260223%2Feu-west-1%2Fs3%2Faws4_request&X-Amz-Date=20260223T001321Z&X-Amz-Expires=604800&X-Amz-Signature=86bac09f3472ac9be903cfd9dcef8eef3f47444f4f11d42714356f38ec553c61&X-Amz-SignedHeaders=host&response-content-disposition=attachment%3B%20filename%3D1e17451c-0696-42d4-a9a0-efeedaa9408d.flac&x-id=GetObject,0.288621426,24790
WWPam-2021-05-02_18-40.WAV,2021 Wind Wolves Preserve,2021,5,2,18,40,Agelaius tricolor,Common Song,20.27733421,21.65866661,281,7219,24000,present,https://rfcx-streams-production.s3.eu-west-1.amazonaws.com/2021/05/03/6v8np25o29hq/6c407395-3629-48d9-aa83-bc29a6fdd508.flac?X-Amz-Algorithm=AWS4-HMAC-SHA256&X-Amz-Content-Sha256=UNSIGNED-PAYLOAD&X-Amz-Credential=AKIA45B7YWBX5HAZMGOU%2F20260223%2Feu-west-1%2Fs3%2Faws4_request&X-Amz-Date=20260223T001321Z&X-Amz-Expires=604800&X-Amz-Signature=afc56f3371091b3b0282532482ea007c5af8927b9d3c7757bc9054e945f95d6c&X-Amz-SignedHeaders=host&response-content-disposition=attachment%3B%20filename%3D6c407395-3629-48d9-aa83-bc29a6fdd508.flac&x-id=GetObject,0.206652865,24790
WWPam-2021-05-02_19-00.WAV,2021 Wind Wolves Preserve,2021,5,2,19,0,Agelaius tricolor,Common Song,2.319999933,3.701333284,281,7219,24000,present,https://rfcx-streams-production.s3.eu-west-1.amazonaws.com/2021/05/03/6v8np25o29hq/4dcc9af6-09c5-4344-a6ef-f72ca2861f5d.flac?X-Amz-Algorithm=AWS4-HMAC-SHA256&X-Amz-Content-Sha256=UNSIGNED-PAYLOAD&X-Amz-Credential=AKIA45B7YWBX5HAZMGOU%2F20260223%2Feu-west-1%2Fs3%2Faws4_request&X-Amz-Date=20260223T001321Z&X-Amz-Expires=604800&X-Amz-Signature=ed544e9ef85cb924076c77c54d2f72f32bbf715e824267c920e2cc8c7da9ee54&X-Amz-SignedHeaders=host&response-content-disposition=attachment%3B%20filename%3D4dcc9af6-09c5-4344-a6ef-f72ca2861f5d.flac&x-id=GetObject,0.22956644,24790
WWPam-2021-05-02_19-20.WAV,2021 Wind Wolves Preserve,2021,5,2,19,20,Agelaius tricolor,Common Song,12.70400047,14.08533287,281,7219,24000,present,https://rfcx-streams-production.s3.eu-west-1.amazonaws.com/2021/05/03/6v8np25o29hq/61078f70-f661-4620-bcaa-5f9473e38038.flac?X-Amz-Algorithm=AWS4-HMAC-SHA256&X-Amz-Content-Sha256=UNSIGNED-PAYLOAD&X-Amz-Credential=AKIA45B7YWBX5HAZMGOU%2F20260223%2Feu-west-1%2Fs3%2Faws4_request&X-Amz-Date=20260223T001321Z&X-Amz-Expires=604800&X-Amz-Signature=bd16a6ddfe1e6d47e795e175a79d53edb5323080c9949dea4e69932544d87c3b&X-Amz-SignedHeaders=host&response-content-disposition=attachment%3B%20filename%3D61078f70-f661-4620-bcaa-5f9473e38038.flac&x-id=GetObject,0.219064251,24790
WWPam-2021-05-02_21-20.WAV,2021 Wind Wolves Preserve,2021,5,2,21,20,Agelaius tricolor,Common Song,7.450666904,8.831999779,281,7219,24000,present,https://rfcx-streams-production.s3.eu-west-1.amazonaws.com/2021/05/03/6v8np25o29hq/7e86c6a1-0675-4148-be4b-05922842f0d2.flac?X-Amz-Algorithm=AWS4-HMAC-SHA256&X-Amz-Content-Sha256=UNSIGNED-PAYLOAD&X-Amz-Credential=AKIA45B7YWBX5HAZMGOU%2F20260223%2Feu-west-1%2Fs3%2Faws4_request&X-Amz-Date=20260223T001321Z&X-Amz-Expires=604800&X-Amz-Signature=6bdff879aed1f4ad57d47150b41ee24e9944190c74ddd9ada0015192b1ee7308&X-Amz-SignedHeaders=host&response-content-disposition=attachment%3B%20filename%3D7e86c6a1-0675-4148-be4b-05922842f0d2.flac&x-id=GetObject,0.284519553,24790
WWPam-2021-05-03_07-40.WAV,2021 Wind Wolves Preserve,2021,5,3,7,40,Agelaius tricolor,Common Song,1.194666624,2.575999975,281,7219,24000,present,https://rfcx-streams-production.s3.eu-west-1.amazonaws.com/2021/05/03/6v8np25o29hq/67908d90-9fcc-4ee0-928a-993462f5178d.flac?X-Amz-Algorithm=AWS4-HMAC-SHA256&X-Amz-Content-Sha256=UNSIGNED-PAYLOAD&X-Amz-Credential=AKIA45B7YWBX5HAZMGOU%2F20260223%2Feu-west-1%2Fs3%2Faws4_request&X-Amz-Date=20260223T001321Z&X-Amz-Expires=604800&X-Amz-Signature=86068af25bc7402f76011d3c0f8893b1dbb38009b9d68c5626d38d279b2fa7b4&X-Amz-SignedHeaders=host&response-content-disposition=attachment%3B%20filename%3D67908d90-9fcc-4ee0-928a-993462f5178d.flac&x-id=GetObject,0.254231453,24790
WWPam-2021-05-03_08-00.WAV,2021 Wind Wolves Preserve,2021,5,3,8,0,Agelaius tricolor,Common Song,13.94133377,15.32266712,281,7219,24000,present,https://rfcx-streams-production.s3.eu-west-1.amazonaws.com/2021/05/03/6v8np25o29hq/16db5e81-a5cc-401b-8215-7255d1e882ac.flac?X-Amz-Algorithm=AWS4-HMAC-SHA256&X-Amz-Content-Sha256=UNSIGNED-PAYLOAD&X-Amz-Credential=AKIA45B7YWBX5HAZMGOU%2F20260223%2Feu-west-1%2Fs3%2Faws4_request&X-Amz-Date=20260223T001321Z&X-Amz-Expires=604800&X-Amz-Signature=f534dfca2db0f69d36dcb6940d57b94527c7a976db459edf9cae1420a887aa58&X-Amz-SignedHeaders=host&response-content-disposition=attachment%3B%20filename%3D16db5e81-a5cc-401b-8215-7255d1e882ac.flac&x-id=GetObject,0.206474453,24790
WWPam-2021-05-03_09-40.WAV,2021 Wind Wolves Preserve,2021,5,3,9,40,Agelaius tricolor,Common Song,12.22399998,13.60533333,281,7219,24000,present,https://rfcx-streams-production.s3.eu-west-1.amazonaws.com/2021/05/03/6v8np25o29hq/c0b77139-be7f-4d8a-826b-b6ca6599d701.flac?X-Amz-Algorithm=AWS4-HMAC-SHA256&X-Amz-Content-Sha256=UNSIGNED-PAYLOAD&X-Amz-Credential=AKIA45B7YWBX5HAZMGOU%2F20260223%2Feu-west-1%2Fs3%2Faws4_request&X-Amz-Date=20260223T001321Z&X-Amz-Expires=604800&X-Amz-Signature=2d3746727d45d54ffafab19a5e84a6648b7f2f17c87510a1c35d7a27f45f1dfa&X-Amz-SignedHeaders=host&response-content-disposition=attachment%3B%20filename%3Dc0b77139-be7f-4d8a-826b-b6ca6599d701.flac&x-id=GetObject,0.252244264,24790
WWPam-2021-05-03_11-20.WAV,2021 Wind Wolves Preserve,2021,5,3,11,20,Agelaius tricolor,Common Song,26.60266685,27.98399925,281,7219,24000,present,https://rfcx-streams-production.s3.eu-west-1.amazonaws.com/2021/05/03/6v8np25o29hq/d0496d53-9f60-4079-b3d2-0be90ea78fab.flac?X-Amz-Algorithm=AWS4-HMAC-SHA256&X-Amz-Content-Sha256=UNSIGNED-PAYLOAD&X-Amz-Credential=AKIA45B7YWBX5HAZMGOU%2F20260223%2Feu-west-1%2Fs3%2Faws4_request&X-Amz-Date=20260223T001321Z&X-Amz-Expires=604800&X-Amz-Signature=2371f26616e3394daacfe4ea3d4af0f01eccbc75f860cfbfce2b1b4102284387&X-Amz-SignedHeaders=host&response-content-disposition=attachment%3B%20filename%3Dd0496d53-9f60-4079-b3d2-0be90ea78fab.flac&x-id=GetObject,0.248827249,24790
WWPam-2021-05-03_13-20.WAV,2021 Wind Wolves Preserve,2021,5,3,13,20,Agelaius tricolor,Common Song,27.26933289,28.65066719,281,7219,24000,present,https://rfcx-streams-production.s3.eu-west-1.amazonaws.com/2021/05/03/6v8np25o29hq/093befe7-3ca7-4bba-a097-a59d207c9255.flac?X-Amz-Algorithm=AWS4-HMAC-SHA256&X-Amz-Content-Sha256=UNSIGNED-PAYLOAD&X-Amz-Credential=AKIA45B7YWBX5HAZMGOU%2F20260223%2Feu-west-1%2Fs3%2Faws4_request&X-Amz-Date=20260223T001321Z&X-Amz-Expires=604800&X-Amz-Signature=83b04f9c8705c018dd5dfbb5583466a2c7ac4fa014eb440c438e5e6b761619f1&X-Amz-SignedHeaders=host&response-content-disposition=attachment%3B%20filename%3D093befe7-3ca7-4bba-a097-a59d207c9255.flac&x-id=GetObject,0.268071741,24790
WWPam-2021-05-03_14-00.WAV,2021 Wind Wolves Preserve,2021,5,3,14,0,Agelaius tricolor,Common Song,19.41866684,20.79999924,281,7219,24000,present,https://rfcx-streams-production.s3.eu-west-1.amazonaws.com/2021/05/03/6v8np25o29hq/7391f02b-d8f5-4c87-8488-b7750575d473.flac?X-Amz-Algorithm=AWS4-HMAC-SHA256&X-Amz-Content-Sha256=UNSIGNED-PAYLOAD&X-Amz-Credential=AKIA45B7YWBX5HAZMGOU%2F20260223%2Feu-west-1%2Fs3%2Faws4_request&X-Amz-Date=20260223T001321Z&X-Amz-Expires=604800&X-Amz-Signature=eea8fbc0168e050426d61747197f6d9a3271e12430f045f8932524821b64e2f8&X-Amz-SignedHeaders=host&response-content-disposition=attachment%3B%20filename%3D7391f02b-d8f5-4c87-8488-b7750575d473.flac&x-id=GetObject,0.236202016,24790
WWPam-2021-05-03_18-20.WAV,2021 Wind Wolves Preserve,2021,5,3,18,20,Agelaius tricolor,Common Song,14.36800003,15.74933338,281,7219,24000,present,https://rfcx-streams-production.s3.eu-west-1.amazonaws.com/2021/05/04/6v8np25o29hq/2d9d0246-0ae9-4c32-9fc4-a081f774b70a.flac?X-Amz-Algorithm=AWS4-HMAC-SHA256&X-Amz-Content-Sha256=UNSIGNED-PAYLOAD&X-Amz-Credential=AKIA45B7YWBX5HAZMGOU%2F20260223%2Feu-west-1%2Fs3%2Faws4_request&X-Amz-Date=20260223T001321Z&X-Amz-Expires=604800&X-Amz-Signature=cfa1454dca5a0c5c00d14ffa859358b991a63da909461b6c0b341c5e009003b5&X-Amz-SignedHeaders=host&response-content-disposition=attachment%3B%20filename%3D2d9d0246-0ae9-4c32-9fc4-a081f774b70a.flac&x-id=GetObject,0.202946335,24790
WWPam-2021-05-04_05-40.WAV,2021 Wind Wolves Preserve,2021,5,4,5,40,Agelaius tricolor,Common Song,27.36000061,28.74133301,281,7219,24000,present,https://rfcx-streams-production.s3.eu-west-1.amazonaws.com/2021/05/04/6v8np25o29hq/47ad1c20-ff1b-4594-a03b-75960bc7648a.flac?X-Amz-Algorithm=AWS4-HMAC-SHA256&X-Amz-Content-Sha256=UNSIGNED-PAYLOAD&X-Amz-Credential=AKIA45B7YWBX5HAZMGOU%2F20260223%2Feu-west-1%2Fs3%2Faws4_request&X-Amz-Date=20260223T001321Z&X-Amz-Expires=604800&X-Amz-Signature=106a45f36319ca185029636770c4a7fe553207c18dfbc8eb58d3c887cb5e9297&X-Amz-SignedHeaders=host&response-content-disposition=attachment%3B%20filename%3D47ad1c20-ff1b-4594-a03b-75960bc7648a.flac&x-id=GetObject,0.297357082,24790
WWPam-2021-05-04_06-20.WAV,2021 Wind Wolves Preserve,2021,5,4,6,20,Agelaius tricolor,Common Song,41.29066849,42.67200089,281,7219,24000,present,https://rfcx-streams-production.s3.eu-west-1.amazonaws.com/2021/05/04/6v8np25o29hq/a50c0004-d4fd-4ea2-b210-68449c82c484.flac?X-Amz-Algorithm=AWS4-HMAC-SHA256&X-Amz-Content-Sha256=UNSIGNED-PAYLOAD&X-Amz-Credential=AKIA45B7YWBX5HAZMGOU%2F20260223%2Feu-west-1%2Fs3%2Faws4_request&X-Amz-Date=20260223T001321Z&X-Amz-Expires=604800&X-Amz-Signature=cd855b5e195261c9a86d58ef53fbf7cf8d7055eeb21428ede73ac93e1f6eef2c&X-Amz-SignedHeaders=host&response-content-disposition=attachment%3B%20filename%3Da50c0004-d4fd-4ea2-b210-68449c82c484.flac&x-id=GetObject,0.234136641,24790
WWPam-2021-05-04_07-20.WAV,2021 Wind Wolves Preserve,2021,5,4,7,20,Agelaius tricolor,Common Song,3.855999947,5.237333298,281,7219,24000,present,https://rfcx-streams-production.s3.eu-west-1.amazonaws.com/2021/05/04/6v8np25o29hq/c5dee27a-df73-4b1b-853e-93db3a2ef351.flac?X-Amz-Algorithm=AWS4-HMAC-SHA256&X-Amz-Content-Sha256=UNSIGNED-PAYLOAD&X-Amz-Credential=AKIA45B7YWBX5HAZMGOU%2F20260223%2Feu-west-1%2Fs3%2Faws4_request&X-Amz-Date=20260223T001321Z&X-Amz-Expires=604800&X-Amz-Signature=1c93e1047a99b53bd2b0a9ad27f93353dbf65ed18f240fb5e8cc2493d6291868&X-Amz-SignedHeaders=host&response-content-disposition=attachment%3B%20filename%3Dc5dee27a-df73-4b1b-853e-93db3a2ef351.flac&x-id=GetObject,0.230248839,24790
WWPam-2021-05-04_07-40.WAV,2021 Wind Wolves Preserve,2021,5,4,7,40,Agelaius tricolor,Common Song,22.79999924,24.18133354,281,7219,24000,present,https://rfcx-streams-production.s3.eu-west-1.amazonaws.com/2021/05/04/6v8np25o29hq/929dfa04-64c9-45b7-9caa-e7716c754879.flac?X-Amz-Algorithm=AWS4-HMAC-SHA256&X-Amz-Content-Sha256=UNSIGNED-PAYLOAD&X-Amz-Credential=AKIA45B7YWBX5HAZMGOU%2F20260223%2Feu-west-1%2Fs3%2Faws4_request&X-Amz-Date=20260223T001321Z&X-Amz-Expires=604800&X-Amz-Signature=1fddd84ab2183eae852bd47553b8e439bccdb9da10ed1cf1d3e08a6366f78397&X-Amz-SignedHeaders=host&response-content-disposition=attachment%3B%20filename%3D929dfa04-64c9-45b7-9caa-e7716c754879.flac&x-id=GetObject,0.30615145,24790
WWPam-2021-05-04_09-20.WAV,2021 Wind Wolves Preserve,2021,5,4,9,20,Agelaius tricolor,Common Song,47.25333405,48.63466644,281,7219,24000,present,https://rfcx-streams-production.s3.eu-west-1.amazonaws.com/2021/05/04/6v8np25o29hq/89d367a3-662f-4b73-9aad-eb4c67c0ddf4.flac?X-Amz-Algorithm=AWS4-HMAC-SHA256&X-Amz-Content-Sha256=UNSIGNED-PAYLOAD&X-Amz-Credential=AKIA45B7YWBX5HAZMGOU%2F20260223%2Feu-west-1%2Fs3%2Faws4_request&X-Amz-Date=20260223T001321Z&X-Amz-Expires=604800&X-Amz-Signature=2bf6caad1b0f6bda793e7ee770d4a0aee814e3823620e2fc6979300817beedc1&X-Amz-SignedHeaders=host&response-content-disposition=attachment%3B%20filename%3D89d367a3-662f-4b73-9aad-eb4c67c0ddf4.flac&x-id=GetObject,0.241501734,24790
WWPam-2021-05-04_10-00.WAV,2021 Wind Wolves Preserve,2021,5,4,10,0,Agelaius tricolor,Common Song,9.904000282,11.28533363,281,7219,24000,present,https://rfcx-streams-production.s3.eu-west-1.amazonaws.com/2021/05/04/6v8np25o29hq/07c1bebe-5456-43dd-b090-18706fab3a17.flac?X-Amz-Algorithm=AWS4-HMAC-SHA256&X-Amz-Content-Sha256=UNSIGNED-PAYLOAD&X-Amz-Credential=AKIA45B7YWBX5HAZMGOU%2F20260223%2Feu-west-1%2Fs3%2Faws4_request&X-Amz-Date=20260223T001321Z&X-Amz-Expires=604800&X-Amz-Signature=9bd157ff6b903dfa57c3ca1196dfbd9e4e08378bb59f380d89162ad21a5bc786&X-Amz-SignedHeaders=host&response-content-disposition=attachment%3B%20filename%3D07c1bebe-5456-43dd-b090-18706fab3a17.flac&x-id=GetObject,0.289673984,24790
WWPam-2021-05-04_11-20.WAV,2021 Wind Wolves Preserve,2021,5,4,11,20,Agelaius tricolor,Common Song,17.01333427,18.39466667,281,7219,24000,present,https://rfcx-streams-production.s3.eu-west-1.amazonaws.com/2021/05/04/6v8np25o29hq/b8850815-f399-49ce-9a6a-3dfdbd5dfbba.flac?X-Amz-Algorithm=AWS4-HMAC-SHA256&X-Amz-Content-Sha256=UNSIGNED-PAYLOAD&X-Amz-Credential=AKIA45B7YWBX5HAZMGOU%2F20260223%2Feu-west-1%2Fs3%2Faws4_request&X-Amz-Date=20260223T001321Z&X-Amz-Expires=604800&X-Amz-Signature=228d1b20eb1ba3e56fdc0eb1e7c3a137d50ff21e21db8c497abb703511e36991&X-Amz-SignedHeaders=host&response-content-disposition=attachment%3B%20filename%3Db8850815-f399-49ce-9a6a-3dfdbd5dfbba.flac&x-id=GetObject,0.255624026,24790
WWPam-2021-05-04_16-20.WAV,2021 Wind Wolves Preserve,2021,5,4,16,20,Agelaius tricolor,Common Song,46.63999939,48.02133179,281,7219,24000,present,https://rfcx-streams-production.s3.eu-west-1.amazonaws.com/2021/05/04/6v8np25o29hq/0684c435-6877-4dcc-a4f5-83f8844aa70d.flac?X-Amz-Algorithm=AWS4-HMAC-SHA256&X-Amz-Content-Sha256=UNSIGNED-PAYLOAD&X-Amz-Credential=AKIA45B7YWBX5HAZMGOU%2F20260223%2Feu-west-1%2Fs3%2Faws4_request&X-Amz-Date=20260223T001321Z&X-Amz-Expires=604800&X-Amz-Signature=441b6728edd8ecaeed643b234925ac3548df858becab4a911babc0f9a3f35de0&X-Amz-SignedHeaders=host&response-content-disposition=attachment%3B%20filename%3D0684c435-6877-4dcc-a4f5-83f8844aa70d.flac&x-id=GetObject,0.236804783,24790
WWPam-2021-05-04_17-40.WAV,2021 Wind Wolves Preserve,2021,5,4,17,40,Agelaius tricolor,Common Song,5.328000069,6.70933342,281,7219,24000,present,https://rfcx-streams-production.s3.eu-west-1.amazonaws.com/2021/05/05/6v8np25o29hq/73c9cca6-b70f-4963-9142-b686960264e6.flac?X-Amz-Algorithm=AWS4-HMAC-SHA256&X-Amz-Content-Sha256=UNSIGNED-PAYLOAD&X-Amz-Credential=AKIA45B7YWBX5HAZMGOU%2F20260223%2Feu-west-1%2Fs3%2Faws4_request&X-Amz-Date=20260223T001321Z&X-Amz-Expires=604800&X-Amz-Signature=d41138bebfed7f23612f91be9203105875be4269d60fef4344466e316df3888b&X-Amz-SignedHeaders=host&response-content-disposition=attachment%3B%20filename%3D73c9cca6-b70f-4963-9142-b686960264e6.flac&x-id=GetObject,0.228911191,24790
WWPam-2021-05-04_18-00.WAV,2021 Wind Wolves Preserve,2021,5,4,18,0,Agelaius tricolor,Common Song,43.52000046,44.90133286,281,7219,24000,present,https://rfcx-streams-production.s3.eu-west-1.amazonaws.com/2021/05/05/6v8np25o29hq/eb0e0de5-9720-47b6-b957-aea52188aed9.flac?X-Amz-Algorithm=AWS4-HMAC-SHA256&X-Amz-Content-Sha256=UNSIGNED-PAYLOAD&X-Amz-Credential=AKIA45B7YWBX5HAZMGOU%2F20260223%2Feu-west-1%2Fs3%2Faws4_request&X-Amz-Date=20260223T001321Z&X-Amz-Expires=604800&X-Amz-Signature=d17a1a5f415633b485536de89c0bd692c7e9f62917c65047ac3a51b3dbfae005&X-Amz-SignedHeaders=host&response-content-disposition=attachment%3B%20filename%3Deb0e0de5-9720-47b6-b957-aea52188aed9.flac&x-id=GetObject,0.244822383,24790
WWPam-2021-05-05_07-20.WAV,2021 Wind Wolves Preserve,2021,5,5,7,20,Agelaius tricolor,Common Song,45.62133408,47.00266647,281,7219,24000,present,https://rfcx-streams-production.s3.eu-west-1.amazonaws.com/2021/05/05/6v8np25o29hq/59cbe341-a072-4d43-9616-c0f04c1fa157.flac?X-Amz-Algorithm=AWS4-HMAC-SHA256&X-Amz-Content-Sha256=UNSIGNED-PAYLOAD&X-Amz-Credential=AKIA45B7YWBX5HAZMGOU%2F20260223%2Feu-west-1%2Fs3%2Faws4_request&X-Amz-Date=20260223T001319Z&X-Amz-Expires=604800&X-Amz-Signature=b22e0b458c3be1f9a245d58f80e16ea29f5d5798afcce86140bd37b372790c8d&X-Amz-SignedHeaders=host&response-content-disposition=attachment%3B%20filename%3D59cbe341-a072-4d43-9616-c0f04c1fa157.flac&x-id=GetObject,0.216917917,24790
WWPam-2021-05-05_08-00.WAV,2021 Wind Wolves Preserve,2021,5,5,8,0,Agelaius tricolor,Common Song,21.87733269,23.25866699,281,7219,24000,present,https://rfcx-streams-production.s3.eu-west-1.amazonaws.com/2021/05/05/6v8np25o29hq/a164ab25-3e85-4b12-85a3-308965097080.flac?X-Amz-Algorithm=AWS4-HMAC-SHA256&X-Amz-Content-Sha256=UNSIGNED-PAYLOAD&X-Amz-Credential=AKIA45B7YWBX5HAZMGOU%2F20260223%2Feu-west-1%2Fs3%2Faws4_request&X-Amz-Date=20260223T001321Z&X-Amz-Expires=604800&X-Amz-Signature=c360f594c776c53b6e820f1e21b028687111774c8ff8ded73a64a697660ca6c4&X-Amz-SignedHeaders=host&response-content-disposition=attachment%3B%20filename%3Da164ab25-3e85-4b12-85a3-308965097080.flac&x-id=GetObject,0.23451966,24790
WWPam-2021-05-05_16-40.WAV,2021 Wind Wolves Preserve,2021,5,5,16,40,Agelaius tricolor,Common Song,8.85866642,10.23999977,281,7219,24000,present,https://rfcx-streams-production.s3.eu-west-1.amazonaws.com/2021/05/05/6v8np25o29hq/4eb5b1eb-5782-471f-8fba-9c7836b7ffe1.flac?X-Amz-Algorithm=AWS4-HMAC-SHA256&X-Amz-Content-Sha256=UNSIGNED-PAYLOAD&X-Amz-Credential=AKIA45B7YWBX5HAZMGOU%2F20260223%2Feu-west-1%2Fs3%2Faws4_request&X-Amz-Date=20260223T001321Z&X-Amz-Expires=604800&X-Amz-Signature=35bc86fb6cefb129b14f118b6288b560d3531cd4df4d040223948fd8f85a5efe&X-Amz-SignedHeaders=host&response-content-disposition=attachment%3B%20filename%3D4eb5b1eb-5782-471f-8fba-9c7836b7ffe1.flac&x-id=GetObject,0.226833105,24790
WWPam-2021-05-05_17-40.WAV,2021 Wind Wolves Preserve,2021,5,5,17,40,Agelaius tricolor,Common Song,44.41066742,45.79199982,281,7219,24000,present,https://rfcx-streams-production.s3.eu-west-1.amazonaws.com/2021/05/06/6v8np25o29hq/b2d50e3c-31d3-4918-9465-534298a94d44.flac?X-Amz-Algorithm=AWS4-HMAC-SHA256&X-Amz-Content-Sha256=UNSIGNED-PAYLOAD&X-Amz-Credential=AKIA45B7YWBX5HAZMGOU%2F20260223%2Feu-west-1%2Fs3%2Faws4_request&X-Amz-Date=20260223T001321Z&X-Amz-Expires=604800&X-Amz-Signature=a535a55a7952f48814aec17a16c367851b32fc5d2da76e10de37aece78a12ea8&X-Amz-SignedHeaders=host&response-content-disposition=attachment%3B%20filename%3Db2d50e3c-31d3-4918-9465-534298a94d44.flac&x-id=GetObject,0.223298937,24790
WWPam-2021-05-05_20-00.WAV,2021 Wind Wolves Preserve,2021,5,5,20,0,Agelaius tricolor,Common Song,52.61333466,53.99466705,281,7219,24000,present,https://rfcx-streams-production.s3.eu-west-1.amazonaws.com/2021/05/06/6v8np25o29hq/d3df0d23-384a-411b-bb2f-a6c928287454.flac?X-Amz-Algorithm=AWS4-HMAC-SHA256&X-Amz-Content-Sha256=UNSIGNED-PAYLOAD&X-Amz-Credential=AKIA45B7YWBX5HAZMGOU%2F20260223%2Feu-west-1%2Fs3%2Faws4_request&X-Amz-Date=20260223T001321Z&X-Amz-Expires=604800&X-Amz-Signature=6e7d1469f7570c537ab025172208b0b3b98cf457facc7bd2f97f4759f915895b&X-Amz-SignedHeaders=host&response-content-disposition=attachment%3B%20filename%3Dd3df0d23-384a-411b-bb2f-a6c928287454.flac&x-id=GetObject,0.275206536,24790
WWPam-2021-05-06_19-00.WAV,2021 Wind Wolves Preserve,2021,5,6,19,0,Agelaius tricolor,Common Song,30.94400024,32.32533264,281,7219,24000,present,https://rfcx-streams-production.s3.eu-west-1.amazonaws.com/2021/05/07/6v8np25o29hq/982e5030-80ee-44c3-98b7-3078fa7fad22.flac?X-Amz-Algorithm=AWS4-HMAC-SHA256&X-Amz-Content-Sha256=UNSIGNED-PAYLOAD&X-Amz-Credential=AKIA45B7YWBX5HAZMGOU%2F20260223%2Feu-west-1%2Fs3%2Faws4_request&X-Amz-Date=20260223T001321Z&X-Amz-Expires=604800&X-Amz-Signature=6c4ce4428c4dacf695dc889d7505f33c6e1fc4d122e78398ef99b2b70d313afb&X-Amz-SignedHeaders=host&response-content-disposition=attachment%3B%20filename%3D982e5030-80ee-44c3-98b7-3078fa7fad22.flac&x-id=GetObject,0.255455911,24790
WWPam-2021-05-09_06-00.WAV,2021 Wind Wolves Preserve,2021,5,9,6,0,Agelaius tricolor,Common Song,35.01866531,36.40000153,281,7219,24000,present,https://rfcx-streams-production.s3.eu-west-1.amazonaws.com/2021/05/09/6v8np25o29hq/0ddcb404-ce43-44aa-ac9a-078c93e66e58.flac?X-Amz-Algorithm=AWS4-HMAC-SHA256&X-Amz-Content-Sha256=UNSIGNED-PAYLOAD&X-Amz-Credential=AKIA45B7YWBX5HAZMGOU%2F20260223%2Feu-west-1%2Fs3%2Faws4_request&X-Amz-Date=20260223T001322Z&X-Amz-Expires=604800&X-Amz-Signature=e33271eb5e89bbb22c1c0cbaf6d1466a5cfc8296d7e5fddad472d516c4c400b4&X-Amz-SignedHeaders=host&response-content-disposition=attachment%3B%20filename%3D0ddcb404-ce43-44aa-ac9a-078c93e66e58.flac&x-id=GetObject,0.204718113,24790
WWPam-2021-05-09_08-00.WAV,2021 Wind Wolves Preserve,2021,5,9,8,0,Agelaius tricolor,Common Song,37.15200043,38.53333282,281,7219,24000,present,https://rfcx-streams-production.s3.eu-west-1.amazonaws.com/2021/05/09/6v8np25o29hq/634fa3b6-b134-46b4-a014-9493d6484ade.flac?X-Amz-Algorithm=AWS4-HMAC-SHA256&X-Amz-Content-Sha256=UNSIGNED-PAYLOAD&X-Amz-Credential=AKIA45B7YWBX5HAZMGOU%2F20260223%2Feu-west-1%2Fs3%2Faws4_request&X-Amz-Date=20260223T001322Z&X-Amz-Expires=604800&X-Amz-Signature=6104dd52e37f050de1debf934b01865362563db517bf1ad27bff7642b764eb7b&X-Amz-SignedHeaders=host&response-content-disposition=attachment%3B%20filename%3D634fa3b6-b134-46b4-a014-9493d6484ade.flac&x-id=GetObject,0.289019138,24790
WWPam-2021-05-10_07-40.WAV,2021 Wind Wolves Preserve,2021,5,10,7,40,Agelaius tricolor,Common Song,11.87199974,13.25333309,281,7219,24000,present,https://rfcx-streams-production.s3.eu-west-1.amazonaws.com/2021/05/10/6v8np25o29hq/28bd3f62-7acc-4262-b87f-343404f9d55e.flac?X-Amz-Algorithm=AWS4-HMAC-SHA256&X-Amz-Content-Sha256=UNSIGNED-PAYLOAD&X-Amz-Credential=AKIA45B7YWBX5HAZMGOU%2F20260223%2Feu-west-1%2Fs3%2Faws4_request&X-Amz-Date=20260223T001322Z&X-Amz-Expires=604800&X-Amz-Signature=2e8e541f5e85232ac5a4f826571da885901aca330bdebae5f13e627122145d12&X-Amz-SignedHeaders=host&response-content-disposition=attachment%3B%20filename%3D28bd3f62-7acc-4262-b87f-343404f9d55e.flac&x-id=GetObject,0.283388317,24790
WWPam-2021-05-10_08-20.WAV,2021 Wind Wolves Preserve,2021,5,10,8,20,Agelaius tricolor,Common Song,17.31200027,18.69333267,281,7219,24000,present,https://rfcx-streams-production.s3.eu-west-1.amazonaws.com/2021/05/10/6v8np25o29hq/37fc3943-5495-4b69-a818-6284ff1953f6.flac?X-Amz-Algorithm=AWS4-HMAC-SHA256&X-Amz-Content-Sha256=UNSIGNED-PAYLOAD&X-Amz-Credential=AKIA45B7YWBX5HAZMGOU%2F20260223%2Feu-west-1%2Fs3%2Faws4_request&X-Amz-Date=20260223T001322Z&X-Amz-Expires=604800&X-Amz-Signature=1a1ae2e5794c4ceb50f26ac7c724ade6bd0a604892bcd1c46447cf5f6334be47&X-Amz-SignedHeaders=host&response-content-disposition=attachment%3B%20filename%3D37fc3943-5495-4b69-a818-6284ff1953f6.flac&x-id=GetObject,0.214824781,24790
WWPam-2021-05-11_06-00.WAV,2021 Wind Wolves Preserve,2021,5,11,6,0,Agelaius tricolor,Common Song,49.26933289,50.65066528,281,7219,24000,present,https://rfcx-streams-production.s3.eu-west-1.amazonaws.com/2021/05/11/6v8np25o29hq/c23e75ed-6eeb-4632-a1a3-09ba11f64ae1.flac?X-Amz-Algorithm=AWS4-HMAC-SHA256&X-Amz-Content-Sha256=UNSIGNED-PAYLOAD&X-Amz-Credential=AKIA45B7YWBX5HAZMGOU%2F20260223%2Feu-west-1%2Fs3%2Faws4_request&X-Amz-Date=20260223T001322Z&X-Amz-Expires=604800&X-Amz-Signature=1539343b9fb4a4879910102bdbd4496b2d35960cdcbf2f5cb4e7e341da3ce246&X-Amz-SignedHeaders=host&response-content-disposition=attachment%3B%20filename%3Dc23e75ed-6eeb-4632-a1a3-09ba11f64ae1.flac&x-id=GetObject,0.229033411,24790
WWPam-2021-05-11_08-00.WAV,2021 Wind Wolves Preserve,2021,5,11,8,0,Agelaius tricolor,Common Song,9.322667122,10.70400047,281,7219,24000,present,https://rfcx-streams-production.s3.eu-west-1.amazonaws.com/2021/05/11/6v8np25o29hq/ca77c0f1-285e-43ce-8a90-874a2c9fed97.flac?X-Amz-Algorithm=AWS4-HMAC-SHA256&X-Amz-Content-Sha256=UNSIGNED-PAYLOAD&X-Amz-Credential=AKIA45B7YWBX5HAZMGOU%2F20260223%2Feu-west-1%2Fs3%2Faws4_request&X-Amz-Date=20260223T001322Z&X-Amz-Expires=604800&X-Amz-Signature=a7db67c357fde0193d4e32aa1baf29aa8f662b86405d45c8a1921ca1913d9bfe&X-Amz-SignedHeaders=host&response-content-disposition=attachment%3B%20filename%3Dca77c0f1-285e-43ce-8a90-874a2c9fed97.flac&x-id=GetObject,0.266921431,24790
WWPam-2021-05-11_08-40.WAV,2021 Wind Wolves Preserve,2021,5,11,8,40,Agelaius tricolor,Common Song,20.42666626,21.80800056,281,7219,24000,present,https://rfcx-streams-production.s3.eu-west-1.amazonaws.com/2021/05/11/6v8np25o29hq/0df868ae-5485-456b-80c7-cf70c3c80465.flac?X-Amz-Algorithm=AWS4-HMAC-SHA256&X-Amz-Content-Sha256=UNSIGNED-PAYLOAD&X-Amz-Credential=AKIA45B7YWBX5HAZMGOU%2F20260223%2Feu-west-1%2Fs3%2Faws4_request&X-Amz-Date=20260223T001322Z&X-Amz-Expires=604800&X-Amz-Signature=e04279ab39d064f971592500b13cbace32cb88778d84bae2f57d7fae45966103&X-Amz-SignedHeaders=host&response-content-disposition=attachment%3B%20filename%3D0df868ae-5485-456b-80c7-cf70c3c80465.flac&x-id=GetObject,0.267925382,24790
WWPam-2021-05-11_15-20.WAV,2021 Wind Wolves Preserve,2021,5,11,15,20,Agelaius tricolor,Common Song,38.94933319,40.33066559,281,7219,24000,present,https://rfcx-streams-production.s3.eu-west-1.amazonaws.com/2021/05/11/6v8np25o29hq/f850b0c7-6c21-45b3-b1c8-493b58f0009e.flac?X-Amz-Algorithm=AWS4-HMAC-SHA256&X-Amz-Content-Sha256=UNSIGNED-PAYLOAD&X-Amz-Credential=AKIA45B7YWBX5HAZMGOU%2F20260223%2Feu-west-1%2Fs3%2Faws4_request&X-Amz-Date=20260223T001322Z&X-Amz-Expires=604800&X-Amz-Signature=94f9a574759b8ace9b9cd4f49ca978b0c821ececdc0a74fcba6481f4e7c77564&X-Amz-SignedHeaders=host&response-content-disposition=attachment%3B%20filename%3Df850b0c7-6c21-45b3-b1c8-493b58f0009e.flac&x-id=GetObject,0.201657817,24790
WWPam-2021-05-11_16-20.WAV,2021 Wind Wolves Preserve,2021,5,11,16,20,Agelaius tricolor,Common Song,45.03466797,46.41600037,281,7219,24000,present,https://rfcx-streams-production.s3.eu-west-1.amazonaws.com/2021/05/11/6v8np25o29hq/a6ae2287-1a13-4573-90fb-4e068762bd30.flac?X-Amz-Algorithm=AWS4-HMAC-SHA256&X-Amz-Content-Sha256=UNSIGNED-PAYLOAD&X-Amz-Credential=AKIA45B7YWBX5HAZMGOU%2F20260223%2Feu-west-1%2Fs3%2Faws4_request&X-Amz-Date=20260223T001322Z&X-Amz-Expires=604800&X-Amz-Signature=da13f34388e91d41bc6ec6b7f32a7f86c349137d79725eda601ca09e483b1d85&X-Amz-SignedHeaders=host&response-content-disposition=attachment%3B%20filename%3Da6ae2287-1a13-4573-90fb-4e068762bd30.flac&x-id=GetObject,0.232642204,24790
WWPam-2021-05-11_18-20.WAV,2021 Wind Wolves Preserve,2021,5,11,18,20,Agelaius tricolor,Common Song,53.83466721,55.2159996,281,7219,24000,present,https://rfcx-streams-production.s3.eu-west-1.amazonaws.com/2021/05/12/6v8np25o29hq/dbe3348a-4925-42a6-ad00-bbc307951535.flac?X-Amz-Algorithm=AWS4-HMAC-SHA256&X-Amz-Content-Sha256=UNSIGNED-PAYLOAD&X-Amz-Credential=AKIA45B7YWBX5HAZMGOU%2F20260223%2Feu-west-1%2Fs3%2Faws4_request&X-Amz-Date=20260223T001322Z&X-Amz-Expires=604800&X-Amz-Signature=0baec28ac9ca11761105da496bbeb6d9da8d097b860580ce4fa763d2e83d7da1&X-Amz-SignedHeaders=host&response-content-disposition=attachment%3B%20filename%3Ddbe3348a-4925-42a6-ad00-bbc307951535.flac&x-id=GetObject,0.2695719,24790
WWPam-2021-05-11_19-00.WAV,2021 Wind Wolves Preserve,2021,5,11,19,0,Agelaius tricolor,Common Song,51.18399811,52.56533432,281,7219,24000,present,https://rfcx-streams-production.s3.eu-west-1.amazonaws.com/2021/05/12/6v8np25o29hq/987abb3f-631f-42f4-beca-9daed635e8a3.flac?X-Amz-Algorithm=AWS4-HMAC-SHA256&X-Amz-Content-Sha256=UNSIGNED-PAYLOAD&X-Amz-Credential=AKIA45B7YWBX5HAZMGOU%2F20260223%2Feu-west-1%2Fs3%2Faws4_request&X-Amz-Date=20260223T001322Z&X-Amz-Expires=604800&X-Amz-Signature=ab9620ea0fae6f7adb2d0b95aa91a8ff7a3923f902a30799c2dad15bdebc053c&X-Amz-SignedHeaders=host&response-content-disposition=attachment%3B%20filename%3D987abb3f-631f-42f4-beca-9daed635e8a3.flac&x-id=GetObject,0.273115546,24790
WWPam-2021-05-11_19-20.WAV,2021 Wind Wolves Preserve,2021,5,11,19,20,Agelaius tricolor,Common Song,3.285333395,4.666666508,281,7219,24000,present,https://rfcx-streams-production.s3.eu-west-1.amazonaws.com/2021/05/12/6v8np25o29hq/a516194a-64f7-4988-80e4-fec7fbdb5896.flac?X-Amz-Algorithm=AWS4-HMAC-SHA256&X-Amz-Content-Sha256=UNSIGNED-PAYLOAD&X-Amz-Credential=AKIA45B7YWBX5HAZMGOU%2F20260223%2Feu-west-1%2Fs3%2Faws4_request&X-Amz-Date=20260223T001319Z&X-Amz-Expires=604800&X-Amz-Signature=ecbc1922f9af8e441bd7b1f47d30b282e80d56f2f7602bdbfa64e84e539e1ff1&X-Amz-SignedHeaders=host&response-content-disposition=attachment%3B%20filename%3Da516194a-64f7-4988-80e4-fec7fbdb5896.flac&x-id=GetObject,0.246800616,24790
WWPam-2021-05-12_06-20.WAV,2021 Wind Wolves Preserve,2021,5,12,6,20,Agelaius tricolor,Common Song,52.32533264,53.70666504,281,7219,24000,present,https://rfcx-streams-production.s3.eu-west-1.amazonaws.com/2021/05/12/6v8np25o29hq/a4361608-0189-4845-b9f0-1124ed79fc2e.flac?X-Amz-Algorithm=AWS4-HMAC-SHA256&X-Amz-Content-Sha256=UNSIGNED-PAYLOAD&X-Amz-Credential=AKIA45B7YWBX5HAZMGOU%2F20260223%2Feu-west-1%2Fs3%2Faws4_request&X-Amz-Date=20260223T001322Z&X-Amz-Expires=604800&X-Amz-Signature=6319743be35bae59dacd6b6dabe022641f54f9c1ea9aedeac8bb24bfc357e364&X-Amz-SignedHeaders=host&response-content-disposition=attachment%3B%20filename%3Da4361608-0189-4845-b9f0-1124ed79fc2e.flac&x-id=GetObject,0.233440802,24790
WWPam-2021-05-12_06-40.WAV,2021 Wind Wolves Preserve,2021,5,12,6,40,Agelaius tricolor,Common Song,16.98133278,18.36266708,281,7219,24000,present,https://rfcx-streams-production.s3.eu-west-1.amazonaws.com/2021/05/12/6v8np25o29hq/93d6d12c-2f49-4e79-8b17-926a26c534e8.flac?X-Amz-Algorithm=AWS4-HMAC-SHA256&X-Amz-Content-Sha256=UNSIGNED-PAYLOAD&X-Amz-Credential=AKIA45B7YWBX5HAZMGOU%2F20260223%2Feu-west-1%2Fs3%2Faws4_request&X-Amz-Date=20260223T001322Z&X-Amz-Expires=604800&X-Amz-Signature=08e55b3043a35d7b74b45211efd4310405ab10511262f86eedfc8985f8d2e100&X-Amz-SignedHeaders=host&response-content-disposition=attachment%3B%20filename%3D93d6d12c-2f49-4e79-8b17-926a26c534e8.flac&x-id=GetObject,0.232035428,24790
WWPam-2021-05-12_07-20.WAV,2021 Wind Wolves Preserve,2021,5,12,7,20,Agelaius tricolor,Common Song,9.039999962,10.42133331,281,7219,24000,present,https://rfcx-streams-production.s3.eu-west-1.amazonaws.com/2021/05/12/6v8np25o29hq/cc8e918e-fcfa-412f-b575-2e0b1bb1d703.flac?X-Amz-Algorithm=AWS4-HMAC-SHA256&X-Amz-Content-Sha256=UNSIGNED-PAYLOAD&X-Amz-Credential=AKIA45B7YWBX5HAZMGOU%2F20260223%2Feu-west-1%2Fs3%2Faws4_request&X-Amz-Date=20260223T001322Z&X-Amz-Expires=604800&X-Amz-Signature=66af03d1257ebf24341ccad4545156119457f7adafbf15b930723aa543522ac8&X-Amz-SignedHeaders=host&response-content-disposition=attachment%3B%20filename%3Dcc8e918e-fcfa-412f-b575-2e0b1bb1d703.flac&x-id=GetObject,0.275393158,24790
WWPam-2021-05-12_08-40.WAV,2021 Wind Wolves Preserve,2021,5,12,8,40,Agelaius tricolor,Common Song,3.509333372,4.890666485,281,7219,24000,present,https://rfcx-streams-production.s3.eu-west-1.amazonaws.com/2021/05/12/6v8np25o29hq/43775033-e627-4a10-848b-70e4419ad3f0.flac?X-Amz-Algorithm=AWS4-HMAC-SHA256&X-Amz-Content-Sha256=UNSIGNED-PAYLOAD&X-Amz-Credential=AKIA45B7YWBX5HAZMGOU%2F20260223%2Feu-west-1%2Fs3%2Faws4_request&X-Amz-Date=20260223T001319Z&X-Amz-Expires=604800&X-Amz-Signature=d67a2ecaa81d17769e1d7ee173d1a5a68beb3753e3b587427eeb0dce8862596f&X-Amz-SignedHeaders=host&response-content-disposition=attachment%3B%20filename%3D43775033-e627-4a10-848b-70e4419ad3f0.flac&x-id=GetObject,0.404711425,24790
WWPam-2021-05-12_09-00.WAV,2021 Wind Wolves Preserve,2021,5,12,9,0,Agelaius tricolor,Common Song,36.597332,37.97866821,281,7219,24000,present,https://rfcx-streams-production.s3.eu-west-1.amazonaws.com/2021/05/12/6v8np25o29hq/e5595389-7393-4853-9d0b-372c4e38e8cf.flac?X-Amz-Algorithm=AWS4-HMAC-SHA256&X-Amz-Content-Sha256=UNSIGNED-PAYLOAD&X-Amz-Credential=AKIA45B7YWBX5HAZMGOU%2F20260223%2Feu-west-1%2Fs3%2Faws4_request&X-Amz-Date=20260223T001322Z&X-Amz-Expires=604800&X-Amz-Signature=2bfab200fcdd7e4efb9c086e666f60779dcf3b3298c8522f6856b7bb249b8aaa&X-Amz-SignedHeaders=host&response-content-disposition=attachment%3B%20filename%3De5595389-7393-4853-9d0b-372c4e38e8cf.flac&x-id=GetObject,0.500733495,24790
WWPam-2021-05-12_09-20.WAV,2021 Wind Wolves Preserve,2021,5,12,9,20,Agelaius tricolor,Common Song,20.97066689,22.35199928,281,7219,24000,present,https://rfcx-streams-production.s3.eu-west-1.amazonaws.com/2021/05/12/6v8np25o29hq/c59d4680-70cd-49bd-b43f-d3969de2da5a.flac?X-Amz-Algorithm=AWS4-HMAC-SHA256&X-Amz-Content-Sha256=UNSIGNED-PAYLOAD&X-Amz-Credential=AKIA45B7YWBX5HAZMGOU%2F20260223%2Feu-west-1%2Fs3%2Faws4_request&X-Amz-Date=20260223T001322Z&X-Amz-Expires=604800&X-Amz-Signature=a8a4f68d4c6bab87d798fce04162b28d221ac5798ff45055b926b14fb964e5a7&X-Amz-SignedHeaders=host&response-content-disposition=attachment%3B%20filename%3Dc59d4680-70cd-49bd-b43f-d3969de2da5a.flac&x-id=GetObject,0.463441283,24790
WWPam-2021-05-12_10-40.WAV,2021 Wind Wolves Preserve,2021,5,12,10,40,Agelaius tricolor,Common Song,32.57600021,33.95733261,281,7219,24000,present,https://rfcx-streams-production.s3.eu-west-1.amazonaws.com/2021/05/12/6v8np25o29hq/0f1b2e57-e0f5-4d86-824b-13e3233f607d.flac?X-Amz-Algorithm=AWS4-HMAC-SHA256&X-Amz-Content-Sha256=UNSIGNED-PAYLOAD&X-Amz-Credential=AKIA45B7YWBX5HAZMGOU%2F20260223%2Feu-west-1%2Fs3%2Faws4_request&X-Amz-Date=20260223T001322Z&X-Amz-Expires=604800&X-Amz-Signature=a945994de6c579afb9dfd9a424fc61fcba13d92f4c79415fce055b2286f84e92&X-Amz-SignedHeaders=host&response-content-disposition=attachment%3B%20filename%3D0f1b2e57-e0f5-4d86-824b-13e3233f607d.flac&x-id=GetObject,0.219085038,24790
WWPam-2021-05-12_16-00.WAV,2021 Wind Wolves Preserve,2021,5,12,16,0,Agelaius tricolor,Common Song,38.16533279,39.54666519,281,7219,24000,present,https://rfcx-streams-production.s3.eu-west-1.amazonaws.com/2021/05/12/6v8np25o29hq/abfa0ae5-4476-49ed-9c11-a643123abe5c.flac?X-Amz-Algorithm=AWS4-HMAC-SHA256&X-Amz-Content-Sha256=UNSIGNED-PAYLOAD&X-Amz-Credential=AKIA45B7YWBX5HAZMGOU%2F20260223%2Feu-west-1%2Fs3%2Faws4_request&X-Amz-Date=20260223T001322Z&X-Amz-Expires=604800&X-Amz-Signature=6f291b27569f50a9d5b83232745162d2b513a6738d4407c9c96caec6697d6480&X-Amz-SignedHeaders=host&response-content-disposition=attachment%3B%20filename%3Dabfa0ae5-4476-49ed-9c11-a643123abe5c.flac&x-id=GetObject,0.228023633,24790
WWPam-2021-05-12_16-40.WAV,2021 Wind Wolves Preserve,2021,5,12,16,40,Agelaius tricolor,Common Song,41.85599899,43.23733521,281,7219,24000,present,https://rfcx-streams-production.s3.eu-west-1.amazonaws.com/2021/05/12/6v8np25o29hq/fc115a21-192e-44ed-9d21-4322d6db7750.flac?X-Amz-Algorithm=AWS4-HMAC-SHA256&X-Amz-Content-Sha256=UNSIGNED-PAYLOAD&X-Amz-Credential=AKIA45B7YWBX5HAZMGOU%2F20260223%2Feu-west-1%2Fs3%2Faws4_request&X-Amz-Date=20260223T001322Z&X-Amz-Expires=604800&X-Amz-Signature=a6b0de4a3637680b7baa38856adf34f3f1c4d007975a2356839bf75bfa29d8c8&X-Amz-SignedHeaders=host&response-content-disposition=attachment%3B%20filename%3Dfc115a21-192e-44ed-9d21-4322d6db7750.flac&x-id=GetObject,0.21739538,24790
WWPam-2021-05-12_17-20.WAV,2021 Wind Wolves Preserve,2021,5,12,17,20,Agelaius tricolor,Common Song,2.693333387,4.0746665,281,7219,24000,present,https://rfcx-streams-production.s3.eu-west-1.amazonaws.com/2021/05/13/6v8np25o29hq/04764a41-7c86-4537-8035-02fe51acd1c0.flac?X-Amz-Algorithm=AWS4-HMAC-SHA256&X-Amz-Content-Sha256=UNSIGNED-PAYLOAD&X-Amz-Credential=AKIA45B7YWBX5HAZMGOU%2F20260223%2Feu-west-1%2Fs3%2Faws4_request&X-Amz-Date=20260223T001322Z&X-Amz-Expires=604800&X-Amz-Signature=e79e32ec63806bda2b95a71f09f99a832394aa5905fdfb752cd951e5f819c46f&X-Amz-SignedHeaders=host&response-content-disposition=attachment%3B%20filename%3D04764a41-7c86-4537-8035-02fe51acd1c0.flac&x-id=GetObject,0.215637371,24790
WWPam-2021-05-12_18-00.WAV,2021 Wind Wolves Preserve,2021,5,12,18,0,Agelaius tricolor,Common Song,18.59733391,19.97866631,281,7219,24000,present,https://rfcx-streams-production.s3.eu-west-1.amazonaws.com/2021/05/13/6v8np25o29hq/644d26c2-201e-4dd1-b8bf-41fbeb46b587.flac?X-Amz-Algorithm=AWS4-HMAC-SHA256&X-Amz-Content-Sha256=UNSIGNED-PAYLOAD&X-Amz-Credential=AKIA45B7YWBX5HAZMGOU%2F20260223%2Feu-west-1%2Fs3%2Faws4_request&X-Amz-Date=20260223T001322Z&X-Amz-Expires=604800&X-Amz-Signature=aa72903e8172762dd12bf47a2c0abd4506a31393f4222c48f6eb04f1148f11a0&X-Amz-SignedHeaders=host&response-content-disposition=attachment%3B%20filename%3D644d26c2-201e-4dd1-b8bf-41fbeb46b587.flac&x-id=GetObject,0.277236581,24790
WWPam-2021-05-12_18-40.WAV,2021 Wind Wolves Preserve,2021,5,12,18,40,Agelaius tricolor,Common Song,39.97866821,41.36000061,281,7219,24000,present,https://rfcx-streams-production.s3.eu-west-1.amazonaws.com/2021/05/13/6v8np25o29hq/e33ed98e-a581-4c16-b1ac-4392b66d72a0.flac?X-Amz-Algorithm=AWS4-HMAC-SHA256&X-Amz-Content-Sha256=UNSIGNED-PAYLOAD&X-Amz-Credential=AKIA45B7YWBX5HAZMGOU%2F20260223%2Feu-west-1%2Fs3%2Faws4_request&X-Amz-Date=20260223T001322Z&X-Amz-Expires=604800&X-Amz-Signature=4860c6272bc9efb208d8bb4c0a2da06b88c1481092b18157e03c9681695ddb88&X-Amz-SignedHeaders=host&response-content-disposition=attachment%3B%20filename%3De33ed98e-a581-4c16-b1ac-4392b66d72a0.flac&x-id=GetObject,0.211973831,24790
WWPam-2021-05-13_06-20.WAV,2021 Wind Wolves Preserve,2021,5,13,6,20,Agelaius tricolor,Common Song,49.84000015,51.22133255,281,7219,24000,present,https://rfcx-streams-production.s3.eu-west-1.amazonaws.com/2021/05/13/6v8np25o29hq/7e5c0cc4-a8b1-4a02-a2c3-f7f89dc6096f.flac?X-Amz-Algorithm=AWS4-HMAC-SHA256&X-Amz-Content-Sha256=UNSIGNED-PAYLOAD&X-Amz-Credential=AKIA45B7YWBX5HAZMGOU%2F20260223%2Feu-west-1%2Fs3%2Faws4_request&X-Amz-Date=20260223T001319Z&X-Amz-Expires=604800&X-Amz-Signature=85b3a9585a81aa01a8b5b580a4ddd4c82b3d83ec2c854e40c5b8166d74001998&X-Amz-SignedHeaders=host&response-content-disposition=attachment%3B%20filename%3D7e5c0cc4-a8b1-4a02-a2c3-f7f89dc6096f.flac&x-id=GetObject,0.210201696,24790
WWPam-2021-05-13_07-20.WAV,2021 Wind Wolves Preserve,2021,5,13,7,20,Agelaius tricolor,Common Song,17.06666756,18.44799995,281,7219,24000,present,https://rfcx-streams-production.s3.eu-west-1.amazonaws.com/2021/05/13/6v8np25o29hq/0333251e-6725-497e-be17-8b5c6e15ff0c.flac?X-Amz-Algorithm=AWS4-HMAC-SHA256&X-Amz-Content-Sha256=UNSIGNED-PAYLOAD&X-Amz-Credential=AKIA45B7YWBX5HAZMGOU%2F20260223%2Feu-west-1%2Fs3%2Faws4_request&X-Amz-Date=20260223T001322Z&X-Amz-Expires=604800&X-Amz-Signature=6819d518d232de2ed2a9523fcd0980fa19dea8f29ed82324141e335ad88e7d07&X-Amz-SignedHeaders=host&response-content-disposition=attachment%3B%20filename%3D0333251e-6725-497e-be17-8b5c6e15ff0c.flac&x-id=GetObject,0.201072723,24790
WWPam-2021-05-14_06-00.WAV,2021 Wind Wolves Preserve,2021,5,14,6,0,Agelaius tricolor,Common Song,58.22933197,59.61066818,281,7219,24000,present,https://rfcx-streams-production.s3.eu-west-1.amazonaws.com/2021/05/14/6v8np25o29hq/edd5d2a7-fe16-4efe-ba20-3ab48436a4ad.flac?X-Amz-Algorithm=AWS4-HMAC-SHA256&X-Amz-Content-Sha256=UNSIGNED-PAYLOAD&X-Amz-Credential=AKIA45B7YWBX5HAZMGOU%2F20260223%2Feu-west-1%2Fs3%2Faws4_request&X-Amz-Date=20260223T001322Z&X-Amz-Expires=604800&X-Amz-Signature=db7d5f084b6867bdbe74e929e0eb2e63448f21244540ee2c2f38a9fcbaf29cb8&X-Amz-SignedHeaders=host&response-content-disposition=attachment%3B%20filename%3Dedd5d2a7-fe16-4efe-ba20-3ab48436a4ad.flac&x-id=GetObject,0.21766369,24790
WWPam-2021-05-14_06-20.WAV,2021 Wind Wolves Preserve,2021,5,14,6,20,Agelaius tricolor,Common Song,8.181333542,9.562666893,281,7219,24000,present,https://rfcx-streams-production.s3.eu-west-1.amazonaws.com/2021/05/14/6v8np25o29hq/76c6203e-917d-4c00-b520-bc4a6f32fc1a.flac?X-Amz-Algorithm=AWS4-HMAC-SHA256&X-Amz-Content-Sha256=UNSIGNED-PAYLOAD&X-Amz-Credential=AKIA45B7YWBX5HAZMGOU%2F20260223%2Feu-west-1%2Fs3%2Faws4_request&X-Amz-Date=20260223T001322Z&X-Amz-Expires=604800&X-Amz-Signature=33641173b84766757868145656717d19a06bbd8579211bc9910a32964eb41e94&X-Amz-SignedHeaders=host&response-content-disposition=attachment%3B%20filename%3D76c6203e-917d-4c00-b520-bc4a6f32fc1a.flac&x-id=GetObject,0.238605663,24790
WWPam-2021-05-14_07-00.WAV,2021 Wind Wolves Preserve,2021,5,14,7,0,Agelaius tricolor,Common Song,4.117333412,5.498666763,281,7219,24000,present,https://rfcx-streams-production.s3.eu-west-1.amazonaws.com/2021/05/14/6v8np25o29hq/198b0788-06d2-4efa-bd0a-de54ba4eab08.flac?X-Amz-Algorithm=AWS4-HMAC-SHA256&X-Amz-Content-Sha256=UNSIGNED-PAYLOAD&X-Amz-Credential=AKIA45B7YWBX5HAZMGOU%2F20260223%2Feu-west-1%2Fs3%2Faws4_request&X-Amz-Date=20260223T001322Z&X-Amz-Expires=604800&X-Amz-Signature=67b5e308a65fb441e200d3e168744afe3f1222092a13b1728c19c5bcb6ad748a&X-Amz-SignedHeaders=host&response-content-disposition=attachment%3B%20filename%3D198b0788-06d2-4efa-bd0a-de54ba4eab08.flac&x-id=GetObject,0.232462794,24790
WWPam-2021-05-14_07-40.WAV,2021 Wind Wolves Preserve,2021,5,14,7,40,Agelaius tricolor,Common Song,55.93066788,57.31200027,281,7219,24000,present,https://rfcx-streams-production.s3.eu-west-1.amazonaws.com/2021/05/14/6v8np25o29hq/994c3cc3-29ea-45cc-9759-ae135526f8ae.flac?X-Amz-Algorithm=AWS4-HMAC-SHA256&X-Amz-Content-Sha256=UNSIGNED-PAYLOAD&X-Amz-Credential=AKIA45B7YWBX5HAZMGOU%2F20260223%2Feu-west-1%2Fs3%2Faws4_request&X-Amz-Date=20260223T001322Z&X-Amz-Expires=604800&X-Amz-Signature=2d834b085e7ad606875b54b5bf1d04a8642e7e689c33feeb1742c0daecac9fda&X-Amz-SignedHeaders=host&response-content-disposition=attachment%3B%20filename%3D994c3cc3-29ea-45cc-9759-ae135526f8ae.flac&x-id=GetObject,0.217279002,24790
WWPam-2021-05-14_08-00.WAV,2021 Wind Wolves Preserve,2021,5,14,8,0,Agelaius tricolor,Common Song,10.64000034,12.02133369,281,7219,24000,present,https://rfcx-streams-production.s3.eu-west-1.amazonaws.com/2021/05/14/6v8np25o29hq/85eb26f0-3cb8-4bc1-bd21-a4e626e82197.flac?X-Amz-Algorithm=AWS4-HMAC-SHA256&X-Amz-Content-Sha256=UNSIGNED-PAYLOAD&X-Amz-Credential=AKIA45B7YWBX5HAZMGOU%2F20260223%2Feu-west-1%2Fs3%2Faws4_request&X-Amz-Date=20260223T001319Z&X-Amz-Expires=604800&X-Amz-Signature=e4443b572e41afda297185999c27f2a92ebb7df22baebd2f5b1ffa4263597f76&X-Amz-SignedHeaders=host&response-content-disposition=attachment%3B%20filename%3D85eb26f0-3cb8-4bc1-bd21-a4e626e82197.flac&x-id=GetObject,0.218083486,24790
WWPam-2021-05-14_08-20.WAV,2021 Wind Wolves Preserve,2021,5,14,8,20,Agelaius tricolor,Common Song,21.94133377,23.32266617,281,7219,24000,present,https://rfcx-streams-production.s3.eu-west-1.amazonaws.com/2021/05/14/6v8np25o29hq/1b75e0fd-5ed9-49c9-982d-cfec8c84e98b.flac?X-Amz-Algorithm=AWS4-HMAC-SHA256&X-Amz-Content-Sha256=UNSIGNED-PAYLOAD&X-Amz-Credential=AKIA45B7YWBX5HAZMGOU%2F20260223%2Feu-west-1%2Fs3%2Faws4_request&X-Amz-Date=20260223T001322Z&X-Amz-Expires=604800&X-Amz-Signature=2303f07f67dc1d9c7fd3eecb81d98c8ecfd7d51c0e700c5aee1a0d19dea3806c&X-Amz-SignedHeaders=host&response-content-disposition=attachment%3B%20filename%3D1b75e0fd-5ed9-49c9-982d-cfec8c84e98b.flac&x-id=GetObject,0.275792122,24790
WWPam-2021-05-14_08-40.WAV,2021 Wind Wolves Preserve,2021,5,14,8,40,Agelaius tricolor,Common Song,48.38399887,49.76533508,281,7219,24000,present,https://rfcx-streams-production.s3.eu-west-1.amazonaws.com/2021/05/14/6v8np25o29hq/27eef250-1f8c-4a90-b2fe-1daf8464b907.flac?X-Amz-Algorithm=AWS4-HMAC-SHA256&X-Amz-Content-Sha256=UNSIGNED-PAYLOAD&X-Amz-Credential=AKIA45B7YWBX5HAZMGOU%2F20260223%2Feu-west-1%2Fs3%2Faws4_request&X-Amz-Date=20260223T001322Z&X-Amz-Expires=604800&X-Amz-Signature=64e7005ee85fb7c3312817fa851779559d769938545b9608d3deb97f691bdb4b&X-Amz-SignedHeaders=host&response-content-disposition=attachment%3B%20filename%3D27eef250-1f8c-4a90-b2fe-1daf8464b907.flac&x-id=GetObject,0.34954986,24790
WWPam-2021-05-14_09-20.WAV,2021 Wind Wolves Preserve,2021,5,14,9,20,Agelaius tricolor,Common Song,2.629333258,4.010666847,281,7219,24000,present,https://rfcx-streams-production.s3.eu-west-1.amazonaws.com/2021/05/14/6v8np25o29hq/309c6b3b-2ccf-4438-837b-ed43b5d516b6.flac?X-Amz-Algorithm=AWS4-HMAC-SHA256&X-Amz-Content-Sha256=UNSIGNED-PAYLOAD&X-Amz-Credential=AKIA45B7YWBX5HAZMGOU%2F20260223%2Feu-west-1%2Fs3%2Faws4_request&X-Amz-Date=20260223T001322Z&X-Amz-Expires=604800&X-Amz-Signature=4cae3754b4e6731680d9cd480481ab2e8422a393d3cd02499e2001cb90d013c3&X-Amz-SignedHeaders=host&response-content-disposition=attachment%3B%20filename%3D309c6b3b-2ccf-4438-837b-ed43b5d516b6.flac&x-id=GetObject,0.251400054,24790
WWPam-2021-05-15_07-40.WAV,2021 Wind Wolves Preserve,2021,5,15,7,40,Agelaius tricolor,Common Song,17.8239994,19.20533371,281,7219,24000,present,https://rfcx-streams-production.s3.eu-west-1.amazonaws.com/2021/05/15/6v8np25o29hq/368fe338-98f0-4cb4-a6fe-49b2268aaac5.flac?X-Amz-Algorithm=AWS4-HMAC-SHA256&X-Amz-Content-Sha256=UNSIGNED-PAYLOAD&X-Amz-Credential=AKIA45B7YWBX5HAZMGOU%2F20260223%2Feu-west-1%2Fs3%2Faws4_request&X-Amz-Date=20260223T001322Z&X-Amz-Expires=604800&X-Amz-Signature=909acb85fc42b993859381b21e6817824f9e548b4f5075a6a697e9789140624d&X-Amz-SignedHeaders=host&response-content-disposition=attachment%3B%20filename%3D368fe338-98f0-4cb4-a6fe-49b2268aaac5.flac&x-id=GetObject,0.346426487,24790
WWPam-2021-05-15_08-00.WAV,2021 Wind Wolves Preserve,2021,5,15,8,0,Agelaius tricolor,Common Song,20.69333267,22.07466698,281,7219,24000,present,https://rfcx-streams-production.s3.eu-west-1.amazonaws.com/2021/05/15/6v8np25o29hq/e4434874-f1fc-45e0-98ed-543a1b35e929.flac?X-Amz-Algorithm=AWS4-HMAC-SHA256&X-Amz-Content-Sha256=UNSIGNED-PAYLOAD&X-Amz-Credential=AKIA45B7YWBX5HAZMGOU%2F20260223%2Feu-west-1%2Fs3%2Faws4_request&X-Amz-Date=20260223T001322Z&X-Amz-Expires=604800&X-Amz-Signature=534b244af100fcbcc02c35b6a79457623be26a417efa163384830fc9b6bf8163&X-Amz-SignedHeaders=host&response-content-disposition=attachment%3B%20filename%3De4434874-f1fc-45e0-98ed-543a1b35e929.flac&x-id=GetObject,0.216718331,24790
WWPam-2021-05-15_08-40.WAV,2021 Wind Wolves Preserve,2021,5,15,8,40,Agelaius tricolor,Common Song,43.73333359,45.11466599,281,7219,24000,present,https://rfcx-streams-production.s3.eu-west-1.amazonaws.com/2021/05/15/6v8np25o29hq/18532554-13fe-4989-bcba-c226293c375d.flac?X-Amz-Algorithm=AWS4-HMAC-SHA256&X-Amz-Content-Sha256=UNSIGNED-PAYLOAD&X-Amz-Credential=AKIA45B7YWBX5HAZMGOU%2F20260223%2Feu-west-1%2Fs3%2Faws4_request&X-Amz-Date=20260223T001322Z&X-Amz-Expires=604800&X-Amz-Signature=cb4d5aa988e06b96bc0356aeda4278d9d432a924c11f127ce2b6c30da1feae3b&X-Amz-SignedHeaders=host&response-content-disposition=attachment%3B%20filename%3D18532554-13fe-4989-bcba-c226293c375d.flac&x-id=GetObject,0.438960761,24790
WWPam-2021-05-15_09-20.WAV,2021 Wind Wolves Preserve,2021,5,15,9,20,Agelaius tricolor,Common Song,29.01333427,30.39466667,281,7219,24000,present,https://rfcx-streams-production.s3.eu-west-1.amazonaws.com/2021/05/15/6v8np25o29hq/a8daa82f-18c5-4f5a-ad02-8145c26c26b7.flac?X-Amz-Algorithm=AWS4-HMAC-SHA256&X-Amz-Content-Sha256=UNSIGNED-PAYLOAD&X-Amz-Credential=AKIA45B7YWBX5HAZMGOU%2F20260223%2Feu-west-1%2Fs3%2Faws4_request&X-Amz-Date=20260223T001322Z&X-Amz-Expires=604800&X-Amz-Signature=f515dbcc8f713d928da207d74b507cfb29dc4e42342983cd74892a5da0b3e1b1&X-Amz-SignedHeaders=host&response-content-disposition=attachment%3B%20filename%3Da8daa82f-18c5-4f5a-ad02-8145c26c26b7.flac&x-id=GetObject,0.26364249,24790
WWPam-2021-05-15_10-00.WAV,2021 Wind Wolves Preserve,2021,5,15,10,0,Agelaius tricolor,Common Song,3.621333361,5.002666473,281,7219,24000,present,https://rfcx-streams-production.s3.eu-west-1.amazonaws.com/2021/05/15/6v8np25o29hq/1ec9e046-606a-4b63-b8f8-1ad311a96f0f.flac?X-Amz-Algorithm=AWS4-HMAC-SHA256&X-Amz-Content-Sha256=UNSIGNED-PAYLOAD&X-Amz-Credential=AKIA45B7YWBX5HAZMGOU%2F20260223%2Feu-west-1%2Fs3%2Faws4_request&X-Amz-Date=20260223T001322Z&X-Amz-Expires=604800&X-Amz-Signature=d76125e6e406ce2e4a421af565705d89418e40dc6dd7406df22691c1a248656a&X-Amz-SignedHeaders=host&response-content-disposition=attachment%3B%20filename%3D1ec9e046-606a-4b63-b8f8-1ad311a96f0f.flac&x-id=GetObject,0.309629053,24790
WWPam-2021-05-15_10-20.WAV,2021 Wind Wolves Preserve,2021,5,15,10,20,Agelaius tricolor,Common Song,47.31200027,48.69333267,281,7219,24000,present,https://rfcx-streams-production.s3.eu-west-1.amazonaws.com/2021/05/15/6v8np25o29hq/691b0224-0b9e-44e9-8ccf-3c079c000c50.flac?X-Amz-Algorithm=AWS4-HMAC-SHA256&X-Amz-Content-Sha256=UNSIGNED-PAYLOAD&X-Amz-Credential=AKIA45B7YWBX5HAZMGOU%2F20260223%2Feu-west-1%2Fs3%2Faws4_request&X-Amz-Date=20260223T001322Z&X-Amz-Expires=604800&X-Amz-Signature=cdfa949b17c32ca254f25cbc9997d4014b84542aff88eac05688f87448668eea&X-Amz-SignedHeaders=host&response-content-disposition=attachment%3B%20filename%3D691b0224-0b9e-44e9-8ccf-3c079c000c50.flac&x-id=GetObject,0.98638308,24790
WWPam-2021-05-22_11-40.WAV,2021 Wind Wolves Preserve,2021,5,22,11,40,Agelaius tricolor,Common Song,16.74666595,18.12800026,281,7219,24000,present,https://rfcx-streams-production.s3.eu-west-1.amazonaws.com/2021/05/22/6v8np25o29hq/9ceff81e-e6b8-4b2c-9f45-072a6498432f.flac?X-Amz-Algorithm=AWS4-HMAC-SHA256&X-Amz-Content-Sha256=UNSIGNED-PAYLOAD&X-Amz-Credential=AKIA45B7YWBX5HAZMGOU%2F20260223%2Feu-west-1%2Fs3%2Faws4_request&X-Amz-Date=20260223T001322Z&X-Amz-Expires=604800&X-Amz-Signature=ac22e780fb71ffc2e935f7f68dd6ee2bcf1d381ffcd9e62f655901e370975906&X-Amz-SignedHeaders=host&response-content-disposition=attachment%3B%20filename%3D9ceff81e-e6b8-4b2c-9f45-072a6498432f.flac&x-id=GetObject,0.261990547,24790
WWPam-2021-05-22_12-20.WAV,2021 Wind Wolves Preserve,2021,5,22,12,20,Agelaius tricolor,Common Song,57.43466568,58.81600189,281,7219,24000,present,https://rfcx-streams-production.s3.eu-west-1.amazonaws.com/2021/05/22/6v8np25o29hq/b4b9ce1d-a909-455b-9f9a-9c5fd1725d4e.flac?X-Amz-Algorithm=AWS4-HMAC-SHA256&X-Amz-Content-Sha256=UNSIGNED-PAYLOAD&X-Amz-Credential=AKIA45B7YWBX5HAZMGOU%2F20260223%2Feu-west-1%2Fs3%2Faws4_request&X-Amz-Date=20260223T001322Z&X-Amz-Expires=604800&X-Amz-Signature=faee26d9da2ac4347b7ae79b7ae4b10107abf2bd38804e0776accc3a36f85548&X-Amz-SignedHeaders=host&response-content-disposition=attachment%3B%20filename%3Db4b9ce1d-a909-455b-9f9a-9c5fd1725d4e.flac&x-id=GetObject,0.294079751,24790
WWPam-2021-05-22_19-40.WAV,2021 Wind Wolves Preserve,2021,5,22,19,40,Agelaius tricolor,Common Song,6.757333279,8.138667107,281,7219,24000,present,https://rfcx-streams-production.s3.eu-west-1.amazonaws.com/2021/05/23/6v8np25o29hq/492b6542-ed1e-4288-a4ad-f3327f3f3452.flac?X-Amz-Algorithm=AWS4-HMAC-SHA256&X-Amz-Content-Sha256=UNSIGNED-PAYLOAD&X-Amz-Credential=AKIA45B7YWBX5HAZMGOU%2F20260223%2Feu-west-1%2Fs3%2Faws4_request&X-Amz-Date=20260223T001322Z&X-Amz-Expires=604800&X-Amz-Signature=23cc55fe5ae3053c7bee749862d8857553c9fddd8b0cb9decefbd06382aa4318&X-Amz-SignedHeaders=host&response-content-disposition=attachment%3B%20filename%3D492b6542-ed1e-4288-a4ad-f3327f3f3452.flac&x-id=GetObject,0.220403507,24790
WWPam-2021-05-22_20-00.WAV,2021 Wind Wolves Preserve,2021,5,22,20,0,Agelaius tricolor,Common Song,26.59733391,27.97866631,281,7219,24000,present,https://rfcx-streams-production.s3.eu-west-1.amazonaws.com/2021/05/23/6v8np25o29hq/f4c09bbf-d17d-4f76-9fd0-b6ce5b0e82bd.flac?X-Amz-Algorithm=AWS4-HMAC-SHA256&X-Amz-Content-Sha256=UNSIGNED-PAYLOAD&X-Amz-Credential=AKIA45B7YWBX5HAZMGOU%2F20260223%2Feu-west-1%2Fs3%2Faws4_request&X-Amz-Date=20260223T001322Z&X-Amz-Expires=604800&X-Amz-Signature=bd800b131bf309c1f015e624df85f18be3486947d46bea491a762a96983b90eb&X-Amz-SignedHeaders=host&response-content-disposition=attachment%3B%20filename%3Df4c09bbf-d17d-4f76-9fd0-b6ce5b0e82bd.flac&x-id=GetObject,0.261669457,24790
WWPam-2021-05-23_05-40.WAV,2021 Wind Wolves Preserve,2021,5,23,5,40,Agelaius tricolor,Common Song,4.938666821,6.320000172,281,7219,24000,present,https://rfcx-streams-production.s3.eu-west-1.amazonaws.com/2021/05/23/6v8np25o29hq/4b8e0285-a8c9-4c01-9bfb-17cacd65b34f.flac?X-Amz-Algorithm=AWS4-HMAC-SHA256&X-Amz-Content-Sha256=UNSIGNED-PAYLOAD&X-Amz-Credential=AKIA45B7YWBX5HAZMGOU%2F20260223%2Feu-west-1%2Fs3%2Faws4_request&X-Amz-Date=20260223T001319Z&X-Amz-Expires=604800&X-Amz-Signature=0fffa4fc2461a115e14fba79b2d2c5d7a5a3288dc9509fa98b1bda37ff7a061c&X-Amz-SignedHeaders=host&response-content-disposition=attachment%3B%20filename%3D4b8e0285-a8c9-4c01-9bfb-17cacd65b34f.flac&x-id=GetObject,0.207241952,24790
WWPam-2021-05-23_07-40.WAV,2021 Wind Wolves Preserve,2021,5,23,7,40,Agelaius tricolor,Common Song,55.79733276,57.17866516,281,7219,24000,present,https://rfcx-streams-production.s3.eu-west-1.amazonaws.com/2021/05/23/6v8np25o29hq/7e7ddd4d-4c6e-4ce5-95a1-dcffeb06868c.flac?X-Amz-Algorithm=AWS4-HMAC-SHA256&X-Amz-Content-Sha256=UNSIGNED-PAYLOAD&X-Amz-Credential=AKIA45B7YWBX5HAZMGOU%2F20260223%2Feu-west-1%2Fs3%2Faws4_request&X-Amz-Date=20260223T001322Z&X-Amz-Expires=604800&X-Amz-Signature=38dbb8cb7c809f80503184c92e194bf2c067e50366c02ea9b3e8bd16770a6a7c&X-Amz-SignedHeaders=host&response-content-disposition=attachment%3B%20filename%3D7e7ddd4d-4c6e-4ce5-95a1-dcffeb06868c.flac&x-id=GetObject,0.334878385,24790
WWPam-2021-05-23_08-00.WAV,2021 Wind Wolves Preserve,2021,5,23,8,0,Agelaius tricolor,Common Song,19.3706665,20.75200081,281,7219,24000,present,https://rfcx-streams-production.s3.eu-west-1.amazonaws.com/2021/05/23/6v8np25o29hq/f2d18bf7-934f-46c6-b93e-4bdce77896d2.flac?X-Amz-Algorithm=AWS4-HMAC-SHA256&X-Amz-Content-Sha256=UNSIGNED-PAYLOAD&X-Amz-Credential=AKIA45B7YWBX5HAZMGOU%2F20260223%2Feu-west-1%2Fs3%2Faws4_request&X-Amz-Date=20260223T001322Z&X-Amz-Expires=604800&X-Amz-Signature=227b58c6503792b5babbf78e3bd2c4a5800f6095046d5ee4846c8f2bc0e39a6d&X-Amz-SignedHeaders=host&response-content-disposition=attachment%3B%20filename%3Df2d18bf7-934f-46c6-b93e-4bdce77896d2.flac&x-id=GetObject,0.329153568,24790
WWPam-2021-05-23_09-20.WAV,2021 Wind Wolves Preserve,2021,5,23,9,20,Agelaius tricolor,Common Song,53.86666489,55.2480011,281,7219,24000,present,https://rfcx-streams-production.s3.eu-west-1.amazonaws.com/2021/05/23/6v8np25o29hq/9d6c4d99-c053-4c4e-b7ab-59d5be77a7ce.flac?X-Amz-Algorithm=AWS4-HMAC-SHA256&X-Amz-Content-Sha256=UNSIGNED-PAYLOAD&X-Amz-Credential=AKIA45B7YWBX5HAZMGOU%2F20260223%2Feu-west-1%2Fs3%2Faws4_request&X-Amz-Date=20260223T001322Z&X-Amz-Expires=604800&X-Amz-Signature=766c897bf1ced407f04b2d1169c31fd35db489677e3e4e4831461bb92a8ad249&X-Amz-SignedHeaders=host&response-content-disposition=attachment%3B%20filename%3D9d6c4d99-c053-4c4e-b7ab-59d5be77a7ce.flac&x-id=GetObject,0.285357773,24790
WWPam-2021-05-23_09-40.WAV,2021 Wind Wolves Preserve,2021,5,23,9,40,Agelaius tricolor,Common Song,8.629333496,10.01066685,281,7219,24000,present,https://rfcx-streams-production.s3.eu-west-1.amazonaws.com/2021/05/23/6v8np25o29hq/c9256671-8d85-4487-a3bd-a55ba9c8d869.flac?X-Amz-Algorithm=AWS4-HMAC-SHA256&X-Amz-Content-Sha256=UNSIGNED-PAYLOAD&X-Amz-Credential=AKIA45B7YWBX5HAZMGOU%2F20260223%2Feu-west-1%2Fs3%2Faws4_request&X-Amz-Date=20260223T001323Z&X-Amz-Expires=604800&X-Amz-Signature=4186ac31c057ece4de74f3c53fa6074e9a6f9efb91462871ff99235855e0d190&X-Amz-SignedHeaders=host&response-content-disposition=attachment%3B%20filename%3Dc9256671-8d85-4487-a3bd-a55ba9c8d869.flac&x-id=GetObject,0.278210729,24790
WWPam-2021-05-23_19-40.WAV,2021 Wind Wolves Preserve,2021,5,23,19,40,Agelaius tricolor,Common Song,43.70666504,45.08800125,281,7219,24000,present,https://rfcx-streams-production.s3.eu-west-1.amazonaws.com/2021/05/24/6v8np25o29hq/199cd3c5-7c44-4a3a-855f-492034422c65.flac?X-Amz-Algorithm=AWS4-HMAC-SHA256&X-Amz-Content-Sha256=UNSIGNED-PAYLOAD&X-Amz-Credential=AKIA45B7YWBX5HAZMGOU%2F20260223%2Feu-west-1%2Fs3%2Faws4_request&X-Amz-Date=20260223T001323Z&X-Amz-Expires=604800&X-Amz-Signature=e2155d5d9991496b109c633fbc43ad6dffc6276c985c7d33c2992549e2f0963b&X-Amz-SignedHeaders=host&response-content-disposition=attachment%3B%20filename%3D199cd3c5-7c44-4a3a-855f-492034422c65.flac&x-id=GetObject,0.259862781,24790
WWPam-2021-05-24_05-40.WAV,2021 Wind Wolves Preserve,2021,5,24,5,40,Agelaius tricolor,Common Song,7.322666645,8.704000473,281,7219,24000,present,https://rfcx-streams-production.s3.eu-west-1.amazonaws.com/2021/05/24/6v8np25o29hq/2abb79e6-46a2-4f65-ba25-ea7e3414000b.flac?X-Amz-Algorithm=AWS4-HMAC-SHA256&X-Amz-Content-Sha256=UNSIGNED-PAYLOAD&X-Amz-Credential=AKIA45B7YWBX5HAZMGOU%2F20260223%2Feu-west-1%2Fs3%2Faws4_request&X-Amz-Date=20260223T001323Z&X-Amz-Expires=604800&X-Amz-Signature=74f2d951fbf62e316f907dbee3f84e5bc0f988f8e849a4e9219c20a915cbaabd&X-Amz-SignedHeaders=host&response-content-disposition=attachment%3B%20filename%3D2abb79e6-46a2-4f65-ba25-ea7e3414000b.flac&x-id=GetObject,0.214825377,24790
WWPam-2021-05-24_09-00.WAV,2021 Wind Wolves Preserve,2021,5,24,9,0,Agelaius tricolor,Common Song,1.546666622,2.927999973,281,7219,24000,present,https://rfcx-streams-production.s3.eu-west-1.amazonaws.com/2021/05/24/6v8np25o29hq/bd7272ea-b4a5-40c7-aff6-a430953048d8.flac?X-Amz-Algorithm=AWS4-HMAC-SHA256&X-Amz-Content-Sha256=UNSIGNED-PAYLOAD&X-Amz-Credential=AKIA45B7YWBX5HAZMGOU%2F20260223%2Feu-west-1%2Fs3%2Faws4_request&X-Amz-Date=20260223T001323Z&X-Amz-Expires=604800&X-Amz-Signature=559c4e882ee79143ea1c66f71e7a5e41c71c74df52c20c40c0325c57f0c340be&X-Amz-SignedHeaders=host&response-content-disposition=attachment%3B%20filename%3Dbd7272ea-b4a5-40c7-aff6-a430953048d8.flac&x-id=GetObject,0.283653408,24790
WWPam-2021-05-24_10-40.WAV,2021 Wind Wolves Preserve,2021,5,24,10,40,Agelaius tricolor,Common Song,9.343999863,10.72533321,281,7219,24000,present,https://rfcx-streams-production.s3.eu-west-1.amazonaws.com/2021/05/24/6v8np25o29hq/1a0ee4e1-6344-4d52-8b8f-bfdb7e0305e4.flac?X-Amz-Algorithm=AWS4-HMAC-SHA256&X-Amz-Content-Sha256=UNSIGNED-PAYLOAD&X-Amz-Credential=AKIA45B7YWBX5HAZMGOU%2F20260223%2Feu-west-1%2Fs3%2Faws4_request&X-Amz-Date=20260223T001323Z&X-Amz-Expires=604800&X-Amz-Signature=d75c63a6394ccb4f83b3a0cb0a8f39cfdcedf8b8880ce2a6ea6ebd16b3bf562e&X-Amz-SignedHeaders=host&response-content-disposition=attachment%3B%20filename%3D1a0ee4e1-6344-4d52-8b8f-bfdb7e0305e4.flac&x-id=GetObject,0.234965891,24790
WWPam-2021-05-24_17-00.WAV,2021 Wind Wolves Preserve,2021,5,24,17,0,Agelaius tricolor,Common Song,50.28266525,51.66400146,281,7219,24000,present,https://rfcx-streams-production.s3.eu-west-1.amazonaws.com/2021/05/25/6v8np25o29hq/c0c95aec-c795-4cd8-b90f-819bb9ba05a0.flac?X-Amz-Algorithm=AWS4-HMAC-SHA256&X-Amz-Content-Sha256=UNSIGNED-PAYLOAD&X-Amz-Credential=AKIA45B7YWBX5HAZMGOU%2F20260223%2Feu-west-1%2Fs3%2Faws4_request&X-Amz-Date=20260223T001323Z&X-Amz-Expires=604800&X-Amz-Signature=90bf19409a5da65735a8c04d72b21eb9b7ba15d13ab670289181248533ce8aa3&X-Amz-SignedHeaders=host&response-content-disposition=attachment%3B%20filename%3Dc0c95aec-c795-4cd8-b90f-819bb9ba05a0.flac&x-id=GetObject,0.278183043,24790
WWPam-2021-05-24_17-40.WAV,2021 Wind Wolves Preserve,2021,5,24,17,40,Agelaius tricolor,Common Song,18.25066757,19.63199997,281,7219,24000,present,https://rfcx-streams-production.s3.eu-west-1.amazonaws.com/2021/05/25/6v8np25o29hq/9024d324-e89d-4077-a004-856d40a7df22.flac?X-Amz-Algorithm=AWS4-HMAC-SHA256&X-Amz-Content-Sha256=UNSIGNED-PAYLOAD&X-Amz-Credential=AKIA45B7YWBX5HAZMGOU%2F20260223%2Feu-west-1%2Fs3%2Faws4_request&X-Amz-Date=20260223T001319Z&X-Amz-Expires=604800&X-Amz-Signature=1bc8506e9ea022c359249cb17e83e06cd3d25a780b8a1ca2858926dbf222123f&X-Amz-SignedHeaders=host&response-content-disposition=attachment%3B%20filename%3D9024d324-e89d-4077-a004-856d40a7df22.flac&x-id=GetObject,0.244613796,24790
WWPam-2021-05-25_06-20.WAV,2021 Wind Wolves Preserve,2021,5,25,6,20,Agelaius tricolor,Common Song,21.90933418,23.29066658,281,7219,24000,present,https://rfcx-streams-production.s3.eu-west-1.amazonaws.com/2021/05/25/6v8np25o29hq/3032deee-c41d-435b-b391-e9011225ef9d.flac?X-Amz-Algorithm=AWS4-HMAC-SHA256&X-Amz-Content-Sha256=UNSIGNED-PAYLOAD&X-Amz-Credential=AKIA45B7YWBX5HAZMGOU%2F20260223%2Feu-west-1%2Fs3%2Faws4_request&X-Amz-Date=20260223T001323Z&X-Amz-Expires=604800&X-Amz-Signature=fbf442d27162c894f044f610495686407e1cda11f99d506077f154cc235d00ae&X-Amz-SignedHeaders=host&response-content-disposition=attachment%3B%20filename%3D3032deee-c41d-435b-b391-e9011225ef9d.flac&x-id=GetObject,0.232023507,24790
WWPam-2021-05-25_13-00.WAV,2021 Wind Wolves Preserve,2021,5,25,13,0,Agelaius tricolor,Common Song,5.013333321,6.394666672,281,7219,24000,present,https://rfcx-streams-production.s3.eu-west-1.amazonaws.com/2021/05/25/6v8np25o29hq/20dfc93b-7126-435a-85fb-480c59ac1cf9.flac?X-Amz-Algorithm=AWS4-HMAC-SHA256&X-Amz-Content-Sha256=UNSIGNED-PAYLOAD&X-Amz-Credential=AKIA45B7YWBX5HAZMGOU%2F20260223%2Feu-west-1%2Fs3%2Faws4_request&X-Amz-Date=20260223T001323Z&X-Amz-Expires=604800&X-Amz-Signature=4b5acaa86b2025e6d8d43c730533aefeca203a0ced388603bf423cbf492fa1d7&X-Amz-SignedHeaders=host&response-content-disposition=attachment%3B%20filename%3D20dfc93b-7126-435a-85fb-480c59ac1cf9.flac&x-id=GetObject,0.231173187,24790
WWPam-2021-05-25_19-20.WAV,2021 Wind Wolves Preserve,2021,5,25,19,20,Agelaius tricolor,Common Song,19.30133247,20.68266678,281,7219,24000,present,https://rfcx-streams-production.s3.eu-west-1.amazonaws.com/2021/05/26/6v8np25o29hq/254e33df-8f11-487e-aa6d-0a21ef3b5408.flac?X-Amz-Algorithm=AWS4-HMAC-SHA256&X-Amz-Content-Sha256=UNSIGNED-PAYLOAD&X-Amz-Credential=AKIA45B7YWBX5HAZMGOU%2F20260223%2Feu-west-1%2Fs3%2Faws4_request&X-Amz-Date=20260223T001319Z&X-Amz-Expires=604800&X-Amz-Signature=c1026c240868a14397d805aef54e55ec8c392989adf6399e51ec268620dc967b&X-Amz-SignedHeaders=host&response-content-disposition=attachment%3B%20filename%3D254e33df-8f11-487e-aa6d-0a21ef3b5408.flac&x-id=GetObject,0.215926632,24790
WWPam-2021-05-26_05-40.WAV,2021 Wind Wolves Preserve,2021,5,26,5,40,Agelaius tricolor,Common Song,52.55466843,53.93600082,281,7219,24000,present,https://rfcx-streams-production.s3.eu-west-1.amazonaws.com/2021/05/26/6v8np25o29hq/01d88889-b7d0-449a-b6bf-76f2ad56bfd9.flac?X-Amz-Algorithm=AWS4-HMAC-SHA256&X-Amz-Content-Sha256=UNSIGNED-PAYLOAD&X-Amz-Credential=AKIA45B7YWBX5HAZMGOU%2F20260223%2Feu-west-1%2Fs3%2Faws4_request&X-Amz-Date=20260223T001323Z&X-Amz-Expires=604800&X-Amz-Signature=9314c5e60214f9ddf52e2645859385e8260e7d1154c82e191d8afbcb7cb1f1df&X-Amz-SignedHeaders=host&response-content-disposition=attachment%3B%20filename%3D01d88889-b7d0-449a-b6bf-76f2ad56bfd9.flac&x-id=GetObject,0.200559407,24790
WWPam-2021-05-26_07-20.WAV,2021 Wind Wolves Preserve,2021,5,26,7,20,Agelaius tricolor,Common Song,4.032000065,5.413333416,281,7219,24000,present,https://rfcx-streams-production.s3.eu-west-1.amazonaws.com/2021/05/26/6v8np25o29hq/b6daa4f7-dacf-4104-9303-dc9590cd14b7.flac?X-Amz-Algorithm=AWS4-HMAC-SHA256&X-Amz-Content-Sha256=UNSIGNED-PAYLOAD&X-Amz-Credential=AKIA45B7YWBX5HAZMGOU%2F20260223%2Feu-west-1%2Fs3%2Faws4_request&X-Amz-Date=20260223T001323Z&X-Amz-Expires=604800&X-Amz-Signature=702b4ebd8f1ce56871db2e2f6b4e6efcf137054cc68eaf0a0d8349d159f8cae4&X-Amz-SignedHeaders=host&response-content-disposition=attachment%3B%20filename%3Db6daa4f7-dacf-4104-9303-dc9590cd14b7.flac&x-id=GetObject,0.250938207,24790
WWPam-2021-05-26_12-40.WAV,2021 Wind Wolves Preserve,2021,5,26,12,40,Agelaius tricolor,Common Song,30.54400063,31.92533302,281,7219,24000,present,https://rfcx-streams-production.s3.eu-west-1.amazonaws.com/2021/05/26/6v8np25o29hq/e0b74096-c2d6-481f-a375-1c9bc53ff37b.flac?X-Amz-Algorithm=AWS4-HMAC-SHA256&X-Amz-Content-Sha256=UNSIGNED-PAYLOAD&X-Amz-Credential=AKIA45B7YWBX5HAZMGOU%2F20260223%2Feu-west-1%2Fs3%2Faws4_request&X-Amz-Date=20260223T001323Z&X-Amz-Expires=604800&X-Amz-Signature=8a029eecdc7e5d08f5723dda5db6176137ee419678b49733dafaa6e12b8433b9&X-Amz-SignedHeaders=host&response-content-disposition=attachment%3B%20filename%3De0b74096-c2d6-481f-a375-1c9bc53ff37b.flac&x-id=GetObject,0.251886189,24790
WWPam-2021-05-26_13-20.WAV,2021 Wind Wolves Preserve,2021,5,26,13,20,Agelaius tricolor,Common Song,54.08000183,55.46133423,281,7219,24000,present,https://rfcx-streams-production.s3.eu-west-1.amazonaws.com/2021/05/26/6v8np25o29hq/96cbff6c-f1e0-4db8-b600-71d14a9ffa7b.flac?X-Amz-Algorithm=AWS4-HMAC-SHA256&X-Amz-Content-Sha256=UNSIGNED-PAYLOAD&X-Amz-Credential=AKIA45B7YWBX5HAZMGOU%2F20260223%2Feu-west-1%2Fs3%2Faws4_request&X-Amz-Date=20260223T001323Z&X-Amz-Expires=604800&X-Amz-Signature=18caaa233d4562533f05066cfe53fe68a17ce5f58ca56e74ecc417fb69a1122b&X-Amz-SignedHeaders=host&response-content-disposition=attachment%3B%20filename%3D96cbff6c-f1e0-4db8-b600-71d14a9ffa7b.flac&x-id=GetObject,0.288624227,24790
WWPam-2021-05-27_05-40.WAV,2021 Wind Wolves Preserve,2021,5,27,5,40,Agelaius tricolor,Common Song,27.06666756,28.44799995,281,7219,24000,present,https://rfcx-streams-production.s3.eu-west-1.amazonaws.com/2021/05/27/6v8np25o29hq/69141eeb-d21f-4bdd-a561-8c77bf05c850.flac?X-Amz-Algorithm=AWS4-HMAC-SHA256&X-Amz-Content-Sha256=UNSIGNED-PAYLOAD&X-Amz-Credential=AKIA45B7YWBX5HAZMGOU%2F20260223%2Feu-west-1%2Fs3%2Faws4_request&X-Amz-Date=20260223T001323Z&X-Amz-Expires=604800&X-Amz-Signature=b9869787acba3b29a38de306fc7a9c03241225ffb8670bbae3bb4f01324990cb&X-Amz-SignedHeaders=host&response-content-disposition=attachment%3B%20filename%3D69141eeb-d21f-4bdd-a561-8c77bf05c850.flac&x-id=GetObject,0.292599916,24790
WWPam-2021-05-27_06-20.WAV,2021 Wind Wolves Preserve,2021,5,27,6,20,Agelaius tricolor,Common Song,38.10133362,39.48266602,281,7219,24000,present,https://rfcx-streams-production.s3.eu-west-1.amazonaws.com/2021/05/27/6v8np25o29hq/a5fc893c-5e6d-4c7c-80fc-47cd6e0775ca.flac?X-Amz-Algorithm=AWS4-HMAC-SHA256&X-Amz-Content-Sha256=UNSIGNED-PAYLOAD&X-Amz-Credential=AKIA45B7YWBX5HAZMGOU%2F20260223%2Feu-west-1%2Fs3%2Faws4_request&X-Amz-Date=20260223T001319Z&X-Amz-Expires=604800&X-Amz-Signature=5ae653f5f9019cf8cbba50d6c4a827b7bc4b7b5b7e9a63f87a24bf89a508e31a&X-Amz-SignedHeaders=host&response-content-disposition=attachment%3B%20filename%3Da5fc893c-5e6d-4c7c-80fc-47cd6e0775ca.flac&x-id=GetObject,0.256449372,24790
WWPam-2021-05-27_10-40.WAV,2021 Wind Wolves Preserve,2021,5,27,10,40,Agelaius tricolor,Common Song,34.94400024,36.32533264,281,7219,24000,present,https://rfcx-streams-production.s3.eu-west-1.amazonaws.com/2021/05/27/6v8np25o29hq/77aa1757-f88f-4aa7-8a22-6ca4eebf8a7e.flac?X-Amz-Algorithm=AWS4-HMAC-SHA256&X-Amz-Content-Sha256=UNSIGNED-PAYLOAD&X-Amz-Credential=AKIA45B7YWBX5HAZMGOU%2F20260223%2Feu-west-1%2Fs3%2Faws4_request&X-Amz-Date=20260223T001323Z&X-Amz-Expires=604800&X-Amz-Signature=8edb967329b6d3fde1c3a7f946eb3ef95907aa1b5fc338bb9973d8a1f795ca01&X-Amz-SignedHeaders=host&response-content-disposition=attachment%3B%20filename%3D77aa1757-f88f-4aa7-8a22-6ca4eebf8a7e.flac&x-id=GetObject,0.264968842,24790
WWPam-2021-05-28_07-40.WAV,2021 Wind Wolves Preserve,2021,5,28,7,40,Agelaius tricolor,Common Song,23.63733292,25.01866722,281,7219,24000,present,https://rfcx-streams-production.s3.eu-west-1.amazonaws.com/2021/05/28/6v8np25o29hq/798424ee-26c5-4ec4-a671-0e5bdcb1d7a5.flac?X-Amz-Algorithm=AWS4-HMAC-SHA256&X-Amz-Content-Sha256=UNSIGNED-PAYLOAD&X-Amz-Credential=AKIA45B7YWBX5HAZMGOU%2F20260223%2Feu-west-1%2Fs3%2Faws4_request&X-Amz-Date=20260223T001323Z&X-Amz-Expires=604800&X-Amz-Signature=ccd5a14efbac70d098185bb550db62edaa295e763d56cdedde848dd63716ce77&X-Amz-SignedHeaders=host&response-content-disposition=attachment%3B%20filename%3D798424ee-26c5-4ec4-a671-0e5bdcb1d7a5.flac&x-id=GetObject,0.21970813,24790
WWPam-2021-06-05_08-00.WAV,2021 Wind Wolves Preserve,2021,6,5,8,0,Agelaius tricolor,Common Song,6.869333267,8.250666618,281,7219,24000,present,https://rfcx-streams-production.s3.eu-west-1.amazonaws.com/2021/06/05/6v8np25o29hq/db39a9bc-ff2b-47e7-8d56-d85599d73f8b.flac?X-Amz-Algorithm=AWS4-HMAC-SHA256&X-Amz-Content-Sha256=UNSIGNED-PAYLOAD&X-Amz-Credential=AKIA45B7YWBX5HAZMGOU%2F20260223%2Feu-west-1%2Fs3%2Faws4_request&X-Amz-Date=20260223T001324Z&X-Amz-Expires=604800&X-Amz-Signature=3ddff405b949c495fe8e30e8f6e6d31d2fccb14a6d380840ba315243cfa4b66c&X-Amz-SignedHeaders=host&response-content-disposition=attachment%3B%20filename%3Ddb39a9bc-ff2b-47e7-8d56-d85599d73f8b.flac&x-id=GetObject,0.213623494,24790
