recording,site,year,month,day,hour,minute,species,songtype,x1,x2,y1,y2,frequency,validated,url,score,site_id
ConCam-2022-05-09_10-10.WAV,2022 Conaway East,2022,5,9,10,10,Agelaius tricolor,Courtship Song,25.96800041,26.9066658,94,8719,24000,present,https://rfcx-streams-production.s3.eu-west-1.amazonaws.com/2022/05/09/9iy0wwvn4csi/97386399-0117-4b53-acec-66b1786e2537.flac?X-Amz-Algorithm=AWS4-HMAC-SHA256&X-Amz-Content-Sha256=UNSIGNED-PAYLOAD&X-Amz-Credential=AKIA45B7YWBX5HAZMGOU%2F20260223%2Feu-west-1%2Fs3%2Faws4_request&X-Amz-Date=20260223T001940Z&X-Amz-Expires=604800&X-Amz-Signature=13d6834023391be51aee459ebcffa4db6905f32b8e87658d74828417adca8add&X-Amz-SignedHeaders=host&response-content-disposition=attachment%3B%20filename%3D97386399-0117-4b53-acec-66b1786e2537.flac&x-id=GetObject,0.318380594,34115
ConCam-2022-05-09_10-20.WAV,2022 Conaway East,2022,5,9,10,20,Agelaius tricolor,Courtship Song,12.43200016,13.3706665,94,8719,24000,present,https://rfcx-streams-production.s3.eu-west-1.amazonaws.com/2022/05/09/9iy0wwvn4csi/019772f5-96c9-46ad-86a4-61cea4037654.flac?X-Amz-Algorithm=AWS4-HMAC-SHA256&X-Amz-Content-Sha256=UNSIGNED-PAYLOAD&X-Amz-Credential=AKIA45B7YWBX5HAZMGOU%2F20260223%2Feu-west-1%2Fs3%2Faws4_request&X-Amz-Date=20260223T001940Z&X-Amz-Expires=604800&X-Amz-Signature=228212d09166091653c4029f61233eef47122de9c93d39d8d1cf0cf639d86479&X-Amz-SignedHeaders=host&response-content-disposition=attachment%3B%20filename%3D019772f5-96c9-46ad-86a4-61cea4037654.flac&x-id=GetObject,0.330772132,34115
ConCam-2022-05-09_10-30.WAV,2022 Conaway East,2022,5,9,10,30,Agelaius tricolor,Courtship Song,36.10133362,37.04000092,94,8719,24000,present,https://rfcx-streams-production.s3.eu-west-1.amazonaws.com/2022/05/09/9iy0wwvn4csi/472a117a-74df-441c-8271-d47db0d6cefa.flac?X-Amz-Algorithm=AWS4-HMAC-SHA256&X-Amz-Content-Sha256=UNSIGNED-PAYLOAD&X-Amz-Credential=AKIA45B7YWBX5HAZMGOU%2F20260223%2Feu-west-1%2Fs3%2Faws4_request&X-Amz-Date=20260223T001939Z&X-Amz-Expires=604800&X-Amz-Signature=e9f24d079fd14894f6e65e8fa84015a45a260e876421f2813c165f3a9f525751&X-Amz-SignedHeaders=host&response-content-disposition=attachment%3B%20filename%3D472a117a-74df-441c-8271-d47db0d6cefa.flac&x-id=GetObject,0.34987393,34115
ConCam-2022-05-09_10-40.WAV,2022 Conaway East,2022,5,9,10,40,Agelaius tricolor,Courtship Song,49.78133392,50.72000122,94,8719,24000,present,https://rfcx-streams-production.s3.eu-west-1.amazonaws.com/2022/05/09/9iy0wwvn4csi/98c8e2f4-fd51-4c28-bc5c-dc81f1655189.flac?X-Amz-Algorithm=AWS4-HMAC-SHA256&X-Amz-Content-Sha256=UNSIGNED-PAYLOAD&X-Amz-Credential=AKIA45B7YWBX5HAZMGOU%2F20260223%2Feu-west-1%2Fs3%2Faws4_request&X-Amz-Date=20260223T001940Z&X-Amz-Expires=604800&X-Amz-Signature=a36e5526dc07d28719ccdf7bf3545f21658c5e85bc472ac426eaff3c76ceaf04&X-Amz-SignedHeaders=host&response-content-disposition=attachment%3B%20filename%3D98c8e2f4-fd51-4c28-bc5c-dc81f1655189.flac&x-id=GetObject,0.452869326,34115
ConCam-2022-05-09_10-50.WAV,2022 Conaway East,2022,5,9,10,50,Agelaius tricolor,Courtship Song,58.31466675,59.25333405,94,8719,24000,present,https://rfcx-streams-production.s3.eu-west-1.amazonaws.com/2022/05/09/9iy0wwvn4csi/4369c934-a61b-404f-8108-104c5208bacf.flac?X-Amz-Algorithm=AWS4-HMAC-SHA256&X-Amz-Content-Sha256=UNSIGNED-PAYLOAD&X-Amz-Credential=AKIA45B7YWBX5HAZMGOU%2F20260223%2Feu-west-1%2Fs3%2Faws4_request&X-Amz-Date=20260223T001940Z&X-Amz-Expires=604800&X-Amz-Signature=065178dcc469f6d1e6379e51d7b10629fc45387d35e4e3ef1781e9a95ef33940&X-Amz-SignedHeaders=host&response-content-disposition=attachment%3B%20filename%3D4369c934-a61b-404f-8108-104c5208bacf.flac&x-id=GetObject,0.425416321,34115
ConCam-2022-05-09_11-10.WAV,2022 Conaway East,2022,5,9,11,10,Agelaius tricolor,Courtship Song,10.9119997,11.850667,94,8719,24000,present,https://rfcx-streams-production.s3.eu-west-1.amazonaws.com/2022/05/09/9iy0wwvn4csi/25206903-6e09-4bf6-a74f-d91ac31f9500.flac?X-Amz-Algorithm=AWS4-HMAC-SHA256&X-Amz-Content-Sha256=UNSIGNED-PAYLOAD&X-Amz-Credential=AKIA45B7YWBX5HAZMGOU%2F20260223%2Feu-west-1%2Fs3%2Faws4_request&X-Amz-Date=20260223T001940Z&X-Amz-Expires=604800&X-Amz-Signature=58ee8284e0006a760eb187410d58c723030d04958bd94afe17c9f8c4658be43c&X-Amz-SignedHeaders=host&response-content-disposition=attachment%3B%20filename%3D25206903-6e09-4bf6-a74f-d91ac31f9500.flac&x-id=GetObject,0.346280277,34115
ConCam-2022-05-09_11-20.WAV,2022 Conaway East,2022,5,9,11,20,Agelaius tricolor,Courtship Song,31.79733276,32.73600006,94,8719,24000,present,https://rfcx-streams-production.s3.eu-west-1.amazonaws.com/2022/05/09/9iy0wwvn4csi/86124235-26bf-4008-9503-30e24cff9ce8.flac?X-Amz-Algorithm=AWS4-HMAC-SHA256&X-Amz-Content-Sha256=UNSIGNED-PAYLOAD&X-Amz-Credential=AKIA45B7YWBX5HAZMGOU%2F20260223%2Feu-west-1%2Fs3%2Faws4_request&X-Amz-Date=20260223T001940Z&X-Amz-Expires=604800&X-Amz-Signature=83266e2633b8d06ba81dce4176459b0a5607eeecfa18bb78507ab733b91758c0&X-Amz-SignedHeaders=host&response-content-disposition=attachment%3B%20filename%3D86124235-26bf-4008-9503-30e24cff9ce8.flac&x-id=GetObject,0.44827047,34115
ConCam-2022-05-09_11-30.WAV,2022 Conaway East,2022,5,9,11,30,Agelaius tricolor,Courtship Song,20.13866615,21.07733345,94,8719,24000,present,https://rfcx-streams-production.s3.eu-west-1.amazonaws.com/2022/05/09/9iy0wwvn4csi/56d7d4de-204a-415c-8396-02f3a7cf0f22.flac?X-Amz-Algorithm=AWS4-HMAC-SHA256&X-Amz-Content-Sha256=UNSIGNED-PAYLOAD&X-Amz-Credential=AKIA45B7YWBX5HAZMGOU%2F20260223%2Feu-west-1%2Fs3%2Faws4_request&X-Amz-Date=20260223T001940Z&X-Amz-Expires=604800&X-Amz-Signature=200dbd07036864b1a7bdf84c165dee825e7775893d2a6a36dd09483bf72198ec&X-Amz-SignedHeaders=host&response-content-disposition=attachment%3B%20filename%3D56d7d4de-204a-415c-8396-02f3a7cf0f22.flac&x-id=GetObject,0.396628171,34115
ConCam-2022-05-09_11-40.WAV,2022 Conaway East,2022,5,9,11,40,Agelaius tricolor,Courtship Song,48.37866592,49.31733322,94,8719,24000,present,https://rfcx-streams-production.s3.eu-west-1.amazonaws.com/2022/05/09/9iy0wwvn4csi/8fb00127-a78f-412d-af73-50ae32e9a777.flac?X-Amz-Algorithm=AWS4-HMAC-SHA256&X-Amz-Content-Sha256=UNSIGNED-PAYLOAD&X-Amz-Credential=AKIA45B7YWBX5HAZMGOU%2F20260223%2Feu-west-1%2Fs3%2Faws4_request&X-Amz-Date=20260223T001939Z&X-Amz-Expires=604800&X-Amz-Signature=5a51684d586f7171094e6a081ed846a9df8f408fb5a2f713d456cbb5d91cfb14&X-Amz-SignedHeaders=host&response-content-disposition=attachment%3B%20filename%3D8fb00127-a78f-412d-af73-50ae32e9a777.flac&x-id=GetObject,0.439605832,34115
ConCam-2022-05-09_11-50.WAV,2022 Conaway East,2022,5,9,11,50,Agelaius tricolor,Courtship Song,24.36800003,25.30666733,94,8719,24000,present,https://rfcx-streams-production.s3.eu-west-1.amazonaws.com/2022/05/09/9iy0wwvn4csi/fcdd4834-493f-4894-885f-dbd0429eb591.flac?X-Amz-Algorithm=AWS4-HMAC-SHA256&X-Amz-Content-Sha256=UNSIGNED-PAYLOAD&X-Amz-Credential=AKIA45B7YWBX5HAZMGOU%2F20260223%2Feu-west-1%2Fs3%2Faws4_request&X-Amz-Date=20260223T001939Z&X-Amz-Expires=604800&X-Amz-Signature=4a4f30f76c96d35c7f872771346d96dd936ed6a2d300a8094478203108089ba3&X-Amz-SignedHeaders=host&response-content-disposition=attachment%3B%20filename%3Dfcdd4834-493f-4894-885f-dbd0429eb591.flac&x-id=GetObject,0.383177966,34115
ConCam-2022-05-09_12-00.WAV,2022 Conaway East,2022,5,9,12,0,Agelaius tricolor,Courtship Song,2.437333345,3.375999928,94,8719,24000,present,https://rfcx-streams-production.s3.eu-west-1.amazonaws.com/2022/05/09/9iy0wwvn4csi/ef37d9e4-adf1-4bb5-a522-0595d0c90e0b.flac?X-Amz-Algorithm=AWS4-HMAC-SHA256&X-Amz-Content-Sha256=UNSIGNED-PAYLOAD&X-Amz-Credential=AKIA45B7YWBX5HAZMGOU%2F20260223%2Feu-west-1%2Fs3%2Faws4_request&X-Amz-Date=20260223T001940Z&X-Amz-Expires=604800&X-Amz-Signature=a6a25706c33b971307d6704d2f028b844568a4492fa5f8e48268ea9d6994347e&X-Amz-SignedHeaders=host&response-content-disposition=attachment%3B%20filename%3Def37d9e4-adf1-4bb5-a522-0595d0c90e0b.flac&x-id=GetObject,0.442994684,34115
ConCam-2022-05-09_12-10.WAV,2022 Conaway East,2022,5,9,12,10,Agelaius tricolor,Courtship Song,29.95199966,30.89066696,94,8719,24000,present,https://rfcx-streams-production.s3.eu-west-1.amazonaws.com/2022/05/09/9iy0wwvn4csi/f3314256-3e5f-406b-af47-6d5d7b531118.flac?X-Amz-Algorithm=AWS4-HMAC-SHA256&X-Amz-Content-Sha256=UNSIGNED-PAYLOAD&X-Amz-Credential=AKIA45B7YWBX5HAZMGOU%2F20260223%2Feu-west-1%2Fs3%2Faws4_request&X-Amz-Date=20260223T001939Z&X-Amz-Expires=604800&X-Amz-Signature=8c28c52d2506d3315f28381fed79cc011a3353d05da82e32003616d6eb0fb8fd&X-Amz-SignedHeaders=host&response-content-disposition=attachment%3B%20filename%3Df3314256-3e5f-406b-af47-6d5d7b531118.flac&x-id=GetObject,0.346701682,34115
ConCam-2022-05-09_12-20.WAV,2022 Conaway East,2022,5,9,12,20,Agelaius tricolor,Courtship Song,47.80266571,48.74133301,94,8719,24000,present,https://rfcx-streams-production.s3.eu-west-1.amazonaws.com/2022/05/09/9iy0wwvn4csi/66ddfcdb-f8bb-49d3-8c58-e1106d1e724d.flac?X-Amz-Algorithm=AWS4-HMAC-SHA256&X-Amz-Content-Sha256=UNSIGNED-PAYLOAD&X-Amz-Credential=AKIA45B7YWBX5HAZMGOU%2F20260223%2Feu-west-1%2Fs3%2Faws4_request&X-Amz-Date=20260223T001939Z&X-Amz-Expires=604800&X-Amz-Signature=30e8e67251a046df6d47cca007210e8b79f0bbffe2b811c63f858bc8a9e2814e&X-Amz-SignedHeaders=host&response-content-disposition=attachment%3B%20filename%3D66ddfcdb-f8bb-49d3-8c58-e1106d1e724d.flac&x-id=GetObject,0.399264872,34115
ConCam-2022-05-09_12-30.WAV,2022 Conaway East,2022,5,9,12,30,Agelaius tricolor,Courtship Song,38.58666611,39.5253334,94,8719,24000,present,https://rfcx-streams-production.s3.eu-west-1.amazonaws.com/2022/05/09/9iy0wwvn4csi/5882b80d-59a1-4ab4-a447-6ac84f745163.flac?X-Amz-Algorithm=AWS4-HMAC-SHA256&X-Amz-Content-Sha256=UNSIGNED-PAYLOAD&X-Amz-Credential=AKIA45B7YWBX5HAZMGOU%2F20260223%2Feu-west-1%2Fs3%2Faws4_request&X-Amz-Date=20260223T001940Z&X-Amz-Expires=604800&X-Amz-Signature=870197a90b13b63eb09be2436224ac9530c9d20800a6bbb18b44c0145768ed63&X-Amz-SignedHeaders=host&response-content-disposition=attachment%3B%20filename%3D5882b80d-59a1-4ab4-a447-6ac84f745163.flac&x-id=GetObject,0.416857213,34115
ConCam-2022-05-09_12-40.WAV,2022 Conaway East,2022,5,9,12,40,Agelaius tricolor,Courtship Song,53.01866531,53.95733261,94,8719,24000,present,https://rfcx-streams-production.s3.eu-west-1.amazonaws.com/2022/05/09/9iy0wwvn4csi/d4742d13-10b4-4417-b00e-2672a65a23a2.flac?X-Amz-Algorithm=AWS4-HMAC-SHA256&X-Amz-Content-Sha256=UNSIGNED-PAYLOAD&X-Amz-Credential=AKIA45B7YWBX5HAZMGOU%2F20260223%2Feu-west-1%2Fs3%2Faws4_request&X-Amz-Date=20260223T001940Z&X-Amz-Expires=604800&X-Amz-Signature=153da4b88a4523dba6ed08e32cd3c2a3ffb758b49828086a5b122f8dc9262524&X-Amz-SignedHeaders=host&response-content-disposition=attachment%3B%20filename%3Dd4742d13-10b4-4417-b00e-2672a65a23a2.flac&x-id=GetObject,0.379027963,34115
ConCam-2022-05-09_12-50.WAV,2022 Conaway East,2022,5,9,12,50,Agelaius tricolor,Courtship Song,9.333333015,10.27200031,94,8719,24000,present,https://rfcx-streams-production.s3.eu-west-1.amazonaws.com/2022/05/09/9iy0wwvn4csi/09402569-d717-496d-b3a6-5d7f78d9fbce.flac?X-Amz-Algorithm=AWS4-HMAC-SHA256&X-Amz-Content-Sha256=UNSIGNED-PAYLOAD&X-Amz-Credential=AKIA45B7YWBX5HAZMGOU%2F20260223%2Feu-west-1%2Fs3%2Faws4_request&X-Amz-Date=20260223T001940Z&X-Amz-Expires=604800&X-Amz-Signature=283596eb26df273beaf77cf0817f28f3d51f14318e5a73cdaeb58d95e954c124&X-Amz-SignedHeaders=host&response-content-disposition=attachment%3B%20filename%3D09402569-d717-496d-b3a6-5d7f78d9fbce.flac&x-id=GetObject,0.372469187,34115
ConCam-2022-05-09_13-00.WAV,2022 Conaway East,2022,5,9,13,0,Agelaius tricolor,Courtship Song,23.74933243,24.68799973,94,8719,24000,present,https://rfcx-streams-production.s3.eu-west-1.amazonaws.com/2022/05/09/9iy0wwvn4csi/bdeca21e-c256-4ae8-80d4-4878442301de.flac?X-Amz-Algorithm=AWS4-HMAC-SHA256&X-Amz-Content-Sha256=UNSIGNED-PAYLOAD&X-Amz-Credential=AKIA45B7YWBX5HAZMGOU%2F20260223%2Feu-west-1%2Fs3%2Faws4_request&X-Amz-Date=20260223T001940Z&X-Amz-Expires=604800&X-Amz-Signature=225f6363ee92e9bdd3ae3561253c6e12fcaa47d4b949a107c81863bc787407c9&X-Amz-SignedHeaders=host&response-content-disposition=attachment%3B%20filename%3Dbdeca21e-c256-4ae8-80d4-4878442301de.flac&x-id=GetObject,0.432836354,34115
ConCam-2022-05-09_13-10.WAV,2022 Conaway East,2022,5,9,13,10,Agelaius tricolor,Courtship Song,43.89333344,44.83200073,94,8719,24000,present,https://rfcx-streams-production.s3.eu-west-1.amazonaws.com/2022/05/09/9iy0wwvn4csi/487db4db-b4b1-4fed-b02d-ceed15c6d44f.flac?X-Amz-Algorithm=AWS4-HMAC-SHA256&X-Amz-Content-Sha256=UNSIGNED-PAYLOAD&X-Amz-Credential=AKIA45B7YWBX5HAZMGOU%2F20260223%2Feu-west-1%2Fs3%2Faws4_request&X-Amz-Date=20260223T001940Z&X-Amz-Expires=604800&X-Amz-Signature=d0708e80448cbcee4caee31d9de4060381046ea677a72c1d1122e63d3efbc57e&X-Amz-SignedHeaders=host&response-content-disposition=attachment%3B%20filename%3D487db4db-b4b1-4fed-b02d-ceed15c6d44f.flac&x-id=GetObject,0.385487348,34115
ConCam-2022-05-09_13-20.WAV,2022 Conaway East,2022,5,9,13,20,Agelaius tricolor,Courtship Song,30.49066734,31.42933273,94,8719,24000,present,https://rfcx-streams-production.s3.eu-west-1.amazonaws.com/2022/05/09/9iy0wwvn4csi/5b6f80a7-13bf-4719-a874-e8548ce26a81.flac?X-Amz-Algorithm=AWS4-HMAC-SHA256&X-Amz-Content-Sha256=UNSIGNED-PAYLOAD&X-Amz-Credential=AKIA45B7YWBX5HAZMGOU%2F20260223%2Feu-west-1%2Fs3%2Faws4_request&X-Amz-Date=20260223T001940Z&X-Amz-Expires=604800&X-Amz-Signature=1cdad2a1fbed5d1c68727e9b93da9badabed47fdcef15dfea7751b7e0ad8e1d7&X-Amz-SignedHeaders=host&response-content-disposition=attachment%3B%20filename%3D5b6f80a7-13bf-4719-a874-e8548ce26a81.flac&x-id=GetObject,0.460293233,34115
ConCam-2022-05-09_13-30.WAV,2022 Conaway East,2022,5,9,13,30,Agelaius tricolor,Courtship Song,11.15733337,12.09599972,94,8719,24000,present,https://rfcx-streams-production.s3.eu-west-1.amazonaws.com/2022/05/09/9iy0wwvn4csi/ec735543-a47e-4614-93b5-d2a58c26cb5f.flac?X-Amz-Algorithm=AWS4-HMAC-SHA256&X-Amz-Content-Sha256=UNSIGNED-PAYLOAD&X-Amz-Credential=AKIA45B7YWBX5HAZMGOU%2F20260223%2Feu-west-1%2Fs3%2Faws4_request&X-Amz-Date=20260223T001940Z&X-Amz-Expires=604800&X-Amz-Signature=17f912351d25e85181887d199a4ef1d8bed748c86fba469999b859e0ec6e0071&X-Amz-SignedHeaders=host&response-content-disposition=attachment%3B%20filename%3Dec735543-a47e-4614-93b5-d2a58c26cb5f.flac&x-id=GetObject,0.419919163,34115
ConCam-2022-05-09_13-40.WAV,2022 Conaway East,2022,5,9,13,40,Agelaius tricolor,Courtship Song,1.754666686,2.693333387,94,8719,24000,present,https://rfcx-streams-production.s3.eu-west-1.amazonaws.com/2022/05/09/9iy0wwvn4csi/23561c2c-1933-4907-9952-0874d27bf165.flac?X-Amz-Algorithm=AWS4-HMAC-SHA256&X-Amz-Content-Sha256=UNSIGNED-PAYLOAD&X-Amz-Credential=AKIA45B7YWBX5HAZMGOU%2F20260223%2Feu-west-1%2Fs3%2Faws4_request&X-Amz-Date=20260223T001940Z&X-Amz-Expires=604800&X-Amz-Signature=d15418a8ae263bffb4b4b1ca1bcb1879aa8c09b52acce1f6193ec3ebcbca7f10&X-Amz-SignedHeaders=host&response-content-disposition=attachment%3B%20filename%3D23561c2c-1933-4907-9952-0874d27bf165.flac&x-id=GetObject,0.498179406,34115
ConCam-2022-05-09_13-50.WAV,2022 Conaway East,2022,5,9,13,50,Agelaius tricolor,Courtship Song,48.20800018,49.14666748,94,8719,24000,present,https://rfcx-streams-production.s3.eu-west-1.amazonaws.com/2022/05/09/9iy0wwvn4csi/45a31c51-fce7-4987-a997-f815375ca867.flac?X-Amz-Algorithm=AWS4-HMAC-SHA256&X-Amz-Content-Sha256=UNSIGNED-PAYLOAD&X-Amz-Credential=AKIA45B7YWBX5HAZMGOU%2F20260223%2Feu-west-1%2Fs3%2Faws4_request&X-Amz-Date=20260223T001940Z&X-Amz-Expires=604800&X-Amz-Signature=cc68d2a374b576f0a379804e00e953b402dfe11373807fbf5c34f702fe026038&X-Amz-SignedHeaders=host&response-content-disposition=attachment%3B%20filename%3D45a31c51-fce7-4987-a997-f815375ca867.flac&x-id=GetObject,0.433264554,34115
ConCam-2022-05-09_14-00.WAV,2022 Conaway East,2022,5,9,14,0,Agelaius tricolor,Courtship Song,28.7733326,29.71199989,94,8719,24000,present,https://rfcx-streams-production.s3.eu-west-1.amazonaws.com/2022/05/09/9iy0wwvn4csi/bcf66621-8b02-4861-8aaa-6346c9d3cedd.flac?X-Amz-Algorithm=AWS4-HMAC-SHA256&X-Amz-Content-Sha256=UNSIGNED-PAYLOAD&X-Amz-Credential=AKIA45B7YWBX5HAZMGOU%2F20260223%2Feu-west-1%2Fs3%2Faws4_request&X-Amz-Date=20260223T001939Z&X-Amz-Expires=604800&X-Amz-Signature=73138ba5383f68966e63a14aa7b89b460d4024fe92864ce2143c30be23cbcc31&X-Amz-SignedHeaders=host&response-content-disposition=attachment%3B%20filename%3Dbcf66621-8b02-4861-8aaa-6346c9d3cedd.flac&x-id=GetObject,0.41368556,34115
ConCam-2022-05-09_14-10.WAV,2022 Conaway East,2022,5,9,14,10,Agelaius tricolor,Courtship Song,49.74399948,50.68266678,94,8719,24000,present,https://rfcx-streams-production.s3.eu-west-1.amazonaws.com/2022/05/09/9iy0wwvn4csi/2d8d876f-b463-447c-8319-0e07b93026eb.flac?X-Amz-Algorithm=AWS4-HMAC-SHA256&X-Amz-Content-Sha256=UNSIGNED-PAYLOAD&X-Amz-Credential=AKIA45B7YWBX5HAZMGOU%2F20260223%2Feu-west-1%2Fs3%2Faws4_request&X-Amz-Date=20260223T001940Z&X-Amz-Expires=604800&X-Amz-Signature=1d012f0df7815d45ec8a1098c7add7e57f855021d4e95c55f9428c710861b05a&X-Amz-SignedHeaders=host&response-content-disposition=attachment%3B%20filename%3D2d8d876f-b463-447c-8319-0e07b93026eb.flac&x-id=GetObject,0.49574551,34115
ConCam-2022-05-09_14-20.WAV,2022 Conaway East,2022,5,9,14,20,Agelaius tricolor,Courtship Song,21.5466671,22.48533249,94,8719,24000,present,https://rfcx-streams-production.s3.eu-west-1.amazonaws.com/2022/05/09/9iy0wwvn4csi/bd254869-17ce-4ba4-a4f2-cc1a410c65a0.flac?X-Amz-Algorithm=AWS4-HMAC-SHA256&X-Amz-Content-Sha256=UNSIGNED-PAYLOAD&X-Amz-Credential=AKIA45B7YWBX5HAZMGOU%2F20260223%2Feu-west-1%2Fs3%2Faws4_request&X-Amz-Date=20260223T001940Z&X-Amz-Expires=604800&X-Amz-Signature=02b35af8ffe0aafd0a60adf8597d4bb8bc6d5f8116491b40acc293ef9c422609&X-Amz-SignedHeaders=host&response-content-disposition=attachment%3B%20filename%3Dbd254869-17ce-4ba4-a4f2-cc1a410c65a0.flac&x-id=GetObject,0.363862157,34115
ConCam-2022-05-09_14-30.WAV,2022 Conaway East,2022,5,9,14,30,Agelaius tricolor,Courtship Song,51.29066849,52.22933197,94,8719,24000,present,https://rfcx-streams-production.s3.eu-west-1.amazonaws.com/2022/05/09/9iy0wwvn4csi/02fa55fa-6960-4ec8-84c8-ed119c48dc25.flac?X-Amz-Algorithm=AWS4-HMAC-SHA256&X-Amz-Content-Sha256=UNSIGNED-PAYLOAD&X-Amz-Credential=AKIA45B7YWBX5HAZMGOU%2F20260223%2Feu-west-1%2Fs3%2Faws4_request&X-Amz-Date=20260223T001940Z&X-Amz-Expires=604800&X-Amz-Signature=d91097e15870e3677eb2210b3520903b866ba7a293fba5bf8120bea3f79f4c91&X-Amz-SignedHeaders=host&response-content-disposition=attachment%3B%20filename%3D02fa55fa-6960-4ec8-84c8-ed119c48dc25.flac&x-id=GetObject,0.418318927,34115
ConCam-2022-05-09_14-40.WAV,2022 Conaway East,2022,5,9,14,40,Agelaius tricolor,Courtship Song,53.92533493,54.86399841,94,8719,24000,present,https://rfcx-streams-production.s3.eu-west-1.amazonaws.com/2022/05/09/9iy0wwvn4csi/ff153e35-d5d9-4bbc-8010-9676e10eaa72.flac?X-Amz-Algorithm=AWS4-HMAC-SHA256&X-Amz-Content-Sha256=UNSIGNED-PAYLOAD&X-Amz-Credential=AKIA45B7YWBX5HAZMGOU%2F20260223%2Feu-west-1%2Fs3%2Faws4_request&X-Amz-Date=20260223T001940Z&X-Amz-Expires=604800&X-Amz-Signature=60ce3fb9a452656a298e52ef57667c4e679f726cc85f36f2dbb7c2fd9e2a0129&X-Amz-SignedHeaders=host&response-content-disposition=attachment%3B%20filename%3Dff153e35-d5d9-4bbc-8010-9676e10eaa72.flac&x-id=GetObject,0.468874097,34115
ConCam-2022-05-09_15-20.WAV,2022 Conaway East,2022,5,9,15,20,Agelaius tricolor,Courtship Song,37.45600128,38.39466476,94,8719,24000,present,https://rfcx-streams-production.s3.eu-west-1.amazonaws.com/2022/05/09/9iy0wwvn4csi/f58a979b-d3a1-4f95-b009-f6c25eff2799.flac?X-Amz-Algorithm=AWS4-HMAC-SHA256&X-Amz-Content-Sha256=UNSIGNED-PAYLOAD&X-Amz-Credential=AKIA45B7YWBX5HAZMGOU%2F20260223%2Feu-west-1%2Fs3%2Faws4_request&X-Amz-Date=20260223T001940Z&X-Amz-Expires=604800&X-Amz-Signature=c967b14cbe0b2e8fbb8535b3a3b534e1bd41a984ef458786c4a5fb19e10815a3&X-Amz-SignedHeaders=host&response-content-disposition=attachment%3B%20filename%3Df58a979b-d3a1-4f95-b009-f6c25eff2799.flac&x-id=GetObject,0.483234882,34115
ConCam-2022-05-09_15-30.WAV,2022 Conaway East,2022,5,9,15,30,Agelaius tricolor,Courtship Song,13.14666653,14.08533287,94,8719,24000,present,https://rfcx-streams-production.s3.eu-west-1.amazonaws.com/2022/05/09/9iy0wwvn4csi/adeefc9e-2688-4f27-885f-d9cb97d96957.flac?X-Amz-Algorithm=AWS4-HMAC-SHA256&X-Amz-Content-Sha256=UNSIGNED-PAYLOAD&X-Amz-Credential=AKIA45B7YWBX5HAZMGOU%2F20260223%2Feu-west-1%2Fs3%2Faws4_request&X-Amz-Date=20260223T001939Z&X-Amz-Expires=604800&X-Amz-Signature=e1c1be55056e383ab6eb0ae97111f8fa8af631a98f573c6d24dd03840355b973&X-Amz-SignedHeaders=host&response-content-disposition=attachment%3B%20filename%3Dadeefc9e-2688-4f27-885f-d9cb97d96957.flac&x-id=GetObject,0.450774103,34115
ConCam-2022-05-09_15-40.WAV,2022 Conaway East,2022,5,9,15,40,Agelaius tricolor,Courtship Song,55.81866837,56.75733185,94,8719,24000,present,https://rfcx-streams-production.s3.eu-west-1.amazonaws.com/2022/05/09/9iy0wwvn4csi/71b4430c-0ba8-48d9-96a5-3f8a9564d590.flac?X-Amz-Algorithm=AWS4-HMAC-SHA256&X-Amz-Content-Sha256=UNSIGNED-PAYLOAD&X-Amz-Credential=AKIA45B7YWBX5HAZMGOU%2F20260223%2Feu-west-1%2Fs3%2Faws4_request&X-Amz-Date=20260223T001940Z&X-Amz-Expires=604800&X-Amz-Signature=1216fe2e2c22a087a82e0987577b703e8c7d201dcd7d8e6ccefd7e672ea7cd4b&X-Amz-SignedHeaders=host&response-content-disposition=attachment%3B%20filename%3D71b4430c-0ba8-48d9-96a5-3f8a9564d590.flac&x-id=GetObject,0.383081794,34115
ConCam-2022-05-09_15-50.WAV,2022 Conaway East,2022,5,9,15,50,Agelaius tricolor,Courtship Song,4.032000065,4.970666885,94,8719,24000,present,https://rfcx-streams-production.s3.eu-west-1.amazonaws.com/2022/05/09/9iy0wwvn4csi/e053ecdb-0aac-4b70-a233-7edd59447eb6.flac?X-Amz-Algorithm=AWS4-HMAC-SHA256&X-Amz-Content-Sha256=UNSIGNED-PAYLOAD&X-Amz-Credential=AKIA45B7YWBX5HAZMGOU%2F20260223%2Feu-west-1%2Fs3%2Faws4_request&X-Amz-Date=20260223T001940Z&X-Amz-Expires=604800&X-Amz-Signature=54d392ced1c2847296ad86f5b871e6c2b71979815bfc711021fff7a87d3c4d8a&X-Amz-SignedHeaders=host&response-content-disposition=attachment%3B%20filename%3De053ecdb-0aac-4b70-a233-7edd59447eb6.flac&x-id=GetObject,0.499507278,34115
ConCam-2022-05-09_16-00.WAV,2022 Conaway East,2022,5,9,16,0,Agelaius tricolor,Courtship Song,11.71199989,12.65066624,94,8719,24000,present,https://rfcx-streams-production.s3.eu-west-1.amazonaws.com/2022/05/09/9iy0wwvn4csi/c455f902-10c7-4f2c-baf0-c47846daa5e4.flac?X-Amz-Algorithm=AWS4-HMAC-SHA256&X-Amz-Content-Sha256=UNSIGNED-PAYLOAD&X-Amz-Credential=AKIA45B7YWBX5HAZMGOU%2F20260223%2Feu-west-1%2Fs3%2Faws4_request&X-Amz-Date=20260223T001940Z&X-Amz-Expires=604800&X-Amz-Signature=2c51c837ba35919bcce6b1b8d895596f572a9d12d20acc7c17efde08b0a5511e&X-Amz-SignedHeaders=host&response-content-disposition=attachment%3B%20filename%3Dc455f902-10c7-4f2c-baf0-c47846daa5e4.flac&x-id=GetObject,0.484564394,34115
ConCam-2022-05-09_16-20.WAV,2022 Conaway East,2022,5,9,16,20,Agelaius tricolor,Courtship Song,15.10400009,16.04266739,94,8719,24000,present,https://rfcx-streams-production.s3.eu-west-1.amazonaws.com/2022/05/09/9iy0wwvn4csi/cde4d756-983f-49b5-8e16-ff6534bfd317.flac?X-Amz-Algorithm=AWS4-HMAC-SHA256&X-Amz-Content-Sha256=UNSIGNED-PAYLOAD&X-Amz-Credential=AKIA45B7YWBX5HAZMGOU%2F20260223%2Feu-west-1%2Fs3%2Faws4_request&X-Amz-Date=20260223T001940Z&X-Amz-Expires=604800&X-Amz-Signature=db6a7b938123dd2403a3a34478b77d0e595c9d5cec995ecf785a3eb060152418&X-Amz-SignedHeaders=host&response-content-disposition=attachment%3B%20filename%3Dcde4d756-983f-49b5-8e16-ff6534bfd317.flac&x-id=GetObject,0.407052755,34115
ConCam-2022-05-09_16-30.WAV,2022 Conaway East,2022,5,9,16,30,Agelaius tricolor,Courtship Song,49.45600128,50.39466476,94,8719,24000,present,https://rfcx-streams-production.s3.eu-west-1.amazonaws.com/2022/05/09/9iy0wwvn4csi/2db8253f-6891-44bf-8db7-452767a44bf9.flac?X-Amz-Algorithm=AWS4-HMAC-SHA256&X-Amz-Content-Sha256=UNSIGNED-PAYLOAD&X-Amz-Credential=AKIA45B7YWBX5HAZMGOU%2F20260223%2Feu-west-1%2Fs3%2Faws4_request&X-Amz-Date=20260223T001940Z&X-Amz-Expires=604800&X-Amz-Signature=70cf626163b2216ea8f8734cc9c3037628e965e360209258cf0797129cd6f8f3&X-Amz-SignedHeaders=host&response-content-disposition=attachment%3B%20filename%3D2db8253f-6891-44bf-8db7-452767a44bf9.flac&x-id=GetObject,0.49902454,34115
ConCam-2022-05-09_16-40.WAV,2022 Conaway East,2022,5,9,16,40,Agelaius tricolor,Courtship Song,40.81600189,41.75466537,94,8719,24000,present,https://rfcx-streams-production.s3.eu-west-1.amazonaws.com/2022/05/09/9iy0wwvn4csi/c08b405c-cbed-46d4-8b0a-1a468e7d46d0.flac?X-Amz-Algorithm=AWS4-HMAC-SHA256&X-Amz-Content-Sha256=UNSIGNED-PAYLOAD&X-Amz-Credential=AKIA45B7YWBX5HAZMGOU%2F20260223%2Feu-west-1%2Fs3%2Faws4_request&X-Amz-Date=20260223T001940Z&X-Amz-Expires=604800&X-Amz-Signature=aafbf79d72e33b77772c56934b71ab837747dd23f83de01fdfc397c1add92119&X-Amz-SignedHeaders=host&response-content-disposition=attachment%3B%20filename%3Dc08b405c-cbed-46d4-8b0a-1a468e7d46d0.flac&x-id=GetObject,0.423471481,34115
ConCam-2022-05-09_16-50.WAV,2022 Conaway East,2022,5,9,16,50,Agelaius tricolor,Courtship Song,13.30133343,14.23999977,94,8719,24000,present,https://rfcx-streams-production.s3.eu-west-1.amazonaws.com/2022/05/09/9iy0wwvn4csi/36011dd0-191e-4c92-911d-8a8612e454ac.flac?X-Amz-Algorithm=AWS4-HMAC-SHA256&X-Amz-Content-Sha256=UNSIGNED-PAYLOAD&X-Amz-Credential=AKIA45B7YWBX5HAZMGOU%2F20260223%2Feu-west-1%2Fs3%2Faws4_request&X-Amz-Date=20260223T001940Z&X-Amz-Expires=604800&X-Amz-Signature=452ff657d471304ba391fa95a68390c9e99cc1dcff7f86b5351d4e6997b6dbf6&X-Amz-SignedHeaders=host&response-content-disposition=attachment%3B%20filename%3D36011dd0-191e-4c92-911d-8a8612e454ac.flac&x-id=GetObject,0.412592858,34115
ConCam-2022-05-09_17-00.WAV,2022 Conaway East,2022,5,9,17,0,Agelaius tricolor,Courtship Song,43.14666748,44.08533478,94,8719,24000,present,https://rfcx-streams-production.s3.eu-west-1.amazonaws.com/2022/05/10/9iy0wwvn4csi/eeeec9f1-d79c-4319-bcc5-0d29614f6359.flac?X-Amz-Algorithm=AWS4-HMAC-SHA256&X-Amz-Content-Sha256=UNSIGNED-PAYLOAD&X-Amz-Credential=AKIA45B7YWBX5HAZMGOU%2F20260223%2Feu-west-1%2Fs3%2Faws4_request&X-Amz-Date=20260223T001940Z&X-Amz-Expires=604800&X-Amz-Signature=adb634d50ce51f8201e2cfc7fb2c03159a38de4b23261db76cc4208f1ae31ee6&X-Amz-SignedHeaders=host&response-content-disposition=attachment%3B%20filename%3Deeeec9f1-d79c-4319-bcc5-0d29614f6359.flac&x-id=GetObject,0.505118906,34115
ConCam-2022-05-09_17-10.WAV,2022 Conaway East,2022,5,9,17,10,Agelaius tricolor,Courtship Song,50.84799957,51.78666687,94,8719,24000,present,https://rfcx-streams-production.s3.eu-west-1.amazonaws.com/2022/05/10/9iy0wwvn4csi/a2adf730-2ce7-4d57-bdff-b22b98c696be.flac?X-Amz-Algorithm=AWS4-HMAC-SHA256&X-Amz-Content-Sha256=UNSIGNED-PAYLOAD&X-Amz-Credential=AKIA45B7YWBX5HAZMGOU%2F20260223%2Feu-west-1%2Fs3%2Faws4_request&X-Amz-Date=20260223T001940Z&X-Amz-Expires=604800&X-Amz-Signature=467f8527f06cfb061e4ed57c5c28a8b598d25ea285ccf1140c13e8771c26e7f8&X-Amz-SignedHeaders=host&response-content-disposition=attachment%3B%20filename%3Da2adf730-2ce7-4d57-bdff-b22b98c696be.flac&x-id=GetObject,0.502301395,34115
ConCam-2022-05-09_17-20.WAV,2022 Conaway East,2022,5,9,17,20,Agelaius tricolor,Courtship Song,20.94400024,21.88266754,94,8719,24000,present,https://rfcx-streams-production.s3.eu-west-1.amazonaws.com/2022/05/10/9iy0wwvn4csi/19cc7497-a600-483f-91a7-52e09aaba5ca.flac?X-Amz-Algorithm=AWS4-HMAC-SHA256&X-Amz-Content-Sha256=UNSIGNED-PAYLOAD&X-Amz-Credential=AKIA45B7YWBX5HAZMGOU%2F20260223%2Feu-west-1%2Fs3%2Faws4_request&X-Amz-Date=20260223T001940Z&X-Amz-Expires=604800&X-Amz-Signature=cf14d0a989db3efb15f15eefd64264562a9814abffb00848135432ede21989cd&X-Amz-SignedHeaders=host&response-content-disposition=attachment%3B%20filename%3D19cc7497-a600-483f-91a7-52e09aaba5ca.flac&x-id=GetObject,0.380618572,34115
ConCam-2022-05-09_17-30.WAV,2022 Conaway East,2022,5,9,17,30,Agelaius tricolor,Courtship Song,11.24800014,12.18666649,94,8719,24000,present,https://rfcx-streams-production.s3.eu-west-1.amazonaws.com/2022/05/10/9iy0wwvn4csi/bb3b4889-0259-4e0e-ab5c-3d29d63a3d8a.flac?X-Amz-Algorithm=AWS4-HMAC-SHA256&X-Amz-Content-Sha256=UNSIGNED-PAYLOAD&X-Amz-Credential=AKIA45B7YWBX5HAZMGOU%2F20260223%2Feu-west-1%2Fs3%2Faws4_request&X-Amz-Date=20260223T001940Z&X-Amz-Expires=604800&X-Amz-Signature=4ddc001a96a62d72ae4ce2cf410b4ebb56d8e836e6e205d25f46539dca7c2f32&X-Amz-SignedHeaders=host&response-content-disposition=attachment%3B%20filename%3Dbb3b4889-0259-4e0e-ab5c-3d29d63a3d8a.flac&x-id=GetObject,0.388952136,34115
ConCam-2022-05-09_17-40.WAV,2022 Conaway East,2022,5,9,17,40,Agelaius tricolor,Courtship Song,52.62400055,53.56266785,94,8719,24000,present,https://rfcx-streams-production.s3.eu-west-1.amazonaws.com/2022/05/10/9iy0wwvn4csi/735b3b09-9a16-4e8d-8b54-eea1e9f3d68e.flac?X-Amz-Algorithm=AWS4-HMAC-SHA256&X-Amz-Content-Sha256=UNSIGNED-PAYLOAD&X-Amz-Credential=AKIA45B7YWBX5HAZMGOU%2F20260223%2Feu-west-1%2Fs3%2Faws4_request&X-Amz-Date=20260223T001940Z&X-Amz-Expires=604800&X-Amz-Signature=c99f69cdd2526b3173063a8accf2f002eaacfff1a0948414fe7ff40e244dffee&X-Amz-SignedHeaders=host&response-content-disposition=attachment%3B%20filename%3D735b3b09-9a16-4e8d-8b54-eea1e9f3d68e.flac&x-id=GetObject,0.40143618,34115
ConCam-2022-05-09_17-50.WAV,2022 Conaway East,2022,5,9,17,50,Agelaius tricolor,Courtship Song,7.162666798,8.101333618,94,8719,24000,present,https://rfcx-streams-production.s3.eu-west-1.amazonaws.com/2022/05/10/9iy0wwvn4csi/ba14d110-b5f5-4867-98af-b29ff03f9453.flac?X-Amz-Algorithm=AWS4-HMAC-SHA256&X-Amz-Content-Sha256=UNSIGNED-PAYLOAD&X-Amz-Credential=AKIA45B7YWBX5HAZMGOU%2F20260223%2Feu-west-1%2Fs3%2Faws4_request&X-Amz-Date=20260223T001940Z&X-Amz-Expires=604800&X-Amz-Signature=73d5722a3d160772bcdef63562b786d6d8aba58a8f6c865e1f3404e90aaeb690&X-Amz-SignedHeaders=host&response-content-disposition=attachment%3B%20filename%3Dba14d110-b5f5-4867-98af-b29ff03f9453.flac&x-id=GetObject,0.467885405,34115
ConCam-2022-05-09_18-00.WAV,2022 Conaway East,2022,5,9,18,0,Agelaius tricolor,Courtship Song,47.2480011,48.1866684,94,8719,24000,present,https://rfcx-streams-production.s3.eu-west-1.amazonaws.com/2022/05/10/9iy0wwvn4csi/1a6bbde2-4dfb-4bd4-8ca9-e2754f6b7055.flac?X-Amz-Algorithm=AWS4-HMAC-SHA256&X-Amz-Content-Sha256=UNSIGNED-PAYLOAD&X-Amz-Credential=AKIA45B7YWBX5HAZMGOU%2F20260223%2Feu-west-1%2Fs3%2Faws4_request&X-Amz-Date=20260223T001940Z&X-Amz-Expires=604800&X-Amz-Signature=f282879886d8d09ac0cf048d0ecf136c1f18498c3f461f45b3f6baae758f998b&X-Amz-SignedHeaders=host&response-content-disposition=attachment%3B%20filename%3D1a6bbde2-4dfb-4bd4-8ca9-e2754f6b7055.flac&x-id=GetObject,0.358512491,34115
ConCam-2022-05-09_18-10.WAV,2022 Conaway East,2022,5,9,18,10,Agelaius tricolor,Courtship Song,41.15200043,42.09066772,94,8719,24000,present,https://rfcx-streams-production.s3.eu-west-1.amazonaws.com/2022/05/10/9iy0wwvn4csi/e7b1ffe5-a906-405b-afef-21497e2e20aa.flac?X-Amz-Algorithm=AWS4-HMAC-SHA256&X-Amz-Content-Sha256=UNSIGNED-PAYLOAD&X-Amz-Credential=AKIA45B7YWBX5HAZMGOU%2F20260223%2Feu-west-1%2Fs3%2Faws4_request&X-Amz-Date=20260223T001940Z&X-Amz-Expires=604800&X-Amz-Signature=ad8549772f45b794202a521a1a38c3ec9d763926e1d5d4b0b8b6c855d6066f31&X-Amz-SignedHeaders=host&response-content-disposition=attachment%3B%20filename%3De7b1ffe5-a906-405b-afef-21497e2e20aa.flac&x-id=GetObject,0.51279676,34115
ConCam-2022-05-09_18-20.WAV,2022 Conaway East,2022,5,9,18,20,Agelaius tricolor,Courtship Song,28.68266678,29.62133408,94,8719,24000,present,https://rfcx-streams-production.s3.eu-west-1.amazonaws.com/2022/05/10/9iy0wwvn4csi/776c53bc-a305-49d1-a87e-49b61ddbe848.flac?X-Amz-Algorithm=AWS4-HMAC-SHA256&X-Amz-Content-Sha256=UNSIGNED-PAYLOAD&X-Amz-Credential=AKIA45B7YWBX5HAZMGOU%2F20260223%2Feu-west-1%2Fs3%2Faws4_request&X-Amz-Date=20260223T001940Z&X-Amz-Expires=604800&X-Amz-Signature=dc0db6ecad2c5cc1424237e13e7669b6e36f23ce246740d1f9fe28ec81c2425f&X-Amz-SignedHeaders=host&response-content-disposition=attachment%3B%20filename%3D776c53bc-a305-49d1-a87e-49b61ddbe848.flac&x-id=GetObject,0.449631602,34115
ConCam-2022-05-09_18-30.WAV,2022 Conaway East,2022,5,9,18,30,Agelaius tricolor,Courtship Song,55.29066849,56.22933197,94,8719,24000,present,https://rfcx-streams-production.s3.eu-west-1.amazonaws.com/2022/05/10/9iy0wwvn4csi/3f47ceda-3cad-4ae1-ada3-11a3da2f1dc5.flac?X-Amz-Algorithm=AWS4-HMAC-SHA256&X-Amz-Content-Sha256=UNSIGNED-PAYLOAD&X-Amz-Credential=AKIA45B7YWBX5HAZMGOU%2F20260223%2Feu-west-1%2Fs3%2Faws4_request&X-Amz-Date=20260223T001940Z&X-Amz-Expires=604800&X-Amz-Signature=dd34283d8222dcaf7e2f059dc7238972dbd259e5b6c432173ae0cc3ffeb17d2f&X-Amz-SignedHeaders=host&response-content-disposition=attachment%3B%20filename%3D3f47ceda-3cad-4ae1-ada3-11a3da2f1dc5.flac&x-id=GetObject,0.398695648,34115
ConCam-2022-05-09_18-40.WAV,2022 Conaway East,2022,5,9,18,40,Agelaius tricolor,Courtship Song,15.05066681,15.98933315,94,8719,24000,present,https://rfcx-streams-production.s3.eu-west-1.amazonaws.com/2022/05/10/9iy0wwvn4csi/3b3a03cc-a118-43f4-b8e3-81f2dedbb1dd.flac?X-Amz-Algorithm=AWS4-HMAC-SHA256&X-Amz-Content-Sha256=UNSIGNED-PAYLOAD&X-Amz-Credential=AKIA45B7YWBX5HAZMGOU%2F20260223%2Feu-west-1%2Fs3%2Faws4_request&X-Amz-Date=20260223T001940Z&X-Amz-Expires=604800&X-Amz-Signature=442dede360bb2c4c9ac0ae5b87f6bf72f8fa8af8288fe53cc9e9373e15917e98&X-Amz-SignedHeaders=host&response-content-disposition=attachment%3B%20filename%3D3b3a03cc-a118-43f4-b8e3-81f2dedbb1dd.flac&x-id=GetObject,0.474478096,34115
ConCam-2022-05-09_18-50.WAV,2022 Conaway East,2022,5,9,18,50,Agelaius tricolor,Courtship Song,3.002666712,3.941333294,94,8719,24000,present,https://rfcx-streams-production.s3.eu-west-1.amazonaws.com/2022/05/10/9iy0wwvn4csi/87e65e14-cfc1-4f49-a003-b9003da27262.flac?X-Amz-Algorithm=AWS4-HMAC-SHA256&X-Amz-Content-Sha256=UNSIGNED-PAYLOAD&X-Amz-Credential=AKIA45B7YWBX5HAZMGOU%2F20260223%2Feu-west-1%2Fs3%2Faws4_request&X-Amz-Date=20260223T001940Z&X-Amz-Expires=604800&X-Amz-Signature=ecfc1132ba1c4a973260784a99656821978db77390617539a42f2e412b292c01&X-Amz-SignedHeaders=host&response-content-disposition=attachment%3B%20filename%3D87e65e14-cfc1-4f49-a003-b9003da27262.flac&x-id=GetObject,0.494062424,34115
ConCam-2022-05-09_19-00.WAV,2022 Conaway East,2022,5,9,19,0,Agelaius tricolor,Courtship Song,18.00533295,18.94400024,94,8719,24000,present,https://rfcx-streams-production.s3.eu-west-1.amazonaws.com/2022/05/10/9iy0wwvn4csi/64e5a34b-c10a-4414-8a82-112afde040ac.flac?X-Amz-Algorithm=AWS4-HMAC-SHA256&X-Amz-Content-Sha256=UNSIGNED-PAYLOAD&X-Amz-Credential=AKIA45B7YWBX5HAZMGOU%2F20260223%2Feu-west-1%2Fs3%2Faws4_request&X-Amz-Date=20260223T001940Z&X-Amz-Expires=604800&X-Amz-Signature=563926659b224fdb63b36be9cf7801e4ba03e935d97a881a628b519d3d22f3bc&X-Amz-SignedHeaders=host&response-content-disposition=attachment%3B%20filename%3D64e5a34b-c10a-4414-8a82-112afde040ac.flac&x-id=GetObject,0.434108019,34115
ConCam-2022-05-09_19-10.WAV,2022 Conaway East,2022,5,9,19,10,Agelaius tricolor,Courtship Song,4.629333496,5.56799984,94,8719,24000,present,https://rfcx-streams-production.s3.eu-west-1.amazonaws.com/2022/05/10/9iy0wwvn4csi/2e9de01e-6089-4302-8d67-ab30b16838c8.flac?X-Amz-Algorithm=AWS4-HMAC-SHA256&X-Amz-Content-Sha256=UNSIGNED-PAYLOAD&X-Amz-Credential=AKIA45B7YWBX5HAZMGOU%2F20260223%2Feu-west-1%2Fs3%2Faws4_request&X-Amz-Date=20260223T001940Z&X-Amz-Expires=604800&X-Amz-Signature=2567943101730916f3eb9c09d2cae3756c9660c8cef0a85733959cd619d14ca2&X-Amz-SignedHeaders=host&response-content-disposition=attachment%3B%20filename%3D2e9de01e-6089-4302-8d67-ab30b16838c8.flac&x-id=GetObject,0.470542222,34115
ConCam-2022-05-09_19-20.WAV,2022 Conaway East,2022,5,9,19,20,Agelaius tricolor,Courtship Song,33.6906662,34.6293335,94,8719,24000,present,https://rfcx-streams-production.s3.eu-west-1.amazonaws.com/2022/05/10/9iy0wwvn4csi/2f2c0a69-7b64-4503-9c73-92ade1acf285.flac?X-Amz-Algorithm=AWS4-HMAC-SHA256&X-Amz-Content-Sha256=UNSIGNED-PAYLOAD&X-Amz-Credential=AKIA45B7YWBX5HAZMGOU%2F20260223%2Feu-west-1%2Fs3%2Faws4_request&X-Amz-Date=20260223T001940Z&X-Amz-Expires=604800&X-Amz-Signature=f311f136a5db9d5c2d1fd06272e327b7e04315430eaa80b29eeb00eb414c7771&X-Amz-SignedHeaders=host&response-content-disposition=attachment%3B%20filename%3D2f2c0a69-7b64-4503-9c73-92ade1acf285.flac&x-id=GetObject,0.456368834,34115
ConCam-2022-05-09_19-30.WAV,2022 Conaway East,2022,5,9,19,30,Agelaius tricolor,Courtship Song,33.63199997,34.57066727,94,8719,24000,present,https://rfcx-streams-production.s3.eu-west-1.amazonaws.com/2022/05/10/9iy0wwvn4csi/5196560b-8b82-4bea-b05c-70b87bef8864.flac?X-Amz-Algorithm=AWS4-HMAC-SHA256&X-Amz-Content-Sha256=UNSIGNED-PAYLOAD&X-Amz-Credential=AKIA45B7YWBX5HAZMGOU%2F20260223%2Feu-west-1%2Fs3%2Faws4_request&X-Amz-Date=20260223T001940Z&X-Amz-Expires=604800&X-Amz-Signature=0a87caca361b7883205ed10fed14fea135dbed4d10cff8f09c46dfdb6f5e8053&X-Amz-SignedHeaders=host&response-content-disposition=attachment%3B%20filename%3D5196560b-8b82-4bea-b05c-70b87bef8864.flac&x-id=GetObject,0.494989455,34115
ConCam-2022-05-09_19-40.WAV,2022 Conaway East,2022,5,9,19,40,Agelaius tricolor,Courtship Song,9.066666603,10.00533295,94,8719,24000,present,https://rfcx-streams-production.s3.eu-west-1.amazonaws.com/2022/05/10/9iy0wwvn4csi/48e7f257-64fb-4490-ae08-cd74eea29f8b.flac?X-Amz-Algorithm=AWS4-HMAC-SHA256&X-Amz-Content-Sha256=UNSIGNED-PAYLOAD&X-Amz-Credential=AKIA45B7YWBX5HAZMGOU%2F20260223%2Feu-west-1%2Fs3%2Faws4_request&X-Amz-Date=20260223T001940Z&X-Amz-Expires=604800&X-Amz-Signature=6ba5baec94b541f936907d99f0420192ef21e7605563b5d58b78bafb7d5ee02e&X-Amz-SignedHeaders=host&response-content-disposition=attachment%3B%20filename%3D48e7f257-64fb-4490-ae08-cd74eea29f8b.flac&x-id=GetObject,0.41120398,34115
ConCam-2022-05-09_19-50.WAV,2022 Conaway East,2022,5,9,19,50,Agelaius tricolor,Courtship Song,53.95733261,54.89599991,94,8719,24000,present,https://rfcx-streams-production.s3.eu-west-1.amazonaws.com/2022/05/10/9iy0wwvn4csi/3da2301d-b693-47cf-8ff4-1901429810b7.flac?X-Amz-Algorithm=AWS4-HMAC-SHA256&X-Amz-Content-Sha256=UNSIGNED-PAYLOAD&X-Amz-Credential=AKIA45B7YWBX5HAZMGOU%2F20260223%2Feu-west-1%2Fs3%2Faws4_request&X-Amz-Date=20260223T001940Z&X-Amz-Expires=604800&X-Amz-Signature=611a6c3be4db9a9f2fdaf8771fcd845ca2064c773cdb1b382db5c1745fb79d9d&X-Amz-SignedHeaders=host&response-content-disposition=attachment%3B%20filename%3D3da2301d-b693-47cf-8ff4-1901429810b7.flac&x-id=GetObject,0.38068369,34115
ConCam-2022-05-09_20-00.WAV,2022 Conaway East,2022,5,9,20,0,Agelaius tricolor,Courtship Song,33.70133209,34.63999939,94,8719,24000,present,https://rfcx-streams-production.s3.eu-west-1.amazonaws.com/2022/05/10/9iy0wwvn4csi/e7a078bf-d5f3-456a-b9e7-6b62a195b439.flac?X-Amz-Algorithm=AWS4-HMAC-SHA256&X-Amz-Content-Sha256=UNSIGNED-PAYLOAD&X-Amz-Credential=AKIA45B7YWBX5HAZMGOU%2F20260223%2Feu-west-1%2Fs3%2Faws4_request&X-Amz-Date=20260223T001940Z&X-Amz-Expires=604800&X-Amz-Signature=875b1f706db56e10f01ed8a300e278cc08e6f11ded7b802bd64b9bfb6a5fccdb&X-Amz-SignedHeaders=host&response-content-disposition=attachment%3B%20filename%3De7a078bf-d5f3-456a-b9e7-6b62a195b439.flac&x-id=GetObject,0.396066964,34115
ConCam-2022-05-09_20-10.WAV,2022 Conaway East,2022,5,9,20,10,Agelaius tricolor,Courtship Song,19.36000061,20.298666,94,8719,24000,present,https://rfcx-streams-production.s3.eu-west-1.amazonaws.com/2022/05/10/9iy0wwvn4csi/30f0cee3-2e04-46e6-9eff-774513eadbf9.flac?X-Amz-Algorithm=AWS4-HMAC-SHA256&X-Amz-Content-Sha256=UNSIGNED-PAYLOAD&X-Amz-Credential=AKIA45B7YWBX5HAZMGOU%2F20260223%2Feu-west-1%2Fs3%2Faws4_request&X-Amz-Date=20260223T001939Z&X-Amz-Expires=604800&X-Amz-Signature=67639f54ecf0cde35bcb8aeaee581f41c00abf0c3cce5374e92b62fece772a3a&X-Amz-SignedHeaders=host&response-content-disposition=attachment%3B%20filename%3D30f0cee3-2e04-46e6-9eff-774513eadbf9.flac&x-id=GetObject,0.455353498,34115
ConCam-2022-05-10_05-40.WAV,2022 Conaway East,2022,5,10,5,40,Agelaius tricolor,Courtship Song,53.0719986,54.01066589,94,8719,24000,present,https://rfcx-streams-production.s3.eu-west-1.amazonaws.com/2022/05/10/9iy0wwvn4csi/9c5eb3e2-7351-484b-9555-73ebda7ecaf6.flac?X-Amz-Algorithm=AWS4-HMAC-SHA256&X-Amz-Content-Sha256=UNSIGNED-PAYLOAD&X-Amz-Credential=AKIA45B7YWBX5HAZMGOU%2F20260223%2Feu-west-1%2Fs3%2Faws4_request&X-Amz-Date=20260223T001940Z&X-Amz-Expires=604800&X-Amz-Signature=145726c9073053bad930c19bf52c32e56740c52a53ada65fd7d621d8fb6fa182&X-Amz-SignedHeaders=host&response-content-disposition=attachment%3B%20filename%3D9c5eb3e2-7351-484b-9555-73ebda7ecaf6.flac&x-id=GetObject,0.370421886,34115
ConCam-2022-05-10_06-00.WAV,2022 Conaway East,2022,5,10,6,0,Agelaius tricolor,Courtship Song,41.62133408,42.56000137,94,8719,24000,present,https://rfcx-streams-production.s3.eu-west-1.amazonaws.com/2022/05/10/9iy0wwvn4csi/4beb0f70-ff57-47fa-8419-933d90089708.flac?X-Amz-Algorithm=AWS4-HMAC-SHA256&X-Amz-Content-Sha256=UNSIGNED-PAYLOAD&X-Amz-Credential=AKIA45B7YWBX5HAZMGOU%2F20260223%2Feu-west-1%2Fs3%2Faws4_request&X-Amz-Date=20260223T001940Z&X-Amz-Expires=604800&X-Amz-Signature=9f7e379e3a0cdd5301b8729cccbb67dc04554e4e252e90db3be60215bdea2ce2&X-Amz-SignedHeaders=host&response-content-disposition=attachment%3B%20filename%3D4beb0f70-ff57-47fa-8419-933d90089708.flac&x-id=GetObject,0.494796365,34115
ConCam-2022-05-10_06-10.WAV,2022 Conaway East,2022,5,10,6,10,Agelaius tricolor,Courtship Song,45.97866821,46.9173317,94,8719,24000,present,https://rfcx-streams-production.s3.eu-west-1.amazonaws.com/2022/05/10/9iy0wwvn4csi/54a47dfe-0322-45e4-b814-5c7ca09260d7.flac?X-Amz-Algorithm=AWS4-HMAC-SHA256&X-Amz-Content-Sha256=UNSIGNED-PAYLOAD&X-Amz-Credential=AKIA45B7YWBX5HAZMGOU%2F20260223%2Feu-west-1%2Fs3%2Faws4_request&X-Amz-Date=20260223T001940Z&X-Amz-Expires=604800&X-Amz-Signature=5bcaaec058e92f72ece1fcac28b3fdc72d80e71ae5e7305969eb72bb1df9ec1d&X-Amz-SignedHeaders=host&response-content-disposition=attachment%3B%20filename%3D54a47dfe-0322-45e4-b814-5c7ca09260d7.flac&x-id=GetObject,0.547144413,34115
ConCam-2022-05-10_06-30.WAV,2022 Conaway East,2022,5,10,6,30,Agelaius tricolor,Courtship Song,58.75733185,59.69599915,94,8719,24000,present,https://rfcx-streams-production.s3.eu-west-1.amazonaws.com/2022/05/10/9iy0wwvn4csi/448dedd2-b364-4e8f-8e2b-113ddd31e059.flac?X-Amz-Algorithm=AWS4-HMAC-SHA256&X-Amz-Content-Sha256=UNSIGNED-PAYLOAD&X-Amz-Credential=AKIA45B7YWBX5HAZMGOU%2F20260223%2Feu-west-1%2Fs3%2Faws4_request&X-Amz-Date=20260223T001940Z&X-Amz-Expires=604800&X-Amz-Signature=d4a7de33707d03f4c715dd1c860e2a41769d90695c4f3968f23b98cadad0bc9b&X-Amz-SignedHeaders=host&response-content-disposition=attachment%3B%20filename%3D448dedd2-b364-4e8f-8e2b-113ddd31e059.flac&x-id=GetObject,0.466639191,34115
ConCam-2022-05-10_06-40.WAV,2022 Conaway East,2022,5,10,6,40,Agelaius tricolor,Courtship Song,29.6693325,30.6079998,94,8719,24000,present,https://rfcx-streams-production.s3.eu-west-1.amazonaws.com/2022/05/10/9iy0wwvn4csi/bd77cd64-d8e1-4c66-8f11-ed004cdc223a.flac?X-Amz-Algorithm=AWS4-HMAC-SHA256&X-Amz-Content-Sha256=UNSIGNED-PAYLOAD&X-Amz-Credential=AKIA45B7YWBX5HAZMGOU%2F20260223%2Feu-west-1%2Fs3%2Faws4_request&X-Amz-Date=20260223T001940Z&X-Amz-Expires=604800&X-Amz-Signature=3f00fb958cc9d7153fae2684799075592f110c1a12715b71383d5d420ff2adb5&X-Amz-SignedHeaders=host&response-content-disposition=attachment%3B%20filename%3Dbd77cd64-d8e1-4c66-8f11-ed004cdc223a.flac&x-id=GetObject,0.43783462,34115
ConCam-2022-05-10_06-50.WAV,2022 Conaway East,2022,5,10,6,50,Agelaius tricolor,Courtship Song,13.51466656,14.4533329,94,8719,24000,present,https://rfcx-streams-production.s3.eu-west-1.amazonaws.com/2022/05/10/9iy0wwvn4csi/2d9c8439-07bd-4d33-b6dc-bfbb92e0f4d7.flac?X-Amz-Algorithm=AWS4-HMAC-SHA256&X-Amz-Content-Sha256=UNSIGNED-PAYLOAD&X-Amz-Credential=AKIA45B7YWBX5HAZMGOU%2F20260223%2Feu-west-1%2Fs3%2Faws4_request&X-Amz-Date=20260223T001940Z&X-Amz-Expires=604800&X-Amz-Signature=690d8dfeac7b6f97ad9b0315656d6dc9f6ae10bfa0c52cabac8d0f4ca9772765&X-Amz-SignedHeaders=host&response-content-disposition=attachment%3B%20filename%3D2d9c8439-07bd-4d33-b6dc-bfbb92e0f4d7.flac&x-id=GetObject,0.401019812,34115
ConCam-2022-05-10_07-00.WAV,2022 Conaway East,2022,5,10,7,0,Agelaius tricolor,Courtship Song,46.17066574,47.10933304,94,8719,24000,present,https://rfcx-streams-production.s3.eu-west-1.amazonaws.com/2022/05/10/9iy0wwvn4csi/d2dcab66-a826-4f56-b962-d34aa6eea0b4.flac?X-Amz-Algorithm=AWS4-HMAC-SHA256&X-Amz-Content-Sha256=UNSIGNED-PAYLOAD&X-Amz-Credential=AKIA45B7YWBX5HAZMGOU%2F20260223%2Feu-west-1%2Fs3%2Faws4_request&X-Amz-Date=20260223T001940Z&X-Amz-Expires=604800&X-Amz-Signature=05135d63a1007d34d3beef378127ce9e1804cfc6feba9444a9b1848c5a445715&X-Amz-SignedHeaders=host&response-content-disposition=attachment%3B%20filename%3Dd2dcab66-a826-4f56-b962-d34aa6eea0b4.flac&x-id=GetObject,0.386347771,34115
ConCam-2022-05-10_07-10.WAV,2022 Conaway East,2022,5,10,7,10,Agelaius tricolor,Courtship Song,26.37866592,27.31733322,94,8719,24000,present,https://rfcx-streams-production.s3.eu-west-1.amazonaws.com/2022/05/10/9iy0wwvn4csi/1488dcc5-850d-4938-84db-64dba4a08476.flac?X-Amz-Algorithm=AWS4-HMAC-SHA256&X-Amz-Content-Sha256=UNSIGNED-PAYLOAD&X-Amz-Credential=AKIA45B7YWBX5HAZMGOU%2F20260223%2Feu-west-1%2Fs3%2Faws4_request&X-Amz-Date=20260223T001940Z&X-Amz-Expires=604800&X-Amz-Signature=dc8170bf04832ed805b0dbed6f54a0f14c27b417d75410cd89bcbb8b37e787e7&X-Amz-SignedHeaders=host&response-content-disposition=attachment%3B%20filename%3D1488dcc5-850d-4938-84db-64dba4a08476.flac&x-id=GetObject,0.363376439,34115
ConCam-2022-05-10_07-20.WAV,2022 Conaway East,2022,5,10,7,20,Agelaius tricolor,Courtship Song,34.41600037,35.35466766,94,8719,24000,present,https://rfcx-streams-production.s3.eu-west-1.amazonaws.com/2022/05/10/9iy0wwvn4csi/5eedaa57-2adb-48d9-a744-389b4135644a.flac?X-Amz-Algorithm=AWS4-HMAC-SHA256&X-Amz-Content-Sha256=UNSIGNED-PAYLOAD&X-Amz-Credential=AKIA45B7YWBX5HAZMGOU%2F20260223%2Feu-west-1%2Fs3%2Faws4_request&X-Amz-Date=20260223T001940Z&X-Amz-Expires=604800&X-Amz-Signature=a09928f567e5ad6ce6aae50029a3aeb5f677ca802316de86801fcab967984a33&X-Amz-SignedHeaders=host&response-content-disposition=attachment%3B%20filename%3D5eedaa57-2adb-48d9-a744-389b4135644a.flac&x-id=GetObject,0.40194878,34115
ConCam-2022-05-10_07-30.WAV,2022 Conaway East,2022,5,10,7,30,Agelaius tricolor,Courtship Song,7.168000221,8.106666565,94,8719,24000,present,https://rfcx-streams-production.s3.eu-west-1.amazonaws.com/2022/05/10/9iy0wwvn4csi/5f0520d3-83ce-4c09-9581-23365eba3810.flac?X-Amz-Algorithm=AWS4-HMAC-SHA256&X-Amz-Content-Sha256=UNSIGNED-PAYLOAD&X-Amz-Credential=AKIA45B7YWBX5HAZMGOU%2F20260223%2Feu-west-1%2Fs3%2Faws4_request&X-Amz-Date=20260223T001940Z&X-Amz-Expires=604800&X-Amz-Signature=2de1a3798733a460bc9eccdfaa9fb7ac8527daab96cf2225bc74845469d606b3&X-Amz-SignedHeaders=host&response-content-disposition=attachment%3B%20filename%3D5f0520d3-83ce-4c09-9581-23365eba3810.flac&x-id=GetObject,0.465341389,34115
ConCam-2022-05-10_07-40.WAV,2022 Conaway East,2022,5,10,7,40,Agelaius tricolor,Courtship Song,28.55999947,29.49866676,94,8719,24000,present,https://rfcx-streams-production.s3.eu-west-1.amazonaws.com/2022/05/10/9iy0wwvn4csi/cd3d87cb-87dc-4cfa-9954-7ec1b58c5871.flac?X-Amz-Algorithm=AWS4-HMAC-SHA256&X-Amz-Content-Sha256=UNSIGNED-PAYLOAD&X-Amz-Credential=AKIA45B7YWBX5HAZMGOU%2F20260223%2Feu-west-1%2Fs3%2Faws4_request&X-Amz-Date=20260223T001940Z&X-Amz-Expires=604800&X-Amz-Signature=8dd7845eb864b798aa143e1a09e6b5ccad4765a08dfc4a8cece05f8a36b90259&X-Amz-SignedHeaders=host&response-content-disposition=attachment%3B%20filename%3Dcd3d87cb-87dc-4cfa-9954-7ec1b58c5871.flac&x-id=GetObject,0.364741981,34115
ConCam-2022-05-10_07-50.WAV,2022 Conaway East,2022,5,10,7,50,Agelaius tricolor,Courtship Song,58.56533432,59.50400162,94,8719,24000,present,https://rfcx-streams-production.s3.eu-west-1.amazonaws.com/2022/05/10/9iy0wwvn4csi/29e8bc39-5996-4d48-93d0-1c45e3c8e05b.flac?X-Amz-Algorithm=AWS4-HMAC-SHA256&X-Amz-Content-Sha256=UNSIGNED-PAYLOAD&X-Amz-Credential=AKIA45B7YWBX5HAZMGOU%2F20260223%2Feu-west-1%2Fs3%2Faws4_request&X-Amz-Date=20260223T001940Z&X-Amz-Expires=604800&X-Amz-Signature=fac6c42d69bc3b8d0252a1e049560444d55ee3038045d20b20e605e46ac9eb7d&X-Amz-SignedHeaders=host&response-content-disposition=attachment%3B%20filename%3D29e8bc39-5996-4d48-93d0-1c45e3c8e05b.flac&x-id=GetObject,0.41693303,34115
ConCam-2022-05-10_08-10.WAV,2022 Conaway East,2022,5,10,8,10,Agelaius tricolor,Courtship Song,40.67733383,41.61600113,94,8719,24000,present,https://rfcx-streams-production.s3.eu-west-1.amazonaws.com/2022/05/10/9iy0wwvn4csi/0122cca8-3dcd-4838-8274-ba07210405ea.flac?X-Amz-Algorithm=AWS4-HMAC-SHA256&X-Amz-Content-Sha256=UNSIGNED-PAYLOAD&X-Amz-Credential=AKIA45B7YWBX5HAZMGOU%2F20260223%2Feu-west-1%2Fs3%2Faws4_request&X-Amz-Date=20260223T001940Z&X-Amz-Expires=604800&X-Amz-Signature=a43a9e9dfa91c45eee33c2abb6dc376c444b71a2437769fffc771a268c1fc62b&X-Amz-SignedHeaders=host&response-content-disposition=attachment%3B%20filename%3D0122cca8-3dcd-4838-8274-ba07210405ea.flac&x-id=GetObject,0.566781282,34115
ConCam-2022-05-10_08-30.WAV,2022 Conaway East,2022,5,10,8,30,Agelaius tricolor,Courtship Song,15.60000038,16.53866577,94,8719,24000,present,https://rfcx-streams-production.s3.eu-west-1.amazonaws.com/2022/05/10/9iy0wwvn4csi/f0b87436-641a-487a-a673-de7f5e68ec51.flac?X-Amz-Algorithm=AWS4-HMAC-SHA256&X-Amz-Content-Sha256=UNSIGNED-PAYLOAD&X-Amz-Credential=AKIA45B7YWBX5HAZMGOU%2F20260223%2Feu-west-1%2Fs3%2Faws4_request&X-Amz-Date=20260223T001940Z&X-Amz-Expires=604800&X-Amz-Signature=61085e6ec8323291482bcf252af52dc9bf93850e05313404b8a26275d142d6dc&X-Amz-SignedHeaders=host&response-content-disposition=attachment%3B%20filename%3Df0b87436-641a-487a-a673-de7f5e68ec51.flac&x-id=GetObject,0.439858377,34115
ConCam-2022-05-10_08-50.WAV,2022 Conaway East,2022,5,10,8,50,Agelaius tricolor,Courtship Song,35.00266647,35.94133377,94,8719,24000,present,https://rfcx-streams-production.s3.eu-west-1.amazonaws.com/2022/05/10/9iy0wwvn4csi/3229aa1f-e74e-420b-ba5e-5bacb0005ff3.flac?X-Amz-Algorithm=AWS4-HMAC-SHA256&X-Amz-Content-Sha256=UNSIGNED-PAYLOAD&X-Amz-Credential=AKIA45B7YWBX5HAZMGOU%2F20260223%2Feu-west-1%2Fs3%2Faws4_request&X-Amz-Date=20260223T001940Z&X-Amz-Expires=604800&X-Amz-Signature=e6dcb72a5fb15d012d4df319988fa9d5acc5eb5aa7f31e53a1deb3155d057867&X-Amz-SignedHeaders=host&response-content-disposition=attachment%3B%20filename%3D3229aa1f-e74e-420b-ba5e-5bacb0005ff3.flac&x-id=GetObject,0.415254563,34115
ConCam-2022-05-10_09-00.WAV,2022 Conaway East,2022,5,10,9,0,Agelaius tricolor,Courtship Song,44.73600006,45.67466736,94,8719,24000,present,https://rfcx-streams-production.s3.eu-west-1.amazonaws.com/2022/05/10/9iy0wwvn4csi/1e39e276-b8e0-4b0d-917e-3e7ad8e5ca01.flac?X-Amz-Algorithm=AWS4-HMAC-SHA256&X-Amz-Content-Sha256=UNSIGNED-PAYLOAD&X-Amz-Credential=AKIA45B7YWBX5HAZMGOU%2F20260223%2Feu-west-1%2Fs3%2Faws4_request&X-Amz-Date=20260223T001940Z&X-Amz-Expires=604800&X-Amz-Signature=213d9a873876c4ba5866a3095435adb0c3dd0f0472f10747b136d176b38031bc&X-Amz-SignedHeaders=host&response-content-disposition=attachment%3B%20filename%3D1e39e276-b8e0-4b0d-917e-3e7ad8e5ca01.flac&x-id=GetObject,0.50422132,34115
ConCam-2022-05-10_09-20.WAV,2022 Conaway East,2022,5,10,9,20,Agelaius tricolor,Courtship Song,17.30666733,18.24533272,94,8719,24000,present,https://rfcx-streams-production.s3.eu-west-1.amazonaws.com/2022/05/10/9iy0wwvn4csi/d12b2dfa-8890-4923-b728-8688b3c91d79.flac?X-Amz-Algorithm=AWS4-HMAC-SHA256&X-Amz-Content-Sha256=UNSIGNED-PAYLOAD&X-Amz-Credential=AKIA45B7YWBX5HAZMGOU%2F20260223%2Feu-west-1%2Fs3%2Faws4_request&X-Amz-Date=20260223T001940Z&X-Amz-Expires=604800&X-Amz-Signature=8801a3ea974ebe0fd52ebd6b16ce060b1e5670c00eb0a4af59bf8dedac02fde5&X-Amz-SignedHeaders=host&response-content-disposition=attachment%3B%20filename%3Dd12b2dfa-8890-4923-b728-8688b3c91d79.flac&x-id=GetObject,0.451390088,34115
ConCam-2022-05-10_09-30.WAV,2022 Conaway East,2022,5,10,9,30,Agelaius tricolor,Courtship Song,47.48799896,48.42666626,94,8719,24000,present,https://rfcx-streams-production.s3.eu-west-1.amazonaws.com/2022/05/10/9iy0wwvn4csi/41547ebd-7de9-4edc-b419-74dfc2fd2345.flac?X-Amz-Algorithm=AWS4-HMAC-SHA256&X-Amz-Content-Sha256=UNSIGNED-PAYLOAD&X-Amz-Credential=AKIA45B7YWBX5HAZMGOU%2F20260223%2Feu-west-1%2Fs3%2Faws4_request&X-Amz-Date=20260223T001940Z&X-Amz-Expires=604800&X-Amz-Signature=d99fb462fdefbbee90e957672612182d98ce5b3a6f0efb294752ab10bc93881a&X-Amz-SignedHeaders=host&response-content-disposition=attachment%3B%20filename%3D41547ebd-7de9-4edc-b419-74dfc2fd2345.flac&x-id=GetObject,0.387000293,34115
ConCam-2022-05-10_09-40.WAV,2022 Conaway East,2022,5,10,9,40,Agelaius tricolor,Courtship Song,36.63999939,37.57866669,94,8719,24000,present,https://rfcx-streams-production.s3.eu-west-1.amazonaws.com/2022/05/10/9iy0wwvn4csi/68d6f7c5-bbb1-4db7-bd44-5d1d872e3fa1.flac?X-Amz-Algorithm=AWS4-HMAC-SHA256&X-Amz-Content-Sha256=UNSIGNED-PAYLOAD&X-Amz-Credential=AKIA45B7YWBX5HAZMGOU%2F20260223%2Feu-west-1%2Fs3%2Faws4_request&X-Amz-Date=20260223T001940Z&X-Amz-Expires=604800&X-Amz-Signature=b5632a87599469fb1d26169aa235ad2366bf1f899162bafbaa821f5e7cea2bdc&X-Amz-SignedHeaders=host&response-content-disposition=attachment%3B%20filename%3D68d6f7c5-bbb1-4db7-bd44-5d1d872e3fa1.flac&x-id=GetObject,0.3263928,34115
ConCam-2022-05-10_10-00.WAV,2022 Conaway East,2022,5,10,10,0,Agelaius tricolor,Courtship Song,46.38933182,47.32799911,94,8719,24000,present,https://rfcx-streams-production.s3.eu-west-1.amazonaws.com/2022/05/10/9iy0wwvn4csi/c18c7e66-8475-4d78-ac0d-d146af032903.flac?X-Amz-Algorithm=AWS4-HMAC-SHA256&X-Amz-Content-Sha256=UNSIGNED-PAYLOAD&X-Amz-Credential=AKIA45B7YWBX5HAZMGOU%2F20260223%2Feu-west-1%2Fs3%2Faws4_request&X-Amz-Date=20260223T001940Z&X-Amz-Expires=604800&X-Amz-Signature=79928e31a3f169f7059d89f65e4b8826401bec7d7f36c1a45620b382f2c6baca&X-Amz-SignedHeaders=host&response-content-disposition=attachment%3B%20filename%3Dc18c7e66-8475-4d78-ac0d-d146af032903.flac&x-id=GetObject,0.481514424,34115
ConCam-2022-05-10_10-10.WAV,2022 Conaway East,2022,5,10,10,10,Agelaius tricolor,Courtship Song,49.61600113,50.55466843,94,8719,24000,present,https://rfcx-streams-production.s3.eu-west-1.amazonaws.com/2022/05/10/9iy0wwvn4csi/33d46bc1-252b-4a20-ae77-05ba94af84c7.flac?X-Amz-Algorithm=AWS4-HMAC-SHA256&X-Amz-Content-Sha256=UNSIGNED-PAYLOAD&X-Amz-Credential=AKIA45B7YWBX5HAZMGOU%2F20260223%2Feu-west-1%2Fs3%2Faws4_request&X-Amz-Date=20260223T001940Z&X-Amz-Expires=604800&X-Amz-Signature=13bbb5ae6f0c64a230e948b38035b79fdd3d3bd582ad17c84b7b75a4f4e9bca8&X-Amz-SignedHeaders=host&response-content-disposition=attachment%3B%20filename%3D33d46bc1-252b-4a20-ae77-05ba94af84c7.flac&x-id=GetObject,0.50830996,34115
ConCam-2022-05-10_10-20.WAV,2022 Conaway East,2022,5,10,10,20,Agelaius tricolor,Courtship Song,57.59999847,58.53866577,94,8719,24000,present,https://rfcx-streams-production.s3.eu-west-1.amazonaws.com/2022/05/10/9iy0wwvn4csi/253c4395-d9c3-4c4c-aff1-fbb8ed4b23af.flac?X-Amz-Algorithm=AWS4-HMAC-SHA256&X-Amz-Content-Sha256=UNSIGNED-PAYLOAD&X-Amz-Credential=AKIA45B7YWBX5HAZMGOU%2F20260223%2Feu-west-1%2Fs3%2Faws4_request&X-Amz-Date=20260223T001940Z&X-Amz-Expires=604800&X-Amz-Signature=d29330492a3376352b82e619cb87b28c7c5aa6e2db6c6059aa8f76b38d999b42&X-Amz-SignedHeaders=host&response-content-disposition=attachment%3B%20filename%3D253c4395-d9c3-4c4c-aff1-fbb8ed4b23af.flac&x-id=GetObject,0.502212346,34115
ConCam-2022-05-10_10-30.WAV,2022 Conaway East,2022,5,10,10,30,Agelaius tricolor,Courtship Song,49.60533524,50.54399872,94,8719,24000,present,https://rfcx-streams-production.s3.eu-west-1.amazonaws.com/2022/05/10/9iy0wwvn4csi/aa86dfb3-4d62-4013-83f6-0b06da847909.flac?X-Amz-Algorithm=AWS4-HMAC-SHA256&X-Amz-Content-Sha256=UNSIGNED-PAYLOAD&X-Amz-Credential=AKIA45B7YWBX5HAZMGOU%2F20260223%2Feu-west-1%2Fs3%2Faws4_request&X-Amz-Date=20260223T001940Z&X-Amz-Expires=604800&X-Amz-Signature=fe5bf331bda2217360a95578f422c2cc5cea9eedd436aeba8c0da19d9d07ad8c&X-Amz-SignedHeaders=host&response-content-disposition=attachment%3B%20filename%3Daa86dfb3-4d62-4013-83f6-0b06da847909.flac&x-id=GetObject,0.52237004,34115
ConCam-2022-05-10_10-40.WAV,2022 Conaway East,2022,5,10,10,40,Agelaius tricolor,Courtship Song,38.79466629,39.73333359,94,8719,24000,present,https://rfcx-streams-production.s3.eu-west-1.amazonaws.com/2022/05/10/9iy0wwvn4csi/071ac3a8-7f21-4f75-925e-f4ede89d15c7.flac?X-Amz-Algorithm=AWS4-HMAC-SHA256&X-Amz-Content-Sha256=UNSIGNED-PAYLOAD&X-Amz-Credential=AKIA45B7YWBX5HAZMGOU%2F20260223%2Feu-west-1%2Fs3%2Faws4_request&X-Amz-Date=20260223T001940Z&X-Amz-Expires=604800&X-Amz-Signature=cd8ac39c143025fd1b3b92e82cc97e3b4834d1a96f78f1ed973b0433844852c4&X-Amz-SignedHeaders=host&response-content-disposition=attachment%3B%20filename%3D071ac3a8-7f21-4f75-925e-f4ede89d15c7.flac&x-id=GetObject,0.415569961,34115
ConCam-2022-05-10_10-50.WAV,2022 Conaway East,2022,5,10,10,50,Agelaius tricolor,Courtship Song,41.07733154,42.01599884,94,8719,24000,present,https://rfcx-streams-production.s3.eu-west-1.amazonaws.com/2022/05/10/9iy0wwvn4csi/008f6194-2cd8-45b2-a987-efbb3417cc2d.flac?X-Amz-Algorithm=AWS4-HMAC-SHA256&X-Amz-Content-Sha256=UNSIGNED-PAYLOAD&X-Amz-Credential=AKIA45B7YWBX5HAZMGOU%2F20260223%2Feu-west-1%2Fs3%2Faws4_request&X-Amz-Date=20260223T001940Z&X-Amz-Expires=604800&X-Amz-Signature=5da68b4d7614791dc5b321092b16d176f2ac44ed8d7c338750c8cdfa0e626571&X-Amz-SignedHeaders=host&response-content-disposition=attachment%3B%20filename%3D008f6194-2cd8-45b2-a987-efbb3417cc2d.flac&x-id=GetObject,0.454561234,34115
ConCam-2022-05-10_11-00.WAV,2022 Conaway East,2022,5,10,11,0,Agelaius tricolor,Courtship Song,51.86666489,52.80533218,94,8719,24000,present,https://rfcx-streams-production.s3.eu-west-1.amazonaws.com/2022/05/10/9iy0wwvn4csi/160aa80e-f248-47c5-8abf-a07cc606e1d2.flac?X-Amz-Algorithm=AWS4-HMAC-SHA256&X-Amz-Content-Sha256=UNSIGNED-PAYLOAD&X-Amz-Credential=AKIA45B7YWBX5HAZMGOU%2F20260223%2Feu-west-1%2Fs3%2Faws4_request&X-Amz-Date=20260223T001940Z&X-Amz-Expires=604800&X-Amz-Signature=e1a59a12bef221006cdaec7c66b10dab10a43b63473581c4be04f7919e4dbbbe&X-Amz-SignedHeaders=host&response-content-disposition=attachment%3B%20filename%3D160aa80e-f248-47c5-8abf-a07cc606e1d2.flac&x-id=GetObject,0.437472939,34115
ConCam-2022-05-10_11-10.WAV,2022 Conaway East,2022,5,10,11,10,Agelaius tricolor,Courtship Song,32.54399872,33.48266602,94,8719,24000,present,https://rfcx-streams-production.s3.eu-west-1.amazonaws.com/2022/05/10/9iy0wwvn4csi/e4cdcd29-746f-4d27-9a26-a78d466a547d.flac?X-Amz-Algorithm=AWS4-HMAC-SHA256&X-Amz-Content-Sha256=UNSIGNED-PAYLOAD&X-Amz-Credential=AKIA45B7YWBX5HAZMGOU%2F20260223%2Feu-west-1%2Fs3%2Faws4_request&X-Amz-Date=20260223T001940Z&X-Amz-Expires=604800&X-Amz-Signature=3401584f60c94866fe1d25427dfe95dc91f54143bccf9da5e940266f98ac8c0b&X-Amz-SignedHeaders=host&response-content-disposition=attachment%3B%20filename%3De4cdcd29-746f-4d27-9a26-a78d466a547d.flac&x-id=GetObject,0.505628407,34115
ConCam-2022-05-10_11-20.WAV,2022 Conaway East,2022,5,10,11,20,Agelaius tricolor,Courtship Song,24.41066742,25.34933281,94,8719,24000,present,https://rfcx-streams-production.s3.eu-west-1.amazonaws.com/2022/05/10/9iy0wwvn4csi/590ab333-8988-4d09-a5b4-d24fd950b527.flac?X-Amz-Algorithm=AWS4-HMAC-SHA256&X-Amz-Content-Sha256=UNSIGNED-PAYLOAD&X-Amz-Credential=AKIA45B7YWBX5HAZMGOU%2F20260223%2Feu-west-1%2Fs3%2Faws4_request&X-Amz-Date=20260223T001940Z&X-Amz-Expires=604800&X-Amz-Signature=7e115b74d1c8e5879f79a547c56647374746fac2ff71571ba5e537b8b4f0a341&X-Amz-SignedHeaders=host&response-content-disposition=attachment%3B%20filename%3D590ab333-8988-4d09-a5b4-d24fd950b527.flac&x-id=GetObject,0.453612655,34115
ConCam-2022-05-10_11-30.WAV,2022 Conaway East,2022,5,10,11,30,Agelaius tricolor,Courtship Song,9.295999527,10.23466682,94,8719,24000,present,https://rfcx-streams-production.s3.eu-west-1.amazonaws.com/2022/05/10/9iy0wwvn4csi/e387ac9e-d6cc-4241-984e-b23fbd9227f7.flac?X-Amz-Algorithm=AWS4-HMAC-SHA256&X-Amz-Content-Sha256=UNSIGNED-PAYLOAD&X-Amz-Credential=AKIA45B7YWBX5HAZMGOU%2F20260223%2Feu-west-1%2Fs3%2Faws4_request&X-Amz-Date=20260223T001940Z&X-Amz-Expires=604800&X-Amz-Signature=b4018d445961313bc28e43ee4a53313f94d2d9214b800364101ccddd91db1545&X-Amz-SignedHeaders=host&response-content-disposition=attachment%3B%20filename%3De387ac9e-d6cc-4241-984e-b23fbd9227f7.flac&x-id=GetObject,0.401787728,34115
ConCam-2022-05-10_11-40.WAV,2022 Conaway East,2022,5,10,11,40,Agelaius tricolor,Courtship Song,11.04533291,11.98400021,94,8719,24000,present,https://rfcx-streams-production.s3.eu-west-1.amazonaws.com/2022/05/10/9iy0wwvn4csi/0f1a68e3-f6e5-45a2-9306-ddd49524f8a4.flac?X-Amz-Algorithm=AWS4-HMAC-SHA256&X-Amz-Content-Sha256=UNSIGNED-PAYLOAD&X-Amz-Credential=AKIA45B7YWBX5HAZMGOU%2F20260223%2Feu-west-1%2Fs3%2Faws4_request&X-Amz-Date=20260223T001940Z&X-Amz-Expires=604800&X-Amz-Signature=9141fc9f0f2739f1d10689e7009af91324bbdfa98ac0c6e9b31529df5540d9ff&X-Amz-SignedHeaders=host&response-content-disposition=attachment%3B%20filename%3D0f1a68e3-f6e5-45a2-9306-ddd49524f8a4.flac&x-id=GetObject,0.412040532,34115
ConCam-2022-05-10_11-50.WAV,2022 Conaway East,2022,5,10,11,50,Agelaius tricolor,Courtship Song,44.25600052,45.19466782,94,8719,24000,present,https://rfcx-streams-production.s3.eu-west-1.amazonaws.com/2022/05/10/9iy0wwvn4csi/a7312ce2-ee38-4797-9bbb-94916e09fca1.flac?X-Amz-Algorithm=AWS4-HMAC-SHA256&X-Amz-Content-Sha256=UNSIGNED-PAYLOAD&X-Amz-Credential=AKIA45B7YWBX5HAZMGOU%2F20260223%2Feu-west-1%2Fs3%2Faws4_request&X-Amz-Date=20260223T001940Z&X-Amz-Expires=604800&X-Amz-Signature=146c40f3b08af40bd785198b243ecdeef786f4cee41784be06b1b3da638e45bb&X-Amz-SignedHeaders=host&response-content-disposition=attachment%3B%20filename%3Da7312ce2-ee38-4797-9bbb-94916e09fca1.flac&x-id=GetObject,0.449327469,34115
ConCam-2022-05-10_12-00.WAV,2022 Conaway East,2022,5,10,12,0,Agelaius tricolor,Courtship Song,9.877333641,10.81599998,94,8719,24000,present,https://rfcx-streams-production.s3.eu-west-1.amazonaws.com/2022/05/10/9iy0wwvn4csi/a9f40c50-88af-414a-b382-6c466f51e1e1.flac?X-Amz-Algorithm=AWS4-HMAC-SHA256&X-Amz-Content-Sha256=UNSIGNED-PAYLOAD&X-Amz-Credential=AKIA45B7YWBX5HAZMGOU%2F20260223%2Feu-west-1%2Fs3%2Faws4_request&X-Amz-Date=20260223T001940Z&X-Amz-Expires=604800&X-Amz-Signature=aef3fea6fa73b7d3b984dd0154cc4cbd49cf51ccec801a2afc338d21682660b0&X-Amz-SignedHeaders=host&response-content-disposition=attachment%3B%20filename%3Da9f40c50-88af-414a-b382-6c466f51e1e1.flac&x-id=GetObject,0.438039869,34115
ConCam-2022-05-10_12-10.WAV,2022 Conaway East,2022,5,10,12,10,Agelaius tricolor,Courtship Song,2.415999889,3.35466671,94,8719,24000,present,https://rfcx-streams-production.s3.eu-west-1.amazonaws.com/2022/05/10/9iy0wwvn4csi/360ec38b-7a04-47f9-be8b-c43ed7ce4404.flac?X-Amz-Algorithm=AWS4-HMAC-SHA256&X-Amz-Content-Sha256=UNSIGNED-PAYLOAD&X-Amz-Credential=AKIA45B7YWBX5HAZMGOU%2F20260223%2Feu-west-1%2Fs3%2Faws4_request&X-Amz-Date=20260223T001940Z&X-Amz-Expires=604800&X-Amz-Signature=d4e3287c2f747c2f5c916bcdc5c642e5a4cab7a94fea74df3182fb30206871b0&X-Amz-SignedHeaders=host&response-content-disposition=attachment%3B%20filename%3D360ec38b-7a04-47f9-be8b-c43ed7ce4404.flac&x-id=GetObject,0.641055703,34115
ConCam-2022-05-10_12-20.WAV,2022 Conaway East,2022,5,10,12,20,Agelaius tricolor,Courtship Song,52.67200089,53.61066818,94,8719,24000,present,https://rfcx-streams-production.s3.eu-west-1.amazonaws.com/2022/05/10/9iy0wwvn4csi/11a697b0-7d2a-4320-8a7e-cdfb04538fb4.flac?X-Amz-Algorithm=AWS4-HMAC-SHA256&X-Amz-Content-Sha256=UNSIGNED-PAYLOAD&X-Amz-Credential=AKIA45B7YWBX5HAZMGOU%2F20260223%2Feu-west-1%2Fs3%2Faws4_request&X-Amz-Date=20260223T001940Z&X-Amz-Expires=604800&X-Amz-Signature=b2f26968844568a05a91d1b6657b054727941b3a0c202c3f6dc70eda815d0c46&X-Amz-SignedHeaders=host&response-content-disposition=attachment%3B%20filename%3D11a697b0-7d2a-4320-8a7e-cdfb04538fb4.flac&x-id=GetObject,0.449432015,34115
ConCam-2022-05-10_12-30.WAV,2022 Conaway East,2022,5,10,12,30,Agelaius tricolor,Courtship Song,15.96266651,16.90133286,94,8719,24000,present,https://rfcx-streams-production.s3.eu-west-1.amazonaws.com/2022/05/10/9iy0wwvn4csi/e453d7b9-07e1-45aa-ace9-93a7736f5b0d.flac?X-Amz-Algorithm=AWS4-HMAC-SHA256&X-Amz-Content-Sha256=UNSIGNED-PAYLOAD&X-Amz-Credential=AKIA45B7YWBX5HAZMGOU%2F20260223%2Feu-west-1%2Fs3%2Faws4_request&X-Amz-Date=20260223T001940Z&X-Amz-Expires=604800&X-Amz-Signature=94f166899570d1b00f7af80367518980923b939e14b548b714765dcd9b5b6e0f&X-Amz-SignedHeaders=host&response-content-disposition=attachment%3B%20filename%3De453d7b9-07e1-45aa-ace9-93a7736f5b0d.flac&x-id=GetObject,0.455186516,34115
ConCam-2022-05-10_12-40.WAV,2022 Conaway East,2022,5,10,12,40,Agelaius tricolor,Courtship Song,57.29066849,58.22933197,94,8719,24000,present,https://rfcx-streams-production.s3.eu-west-1.amazonaws.com/2022/05/10/9iy0wwvn4csi/257b14a2-7935-4026-83dc-5a3a28bf79a8.flac?X-Amz-Algorithm=AWS4-HMAC-SHA256&X-Amz-Content-Sha256=UNSIGNED-PAYLOAD&X-Amz-Credential=AKIA45B7YWBX5HAZMGOU%2F20260223%2Feu-west-1%2Fs3%2Faws4_request&X-Amz-Date=20260223T001940Z&X-Amz-Expires=604800&X-Amz-Signature=c25a2870a466fdc03e2ad0e7aa0499c431f071b9a35e553d1a78a6c206cbd8b3&X-Amz-SignedHeaders=host&response-content-disposition=attachment%3B%20filename%3D257b14a2-7935-4026-83dc-5a3a28bf79a8.flac&x-id=GetObject,0.453845501,34115
ConCam-2022-05-10_12-50.WAV,2022 Conaway East,2022,5,10,12,50,Agelaius tricolor,Courtship Song,11.3920002,12.33066654,94,8719,24000,present,https://rfcx-streams-production.s3.eu-west-1.amazonaws.com/2022/05/10/9iy0wwvn4csi/69a43d26-e18b-49d0-a21a-9d086233f3b2.flac?X-Amz-Algorithm=AWS4-HMAC-SHA256&X-Amz-Content-Sha256=UNSIGNED-PAYLOAD&X-Amz-Credential=AKIA45B7YWBX5HAZMGOU%2F20260223%2Feu-west-1%2Fs3%2Faws4_request&X-Amz-Date=20260223T001940Z&X-Amz-Expires=604800&X-Amz-Signature=bdc9709074de07e039825d00655c56d593566a1aab0474353f268c37b70bce20&X-Amz-SignedHeaders=host&response-content-disposition=attachment%3B%20filename%3D69a43d26-e18b-49d0-a21a-9d086233f3b2.flac&x-id=GetObject,0.408251017,34115
ConCam-2022-05-10_13-00.WAV,2022 Conaway East,2022,5,10,13,0,Agelaius tricolor,Courtship Song,59.01866531,59.95733261,94,8719,24000,present,https://rfcx-streams-production.s3.eu-west-1.amazonaws.com/2022/05/10/9iy0wwvn4csi/f6fa6fbc-b38c-44e2-a118-2911ff05cfcd.flac?X-Amz-Algorithm=AWS4-HMAC-SHA256&X-Amz-Content-Sha256=UNSIGNED-PAYLOAD&X-Amz-Credential=AKIA45B7YWBX5HAZMGOU%2F20260223%2Feu-west-1%2Fs3%2Faws4_request&X-Amz-Date=20260223T001940Z&X-Amz-Expires=604800&X-Amz-Signature=b8f5037f235e51bd97727d5b46223ec21d16fc98dff86eafa018998bff1b47f5&X-Amz-SignedHeaders=host&response-content-disposition=attachment%3B%20filename%3Df6fa6fbc-b38c-44e2-a118-2911ff05cfcd.flac&x-id=GetObject,0.404619515,34115
ConCam-2022-05-10_13-20.WAV,2022 Conaway East,2022,5,10,13,20,Agelaius tricolor,Courtship Song,12.69333363,13.63199997,94,8719,24000,present,https://rfcx-streams-production.s3.eu-west-1.amazonaws.com/2022/05/10/9iy0wwvn4csi/a4c42b27-f785-4f04-ad32-b6b8f051afb7.flac?X-Amz-Algorithm=AWS4-HMAC-SHA256&X-Amz-Content-Sha256=UNSIGNED-PAYLOAD&X-Amz-Credential=AKIA45B7YWBX5HAZMGOU%2F20260223%2Feu-west-1%2Fs3%2Faws4_request&X-Amz-Date=20260223T001940Z&X-Amz-Expires=604800&X-Amz-Signature=998003488757ac9f30214bb8a618a3fc17d3f8c91dcf7acec9d02f388495c106&X-Amz-SignedHeaders=host&response-content-disposition=attachment%3B%20filename%3Da4c42b27-f785-4f04-ad32-b6b8f051afb7.flac&x-id=GetObject,0.479588956,34115
ConCam-2022-05-10_13-50.WAV,2022 Conaway East,2022,5,10,13,50,Agelaius tricolor,Courtship Song,31.2373333,32.17599869,94,8719,24000,present,https://rfcx-streams-production.s3.eu-west-1.amazonaws.com/2022/05/10/9iy0wwvn4csi/288d2e2a-d08c-4bb7-b06f-4cb22db18269.flac?X-Amz-Algorithm=AWS4-HMAC-SHA256&X-Amz-Content-Sha256=UNSIGNED-PAYLOAD&X-Amz-Credential=AKIA45B7YWBX5HAZMGOU%2F20260223%2Feu-west-1%2Fs3%2Faws4_request&X-Amz-Date=20260223T001940Z&X-Amz-Expires=604800&X-Amz-Signature=1e28bbc0546170f3c566061bbc624399a2a2399d3ea318303a62abe2f6242796&X-Amz-SignedHeaders=host&response-content-disposition=attachment%3B%20filename%3D288d2e2a-d08c-4bb7-b06f-4cb22db18269.flac&x-id=GetObject,0.543102264,34115
ConCam-2022-05-10_14-00.WAV,2022 Conaway East,2022,5,10,14,0,Agelaius tricolor,Courtship Song,27.06666756,28.00533295,94,8719,24000,present,https://rfcx-streams-production.s3.eu-west-1.amazonaws.com/2022/05/10/9iy0wwvn4csi/21c1d378-eea4-4370-b1c8-ca28cc071c21.flac?X-Amz-Algorithm=AWS4-HMAC-SHA256&X-Amz-Content-Sha256=UNSIGNED-PAYLOAD&X-Amz-Credential=AKIA45B7YWBX5HAZMGOU%2F20260223%2Feu-west-1%2Fs3%2Faws4_request&X-Amz-Date=20260223T001940Z&X-Amz-Expires=604800&X-Amz-Signature=74b5571f7ef8a51f8f75afdd4062faa5bc514073d4a49abe6a45e934c9a54105&X-Amz-SignedHeaders=host&response-content-disposition=attachment%3B%20filename%3D21c1d378-eea4-4370-b1c8-ca28cc071c21.flac&x-id=GetObject,0.436979949,34115
ConCam-2022-05-10_14-10.WAV,2022 Conaway East,2022,5,10,14,10,Agelaius tricolor,Courtship Song,36.21333313,37.15200043,94,8719,24000,present,https://rfcx-streams-production.s3.eu-west-1.amazonaws.com/2022/05/10/9iy0wwvn4csi/36987026-b30a-417e-ad79-50b2b9320744.flac?X-Amz-Algorithm=AWS4-HMAC-SHA256&X-Amz-Content-Sha256=UNSIGNED-PAYLOAD&X-Amz-Credential=AKIA45B7YWBX5HAZMGOU%2F20260223%2Feu-west-1%2Fs3%2Faws4_request&X-Amz-Date=20260223T001940Z&X-Amz-Expires=604800&X-Amz-Signature=af0b85af7f63ed966ae79e00c6ab3a71f45d6551e04270a1178fe785c4407c0b&X-Amz-SignedHeaders=host&response-content-disposition=attachment%3B%20filename%3D36987026-b30a-417e-ad79-50b2b9320744.flac&x-id=GetObject,0.509273112,34115
ConCam-2022-05-10_14-20.WAV,2022 Conaway East,2022,5,10,14,20,Agelaius tricolor,Courtship Song,13.27466679,14.21333313,94,8719,24000,present,https://rfcx-streams-production.s3.eu-west-1.amazonaws.com/2022/05/10/9iy0wwvn4csi/ad8001fe-e279-4c18-a9fd-1856e26716c5.flac?X-Amz-Algorithm=AWS4-HMAC-SHA256&X-Amz-Content-Sha256=UNSIGNED-PAYLOAD&X-Amz-Credential=AKIA45B7YWBX5HAZMGOU%2F20260223%2Feu-west-1%2Fs3%2Faws4_request&X-Amz-Date=20260223T001940Z&X-Amz-Expires=604800&X-Amz-Signature=9ebdcb4b6d2a98bf8ebce528b6ffbf4587db9b152b437a9418e41d19a6ba0d8c&X-Amz-SignedHeaders=host&response-content-disposition=attachment%3B%20filename%3Dad8001fe-e279-4c18-a9fd-1856e26716c5.flac&x-id=GetObject,0.578423142,34115
ConCam-2022-05-10_14-30.WAV,2022 Conaway East,2022,5,10,14,30,Agelaius tricolor,Courtship Song,44.34666824,45.28533173,94,8719,24000,present,https://rfcx-streams-production.s3.eu-west-1.amazonaws.com/2022/05/10/9iy0wwvn4csi/891f9773-44c6-4086-b4a7-2f9a568f2f73.flac?X-Amz-Algorithm=AWS4-HMAC-SHA256&X-Amz-Content-Sha256=UNSIGNED-PAYLOAD&X-Amz-Credential=AKIA45B7YWBX5HAZMGOU%2F20260223%2Feu-west-1%2Fs3%2Faws4_request&X-Amz-Date=20260223T001940Z&X-Amz-Expires=604800&X-Amz-Signature=da391b0d01dbdb840e2df0ad44daec9d5c27fff8b3703e66d02239100b7339ec&X-Amz-SignedHeaders=host&response-content-disposition=attachment%3B%20filename%3D891f9773-44c6-4086-b4a7-2f9a568f2f73.flac&x-id=GetObject,0.316708773,34115
ConCam-2022-05-10_14-40.WAV,2022 Conaway East,2022,5,10,14,40,Agelaius tricolor,Courtship Song,3.850666761,4.789333344,94,8719,24000,present,https://rfcx-streams-production.s3.eu-west-1.amazonaws.com/2022/05/10/9iy0wwvn4csi/9c53e326-4841-4a5f-adcb-dd38993b4de3.flac?X-Amz-Algorithm=AWS4-HMAC-SHA256&X-Amz-Content-Sha256=UNSIGNED-PAYLOAD&X-Amz-Credential=AKIA45B7YWBX5HAZMGOU%2F20260223%2Feu-west-1%2Fs3%2Faws4_request&X-Amz-Date=20260223T001940Z&X-Amz-Expires=604800&X-Amz-Signature=6a60292cd128d36072b441d36c7e82ef141854d18dafe1ba2c165cbd8a29d635&X-Amz-SignedHeaders=host&response-content-disposition=attachment%3B%20filename%3D9c53e326-4841-4a5f-adcb-dd38993b4de3.flac&x-id=GetObject,0.408748001,34115
ConCam-2022-05-10_14-50.WAV,2022 Conaway East,2022,5,10,14,50,Agelaius tricolor,Courtship Song,2.229333401,3.167999983,94,8719,24000,present,https://rfcx-streams-production.s3.eu-west-1.amazonaws.com/2022/05/10/9iy0wwvn4csi/92b5f9ae-83e8-459d-b189-975cdccc7ca6.flac?X-Amz-Algorithm=AWS4-HMAC-SHA256&X-Amz-Content-Sha256=UNSIGNED-PAYLOAD&X-Amz-Credential=AKIA45B7YWBX5HAZMGOU%2F20260223%2Feu-west-1%2Fs3%2Faws4_request&X-Amz-Date=20260223T001940Z&X-Amz-Expires=604800&X-Amz-Signature=d4733b04dd4f18c8c1eb9c7e670caf676d45c09cde128ab9f654a740473d2bfb&X-Amz-SignedHeaders=host&response-content-disposition=attachment%3B%20filename%3D92b5f9ae-83e8-459d-b189-975cdccc7ca6.flac&x-id=GetObject,0.432624996,34115
ConCam-2022-05-10_15-00.WAV,2022 Conaway East,2022,5,10,15,0,Agelaius tricolor,Courtship Song,13.34399986,14.28266621,94,8719,24000,present,https://rfcx-streams-production.s3.eu-west-1.amazonaws.com/2022/05/10/9iy0wwvn4csi/76155d0d-0888-4a57-aa06-6234f6ae0f32.flac?X-Amz-Algorithm=AWS4-HMAC-SHA256&X-Amz-Content-Sha256=UNSIGNED-PAYLOAD&X-Amz-Credential=AKIA45B7YWBX5HAZMGOU%2F20260223%2Feu-west-1%2Fs3%2Faws4_request&X-Amz-Date=20260223T001940Z&X-Amz-Expires=604800&X-Amz-Signature=9ecb76ea2eaa9db1206dedacdb37d6a2ac749e6f492fa7ea0c6ab1be8ba4de24&X-Amz-SignedHeaders=host&response-content-disposition=attachment%3B%20filename%3D76155d0d-0888-4a57-aa06-6234f6ae0f32.flac&x-id=GetObject,0.401613533,34115
ConCam-2022-05-10_15-10.WAV,2022 Conaway East,2022,5,10,15,10,Agelaius tricolor,Courtship Song,37.17333221,38.11199951,94,8719,24000,present,https://rfcx-streams-production.s3.eu-west-1.amazonaws.com/2022/05/10/9iy0wwvn4csi/033131a1-4c4d-47f3-982d-93f9a0296b4c.flac?X-Amz-Algorithm=AWS4-HMAC-SHA256&X-Amz-Content-Sha256=UNSIGNED-PAYLOAD&X-Amz-Credential=AKIA45B7YWBX5HAZMGOU%2F20260223%2Feu-west-1%2Fs3%2Faws4_request&X-Amz-Date=20260223T001940Z&X-Amz-Expires=604800&X-Amz-Signature=7ee6ebe139bde1a1b4c28772ce2f6d9f173fa1b962618d9fa2899dd3c5dea997&X-Amz-SignedHeaders=host&response-content-disposition=attachment%3B%20filename%3D033131a1-4c4d-47f3-982d-93f9a0296b4c.flac&x-id=GetObject,0.504262745,34115
ConCam-2022-05-10_15-20.WAV,2022 Conaway East,2022,5,10,15,20,Agelaius tricolor,Courtship Song,16.6186676,17.55733299,94,8719,24000,present,https://rfcx-streams-production.s3.eu-west-1.amazonaws.com/2022/05/10/9iy0wwvn4csi/6009e3c7-43a1-493d-9f4d-87465cee3ce7.flac?X-Amz-Algorithm=AWS4-HMAC-SHA256&X-Amz-Content-Sha256=UNSIGNED-PAYLOAD&X-Amz-Credential=AKIA45B7YWBX5HAZMGOU%2F20260223%2Feu-west-1%2Fs3%2Faws4_request&X-Amz-Date=20260223T001940Z&X-Amz-Expires=604800&X-Amz-Signature=25711875ef6d78b455e1ca77082165aad356f22ebcc39e026e9b117fbe375503&X-Amz-SignedHeaders=host&response-content-disposition=attachment%3B%20filename%3D6009e3c7-43a1-493d-9f4d-87465cee3ce7.flac&x-id=GetObject,0.489095777,34115
ConCam-2022-05-10_15-30.WAV,2022 Conaway East,2022,5,10,15,30,Agelaius tricolor,Courtship Song,1.904000044,2.842666626,94,8719,24000,present,https://rfcx-streams-production.s3.eu-west-1.amazonaws.com/2022/05/10/9iy0wwvn4csi/b8dc8db8-fc94-4e4d-a0bc-38960140fbc9.flac?X-Amz-Algorithm=AWS4-HMAC-SHA256&X-Amz-Content-Sha256=UNSIGNED-PAYLOAD&X-Amz-Credential=AKIA45B7YWBX5HAZMGOU%2F20260223%2Feu-west-1%2Fs3%2Faws4_request&X-Amz-Date=20260223T001940Z&X-Amz-Expires=604800&X-Amz-Signature=23dc213318f3afe85825ce803554891ba6d93f0a5bf59a256146c0d87c424788&X-Amz-SignedHeaders=host&response-content-disposition=attachment%3B%20filename%3Db8dc8db8-fc94-4e4d-a0bc-38960140fbc9.flac&x-id=GetObject,0.249173194,34115
ConCam-2022-05-10_15-40.WAV,2022 Conaway East,2022,5,10,15,40,Agelaius tricolor,Courtship Song,24.05333328,24.99200058,94,8719,24000,present,https://rfcx-streams-production.s3.eu-west-1.amazonaws.com/2022/05/10/9iy0wwvn4csi/3537a12e-1317-4bce-a086-778fbbb9cd4b.flac?X-Amz-Algorithm=AWS4-HMAC-SHA256&X-Amz-Content-Sha256=UNSIGNED-PAYLOAD&X-Amz-Credential=AKIA45B7YWBX5HAZMGOU%2F20260223%2Feu-west-1%2Fs3%2Faws4_request&X-Amz-Date=20260223T001940Z&X-Amz-Expires=604800&X-Amz-Signature=1a42404f89001d101dcb38450f9a2213034ea8e364433f34de44a30b1ef76340&X-Amz-SignedHeaders=host&response-content-disposition=attachment%3B%20filename%3D3537a12e-1317-4bce-a086-778fbbb9cd4b.flac&x-id=GetObject,0.381546885,34115
ConCam-2022-05-10_15-50.WAV,2022 Conaway East,2022,5,10,15,50,Agelaius tricolor,Courtship Song,46.89066696,47.82933426,94,8719,24000,present,https://rfcx-streams-production.s3.eu-west-1.amazonaws.com/2022/05/10/9iy0wwvn4csi/4bb4feaf-c407-4765-9aea-124aba085999.flac?X-Amz-Algorithm=AWS4-HMAC-SHA256&X-Amz-Content-Sha256=UNSIGNED-PAYLOAD&X-Amz-Credential=AKIA45B7YWBX5HAZMGOU%2F20260223%2Feu-west-1%2Fs3%2Faws4_request&X-Amz-Date=20260223T001940Z&X-Amz-Expires=604800&X-Amz-Signature=e00ec399a2fa30ebf3c4b6c10691143629ba4d74e1b62f05d531084daf5dd629&X-Amz-SignedHeaders=host&response-content-disposition=attachment%3B%20filename%3D4bb4feaf-c407-4765-9aea-124aba085999.flac&x-id=GetObject,0.500353336,34115
ConCam-2022-05-10_16-00.WAV,2022 Conaway East,2022,5,10,16,0,Agelaius tricolor,Courtship Song,33.46133423,34.40000153,94,8719,24000,present,https://rfcx-streams-production.s3.eu-west-1.amazonaws.com/2022/05/10/9iy0wwvn4csi/6df415c4-9cb3-4744-a3ba-9ec8374f2596.flac?X-Amz-Algorithm=AWS4-HMAC-SHA256&X-Amz-Content-Sha256=UNSIGNED-PAYLOAD&X-Amz-Credential=AKIA45B7YWBX5HAZMGOU%2F20260223%2Feu-west-1%2Fs3%2Faws4_request&X-Amz-Date=20260223T001940Z&X-Amz-Expires=604800&X-Amz-Signature=129b637d7705cf73fdd53d0b5fa75ec4c226ed71c923ec29e2f4b749c2f1f90b&X-Amz-SignedHeaders=host&response-content-disposition=attachment%3B%20filename%3D6df415c4-9cb3-4744-a3ba-9ec8374f2596.flac&x-id=GetObject,0.43637079,34115
ConCam-2022-05-10_16-10.WAV,2022 Conaway East,2022,5,10,16,10,Agelaius tricolor,Courtship Song,38.33599854,39.27466583,94,8719,24000,present,https://rfcx-streams-production.s3.eu-west-1.amazonaws.com/2022/05/10/9iy0wwvn4csi/ed35848f-1778-4f4d-8b6e-67610b541ac8.flac?X-Amz-Algorithm=AWS4-HMAC-SHA256&X-Amz-Content-Sha256=UNSIGNED-PAYLOAD&X-Amz-Credential=AKIA45B7YWBX5HAZMGOU%2F20260223%2Feu-west-1%2Fs3%2Faws4_request&X-Amz-Date=20260223T001940Z&X-Amz-Expires=604800&X-Amz-Signature=b6ca745087acaf4404c0323b0d4117a4346ddeaecca4c500ad0dc1fb28021c04&X-Amz-SignedHeaders=host&response-content-disposition=attachment%3B%20filename%3Ded35848f-1778-4f4d-8b6e-67610b541ac8.flac&x-id=GetObject,0.342744052,34115
ConCam-2022-05-10_16-20.WAV,2022 Conaway East,2022,5,10,16,20,Agelaius tricolor,Courtship Song,17.15200043,18.09066582,94,8719,24000,present,https://rfcx-streams-production.s3.eu-west-1.amazonaws.com/2022/05/10/9iy0wwvn4csi/e7ddfc63-957f-4d8f-a8c5-b03a6f8bdcb3.flac?X-Amz-Algorithm=AWS4-HMAC-SHA256&X-Amz-Content-Sha256=UNSIGNED-PAYLOAD&X-Amz-Credential=AKIA45B7YWBX5HAZMGOU%2F20260223%2Feu-west-1%2Fs3%2Faws4_request&X-Amz-Date=20260223T001940Z&X-Amz-Expires=604800&X-Amz-Signature=3552715aa4c99c0f1e101f136d8886270c8bf543367978b9787dacca05e4ef8d&X-Amz-SignedHeaders=host&response-content-disposition=attachment%3B%20filename%3De7ddfc63-957f-4d8f-a8c5-b03a6f8bdcb3.flac&x-id=GetObject,0.396805674,34115
ConCam-2022-05-10_16-30.WAV,2022 Conaway East,2022,5,10,16,30,Agelaius tricolor,Courtship Song,38.26133347,39.20000076,94,8719,24000,present,https://rfcx-streams-production.s3.eu-west-1.amazonaws.com/2022/05/10/9iy0wwvn4csi/0ca87136-2499-4e08-8382-b0e1bd49a243.flac?X-Amz-Algorithm=AWS4-HMAC-SHA256&X-Amz-Content-Sha256=UNSIGNED-PAYLOAD&X-Amz-Credential=AKIA45B7YWBX5HAZMGOU%2F20260223%2Feu-west-1%2Fs3%2Faws4_request&X-Amz-Date=20260223T001940Z&X-Amz-Expires=604800&X-Amz-Signature=5c8d545bac064f85206ab1f650d4ff5367c304858c6e1c1a979ba393edc6f7ae&X-Amz-SignedHeaders=host&response-content-disposition=attachment%3B%20filename%3D0ca87136-2499-4e08-8382-b0e1bd49a243.flac&x-id=GetObject,0.393445849,34115
ConCam-2022-05-10_16-40.WAV,2022 Conaway East,2022,5,10,16,40,Agelaius tricolor,Courtship Song,49.54133224,50.47999954,94,8719,24000,present,https://rfcx-streams-production.s3.eu-west-1.amazonaws.com/2022/05/10/9iy0wwvn4csi/166eecad-df81-4fdf-8cf9-d0fba4d5a211.flac?X-Amz-Algorithm=AWS4-HMAC-SHA256&X-Amz-Content-Sha256=UNSIGNED-PAYLOAD&X-Amz-Credential=AKIA45B7YWBX5HAZMGOU%2F20260223%2Feu-west-1%2Fs3%2Faws4_request&X-Amz-Date=20260223T001940Z&X-Amz-Expires=604800&X-Amz-Signature=fb19c703c69ed2e182d230b024bb96057dce2c9d4438be6627897d1f5c5e101c&X-Amz-SignedHeaders=host&response-content-disposition=attachment%3B%20filename%3D166eecad-df81-4fdf-8cf9-d0fba4d5a211.flac&x-id=GetObject,0.386869878,34115
ConCam-2022-05-10_16-50.WAV,2022 Conaway East,2022,5,10,16,50,Agelaius tricolor,Courtship Song,5.41866684,6.357333183,94,8719,24000,present,https://rfcx-streams-production.s3.eu-west-1.amazonaws.com/2022/05/10/9iy0wwvn4csi/3c5cb0a1-a438-404e-8b8d-781b7168883d.flac?X-Amz-Algorithm=AWS4-HMAC-SHA256&X-Amz-Content-Sha256=UNSIGNED-PAYLOAD&X-Amz-Credential=AKIA45B7YWBX5HAZMGOU%2F20260223%2Feu-west-1%2Fs3%2Faws4_request&X-Amz-Date=20260223T001940Z&X-Amz-Expires=604800&X-Amz-Signature=fe08e1154d3186e3e74b0326b073bdf2deea038577926755b8b2569f1847067e&X-Amz-SignedHeaders=host&response-content-disposition=attachment%3B%20filename%3D3c5cb0a1-a438-404e-8b8d-781b7168883d.flac&x-id=GetObject,0.385097414,34115
ConCam-2022-05-10_17-00.WAV,2022 Conaway East,2022,5,10,17,0,Agelaius tricolor,Courtship Song,34.97066498,35.90933228,94,8719,24000,present,https://rfcx-streams-production.s3.eu-west-1.amazonaws.com/2022/05/11/9iy0wwvn4csi/474e2e85-fa00-41af-87b2-008697ca8223.flac?X-Amz-Algorithm=AWS4-HMAC-SHA256&X-Amz-Content-Sha256=UNSIGNED-PAYLOAD&X-Amz-Credential=AKIA45B7YWBX5HAZMGOU%2F20260223%2Feu-west-1%2Fs3%2Faws4_request&X-Amz-Date=20260223T001940Z&X-Amz-Expires=604800&X-Amz-Signature=8dda275713e8637a94c135f15b035e6f1b14fcb5fb67f61e70583b5923b4eb83&X-Amz-SignedHeaders=host&response-content-disposition=attachment%3B%20filename%3D474e2e85-fa00-41af-87b2-008697ca8223.flac&x-id=GetObject,0.458405733,34115
ConCam-2022-05-10_17-10.WAV,2022 Conaway East,2022,5,10,17,10,Agelaius tricolor,Courtship Song,46.34133148,47.27999878,94,8719,24000,present,https://rfcx-streams-production.s3.eu-west-1.amazonaws.com/2022/05/11/9iy0wwvn4csi/ef79a7d7-b034-4405-b41f-ed0ee26c11ab.flac?X-Amz-Algorithm=AWS4-HMAC-SHA256&X-Amz-Content-Sha256=UNSIGNED-PAYLOAD&X-Amz-Credential=AKIA45B7YWBX5HAZMGOU%2F20260223%2Feu-west-1%2Fs3%2Faws4_request&X-Amz-Date=20260223T001940Z&X-Amz-Expires=604800&X-Amz-Signature=aa0deb47fae3b8c6594b007f1914c0fec7eee5cea06585ac4033c5ef4497e6d9&X-Amz-SignedHeaders=host&response-content-disposition=attachment%3B%20filename%3Def79a7d7-b034-4405-b41f-ed0ee26c11ab.flac&x-id=GetObject,0.46473819,34115
ConCam-2022-05-10_17-20.WAV,2022 Conaway East,2022,5,10,17,20,Agelaius tricolor,Courtship Song,41.48266602,42.42133331,94,8719,24000,present,https://rfcx-streams-production.s3.eu-west-1.amazonaws.com/2022/05/11/9iy0wwvn4csi/9d3ae320-4b4b-43ed-a1f7-a3118925a7f3.flac?X-Amz-Algorithm=AWS4-HMAC-SHA256&X-Amz-Content-Sha256=UNSIGNED-PAYLOAD&X-Amz-Credential=AKIA45B7YWBX5HAZMGOU%2F20260223%2Feu-west-1%2Fs3%2Faws4_request&X-Amz-Date=20260223T001940Z&X-Amz-Expires=604800&X-Amz-Signature=cad060257052a4f827a59f57bf78f5454efe16394ce909df93424991ad3a803e&X-Amz-SignedHeaders=host&response-content-disposition=attachment%3B%20filename%3D9d3ae320-4b4b-43ed-a1f7-a3118925a7f3.flac&x-id=GetObject,0.461718112,34115
ConCam-2022-05-10_17-30.WAV,2022 Conaway East,2022,5,10,17,30,Agelaius tricolor,Courtship Song,24.31999969,25.25866699,94,8719,24000,present,https://rfcx-streams-production.s3.eu-west-1.amazonaws.com/2022/05/11/9iy0wwvn4csi/a69a4505-726d-47a4-afd0-53a26082c65e.flac?X-Amz-Algorithm=AWS4-HMAC-SHA256&X-Amz-Content-Sha256=UNSIGNED-PAYLOAD&X-Amz-Credential=AKIA45B7YWBX5HAZMGOU%2F20260223%2Feu-west-1%2Fs3%2Faws4_request&X-Amz-Date=20260223T001940Z&X-Amz-Expires=604800&X-Amz-Signature=b3bb413104516a4f152f6174c2dc4afaae8bc547c4827030bc5fe8a402540d88&X-Amz-SignedHeaders=host&response-content-disposition=attachment%3B%20filename%3Da69a4505-726d-47a4-afd0-53a26082c65e.flac&x-id=GetObject,0.516738296,34115
ConCam-2022-05-10_17-40.WAV,2022 Conaway East,2022,5,10,17,40,Agelaius tricolor,Courtship Song,53.66933441,54.60800171,94,8719,24000,present,https://rfcx-streams-production.s3.eu-west-1.amazonaws.com/2022/05/11/9iy0wwvn4csi/91ad4ea2-4a16-42ee-aa20-8b968e967ab0.flac?X-Amz-Algorithm=AWS4-HMAC-SHA256&X-Amz-Content-Sha256=UNSIGNED-PAYLOAD&X-Amz-Credential=AKIA45B7YWBX5HAZMGOU%2F20260223%2Feu-west-1%2Fs3%2Faws4_request&X-Amz-Date=20260223T001940Z&X-Amz-Expires=604800&X-Amz-Signature=0b40bb46f64b921c52fd418be2e6be024a9303101f02b4d0a539f0a3a43add31&X-Amz-SignedHeaders=host&response-content-disposition=attachment%3B%20filename%3D91ad4ea2-4a16-42ee-aa20-8b968e967ab0.flac&x-id=GetObject,0.359173894,34115
ConCam-2022-05-10_17-50.WAV,2022 Conaway East,2022,5,10,17,50,Agelaius tricolor,Courtship Song,50.00533295,50.94400024,94,8719,24000,present,https://rfcx-streams-production.s3.eu-west-1.amazonaws.com/2022/05/11/9iy0wwvn4csi/00c840bb-cfcb-412c-a39d-3d2258d17be9.flac?X-Amz-Algorithm=AWS4-HMAC-SHA256&X-Amz-Content-Sha256=UNSIGNED-PAYLOAD&X-Amz-Credential=AKIA45B7YWBX5HAZMGOU%2F20260223%2Feu-west-1%2Fs3%2Faws4_request&X-Amz-Date=20260223T001940Z&X-Amz-Expires=604800&X-Amz-Signature=240f862a1c66127aaa2d5f61ec6415d1314fc940587168b3300649c69c4a5d73&X-Amz-SignedHeaders=host&response-content-disposition=attachment%3B%20filename%3D00c840bb-cfcb-412c-a39d-3d2258d17be9.flac&x-id=GetObject,0.466291398,34115
ConCam-2022-05-10_18-00.WAV,2022 Conaway East,2022,5,10,18,0,Agelaius tricolor,Courtship Song,3.584000111,4.522666454,94,8719,24000,present,https://rfcx-streams-production.s3.eu-west-1.amazonaws.com/2022/05/11/9iy0wwvn4csi/67a097f8-2566-4b49-9d11-a3709a9107b5.flac?X-Amz-Algorithm=AWS4-HMAC-SHA256&X-Amz-Content-Sha256=UNSIGNED-PAYLOAD&X-Amz-Credential=AKIA45B7YWBX5HAZMGOU%2F20260223%2Feu-west-1%2Fs3%2Faws4_request&X-Amz-Date=20260223T001940Z&X-Amz-Expires=604800&X-Amz-Signature=e93cdaed5749d1c8411b6fe8b98eff32eede944f8c25e7be84cf18516781183e&X-Amz-SignedHeaders=host&response-content-disposition=attachment%3B%20filename%3D67a097f8-2566-4b49-9d11-a3709a9107b5.flac&x-id=GetObject,0.553024828,34115
ConCam-2022-05-10_18-20.WAV,2022 Conaway East,2022,5,10,18,20,Agelaius tricolor,Courtship Song,11.56799984,12.50666714,94,8719,24000,present,https://rfcx-streams-production.s3.eu-west-1.amazonaws.com/2022/05/11/9iy0wwvn4csi/2a02c662-9801-4208-88d4-a8db2ebbdd01.flac?X-Amz-Algorithm=AWS4-HMAC-SHA256&X-Amz-Content-Sha256=UNSIGNED-PAYLOAD&X-Amz-Credential=AKIA45B7YWBX5HAZMGOU%2F20260223%2Feu-west-1%2Fs3%2Faws4_request&X-Amz-Date=20260223T001940Z&X-Amz-Expires=604800&X-Amz-Signature=ca5c5cc6f5bca127eba408bf3ae9af775c283d5a05c5e7c692814cac2aa6fe30&X-Amz-SignedHeaders=host&response-content-disposition=attachment%3B%20filename%3D2a02c662-9801-4208-88d4-a8db2ebbdd01.flac&x-id=GetObject,0.397367597,34115
ConCam-2022-05-10_18-30.WAV,2022 Conaway East,2022,5,10,18,30,Agelaius tricolor,Courtship Song,23.22133255,24.15999985,94,8719,24000,present,https://rfcx-streams-production.s3.eu-west-1.amazonaws.com/2022/05/11/9iy0wwvn4csi/07db0a27-740a-4d37-889e-9b41de09261d.flac?X-Amz-Algorithm=AWS4-HMAC-SHA256&X-Amz-Content-Sha256=UNSIGNED-PAYLOAD&X-Amz-Credential=AKIA45B7YWBX5HAZMGOU%2F20260223%2Feu-west-1%2Fs3%2Faws4_request&X-Amz-Date=20260223T001940Z&X-Amz-Expires=604800&X-Amz-Signature=c78e223f3acc3a77838641b8facb3e4debc8ccb1fd0137816fecbcbb36be823b&X-Amz-SignedHeaders=host&response-content-disposition=attachment%3B%20filename%3D07db0a27-740a-4d37-889e-9b41de09261d.flac&x-id=GetObject,0.33439678,34115
ConCam-2022-05-10_18-40.WAV,2022 Conaway East,2022,5,10,18,40,Agelaius tricolor,Courtship Song,44.56533432,45.50400162,94,8719,24000,present,https://rfcx-streams-production.s3.eu-west-1.amazonaws.com/2022/05/11/9iy0wwvn4csi/f0989819-8ec0-4161-bef0-3c4b7b8c081e.flac?X-Amz-Algorithm=AWS4-HMAC-SHA256&X-Amz-Content-Sha256=UNSIGNED-PAYLOAD&X-Amz-Credential=AKIA45B7YWBX5HAZMGOU%2F20260223%2Feu-west-1%2Fs3%2Faws4_request&X-Amz-Date=20260223T001940Z&X-Amz-Expires=604800&X-Amz-Signature=4916dcf4581e1d3a8bc129488552065ad191a5b693936e1bc8e236cc1587cced&X-Amz-SignedHeaders=host&response-content-disposition=attachment%3B%20filename%3Df0989819-8ec0-4161-bef0-3c4b7b8c081e.flac&x-id=GetObject,0.393017858,34115
ConCam-2022-05-10_18-50.WAV,2022 Conaway East,2022,5,10,18,50,Agelaius tricolor,Courtship Song,23.40266609,24.34133339,94,8719,24000,present,https://rfcx-streams-production.s3.eu-west-1.amazonaws.com/2022/05/11/9iy0wwvn4csi/891ff206-f0e2-4f98-9902-a81b66841ca7.flac?X-Amz-Algorithm=AWS4-HMAC-SHA256&X-Amz-Content-Sha256=UNSIGNED-PAYLOAD&X-Amz-Credential=AKIA45B7YWBX5HAZMGOU%2F20260223%2Feu-west-1%2Fs3%2Faws4_request&X-Amz-Date=20260223T001940Z&X-Amz-Expires=604800&X-Amz-Signature=efbe8f2bd617157bbbe6d5451a5914cb4198c0b35ca7ae56e0e169c091dd0749&X-Amz-SignedHeaders=host&response-content-disposition=attachment%3B%20filename%3D891ff206-f0e2-4f98-9902-a81b66841ca7.flac&x-id=GetObject,0.403636396,34115
ConCam-2022-05-10_19-00.WAV,2022 Conaway East,2022,5,10,19,0,Agelaius tricolor,Courtship Song,58.24533463,59.18399811,94,8719,24000,present,https://rfcx-streams-production.s3.eu-west-1.amazonaws.com/2022/05/11/9iy0wwvn4csi/52e5ce0c-13db-4e97-b4d9-95b58f442fcb.flac?X-Amz-Algorithm=AWS4-HMAC-SHA256&X-Amz-Content-Sha256=UNSIGNED-PAYLOAD&X-Amz-Credential=AKIA45B7YWBX5HAZMGOU%2F20260223%2Feu-west-1%2Fs3%2Faws4_request&X-Amz-Date=20260223T001940Z&X-Amz-Expires=604800&X-Amz-Signature=0a3c71aff4f41c1e9ab11665c603387b77dbafbef5d9dc0ba10f6623ed0a2b9f&X-Amz-SignedHeaders=host&response-content-disposition=attachment%3B%20filename%3D52e5ce0c-13db-4e97-b4d9-95b58f442fcb.flac&x-id=GetObject,0.568891823,34115
ConCam-2022-05-10_19-10.WAV,2022 Conaway East,2022,5,10,19,10,Agelaius tricolor,Courtship Song,53.6906662,54.6293335,94,8719,24000,present,https://rfcx-streams-production.s3.eu-west-1.amazonaws.com/2022/05/11/9iy0wwvn4csi/ed6911bf-b0f9-40ae-8892-f1810077a6b4.flac?X-Amz-Algorithm=AWS4-HMAC-SHA256&X-Amz-Content-Sha256=UNSIGNED-PAYLOAD&X-Amz-Credential=AKIA45B7YWBX5HAZMGOU%2F20260223%2Feu-west-1%2Fs3%2Faws4_request&X-Amz-Date=20260223T001940Z&X-Amz-Expires=604800&X-Amz-Signature=21633be7f114fe6e943d1558601faf8307964d85d6a9a02764cad21b238a88a6&X-Amz-SignedHeaders=host&response-content-disposition=attachment%3B%20filename%3Ded6911bf-b0f9-40ae-8892-f1810077a6b4.flac&x-id=GetObject,0.41665104,34115
ConCam-2022-05-10_19-20.WAV,2022 Conaway East,2022,5,10,19,20,Agelaius tricolor,Courtship Song,6.256000042,7.194666862,94,8719,24000,present,https://rfcx-streams-production.s3.eu-west-1.amazonaws.com/2022/05/11/9iy0wwvn4csi/f77751b1-576b-4d54-a8b0-7a7b0e56fb31.flac?X-Amz-Algorithm=AWS4-HMAC-SHA256&X-Amz-Content-Sha256=UNSIGNED-PAYLOAD&X-Amz-Credential=AKIA45B7YWBX5HAZMGOU%2F20260223%2Feu-west-1%2Fs3%2Faws4_request&X-Amz-Date=20260223T001940Z&X-Amz-Expires=604800&X-Amz-Signature=24bd3285d507bdfcbf4ebdf98d072fba811d610de74a7be2ca70bf091cabe67b&X-Amz-SignedHeaders=host&response-content-disposition=attachment%3B%20filename%3Df77751b1-576b-4d54-a8b0-7a7b0e56fb31.flac&x-id=GetObject,0.419920027,34115
ConCam-2022-05-10_19-30.WAV,2022 Conaway East,2022,5,10,19,30,Agelaius tricolor,Courtship Song,48.25066757,49.18933487,94,8719,24000,present,https://rfcx-streams-production.s3.eu-west-1.amazonaws.com/2022/05/11/9iy0wwvn4csi/ffaf163b-fbd4-4211-a890-af9b04d6cf9c.flac?X-Amz-Algorithm=AWS4-HMAC-SHA256&X-Amz-Content-Sha256=UNSIGNED-PAYLOAD&X-Amz-Credential=AKIA45B7YWBX5HAZMGOU%2F20260223%2Feu-west-1%2Fs3%2Faws4_request&X-Amz-Date=20260223T001940Z&X-Amz-Expires=604800&X-Amz-Signature=d834eb5cdc26cdf9b26169e5265b5ca5d1159f22b3ca687e6ad89f5035412e36&X-Amz-SignedHeaders=host&response-content-disposition=attachment%3B%20filename%3Dffaf163b-fbd4-4211-a890-af9b04d6cf9c.flac&x-id=GetObject,0.292734623,34115
ConCam-2022-05-10_19-40.WAV,2022 Conaway East,2022,5,10,19,40,Agelaius tricolor,Courtship Song,33.17333221,34.11199951,94,8719,24000,present,https://rfcx-streams-production.s3.eu-west-1.amazonaws.com/2022/05/11/9iy0wwvn4csi/7b5ddc57-0438-47cc-99fe-aeb1303cf912.flac?X-Amz-Algorithm=AWS4-HMAC-SHA256&X-Amz-Content-Sha256=UNSIGNED-PAYLOAD&X-Amz-Credential=AKIA45B7YWBX5HAZMGOU%2F20260223%2Feu-west-1%2Fs3%2Faws4_request&X-Amz-Date=20260223T001940Z&X-Amz-Expires=604800&X-Amz-Signature=9bde0e4d72f4ea054472610469742896fb106207b8b55d9022ee8e89a87f5cea&X-Amz-SignedHeaders=host&response-content-disposition=attachment%3B%20filename%3D7b5ddc57-0438-47cc-99fe-aeb1303cf912.flac&x-id=GetObject,0.442158371,34115
ConCam-2022-05-10_19-50.WAV,2022 Conaway East,2022,5,10,19,50,Agelaius tricolor,Courtship Song,37.78666687,38.72533417,94,8719,24000,present,https://rfcx-streams-production.s3.eu-west-1.amazonaws.com/2022/05/11/9iy0wwvn4csi/3ea2bad4-c484-4bbc-af67-aa5419200808.flac?X-Amz-Algorithm=AWS4-HMAC-SHA256&X-Amz-Content-Sha256=UNSIGNED-PAYLOAD&X-Amz-Credential=AKIA45B7YWBX5HAZMGOU%2F20260223%2Feu-west-1%2Fs3%2Faws4_request&X-Amz-Date=20260223T001940Z&X-Amz-Expires=604800&X-Amz-Signature=d214e6b4ea69439461cc7a41aefea5bf4fd3055d5c1db05fc77084bb4fd572d5&X-Amz-SignedHeaders=host&response-content-disposition=attachment%3B%20filename%3D3ea2bad4-c484-4bbc-af67-aa5419200808.flac&x-id=GetObject,0.407313854,34115
ConCam-2022-05-10_20-10.WAV,2022 Conaway East,2022,5,10,20,10,Agelaius tricolor,Courtship Song,13.35999966,14.29866695,94,8719,24000,present,https://rfcx-streams-production.s3.eu-west-1.amazonaws.com/2022/05/11/9iy0wwvn4csi/5447a6bc-fe82-4bec-8d9b-bfd6855bd497.flac?X-Amz-Algorithm=AWS4-HMAC-SHA256&X-Amz-Content-Sha256=UNSIGNED-PAYLOAD&X-Amz-Credential=AKIA45B7YWBX5HAZMGOU%2F20260223%2Feu-west-1%2Fs3%2Faws4_request&X-Amz-Date=20260223T001940Z&X-Amz-Expires=604800&X-Amz-Signature=867d9dfe63a4731a18ea03f6089d4eed62f197c0c3749178bdee7705ee7c7893&X-Amz-SignedHeaders=host&response-content-disposition=attachment%3B%20filename%3D5447a6bc-fe82-4bec-8d9b-bfd6855bd497.flac&x-id=GetObject,0.520851493,34115
ConCam-2022-05-11_05-40.WAV,2022 Conaway East,2022,5,11,5,40,Agelaius tricolor,Courtship Song,1.109333277,2.048000097,94,8719,24000,present,https://rfcx-streams-production.s3.eu-west-1.amazonaws.com/2022/05/11/9iy0wwvn4csi/dd89843e-2f60-49f4-9e85-8c9aebba8959.flac?X-Amz-Algorithm=AWS4-HMAC-SHA256&X-Amz-Content-Sha256=UNSIGNED-PAYLOAD&X-Amz-Credential=AKIA45B7YWBX5HAZMGOU%2F20260223%2Feu-west-1%2Fs3%2Faws4_request&X-Amz-Date=20260223T001940Z&X-Amz-Expires=604800&X-Amz-Signature=7913f1250bd0c4fbbd3f2ff7ee59f2a1bf877ba5c8a9cdb1cd774a8a3312c78b&X-Amz-SignedHeaders=host&response-content-disposition=attachment%3B%20filename%3Ddd89843e-2f60-49f4-9e85-8c9aebba8959.flac&x-id=GetObject,0.412326664,34115
ConCam-2022-05-11_05-50.WAV,2022 Conaway East,2022,5,11,5,50,Agelaius tricolor,Courtship Song,17.11466599,18.05333328,94,8719,24000,present,https://rfcx-streams-production.s3.eu-west-1.amazonaws.com/2022/05/11/9iy0wwvn4csi/9f5b5ed4-611f-46fd-9354-a748610ffbc8.flac?X-Amz-Algorithm=AWS4-HMAC-SHA256&X-Amz-Content-Sha256=UNSIGNED-PAYLOAD&X-Amz-Credential=AKIA45B7YWBX5HAZMGOU%2F20260223%2Feu-west-1%2Fs3%2Faws4_request&X-Amz-Date=20260223T001940Z&X-Amz-Expires=604800&X-Amz-Signature=fb323d016c9e02b52e9bb106ca353b0d1060ff84902c192697ce47fa9e26f294&X-Amz-SignedHeaders=host&response-content-disposition=attachment%3B%20filename%3D9f5b5ed4-611f-46fd-9354-a748610ffbc8.flac&x-id=GetObject,0.468072236,34115
ConCam-2022-05-11_06-10.WAV,2022 Conaway East,2022,5,11,6,10,Agelaius tricolor,Courtship Song,48.20266724,49.14133453,94,8719,24000,present,https://rfcx-streams-production.s3.eu-west-1.amazonaws.com/2022/05/11/9iy0wwvn4csi/94e77868-a28a-4a5d-9bb6-efb52eb31778.flac?X-Amz-Algorithm=AWS4-HMAC-SHA256&X-Amz-Content-Sha256=UNSIGNED-PAYLOAD&X-Amz-Credential=AKIA45B7YWBX5HAZMGOU%2F20260223%2Feu-west-1%2Fs3%2Faws4_request&X-Amz-Date=20260223T001940Z&X-Amz-Expires=604800&X-Amz-Signature=7d2731507016f2f9f32e75c149bfd66f9f6d2bbcd3fcdfa16af993471a324c82&X-Amz-SignedHeaders=host&response-content-disposition=attachment%3B%20filename%3D94e77868-a28a-4a5d-9bb6-efb52eb31778.flac&x-id=GetObject,0.531696796,34115
ConCam-2022-05-11_06-20.WAV,2022 Conaway East,2022,5,11,6,20,Agelaius tricolor,Courtship Song,10.52266693,11.46133327,94,8719,24000,present,https://rfcx-streams-production.s3.eu-west-1.amazonaws.com/2022/05/11/9iy0wwvn4csi/30264bf5-fc47-43a9-b3a6-8725dc1dd628.flac?X-Amz-Algorithm=AWS4-HMAC-SHA256&X-Amz-Content-Sha256=UNSIGNED-PAYLOAD&X-Amz-Credential=AKIA45B7YWBX5HAZMGOU%2F20260223%2Feu-west-1%2Fs3%2Faws4_request&X-Amz-Date=20260223T001940Z&X-Amz-Expires=604800&X-Amz-Signature=de5bdf19effc8aeb6cb255c847f27765a0af21d39a40d1259879f0f706f29450&X-Amz-SignedHeaders=host&response-content-disposition=attachment%3B%20filename%3D30264bf5-fc47-43a9-b3a6-8725dc1dd628.flac&x-id=GetObject,0.469719827,34115
ConCam-2022-05-11_06-40.WAV,2022 Conaway East,2022,5,11,6,40,Agelaius tricolor,Courtship Song,44.46933365,45.40800095,94,8719,24000,present,https://rfcx-streams-production.s3.eu-west-1.amazonaws.com/2022/05/11/9iy0wwvn4csi/47ddab37-b845-40cd-9bc4-4c7faebc830d.flac?X-Amz-Algorithm=AWS4-HMAC-SHA256&X-Amz-Content-Sha256=UNSIGNED-PAYLOAD&X-Amz-Credential=AKIA45B7YWBX5HAZMGOU%2F20260223%2Feu-west-1%2Fs3%2Faws4_request&X-Amz-Date=20260223T001940Z&X-Amz-Expires=604800&X-Amz-Signature=2bd145224b53fc159ad57eca014b2e4feacb77772526bedfe1f74a1b5572f9ac&X-Amz-SignedHeaders=host&response-content-disposition=attachment%3B%20filename%3D47ddab37-b845-40cd-9bc4-4c7faebc830d.flac&x-id=GetObject,0.521670341,34115
ConCam-2022-05-11_07-00.WAV,2022 Conaway East,2022,5,11,7,0,Agelaius tricolor,Courtship Song,20.84799957,21.78666687,94,8719,24000,present,https://rfcx-streams-production.s3.eu-west-1.amazonaws.com/2022/05/11/9iy0wwvn4csi/64e04c5e-f57b-4608-a227-8ad95d12af20.flac?X-Amz-Algorithm=AWS4-HMAC-SHA256&X-Amz-Content-Sha256=UNSIGNED-PAYLOAD&X-Amz-Credential=AKIA45B7YWBX5HAZMGOU%2F20260223%2Feu-west-1%2Fs3%2Faws4_request&X-Amz-Date=20260223T001940Z&X-Amz-Expires=604800&X-Amz-Signature=18507b298494092e04e8f7afd07cfbf155cde12b30dcec2e0b6c54642ea97068&X-Amz-SignedHeaders=host&response-content-disposition=attachment%3B%20filename%3D64e04c5e-f57b-4608-a227-8ad95d12af20.flac&x-id=GetObject,0.464212269,34115
ConCam-2022-05-11_07-20.WAV,2022 Conaway East,2022,5,11,7,20,Agelaius tricolor,Courtship Song,6.21333313,7.15199995,94,8719,24000,present,https://rfcx-streams-production.s3.eu-west-1.amazonaws.com/2022/05/11/9iy0wwvn4csi/f201ee43-3367-4e82-bf8f-99f78f90d6db.flac?X-Amz-Algorithm=AWS4-HMAC-SHA256&X-Amz-Content-Sha256=UNSIGNED-PAYLOAD&X-Amz-Credential=AKIA45B7YWBX5HAZMGOU%2F20260223%2Feu-west-1%2Fs3%2Faws4_request&X-Amz-Date=20260223T001940Z&X-Amz-Expires=604800&X-Amz-Signature=e8bfaf928cc1cb192b916c2b48e1aadb4bb7eedaf4b346d391e05146a96eb65c&X-Amz-SignedHeaders=host&response-content-disposition=attachment%3B%20filename%3Df201ee43-3367-4e82-bf8f-99f78f90d6db.flac&x-id=GetObject,0.347955644,34115
ConCam-2022-05-11_07-30.WAV,2022 Conaway East,2022,5,11,7,30,Agelaius tricolor,Courtship Song,27.05599976,27.99466705,94,8719,24000,present,https://rfcx-streams-production.s3.eu-west-1.amazonaws.com/2022/05/11/9iy0wwvn4csi/2b407112-06a5-4e66-825e-1503fb77a469.flac?X-Amz-Algorithm=AWS4-HMAC-SHA256&X-Amz-Content-Sha256=UNSIGNED-PAYLOAD&X-Amz-Credential=AKIA45B7YWBX5HAZMGOU%2F20260223%2Feu-west-1%2Fs3%2Faws4_request&X-Amz-Date=20260223T001940Z&X-Amz-Expires=604800&X-Amz-Signature=17a73e79c173133c5eb9362a839072721072692b6e62986bdc3ae5af2c8a7b62&X-Amz-SignedHeaders=host&response-content-disposition=attachment%3B%20filename%3D2b407112-06a5-4e66-825e-1503fb77a469.flac&x-id=GetObject,0.326592714,34115
ConCam-2022-05-11_08-00.WAV,2022 Conaway East,2022,5,11,8,0,Agelaius tricolor,Courtship Song,1.770666718,2.70933342,94,8719,24000,present,https://rfcx-streams-production.s3.eu-west-1.amazonaws.com/2022/05/11/9iy0wwvn4csi/da68cec5-0886-423b-9b22-00fcf5c0e0ff.flac?X-Amz-Algorithm=AWS4-HMAC-SHA256&X-Amz-Content-Sha256=UNSIGNED-PAYLOAD&X-Amz-Credential=AKIA45B7YWBX5HAZMGOU%2F20260223%2Feu-west-1%2Fs3%2Faws4_request&X-Amz-Date=20260223T001940Z&X-Amz-Expires=604800&X-Amz-Signature=19ef08322b6186f46eb5c25d44a15ac797e9d2d3889c616cc409aaedcdd38481&X-Amz-SignedHeaders=host&response-content-disposition=attachment%3B%20filename%3Dda68cec5-0886-423b-9b22-00fcf5c0e0ff.flac&x-id=GetObject,0.333205283,34115
ConCam-2022-05-11_08-10.WAV,2022 Conaway East,2022,5,11,8,10,Agelaius tricolor,Courtship Song,18.18666649,19.12533379,94,8719,24000,present,https://rfcx-streams-production.s3.eu-west-1.amazonaws.com/2022/05/11/9iy0wwvn4csi/244f301d-3b56-46e1-a410-357c76a62741.flac?X-Amz-Algorithm=AWS4-HMAC-SHA256&X-Amz-Content-Sha256=UNSIGNED-PAYLOAD&X-Amz-Credential=AKIA45B7YWBX5HAZMGOU%2F20260223%2Feu-west-1%2Fs3%2Faws4_request&X-Amz-Date=20260223T001940Z&X-Amz-Expires=604800&X-Amz-Signature=40f96e87ff1cb7438042fd9f21a11bf5e8fe41b8d2697d0d4f723fa2d8479223&X-Amz-SignedHeaders=host&response-content-disposition=attachment%3B%20filename%3D244f301d-3b56-46e1-a410-357c76a62741.flac&x-id=GetObject,0.345080912,34115
ConCam-2022-05-11_08-30.WAV,2022 Conaway East,2022,5,11,8,30,Agelaius tricolor,Courtship Song,39.85066605,40.78933334,94,8719,24000,present,https://rfcx-streams-production.s3.eu-west-1.amazonaws.com/2022/05/11/9iy0wwvn4csi/70c199ac-69fc-4f02-864d-76a406c5235c.flac?X-Amz-Algorithm=AWS4-HMAC-SHA256&X-Amz-Content-Sha256=UNSIGNED-PAYLOAD&X-Amz-Credential=AKIA45B7YWBX5HAZMGOU%2F20260223%2Feu-west-1%2Fs3%2Faws4_request&X-Amz-Date=20260223T001940Z&X-Amz-Expires=604800&X-Amz-Signature=7e14ce0f3e78ed77741598b7e29ce86ce76505d4469b731c144631cfdf653fdb&X-Amz-SignedHeaders=host&response-content-disposition=attachment%3B%20filename%3D70c199ac-69fc-4f02-864d-76a406c5235c.flac&x-id=GetObject,0.466002166,34115
ConCam-2022-05-11_08-40.WAV,2022 Conaway East,2022,5,11,8,40,Agelaius tricolor,Courtship Song,10.75199986,11.6906662,94,8719,24000,present,https://rfcx-streams-production.s3.eu-west-1.amazonaws.com/2022/05/11/9iy0wwvn4csi/306eadaf-0cb8-4c55-b745-52fb9cf13ef1.flac?X-Amz-Algorithm=AWS4-HMAC-SHA256&X-Amz-Content-Sha256=UNSIGNED-PAYLOAD&X-Amz-Credential=AKIA45B7YWBX5HAZMGOU%2F20260223%2Feu-west-1%2Fs3%2Faws4_request&X-Amz-Date=20260223T001940Z&X-Amz-Expires=604800&X-Amz-Signature=f6a9f94fba1ca2650feb32b64baaf8efd2c5df871113469d6374c8240d0cd463&X-Amz-SignedHeaders=host&response-content-disposition=attachment%3B%20filename%3D306eadaf-0cb8-4c55-b745-52fb9cf13ef1.flac&x-id=GetObject,0.465542972,34115
ConCam-2022-05-11_09-10.WAV,2022 Conaway East,2022,5,11,9,10,Agelaius tricolor,Courtship Song,59.00266647,59.94133377,94,8719,24000,present,https://rfcx-streams-production.s3.eu-west-1.amazonaws.com/2022/05/11/9iy0wwvn4csi/a7839173-c406-4471-9253-3e39946d4a88.flac?X-Amz-Algorithm=AWS4-HMAC-SHA256&X-Amz-Content-Sha256=UNSIGNED-PAYLOAD&X-Amz-Credential=AKIA45B7YWBX5HAZMGOU%2F20260223%2Feu-west-1%2Fs3%2Faws4_request&X-Amz-Date=20260223T001940Z&X-Amz-Expires=604800&X-Amz-Signature=4e58bd862400ecd4373a42c5b98e85733269f5764002c971358c1d2104046213&X-Amz-SignedHeaders=host&response-content-disposition=attachment%3B%20filename%3Da7839173-c406-4471-9253-3e39946d4a88.flac&x-id=GetObject,0.314998865,34115
ConCam-2022-05-11_09-50.WAV,2022 Conaway East,2022,5,11,9,50,Agelaius tricolor,Courtship Song,3.541333437,4.480000019,94,8719,24000,present,https://rfcx-streams-production.s3.eu-west-1.amazonaws.com/2022/05/11/9iy0wwvn4csi/1f55f907-73ce-4cc0-8824-b4bd8c642a73.flac?X-Amz-Algorithm=AWS4-HMAC-SHA256&X-Amz-Content-Sha256=UNSIGNED-PAYLOAD&X-Amz-Credential=AKIA45B7YWBX5HAZMGOU%2F20260223%2Feu-west-1%2Fs3%2Faws4_request&X-Amz-Date=20260223T001940Z&X-Amz-Expires=604800&X-Amz-Signature=a233fdf7361411d69d64e6e458746b12649fc21b809b50cb89fa1254be1b4bcd&X-Amz-SignedHeaders=host&response-content-disposition=attachment%3B%20filename%3D1f55f907-73ce-4cc0-8824-b4bd8c642a73.flac&x-id=GetObject,0.28094995,34115
ConCam-2022-05-11_10-00.WAV,2022 Conaway East,2022,5,11,10,0,Agelaius tricolor,Courtship Song,4.394666672,5.333333492,94,8719,24000,present,https://rfcx-streams-production.s3.eu-west-1.amazonaws.com/2022/05/11/9iy0wwvn4csi/238cdaf0-0489-429d-8bbd-b4974661e1bc.flac?X-Amz-Algorithm=AWS4-HMAC-SHA256&X-Amz-Content-Sha256=UNSIGNED-PAYLOAD&X-Amz-Credential=AKIA45B7YWBX5HAZMGOU%2F20260223%2Feu-west-1%2Fs3%2Faws4_request&X-Amz-Date=20260223T001940Z&X-Amz-Expires=604800&X-Amz-Signature=1997eb6cfca0988bedfa225ec0e802f30d9ddd6124526d24d7576c7c5e5814ee&X-Amz-SignedHeaders=host&response-content-disposition=attachment%3B%20filename%3D238cdaf0-0489-429d-8bbd-b4974661e1bc.flac&x-id=GetObject,0.423124731,34115
ConCam-2022-05-11_10-10.WAV,2022 Conaway East,2022,5,11,10,10,Agelaius tricolor,Courtship Song,55.87200165,56.81066513,94,8719,24000,present,https://rfcx-streams-production.s3.eu-west-1.amazonaws.com/2022/05/11/9iy0wwvn4csi/7fae3461-6249-44b9-977f-f89951d22c6b.flac?X-Amz-Algorithm=AWS4-HMAC-SHA256&X-Amz-Content-Sha256=UNSIGNED-PAYLOAD&X-Amz-Credential=AKIA45B7YWBX5HAZMGOU%2F20260223%2Feu-west-1%2Fs3%2Faws4_request&X-Amz-Date=20260223T001940Z&X-Amz-Expires=604800&X-Amz-Signature=23e48ce31b7525153ae0c81c0cb70550d217c803d500f5d24eff07c17080618f&X-Amz-SignedHeaders=host&response-content-disposition=attachment%3B%20filename%3D7fae3461-6249-44b9-977f-f89951d22c6b.flac&x-id=GetObject,0.391331255,34115
ConCam-2022-05-11_10-30.WAV,2022 Conaway East,2022,5,11,10,30,Agelaius tricolor,Courtship Song,38.35200119,39.29066849,94,8719,24000,present,https://rfcx-streams-production.s3.eu-west-1.amazonaws.com/2022/05/11/9iy0wwvn4csi/0f32429d-c8c7-4194-bf87-ae00720d1b0d.flac?X-Amz-Algorithm=AWS4-HMAC-SHA256&X-Amz-Content-Sha256=UNSIGNED-PAYLOAD&X-Amz-Credential=AKIA45B7YWBX5HAZMGOU%2F20260223%2Feu-west-1%2Fs3%2Faws4_request&X-Amz-Date=20260223T001940Z&X-Amz-Expires=604800&X-Amz-Signature=ec09b88cc1af41c0c29ac14c14f6829259caefe374e6a1e237905d982daff92f&X-Amz-SignedHeaders=host&response-content-disposition=attachment%3B%20filename%3D0f32429d-c8c7-4194-bf87-ae00720d1b0d.flac&x-id=GetObject,0.348597616,34115
ConCam-2022-05-11_10-40.WAV,2022 Conaway East,2022,5,11,10,40,Agelaius tricolor,Courtship Song,12.6293335,13.56799984,94,8719,24000,present,https://rfcx-streams-production.s3.eu-west-1.amazonaws.com/2022/05/11/9iy0wwvn4csi/b24a1814-1213-4bef-a429-788c7097677c.flac?X-Amz-Algorithm=AWS4-HMAC-SHA256&X-Amz-Content-Sha256=UNSIGNED-PAYLOAD&X-Amz-Credential=AKIA45B7YWBX5HAZMGOU%2F20260223%2Feu-west-1%2Fs3%2Faws4_request&X-Amz-Date=20260223T001940Z&X-Amz-Expires=604800&X-Amz-Signature=263849532a22ce2f20f0562b3da30db62c548d83ed23f4721de454f85f006026&X-Amz-SignedHeaders=host&response-content-disposition=attachment%3B%20filename%3Db24a1814-1213-4bef-a429-788c7097677c.flac&x-id=GetObject,0.255198419,34115
ConCam-2022-05-11_10-50.WAV,2022 Conaway East,2022,5,11,10,50,Agelaius tricolor,Courtship Song,2.13866663,3.07733345,94,8719,24000,present,https://rfcx-streams-production.s3.eu-west-1.amazonaws.com/2022/05/11/9iy0wwvn4csi/0a55e3dc-b9d0-4060-80ae-9fe2937db623.flac?X-Amz-Algorithm=AWS4-HMAC-SHA256&X-Amz-Content-Sha256=UNSIGNED-PAYLOAD&X-Amz-Credential=AKIA45B7YWBX5HAZMGOU%2F20260223%2Feu-west-1%2Fs3%2Faws4_request&X-Amz-Date=20260223T001940Z&X-Amz-Expires=604800&X-Amz-Signature=e23b2172839044ee06a5afa6672f7f23f894b6ea73e8b2c486f1e67d99e6d285&X-Amz-SignedHeaders=host&response-content-disposition=attachment%3B%20filename%3D0a55e3dc-b9d0-4060-80ae-9fe2937db623.flac&x-id=GetObject,0.459271193,34115
ConCam-2022-05-11_11-20.WAV,2022 Conaway East,2022,5,11,11,20,Agelaius tricolor,Courtship Song,39.9679985,40.9066658,94,8719,24000,present,https://rfcx-streams-production.s3.eu-west-1.amazonaws.com/2022/05/11/9iy0wwvn4csi/a330725c-90a8-435e-b39f-c59bcee93ba4.flac?X-Amz-Algorithm=AWS4-HMAC-SHA256&X-Amz-Content-Sha256=UNSIGNED-PAYLOAD&X-Amz-Credential=AKIA45B7YWBX5HAZMGOU%2F20260223%2Feu-west-1%2Fs3%2Faws4_request&X-Amz-Date=20260223T001940Z&X-Amz-Expires=604800&X-Amz-Signature=73a01b58848801b3abe9931f21487d6aef77ec1b40c01472bba7998902bd18d1&X-Amz-SignedHeaders=host&response-content-disposition=attachment%3B%20filename%3Da330725c-90a8-435e-b39f-c59bcee93ba4.flac&x-id=GetObject,0.307478756,34115
ConCam-2022-05-11_11-30.WAV,2022 Conaway East,2022,5,11,11,30,Agelaius tricolor,Courtship Song,30.44799995,31.38666725,94,8719,24000,present,https://rfcx-streams-production.s3.eu-west-1.amazonaws.com/2022/05/11/9iy0wwvn4csi/31309c30-780d-4db8-9e74-ec52cf56cc1c.flac?X-Amz-Algorithm=AWS4-HMAC-SHA256&X-Amz-Content-Sha256=UNSIGNED-PAYLOAD&X-Amz-Credential=AKIA45B7YWBX5HAZMGOU%2F20260223%2Feu-west-1%2Fs3%2Faws4_request&X-Amz-Date=20260223T001940Z&X-Amz-Expires=604800&X-Amz-Signature=62c692066eef2b5b6cb41e95b9dd504a91fed676d4ad3f174eae4e140f7c0a91&X-Amz-SignedHeaders=host&response-content-disposition=attachment%3B%20filename%3D31309c30-780d-4db8-9e74-ec52cf56cc1c.flac&x-id=GetObject,0.300535172,34115
ConCam-2022-05-11_11-50.WAV,2022 Conaway East,2022,5,11,11,50,Agelaius tricolor,Courtship Song,31.59466743,32.53333282,94,8719,24000,present,https://rfcx-streams-production.s3.eu-west-1.amazonaws.com/2022/05/11/9iy0wwvn4csi/90bfdfd3-b646-4f77-afa4-9db0608e6af0.flac?X-Amz-Algorithm=AWS4-HMAC-SHA256&X-Amz-Content-Sha256=UNSIGNED-PAYLOAD&X-Amz-Credential=AKIA45B7YWBX5HAZMGOU%2F20260223%2Feu-west-1%2Fs3%2Faws4_request&X-Amz-Date=20260223T001940Z&X-Amz-Expires=604800&X-Amz-Signature=0425a7689dea61abd2fc9d2acd00e700cb9c9fd7b60ea5d323768678b11051c1&X-Amz-SignedHeaders=host&response-content-disposition=attachment%3B%20filename%3D90bfdfd3-b646-4f77-afa4-9db0608e6af0.flac&x-id=GetObject,0.29057008,34115
ConCam-2022-05-11_12-30.WAV,2022 Conaway East,2022,5,11,12,30,Agelaius tricolor,Courtship Song,24.9386673,25.87733269,94,8719,24000,present,https://rfcx-streams-production.s3.eu-west-1.amazonaws.com/2022/05/11/9iy0wwvn4csi/3a4a17da-6e78-47e8-be37-5d0837d9e11a.flac?X-Amz-Algorithm=AWS4-HMAC-SHA256&X-Amz-Content-Sha256=UNSIGNED-PAYLOAD&X-Amz-Credential=AKIA45B7YWBX5HAZMGOU%2F20260223%2Feu-west-1%2Fs3%2Faws4_request&X-Amz-Date=20260223T001940Z&X-Amz-Expires=604800&X-Amz-Signature=40ab1e61ce4b4a991f12e913dc8880d4ec0025ec59fe64ccb2de873c27ec1b9d&X-Amz-SignedHeaders=host&response-content-disposition=attachment%3B%20filename%3D3a4a17da-6e78-47e8-be37-5d0837d9e11a.flac&x-id=GetObject,0.362413526,34115
ConCam-2022-05-11_13-10.WAV,2022 Conaway East,2022,5,11,13,10,Agelaius tricolor,Courtship Song,45.05599976,45.99466705,94,8719,24000,present,https://rfcx-streams-production.s3.eu-west-1.amazonaws.com/2022/05/11/9iy0wwvn4csi/c9670f22-f141-4715-a5ee-7654e2822a26.flac?X-Amz-Algorithm=AWS4-HMAC-SHA256&X-Amz-Content-Sha256=UNSIGNED-PAYLOAD&X-Amz-Credential=AKIA45B7YWBX5HAZMGOU%2F20260223%2Feu-west-1%2Fs3%2Faws4_request&X-Amz-Date=20260223T001940Z&X-Amz-Expires=604800&X-Amz-Signature=e21769c55e9e6ecdfaa2f266645fe09510d07dbc1bbf295daf0817de2ef02af5&X-Amz-SignedHeaders=host&response-content-disposition=attachment%3B%20filename%3Dc9670f22-f141-4715-a5ee-7654e2822a26.flac&x-id=GetObject,0.327877223,34115
ConCam-2022-05-11_13-30.WAV,2022 Conaway East,2022,5,11,13,30,Agelaius tricolor,Courtship Song,43.37599945,44.31466675,94,8719,24000,present,https://rfcx-streams-production.s3.eu-west-1.amazonaws.com/2022/05/11/9iy0wwvn4csi/02610e8d-b755-41b3-a656-6a28bccf8851.flac?X-Amz-Algorithm=AWS4-HMAC-SHA256&X-Amz-Content-Sha256=UNSIGNED-PAYLOAD&X-Amz-Credential=AKIA45B7YWBX5HAZMGOU%2F20260223%2Feu-west-1%2Fs3%2Faws4_request&X-Amz-Date=20260223T001940Z&X-Amz-Expires=604800&X-Amz-Signature=4bc0c114ce3adf8d58f14c45141927385a4ae1a0a68d47128e08701ddca4b171&X-Amz-SignedHeaders=host&response-content-disposition=attachment%3B%20filename%3D02610e8d-b755-41b3-a656-6a28bccf8851.flac&x-id=GetObject,0.330800205,34115
ConCam-2022-05-11_13-40.WAV,2022 Conaway East,2022,5,11,13,40,Agelaius tricolor,Courtship Song,20.57066727,21.50933266,94,8719,24000,present,https://rfcx-streams-production.s3.eu-west-1.amazonaws.com/2022/05/11/9iy0wwvn4csi/a7391388-6431-4200-8c24-1bd2ccbbdb8a.flac?X-Amz-Algorithm=AWS4-HMAC-SHA256&X-Amz-Content-Sha256=UNSIGNED-PAYLOAD&X-Amz-Credential=AKIA45B7YWBX5HAZMGOU%2F20260223%2Feu-west-1%2Fs3%2Faws4_request&X-Amz-Date=20260223T001940Z&X-Amz-Expires=604800&X-Amz-Signature=5a2d6acad48c7c0df993a194cb5bf8d856a2ea36d5746ed5ac71d56e10befd9c&X-Amz-SignedHeaders=host&response-content-disposition=attachment%3B%20filename%3Da7391388-6431-4200-8c24-1bd2ccbbdb8a.flac&x-id=GetObject,0.27556169,34115
ConCam-2022-05-11_14-00.WAV,2022 Conaway East,2022,5,11,14,0,Agelaius tricolor,Courtship Song,7.903999805,8.842666626,94,8719,24000,present,https://rfcx-streams-production.s3.eu-west-1.amazonaws.com/2022/05/11/9iy0wwvn4csi/86658896-2b7f-4b49-a2d6-e48f0a9d5e60.flac?X-Amz-Algorithm=AWS4-HMAC-SHA256&X-Amz-Content-Sha256=UNSIGNED-PAYLOAD&X-Amz-Credential=AKIA45B7YWBX5HAZMGOU%2F20260223%2Feu-west-1%2Fs3%2Faws4_request&X-Amz-Date=20260223T001940Z&X-Amz-Expires=604800&X-Amz-Signature=39d57304ed11b7cd04fdabffa52035cac03a69e966ce70335a788b5c0ca8f50d&X-Amz-SignedHeaders=host&response-content-disposition=attachment%3B%20filename%3D86658896-2b7f-4b49-a2d6-e48f0a9d5e60.flac&x-id=GetObject,0.401244521,34115
ConCam-2022-05-11_15-30.WAV,2022 Conaway East,2022,5,11,15,30,Agelaius tricolor,Courtship Song,44.53333282,45.47200012,94,8719,24000,present,https://rfcx-streams-production.s3.eu-west-1.amazonaws.com/2022/05/11/9iy0wwvn4csi/eb1e3f63-97dd-43cb-9ee3-924749819db9.flac?X-Amz-Algorithm=AWS4-HMAC-SHA256&X-Amz-Content-Sha256=UNSIGNED-PAYLOAD&X-Amz-Credential=AKIA45B7YWBX5HAZMGOU%2F20260223%2Feu-west-1%2Fs3%2Faws4_request&X-Amz-Date=20260223T001940Z&X-Amz-Expires=604800&X-Amz-Signature=b8a5bfcc20e5e9514e1cca7d79e4c3680014eb2e45f7e3fcb941bc3ac7ff6bd5&X-Amz-SignedHeaders=host&response-content-disposition=attachment%3B%20filename%3Deb1e3f63-97dd-43cb-9ee3-924749819db9.flac&x-id=GetObject,0.335395634,34115
ConCam-2022-05-11_15-40.WAV,2022 Conaway East,2022,5,11,15,40,Agelaius tricolor,Courtship Song,37.25866699,38.19733429,94,8719,24000,present,https://rfcx-streams-production.s3.eu-west-1.amazonaws.com/2022/05/11/9iy0wwvn4csi/9b24f128-9188-45a8-9ca9-a224bfc05477.flac?X-Amz-Algorithm=AWS4-HMAC-SHA256&X-Amz-Content-Sha256=UNSIGNED-PAYLOAD&X-Amz-Credential=AKIA45B7YWBX5HAZMGOU%2F20260223%2Feu-west-1%2Fs3%2Faws4_request&X-Amz-Date=20260223T001940Z&X-Amz-Expires=604800&X-Amz-Signature=d6b31f59ea895cebf7a7fa5ccf4de4888cba6edf0bf8800b5594445502a9c94c&X-Amz-SignedHeaders=host&response-content-disposition=attachment%3B%20filename%3D9b24f128-9188-45a8-9ca9-a224bfc05477.flac&x-id=GetObject,0.319506794,34115
ConCam-2022-05-11_16-50.WAV,2022 Conaway East,2022,5,11,16,50,Agelaius tricolor,Courtship Song,50.57066727,51.50933456,94,8719,24000,present,https://rfcx-streams-production.s3.eu-west-1.amazonaws.com/2022/05/11/9iy0wwvn4csi/3f3cdda6-10b7-409d-a847-edd5318cad15.flac?X-Amz-Algorithm=AWS4-HMAC-SHA256&X-Amz-Content-Sha256=UNSIGNED-PAYLOAD&X-Amz-Credential=AKIA45B7YWBX5HAZMGOU%2F20260223%2Feu-west-1%2Fs3%2Faws4_request&X-Amz-Date=20260223T001940Z&X-Amz-Expires=604800&X-Amz-Signature=c90a6c0b4adc4476aeee3e58e4d5d07cf561980637567f3dbc1110b7e3cc222c&X-Amz-SignedHeaders=host&response-content-disposition=attachment%3B%20filename%3D3f3cdda6-10b7-409d-a847-edd5318cad15.flac&x-id=GetObject,0.51045835,34115
ConCam-2022-05-11_17-00.WAV,2022 Conaway East,2022,5,11,17,0,Agelaius tricolor,Courtship Song,48.66666794,49.60533524,94,8719,24000,present,https://rfcx-streams-production.s3.eu-west-1.amazonaws.com/2022/05/12/9iy0wwvn4csi/787762c4-7dd2-4cf9-9bf2-c6219a7e4dcf.flac?X-Amz-Algorithm=AWS4-HMAC-SHA256&X-Amz-Content-Sha256=UNSIGNED-PAYLOAD&X-Amz-Credential=AKIA45B7YWBX5HAZMGOU%2F20260223%2Feu-west-1%2Fs3%2Faws4_request&X-Amz-Date=20260223T001940Z&X-Amz-Expires=604800&X-Amz-Signature=db9c6bebbfbf0eb3b54fb9006d89c7d2d51a11abb6caf25b4f3500ad8fdfd513&X-Amz-SignedHeaders=host&response-content-disposition=attachment%3B%20filename%3D787762c4-7dd2-4cf9-9bf2-c6219a7e4dcf.flac&x-id=GetObject,0.446942896,34115
ConCam-2022-05-11_17-50.WAV,2022 Conaway East,2022,5,11,17,50,Agelaius tricolor,Courtship Song,53.18933487,54.12799835,94,8719,24000,present,https://rfcx-streams-production.s3.eu-west-1.amazonaws.com/2022/05/12/9iy0wwvn4csi/bdb28e98-59a1-4148-a9aa-b5879e67e2dd.flac?X-Amz-Algorithm=AWS4-HMAC-SHA256&X-Amz-Content-Sha256=UNSIGNED-PAYLOAD&X-Amz-Credential=AKIA45B7YWBX5HAZMGOU%2F20260223%2Feu-west-1%2Fs3%2Faws4_request&X-Amz-Date=20260223T001940Z&X-Amz-Expires=604800&X-Amz-Signature=ecc23ed25f060dc825569eeb02fa7c143f5e6ea7cfa4f1980ddaaeec5316f6c0&X-Amz-SignedHeaders=host&response-content-disposition=attachment%3B%20filename%3Dbdb28e98-59a1-4148-a9aa-b5879e67e2dd.flac&x-id=GetObject,0.300546557,34115
ConCam-2022-05-11_18-00.WAV,2022 Conaway East,2022,5,11,18,0,Agelaius tricolor,Courtship Song,33.58933258,34.52799988,94,8719,24000,present,https://rfcx-streams-production.s3.eu-west-1.amazonaws.com/2022/05/12/9iy0wwvn4csi/d233257a-1b1a-46a5-8119-6027b69c77f8.flac?X-Amz-Algorithm=AWS4-HMAC-SHA256&X-Amz-Content-Sha256=UNSIGNED-PAYLOAD&X-Amz-Credential=AKIA45B7YWBX5HAZMGOU%2F20260223%2Feu-west-1%2Fs3%2Faws4_request&X-Amz-Date=20260223T001940Z&X-Amz-Expires=604800&X-Amz-Signature=42d2e548497509d64029dde1846b13c94bba0b5b72e4bc5dbfba8b6a2207e384&X-Amz-SignedHeaders=host&response-content-disposition=attachment%3B%20filename%3Dd233257a-1b1a-46a5-8119-6027b69c77f8.flac&x-id=GetObject,0.369388461,34115
ConCam-2022-05-11_18-10.WAV,2022 Conaway East,2022,5,11,18,10,Agelaius tricolor,Courtship Song,31.60000038,32.53866577,94,8719,24000,present,https://rfcx-streams-production.s3.eu-west-1.amazonaws.com/2022/05/12/9iy0wwvn4csi/3c2a3eaf-fcf7-45a8-8a4a-3dd46c4946d6.flac?X-Amz-Algorithm=AWS4-HMAC-SHA256&X-Amz-Content-Sha256=UNSIGNED-PAYLOAD&X-Amz-Credential=AKIA45B7YWBX5HAZMGOU%2F20260223%2Feu-west-1%2Fs3%2Faws4_request&X-Amz-Date=20260223T001940Z&X-Amz-Expires=604800&X-Amz-Signature=93afa93c0f1b55392f2097662ca1212e68a80f1c0ec8aa4e1d70df800ee90306&X-Amz-SignedHeaders=host&response-content-disposition=attachment%3B%20filename%3D3c2a3eaf-fcf7-45a8-8a4a-3dd46c4946d6.flac&x-id=GetObject,0.56827265,34115
ConCam-2022-05-11_18-40.WAV,2022 Conaway East,2022,5,11,18,40,Agelaius tricolor,Courtship Song,44.52266693,45.46133423,94,8719,24000,present,https://rfcx-streams-production.s3.eu-west-1.amazonaws.com/2022/05/12/9iy0wwvn4csi/2af913a5-dd97-44d9-8232-6ad21193eb52.flac?X-Amz-Algorithm=AWS4-HMAC-SHA256&X-Amz-Content-Sha256=UNSIGNED-PAYLOAD&X-Amz-Credential=AKIA45B7YWBX5HAZMGOU%2F20260223%2Feu-west-1%2Fs3%2Faws4_request&X-Amz-Date=20260223T001940Z&X-Amz-Expires=604800&X-Amz-Signature=1c87ccbe62c6046dcd8a325885ee322d4277cc06bd0e52e9eff8cc5ba03e8652&X-Amz-SignedHeaders=host&response-content-disposition=attachment%3B%20filename%3D2af913a5-dd97-44d9-8232-6ad21193eb52.flac&x-id=GetObject,0.317866385,34115
ConCam-2022-05-11_19-00.WAV,2022 Conaway East,2022,5,11,19,0,Agelaius tricolor,Courtship Song,17.63733292,18.57600021,94,8719,24000,present,https://rfcx-streams-production.s3.eu-west-1.amazonaws.com/2022/05/12/9iy0wwvn4csi/70c4e1f3-1053-4737-bb80-45ec6eb383ef.flac?X-Amz-Algorithm=AWS4-HMAC-SHA256&X-Amz-Content-Sha256=UNSIGNED-PAYLOAD&X-Amz-Credential=AKIA45B7YWBX5HAZMGOU%2F20260223%2Feu-west-1%2Fs3%2Faws4_request&X-Amz-Date=20260223T001940Z&X-Amz-Expires=604800&X-Amz-Signature=e1828c67cfb0302a83cf04bd50eeab6d0563acd2bf14fc449ec70fe77303d303&X-Amz-SignedHeaders=host&response-content-disposition=attachment%3B%20filename%3D70c4e1f3-1053-4737-bb80-45ec6eb383ef.flac&x-id=GetObject,0.215581864,34115
ConCam-2022-05-11_19-10.WAV,2022 Conaway East,2022,5,11,19,10,Agelaius tricolor,Courtship Song,33.55199814,34.49066544,94,8719,24000,present,https://rfcx-streams-production.s3.eu-west-1.amazonaws.com/2022/05/12/9iy0wwvn4csi/e4ffe60e-873d-47ec-9bbd-3ce1178d7cdb.flac?X-Amz-Algorithm=AWS4-HMAC-SHA256&X-Amz-Content-Sha256=UNSIGNED-PAYLOAD&X-Amz-Credential=AKIA45B7YWBX5HAZMGOU%2F20260223%2Feu-west-1%2Fs3%2Faws4_request&X-Amz-Date=20260223T001940Z&X-Amz-Expires=604800&X-Amz-Signature=e3353a8f0410d7e770ad05859501c9751383650f5f6b98e3c7004979257df70b&X-Amz-SignedHeaders=host&response-content-disposition=attachment%3B%20filename%3De4ffe60e-873d-47ec-9bbd-3ce1178d7cdb.flac&x-id=GetObject,0.428237528,34115
ConCam-2022-05-11_19-20.WAV,2022 Conaway East,2022,5,11,19,20,Agelaius tricolor,Courtship Song,54.38933182,55.32799911,94,8719,24000,present,https://rfcx-streams-production.s3.eu-west-1.amazonaws.com/2022/05/12/9iy0wwvn4csi/c8fcfcdc-fbc6-4b9e-9320-ebf4467cabeb.flac?X-Amz-Algorithm=AWS4-HMAC-SHA256&X-Amz-Content-Sha256=UNSIGNED-PAYLOAD&X-Amz-Credential=AKIA45B7YWBX5HAZMGOU%2F20260223%2Feu-west-1%2Fs3%2Faws4_request&X-Amz-Date=20260223T001940Z&X-Amz-Expires=604800&X-Amz-Signature=af5041c3928f8205946002690feb9ab3b0b0bbf81c47a52b178dd88f0c3fc95f&X-Amz-SignedHeaders=host&response-content-disposition=attachment%3B%20filename%3Dc8fcfcdc-fbc6-4b9e-9320-ebf4467cabeb.flac&x-id=GetObject,0.429654211,34115
ConCam-2022-05-11_19-40.WAV,2022 Conaway East,2022,5,11,19,40,Agelaius tricolor,Courtship Song,44.99733353,45.93600082,94,8719,24000,present,https://rfcx-streams-production.s3.eu-west-1.amazonaws.com/2022/05/12/9iy0wwvn4csi/ab6b6377-5c9a-4a00-8d1b-8b88bb45a287.flac?X-Amz-Algorithm=AWS4-HMAC-SHA256&X-Amz-Content-Sha256=UNSIGNED-PAYLOAD&X-Amz-Credential=AKIA45B7YWBX5HAZMGOU%2F20260223%2Feu-west-1%2Fs3%2Faws4_request&X-Amz-Date=20260223T001940Z&X-Amz-Expires=604800&X-Amz-Signature=401ceb185e5fbd91fdbdbed21dc0b256afb90ba858883c01e32ee507df67bb78&X-Amz-SignedHeaders=host&response-content-disposition=attachment%3B%20filename%3Dab6b6377-5c9a-4a00-8d1b-8b88bb45a287.flac&x-id=GetObject,0.519119322,34115
ConCam-2022-05-11_19-50.WAV,2022 Conaway East,2022,5,11,19,50,Agelaius tricolor,Courtship Song,34.46933365,35.40800095,94,8719,24000,present,https://rfcx-streams-production.s3.eu-west-1.amazonaws.com/2022/05/12/9iy0wwvn4csi/2de2aa02-6ade-4811-bcf5-908c1aacaeac.flac?X-Amz-Algorithm=AWS4-HMAC-SHA256&X-Amz-Content-Sha256=UNSIGNED-PAYLOAD&X-Amz-Credential=AKIA45B7YWBX5HAZMGOU%2F20260223%2Feu-west-1%2Fs3%2Faws4_request&X-Amz-Date=20260223T001940Z&X-Amz-Expires=604800&X-Amz-Signature=ed0776c32e6f1b9e98c8c53c89528ef53e8bfa33ba4345c1515f9cbf0e9fa31a&X-Amz-SignedHeaders=host&response-content-disposition=attachment%3B%20filename%3D2de2aa02-6ade-4811-bcf5-908c1aacaeac.flac&x-id=GetObject,0.567532837,34115
ConCam-2022-05-12_09-30.WAV,2022 Conaway East,2022,5,12,9,30,Agelaius tricolor,Courtship Song,48.42133331,49.36000061,94,8719,24000,present,https://rfcx-streams-production.s3.eu-west-1.amazonaws.com/2022/05/12/9iy0wwvn4csi/76c965d9-4b1a-49ac-b57a-a07f57d8b527.flac?X-Amz-Algorithm=AWS4-HMAC-SHA256&X-Amz-Content-Sha256=UNSIGNED-PAYLOAD&X-Amz-Credential=AKIA45B7YWBX5HAZMGOU%2F20260223%2Feu-west-1%2Fs3%2Faws4_request&X-Amz-Date=20260223T001940Z&X-Amz-Expires=604800&X-Amz-Signature=76d1a691dc1e964cc772754218034a61fbb79e7242afd9f5124af1402c08d288&X-Amz-SignedHeaders=host&response-content-disposition=attachment%3B%20filename%3D76c965d9-4b1a-49ac-b57a-a07f57d8b527.flac&x-id=GetObject,0.465458602,34115
ConCam-2022-05-12_12-10.WAV,2022 Conaway East,2022,5,12,12,10,Agelaius tricolor,Courtship Song,32.12799835,33.06666565,94,8719,24000,present,https://rfcx-streams-production.s3.eu-west-1.amazonaws.com/2022/05/12/9iy0wwvn4csi/46701310-ad9c-416c-9335-f03ecc576fb4.flac?X-Amz-Algorithm=AWS4-HMAC-SHA256&X-Amz-Content-Sha256=UNSIGNED-PAYLOAD&X-Amz-Credential=AKIA45B7YWBX5HAZMGOU%2F20260223%2Feu-west-1%2Fs3%2Faws4_request&X-Amz-Date=20260223T001940Z&X-Amz-Expires=604800&X-Amz-Signature=39fa98b430f6c51d97a960b46a1301de049a666523bcb19ef9701d7cbb6ceb34&X-Amz-SignedHeaders=host&response-content-disposition=attachment%3B%20filename%3D46701310-ad9c-416c-9335-f03ecc576fb4.flac&x-id=GetObject,0.280702442,34115
