recording,site,year,month,day,hour,minute,species,songtype,x1,x2,y1,y2,frequency,validated,url,score,site_id
WWP.2am-2023-05-08_13-00.WAV,2023 Wind Wolves Preserve Site 2,2023,5,8,14,0,Agelaius tricolor,Simple Call 2,39.01866531,39.41333389,375,21656,24000,present,https://rfcx-streams-production.s3.eu-west-1.amazonaws.com/2023/05/08/0qzxagkhsv1n/fb31b688-e5da-47be-9986-e79158f3e5a4.flac?X-Amz-Algorithm=AWS4-HMAC-SHA256&X-Amz-Content-Sha256=UNSIGNED-PAYLOAD&X-Amz-Credential=AKIA45B7YWBX5HAZMGOU%2F20260223%2Feu-west-1%2Fs3%2Faws4_request&X-Amz-Date=20260223T002617Z&X-Amz-Expires=604800&X-Amz-Signature=4642a79da4fd6a91313388cc1d50b2aca3e90d5470869b43357229eab729df52&X-Amz-SignedHeaders=host&response-content-disposition=attachment%3B%20filename%3Dfb31b688-e5da-47be-9986-e79158f3e5a4.flac&x-id=GetObject,0.429379672,48469
WWP.2am-2023-05-08_14-40.WAV,2023 Wind Wolves Preserve Site 2,2023,5,8,15,40,Agelaius tricolor,Simple Call 2,43.62666702,44.02133179,375,21656,24000,present,https://rfcx-streams-production.s3.eu-west-1.amazonaws.com/2023/05/08/0qzxagkhsv1n/5aa4ca29-591a-4f0c-98a1-aab18f29c4ea.flac?X-Amz-Algorithm=AWS4-HMAC-SHA256&X-Amz-Content-Sha256=UNSIGNED-PAYLOAD&X-Amz-Credential=AKIA45B7YWBX5HAZMGOU%2F20260223%2Feu-west-1%2Fs3%2Faws4_request&X-Amz-Date=20260223T002616Z&X-Amz-Expires=604800&X-Amz-Signature=2f7156f8c5d36b73979c8b0dddd83d9fd21d9f3840673bf59bacb9529e332037&X-Amz-SignedHeaders=host&response-content-disposition=attachment%3B%20filename%3D5aa4ca29-591a-4f0c-98a1-aab18f29c4ea.flac&x-id=GetObject,0.422939181,48469
WWP.2am-2023-05-08_15-00.WAV,2023 Wind Wolves Preserve Site 2,2023,5,8,16,0,Agelaius tricolor,Simple Call 2,17.09866714,17.49333382,375,21656,24000,present,https://rfcx-streams-production.s3.eu-west-1.amazonaws.com/2023/05/08/0qzxagkhsv1n/3dc45e64-f830-44a9-98e6-9850d4e32767.flac?X-Amz-Algorithm=AWS4-HMAC-SHA256&X-Amz-Content-Sha256=UNSIGNED-PAYLOAD&X-Amz-Credential=AKIA45B7YWBX5HAZMGOU%2F20260223%2Feu-west-1%2Fs3%2Faws4_request&X-Amz-Date=20260223T002616Z&X-Amz-Expires=604800&X-Amz-Signature=2af47629e8a38b178412a31b9c656aea6a546d15ffce41c67352c7211a7baa6b&X-Amz-SignedHeaders=host&response-content-disposition=attachment%3B%20filename%3D3dc45e64-f830-44a9-98e6-9850d4e32767.flac&x-id=GetObject,0.41795218,48469
WWP.2am-2023-05-08_18-40.WAV,2023 Wind Wolves Preserve Site 2,2023,5,8,19,40,Agelaius tricolor,Simple Call 2,48.02133179,48.41600037,375,21656,24000,present,https://rfcx-streams-production.s3.eu-west-1.amazonaws.com/2023/05/09/0qzxagkhsv1n/580559fa-2603-49c9-bc69-0818b09fd1a8.flac?X-Amz-Algorithm=AWS4-HMAC-SHA256&X-Amz-Content-Sha256=UNSIGNED-PAYLOAD&X-Amz-Credential=AKIA45B7YWBX5HAZMGOU%2F20260223%2Feu-west-1%2Fs3%2Faws4_request&X-Amz-Date=20260223T002616Z&X-Amz-Expires=604800&X-Amz-Signature=65b1e48a6cb157e242bfa2a4d78adb7467b62da9b77ea3538b3c06e53ac5a4a4&X-Amz-SignedHeaders=host&response-content-disposition=attachment%3B%20filename%3D580559fa-2603-49c9-bc69-0818b09fd1a8.flac&x-id=GetObject,0.421454906,48469
WWP.2am-2023-05-09_07-00.WAV,2023 Wind Wolves Preserve Site 2,2023,5,9,8,0,Agelaius tricolor,Simple Call 2,51.00266647,51.39733505,375,21656,24000,present,https://rfcx-streams-production.s3.eu-west-1.amazonaws.com/2023/05/09/0qzxagkhsv1n/98fbf098-6f94-44f7-96ca-ea416a139ca9.flac?X-Amz-Algorithm=AWS4-HMAC-SHA256&X-Amz-Content-Sha256=UNSIGNED-PAYLOAD&X-Amz-Credential=AKIA45B7YWBX5HAZMGOU%2F20260223%2Feu-west-1%2Fs3%2Faws4_request&X-Amz-Date=20260223T002616Z&X-Amz-Expires=604800&X-Amz-Signature=859df090d2045c7aacb1f6c2c358dfcb888cb46a8fffd5feca7c553599850c82&X-Amz-SignedHeaders=host&response-content-disposition=attachment%3B%20filename%3D98fbf098-6f94-44f7-96ca-ea416a139ca9.flac&x-id=GetObject,0.415092647,48469
WWP.2am-2023-05-09_09-20.WAV,2023 Wind Wolves Preserve Site 2,2023,5,9,10,20,Agelaius tricolor,Simple Call 2,30.23466682,30.6293335,375,21656,24000,present,https://rfcx-streams-production.s3.eu-west-1.amazonaws.com/2023/05/09/0qzxagkhsv1n/bd5edb15-edea-4c50-862a-b9653d335436.flac?X-Amz-Algorithm=AWS4-HMAC-SHA256&X-Amz-Content-Sha256=UNSIGNED-PAYLOAD&X-Amz-Credential=AKIA45B7YWBX5HAZMGOU%2F20260223%2Feu-west-1%2Fs3%2Faws4_request&X-Amz-Date=20260223T002616Z&X-Amz-Expires=604800&X-Amz-Signature=eea3d3858382e1cc891180748a4748482e3c7cf89a205f0ff01f68010c8ebfeb&X-Amz-SignedHeaders=host&response-content-disposition=attachment%3B%20filename%3Dbd5edb15-edea-4c50-862a-b9653d335436.flac&x-id=GetObject,0.434960127,48469
WWP.2am-2023-05-09_12-40.WAV,2023 Wind Wolves Preserve Site 2,2023,5,9,13,40,Agelaius tricolor,Simple Call 2,4.634666443,5.029333115,375,21656,24000,present,https://rfcx-streams-production.s3.eu-west-1.amazonaws.com/2023/05/09/0qzxagkhsv1n/2b00823b-29ed-4863-ae3a-8dcb4c5f55af.flac?X-Amz-Algorithm=AWS4-HMAC-SHA256&X-Amz-Content-Sha256=UNSIGNED-PAYLOAD&X-Amz-Credential=AKIA45B7YWBX5HAZMGOU%2F20260223%2Feu-west-1%2Fs3%2Faws4_request&X-Amz-Date=20260223T002616Z&X-Amz-Expires=604800&X-Amz-Signature=b25040792499719e295f265a1092f00ff8f63ef7de0fa2ae1d549ba901d612b9&X-Amz-SignedHeaders=host&response-content-disposition=attachment%3B%20filename%3D2b00823b-29ed-4863-ae3a-8dcb4c5f55af.flac&x-id=GetObject,0.448249698,48469
WWP.2am-2023-05-09_15-40.WAV,2023 Wind Wolves Preserve Site 2,2023,5,9,16,40,Agelaius tricolor,Simple Call 2,23.05599976,23.45066643,375,21656,24000,present,https://rfcx-streams-production.s3.eu-west-1.amazonaws.com/2023/05/09/0qzxagkhsv1n/24fcca38-0749-4cfc-9a85-901ee9e003a5.flac?X-Amz-Algorithm=AWS4-HMAC-SHA256&X-Amz-Content-Sha256=UNSIGNED-PAYLOAD&X-Amz-Credential=AKIA45B7YWBX5HAZMGOU%2F20260223%2Feu-west-1%2Fs3%2Faws4_request&X-Amz-Date=20260223T002616Z&X-Amz-Expires=604800&X-Amz-Signature=e3c6b35e9227b9f2659f51e348337318f191c46aa963e56420264222543800cf&X-Amz-SignedHeaders=host&response-content-disposition=attachment%3B%20filename%3D24fcca38-0749-4cfc-9a85-901ee9e003a5.flac&x-id=GetObject,0.479906917,48469
WWP.2am-2023-05-09_16-20.WAV,2023 Wind Wolves Preserve Site 2,2023,5,9,17,20,Agelaius tricolor,Simple Call 2,43.0826683,43.47733307,375,21656,24000,present,https://rfcx-streams-production.s3.eu-west-1.amazonaws.com/2023/05/10/0qzxagkhsv1n/79476b99-6cc9-458b-b2a4-64730b6a6aeb.flac?X-Amz-Algorithm=AWS4-HMAC-SHA256&X-Amz-Content-Sha256=UNSIGNED-PAYLOAD&X-Amz-Credential=AKIA45B7YWBX5HAZMGOU%2F20260223%2Feu-west-1%2Fs3%2Faws4_request&X-Amz-Date=20260223T002616Z&X-Amz-Expires=604800&X-Amz-Signature=960cfad4efe5c1caf6fe7346405b2c4b610c9a2e943f132549a96b8e9453d66f&X-Amz-SignedHeaders=host&response-content-disposition=attachment%3B%20filename%3D79476b99-6cc9-458b-b2a4-64730b6a6aeb.flac&x-id=GetObject,0.424901158,48469
WWP.2am-2023-05-09_16-40.WAV,2023 Wind Wolves Preserve Site 2,2023,5,9,17,40,Agelaius tricolor,Simple Call 2,58.16533279,58.56000137,375,21656,24000,present,https://rfcx-streams-production.s3.eu-west-1.amazonaws.com/2023/05/10/0qzxagkhsv1n/ae06f348-e19d-4cdb-b583-e0fd4f70714d.flac?X-Amz-Algorithm=AWS4-HMAC-SHA256&X-Amz-Content-Sha256=UNSIGNED-PAYLOAD&X-Amz-Credential=AKIA45B7YWBX5HAZMGOU%2F20260223%2Feu-west-1%2Fs3%2Faws4_request&X-Amz-Date=20260223T002616Z&X-Amz-Expires=604800&X-Amz-Signature=e159f3283a2ea119f38ef3c77f59104a5070429d8835e5c8100fd683aa1f103b&X-Amz-SignedHeaders=host&response-content-disposition=attachment%3B%20filename%3Dae06f348-e19d-4cdb-b583-e0fd4f70714d.flac&x-id=GetObject,0.415677726,48469
WWP.2am-2023-05-09_17-40.WAV,2023 Wind Wolves Preserve Site 2,2023,5,9,18,40,Agelaius tricolor,Simple Call 2,47.13066483,47.5253334,375,21656,24000,present,https://rfcx-streams-production.s3.eu-west-1.amazonaws.com/2023/05/10/0qzxagkhsv1n/155801ea-8125-40c3-b1b2-4b56356b66f9.flac?X-Amz-Algorithm=AWS4-HMAC-SHA256&X-Amz-Content-Sha256=UNSIGNED-PAYLOAD&X-Amz-Credential=AKIA45B7YWBX5HAZMGOU%2F20260223%2Feu-west-1%2Fs3%2Faws4_request&X-Amz-Date=20260223T002616Z&X-Amz-Expires=604800&X-Amz-Signature=bcb4f668d79cdad20bb32c8db30f71e30342d5cd250f71a6a246cd508fadc1d6&X-Amz-SignedHeaders=host&response-content-disposition=attachment%3B%20filename%3D155801ea-8125-40c3-b1b2-4b56356b66f9.flac&x-id=GetObject,0.478126228,48469
WWP.2am-2023-05-09_19-00.WAV,2023 Wind Wolves Preserve Site 2,2023,5,9,20,0,Agelaius tricolor,Simple Call 2,13.70666695,14.10133362,375,21656,24000,present,https://rfcx-streams-production.s3.eu-west-1.amazonaws.com/2023/05/10/0qzxagkhsv1n/574e52d6-b8ba-4d57-abc9-ad1e13129177.flac?X-Amz-Algorithm=AWS4-HMAC-SHA256&X-Amz-Content-Sha256=UNSIGNED-PAYLOAD&X-Amz-Credential=AKIA45B7YWBX5HAZMGOU%2F20260223%2Feu-west-1%2Fs3%2Faws4_request&X-Amz-Date=20260223T002616Z&X-Amz-Expires=604800&X-Amz-Signature=e1acc6a32aa420c75df96216d48f73fe16a3b14bf50bf1fadaff97935ae33859&X-Amz-SignedHeaders=host&response-content-disposition=attachment%3B%20filename%3D574e52d6-b8ba-4d57-abc9-ad1e13129177.flac&x-id=GetObject,0.41364038,48469
WWP.2am-2023-05-09_19-20.WAV,2023 Wind Wolves Preserve Site 2,2023,5,9,20,20,Agelaius tricolor,Simple Call 2,1.962666631,2.357333422,375,21656,24000,present,https://rfcx-streams-production.s3.eu-west-1.amazonaws.com/2023/05/10/0qzxagkhsv1n/6c9319ab-877d-4710-b33b-5fa7f1dbe40a.flac?X-Amz-Algorithm=AWS4-HMAC-SHA256&X-Amz-Content-Sha256=UNSIGNED-PAYLOAD&X-Amz-Credential=AKIA45B7YWBX5HAZMGOU%2F20260223%2Feu-west-1%2Fs3%2Faws4_request&X-Amz-Date=20260223T002616Z&X-Amz-Expires=604800&X-Amz-Signature=db3f7610be1fd1a82631acf491992dc9451fa49ea53260eb142ffdb699ac58e3&X-Amz-SignedHeaders=host&response-content-disposition=attachment%3B%20filename%3D6c9319ab-877d-4710-b33b-5fa7f1dbe40a.flac&x-id=GetObject,0.410275877,48469
WWP.2am-2023-05-10_07-00.WAV,2023 Wind Wolves Preserve Site 2,2023,5,10,8,0,Agelaius tricolor,Simple Call 2,30.35733414,30.75200081,375,21656,24000,present,https://rfcx-streams-production.s3.eu-west-1.amazonaws.com/2023/05/10/0qzxagkhsv1n/66f1272e-00c5-4b7d-b55c-115be9263763.flac?X-Amz-Algorithm=AWS4-HMAC-SHA256&X-Amz-Content-Sha256=UNSIGNED-PAYLOAD&X-Amz-Credential=AKIA45B7YWBX5HAZMGOU%2F20260223%2Feu-west-1%2Fs3%2Faws4_request&X-Amz-Date=20260223T002616Z&X-Amz-Expires=604800&X-Amz-Signature=c1c3b9c1d919bd8cee716ac137879c213f63886d87336b566e1556a78352eee0&X-Amz-SignedHeaders=host&response-content-disposition=attachment%3B%20filename%3D66f1272e-00c5-4b7d-b55c-115be9263763.flac&x-id=GetObject,0.485103786,48469
WWP.2am-2023-05-10_07-40.WAV,2023 Wind Wolves Preserve Site 2,2023,5,10,8,40,Agelaius tricolor,Simple Call 2,47.16266632,47.5573349,375,21656,24000,present,https://rfcx-streams-production.s3.eu-west-1.amazonaws.com/2023/05/10/0qzxagkhsv1n/11ead9a4-b018-4e20-8c82-a91865e17157.flac?X-Amz-Algorithm=AWS4-HMAC-SHA256&X-Amz-Content-Sha256=UNSIGNED-PAYLOAD&X-Amz-Credential=AKIA45B7YWBX5HAZMGOU%2F20260223%2Feu-west-1%2Fs3%2Faws4_request&X-Amz-Date=20260223T002616Z&X-Amz-Expires=604800&X-Amz-Signature=146da1c1b8058463a3409c277f44db4f2e1218721e00c47191bf1e5f8415344d&X-Amz-SignedHeaders=host&response-content-disposition=attachment%3B%20filename%3D11ead9a4-b018-4e20-8c82-a91865e17157.flac&x-id=GetObject,0.478935361,48469
WWP.2am-2023-05-10_10-00.WAV,2023 Wind Wolves Preserve Site 2,2023,5,10,11,0,Agelaius tricolor,Simple Call 2,42.3093338,42.70399857,375,21656,24000,present,https://rfcx-streams-production.s3.eu-west-1.amazonaws.com/2023/05/10/0qzxagkhsv1n/2a65a4e9-a4b9-4b56-a99c-545c584570c5.flac?X-Amz-Algorithm=AWS4-HMAC-SHA256&X-Amz-Content-Sha256=UNSIGNED-PAYLOAD&X-Amz-Credential=AKIA45B7YWBX5HAZMGOU%2F20260223%2Feu-west-1%2Fs3%2Faws4_request&X-Amz-Date=20260223T002616Z&X-Amz-Expires=604800&X-Amz-Signature=57f77255219a5900be33f2f1f7fce454ffed88f6d924319e5e1f840df1d6a430&X-Amz-SignedHeaders=host&response-content-disposition=attachment%3B%20filename%3D2a65a4e9-a4b9-4b56-a99c-545c584570c5.flac&x-id=GetObject,0.411813527,48469
WWP.2am-2023-05-10_10-20.WAV,2023 Wind Wolves Preserve Site 2,2023,5,10,11,20,Agelaius tricolor,Simple Call 2,14.88533306,15.27999973,375,21656,24000,present,https://rfcx-streams-production.s3.eu-west-1.amazonaws.com/2023/05/10/0qzxagkhsv1n/bf27cc88-3a30-4c76-bedd-c9fb358b3e4d.flac?X-Amz-Algorithm=AWS4-HMAC-SHA256&X-Amz-Content-Sha256=UNSIGNED-PAYLOAD&X-Amz-Credential=AKIA45B7YWBX5HAZMGOU%2F20260223%2Feu-west-1%2Fs3%2Faws4_request&X-Amz-Date=20260223T002616Z&X-Amz-Expires=604800&X-Amz-Signature=f6853cbe2b675db8fbe5bef16651fe45682962bb5ce714437b0ebcf42555c43f&X-Amz-SignedHeaders=host&response-content-disposition=attachment%3B%20filename%3Dbf27cc88-3a30-4c76-bedd-c9fb358b3e4d.flac&x-id=GetObject,0.40757376,48469
WWP.2am-2023-05-10_10-40.WAV,2023 Wind Wolves Preserve Site 2,2023,5,10,11,40,Agelaius tricolor,Simple Call 2,59.50933456,59.90399933,375,21656,24000,present,https://rfcx-streams-production.s3.eu-west-1.amazonaws.com/2023/05/10/0qzxagkhsv1n/bee22101-3444-4957-9188-85601841cd00.flac?X-Amz-Algorithm=AWS4-HMAC-SHA256&X-Amz-Content-Sha256=UNSIGNED-PAYLOAD&X-Amz-Credential=AKIA45B7YWBX5HAZMGOU%2F20260223%2Feu-west-1%2Fs3%2Faws4_request&X-Amz-Date=20260223T002616Z&X-Amz-Expires=604800&X-Amz-Signature=aa9926f0d0ac53fbafc9b58d41e1e33c1b5c2b868f7280af17fedcf8bb3b3356&X-Amz-SignedHeaders=host&response-content-disposition=attachment%3B%20filename%3Dbee22101-3444-4957-9188-85601841cd00.flac&x-id=GetObject,0.400791049,48469
WWP.2am-2023-05-10_11-20.WAV,2023 Wind Wolves Preserve Site 2,2023,5,10,12,20,Agelaius tricolor,Simple Call 2,1.461333275,1.855999947,375,21656,24000,present,https://rfcx-streams-production.s3.eu-west-1.amazonaws.com/2023/05/10/0qzxagkhsv1n/26526ad7-6e2a-4e5e-b72e-3fb597c5bcbe.flac?X-Amz-Algorithm=AWS4-HMAC-SHA256&X-Amz-Content-Sha256=UNSIGNED-PAYLOAD&X-Amz-Credential=AKIA45B7YWBX5HAZMGOU%2F20260223%2Feu-west-1%2Fs3%2Faws4_request&X-Amz-Date=20260223T002616Z&X-Amz-Expires=604800&X-Amz-Signature=91acc7325cd59e16128a2a2392acb0b057f5b3388bea71dd013554caa4f01055&X-Amz-SignedHeaders=host&response-content-disposition=attachment%3B%20filename%3D26526ad7-6e2a-4e5e-b72e-3fb597c5bcbe.flac&x-id=GetObject,0.458659559,48469
WWP.2am-2023-05-10_15-00.WAV,2023 Wind Wolves Preserve Site 2,2023,5,10,16,0,Agelaius tricolor,Simple Call 2,54.99200058,55.38666534,375,21656,24000,present,https://rfcx-streams-production.s3.eu-west-1.amazonaws.com/2023/05/10/0qzxagkhsv1n/4b4f099a-c6dc-4b35-b12b-9a9fa19a7603.flac?X-Amz-Algorithm=AWS4-HMAC-SHA256&X-Amz-Content-Sha256=UNSIGNED-PAYLOAD&X-Amz-Credential=AKIA45B7YWBX5HAZMGOU%2F20260223%2Feu-west-1%2Fs3%2Faws4_request&X-Amz-Date=20260223T002616Z&X-Amz-Expires=604800&X-Amz-Signature=ee262d999247a73b4cbfdf2ae5ac1fc5f2c866145e84b0bec303850dbd41ca13&X-Amz-SignedHeaders=host&response-content-disposition=attachment%3B%20filename%3D4b4f099a-c6dc-4b35-b12b-9a9fa19a7603.flac&x-id=GetObject,0.464221716,48469
WWP.2am-2023-05-12_15-20.WAV,2023 Wind Wolves Preserve Site 2,2023,5,12,16,20,Agelaius tricolor,Simple Call 2,18.22400093,18.6186676,375,21656,24000,present,https://rfcx-streams-production.s3.eu-west-1.amazonaws.com/2023/05/12/0qzxagkhsv1n/f7cbdab2-e5e7-41e3-97ac-8b374b28f96b.flac?X-Amz-Algorithm=AWS4-HMAC-SHA256&X-Amz-Content-Sha256=UNSIGNED-PAYLOAD&X-Amz-Credential=AKIA45B7YWBX5HAZMGOU%2F20260223%2Feu-west-1%2Fs3%2Faws4_request&X-Amz-Date=20260223T002616Z&X-Amz-Expires=604800&X-Amz-Signature=05d4101ffd8c3c59a82ca1496e0a85bbc58aacdb16fcb8dc2271754f3d9e2772&X-Amz-SignedHeaders=host&response-content-disposition=attachment%3B%20filename%3Df7cbdab2-e5e7-41e3-97ac-8b374b28f96b.flac&x-id=GetObject,0.423512369,48469
WWP.2am-2023-05-12_17-00.WAV,2023 Wind Wolves Preserve Site 2,2023,5,12,18,0,Agelaius tricolor,Simple Call 2,30.39466667,30.78933334,375,21656,24000,present,https://rfcx-streams-production.s3.eu-west-1.amazonaws.com/2023/05/13/0qzxagkhsv1n/d4061df4-986c-4c44-b1f1-95d277c4ab59.flac?X-Amz-Algorithm=AWS4-HMAC-SHA256&X-Amz-Content-Sha256=UNSIGNED-PAYLOAD&X-Amz-Credential=AKIA45B7YWBX5HAZMGOU%2F20260223%2Feu-west-1%2Fs3%2Faws4_request&X-Amz-Date=20260223T002616Z&X-Amz-Expires=604800&X-Amz-Signature=fc735014791376072ddef8a59f476689ca72f19c56c0d5d3556f031372b4b355&X-Amz-SignedHeaders=host&response-content-disposition=attachment%3B%20filename%3Dd4061df4-986c-4c44-b1f1-95d277c4ab59.flac&x-id=GetObject,0.506229639,48469
WWP.2am-2023-05-12_20-00.WAV,2023 Wind Wolves Preserve Site 2,2023,5,12,21,0,Agelaius tricolor,Simple Call 2,28,28.39466667,375,21656,24000,present,https://rfcx-streams-production.s3.eu-west-1.amazonaws.com/2023/05/13/0qzxagkhsv1n/73fa16d7-c1e3-458b-a08f-7b1bcf97a6ae.flac?X-Amz-Algorithm=AWS4-HMAC-SHA256&X-Amz-Content-Sha256=UNSIGNED-PAYLOAD&X-Amz-Credential=AKIA45B7YWBX5HAZMGOU%2F20260223%2Feu-west-1%2Fs3%2Faws4_request&X-Amz-Date=20260223T002616Z&X-Amz-Expires=604800&X-Amz-Signature=b627336e0f00cf7697eda894361de0f9c21c480df52f0f8b34a9441064db0b81&X-Amz-SignedHeaders=host&response-content-disposition=attachment%3B%20filename%3D73fa16d7-c1e3-458b-a08f-7b1bcf97a6ae.flac&x-id=GetObject,0.431678385,48469
WWP.2am-2023-05-13_13-20.WAV,2023 Wind Wolves Preserve Site 2,2023,5,13,14,20,Agelaius tricolor,Simple Call 2,26.96533394,27.36000061,375,21656,24000,present,https://rfcx-streams-production.s3.eu-west-1.amazonaws.com/2023/05/13/0qzxagkhsv1n/bd599121-5bfb-42ea-93cd-61e318b1e3f2.flac?X-Amz-Algorithm=AWS4-HMAC-SHA256&X-Amz-Content-Sha256=UNSIGNED-PAYLOAD&X-Amz-Credential=AKIA45B7YWBX5HAZMGOU%2F20260223%2Feu-west-1%2Fs3%2Faws4_request&X-Amz-Date=20260223T002616Z&X-Amz-Expires=604800&X-Amz-Signature=2c26f9ea97adf58dded769964f5fa0ddbb8a8e8b1f5cfeb2f8ad2316b0e8c265&X-Amz-SignedHeaders=host&response-content-disposition=attachment%3B%20filename%3Dbd599121-5bfb-42ea-93cd-61e318b1e3f2.flac&x-id=GetObject,0.465648234,48469
WWP.2am-2023-05-13_13-40.WAV,2023 Wind Wolves Preserve Site 2,2023,5,13,14,40,Agelaius tricolor,Simple Call 2,9.882666588,10.27733326,375,21656,24000,present,https://rfcx-streams-production.s3.eu-west-1.amazonaws.com/2023/05/13/0qzxagkhsv1n/3cb11981-286b-4107-a993-d2ff0e7154d7.flac?X-Amz-Algorithm=AWS4-HMAC-SHA256&X-Amz-Content-Sha256=UNSIGNED-PAYLOAD&X-Amz-Credential=AKIA45B7YWBX5HAZMGOU%2F20260223%2Feu-west-1%2Fs3%2Faws4_request&X-Amz-Date=20260223T002616Z&X-Amz-Expires=604800&X-Amz-Signature=e633879860a958999db8d34d22760603e8b01f8654481b3bc6acdf1a465701fc&X-Amz-SignedHeaders=host&response-content-disposition=attachment%3B%20filename%3D3cb11981-286b-4107-a993-d2ff0e7154d7.flac&x-id=GetObject,0.49869588,48469
WWP.2am-2023-05-13_14-00.WAV,2023 Wind Wolves Preserve Site 2,2023,5,13,15,0,Agelaius tricolor,Simple Call 2,2.78399992,3.178666592,375,21656,24000,present,https://rfcx-streams-production.s3.eu-west-1.amazonaws.com/2023/05/13/0qzxagkhsv1n/00d4991f-0694-486b-bb6f-37ef1ed9623d.flac?X-Amz-Algorithm=AWS4-HMAC-SHA256&X-Amz-Content-Sha256=UNSIGNED-PAYLOAD&X-Amz-Credential=AKIA45B7YWBX5HAZMGOU%2F20260223%2Feu-west-1%2Fs3%2Faws4_request&X-Amz-Date=20260223T002616Z&X-Amz-Expires=604800&X-Amz-Signature=c7ccf83b682c2a2b8e651e65ac1e2c9aa9c731c596075ddf4ac2fdd8281f050c&X-Amz-SignedHeaders=host&response-content-disposition=attachment%3B%20filename%3D00d4991f-0694-486b-bb6f-37ef1ed9623d.flac&x-id=GetObject,0.400819808,48469
WWP.2am-2023-05-13_14-40.WAV,2023 Wind Wolves Preserve Site 2,2023,5,13,15,40,Agelaius tricolor,Simple Call 2,35.09866714,35.49333191,375,21656,24000,present,https://rfcx-streams-production.s3.eu-west-1.amazonaws.com/2023/05/13/0qzxagkhsv1n/580aa916-3b3d-4475-97ea-7e44ba4eb69e.flac?X-Amz-Algorithm=AWS4-HMAC-SHA256&X-Amz-Content-Sha256=UNSIGNED-PAYLOAD&X-Amz-Credential=AKIA45B7YWBX5HAZMGOU%2F20260223%2Feu-west-1%2Fs3%2Faws4_request&X-Amz-Date=20260223T002616Z&X-Amz-Expires=604800&X-Amz-Signature=22b6e89d7a2fe146990cafe1617342e241d636ffdb3eb15fe3191ed6a3999f9a&X-Amz-SignedHeaders=host&response-content-disposition=attachment%3B%20filename%3D580aa916-3b3d-4475-97ea-7e44ba4eb69e.flac&x-id=GetObject,0.405492872,48469
WWP.2am-2023-05-13_15-00.WAV,2023 Wind Wolves Preserve Site 2,2023,5,13,16,0,Agelaius tricolor,Simple Call 2,8.757333755,9.152000427,375,21656,24000,present,https://rfcx-streams-production.s3.eu-west-1.amazonaws.com/2023/05/13/0qzxagkhsv1n/14a0809e-c0f9-402e-9c99-b435e781637e.flac?X-Amz-Algorithm=AWS4-HMAC-SHA256&X-Amz-Content-Sha256=UNSIGNED-PAYLOAD&X-Amz-Credential=AKIA45B7YWBX5HAZMGOU%2F20260223%2Feu-west-1%2Fs3%2Faws4_request&X-Amz-Date=20260223T002616Z&X-Amz-Expires=604800&X-Amz-Signature=b39abc03d8a95de5d1bac52cb57e4519fbfef97209b3c2c6ce7b6cb579efa7db&X-Amz-SignedHeaders=host&response-content-disposition=attachment%3B%20filename%3D14a0809e-c0f9-402e-9c99-b435e781637e.flac&x-id=GetObject,0.47380358,48469
WWP.2am-2023-05-13_15-40.WAV,2023 Wind Wolves Preserve Site 2,2023,5,13,16,40,Agelaius tricolor,Simple Call 2,13.76533318,14.15999985,375,21656,24000,present,https://rfcx-streams-production.s3.eu-west-1.amazonaws.com/2023/05/13/0qzxagkhsv1n/ea705865-7769-4b90-b262-f4f4588b8ee6.flac?X-Amz-Algorithm=AWS4-HMAC-SHA256&X-Amz-Content-Sha256=UNSIGNED-PAYLOAD&X-Amz-Credential=AKIA45B7YWBX5HAZMGOU%2F20260223%2Feu-west-1%2Fs3%2Faws4_request&X-Amz-Date=20260223T002616Z&X-Amz-Expires=604800&X-Amz-Signature=5fc37b1ffd4adeff592c7991cf6a50d6848d441cf2aca5efdc8763de95f5cf57&X-Amz-SignedHeaders=host&response-content-disposition=attachment%3B%20filename%3Dea705865-7769-4b90-b262-f4f4588b8ee6.flac&x-id=GetObject,0.465133816,48469
WWP.2am-2023-05-13_16-00.WAV,2023 Wind Wolves Preserve Site 2,2023,5,13,17,0,Agelaius tricolor,Simple Call 2,40.4640007,40.85866547,375,21656,24000,present,https://rfcx-streams-production.s3.eu-west-1.amazonaws.com/2023/05/14/0qzxagkhsv1n/d6777e52-a949-4a73-9457-feafc03fc844.flac?X-Amz-Algorithm=AWS4-HMAC-SHA256&X-Amz-Content-Sha256=UNSIGNED-PAYLOAD&X-Amz-Credential=AKIA45B7YWBX5HAZMGOU%2F20260223%2Feu-west-1%2Fs3%2Faws4_request&X-Amz-Date=20260223T002616Z&X-Amz-Expires=604800&X-Amz-Signature=f48d7f00058591ac30f22d34835d60fcb48853a60be84ba869a9896e577bab6a&X-Amz-SignedHeaders=host&response-content-disposition=attachment%3B%20filename%3Dd6777e52-a949-4a73-9457-feafc03fc844.flac&x-id=GetObject,0.553788066,48469
WWP.2am-2023-05-13_17-00.WAV,2023 Wind Wolves Preserve Site 2,2023,5,13,18,0,Agelaius tricolor,Simple Call 2,42.87466812,43.26933289,375,21656,24000,present,https://rfcx-streams-production.s3.eu-west-1.amazonaws.com/2023/05/14/0qzxagkhsv1n/170dc751-9901-43b3-97bb-2794b41d5b0d.flac?X-Amz-Algorithm=AWS4-HMAC-SHA256&X-Amz-Content-Sha256=UNSIGNED-PAYLOAD&X-Amz-Credential=AKIA45B7YWBX5HAZMGOU%2F20260223%2Feu-west-1%2Fs3%2Faws4_request&X-Amz-Date=20260223T002616Z&X-Amz-Expires=604800&X-Amz-Signature=183235609a96139eec7a8bcb301f44a230b09f71d050e2090f0b240cdd1a08e9&X-Amz-SignedHeaders=host&response-content-disposition=attachment%3B%20filename%3D170dc751-9901-43b3-97bb-2794b41d5b0d.flac&x-id=GetObject,0.449351639,48469
WWP.2am-2023-05-13_17-40.WAV,2023 Wind Wolves Preserve Site 2,2023,5,13,18,40,Agelaius tricolor,Simple Call 2,18.91200066,19.30666733,375,21656,24000,present,https://rfcx-streams-production.s3.eu-west-1.amazonaws.com/2023/05/14/0qzxagkhsv1n/34d9833d-c254-4ef0-a01c-c455dc7a22b3.flac?X-Amz-Algorithm=AWS4-HMAC-SHA256&X-Amz-Content-Sha256=UNSIGNED-PAYLOAD&X-Amz-Credential=AKIA45B7YWBX5HAZMGOU%2F20260223%2Feu-west-1%2Fs3%2Faws4_request&X-Amz-Date=20260223T002616Z&X-Amz-Expires=604800&X-Amz-Signature=dfaa46ad781db0db583e8ff8122f2061180a0284514e43df5bd91a93971c9e3b&X-Amz-SignedHeaders=host&response-content-disposition=attachment%3B%20filename%3D34d9833d-c254-4ef0-a01c-c455dc7a22b3.flac&x-id=GetObject,0.468105704,48469
WWP.2am-2023-05-14_08-40.WAV,2023 Wind Wolves Preserve Site 2,2023,5,14,9,40,Agelaius tricolor,Simple Call 2,6.730666637,7.125333309,375,21656,24000,present,https://rfcx-streams-production.s3.eu-west-1.amazonaws.com/2023/05/14/0qzxagkhsv1n/3cc801cd-a309-47b1-a82f-b7971b78a718.flac?X-Amz-Algorithm=AWS4-HMAC-SHA256&X-Amz-Content-Sha256=UNSIGNED-PAYLOAD&X-Amz-Credential=AKIA45B7YWBX5HAZMGOU%2F20260223%2Feu-west-1%2Fs3%2Faws4_request&X-Amz-Date=20260223T002616Z&X-Amz-Expires=604800&X-Amz-Signature=eebbb46ba99b8e743604e5ba3609735068d648f0038c0cca80b6946c1d645df4&X-Amz-SignedHeaders=host&response-content-disposition=attachment%3B%20filename%3D3cc801cd-a309-47b1-a82f-b7971b78a718.flac&x-id=GetObject,0.445543915,48469
WWP.2am-2023-05-14_09-40.WAV,2023 Wind Wolves Preserve Site 2,2023,5,14,10,40,Agelaius tricolor,Simple Call 2,9.008000374,9.402667046,375,21656,24000,present,https://rfcx-streams-production.s3.eu-west-1.amazonaws.com/2023/05/14/0qzxagkhsv1n/cf90498c-3980-42f7-895d-42223728dfae.flac?X-Amz-Algorithm=AWS4-HMAC-SHA256&X-Amz-Content-Sha256=UNSIGNED-PAYLOAD&X-Amz-Credential=AKIA45B7YWBX5HAZMGOU%2F20260223%2Feu-west-1%2Fs3%2Faws4_request&X-Amz-Date=20260223T002616Z&X-Amz-Expires=604800&X-Amz-Signature=936ab2f7c067d4482c87d6b89613160569026cf1ecd79b25992a73d1e83bc017&X-Amz-SignedHeaders=host&response-content-disposition=attachment%3B%20filename%3Dcf90498c-3980-42f7-895d-42223728dfae.flac&x-id=GetObject,0.417431712,48469
WWP.2am-2023-05-14_12-20.WAV,2023 Wind Wolves Preserve Site 2,2023,5,14,13,20,Agelaius tricolor,Simple Call 2,2.714666605,3.109333277,375,21656,24000,present,https://rfcx-streams-production.s3.eu-west-1.amazonaws.com/2023/05/14/0qzxagkhsv1n/db4c131b-2b1a-4349-9ef5-0ffe6aa2dbc5.flac?X-Amz-Algorithm=AWS4-HMAC-SHA256&X-Amz-Content-Sha256=UNSIGNED-PAYLOAD&X-Amz-Credential=AKIA45B7YWBX5HAZMGOU%2F20260223%2Feu-west-1%2Fs3%2Faws4_request&X-Amz-Date=20260223T002616Z&X-Amz-Expires=604800&X-Amz-Signature=5d991e266c53be67e243b8ad576ee386b7b90554eaaf04f517e43b703301df20&X-Amz-SignedHeaders=host&response-content-disposition=attachment%3B%20filename%3Ddb4c131b-2b1a-4349-9ef5-0ffe6aa2dbc5.flac&x-id=GetObject,0.546142578,48469
WWP.2am-2023-05-14_14-00.WAV,2023 Wind Wolves Preserve Site 2,2023,5,14,15,0,Agelaius tricolor,Simple Call 2,21.33333397,21.72800064,375,21656,24000,present,https://rfcx-streams-production.s3.eu-west-1.amazonaws.com/2023/05/14/0qzxagkhsv1n/29b22e3b-c304-42a7-b0de-599f10085ce2.flac?X-Amz-Algorithm=AWS4-HMAC-SHA256&X-Amz-Content-Sha256=UNSIGNED-PAYLOAD&X-Amz-Credential=AKIA45B7YWBX5HAZMGOU%2F20260223%2Feu-west-1%2Fs3%2Faws4_request&X-Amz-Date=20260223T002616Z&X-Amz-Expires=604800&X-Amz-Signature=4b2a3c8dde05f13d8f4d4d5b6dc1c724964d5c3488099bf9f604bd97dda40842&X-Amz-SignedHeaders=host&response-content-disposition=attachment%3B%20filename%3D29b22e3b-c304-42a7-b0de-599f10085ce2.flac&x-id=GetObject,0.465699196,48469
WWP.2am-2023-05-14_14-40.WAV,2023 Wind Wolves Preserve Site 2,2023,5,14,15,40,Agelaius tricolor,Simple Call 2,43.44533157,43.84000015,375,21656,24000,present,https://rfcx-streams-production.s3.eu-west-1.amazonaws.com/2023/05/14/0qzxagkhsv1n/df19d133-08b5-4896-9d2b-7094f3fe8e97.flac?X-Amz-Algorithm=AWS4-HMAC-SHA256&X-Amz-Content-Sha256=UNSIGNED-PAYLOAD&X-Amz-Credential=AKIA45B7YWBX5HAZMGOU%2F20260223%2Feu-west-1%2Fs3%2Faws4_request&X-Amz-Date=20260223T002616Z&X-Amz-Expires=604800&X-Amz-Signature=ed5368a6fdc67dc6e8a2b7a7fe4fd14621300bdc46e67c3a5284a44423d80f2d&X-Amz-SignedHeaders=host&response-content-disposition=attachment%3B%20filename%3Ddf19d133-08b5-4896-9d2b-7094f3fe8e97.flac&x-id=GetObject,0.499389172,48469
WWP.2am-2023-05-14_15-20.WAV,2023 Wind Wolves Preserve Site 2,2023,5,14,16,20,Agelaius tricolor,Simple Call 2,11.50399971,11.89866638,375,21656,24000,present,https://rfcx-streams-production.s3.eu-west-1.amazonaws.com/2023/05/14/0qzxagkhsv1n/95a877a6-2479-47d7-9b6f-dcd204325c31.flac?X-Amz-Algorithm=AWS4-HMAC-SHA256&X-Amz-Content-Sha256=UNSIGNED-PAYLOAD&X-Amz-Credential=AKIA45B7YWBX5HAZMGOU%2F20260223%2Feu-west-1%2Fs3%2Faws4_request&X-Amz-Date=20260223T002616Z&X-Amz-Expires=604800&X-Amz-Signature=dd883002a63c82b00d5f696099641f475b1c307738d97183a1353738459e1d8b&X-Amz-SignedHeaders=host&response-content-disposition=attachment%3B%20filename%3D95a877a6-2479-47d7-9b6f-dcd204325c31.flac&x-id=GetObject,0.446478546,48469
WWP.2am-2023-05-14_16-00.WAV,2023 Wind Wolves Preserve Site 2,2023,5,14,17,0,Agelaius tricolor,Simple Call 2,23.34933281,23.74399948,375,21656,24000,present,https://rfcx-streams-production.s3.eu-west-1.amazonaws.com/2023/05/15/0qzxagkhsv1n/8f938728-0387-4b1f-8cc7-3f924e7e3fd7.flac?X-Amz-Algorithm=AWS4-HMAC-SHA256&X-Amz-Content-Sha256=UNSIGNED-PAYLOAD&X-Amz-Credential=AKIA45B7YWBX5HAZMGOU%2F20260223%2Feu-west-1%2Fs3%2Faws4_request&X-Amz-Date=20260223T002616Z&X-Amz-Expires=604800&X-Amz-Signature=be2cd0b294a663297270cf957065d50952a9b599c66db1dfe6ae17f63c7d8fa0&X-Amz-SignedHeaders=host&response-content-disposition=attachment%3B%20filename%3D8f938728-0387-4b1f-8cc7-3f924e7e3fd7.flac&x-id=GetObject,0.5040043,48469
WWP.2am-2023-05-14_17-40.WAV,2023 Wind Wolves Preserve Site 2,2023,5,14,18,40,Agelaius tricolor,Simple Call 2,47.70133209,48.09600067,375,21656,24000,present,https://rfcx-streams-production.s3.eu-west-1.amazonaws.com/2023/05/15/0qzxagkhsv1n/ada12f9a-7234-42a2-81fc-4b5609385236.flac?X-Amz-Algorithm=AWS4-HMAC-SHA256&X-Amz-Content-Sha256=UNSIGNED-PAYLOAD&X-Amz-Credential=AKIA45B7YWBX5HAZMGOU%2F20260223%2Feu-west-1%2Fs3%2Faws4_request&X-Amz-Date=20260223T002616Z&X-Amz-Expires=604800&X-Amz-Signature=23fc7112f1770dc92642650d307bf3f29373a583e3c9a67e1f51af9869ac9497&X-Amz-SignedHeaders=host&response-content-disposition=attachment%3B%20filename%3Dada12f9a-7234-42a2-81fc-4b5609385236.flac&x-id=GetObject,0.420401037,48469
WWP.2am-2023-05-14_18-20.WAV,2023 Wind Wolves Preserve Site 2,2023,5,14,19,20,Agelaius tricolor,Simple Call 2,2.458666563,2.853333235,375,21656,24000,present,https://rfcx-streams-production.s3.eu-west-1.amazonaws.com/2023/05/15/0qzxagkhsv1n/d2accbd1-6fbd-4a49-99be-65e0c8188b55.flac?X-Amz-Algorithm=AWS4-HMAC-SHA256&X-Amz-Content-Sha256=UNSIGNED-PAYLOAD&X-Amz-Credential=AKIA45B7YWBX5HAZMGOU%2F20260223%2Feu-west-1%2Fs3%2Faws4_request&X-Amz-Date=20260223T002616Z&X-Amz-Expires=604800&X-Amz-Signature=71a2218233d3b8f3ce35ca73bcbbedd9d29b33ea9bb80dfd88938f51de67923d&X-Amz-SignedHeaders=host&response-content-disposition=attachment%3B%20filename%3Dd2accbd1-6fbd-4a49-99be-65e0c8188b55.flac&x-id=GetObject,0.405860096,48469
WWP.2am-2023-05-14_19-40.WAV,2023 Wind Wolves Preserve Site 2,2023,5,14,20,40,Agelaius tricolor,Simple Call 2,16.55999947,16.95466614,375,21656,24000,present,https://rfcx-streams-production.s3.eu-west-1.amazonaws.com/2023/05/15/0qzxagkhsv1n/e8c57c2b-88a9-4712-8080-af6711cf9a51.flac?X-Amz-Algorithm=AWS4-HMAC-SHA256&X-Amz-Content-Sha256=UNSIGNED-PAYLOAD&X-Amz-Credential=AKIA45B7YWBX5HAZMGOU%2F20260223%2Feu-west-1%2Fs3%2Faws4_request&X-Amz-Date=20260223T002616Z&X-Amz-Expires=604800&X-Amz-Signature=1cadbc17a8219be07b8f3f18652cdd99e641ee73933e1646a110b46f8f486752&X-Amz-SignedHeaders=host&response-content-disposition=attachment%3B%20filename%3De8c57c2b-88a9-4712-8080-af6711cf9a51.flac&x-id=GetObject,0.402534872,48469
WWP.2am-2023-05-15_08-40.WAV,2023 Wind Wolves Preserve Site 2,2023,5,15,9,40,Agelaius tricolor,Simple Call 2,9.013333321,9.407999992,375,21656,24000,present,https://rfcx-streams-production.s3.eu-west-1.amazonaws.com/2023/05/15/0qzxagkhsv1n/80edd3e4-fa3f-42fb-a7e5-d6318635a3ab.flac?X-Amz-Algorithm=AWS4-HMAC-SHA256&X-Amz-Content-Sha256=UNSIGNED-PAYLOAD&X-Amz-Credential=AKIA45B7YWBX5HAZMGOU%2F20260223%2Feu-west-1%2Fs3%2Faws4_request&X-Amz-Date=20260223T002616Z&X-Amz-Expires=604800&X-Amz-Signature=040c38b125c1bc2402a8d2d0473e74f567f6a807525984e33d42062ae34b345f&X-Amz-SignedHeaders=host&response-content-disposition=attachment%3B%20filename%3D80edd3e4-fa3f-42fb-a7e5-d6318635a3ab.flac&x-id=GetObject,0.508934796,48469
WWP.2am-2023-05-15_09-20.WAV,2023 Wind Wolves Preserve Site 2,2023,5,15,10,20,Agelaius tricolor,Simple Call 2,36.77866745,37.17333221,375,21656,24000,present,https://rfcx-streams-production.s3.eu-west-1.amazonaws.com/2023/05/15/0qzxagkhsv1n/e66f36bf-25aa-4281-9dee-4d28aefd29a1.flac?X-Amz-Algorithm=AWS4-HMAC-SHA256&X-Amz-Content-Sha256=UNSIGNED-PAYLOAD&X-Amz-Credential=AKIA45B7YWBX5HAZMGOU%2F20260223%2Feu-west-1%2Fs3%2Faws4_request&X-Amz-Date=20260223T002616Z&X-Amz-Expires=604800&X-Amz-Signature=42b5802c490b175b172249a8d23af5cb01d6ff775ef0aacf1ea6bd8a9d10dec9&X-Amz-SignedHeaders=host&response-content-disposition=attachment%3B%20filename%3De66f36bf-25aa-4281-9dee-4d28aefd29a1.flac&x-id=GetObject,0.538933933,48469
WWP.2am-2023-05-15_10-00.WAV,2023 Wind Wolves Preserve Site 2,2023,5,15,11,0,Agelaius tricolor,Simple Call 2,12.41600037,12.81066704,375,21656,24000,present,https://rfcx-streams-production.s3.eu-west-1.amazonaws.com/2023/05/15/0qzxagkhsv1n/9687777f-1f62-4a31-bd56-ece8dc7e477c.flac?X-Amz-Algorithm=AWS4-HMAC-SHA256&X-Amz-Content-Sha256=UNSIGNED-PAYLOAD&X-Amz-Credential=AKIA45B7YWBX5HAZMGOU%2F20260223%2Feu-west-1%2Fs3%2Faws4_request&X-Amz-Date=20260223T002616Z&X-Amz-Expires=604800&X-Amz-Signature=325714d4fe8ae7eecb5efec1133981c17b5e98c4d03e0bc622970b0ac9bfbac0&X-Amz-SignedHeaders=host&response-content-disposition=attachment%3B%20filename%3D9687777f-1f62-4a31-bd56-ece8dc7e477c.flac&x-id=GetObject,0.406228691,48469
WWP.2am-2023-05-15_12-20.WAV,2023 Wind Wolves Preserve Site 2,2023,5,15,13,20,Agelaius tricolor,Simple Call 2,0.085333332,0.479999989,375,21656,24000,present,https://rfcx-streams-production.s3.eu-west-1.amazonaws.com/2023/05/15/0qzxagkhsv1n/8331d3bd-557f-41e8-9c12-96451841fb9e.flac?X-Amz-Algorithm=AWS4-HMAC-SHA256&X-Amz-Content-Sha256=UNSIGNED-PAYLOAD&X-Amz-Credential=AKIA45B7YWBX5HAZMGOU%2F20260223%2Feu-west-1%2Fs3%2Faws4_request&X-Amz-Date=20260223T002616Z&X-Amz-Expires=604800&X-Amz-Signature=85e66507ac7a3a220214c7b349591a1f162cd56764e8ce02b490ca94d16017f4&X-Amz-SignedHeaders=host&response-content-disposition=attachment%3B%20filename%3D8331d3bd-557f-41e8-9c12-96451841fb9e.flac&x-id=GetObject,0.436878264,48469
WWP.2am-2023-05-15_12-40.WAV,2023 Wind Wolves Preserve Site 2,2023,5,15,13,40,Agelaius tricolor,Simple Call 2,24.51733398,24.91200066,375,21656,24000,present,https://rfcx-streams-production.s3.eu-west-1.amazonaws.com/2023/05/15/0qzxagkhsv1n/74cfdb5f-b576-4415-aad2-e7113ce1aa2b.flac?X-Amz-Algorithm=AWS4-HMAC-SHA256&X-Amz-Content-Sha256=UNSIGNED-PAYLOAD&X-Amz-Credential=AKIA45B7YWBX5HAZMGOU%2F20260223%2Feu-west-1%2Fs3%2Faws4_request&X-Amz-Date=20260223T002616Z&X-Amz-Expires=604800&X-Amz-Signature=c9ef98365ddca09397d460543a8a61f22b239956975e55e0815ef31fa0d19262&X-Amz-SignedHeaders=host&response-content-disposition=attachment%3B%20filename%3D74cfdb5f-b576-4415-aad2-e7113ce1aa2b.flac&x-id=GetObject,0.41302979,48469
WWP.2am-2023-05-15_13-00.WAV,2023 Wind Wolves Preserve Site 2,2023,5,15,14,0,Agelaius tricolor,Simple Call 2,44.52266693,44.9173317,375,21656,24000,present,https://rfcx-streams-production.s3.eu-west-1.amazonaws.com/2023/05/15/0qzxagkhsv1n/20412f64-f84b-472f-835f-d2e980c62296.flac?X-Amz-Algorithm=AWS4-HMAC-SHA256&X-Amz-Content-Sha256=UNSIGNED-PAYLOAD&X-Amz-Credential=AKIA45B7YWBX5HAZMGOU%2F20260223%2Feu-west-1%2Fs3%2Faws4_request&X-Amz-Date=20260223T002616Z&X-Amz-Expires=604800&X-Amz-Signature=0b13064eb6c9ffa5a268185d3794e2dc2c64626b12f18a8eaf66ce3368c9bc1f&X-Amz-SignedHeaders=host&response-content-disposition=attachment%3B%20filename%3D20412f64-f84b-472f-835f-d2e980c62296.flac&x-id=GetObject,0.454367399,48469
WWP.2am-2023-05-15_13-20.WAV,2023 Wind Wolves Preserve Site 2,2023,5,15,14,20,Agelaius tricolor,Simple Call 2,3.920000076,4.314666748,375,21656,24000,present,https://rfcx-streams-production.s3.eu-west-1.amazonaws.com/2023/05/15/0qzxagkhsv1n/dba93add-dc7a-49fa-b302-393f487a3d36.flac?X-Amz-Algorithm=AWS4-HMAC-SHA256&X-Amz-Content-Sha256=UNSIGNED-PAYLOAD&X-Amz-Credential=AKIA45B7YWBX5HAZMGOU%2F20260223%2Feu-west-1%2Fs3%2Faws4_request&X-Amz-Date=20260223T002616Z&X-Amz-Expires=604800&X-Amz-Signature=41ff29b29f4939b6e6d9ec6914d37c9cbe15f797118f60df348a1d0c607aa187&X-Amz-SignedHeaders=host&response-content-disposition=attachment%3B%20filename%3Ddba93add-dc7a-49fa-b302-393f487a3d36.flac&x-id=GetObject,0.496302396,48469
WWP.2am-2023-05-15_14-20.WAV,2023 Wind Wolves Preserve Site 2,2023,5,15,15,20,Agelaius tricolor,Simple Call 2,0.671999991,1.066666722,375,21656,24000,present,https://rfcx-streams-production.s3.eu-west-1.amazonaws.com/2023/05/15/0qzxagkhsv1n/844c4b37-4082-4f6c-a4e1-8e9e8f227127.flac?X-Amz-Algorithm=AWS4-HMAC-SHA256&X-Amz-Content-Sha256=UNSIGNED-PAYLOAD&X-Amz-Credential=AKIA45B7YWBX5HAZMGOU%2F20260223%2Feu-west-1%2Fs3%2Faws4_request&X-Amz-Date=20260223T002616Z&X-Amz-Expires=604800&X-Amz-Signature=56dcc39f056e316f02bcc7b47644f246b2d12f3337f2a4cbf8de58f86b953e3d&X-Amz-SignedHeaders=host&response-content-disposition=attachment%3B%20filename%3D844c4b37-4082-4f6c-a4e1-8e9e8f227127.flac&x-id=GetObject,0.515829563,48469
WWP.2am-2023-05-15_15-00.WAV,2023 Wind Wolves Preserve Site 2,2023,5,15,16,0,Agelaius tricolor,Simple Call 2,44.28266525,44.67733383,375,21656,24000,present,https://rfcx-streams-production.s3.eu-west-1.amazonaws.com/2023/05/15/0qzxagkhsv1n/d11a0286-39b3-4162-956b-449a7a166187.flac?X-Amz-Algorithm=AWS4-HMAC-SHA256&X-Amz-Content-Sha256=UNSIGNED-PAYLOAD&X-Amz-Credential=AKIA45B7YWBX5HAZMGOU%2F20260223%2Feu-west-1%2Fs3%2Faws4_request&X-Amz-Date=20260223T002616Z&X-Amz-Expires=604800&X-Amz-Signature=a7201cf7e0530fe0442f9a3529211e80219572b73679a16d9b527e3c03e318c8&X-Amz-SignedHeaders=host&response-content-disposition=attachment%3B%20filename%3Dd11a0286-39b3-4162-956b-449a7a166187.flac&x-id=GetObject,0.452437282,48469
WWP.2am-2023-05-15_16-20.WAV,2023 Wind Wolves Preserve Site 2,2023,5,15,17,20,Agelaius tricolor,Simple Call 2,28.55466652,28.94933319,375,21656,24000,present,https://rfcx-streams-production.s3.eu-west-1.amazonaws.com/2023/05/16/0qzxagkhsv1n/6da8cbdc-7678-4222-a3d4-3d456189ce98.flac?X-Amz-Algorithm=AWS4-HMAC-SHA256&X-Amz-Content-Sha256=UNSIGNED-PAYLOAD&X-Amz-Credential=AKIA45B7YWBX5HAZMGOU%2F20260223%2Feu-west-1%2Fs3%2Faws4_request&X-Amz-Date=20260223T002616Z&X-Amz-Expires=604800&X-Amz-Signature=ab6669a0dc48afaed0a28f2c6c034b5d69974b834e16f5a467683ce5f05cf276&X-Amz-SignedHeaders=host&response-content-disposition=attachment%3B%20filename%3D6da8cbdc-7678-4222-a3d4-3d456189ce98.flac&x-id=GetObject,0.538913012,48469
WWP.2am-2023-05-15_16-40.WAV,2023 Wind Wolves Preserve Site 2,2023,5,15,17,40,Agelaius tricolor,Simple Call 2,4.874666691,5.269333363,375,21656,24000,present,https://rfcx-streams-production.s3.eu-west-1.amazonaws.com/2023/05/16/0qzxagkhsv1n/48fff812-f701-468e-a4d3-b7cf15ee653b.flac?X-Amz-Algorithm=AWS4-HMAC-SHA256&X-Amz-Content-Sha256=UNSIGNED-PAYLOAD&X-Amz-Credential=AKIA45B7YWBX5HAZMGOU%2F20260223%2Feu-west-1%2Fs3%2Faws4_request&X-Amz-Date=20260223T002616Z&X-Amz-Expires=604800&X-Amz-Signature=7c7150504ffc0fbde01a248bab6c59824aa21ae8ce561b95a716b3f293311ab8&X-Amz-SignedHeaders=host&response-content-disposition=attachment%3B%20filename%3D48fff812-f701-468e-a4d3-b7cf15ee653b.flac&x-id=GetObject,0.538736463,48469
WWP.2am-2023-05-15_18-00.WAV,2023 Wind Wolves Preserve Site 2,2023,5,15,19,0,Agelaius tricolor,Simple Call 2,47.75466537,48.14933395,375,21656,24000,present,https://rfcx-streams-production.s3.eu-west-1.amazonaws.com/2023/05/16/0qzxagkhsv1n/5a979c57-449b-4093-b766-b43b6252a5c4.flac?X-Amz-Algorithm=AWS4-HMAC-SHA256&X-Amz-Content-Sha256=UNSIGNED-PAYLOAD&X-Amz-Credential=AKIA45B7YWBX5HAZMGOU%2F20260223%2Feu-west-1%2Fs3%2Faws4_request&X-Amz-Date=20260223T002616Z&X-Amz-Expires=604800&X-Amz-Signature=5d74000c369421b44c23f2e2edeab7b79064fa630de4a05ac1daec5205690258&X-Amz-SignedHeaders=host&response-content-disposition=attachment%3B%20filename%3D5a979c57-449b-4093-b766-b43b6252a5c4.flac&x-id=GetObject,0.458022982,48469
WWP.2am-2023-05-15_18-20.WAV,2023 Wind Wolves Preserve Site 2,2023,5,15,19,20,Agelaius tricolor,Simple Call 2,22.71999931,23.11466599,375,21656,24000,present,https://rfcx-streams-production.s3.eu-west-1.amazonaws.com/2023/05/16/0qzxagkhsv1n/5fbb107d-89ec-440c-89f3-e13b7495f9f0.flac?X-Amz-Algorithm=AWS4-HMAC-SHA256&X-Amz-Content-Sha256=UNSIGNED-PAYLOAD&X-Amz-Credential=AKIA45B7YWBX5HAZMGOU%2F20260223%2Feu-west-1%2Fs3%2Faws4_request&X-Amz-Date=20260223T002616Z&X-Amz-Expires=604800&X-Amz-Signature=2622e142f5c978b1c6169e37f4f8b1984cd51120c1b078aae44d11f35f2ab56c&X-Amz-SignedHeaders=host&response-content-disposition=attachment%3B%20filename%3D5fbb107d-89ec-440c-89f3-e13b7495f9f0.flac&x-id=GetObject,0.43279016,48469
WWP.2am-2023-05-15_19-00.WAV,2023 Wind Wolves Preserve Site 2,2023,5,15,20,0,Agelaius tricolor,Simple Call 2,42.73066711,43.12533188,375,21656,24000,present,https://rfcx-streams-production.s3.eu-west-1.amazonaws.com/2023/05/16/0qzxagkhsv1n/aef956eb-0cee-4411-9748-050ba2578db9.flac?X-Amz-Algorithm=AWS4-HMAC-SHA256&X-Amz-Content-Sha256=UNSIGNED-PAYLOAD&X-Amz-Credential=AKIA45B7YWBX5HAZMGOU%2F20260223%2Feu-west-1%2Fs3%2Faws4_request&X-Amz-Date=20260223T002616Z&X-Amz-Expires=604800&X-Amz-Signature=afd669fb847d4aded640d42476e001b88dbff22803218e0d2dbccb035b231dc3&X-Amz-SignedHeaders=host&response-content-disposition=attachment%3B%20filename%3Daef956eb-0cee-4411-9748-050ba2578db9.flac&x-id=GetObject,0.438836306,48469
WWP.2am-2023-05-15_20-00.WAV,2023 Wind Wolves Preserve Site 2,2023,5,15,21,0,Agelaius tricolor,Simple Call 2,16.54933357,16.94400024,375,21656,24000,present,https://rfcx-streams-production.s3.eu-west-1.amazonaws.com/2023/05/16/0qzxagkhsv1n/f436691e-a3ae-4478-8ac1-e9d0d28de748.flac?X-Amz-Algorithm=AWS4-HMAC-SHA256&X-Amz-Content-Sha256=UNSIGNED-PAYLOAD&X-Amz-Credential=AKIA45B7YWBX5HAZMGOU%2F20260223%2Feu-west-1%2Fs3%2Faws4_request&X-Amz-Date=20260223T002616Z&X-Amz-Expires=604800&X-Amz-Signature=8315f88b27dc0597c2bab643023cf221936181f1671ad66f11b5876628739bbb&X-Amz-SignedHeaders=host&response-content-disposition=attachment%3B%20filename%3Df436691e-a3ae-4478-8ac1-e9d0d28de748.flac&x-id=GetObject,0.416336358,48469
WWP.2am-2023-05-16_06-20.WAV,2023 Wind Wolves Preserve Site 2,2023,5,16,7,20,Agelaius tricolor,Simple Call 2,23.31733322,23.71199989,375,21656,24000,present,https://rfcx-streams-production.s3.eu-west-1.amazonaws.com/2023/05/16/0qzxagkhsv1n/221451aa-5a7a-44e7-978b-8d548894f90b.flac?X-Amz-Algorithm=AWS4-HMAC-SHA256&X-Amz-Content-Sha256=UNSIGNED-PAYLOAD&X-Amz-Credential=AKIA45B7YWBX5HAZMGOU%2F20260223%2Feu-west-1%2Fs3%2Faws4_request&X-Amz-Date=20260223T002616Z&X-Amz-Expires=604800&X-Amz-Signature=7fad027903fd61d82f24acc3afdf048c1cf111198ef1470558339f49c51e76b5&X-Amz-SignedHeaders=host&response-content-disposition=attachment%3B%20filename%3D221451aa-5a7a-44e7-978b-8d548894f90b.flac&x-id=GetObject,0.412727565,48469
WWP.2am-2023-05-16_06-40.WAV,2023 Wind Wolves Preserve Site 2,2023,5,16,7,40,Agelaius tricolor,Simple Call 2,56.19733429,56.59199905,375,21656,24000,present,https://rfcx-streams-production.s3.eu-west-1.amazonaws.com/2023/05/16/0qzxagkhsv1n/5c3f6129-986f-44ac-a9e2-67e15f735ee7.flac?X-Amz-Algorithm=AWS4-HMAC-SHA256&X-Amz-Content-Sha256=UNSIGNED-PAYLOAD&X-Amz-Credential=AKIA45B7YWBX5HAZMGOU%2F20260223%2Feu-west-1%2Fs3%2Faws4_request&X-Amz-Date=20260223T002616Z&X-Amz-Expires=604800&X-Amz-Signature=4e0cd7f78730999b670a4bf4a435f4426962d10f6ebe318c59059519c8d550bd&X-Amz-SignedHeaders=host&response-content-disposition=attachment%3B%20filename%3D5c3f6129-986f-44ac-a9e2-67e15f735ee7.flac&x-id=GetObject,0.425688922,48469
WWP.2am-2023-05-16_07-00.WAV,2023 Wind Wolves Preserve Site 2,2023,5,16,8,0,Agelaius tricolor,Simple Call 2,33.86666489,34.26133347,375,21656,24000,present,https://rfcx-streams-production.s3.eu-west-1.amazonaws.com/2023/05/16/0qzxagkhsv1n/dd589d94-4ecb-4412-af82-cfc9fd931b99.flac?X-Amz-Algorithm=AWS4-HMAC-SHA256&X-Amz-Content-Sha256=UNSIGNED-PAYLOAD&X-Amz-Credential=AKIA45B7YWBX5HAZMGOU%2F20260223%2Feu-west-1%2Fs3%2Faws4_request&X-Amz-Date=20260223T002616Z&X-Amz-Expires=604800&X-Amz-Signature=7c52a529591fc51c101553a3712187d3b331e56aa1d112775f1e54bf6e9844ef&X-Amz-SignedHeaders=host&response-content-disposition=attachment%3B%20filename%3Ddd589d94-4ecb-4412-af82-cfc9fd931b99.flac&x-id=GetObject,0.52282691,48469
WWP.2am-2023-05-16_07-20.WAV,2023 Wind Wolves Preserve Site 2,2023,5,16,8,20,Agelaius tricolor,Simple Call 2,57.71733475,58.11199951,375,21656,24000,present,https://rfcx-streams-production.s3.eu-west-1.amazonaws.com/2023/05/16/0qzxagkhsv1n/c2375cba-99db-49af-a843-46bdf2b91ab9.flac?X-Amz-Algorithm=AWS4-HMAC-SHA256&X-Amz-Content-Sha256=UNSIGNED-PAYLOAD&X-Amz-Credential=AKIA45B7YWBX5HAZMGOU%2F20260223%2Feu-west-1%2Fs3%2Faws4_request&X-Amz-Date=20260223T002616Z&X-Amz-Expires=604800&X-Amz-Signature=663207d25d21a7d02ec249db2f36421f7eee205ff0f3706cde8904bdd6c35817&X-Amz-SignedHeaders=host&response-content-disposition=attachment%3B%20filename%3Dc2375cba-99db-49af-a843-46bdf2b91ab9.flac&x-id=GetObject,0.443109125,48469
WWP.2am-2023-05-16_07-40.WAV,2023 Wind Wolves Preserve Site 2,2023,5,16,8,40,Agelaius tricolor,Simple Call 2,7.487999916,7.882666588,375,21656,24000,present,https://rfcx-streams-production.s3.eu-west-1.amazonaws.com/2023/05/16/0qzxagkhsv1n/8f103252-c134-4cb3-acf5-44c7dd6edcf1.flac?X-Amz-Algorithm=AWS4-HMAC-SHA256&X-Amz-Content-Sha256=UNSIGNED-PAYLOAD&X-Amz-Credential=AKIA45B7YWBX5HAZMGOU%2F20260223%2Feu-west-1%2Fs3%2Faws4_request&X-Amz-Date=20260223T002616Z&X-Amz-Expires=604800&X-Amz-Signature=fb11abc5165607829ab37802bd84838771b14d6e8ce4b9c5a90cbc47dc22093c&X-Amz-SignedHeaders=host&response-content-disposition=attachment%3B%20filename%3D8f103252-c134-4cb3-acf5-44c7dd6edcf1.flac&x-id=GetObject,0.499414086,48469
WWP.2am-2023-05-16_08-00.WAV,2023 Wind Wolves Preserve Site 2,2023,5,16,9,0,Agelaius tricolor,Simple Call 2,53.11999893,53.51466751,375,21656,24000,present,https://rfcx-streams-production.s3.eu-west-1.amazonaws.com/2023/05/16/0qzxagkhsv1n/035b19e2-8864-4f82-b504-c2f0d58f9d9e.flac?X-Amz-Algorithm=AWS4-HMAC-SHA256&X-Amz-Content-Sha256=UNSIGNED-PAYLOAD&X-Amz-Credential=AKIA45B7YWBX5HAZMGOU%2F20260223%2Feu-west-1%2Fs3%2Faws4_request&X-Amz-Date=20260223T002616Z&X-Amz-Expires=604800&X-Amz-Signature=b16b35fa97a49f626e0749d750bff18ecf13af898ed4d5b237139c74655a1c4e&X-Amz-SignedHeaders=host&response-content-disposition=attachment%3B%20filename%3D035b19e2-8864-4f82-b504-c2f0d58f9d9e.flac&x-id=GetObject,0.454258144,48469
WWP.2am-2023-05-16_08-40.WAV,2023 Wind Wolves Preserve Site 2,2023,5,16,9,40,Agelaius tricolor,Simple Call 2,34.06399918,34.45866776,375,21656,24000,present,https://rfcx-streams-production.s3.eu-west-1.amazonaws.com/2023/05/16/0qzxagkhsv1n/bb38a06c-366f-4bba-aecb-61220a4361c8.flac?X-Amz-Algorithm=AWS4-HMAC-SHA256&X-Amz-Content-Sha256=UNSIGNED-PAYLOAD&X-Amz-Credential=AKIA45B7YWBX5HAZMGOU%2F20260223%2Feu-west-1%2Fs3%2Faws4_request&X-Amz-Date=20260223T002616Z&X-Amz-Expires=604800&X-Amz-Signature=065915586db246ce4499e1da871c0e8cb880faedc01aabc72bf42b7afd1a8632&X-Amz-SignedHeaders=host&response-content-disposition=attachment%3B%20filename%3Dbb38a06c-366f-4bba-aecb-61220a4361c8.flac&x-id=GetObject,0.500194311,48469
WWP.2am-2023-05-16_09-00.WAV,2023 Wind Wolves Preserve Site 2,2023,5,16,10,0,Agelaius tricolor,Simple Call 2,23.00266647,23.39733315,375,21656,24000,present,https://rfcx-streams-production.s3.eu-west-1.amazonaws.com/2023/05/16/0qzxagkhsv1n/3c896023-2285-4677-b5cd-748ac57127b0.flac?X-Amz-Algorithm=AWS4-HMAC-SHA256&X-Amz-Content-Sha256=UNSIGNED-PAYLOAD&X-Amz-Credential=AKIA45B7YWBX5HAZMGOU%2F20260223%2Feu-west-1%2Fs3%2Faws4_request&X-Amz-Date=20260223T002616Z&X-Amz-Expires=604800&X-Amz-Signature=a5ede5db750ed27ae7cf4202de8cf4395d546f516223a2e16faf1ecff69cdb13&X-Amz-SignedHeaders=host&response-content-disposition=attachment%3B%20filename%3D3c896023-2285-4677-b5cd-748ac57127b0.flac&x-id=GetObject,0.426771373,48469
WWP.2am-2023-05-16_09-20.WAV,2023 Wind Wolves Preserve Site 2,2023,5,16,10,20,Agelaius tricolor,Simple Call 2,37.13600159,37.53066635,375,21656,24000,present,https://rfcx-streams-production.s3.eu-west-1.amazonaws.com/2023/05/16/0qzxagkhsv1n/26fdcf86-56e5-4eac-8b6f-04a916463ff7.flac?X-Amz-Algorithm=AWS4-HMAC-SHA256&X-Amz-Content-Sha256=UNSIGNED-PAYLOAD&X-Amz-Credential=AKIA45B7YWBX5HAZMGOU%2F20260223%2Feu-west-1%2Fs3%2Faws4_request&X-Amz-Date=20260223T002616Z&X-Amz-Expires=604800&X-Amz-Signature=4bc6b42377dfefba5d4972fa5e9b355bffcac57afa0b6f1cc9fd9fcac174acd2&X-Amz-SignedHeaders=host&response-content-disposition=attachment%3B%20filename%3D26fdcf86-56e5-4eac-8b6f-04a916463ff7.flac&x-id=GetObject,0.413280487,48469
WWP.2am-2023-05-16_11-00.WAV,2023 Wind Wolves Preserve Site 2,2023,5,16,12,0,Agelaius tricolor,Simple Call 2,54.20800018,54.60266495,375,21656,24000,present,https://rfcx-streams-production.s3.eu-west-1.amazonaws.com/2023/05/16/0qzxagkhsv1n/1cdc2b6d-5274-46c3-aa88-6f3e62895a96.flac?X-Amz-Algorithm=AWS4-HMAC-SHA256&X-Amz-Content-Sha256=UNSIGNED-PAYLOAD&X-Amz-Credential=AKIA45B7YWBX5HAZMGOU%2F20260223%2Feu-west-1%2Fs3%2Faws4_request&X-Amz-Date=20260223T002616Z&X-Amz-Expires=604800&X-Amz-Signature=21f0bacf4304d1c8121cfef03125d04c7ac2510516303a64565e509588e002a5&X-Amz-SignedHeaders=host&response-content-disposition=attachment%3B%20filename%3D1cdc2b6d-5274-46c3-aa88-6f3e62895a96.flac&x-id=GetObject,0.428147733,48469
WWP.2am-2023-05-16_12-00.WAV,2023 Wind Wolves Preserve Site 2,2023,5,16,13,0,Agelaius tricolor,Simple Call 2,44.69333267,45.08800125,375,21656,24000,present,https://rfcx-streams-production.s3.eu-west-1.amazonaws.com/2023/05/16/0qzxagkhsv1n/378a2242-bcc8-41db-8533-bf37db4f6b83.flac?X-Amz-Algorithm=AWS4-HMAC-SHA256&X-Amz-Content-Sha256=UNSIGNED-PAYLOAD&X-Amz-Credential=AKIA45B7YWBX5HAZMGOU%2F20260223%2Feu-west-1%2Fs3%2Faws4_request&X-Amz-Date=20260223T002616Z&X-Amz-Expires=604800&X-Amz-Signature=e6980445e195d931db16dcf9bc3183b1c198c12cc495cce6c5827132ee3497f6&X-Amz-SignedHeaders=host&response-content-disposition=attachment%3B%20filename%3D378a2242-bcc8-41db-8533-bf37db4f6b83.flac&x-id=GetObject,0.405271739,48469
WWP.2am-2023-05-16_12-20.WAV,2023 Wind Wolves Preserve Site 2,2023,5,16,13,20,Agelaius tricolor,Simple Call 2,4.239999771,4.634666443,375,21656,24000,present,https://rfcx-streams-production.s3.eu-west-1.amazonaws.com/2023/05/16/0qzxagkhsv1n/0015ba5f-1011-41ea-90e3-92ff80878eff.flac?X-Amz-Algorithm=AWS4-HMAC-SHA256&X-Amz-Content-Sha256=UNSIGNED-PAYLOAD&X-Amz-Credential=AKIA45B7YWBX5HAZMGOU%2F20260223%2Feu-west-1%2Fs3%2Faws4_request&X-Amz-Date=20260223T002616Z&X-Amz-Expires=604800&X-Amz-Signature=8a2b17832b21320f455fe0087b2db8913d39bea1ebdf160cdec7c656209de2d5&X-Amz-SignedHeaders=host&response-content-disposition=attachment%3B%20filename%3D0015ba5f-1011-41ea-90e3-92ff80878eff.flac&x-id=GetObject,0.444916308,48469
WWP.2am-2023-05-16_13-00.WAV,2023 Wind Wolves Preserve Site 2,2023,5,16,14,0,Agelaius tricolor,Simple Call 2,2.533333302,2.927999973,375,21656,24000,present,https://rfcx-streams-production.s3.eu-west-1.amazonaws.com/2023/05/16/0qzxagkhsv1n/e4846bf5-c3de-41b5-aa43-28a5c1530af8.flac?X-Amz-Algorithm=AWS4-HMAC-SHA256&X-Amz-Content-Sha256=UNSIGNED-PAYLOAD&X-Amz-Credential=AKIA45B7YWBX5HAZMGOU%2F20260223%2Feu-west-1%2Fs3%2Faws4_request&X-Amz-Date=20260223T002616Z&X-Amz-Expires=604800&X-Amz-Signature=b814d0fde2ad8c9620b94779418b1f6134c6a6b79f487782f9fb99ac71979e0d&X-Amz-SignedHeaders=host&response-content-disposition=attachment%3B%20filename%3De4846bf5-c3de-41b5-aa43-28a5c1530af8.flac&x-id=GetObject,0.465155512,48469
WWP.2am-2023-05-16_13-20.WAV,2023 Wind Wolves Preserve Site 2,2023,5,16,14,20,Agelaius tricolor,Simple Call 2,35.88800049,36.28266525,375,21656,24000,present,https://rfcx-streams-production.s3.eu-west-1.amazonaws.com/2023/05/16/0qzxagkhsv1n/e226d568-89d9-4d96-9fef-b97ad381d897.flac?X-Amz-Algorithm=AWS4-HMAC-SHA256&X-Amz-Content-Sha256=UNSIGNED-PAYLOAD&X-Amz-Credential=AKIA45B7YWBX5HAZMGOU%2F20260223%2Feu-west-1%2Fs3%2Faws4_request&X-Amz-Date=20260223T002616Z&X-Amz-Expires=604800&X-Amz-Signature=dd643fd0e8bee8bcc0e012b11318bb220b07ac9b1ce3805161c387535b03b9df&X-Amz-SignedHeaders=host&response-content-disposition=attachment%3B%20filename%3De226d568-89d9-4d96-9fef-b97ad381d897.flac&x-id=GetObject,0.446047366,48469
WWP.2am-2023-05-16_13-40.WAV,2023 Wind Wolves Preserve Site 2,2023,5,16,14,40,Agelaius tricolor,Simple Call 2,55.98933411,56.38399887,375,21656,24000,present,https://rfcx-streams-production.s3.eu-west-1.amazonaws.com/2023/05/16/0qzxagkhsv1n/163a3639-6049-43e6-87cc-fdb74b1bdd5e.flac?X-Amz-Algorithm=AWS4-HMAC-SHA256&X-Amz-Content-Sha256=UNSIGNED-PAYLOAD&X-Amz-Credential=AKIA45B7YWBX5HAZMGOU%2F20260223%2Feu-west-1%2Fs3%2Faws4_request&X-Amz-Date=20260223T002616Z&X-Amz-Expires=604800&X-Amz-Signature=99d24a99281543b248eb17b75fb8e983f3b53c2cde56854690aebf3ecca1193f&X-Amz-SignedHeaders=host&response-content-disposition=attachment%3B%20filename%3D163a3639-6049-43e6-87cc-fdb74b1bdd5e.flac&x-id=GetObject,0.537438035,48469
WWP.2am-2023-05-16_14-00.WAV,2023 Wind Wolves Preserve Site 2,2023,5,16,15,0,Agelaius tricolor,Simple Call 2,21.0826664,21.47733307,375,21656,24000,present,https://rfcx-streams-production.s3.eu-west-1.amazonaws.com/2023/05/16/0qzxagkhsv1n/72ac269c-056c-4944-9353-abdb868b7be1.flac?X-Amz-Algorithm=AWS4-HMAC-SHA256&X-Amz-Content-Sha256=UNSIGNED-PAYLOAD&X-Amz-Credential=AKIA45B7YWBX5HAZMGOU%2F20260223%2Feu-west-1%2Fs3%2Faws4_request&X-Amz-Date=20260223T002616Z&X-Amz-Expires=604800&X-Amz-Signature=578924b7652efed561d127e4b2f6ed87d00cb8ef37feab7e8e9aa58b2fdcebff&X-Amz-SignedHeaders=host&response-content-disposition=attachment%3B%20filename%3D72ac269c-056c-4944-9353-abdb868b7be1.flac&x-id=GetObject,0.519246519,48469
WWP.2am-2023-05-16_14-20.WAV,2023 Wind Wolves Preserve Site 2,2023,5,16,15,20,Agelaius tricolor,Simple Call 2,3.157333374,3.552000046,375,21656,24000,present,https://rfcx-streams-production.s3.eu-west-1.amazonaws.com/2023/05/16/0qzxagkhsv1n/dcf5db8a-f288-46d4-a0ca-7b901c380773.flac?X-Amz-Algorithm=AWS4-HMAC-SHA256&X-Amz-Content-Sha256=UNSIGNED-PAYLOAD&X-Amz-Credential=AKIA45B7YWBX5HAZMGOU%2F20260223%2Feu-west-1%2Fs3%2Faws4_request&X-Amz-Date=20260223T002616Z&X-Amz-Expires=604800&X-Amz-Signature=3f206feacbc4a09890d59e5b550347c248a86b30a2ca05b005c0d3033f97c721&X-Amz-SignedHeaders=host&response-content-disposition=attachment%3B%20filename%3Ddcf5db8a-f288-46d4-a0ca-7b901c380773.flac&x-id=GetObject,0.541668415,48469
WWP.2am-2023-05-16_14-40.WAV,2023 Wind Wolves Preserve Site 2,2023,5,16,15,40,Agelaius tricolor,Simple Call 2,13.93599987,14.33066654,375,21656,24000,present,https://rfcx-streams-production.s3.eu-west-1.amazonaws.com/2023/05/16/0qzxagkhsv1n/3200ebc7-9962-4218-8cc9-fd56ddda6895.flac?X-Amz-Algorithm=AWS4-HMAC-SHA256&X-Amz-Content-Sha256=UNSIGNED-PAYLOAD&X-Amz-Credential=AKIA45B7YWBX5HAZMGOU%2F20260223%2Feu-west-1%2Fs3%2Faws4_request&X-Amz-Date=20260223T002616Z&X-Amz-Expires=604800&X-Amz-Signature=a5d7372b93178cd978c747c6d610254cd34d46f90d821550bb2875aadec1e814&X-Amz-SignedHeaders=host&response-content-disposition=attachment%3B%20filename%3D3200ebc7-9962-4218-8cc9-fd56ddda6895.flac&x-id=GetObject,0.492443353,48469
WWP.2am-2023-05-16_15-00.WAV,2023 Wind Wolves Preserve Site 2,2023,5,16,16,0,Agelaius tricolor,Simple Call 2,57.82933426,58.22399902,375,21656,24000,present,https://rfcx-streams-production.s3.eu-west-1.amazonaws.com/2023/05/16/0qzxagkhsv1n/d38b68ea-3dfc-42e1-ac94-227fa51c56af.flac?X-Amz-Algorithm=AWS4-HMAC-SHA256&X-Amz-Content-Sha256=UNSIGNED-PAYLOAD&X-Amz-Credential=AKIA45B7YWBX5HAZMGOU%2F20260223%2Feu-west-1%2Fs3%2Faws4_request&X-Amz-Date=20260223T002616Z&X-Amz-Expires=604800&X-Amz-Signature=85d55d621349162ab7870215c54db791e347e77ce76037f5bfcb8ebd79f6e1f4&X-Amz-SignedHeaders=host&response-content-disposition=attachment%3B%20filename%3Dd38b68ea-3dfc-42e1-ac94-227fa51c56af.flac&x-id=GetObject,0.535838127,48469
WWP.2am-2023-05-16_15-20.WAV,2023 Wind Wolves Preserve Site 2,2023,5,16,16,20,Agelaius tricolor,Simple Call 2,14.23999977,14.63466644,375,21656,24000,present,https://rfcx-streams-production.s3.eu-west-1.amazonaws.com/2023/05/16/0qzxagkhsv1n/66709609-46bd-4225-9bb8-af2565e86b3f.flac?X-Amz-Algorithm=AWS4-HMAC-SHA256&X-Amz-Content-Sha256=UNSIGNED-PAYLOAD&X-Amz-Credential=AKIA45B7YWBX5HAZMGOU%2F20260223%2Feu-west-1%2Fs3%2Faws4_request&X-Amz-Date=20260223T002616Z&X-Amz-Expires=604800&X-Amz-Signature=29571cde3cea2dcdbc4af1da54a64554701ec6711ca0ea62dcc67276ff18357e&X-Amz-SignedHeaders=host&response-content-disposition=attachment%3B%20filename%3D66709609-46bd-4225-9bb8-af2565e86b3f.flac&x-id=GetObject,0.52997148,48469
WWP.2am-2023-05-16_15-40.WAV,2023 Wind Wolves Preserve Site 2,2023,5,16,16,40,Agelaius tricolor,Simple Call 2,54.89066696,55.28533173,375,21656,24000,present,https://rfcx-streams-production.s3.eu-west-1.amazonaws.com/2023/05/16/0qzxagkhsv1n/541c2b9a-ccc9-4186-9298-ffb24f3f5679.flac?X-Amz-Algorithm=AWS4-HMAC-SHA256&X-Amz-Content-Sha256=UNSIGNED-PAYLOAD&X-Amz-Credential=AKIA45B7YWBX5HAZMGOU%2F20260223%2Feu-west-1%2Fs3%2Faws4_request&X-Amz-Date=20260223T002616Z&X-Amz-Expires=604800&X-Amz-Signature=2e535bd36a80f2b4630ba3dfcc5fd3695ab2ff3b2b1c0c0df2970ca7efe1d948&X-Amz-SignedHeaders=host&response-content-disposition=attachment%3B%20filename%3D541c2b9a-ccc9-4186-9298-ffb24f3f5679.flac&x-id=GetObject,0.475143433,48469
WWP.2am-2023-05-16_16-00.WAV,2023 Wind Wolves Preserve Site 2,2023,5,16,17,0,Agelaius tricolor,Simple Call 2,2.762666702,3.157333374,375,21656,24000,present,https://rfcx-streams-production.s3.eu-west-1.amazonaws.com/2023/05/17/0qzxagkhsv1n/d504a065-9f94-4863-8253-3cbc9a6c877d.flac?X-Amz-Algorithm=AWS4-HMAC-SHA256&X-Amz-Content-Sha256=UNSIGNED-PAYLOAD&X-Amz-Credential=AKIA45B7YWBX5HAZMGOU%2F20260223%2Feu-west-1%2Fs3%2Faws4_request&X-Amz-Date=20260223T002616Z&X-Amz-Expires=604800&X-Amz-Signature=ec37ac55c238acb81fff08f42e67bbb4072e398577ef984c3e2f15810a164e21&X-Amz-SignedHeaders=host&response-content-disposition=attachment%3B%20filename%3Dd504a065-9f94-4863-8253-3cbc9a6c877d.flac&x-id=GetObject,0.431068689,48469
WWP.2am-2023-05-16_16-20.WAV,2023 Wind Wolves Preserve Site 2,2023,5,16,17,20,Agelaius tricolor,Simple Call 2,57.28533173,57.68000031,375,21656,24000,present,https://rfcx-streams-production.s3.eu-west-1.amazonaws.com/2023/05/17/0qzxagkhsv1n/a7d1b29e-6b9f-4e06-9773-8f6a582da3f1.flac?X-Amz-Algorithm=AWS4-HMAC-SHA256&X-Amz-Content-Sha256=UNSIGNED-PAYLOAD&X-Amz-Credential=AKIA45B7YWBX5HAZMGOU%2F20260223%2Feu-west-1%2Fs3%2Faws4_request&X-Amz-Date=20260223T002616Z&X-Amz-Expires=604800&X-Amz-Signature=2a100ac9764f38dbd73c8aec5c6622c37d66af08f9563d10f9e079947e39e240&X-Amz-SignedHeaders=host&response-content-disposition=attachment%3B%20filename%3Da7d1b29e-6b9f-4e06-9773-8f6a582da3f1.flac&x-id=GetObject,0.531900764,48469
WWP.2am-2023-05-16_16-40.WAV,2023 Wind Wolves Preserve Site 2,2023,5,16,17,40,Agelaius tricolor,Simple Call 2,8.144000053,8.538666725,375,21656,24000,present,https://rfcx-streams-production.s3.eu-west-1.amazonaws.com/2023/05/17/0qzxagkhsv1n/ffcf7741-6e05-4c4c-91bd-6c9d88b1256e.flac?X-Amz-Algorithm=AWS4-HMAC-SHA256&X-Amz-Content-Sha256=UNSIGNED-PAYLOAD&X-Amz-Credential=AKIA45B7YWBX5HAZMGOU%2F20260223%2Feu-west-1%2Fs3%2Faws4_request&X-Amz-Date=20260223T002616Z&X-Amz-Expires=604800&X-Amz-Signature=7940772a62896b2ea21f411e65b2ece7066915c8633047b9dad91babcc8937ae&X-Amz-SignedHeaders=host&response-content-disposition=attachment%3B%20filename%3Dffcf7741-6e05-4c4c-91bd-6c9d88b1256e.flac&x-id=GetObject,0.543175042,48469
WWP.2am-2023-05-16_17-00.WAV,2023 Wind Wolves Preserve Site 2,2023,5,16,18,0,Agelaius tricolor,Simple Call 2,58.81600189,59.21066666,375,21656,24000,present,https://rfcx-streams-production.s3.eu-west-1.amazonaws.com/2023/05/17/0qzxagkhsv1n/d69d56d7-2b9a-4284-b664-5a0dd9d2ba16.flac?X-Amz-Algorithm=AWS4-HMAC-SHA256&X-Amz-Content-Sha256=UNSIGNED-PAYLOAD&X-Amz-Credential=AKIA45B7YWBX5HAZMGOU%2F20260223%2Feu-west-1%2Fs3%2Faws4_request&X-Amz-Date=20260223T002616Z&X-Amz-Expires=604800&X-Amz-Signature=004f144893d52b8ce2cca9e67dab0958d8a4b735ebcf5418e930ecab5dbcd89a&X-Amz-SignedHeaders=host&response-content-disposition=attachment%3B%20filename%3Dd69d56d7-2b9a-4284-b664-5a0dd9d2ba16.flac&x-id=GetObject,0.555757523,48469
WWP.2am-2023-05-16_17-40.WAV,2023 Wind Wolves Preserve Site 2,2023,5,16,18,40,Agelaius tricolor,Simple Call 2,11.48266697,11.87733364,375,21656,24000,present,https://rfcx-streams-production.s3.eu-west-1.amazonaws.com/2023/05/17/0qzxagkhsv1n/769bc2c9-cb3a-4083-bf4f-20067ac59d37.flac?X-Amz-Algorithm=AWS4-HMAC-SHA256&X-Amz-Content-Sha256=UNSIGNED-PAYLOAD&X-Amz-Credential=AKIA45B7YWBX5HAZMGOU%2F20260223%2Feu-west-1%2Fs3%2Faws4_request&X-Amz-Date=20260223T002616Z&X-Amz-Expires=604800&X-Amz-Signature=d217ebbec10fff3b7abb7896e9b950cbd20e069e1c0493fd062456fbc434b1fb&X-Amz-SignedHeaders=host&response-content-disposition=attachment%3B%20filename%3D769bc2c9-cb3a-4083-bf4f-20067ac59d37.flac&x-id=GetObject,0.412788093,48469
WWP.2am-2023-05-16_18-00.WAV,2023 Wind Wolves Preserve Site 2,2023,5,16,19,0,Agelaius tricolor,Simple Call 2,55.90399933,56.29866791,375,21656,24000,present,https://rfcx-streams-production.s3.eu-west-1.amazonaws.com/2023/05/17/0qzxagkhsv1n/201ef908-f29e-4004-ad86-8d92cd1fa5d0.flac?X-Amz-Algorithm=AWS4-HMAC-SHA256&X-Amz-Content-Sha256=UNSIGNED-PAYLOAD&X-Amz-Credential=AKIA45B7YWBX5HAZMGOU%2F20260223%2Feu-west-1%2Fs3%2Faws4_request&X-Amz-Date=20260223T002616Z&X-Amz-Expires=604800&X-Amz-Signature=425326bbf601b0199c97de97fd465d1ef36f44c577c18f691a2f8f6bc04d198c&X-Amz-SignedHeaders=host&response-content-disposition=attachment%3B%20filename%3D201ef908-f29e-4004-ad86-8d92cd1fa5d0.flac&x-id=GetObject,0.449820548,48469
WWP.2am-2023-05-16_18-20.WAV,2023 Wind Wolves Preserve Site 2,2023,5,16,19,20,Agelaius tricolor,Simple Call 2,42.68266678,43.07733154,375,21656,24000,present,https://rfcx-streams-production.s3.eu-west-1.amazonaws.com/2023/05/17/0qzxagkhsv1n/690b0cfe-1259-4c90-9c3f-586ee5b7c6b8.flac?X-Amz-Algorithm=AWS4-HMAC-SHA256&X-Amz-Content-Sha256=UNSIGNED-PAYLOAD&X-Amz-Credential=AKIA45B7YWBX5HAZMGOU%2F20260223%2Feu-west-1%2Fs3%2Faws4_request&X-Amz-Date=20260223T002616Z&X-Amz-Expires=604800&X-Amz-Signature=0381337237a8d60faa84214014af78af9966ba3fc1b62496d0124b326e6d6fa9&X-Amz-SignedHeaders=host&response-content-disposition=attachment%3B%20filename%3D690b0cfe-1259-4c90-9c3f-586ee5b7c6b8.flac&x-id=GetObject,0.442156583,48469
WWP.2am-2023-05-16_18-40.WAV,2023 Wind Wolves Preserve Site 2,2023,5,16,19,40,Agelaius tricolor,Simple Call 2,35.98933411,36.38399887,375,21656,24000,present,https://rfcx-streams-production.s3.eu-west-1.amazonaws.com/2023/05/17/0qzxagkhsv1n/b7ef2606-cff1-4d1f-a26c-9527c81ae1f2.flac?X-Amz-Algorithm=AWS4-HMAC-SHA256&X-Amz-Content-Sha256=UNSIGNED-PAYLOAD&X-Amz-Credential=AKIA45B7YWBX5HAZMGOU%2F20260223%2Feu-west-1%2Fs3%2Faws4_request&X-Amz-Date=20260223T002616Z&X-Amz-Expires=604800&X-Amz-Signature=45fb5b3f15f967c9697a2d30082bbecf19085d6d19df761e757b1b6fcfc9b9b4&X-Amz-SignedHeaders=host&response-content-disposition=attachment%3B%20filename%3Db7ef2606-cff1-4d1f-a26c-9527c81ae1f2.flac&x-id=GetObject,0.498850107,48469
WWP.2am-2023-05-16_19-00.WAV,2023 Wind Wolves Preserve Site 2,2023,5,16,20,0,Agelaius tricolor,Simple Call 2,6.741333485,7.136000156,375,21656,24000,present,https://rfcx-streams-production.s3.eu-west-1.amazonaws.com/2023/05/17/0qzxagkhsv1n/dae7330c-627c-4fe1-94ed-f819ffb4d989.flac?X-Amz-Algorithm=AWS4-HMAC-SHA256&X-Amz-Content-Sha256=UNSIGNED-PAYLOAD&X-Amz-Credential=AKIA45B7YWBX5HAZMGOU%2F20260223%2Feu-west-1%2Fs3%2Faws4_request&X-Amz-Date=20260223T002616Z&X-Amz-Expires=604800&X-Amz-Signature=70ad9bdec1f864b8c5471f4126e4c50bb8f4accf3ed956d684ee50915af299b6&X-Amz-SignedHeaders=host&response-content-disposition=attachment%3B%20filename%3Ddae7330c-627c-4fe1-94ed-f819ffb4d989.flac&x-id=GetObject,0.495896786,48469
WWP.2am-2023-05-16_19-40.WAV,2023 Wind Wolves Preserve Site 2,2023,5,16,20,40,Agelaius tricolor,Simple Call 2,51.27999878,51.67466736,375,21656,24000,present,https://rfcx-streams-production.s3.eu-west-1.amazonaws.com/2023/05/17/0qzxagkhsv1n/1e91e983-b5b2-428a-b5ec-9e0c379ddff2.flac?X-Amz-Algorithm=AWS4-HMAC-SHA256&X-Amz-Content-Sha256=UNSIGNED-PAYLOAD&X-Amz-Credential=AKIA45B7YWBX5HAZMGOU%2F20260223%2Feu-west-1%2Fs3%2Faws4_request&X-Amz-Date=20260223T002616Z&X-Amz-Expires=604800&X-Amz-Signature=65934501022a15f826ebdb8f52a4d5fbdcbbd93a43f68cc8de00d1642584d543&X-Amz-SignedHeaders=host&response-content-disposition=attachment%3B%20filename%3D1e91e983-b5b2-428a-b5ec-9e0c379ddff2.flac&x-id=GetObject,0.419714063,48469
WWP.2am-2023-05-17_06-40.WAV,2023 Wind Wolves Preserve Site 2,2023,5,17,7,40,Agelaius tricolor,Simple Call 2,23.80266762,24.19733238,375,21656,24000,present,https://rfcx-streams-production.s3.eu-west-1.amazonaws.com/2023/05/17/0qzxagkhsv1n/8ce00cf1-538c-44ef-8fdb-d44ab20e480b.flac?X-Amz-Algorithm=AWS4-HMAC-SHA256&X-Amz-Content-Sha256=UNSIGNED-PAYLOAD&X-Amz-Credential=AKIA45B7YWBX5HAZMGOU%2F20260223%2Feu-west-1%2Fs3%2Faws4_request&X-Amz-Date=20260223T002616Z&X-Amz-Expires=604800&X-Amz-Signature=710df2e27f3615d08451daf65d612b46bf286439ed3bcb1ed7b1ded41fd8ac1a&X-Amz-SignedHeaders=host&response-content-disposition=attachment%3B%20filename%3D8ce00cf1-538c-44ef-8fdb-d44ab20e480b.flac&x-id=GetObject,0.421881378,48469
WWP.2am-2023-05-17_07-00.WAV,2023 Wind Wolves Preserve Site 2,2023,5,17,8,0,Agelaius tricolor,Simple Call 2,43.18933487,43.58399963,375,21656,24000,present,https://rfcx-streams-production.s3.eu-west-1.amazonaws.com/2023/05/17/0qzxagkhsv1n/a3deb01c-f0a0-470a-9e6f-97658ede5c63.flac?X-Amz-Algorithm=AWS4-HMAC-SHA256&X-Amz-Content-Sha256=UNSIGNED-PAYLOAD&X-Amz-Credential=AKIA45B7YWBX5HAZMGOU%2F20260223%2Feu-west-1%2Fs3%2Faws4_request&X-Amz-Date=20260223T002616Z&X-Amz-Expires=604800&X-Amz-Signature=2b96476f3608cc86a52bdb41ae2fa77138f3c9a583922da503cf7dfbbf8d9317&X-Amz-SignedHeaders=host&response-content-disposition=attachment%3B%20filename%3Da3deb01c-f0a0-470a-9e6f-97658ede5c63.flac&x-id=GetObject,0.412696362,48469
WWP.2am-2023-05-17_08-20.WAV,2023 Wind Wolves Preserve Site 2,2023,5,17,9,20,Agelaius tricolor,Simple Call 2,8.309333801,8.704000473,375,21656,24000,present,https://rfcx-streams-production.s3.eu-west-1.amazonaws.com/2023/05/17/0qzxagkhsv1n/37483953-946c-46fa-a1c8-e90a225a3223.flac?X-Amz-Algorithm=AWS4-HMAC-SHA256&X-Amz-Content-Sha256=UNSIGNED-PAYLOAD&X-Amz-Credential=AKIA45B7YWBX5HAZMGOU%2F20260223%2Feu-west-1%2Fs3%2Faws4_request&X-Amz-Date=20260223T002615Z&X-Amz-Expires=604800&X-Amz-Signature=ea37e13a73edd5e24c13b13f7d5ce9ff648f7fec336e91d1982f5f2dd7722f29&X-Amz-SignedHeaders=host&response-content-disposition=attachment%3B%20filename%3D37483953-946c-46fa-a1c8-e90a225a3223.flac&x-id=GetObject,0.419306964,48469
WWP.2am-2023-05-17_08-40.WAV,2023 Wind Wolves Preserve Site 2,2023,5,17,9,40,Agelaius tricolor,Simple Call 2,40.20266724,40.597332,375,21656,24000,present,https://rfcx-streams-production.s3.eu-west-1.amazonaws.com/2023/05/17/0qzxagkhsv1n/c55c937b-df1f-4945-92fc-c09a6bf17b5e.flac?X-Amz-Algorithm=AWS4-HMAC-SHA256&X-Amz-Content-Sha256=UNSIGNED-PAYLOAD&X-Amz-Credential=AKIA45B7YWBX5HAZMGOU%2F20260223%2Feu-west-1%2Fs3%2Faws4_request&X-Amz-Date=20260223T002616Z&X-Amz-Expires=604800&X-Amz-Signature=82bc207d504f52cd2e3fe7e6c77766f1e56d19e9dc90479e01d94ead4f956b30&X-Amz-SignedHeaders=host&response-content-disposition=attachment%3B%20filename%3Dc55c937b-df1f-4945-92fc-c09a6bf17b5e.flac&x-id=GetObject,0.489814371,48469
WWP.2am-2023-05-17_09-00.WAV,2023 Wind Wolves Preserve Site 2,2023,5,17,10,0,Agelaius tricolor,Simple Call 2,14.61866665,15.01333332,375,21656,24000,present,https://rfcx-streams-production.s3.eu-west-1.amazonaws.com/2023/05/17/0qzxagkhsv1n/36efc42a-ac66-4332-924a-996329d62d88.flac?X-Amz-Algorithm=AWS4-HMAC-SHA256&X-Amz-Content-Sha256=UNSIGNED-PAYLOAD&X-Amz-Credential=AKIA45B7YWBX5HAZMGOU%2F20260223%2Feu-west-1%2Fs3%2Faws4_request&X-Amz-Date=20260223T002616Z&X-Amz-Expires=604800&X-Amz-Signature=8387f1bcd0c9abbd66c2ae419dada6de3dc0e09786b1c490598578b233c6275d&X-Amz-SignedHeaders=host&response-content-disposition=attachment%3B%20filename%3D36efc42a-ac66-4332-924a-996329d62d88.flac&x-id=GetObject,0.467082113,48469
WWP.2am-2023-05-17_09-20.WAV,2023 Wind Wolves Preserve Site 2,2023,5,17,10,20,Agelaius tricolor,Simple Call 2,35.64799881,36.04266739,375,21656,24000,present,https://rfcx-streams-production.s3.eu-west-1.amazonaws.com/2023/05/17/0qzxagkhsv1n/ac4b9a2f-ec3f-4630-8dcc-fc5264cbdce5.flac?X-Amz-Algorithm=AWS4-HMAC-SHA256&X-Amz-Content-Sha256=UNSIGNED-PAYLOAD&X-Amz-Credential=AKIA45B7YWBX5HAZMGOU%2F20260223%2Feu-west-1%2Fs3%2Faws4_request&X-Amz-Date=20260223T002615Z&X-Amz-Expires=604800&X-Amz-Signature=91a9da89006a476b3819058086c4d950dba8216eb94ad2a6032a68294ed5afd7&X-Amz-SignedHeaders=host&response-content-disposition=attachment%3B%20filename%3Dac4b9a2f-ec3f-4630-8dcc-fc5264cbdce5.flac&x-id=GetObject,0.503764868,48469
WWP.2am-2023-05-17_09-40.WAV,2023 Wind Wolves Preserve Site 2,2023,5,17,10,40,Agelaius tricolor,Simple Call 2,58.85333252,59.2480011,375,21656,24000,present,https://rfcx-streams-production.s3.eu-west-1.amazonaws.com/2023/05/17/0qzxagkhsv1n/30755c5e-4888-42ef-b239-deb0f2232d1e.flac?X-Amz-Algorithm=AWS4-HMAC-SHA256&X-Amz-Content-Sha256=UNSIGNED-PAYLOAD&X-Amz-Credential=AKIA45B7YWBX5HAZMGOU%2F20260223%2Feu-west-1%2Fs3%2Faws4_request&X-Amz-Date=20260223T002616Z&X-Amz-Expires=604800&X-Amz-Signature=9ba0edafa097a086f96d21199f1094282f0f0c6f5e9682205b02ae4346113b45&X-Amz-SignedHeaders=host&response-content-disposition=attachment%3B%20filename%3D30755c5e-4888-42ef-b239-deb0f2232d1e.flac&x-id=GetObject,0.468077034,48469
WWP.2am-2023-05-17_10-00.WAV,2023 Wind Wolves Preserve Site 2,2023,5,17,11,0,Agelaius tricolor,Simple Call 2,57.01866531,57.41333389,375,21656,24000,present,https://rfcx-streams-production.s3.eu-west-1.amazonaws.com/2023/05/17/0qzxagkhsv1n/d65a6823-dcac-456e-889f-7e6e70c93dd6.flac?X-Amz-Algorithm=AWS4-HMAC-SHA256&X-Amz-Content-Sha256=UNSIGNED-PAYLOAD&X-Amz-Credential=AKIA45B7YWBX5HAZMGOU%2F20260223%2Feu-west-1%2Fs3%2Faws4_request&X-Amz-Date=20260223T002616Z&X-Amz-Expires=604800&X-Amz-Signature=200e574a6c4d1808091c6aaf3877bddfb9d07bc981ac01871b5d8dc9cf1f521f&X-Amz-SignedHeaders=host&response-content-disposition=attachment%3B%20filename%3Dd65a6823-dcac-456e-889f-7e6e70c93dd6.flac&x-id=GetObject,0.493856102,48469
WWP.2am-2023-05-17_10-20.WAV,2023 Wind Wolves Preserve Site 2,2023,5,17,11,20,Agelaius tricolor,Simple Call 2,9.050666809,9.445333481,375,21656,24000,present,https://rfcx-streams-production.s3.eu-west-1.amazonaws.com/2023/05/17/0qzxagkhsv1n/e1dc6447-ef79-4ed0-a62b-8277e9522f1c.flac?X-Amz-Algorithm=AWS4-HMAC-SHA256&X-Amz-Content-Sha256=UNSIGNED-PAYLOAD&X-Amz-Credential=AKIA45B7YWBX5HAZMGOU%2F20260223%2Feu-west-1%2Fs3%2Faws4_request&X-Amz-Date=20260223T002616Z&X-Amz-Expires=604800&X-Amz-Signature=a40a55e54bb9fc42dbdb926e05ca8b96d5129bcce9100007914444083d9226e2&X-Amz-SignedHeaders=host&response-content-disposition=attachment%3B%20filename%3De1dc6447-ef79-4ed0-a62b-8277e9522f1c.flac&x-id=GetObject,0.481654286,48469
WWP.2am-2023-05-17_11-00.WAV,2023 Wind Wolves Preserve Site 2,2023,5,17,12,0,Agelaius tricolor,Simple Call 2,46.86399841,47.25866699,375,21656,24000,present,https://rfcx-streams-production.s3.eu-west-1.amazonaws.com/2023/05/17/0qzxagkhsv1n/7d67ea0c-da1a-4106-99c0-b715ce882144.flac?X-Amz-Algorithm=AWS4-HMAC-SHA256&X-Amz-Content-Sha256=UNSIGNED-PAYLOAD&X-Amz-Credential=AKIA45B7YWBX5HAZMGOU%2F20260223%2Feu-west-1%2Fs3%2Faws4_request&X-Amz-Date=20260223T002615Z&X-Amz-Expires=604800&X-Amz-Signature=d2af9aa441465afd409f80e4057ba38b6afca55907177cd3639fe1cc041a6591&X-Amz-SignedHeaders=host&response-content-disposition=attachment%3B%20filename%3D7d67ea0c-da1a-4106-99c0-b715ce882144.flac&x-id=GetObject,0.474340618,48469
WWP.2am-2023-05-17_11-20.WAV,2023 Wind Wolves Preserve Site 2,2023,5,17,12,20,Agelaius tricolor,Simple Call 2,48.05866623,48.45333481,375,21656,24000,present,https://rfcx-streams-production.s3.eu-west-1.amazonaws.com/2023/05/17/0qzxagkhsv1n/2ac4dd72-8c8f-432b-8e58-5db9b55ab172.flac?X-Amz-Algorithm=AWS4-HMAC-SHA256&X-Amz-Content-Sha256=UNSIGNED-PAYLOAD&X-Amz-Credential=AKIA45B7YWBX5HAZMGOU%2F20260223%2Feu-west-1%2Fs3%2Faws4_request&X-Amz-Date=20260223T002615Z&X-Amz-Expires=604800&X-Amz-Signature=563ff2e606fb0c4d1c1b616c8b156db1c97ae19b7cbd2a06f5f078a5cbbe8351&X-Amz-SignedHeaders=host&response-content-disposition=attachment%3B%20filename%3D2ac4dd72-8c8f-432b-8e58-5db9b55ab172.flac&x-id=GetObject,0.41932115,48469
WWP.2am-2023-05-17_11-40.WAV,2023 Wind Wolves Preserve Site 2,2023,5,17,12,40,Agelaius tricolor,Simple Call 2,12.63466644,13.02933311,375,21656,24000,present,https://rfcx-streams-production.s3.eu-west-1.amazonaws.com/2023/05/17/0qzxagkhsv1n/e35ebc61-c471-4c9a-bcea-e1e095d6191d.flac?X-Amz-Algorithm=AWS4-HMAC-SHA256&X-Amz-Content-Sha256=UNSIGNED-PAYLOAD&X-Amz-Credential=AKIA45B7YWBX5HAZMGOU%2F20260223%2Feu-west-1%2Fs3%2Faws4_request&X-Amz-Date=20260223T002616Z&X-Amz-Expires=604800&X-Amz-Signature=a9a8f8b04a21896ed3c59238a6d0bd18a28e2b83f23118a95014870d0c9f04a2&X-Amz-SignedHeaders=host&response-content-disposition=attachment%3B%20filename%3De35ebc61-c471-4c9a-bcea-e1e095d6191d.flac&x-id=GetObject,0.462425381,48469
WWP.2am-2023-05-17_12-00.WAV,2023 Wind Wolves Preserve Site 2,2023,5,17,13,0,Agelaius tricolor,Simple Call 2,8.704000473,9.098666191,375,21656,24000,present,https://rfcx-streams-production.s3.eu-west-1.amazonaws.com/2023/05/17/0qzxagkhsv1n/178f0ce9-ab5d-43d1-9492-cede9730845c.flac?X-Amz-Algorithm=AWS4-HMAC-SHA256&X-Amz-Content-Sha256=UNSIGNED-PAYLOAD&X-Amz-Credential=AKIA45B7YWBX5HAZMGOU%2F20260223%2Feu-west-1%2Fs3%2Faws4_request&X-Amz-Date=20260223T002616Z&X-Amz-Expires=604800&X-Amz-Signature=f692b80ec5e19468c2482df459a9935cf67be7f7a9c207f45c70e0c500fb0ace&X-Amz-SignedHeaders=host&response-content-disposition=attachment%3B%20filename%3D178f0ce9-ab5d-43d1-9492-cede9730845c.flac&x-id=GetObject,0.426682144,48469
WWP.2am-2023-05-17_13-20.WAV,2023 Wind Wolves Preserve Site 2,2023,5,17,14,20,Agelaius tricolor,Simple Call 2,4.512000084,4.906666756,375,21656,24000,present,https://rfcx-streams-production.s3.eu-west-1.amazonaws.com/2023/05/17/0qzxagkhsv1n/b0aa8553-bc5c-4c6e-83df-50ea2b2c9ebe.flac?X-Amz-Algorithm=AWS4-HMAC-SHA256&X-Amz-Content-Sha256=UNSIGNED-PAYLOAD&X-Amz-Credential=AKIA45B7YWBX5HAZMGOU%2F20260223%2Feu-west-1%2Fs3%2Faws4_request&X-Amz-Date=20260223T002615Z&X-Amz-Expires=604800&X-Amz-Signature=fd3d794114110a67892a283b37619b03d779cc1d05b90fb0028aba7fee5f5fd6&X-Amz-SignedHeaders=host&response-content-disposition=attachment%3B%20filename%3Db0aa8553-bc5c-4c6e-83df-50ea2b2c9ebe.flac&x-id=GetObject,0.499442458,48469
WWP.2am-2023-05-17_13-40.WAV,2023 Wind Wolves Preserve Site 2,2023,5,17,14,40,Agelaius tricolor,Simple Call 2,35.11466599,35.50933456,375,21656,24000,present,https://rfcx-streams-production.s3.eu-west-1.amazonaws.com/2023/05/17/0qzxagkhsv1n/6d71a550-b6b9-4518-8c9d-3b1cf6782650.flac?X-Amz-Algorithm=AWS4-HMAC-SHA256&X-Amz-Content-Sha256=UNSIGNED-PAYLOAD&X-Amz-Credential=AKIA45B7YWBX5HAZMGOU%2F20260223%2Feu-west-1%2Fs3%2Faws4_request&X-Amz-Date=20260223T002616Z&X-Amz-Expires=604800&X-Amz-Signature=1693aa911a1b0c522edf4274e48b44d6f27cd4469a4d4c8de1dbb17f8c467648&X-Amz-SignedHeaders=host&response-content-disposition=attachment%3B%20filename%3D6d71a550-b6b9-4518-8c9d-3b1cf6782650.flac&x-id=GetObject,0.418698102,48469
WWP.2am-2023-05-17_14-00.WAV,2023 Wind Wolves Preserve Site 2,2023,5,17,15,0,Agelaius tricolor,Simple Call 2,27.70666695,28.10133362,375,21656,24000,present,https://rfcx-streams-production.s3.eu-west-1.amazonaws.com/2023/05/17/0qzxagkhsv1n/cbcd8746-cbb0-44e0-af0a-6c00dab7188c.flac?X-Amz-Algorithm=AWS4-HMAC-SHA256&X-Amz-Content-Sha256=UNSIGNED-PAYLOAD&X-Amz-Credential=AKIA45B7YWBX5HAZMGOU%2F20260223%2Feu-west-1%2Fs3%2Faws4_request&X-Amz-Date=20260223T002615Z&X-Amz-Expires=604800&X-Amz-Signature=c7578d73c5bbb209634be0168a509ac16705ad831af96229fdaec87d42c350ea&X-Amz-SignedHeaders=host&response-content-disposition=attachment%3B%20filename%3Dcbcd8746-cbb0-44e0-af0a-6c00dab7188c.flac&x-id=GetObject,0.436491251,48469
WWP.2am-2023-05-17_14-40.WAV,2023 Wind Wolves Preserve Site 2,2023,5,17,15,40,Agelaius tricolor,Simple Call 2,2.522666693,2.917333364,375,21656,24000,present,https://rfcx-streams-production.s3.eu-west-1.amazonaws.com/2023/05/17/0qzxagkhsv1n/5000785e-5c6f-4bea-8d23-e287a4773617.flac?X-Amz-Algorithm=AWS4-HMAC-SHA256&X-Amz-Content-Sha256=UNSIGNED-PAYLOAD&X-Amz-Credential=AKIA45B7YWBX5HAZMGOU%2F20260223%2Feu-west-1%2Fs3%2Faws4_request&X-Amz-Date=20260223T002616Z&X-Amz-Expires=604800&X-Amz-Signature=ae9ebf0289767246f8029939fac7bfb70ffc84ee6a837afed6c794c3508f05db&X-Amz-SignedHeaders=host&response-content-disposition=attachment%3B%20filename%3D5000785e-5c6f-4bea-8d23-e287a4773617.flac&x-id=GetObject,0.447131157,48469
WWP.2am-2023-05-17_15-00.WAV,2023 Wind Wolves Preserve Site 2,2023,5,17,16,0,Agelaius tricolor,Simple Call 2,19.70666695,20.10133362,375,21656,24000,present,https://rfcx-streams-production.s3.eu-west-1.amazonaws.com/2023/05/17/0qzxagkhsv1n/5a137f11-e2eb-4ff6-9d8e-ec1d415921e8.flac?X-Amz-Algorithm=AWS4-HMAC-SHA256&X-Amz-Content-Sha256=UNSIGNED-PAYLOAD&X-Amz-Credential=AKIA45B7YWBX5HAZMGOU%2F20260223%2Feu-west-1%2Fs3%2Faws4_request&X-Amz-Date=20260223T002616Z&X-Amz-Expires=604800&X-Amz-Signature=1b59c6df3a382e901b9b30a629604cae1810d397f83e3df72377992e0f7d84dc&X-Amz-SignedHeaders=host&response-content-disposition=attachment%3B%20filename%3D5a137f11-e2eb-4ff6-9d8e-ec1d415921e8.flac&x-id=GetObject,0.505571425,48469
WWP.2am-2023-05-17_15-20.WAV,2023 Wind Wolves Preserve Site 2,2023,5,17,16,20,Agelaius tricolor,Simple Call 2,33.16799927,33.56266785,375,21656,24000,present,https://rfcx-streams-production.s3.eu-west-1.amazonaws.com/2023/05/17/0qzxagkhsv1n/ee21be43-235c-4984-99e5-f394e54b3e40.flac?X-Amz-Algorithm=AWS4-HMAC-SHA256&X-Amz-Content-Sha256=UNSIGNED-PAYLOAD&X-Amz-Credential=AKIA45B7YWBX5HAZMGOU%2F20260223%2Feu-west-1%2Fs3%2Faws4_request&X-Amz-Date=20260223T002615Z&X-Amz-Expires=604800&X-Amz-Signature=91b13b3d5653bd9ebb19f57507f67ff79c8b4e91d91848cd1ee23a9839f70650&X-Amz-SignedHeaders=host&response-content-disposition=attachment%3B%20filename%3Dee21be43-235c-4984-99e5-f394e54b3e40.flac&x-id=GetObject,0.428713381,48469
WWP.2am-2023-05-17_15-40.WAV,2023 Wind Wolves Preserve Site 2,2023,5,17,16,40,Agelaius tricolor,Simple Call 2,5.221333504,5.616000175,375,21656,24000,present,https://rfcx-streams-production.s3.eu-west-1.amazonaws.com/2023/05/17/0qzxagkhsv1n/412a9b0b-13eb-4bd0-be47-11a994194b98.flac?X-Amz-Algorithm=AWS4-HMAC-SHA256&X-Amz-Content-Sha256=UNSIGNED-PAYLOAD&X-Amz-Credential=AKIA45B7YWBX5HAZMGOU%2F20260223%2Feu-west-1%2Fs3%2Faws4_request&X-Amz-Date=20260223T002616Z&X-Amz-Expires=604800&X-Amz-Signature=f1d4084c353508aa05fdcc739c3943b18476f0e85671d2ee15ee98839e85f96f&X-Amz-SignedHeaders=host&response-content-disposition=attachment%3B%20filename%3D412a9b0b-13eb-4bd0-be47-11a994194b98.flac&x-id=GetObject,0.431776553,48469
WWP.2am-2023-05-17_16-00.WAV,2023 Wind Wolves Preserve Site 2,2023,5,17,17,0,Agelaius tricolor,Simple Call 2,14.94400024,15.33866692,375,21656,24000,present,https://rfcx-streams-production.s3.eu-west-1.amazonaws.com/2023/05/18/0qzxagkhsv1n/646f566d-ea6a-45ed-ac04-cc6c34444424.flac?X-Amz-Algorithm=AWS4-HMAC-SHA256&X-Amz-Content-Sha256=UNSIGNED-PAYLOAD&X-Amz-Credential=AKIA45B7YWBX5HAZMGOU%2F20260223%2Feu-west-1%2Fs3%2Faws4_request&X-Amz-Date=20260223T002615Z&X-Amz-Expires=604800&X-Amz-Signature=0f2740d9b2e1b9e5909c7fdca8df5827c81017270ea4230a1fb8df9998671825&X-Amz-SignedHeaders=host&response-content-disposition=attachment%3B%20filename%3D646f566d-ea6a-45ed-ac04-cc6c34444424.flac&x-id=GetObject,0.472089857,48469
WWP.2am-2023-05-17_16-20.WAV,2023 Wind Wolves Preserve Site 2,2023,5,17,17,20,Agelaius tricolor,Simple Call 2,21.10933304,21.50399971,375,21656,24000,present,https://rfcx-streams-production.s3.eu-west-1.amazonaws.com/2023/05/18/0qzxagkhsv1n/32180d5d-8bbf-4a22-a52f-674dd53f05f5.flac?X-Amz-Algorithm=AWS4-HMAC-SHA256&X-Amz-Content-Sha256=UNSIGNED-PAYLOAD&X-Amz-Credential=AKIA45B7YWBX5HAZMGOU%2F20260223%2Feu-west-1%2Fs3%2Faws4_request&X-Amz-Date=20260223T002616Z&X-Amz-Expires=604800&X-Amz-Signature=c1095df2513633a2460bc632c0fed2f19f10c7d624861d902ca02368b40426d0&X-Amz-SignedHeaders=host&response-content-disposition=attachment%3B%20filename%3D32180d5d-8bbf-4a22-a52f-674dd53f05f5.flac&x-id=GetObject,0.494696289,48469
WWP.2am-2023-05-17_16-40.WAV,2023 Wind Wolves Preserve Site 2,2023,5,17,17,40,Agelaius tricolor,Simple Call 2,26.63466644,27.02933311,375,21656,24000,present,https://rfcx-streams-production.s3.eu-west-1.amazonaws.com/2023/05/18/0qzxagkhsv1n/3ac66daf-e6ea-48fc-b2ba-737b038eef77.flac?X-Amz-Algorithm=AWS4-HMAC-SHA256&X-Amz-Content-Sha256=UNSIGNED-PAYLOAD&X-Amz-Credential=AKIA45B7YWBX5HAZMGOU%2F20260223%2Feu-west-1%2Fs3%2Faws4_request&X-Amz-Date=20260223T002616Z&X-Amz-Expires=604800&X-Amz-Signature=177f8e79dc0e4e8605b8346b53a58ad69a477b767bcab3cd0243b96f06dcf4cf&X-Amz-SignedHeaders=host&response-content-disposition=attachment%3B%20filename%3D3ac66daf-e6ea-48fc-b2ba-737b038eef77.flac&x-id=GetObject,0.489547729,48469
WWP.2am-2023-05-17_17-00.WAV,2023 Wind Wolves Preserve Site 2,2023,5,17,18,0,Agelaius tricolor,Simple Call 2,37.30666733,37.70133209,375,21656,24000,present,https://rfcx-streams-production.s3.eu-west-1.amazonaws.com/2023/05/18/0qzxagkhsv1n/0f1b6f99-c45f-4fee-aaa2-b13683670dde.flac?X-Amz-Algorithm=AWS4-HMAC-SHA256&X-Amz-Content-Sha256=UNSIGNED-PAYLOAD&X-Amz-Credential=AKIA45B7YWBX5HAZMGOU%2F20260223%2Feu-west-1%2Fs3%2Faws4_request&X-Amz-Date=20260223T002616Z&X-Amz-Expires=604800&X-Amz-Signature=6b30aeca2cd8ddfbc6693cecb8fb602febb30a169af6c1a5f6b27ebc5960fe16&X-Amz-SignedHeaders=host&response-content-disposition=attachment%3B%20filename%3D0f1b6f99-c45f-4fee-aaa2-b13683670dde.flac&x-id=GetObject,0.408323497,48469
WWP.2am-2023-05-17_17-20.WAV,2023 Wind Wolves Preserve Site 2,2023,5,17,18,20,Agelaius tricolor,Simple Call 2,34.53866577,34.93333435,375,21656,24000,present,https://rfcx-streams-production.s3.eu-west-1.amazonaws.com/2023/05/18/0qzxagkhsv1n/08602074-3bbf-4b60-b9a0-d0c2792a24b3.flac?X-Amz-Algorithm=AWS4-HMAC-SHA256&X-Amz-Content-Sha256=UNSIGNED-PAYLOAD&X-Amz-Credential=AKIA45B7YWBX5HAZMGOU%2F20260223%2Feu-west-1%2Fs3%2Faws4_request&X-Amz-Date=20260223T002615Z&X-Amz-Expires=604800&X-Amz-Signature=c4f7eb90365db6ea2f074947eefc77b72a19ea96c19d9a00d6a720b30abe7b0e&X-Amz-SignedHeaders=host&response-content-disposition=attachment%3B%20filename%3D08602074-3bbf-4b60-b9a0-d0c2792a24b3.flac&x-id=GetObject,0.450390965,48469
WWP.2am-2023-05-17_17-40.WAV,2023 Wind Wolves Preserve Site 2,2023,5,17,18,40,Agelaius tricolor,Simple Call 2,12.20800018,12.60266685,375,21656,24000,present,https://rfcx-streams-production.s3.eu-west-1.amazonaws.com/2023/05/18/0qzxagkhsv1n/4ec5f88e-f395-410a-bef1-c2917befc712.flac?X-Amz-Algorithm=AWS4-HMAC-SHA256&X-Amz-Content-Sha256=UNSIGNED-PAYLOAD&X-Amz-Credential=AKIA45B7YWBX5HAZMGOU%2F20260223%2Feu-west-1%2Fs3%2Faws4_request&X-Amz-Date=20260223T002616Z&X-Amz-Expires=604800&X-Amz-Signature=ac16fa01e3a0a3773286291747304e34c95a8f14d4a4ae688e16796fa40c8ed9&X-Amz-SignedHeaders=host&response-content-disposition=attachment%3B%20filename%3D4ec5f88e-f395-410a-bef1-c2917befc712.flac&x-id=GetObject,0.457388788,48469
WWP.2am-2023-05-17_18-20.WAV,2023 Wind Wolves Preserve Site 2,2023,5,17,19,20,Agelaius tricolor,Simple Call 2,57.05599976,57.45066833,375,21656,24000,present,https://rfcx-streams-production.s3.eu-west-1.amazonaws.com/2023/05/18/0qzxagkhsv1n/e0ddce29-0ea2-456c-978b-78a7998a537e.flac?X-Amz-Algorithm=AWS4-HMAC-SHA256&X-Amz-Content-Sha256=UNSIGNED-PAYLOAD&X-Amz-Credential=AKIA45B7YWBX5HAZMGOU%2F20260223%2Feu-west-1%2Fs3%2Faws4_request&X-Amz-Date=20260223T002615Z&X-Amz-Expires=604800&X-Amz-Signature=1334ba80b7f66c081eb57bf88ae8ac7d8374f599d5c9cf304590fae356dd40a6&X-Amz-SignedHeaders=host&response-content-disposition=attachment%3B%20filename%3De0ddce29-0ea2-456c-978b-78a7998a537e.flac&x-id=GetObject,0.454001844,48469
WWP.2am-2023-05-17_18-40.WAV,2023 Wind Wolves Preserve Site 2,2023,5,17,19,40,Agelaius tricolor,Simple Call 2,47.94133377,48.33599854,375,21656,24000,present,https://rfcx-streams-production.s3.eu-west-1.amazonaws.com/2023/05/18/0qzxagkhsv1n/96a21b88-7106-49d1-8c72-9bd895978dfb.flac?X-Amz-Algorithm=AWS4-HMAC-SHA256&X-Amz-Content-Sha256=UNSIGNED-PAYLOAD&X-Amz-Credential=AKIA45B7YWBX5HAZMGOU%2F20260223%2Feu-west-1%2Fs3%2Faws4_request&X-Amz-Date=20260223T002615Z&X-Amz-Expires=604800&X-Amz-Signature=f7c69cf484d6c6c9ab8c04cc6c7635894e1f84f96040741cf7a987f10dc74481&X-Amz-SignedHeaders=host&response-content-disposition=attachment%3B%20filename%3D96a21b88-7106-49d1-8c72-9bd895978dfb.flac&x-id=GetObject,0.541866899,48469
WWP.2am-2023-05-17_19-00.WAV,2023 Wind Wolves Preserve Site 2,2023,5,17,20,0,Agelaius tricolor,Simple Call 2,48.39466476,48.78933334,375,21656,24000,present,https://rfcx-streams-production.s3.eu-west-1.amazonaws.com/2023/05/18/0qzxagkhsv1n/76a7bb56-04a0-4385-8c44-413fd75f4486.flac?X-Amz-Algorithm=AWS4-HMAC-SHA256&X-Amz-Content-Sha256=UNSIGNED-PAYLOAD&X-Amz-Credential=AKIA45B7YWBX5HAZMGOU%2F20260223%2Feu-west-1%2Fs3%2Faws4_request&X-Amz-Date=20260223T002615Z&X-Amz-Expires=604800&X-Amz-Signature=11031f7f74c0d08c080573e45f8ab7c4b19e46bae6646d6237633da450f0511e&X-Amz-SignedHeaders=host&response-content-disposition=attachment%3B%20filename%3D76a7bb56-04a0-4385-8c44-413fd75f4486.flac&x-id=GetObject,0.496189594,48469
WWP.2am-2023-05-17_19-20.WAV,2023 Wind Wolves Preserve Site 2,2023,5,17,20,20,Agelaius tricolor,Simple Call 2,25.18933296,25.58399963,375,21656,24000,present,https://rfcx-streams-production.s3.eu-west-1.amazonaws.com/2023/05/18/0qzxagkhsv1n/91e5cd9d-e409-4458-8ae1-728e4f64f9c8.flac?X-Amz-Algorithm=AWS4-HMAC-SHA256&X-Amz-Content-Sha256=UNSIGNED-PAYLOAD&X-Amz-Credential=AKIA45B7YWBX5HAZMGOU%2F20260223%2Feu-west-1%2Fs3%2Faws4_request&X-Amz-Date=20260223T002615Z&X-Amz-Expires=604800&X-Amz-Signature=707d3debfc6dbcebdda580eefc4fc9d8441a765e093f55f904988e32e159c215&X-Amz-SignedHeaders=host&response-content-disposition=attachment%3B%20filename%3D91e5cd9d-e409-4458-8ae1-728e4f64f9c8.flac&x-id=GetObject,0.444037855,48469
WWP.2am-2023-05-17_19-40.WAV,2023 Wind Wolves Preserve Site 2,2023,5,17,20,40,Agelaius tricolor,Simple Call 2,15.59466648,15.98933315,375,21656,24000,present,https://rfcx-streams-production.s3.eu-west-1.amazonaws.com/2023/05/18/0qzxagkhsv1n/24f033fe-42f9-4ade-ae83-1630f6748749.flac?X-Amz-Algorithm=AWS4-HMAC-SHA256&X-Amz-Content-Sha256=UNSIGNED-PAYLOAD&X-Amz-Credential=AKIA45B7YWBX5HAZMGOU%2F20260223%2Feu-west-1%2Fs3%2Faws4_request&X-Amz-Date=20260223T002616Z&X-Amz-Expires=604800&X-Amz-Signature=cf47a0bb004c66a0a1bd88800a0111bfacbf507c986f767a2f0d3a5c93353efa&X-Amz-SignedHeaders=host&response-content-disposition=attachment%3B%20filename%3D24f033fe-42f9-4ade-ae83-1630f6748749.flac&x-id=GetObject,0.455352724,48469
WWP.2am-2023-05-18_06-00.WAV,2023 Wind Wolves Preserve Site 2,2023,5,18,7,0,Agelaius tricolor,Simple Call 2,28.38933372,28.7840004,375,21656,24000,present,https://rfcx-streams-production.s3.eu-west-1.amazonaws.com/2023/05/18/0qzxagkhsv1n/912047ed-72cf-4b3a-8bf5-0d908437a169.flac?X-Amz-Algorithm=AWS4-HMAC-SHA256&X-Amz-Content-Sha256=UNSIGNED-PAYLOAD&X-Amz-Credential=AKIA45B7YWBX5HAZMGOU%2F20260223%2Feu-west-1%2Fs3%2Faws4_request&X-Amz-Date=20260223T002616Z&X-Amz-Expires=604800&X-Amz-Signature=8dd881a6e6fea63eaa975cdc947d7bb2be34f3890aac2db889b34836e4d82a0c&X-Amz-SignedHeaders=host&response-content-disposition=attachment%3B%20filename%3D912047ed-72cf-4b3a-8bf5-0d908437a169.flac&x-id=GetObject,0.436288089,48469
WWP.2am-2023-05-18_06-20.WAV,2023 Wind Wolves Preserve Site 2,2023,5,18,7,20,Agelaius tricolor,Simple Call 2,5.973333359,6.368000031,375,21656,24000,present,https://rfcx-streams-production.s3.eu-west-1.amazonaws.com/2023/05/18/0qzxagkhsv1n/091f2bac-3d8c-454b-b7e0-83502a6ed51d.flac?X-Amz-Algorithm=AWS4-HMAC-SHA256&X-Amz-Content-Sha256=UNSIGNED-PAYLOAD&X-Amz-Credential=AKIA45B7YWBX5HAZMGOU%2F20260223%2Feu-west-1%2Fs3%2Faws4_request&X-Amz-Date=20260223T002615Z&X-Amz-Expires=604800&X-Amz-Signature=02d2ffba49c2fce4e1dfd9048c72615b88c7f69b2c84b71cf9be961066558c4f&X-Amz-SignedHeaders=host&response-content-disposition=attachment%3B%20filename%3D091f2bac-3d8c-454b-b7e0-83502a6ed51d.flac&x-id=GetObject,0.499857873,48469
WWP.2am-2023-05-18_06-40.WAV,2023 Wind Wolves Preserve Site 2,2023,5,18,7,40,Agelaius tricolor,Simple Call 2,37.44533157,37.84000015,375,21656,24000,present,https://rfcx-streams-production.s3.eu-west-1.amazonaws.com/2023/05/18/0qzxagkhsv1n/e0dc9f69-ebdb-40fe-bbca-1de64473aa9a.flac?X-Amz-Algorithm=AWS4-HMAC-SHA256&X-Amz-Content-Sha256=UNSIGNED-PAYLOAD&X-Amz-Credential=AKIA45B7YWBX5HAZMGOU%2F20260223%2Feu-west-1%2Fs3%2Faws4_request&X-Amz-Date=20260223T002615Z&X-Amz-Expires=604800&X-Amz-Signature=024d01888021cba2e81a82e9f9e4ed37364a53a02891372d1e6257188b107121&X-Amz-SignedHeaders=host&response-content-disposition=attachment%3B%20filename%3De0dc9f69-ebdb-40fe-bbca-1de64473aa9a.flac&x-id=GetObject,0.458634466,48469
WWP.2am-2023-05-18_07-00.WAV,2023 Wind Wolves Preserve Site 2,2023,5,18,8,0,Agelaius tricolor,Simple Call 2,56.78933334,57.18399811,375,21656,24000,present,https://rfcx-streams-production.s3.eu-west-1.amazonaws.com/2023/05/18/0qzxagkhsv1n/91e38774-98b7-4d24-8ec1-b4e25a9091d6.flac?X-Amz-Algorithm=AWS4-HMAC-SHA256&X-Amz-Content-Sha256=UNSIGNED-PAYLOAD&X-Amz-Credential=AKIA45B7YWBX5HAZMGOU%2F20260223%2Feu-west-1%2Fs3%2Faws4_request&X-Amz-Date=20260223T002615Z&X-Amz-Expires=604800&X-Amz-Signature=1620bf57fe042d6790e9d95c7328ce1b2234c2e340f0e0be1c69577d830a6389&X-Amz-SignedHeaders=host&response-content-disposition=attachment%3B%20filename%3D91e38774-98b7-4d24-8ec1-b4e25a9091d6.flac&x-id=GetObject,0.544303834,48469
WWP.2am-2023-05-18_07-20.WAV,2023 Wind Wolves Preserve Site 2,2023,5,18,8,20,Agelaius tricolor,Simple Call 2,33.58399963,33.97866821,375,21656,24000,present,https://rfcx-streams-production.s3.eu-west-1.amazonaws.com/2023/05/18/0qzxagkhsv1n/e477fba1-da55-4eed-9a3b-2f28cfeaa6a6.flac?X-Amz-Algorithm=AWS4-HMAC-SHA256&X-Amz-Content-Sha256=UNSIGNED-PAYLOAD&X-Amz-Credential=AKIA45B7YWBX5HAZMGOU%2F20260223%2Feu-west-1%2Fs3%2Faws4_request&X-Amz-Date=20260223T002615Z&X-Amz-Expires=604800&X-Amz-Signature=45870446caa049ac5b8da910db73fc04183aacfd9d70360b664b2422e8470ff6&X-Amz-SignedHeaders=host&response-content-disposition=attachment%3B%20filename%3De477fba1-da55-4eed-9a3b-2f28cfeaa6a6.flac&x-id=GetObject,0.402056128,48469
WWP.2am-2023-05-18_07-40.WAV,2023 Wind Wolves Preserve Site 2,2023,5,18,8,40,Agelaius tricolor,Simple Call 2,33.0613327,33.45600128,375,21656,24000,present,https://rfcx-streams-production.s3.eu-west-1.amazonaws.com/2023/05/18/0qzxagkhsv1n/aba1e67a-2e46-4a65-882e-f020cfbea52c.flac?X-Amz-Algorithm=AWS4-HMAC-SHA256&X-Amz-Content-Sha256=UNSIGNED-PAYLOAD&X-Amz-Credential=AKIA45B7YWBX5HAZMGOU%2F20260223%2Feu-west-1%2Fs3%2Faws4_request&X-Amz-Date=20260223T002615Z&X-Amz-Expires=604800&X-Amz-Signature=f008d7793a295b5f1f7ef9f70d62a22185a3a1194e3a2edd869fd5751acbd437&X-Amz-SignedHeaders=host&response-content-disposition=attachment%3B%20filename%3Daba1e67a-2e46-4a65-882e-f020cfbea52c.flac&x-id=GetObject,0.452547997,48469
WWP.2am-2023-05-18_08-00.WAV,2023 Wind Wolves Preserve Site 2,2023,5,18,9,0,Agelaius tricolor,Simple Call 2,24.36800003,24.7626667,375,21656,24000,present,https://rfcx-streams-production.s3.eu-west-1.amazonaws.com/2023/05/18/0qzxagkhsv1n/7d20f88f-54fa-45c3-b892-9ab07dfd1ce3.flac?X-Amz-Algorithm=AWS4-HMAC-SHA256&X-Amz-Content-Sha256=UNSIGNED-PAYLOAD&X-Amz-Credential=AKIA45B7YWBX5HAZMGOU%2F20260223%2Feu-west-1%2Fs3%2Faws4_request&X-Amz-Date=20260223T002615Z&X-Amz-Expires=604800&X-Amz-Signature=ea4e024f60c3e2d74d6d90b348435b40774d298dd372469d93c3adce5ab0d18b&X-Amz-SignedHeaders=host&response-content-disposition=attachment%3B%20filename%3D7d20f88f-54fa-45c3-b892-9ab07dfd1ce3.flac&x-id=GetObject,0.479197532,48469
WWP.2am-2023-05-18_08-20.WAV,2023 Wind Wolves Preserve Site 2,2023,5,18,9,20,Agelaius tricolor,Simple Call 2,6.565333366,6.960000038,375,21656,24000,present,https://rfcx-streams-production.s3.eu-west-1.amazonaws.com/2023/05/18/0qzxagkhsv1n/607dc6dd-473a-44da-aaf3-bc35442f6fdf.flac?X-Amz-Algorithm=AWS4-HMAC-SHA256&X-Amz-Content-Sha256=UNSIGNED-PAYLOAD&X-Amz-Credential=AKIA45B7YWBX5HAZMGOU%2F20260223%2Feu-west-1%2Fs3%2Faws4_request&X-Amz-Date=20260223T002615Z&X-Amz-Expires=604800&X-Amz-Signature=29333d65603649e5fe79486a739db52c899d4c1e40301a467fd91d7789762a48&X-Amz-SignedHeaders=host&response-content-disposition=attachment%3B%20filename%3D607dc6dd-473a-44da-aaf3-bc35442f6fdf.flac&x-id=GetObject,0.480635822,48469
WWP.2am-2023-05-18_08-40.WAV,2023 Wind Wolves Preserve Site 2,2023,5,18,9,40,Agelaius tricolor,Simple Call 2,26.89599991,27.29066658,375,21656,24000,present,https://rfcx-streams-production.s3.eu-west-1.amazonaws.com/2023/05/18/0qzxagkhsv1n/904e442c-2312-44e4-b676-8519fa4b5a54.flac?X-Amz-Algorithm=AWS4-HMAC-SHA256&X-Amz-Content-Sha256=UNSIGNED-PAYLOAD&X-Amz-Credential=AKIA45B7YWBX5HAZMGOU%2F20260223%2Feu-west-1%2Fs3%2Faws4_request&X-Amz-Date=20260223T002615Z&X-Amz-Expires=604800&X-Amz-Signature=ab34a1dce4860d997980d5927c8a95978f8dc8cd3e4231fa90666105befa0c16&X-Amz-SignedHeaders=host&response-content-disposition=attachment%3B%20filename%3D904e442c-2312-44e4-b676-8519fa4b5a54.flac&x-id=GetObject,0.407045066,48469
WWP.2am-2023-05-18_09-00.WAV,2023 Wind Wolves Preserve Site 2,2023,5,18,10,0,Agelaius tricolor,Simple Call 2,56.81066513,57.20533371,375,21656,24000,present,https://rfcx-streams-production.s3.eu-west-1.amazonaws.com/2023/05/18/0qzxagkhsv1n/9795ad4f-3881-4984-9273-d77171910891.flac?X-Amz-Algorithm=AWS4-HMAC-SHA256&X-Amz-Content-Sha256=UNSIGNED-PAYLOAD&X-Amz-Credential=AKIA45B7YWBX5HAZMGOU%2F20260223%2Feu-west-1%2Fs3%2Faws4_request&X-Amz-Date=20260223T002615Z&X-Amz-Expires=604800&X-Amz-Signature=e90ad1c0e91bbea7b1de474b195454bd0943b5d3dc5e81cb61564794c480ae16&X-Amz-SignedHeaders=host&response-content-disposition=attachment%3B%20filename%3D9795ad4f-3881-4984-9273-d77171910891.flac&x-id=GetObject,0.436944336,48469
WWP.2am-2023-05-18_09-20.WAV,2023 Wind Wolves Preserve Site 2,2023,5,18,10,20,Agelaius tricolor,Simple Call 2,44.1866684,44.58133316,375,21656,24000,present,https://rfcx-streams-production.s3.eu-west-1.amazonaws.com/2023/05/18/0qzxagkhsv1n/4f870dce-aa7f-4f84-aa7f-760f1d8ffc3a.flac?X-Amz-Algorithm=AWS4-HMAC-SHA256&X-Amz-Content-Sha256=UNSIGNED-PAYLOAD&X-Amz-Credential=AKIA45B7YWBX5HAZMGOU%2F20260223%2Feu-west-1%2Fs3%2Faws4_request&X-Amz-Date=20260223T002615Z&X-Amz-Expires=604800&X-Amz-Signature=8af37b5f72713bf2bfa57a9e1de391394742ff3c13837d641f2343236dc850b7&X-Amz-SignedHeaders=host&response-content-disposition=attachment%3B%20filename%3D4f870dce-aa7f-4f84-aa7f-760f1d8ffc3a.flac&x-id=GetObject,0.473516911,48469
WWP.2am-2023-05-18_09-40.WAV,2023 Wind Wolves Preserve Site 2,2023,5,18,10,40,Agelaius tricolor,Simple Call 2,44.92266846,45.31733322,375,21656,24000,present,https://rfcx-streams-production.s3.eu-west-1.amazonaws.com/2023/05/18/0qzxagkhsv1n/5ee70957-d872-43fa-aff9-e3ce3003085a.flac?X-Amz-Algorithm=AWS4-HMAC-SHA256&X-Amz-Content-Sha256=UNSIGNED-PAYLOAD&X-Amz-Credential=AKIA45B7YWBX5HAZMGOU%2F20260223%2Feu-west-1%2Fs3%2Faws4_request&X-Amz-Date=20260223T002615Z&X-Amz-Expires=604800&X-Amz-Signature=52f6a2e6273eabf2ee8ce728fa6c66210db8ee16fb07bddf97a5682a3f68b820&X-Amz-SignedHeaders=host&response-content-disposition=attachment%3B%20filename%3D5ee70957-d872-43fa-aff9-e3ce3003085a.flac&x-id=GetObject,0.507049859,48469
WWP.2am-2023-05-18_10-00.WAV,2023 Wind Wolves Preserve Site 2,2023,5,18,11,0,Agelaius tricolor,Simple Call 2,9.727999687,10.12266636,375,21656,24000,present,https://rfcx-streams-production.s3.eu-west-1.amazonaws.com/2023/05/18/0qzxagkhsv1n/d906f33b-35be-4e76-847b-ff84997a973a.flac?X-Amz-Algorithm=AWS4-HMAC-SHA256&X-Amz-Content-Sha256=UNSIGNED-PAYLOAD&X-Amz-Credential=AKIA45B7YWBX5HAZMGOU%2F20260223%2Feu-west-1%2Fs3%2Faws4_request&X-Amz-Date=20260223T002615Z&X-Amz-Expires=604800&X-Amz-Signature=05940ca5ae7964fcbbf3e0ab5d12782577ab9c1509c2729349ff6c078fab95f3&X-Amz-SignedHeaders=host&response-content-disposition=attachment%3B%20filename%3Dd906f33b-35be-4e76-847b-ff84997a973a.flac&x-id=GetObject,0.473272234,48469
WWP.2am-2023-05-18_10-20.WAV,2023 Wind Wolves Preserve Site 2,2023,5,18,11,20,Agelaius tricolor,Simple Call 2,30.45866585,30.85333252,375,21656,24000,present,https://rfcx-streams-production.s3.eu-west-1.amazonaws.com/2023/05/18/0qzxagkhsv1n/2e0a4b2f-3d80-47b6-be22-37ae4eb92acd.flac?X-Amz-Algorithm=AWS4-HMAC-SHA256&X-Amz-Content-Sha256=UNSIGNED-PAYLOAD&X-Amz-Credential=AKIA45B7YWBX5HAZMGOU%2F20260223%2Feu-west-1%2Fs3%2Faws4_request&X-Amz-Date=20260223T002615Z&X-Amz-Expires=604800&X-Amz-Signature=9fec1ae4320812bf151cc0dc4bee16ab23e289201f6921e185b271ac962ccfce&X-Amz-SignedHeaders=host&response-content-disposition=attachment%3B%20filename%3D2e0a4b2f-3d80-47b6-be22-37ae4eb92acd.flac&x-id=GetObject,0.477108002,48469
WWP.2am-2023-05-18_10-40.WAV,2023 Wind Wolves Preserve Site 2,2023,5,18,11,40,Agelaius tricolor,Simple Call 2,15.98933315,16.38400078,375,21656,24000,present,https://rfcx-streams-production.s3.eu-west-1.amazonaws.com/2023/05/18/0qzxagkhsv1n/d62d723c-ff6b-4c87-96b0-f52c55cc12ce.flac?X-Amz-Algorithm=AWS4-HMAC-SHA256&X-Amz-Content-Sha256=UNSIGNED-PAYLOAD&X-Amz-Credential=AKIA45B7YWBX5HAZMGOU%2F20260223%2Feu-west-1%2Fs3%2Faws4_request&X-Amz-Date=20260223T002615Z&X-Amz-Expires=604800&X-Amz-Signature=7bc0393660174d5df90edc9c1831f84a6f84ca4cc53ac496406358b07b3c55a2&X-Amz-SignedHeaders=host&response-content-disposition=attachment%3B%20filename%3Dd62d723c-ff6b-4c87-96b0-f52c55cc12ce.flac&x-id=GetObject,0.450401694,48469
WWP.2am-2023-05-18_11-00.WAV,2023 Wind Wolves Preserve Site 2,2023,5,18,12,0,Agelaius tricolor,Simple Call 2,10.18666649,10.58133316,375,21656,24000,present,https://rfcx-streams-production.s3.eu-west-1.amazonaws.com/2023/05/18/0qzxagkhsv1n/07125b76-66ff-4deb-bc84-a2b555c60acd.flac?X-Amz-Algorithm=AWS4-HMAC-SHA256&X-Amz-Content-Sha256=UNSIGNED-PAYLOAD&X-Amz-Credential=AKIA45B7YWBX5HAZMGOU%2F20260223%2Feu-west-1%2Fs3%2Faws4_request&X-Amz-Date=20260223T002616Z&X-Amz-Expires=604800&X-Amz-Signature=7e21c5b87a0deb867c50b89e746bcf6c485c00c700238975d740f7d8a2967608&X-Amz-SignedHeaders=host&response-content-disposition=attachment%3B%20filename%3D07125b76-66ff-4deb-bc84-a2b555c60acd.flac&x-id=GetObject,0.506953597,48469
WWP.2am-2023-05-18_11-20.WAV,2023 Wind Wolves Preserve Site 2,2023,5,18,12,20,Agelaius tricolor,Simple Call 2,47.8453331,48.24000168,375,21656,24000,present,https://rfcx-streams-production.s3.eu-west-1.amazonaws.com/2023/05/18/0qzxagkhsv1n/7991e47d-c2d4-4b6c-98e5-81eedbbbcfe7.flac?X-Amz-Algorithm=AWS4-HMAC-SHA256&X-Amz-Content-Sha256=UNSIGNED-PAYLOAD&X-Amz-Credential=AKIA45B7YWBX5HAZMGOU%2F20260223%2Feu-west-1%2Fs3%2Faws4_request&X-Amz-Date=20260223T002615Z&X-Amz-Expires=604800&X-Amz-Signature=eb99de12c0e33ad4f60d8e6eeb8064ba166a333b39f360244b059fabf6793f62&X-Amz-SignedHeaders=host&response-content-disposition=attachment%3B%20filename%3D7991e47d-c2d4-4b6c-98e5-81eedbbbcfe7.flac&x-id=GetObject,0.506965756,48469
WWP.2am-2023-05-18_11-40.WAV,2023 Wind Wolves Preserve Site 2,2023,5,18,12,40,Agelaius tricolor,Simple Call 2,41.81866837,42.21333313,375,21656,24000,present,https://rfcx-streams-production.s3.eu-west-1.amazonaws.com/2023/05/18/0qzxagkhsv1n/8bb49d88-9d32-4e99-8722-6fc4478dbe3f.flac?X-Amz-Algorithm=AWS4-HMAC-SHA256&X-Amz-Content-Sha256=UNSIGNED-PAYLOAD&X-Amz-Credential=AKIA45B7YWBX5HAZMGOU%2F20260223%2Feu-west-1%2Fs3%2Faws4_request&X-Amz-Date=20260223T002615Z&X-Amz-Expires=604800&X-Amz-Signature=c0c9fbd92109370a08681309c2e548a7a96d7f56f89c939269b19ba9da964f60&X-Amz-SignedHeaders=host&response-content-disposition=attachment%3B%20filename%3D8bb49d88-9d32-4e99-8722-6fc4478dbe3f.flac&x-id=GetObject,0.475647748,48469
WWP.2am-2023-05-18_12-00.WAV,2023 Wind Wolves Preserve Site 2,2023,5,18,13,0,Agelaius tricolor,Simple Call 2,30.58133316,30.97599983,375,21656,24000,present,https://rfcx-streams-production.s3.eu-west-1.amazonaws.com/2023/05/18/0qzxagkhsv1n/b7facb2e-f630-40c9-8fe2-bc618a21d451.flac?X-Amz-Algorithm=AWS4-HMAC-SHA256&X-Amz-Content-Sha256=UNSIGNED-PAYLOAD&X-Amz-Credential=AKIA45B7YWBX5HAZMGOU%2F20260223%2Feu-west-1%2Fs3%2Faws4_request&X-Amz-Date=20260223T002615Z&X-Amz-Expires=604800&X-Amz-Signature=e6899a4e30e4f501ac6ffeb971c3fe752a4a69eb1d54998605b6e13a91a73676&X-Amz-SignedHeaders=host&response-content-disposition=attachment%3B%20filename%3Db7facb2e-f630-40c9-8fe2-bc618a21d451.flac&x-id=GetObject,0.515831888,48469
WWP.2am-2023-05-18_12-20.WAV,2023 Wind Wolves Preserve Site 2,2023,5,18,13,20,Agelaius tricolor,Simple Call 2,16.57066727,16.96533394,375,21656,24000,present,https://rfcx-streams-production.s3.eu-west-1.amazonaws.com/2023/05/18/0qzxagkhsv1n/a2feab7e-1815-4b5f-a52a-00aa5bc6aac9.flac?X-Amz-Algorithm=AWS4-HMAC-SHA256&X-Amz-Content-Sha256=UNSIGNED-PAYLOAD&X-Amz-Credential=AKIA45B7YWBX5HAZMGOU%2F20260223%2Feu-west-1%2Fs3%2Faws4_request&X-Amz-Date=20260223T002616Z&X-Amz-Expires=604800&X-Amz-Signature=d5266f4546f91b96dc2ce1fbf0f4e4ff6506da1291e471d782849240596aac9e&X-Amz-SignedHeaders=host&response-content-disposition=attachment%3B%20filename%3Da2feab7e-1815-4b5f-a52a-00aa5bc6aac9.flac&x-id=GetObject,0.450406969,48469
WWP.2am-2023-05-18_12-40.WAV,2023 Wind Wolves Preserve Site 2,2023,5,18,13,40,Agelaius tricolor,Simple Call 2,14.43200016,14.82666683,375,21656,24000,present,https://rfcx-streams-production.s3.eu-west-1.amazonaws.com/2023/05/18/0qzxagkhsv1n/2ff9744e-a27d-46af-aa42-7b0fea61ec82.flac?X-Amz-Algorithm=AWS4-HMAC-SHA256&X-Amz-Content-Sha256=UNSIGNED-PAYLOAD&X-Amz-Credential=AKIA45B7YWBX5HAZMGOU%2F20260223%2Feu-west-1%2Fs3%2Faws4_request&X-Amz-Date=20260223T002615Z&X-Amz-Expires=604800&X-Amz-Signature=c3da7f4666381ca8cafe3e25f6c6ee10e0fa137531005a7ece5844461dd43e38&X-Amz-SignedHeaders=host&response-content-disposition=attachment%3B%20filename%3D2ff9744e-a27d-46af-aa42-7b0fea61ec82.flac&x-id=GetObject,0.526265085,48469
WWP.2am-2023-05-18_13-00.WAV,2023 Wind Wolves Preserve Site 2,2023,5,18,14,0,Agelaius tricolor,Simple Call 2,0.60799998,1.002666712,375,21656,24000,present,https://rfcx-streams-production.s3.eu-west-1.amazonaws.com/2023/05/18/0qzxagkhsv1n/6bb88dd7-eb1c-4d56-a5c1-66cfeb97ad5f.flac?X-Amz-Algorithm=AWS4-HMAC-SHA256&X-Amz-Content-Sha256=UNSIGNED-PAYLOAD&X-Amz-Credential=AKIA45B7YWBX5HAZMGOU%2F20260223%2Feu-west-1%2Fs3%2Faws4_request&X-Amz-Date=20260223T002616Z&X-Amz-Expires=604800&X-Amz-Signature=0723af5b76207bfa3631949768295779fc68a12dfb6cc305b620174dac66192d&X-Amz-SignedHeaders=host&response-content-disposition=attachment%3B%20filename%3D6bb88dd7-eb1c-4d56-a5c1-66cfeb97ad5f.flac&x-id=GetObject,0.524651468,48469
WWP.2am-2023-05-18_13-20.WAV,2023 Wind Wolves Preserve Site 2,2023,5,18,14,20,Agelaius tricolor,Simple Call 2,32.83733368,33.23199844,375,21656,24000,present,https://rfcx-streams-production.s3.eu-west-1.amazonaws.com/2023/05/18/0qzxagkhsv1n/a026dce7-1160-49f2-a1c3-531140a55c37.flac?X-Amz-Algorithm=AWS4-HMAC-SHA256&X-Amz-Content-Sha256=UNSIGNED-PAYLOAD&X-Amz-Credential=AKIA45B7YWBX5HAZMGOU%2F20260223%2Feu-west-1%2Fs3%2Faws4_request&X-Amz-Date=20260223T002616Z&X-Amz-Expires=604800&X-Amz-Signature=959cc68e31e887c18c9b125c1941645bce282b54eb19ad98fefd24e2a046c548&X-Amz-SignedHeaders=host&response-content-disposition=attachment%3B%20filename%3Da026dce7-1160-49f2-a1c3-531140a55c37.flac&x-id=GetObject,0.467440486,48469
WWP.2am-2023-05-18_13-40.WAV,2023 Wind Wolves Preserve Site 2,2023,5,18,14,40,Agelaius tricolor,Simple Call 2,1.770666718,2.165333271,375,21656,24000,present,https://rfcx-streams-production.s3.eu-west-1.amazonaws.com/2023/05/18/0qzxagkhsv1n/b476633c-231e-4d14-bcb5-42cd2029533a.flac?X-Amz-Algorithm=AWS4-HMAC-SHA256&X-Amz-Content-Sha256=UNSIGNED-PAYLOAD&X-Amz-Credential=AKIA45B7YWBX5HAZMGOU%2F20260223%2Feu-west-1%2Fs3%2Faws4_request&X-Amz-Date=20260223T002616Z&X-Amz-Expires=604800&X-Amz-Signature=da12d6566de6057dbd1c4e3b5358a51cb8c02ef9a5f93436d4ac83ebe3416a4b&X-Amz-SignedHeaders=host&response-content-disposition=attachment%3B%20filename%3Db476633c-231e-4d14-bcb5-42cd2029533a.flac&x-id=GetObject,0.501522958,48469
WWP.2am-2023-05-18_14-00.WAV,2023 Wind Wolves Preserve Site 2,2023,5,18,15,0,Agelaius tricolor,Simple Call 2,50.75733185,51.15200043,375,21656,24000,present,https://rfcx-streams-production.s3.eu-west-1.amazonaws.com/2023/05/18/0qzxagkhsv1n/45c93bc5-4280-449e-a5f7-a6f983c1afbc.flac?X-Amz-Algorithm=AWS4-HMAC-SHA256&X-Amz-Content-Sha256=UNSIGNED-PAYLOAD&X-Amz-Credential=AKIA45B7YWBX5HAZMGOU%2F20260223%2Feu-west-1%2Fs3%2Faws4_request&X-Amz-Date=20260223T002616Z&X-Amz-Expires=604800&X-Amz-Signature=d6d9e948bfcf6cf90626dd897fffd5b0ee03e51f4cc9c94f38fe18fac427740c&X-Amz-SignedHeaders=host&response-content-disposition=attachment%3B%20filename%3D45c93bc5-4280-449e-a5f7-a6f983c1afbc.flac&x-id=GetObject,0.474292785,48469
WWP.2am-2023-05-18_14-20.WAV,2023 Wind Wolves Preserve Site 2,2023,5,18,15,20,Agelaius tricolor,Simple Call 2,5.525333405,5.920000076,375,21656,24000,present,https://rfcx-streams-production.s3.eu-west-1.amazonaws.com/2023/05/18/0qzxagkhsv1n/aa27bd4d-310a-4d0e-8398-fc39feef953c.flac?X-Amz-Algorithm=AWS4-HMAC-SHA256&X-Amz-Content-Sha256=UNSIGNED-PAYLOAD&X-Amz-Credential=AKIA45B7YWBX5HAZMGOU%2F20260223%2Feu-west-1%2Fs3%2Faws4_request&X-Amz-Date=20260223T002615Z&X-Amz-Expires=604800&X-Amz-Signature=f4b1cf9d201e8120a6100faa54fab927d8ecd317dfee86cb1c5819dc992466f8&X-Amz-SignedHeaders=host&response-content-disposition=attachment%3B%20filename%3Daa27bd4d-310a-4d0e-8398-fc39feef953c.flac&x-id=GetObject,0.4193151,48469
WWP.2am-2023-05-18_14-40.WAV,2023 Wind Wolves Preserve Site 2,2023,5,18,15,40,Agelaius tricolor,Simple Call 2,6.373333454,6.768000126,375,21656,24000,present,https://rfcx-streams-production.s3.eu-west-1.amazonaws.com/2023/05/18/0qzxagkhsv1n/1e3ee2d7-103e-4d18-80d9-8729aa873d7a.flac?X-Amz-Algorithm=AWS4-HMAC-SHA256&X-Amz-Content-Sha256=UNSIGNED-PAYLOAD&X-Amz-Credential=AKIA45B7YWBX5HAZMGOU%2F20260223%2Feu-west-1%2Fs3%2Faws4_request&X-Amz-Date=20260223T002615Z&X-Amz-Expires=604800&X-Amz-Signature=ac90c14880de284ffbb278990198c0b9b427dc7191485b116afcd1f6cd923af2&X-Amz-SignedHeaders=host&response-content-disposition=attachment%3B%20filename%3D1e3ee2d7-103e-4d18-80d9-8729aa873d7a.flac&x-id=GetObject,0.419420034,48469
WWP.2am-2023-05-18_15-00.WAV,2023 Wind Wolves Preserve Site 2,2023,5,18,16,0,Agelaius tricolor,Simple Call 2,7.125333309,7.519999981,375,21656,24000,present,https://rfcx-streams-production.s3.eu-west-1.amazonaws.com/2023/05/18/0qzxagkhsv1n/51eda2e0-ca6a-4d53-ae73-d2e066c1b777.flac?X-Amz-Algorithm=AWS4-HMAC-SHA256&X-Amz-Content-Sha256=UNSIGNED-PAYLOAD&X-Amz-Credential=AKIA45B7YWBX5HAZMGOU%2F20260223%2Feu-west-1%2Fs3%2Faws4_request&X-Amz-Date=20260223T002615Z&X-Amz-Expires=604800&X-Amz-Signature=e8a8c882551842d70cc6f4b594a4a54e7ab7460b7750b41cc9486a61d4f820e8&X-Amz-SignedHeaders=host&response-content-disposition=attachment%3B%20filename%3D51eda2e0-ca6a-4d53-ae73-d2e066c1b777.flac&x-id=GetObject,0.449702322,48469
WWP.2am-2023-05-18_15-20.WAV,2023 Wind Wolves Preserve Site 2,2023,5,18,16,20,Agelaius tricolor,Simple Call 2,35.66400146,36.05866623,375,21656,24000,present,https://rfcx-streams-production.s3.eu-west-1.amazonaws.com/2023/05/18/0qzxagkhsv1n/5215da0b-3fe1-40a3-abfa-caf6f3d6f046.flac?X-Amz-Algorithm=AWS4-HMAC-SHA256&X-Amz-Content-Sha256=UNSIGNED-PAYLOAD&X-Amz-Credential=AKIA45B7YWBX5HAZMGOU%2F20260223%2Feu-west-1%2Fs3%2Faws4_request&X-Amz-Date=20260223T002615Z&X-Amz-Expires=604800&X-Amz-Signature=7656e628f857e3e5672dd0caff4605d9acc034a99d9ed3d933cfc56d11ba07b8&X-Amz-SignedHeaders=host&response-content-disposition=attachment%3B%20filename%3D5215da0b-3fe1-40a3-abfa-caf6f3d6f046.flac&x-id=GetObject,0.449760884,48469
WWP.2am-2023-05-18_16-20.WAV,2023 Wind Wolves Preserve Site 2,2023,5,18,17,20,Agelaius tricolor,Simple Call 2,49.47200012,49.86666489,375,21656,24000,present,https://rfcx-streams-production.s3.eu-west-1.amazonaws.com/2023/05/19/0qzxagkhsv1n/b3b47453-4c3a-48f7-aa0f-d526f05dfce7.flac?X-Amz-Algorithm=AWS4-HMAC-SHA256&X-Amz-Content-Sha256=UNSIGNED-PAYLOAD&X-Amz-Credential=AKIA45B7YWBX5HAZMGOU%2F20260223%2Feu-west-1%2Fs3%2Faws4_request&X-Amz-Date=20260223T002616Z&X-Amz-Expires=604800&X-Amz-Signature=24aab98f0c6063883299351d87da8adfa2d81380207efe8b5ac5242dbef896e6&X-Amz-SignedHeaders=host&response-content-disposition=attachment%3B%20filename%3Db3b47453-4c3a-48f7-aa0f-d526f05dfce7.flac&x-id=GetObject,0.419876099,48469
WWP.2am-2023-05-18_16-40.WAV,2023 Wind Wolves Preserve Site 2,2023,5,18,17,40,Agelaius tricolor,Simple Call 2,10.66666698,11.06133366,375,21656,24000,present,https://rfcx-streams-production.s3.eu-west-1.amazonaws.com/2023/05/19/0qzxagkhsv1n/377c64e1-a85c-4f1d-92ef-b7d0ebb2fe13.flac?X-Amz-Algorithm=AWS4-HMAC-SHA256&X-Amz-Content-Sha256=UNSIGNED-PAYLOAD&X-Amz-Credential=AKIA45B7YWBX5HAZMGOU%2F20260223%2Feu-west-1%2Fs3%2Faws4_request&X-Amz-Date=20260223T002615Z&X-Amz-Expires=604800&X-Amz-Signature=9b6c0a15f5466cb64d31bc39e6120e45074963cbfb944771f26f120fedcb9e7e&X-Amz-SignedHeaders=host&response-content-disposition=attachment%3B%20filename%3D377c64e1-a85c-4f1d-92ef-b7d0ebb2fe13.flac&x-id=GetObject,0.465420157,48469
WWP.2am-2023-05-18_17-20.WAV,2023 Wind Wolves Preserve Site 2,2023,5,18,18,20,Agelaius tricolor,Simple Call 2,36.17599869,36.57066727,375,21656,24000,present,https://rfcx-streams-production.s3.eu-west-1.amazonaws.com/2023/05/19/0qzxagkhsv1n/228db4f8-cc55-4669-ad96-9ab7e12bf508.flac?X-Amz-Algorithm=AWS4-HMAC-SHA256&X-Amz-Content-Sha256=UNSIGNED-PAYLOAD&X-Amz-Credential=AKIA45B7YWBX5HAZMGOU%2F20260223%2Feu-west-1%2Fs3%2Faws4_request&X-Amz-Date=20260223T002616Z&X-Amz-Expires=604800&X-Amz-Signature=c002c42d9ce59e58b45200c713db33f9dac6e1204c7fb9d0bfaab0b7e4ab4df9&X-Amz-SignedHeaders=host&response-content-disposition=attachment%3B%20filename%3D228db4f8-cc55-4669-ad96-9ab7e12bf508.flac&x-id=GetObject,0.494856656,48469
WWP.2am-2023-05-18_17-40.WAV,2023 Wind Wolves Preserve Site 2,2023,5,18,18,40,Agelaius tricolor,Simple Call 2,5.066666603,5.461333275,375,21656,24000,present,https://rfcx-streams-production.s3.eu-west-1.amazonaws.com/2023/05/19/0qzxagkhsv1n/32369d08-c8e6-4a34-a178-9b07ec83f9eb.flac?X-Amz-Algorithm=AWS4-HMAC-SHA256&X-Amz-Content-Sha256=UNSIGNED-PAYLOAD&X-Amz-Credential=AKIA45B7YWBX5HAZMGOU%2F20260223%2Feu-west-1%2Fs3%2Faws4_request&X-Amz-Date=20260223T002615Z&X-Amz-Expires=604800&X-Amz-Signature=3683f4558e6090f64d180f93ee987ed388e6becc24066cf1b0c86ab1d6ace1bd&X-Amz-SignedHeaders=host&response-content-disposition=attachment%3B%20filename%3D32369d08-c8e6-4a34-a178-9b07ec83f9eb.flac&x-id=GetObject,0.475496292,48469
WWP.2am-2023-05-18_18-00.WAV,2023 Wind Wolves Preserve Site 2,2023,5,18,19,0,Agelaius tricolor,Simple Call 2,32.14933395,32.54399872,375,21656,24000,present,https://rfcx-streams-production.s3.eu-west-1.amazonaws.com/2023/05/19/0qzxagkhsv1n/98d6f047-9ad2-4dc9-bf3f-c26eae4d0576.flac?X-Amz-Algorithm=AWS4-HMAC-SHA256&X-Amz-Content-Sha256=UNSIGNED-PAYLOAD&X-Amz-Credential=AKIA45B7YWBX5HAZMGOU%2F20260223%2Feu-west-1%2Fs3%2Faws4_request&X-Amz-Date=20260223T002616Z&X-Amz-Expires=604800&X-Amz-Signature=e582e19883fff1188a354d1235e9145f8fba31719b69cacd4c91697e7cc82766&X-Amz-SignedHeaders=host&response-content-disposition=attachment%3B%20filename%3D98d6f047-9ad2-4dc9-bf3f-c26eae4d0576.flac&x-id=GetObject,0.567582667,48469
WWP.2am-2023-05-18_18-20.WAV,2023 Wind Wolves Preserve Site 2,2023,5,18,19,20,Agelaius tricolor,Simple Call 2,5.477333546,5.872000217,375,21656,24000,present,https://rfcx-streams-production.s3.eu-west-1.amazonaws.com/2023/05/19/0qzxagkhsv1n/b135c7fa-c0c5-4a59-9193-614802a5ef5e.flac?X-Amz-Algorithm=AWS4-HMAC-SHA256&X-Amz-Content-Sha256=UNSIGNED-PAYLOAD&X-Amz-Credential=AKIA45B7YWBX5HAZMGOU%2F20260223%2Feu-west-1%2Fs3%2Faws4_request&X-Amz-Date=20260223T002615Z&X-Amz-Expires=604800&X-Amz-Signature=98bfe8098749b12df807fcf644ce2f87500c0567bc4baee5604ea59f2898bb05&X-Amz-SignedHeaders=host&response-content-disposition=attachment%3B%20filename%3Db135c7fa-c0c5-4a59-9193-614802a5ef5e.flac&x-id=GetObject,0.491820425,48469
WWP.2am-2023-05-18_18-40.WAV,2023 Wind Wolves Preserve Site 2,2023,5,18,19,40,Agelaius tricolor,Simple Call 2,39.30666733,39.70133209,375,21656,24000,present,https://rfcx-streams-production.s3.eu-west-1.amazonaws.com/2023/05/19/0qzxagkhsv1n/e1828136-de6b-42ba-a88b-0719a49dd790.flac?X-Amz-Algorithm=AWS4-HMAC-SHA256&X-Amz-Content-Sha256=UNSIGNED-PAYLOAD&X-Amz-Credential=AKIA45B7YWBX5HAZMGOU%2F20260223%2Feu-west-1%2Fs3%2Faws4_request&X-Amz-Date=20260223T002615Z&X-Amz-Expires=604800&X-Amz-Signature=f2cec7b22a1fd0e18ea058b150cfef94b2eabfc83957c70f72eac2ab3fdcbc7d&X-Amz-SignedHeaders=host&response-content-disposition=attachment%3B%20filename%3De1828136-de6b-42ba-a88b-0719a49dd790.flac&x-id=GetObject,0.418912649,48469
WWP.2am-2023-05-18_19-00.WAV,2023 Wind Wolves Preserve Site 2,2023,5,18,20,0,Agelaius tricolor,Simple Call 2,11.850667,12.24533367,375,21656,24000,present,https://rfcx-streams-production.s3.eu-west-1.amazonaws.com/2023/05/19/0qzxagkhsv1n/02fa71bc-8971-4ab7-955d-5f6b2e434063.flac?X-Amz-Algorithm=AWS4-HMAC-SHA256&X-Amz-Content-Sha256=UNSIGNED-PAYLOAD&X-Amz-Credential=AKIA45B7YWBX5HAZMGOU%2F20260223%2Feu-west-1%2Fs3%2Faws4_request&X-Amz-Date=20260223T002615Z&X-Amz-Expires=604800&X-Amz-Signature=f9f27a8202c044603675caa1f5ea9744275e54bf8b1618d49c9f5fea6b284bb1&X-Amz-SignedHeaders=host&response-content-disposition=attachment%3B%20filename%3D02fa71bc-8971-4ab7-955d-5f6b2e434063.flac&x-id=GetObject,0.452769667,48469
WWP.2am-2023-05-18_19-20.WAV,2023 Wind Wolves Preserve Site 2,2023,5,18,20,20,Agelaius tricolor,Simple Call 2,2.426666737,2.821333408,375,21656,24000,present,https://rfcx-streams-production.s3.eu-west-1.amazonaws.com/2023/05/19/0qzxagkhsv1n/3f83a2dc-f246-4172-b4d9-c997a7043287.flac?X-Amz-Algorithm=AWS4-HMAC-SHA256&X-Amz-Content-Sha256=UNSIGNED-PAYLOAD&X-Amz-Credential=AKIA45B7YWBX5HAZMGOU%2F20260223%2Feu-west-1%2Fs3%2Faws4_request&X-Amz-Date=20260223T002615Z&X-Amz-Expires=604800&X-Amz-Signature=91b6a3a3713da0f1fc76c5cc6c0e28d90c83d3cd63f7eaf27da771a3919f6ef2&X-Amz-SignedHeaders=host&response-content-disposition=attachment%3B%20filename%3D3f83a2dc-f246-4172-b4d9-c997a7043287.flac&x-id=GetObject,0.400495917,48469
WWP.2am-2023-05-18_19-40.WAV,2023 Wind Wolves Preserve Site 2,2023,5,18,20,40,Agelaius tricolor,Simple Call 2,35.62133408,36.01599884,375,21656,24000,present,https://rfcx-streams-production.s3.eu-west-1.amazonaws.com/2023/05/19/0qzxagkhsv1n/34122741-297d-4508-8991-ae8d49fdf4bd.flac?X-Amz-Algorithm=AWS4-HMAC-SHA256&X-Amz-Content-Sha256=UNSIGNED-PAYLOAD&X-Amz-Credential=AKIA45B7YWBX5HAZMGOU%2F20260223%2Feu-west-1%2Fs3%2Faws4_request&X-Amz-Date=20260223T002615Z&X-Amz-Expires=604800&X-Amz-Signature=2258ed624a10797160a3c7b3fd3e8ec553937b48d637ee1e64472dc2f7b74b88&X-Amz-SignedHeaders=host&response-content-disposition=attachment%3B%20filename%3D34122741-297d-4508-8991-ae8d49fdf4bd.flac&x-id=GetObject,0.440474451,48469
WWP.2am-2023-05-19_06-20.WAV,2023 Wind Wolves Preserve Site 2,2023,5,19,7,20,Agelaius tricolor,Simple Call 2,18.58666611,18.98133278,375,21656,24000,present,https://rfcx-streams-production.s3.eu-west-1.amazonaws.com/2023/05/19/0qzxagkhsv1n/53983689-9319-4a1c-a1aa-0aaf0b72b7cd.flac?X-Amz-Algorithm=AWS4-HMAC-SHA256&X-Amz-Content-Sha256=UNSIGNED-PAYLOAD&X-Amz-Credential=AKIA45B7YWBX5HAZMGOU%2F20260223%2Feu-west-1%2Fs3%2Faws4_request&X-Amz-Date=20260223T002615Z&X-Amz-Expires=604800&X-Amz-Signature=13318dec1eb7d9321bb62020087431813cf383d96b1374ed2e87e0f2fe458d3e&X-Amz-SignedHeaders=host&response-content-disposition=attachment%3B%20filename%3D53983689-9319-4a1c-a1aa-0aaf0b72b7cd.flac&x-id=GetObject,0.405598998,48469
WWP.2am-2023-05-19_07-00.WAV,2023 Wind Wolves Preserve Site 2,2023,5,19,8,0,Agelaius tricolor,Simple Call 2,5.029333115,5.423999786,375,21656,24000,present,https://rfcx-streams-production.s3.eu-west-1.amazonaws.com/2023/05/19/0qzxagkhsv1n/d5639ca6-161a-4433-abf4-1efad2d8884b.flac?X-Amz-Algorithm=AWS4-HMAC-SHA256&X-Amz-Content-Sha256=UNSIGNED-PAYLOAD&X-Amz-Credential=AKIA45B7YWBX5HAZMGOU%2F20260223%2Feu-west-1%2Fs3%2Faws4_request&X-Amz-Date=20260223T002615Z&X-Amz-Expires=604800&X-Amz-Signature=3aea1cbf3d995e29ca65c61e646ce3ec8635f6d1bd4bf1d52c320c3c44c66fde&X-Amz-SignedHeaders=host&response-content-disposition=attachment%3B%20filename%3Dd5639ca6-161a-4433-abf4-1efad2d8884b.flac&x-id=GetObject,0.417753607,48469
WWP.2am-2023-05-19_07-20.WAV,2023 Wind Wolves Preserve Site 2,2023,5,19,8,20,Agelaius tricolor,Simple Call 2,59.06666565,59.46133423,375,21656,24000,present,https://rfcx-streams-production.s3.eu-west-1.amazonaws.com/2023/05/19/0qzxagkhsv1n/6eecdcbb-be80-4d18-b20b-6f2bc70fa44f.flac?X-Amz-Algorithm=AWS4-HMAC-SHA256&X-Amz-Content-Sha256=UNSIGNED-PAYLOAD&X-Amz-Credential=AKIA45B7YWBX5HAZMGOU%2F20260223%2Feu-west-1%2Fs3%2Faws4_request&X-Amz-Date=20260223T002615Z&X-Amz-Expires=604800&X-Amz-Signature=ca6ca14f738186b22d2aed848da5e5c0123d6155fbb6b0052c839b6d5b01a623&X-Amz-SignedHeaders=host&response-content-disposition=attachment%3B%20filename%3D6eecdcbb-be80-4d18-b20b-6f2bc70fa44f.flac&x-id=GetObject,0.423358768,48469
WWP.2am-2023-05-19_07-40.WAV,2023 Wind Wolves Preserve Site 2,2023,5,19,8,40,Agelaius tricolor,Simple Call 2,39.87200165,40.26666641,375,21656,24000,present,https://rfcx-streams-production.s3.eu-west-1.amazonaws.com/2023/05/19/0qzxagkhsv1n/0da16ed5-3954-427d-a411-3023143a8bc9.flac?X-Amz-Algorithm=AWS4-HMAC-SHA256&X-Amz-Content-Sha256=UNSIGNED-PAYLOAD&X-Amz-Credential=AKIA45B7YWBX5HAZMGOU%2F20260223%2Feu-west-1%2Fs3%2Faws4_request&X-Amz-Date=20260223T002615Z&X-Amz-Expires=604800&X-Amz-Signature=7d437bbb63291419c417de75b390a351311a15d5c160a14b7b371a73ba145a6b&X-Amz-SignedHeaders=host&response-content-disposition=attachment%3B%20filename%3D0da16ed5-3954-427d-a411-3023143a8bc9.flac&x-id=GetObject,0.471576929,48469
WWP.2am-2023-05-19_08-00.WAV,2023 Wind Wolves Preserve Site 2,2023,5,19,9,0,Agelaius tricolor,Simple Call 2,42.26666641,42.66133499,375,21656,24000,present,https://rfcx-streams-production.s3.eu-west-1.amazonaws.com/2023/05/19/0qzxagkhsv1n/7d38abaa-f761-4a78-bb9e-42747bf3643c.flac?X-Amz-Algorithm=AWS4-HMAC-SHA256&X-Amz-Content-Sha256=UNSIGNED-PAYLOAD&X-Amz-Credential=AKIA45B7YWBX5HAZMGOU%2F20260223%2Feu-west-1%2Fs3%2Faws4_request&X-Amz-Date=20260223T002615Z&X-Amz-Expires=604800&X-Amz-Signature=1b52d2990aad8f7e809e93106b67616f91ce868e400cf626495245e0fb8f2df4&X-Amz-SignedHeaders=host&response-content-disposition=attachment%3B%20filename%3D7d38abaa-f761-4a78-bb9e-42747bf3643c.flac&x-id=GetObject,0.487282097,48469
WWP.2am-2023-05-19_08-20.WAV,2023 Wind Wolves Preserve Site 2,2023,5,19,9,20,Agelaius tricolor,Simple Call 2,27.01866722,27.41333389,375,21656,24000,present,https://rfcx-streams-production.s3.eu-west-1.amazonaws.com/2023/05/19/0qzxagkhsv1n/4da911b4-759e-4ab1-bed9-b834ec04a601.flac?X-Amz-Algorithm=AWS4-HMAC-SHA256&X-Amz-Content-Sha256=UNSIGNED-PAYLOAD&X-Amz-Credential=AKIA45B7YWBX5HAZMGOU%2F20260223%2Feu-west-1%2Fs3%2Faws4_request&X-Amz-Date=20260223T002615Z&X-Amz-Expires=604800&X-Amz-Signature=1e5b2666b5a50a5458e68c5f4b6e6c044c89e4e5fc9aab4cc4ee205953a6657c&X-Amz-SignedHeaders=host&response-content-disposition=attachment%3B%20filename%3D4da911b4-759e-4ab1-bed9-b834ec04a601.flac&x-id=GetObject,0.557209849,48469
WWP.2am-2023-05-19_08-40.WAV,2023 Wind Wolves Preserve Site 2,2023,5,19,9,40,Agelaius tricolor,Simple Call 2,57.22133255,57.61600113,375,21656,24000,present,https://rfcx-streams-production.s3.eu-west-1.amazonaws.com/2023/05/19/0qzxagkhsv1n/caea9a7b-ad25-4f29-8baa-cce9dc2d07fb.flac?X-Amz-Algorithm=AWS4-HMAC-SHA256&X-Amz-Content-Sha256=UNSIGNED-PAYLOAD&X-Amz-Credential=AKIA45B7YWBX5HAZMGOU%2F20260223%2Feu-west-1%2Fs3%2Faws4_request&X-Amz-Date=20260223T002615Z&X-Amz-Expires=604800&X-Amz-Signature=f114cea3e9382c3a20461eee284aa0786321b4b28df1a0a3861c152fd2006e09&X-Amz-SignedHeaders=host&response-content-disposition=attachment%3B%20filename%3Dcaea9a7b-ad25-4f29-8baa-cce9dc2d07fb.flac&x-id=GetObject,0.465049833,48469
WWP.2am-2023-05-19_09-00.WAV,2023 Wind Wolves Preserve Site 2,2023,5,19,10,0,Agelaius tricolor,Simple Call 2,39.03466797,39.42933273,375,21656,24000,present,https://rfcx-streams-production.s3.eu-west-1.amazonaws.com/2023/05/19/0qzxagkhsv1n/4bf02b9c-612f-42fe-a165-431131cabf5c.flac?X-Amz-Algorithm=AWS4-HMAC-SHA256&X-Amz-Content-Sha256=UNSIGNED-PAYLOAD&X-Amz-Credential=AKIA45B7YWBX5HAZMGOU%2F20260223%2Feu-west-1%2Fs3%2Faws4_request&X-Amz-Date=20260223T002615Z&X-Amz-Expires=604800&X-Amz-Signature=b87eec74a651cf9af82203b0ecc109f0faa469828f4242ce7b2b90eb9a18eeb1&X-Amz-SignedHeaders=host&response-content-disposition=attachment%3B%20filename%3D4bf02b9c-612f-42fe-a165-431131cabf5c.flac&x-id=GetObject,0.47527346,48469
WWP.2am-2023-05-19_09-20.WAV,2023 Wind Wolves Preserve Site 2,2023,5,19,10,20,Agelaius tricolor,Simple Call 2,6.389333248,6.78399992,375,21656,24000,present,https://rfcx-streams-production.s3.eu-west-1.amazonaws.com/2023/05/19/0qzxagkhsv1n/a32fa75e-2471-4a91-93db-7b6646053abb.flac?X-Amz-Algorithm=AWS4-HMAC-SHA256&X-Amz-Content-Sha256=UNSIGNED-PAYLOAD&X-Amz-Credential=AKIA45B7YWBX5HAZMGOU%2F20260223%2Feu-west-1%2Fs3%2Faws4_request&X-Amz-Date=20260223T002615Z&X-Amz-Expires=604800&X-Amz-Signature=409f84d184afbd9802d8bce650c9210cfce9067d8d02c81e93a8d72e016bc730&X-Amz-SignedHeaders=host&response-content-disposition=attachment%3B%20filename%3Da32fa75e-2471-4a91-93db-7b6646053abb.flac&x-id=GetObject,0.484347045,48469
WWP.2am-2023-05-19_09-40.WAV,2023 Wind Wolves Preserve Site 2,2023,5,19,10,40,Agelaius tricolor,Simple Call 2,13.80266666,14.19733334,375,21656,24000,present,https://rfcx-streams-production.s3.eu-west-1.amazonaws.com/2023/05/19/0qzxagkhsv1n/69c524eb-c7e5-49bd-b6f2-3b6dad6660a1.flac?X-Amz-Algorithm=AWS4-HMAC-SHA256&X-Amz-Content-Sha256=UNSIGNED-PAYLOAD&X-Amz-Credential=AKIA45B7YWBX5HAZMGOU%2F20260223%2Feu-west-1%2Fs3%2Faws4_request&X-Amz-Date=20260223T002615Z&X-Amz-Expires=604800&X-Amz-Signature=7bd92653faac3d51078e91568709f0dc634a2eefd883e9e7a623f693e11097f4&X-Amz-SignedHeaders=host&response-content-disposition=attachment%3B%20filename%3D69c524eb-c7e5-49bd-b6f2-3b6dad6660a1.flac&x-id=GetObject,0.473450184,48469
WWP.2am-2023-05-19_10-00.WAV,2023 Wind Wolves Preserve Site 2,2023,5,19,11,0,Agelaius tricolor,Simple Call 2,56.57600021,56.97066498,375,21656,24000,present,https://rfcx-streams-production.s3.eu-west-1.amazonaws.com/2023/05/19/0qzxagkhsv1n/8ae4fd5e-2544-4390-866a-f54cba6dd9a8.flac?X-Amz-Algorithm=AWS4-HMAC-SHA256&X-Amz-Content-Sha256=UNSIGNED-PAYLOAD&X-Amz-Credential=AKIA45B7YWBX5HAZMGOU%2F20260223%2Feu-west-1%2Fs3%2Faws4_request&X-Amz-Date=20260223T002615Z&X-Amz-Expires=604800&X-Amz-Signature=5014d0075a3f0d5d7b9404be87f095fafd4dde256ec54907c2a2ff124530acc5&X-Amz-SignedHeaders=host&response-content-disposition=attachment%3B%20filename%3D8ae4fd5e-2544-4390-866a-f54cba6dd9a8.flac&x-id=GetObject,0.469143182,48469
WWP.2am-2023-05-19_10-20.WAV,2023 Wind Wolves Preserve Site 2,2023,5,19,11,20,Agelaius tricolor,Simple Call 2,31.29066658,31.68533325,375,21656,24000,present,https://rfcx-streams-production.s3.eu-west-1.amazonaws.com/2023/05/19/0qzxagkhsv1n/9d4c1b02-58ca-479f-b76c-f382ebb9f124.flac?X-Amz-Algorithm=AWS4-HMAC-SHA256&X-Amz-Content-Sha256=UNSIGNED-PAYLOAD&X-Amz-Credential=AKIA45B7YWBX5HAZMGOU%2F20260223%2Feu-west-1%2Fs3%2Faws4_request&X-Amz-Date=20260223T002615Z&X-Amz-Expires=604800&X-Amz-Signature=2e84a16058b399c1d12c28f39c95a03033d421838b8323a109a263421985ffee&X-Amz-SignedHeaders=host&response-content-disposition=attachment%3B%20filename%3D9d4c1b02-58ca-479f-b76c-f382ebb9f124.flac&x-id=GetObject,0.413411379,48469
WWP.2am-2023-05-19_10-40.WAV,2023 Wind Wolves Preserve Site 2,2023,5,19,11,40,Agelaius tricolor,Simple Call 2,53.58399963,53.97866821,375,21656,24000,present,https://rfcx-streams-production.s3.eu-west-1.amazonaws.com/2023/05/19/0qzxagkhsv1n/c180dac4-0f2f-48bd-b2e2-ffb56aaaea54.flac?X-Amz-Algorithm=AWS4-HMAC-SHA256&X-Amz-Content-Sha256=UNSIGNED-PAYLOAD&X-Amz-Credential=AKIA45B7YWBX5HAZMGOU%2F20260223%2Feu-west-1%2Fs3%2Faws4_request&X-Amz-Date=20260223T002615Z&X-Amz-Expires=604800&X-Amz-Signature=040fe5e74307ea9544b382a865fd90c4a9f857294c6d0e3a96709b76011d0cb3&X-Amz-SignedHeaders=host&response-content-disposition=attachment%3B%20filename%3Dc180dac4-0f2f-48bd-b2e2-ffb56aaaea54.flac&x-id=GetObject,0.432837218,48469
WWP.2am-2023-05-19_11-00.WAV,2023 Wind Wolves Preserve Site 2,2023,5,19,12,0,Agelaius tricolor,Simple Call 2,49.32799911,49.72266769,375,21656,24000,present,https://rfcx-streams-production.s3.eu-west-1.amazonaws.com/2023/05/19/0qzxagkhsv1n/d5ba3d13-c314-4932-bfb0-f46738a8f26a.flac?X-Amz-Algorithm=AWS4-HMAC-SHA256&X-Amz-Content-Sha256=UNSIGNED-PAYLOAD&X-Amz-Credential=AKIA45B7YWBX5HAZMGOU%2F20260223%2Feu-west-1%2Fs3%2Faws4_request&X-Amz-Date=20260223T002615Z&X-Amz-Expires=604800&X-Amz-Signature=5640b81bc6318d72fe4b75ced606e533495b857b84917c6e874b0addaac314dd&X-Amz-SignedHeaders=host&response-content-disposition=attachment%3B%20filename%3Dd5ba3d13-c314-4932-bfb0-f46738a8f26a.flac&x-id=GetObject,0.446438611,48469
WWP.2am-2023-05-19_11-40.WAV,2023 Wind Wolves Preserve Site 2,2023,5,19,12,40,Agelaius tricolor,Simple Call 2,17.06666756,17.46133423,375,21656,24000,present,https://rfcx-streams-production.s3.eu-west-1.amazonaws.com/2023/05/19/0qzxagkhsv1n/ed3148bb-8644-4a0f-91f1-1254d0ebdfe7.flac?X-Amz-Algorithm=AWS4-HMAC-SHA256&X-Amz-Content-Sha256=UNSIGNED-PAYLOAD&X-Amz-Credential=AKIA45B7YWBX5HAZMGOU%2F20260223%2Feu-west-1%2Fs3%2Faws4_request&X-Amz-Date=20260223T002615Z&X-Amz-Expires=604800&X-Amz-Signature=3e150dbea21566ee38a3cbda49fbb4da96df15aea8ad0896f8d4e3caca08923f&X-Amz-SignedHeaders=host&response-content-disposition=attachment%3B%20filename%3Ded3148bb-8644-4a0f-91f1-1254d0ebdfe7.flac&x-id=GetObject,0.503221869,48469
WWP.2am-2023-05-19_12-00.WAV,2023 Wind Wolves Preserve Site 2,2023,5,19,13,0,Agelaius tricolor,Simple Call 2,35.0826683,35.47733307,375,21656,24000,present,https://rfcx-streams-production.s3.eu-west-1.amazonaws.com/2023/05/19/0qzxagkhsv1n/54d7f344-8bce-4eaa-a219-ae2b64b3f415.flac?X-Amz-Algorithm=AWS4-HMAC-SHA256&X-Amz-Content-Sha256=UNSIGNED-PAYLOAD&X-Amz-Credential=AKIA45B7YWBX5HAZMGOU%2F20260223%2Feu-west-1%2Fs3%2Faws4_request&X-Amz-Date=20260223T002615Z&X-Amz-Expires=604800&X-Amz-Signature=a346d68e8e7ab57fc2c9a7ae0e316d4ce136342e861d4b7270b9b187c593b208&X-Amz-SignedHeaders=host&response-content-disposition=attachment%3B%20filename%3D54d7f344-8bce-4eaa-a219-ae2b64b3f415.flac&x-id=GetObject,0.468123555,48469
WWP.2am-2023-05-19_12-20.WAV,2023 Wind Wolves Preserve Site 2,2023,5,19,13,20,Agelaius tricolor,Simple Call 2,29.77599907,30.17066574,375,21656,24000,present,https://rfcx-streams-production.s3.eu-west-1.amazonaws.com/2023/05/19/0qzxagkhsv1n/64555304-45a0-4fdb-9928-76cd129f1830.flac?X-Amz-Algorithm=AWS4-HMAC-SHA256&X-Amz-Content-Sha256=UNSIGNED-PAYLOAD&X-Amz-Credential=AKIA45B7YWBX5HAZMGOU%2F20260223%2Feu-west-1%2Fs3%2Faws4_request&X-Amz-Date=20260223T002615Z&X-Amz-Expires=604800&X-Amz-Signature=d30d0e481887ea3ce6da95ddd58d7ef1d0e105aa6ae97415af47550559761467&X-Amz-SignedHeaders=host&response-content-disposition=attachment%3B%20filename%3D64555304-45a0-4fdb-9928-76cd129f1830.flac&x-id=GetObject,0.50908792,48469
WWP.2am-2023-05-19_12-40.WAV,2023 Wind Wolves Preserve Site 2,2023,5,19,13,40,Agelaius tricolor,Simple Call 2,7.184000015,7.578666687,375,21656,24000,present,https://rfcx-streams-production.s3.eu-west-1.amazonaws.com/2023/05/19/0qzxagkhsv1n/890df4e1-3c80-4f68-9468-1b465977b011.flac?X-Amz-Algorithm=AWS4-HMAC-SHA256&X-Amz-Content-Sha256=UNSIGNED-PAYLOAD&X-Amz-Credential=AKIA45B7YWBX5HAZMGOU%2F20260223%2Feu-west-1%2Fs3%2Faws4_request&X-Amz-Date=20260223T002615Z&X-Amz-Expires=604800&X-Amz-Signature=ec34e999faabfab7fc24c9ec32020faf02d35c12f55a3565d6029e6927f2b3c1&X-Amz-SignedHeaders=host&response-content-disposition=attachment%3B%20filename%3D890df4e1-3c80-4f68-9468-1b465977b011.flac&x-id=GetObject,0.410166472,48469
WWP.2am-2023-05-19_13-00.WAV,2023 Wind Wolves Preserve Site 2,2023,5,19,14,0,Agelaius tricolor,Simple Call 2,57.42399979,57.81866837,375,21656,24000,present,https://rfcx-streams-production.s3.eu-west-1.amazonaws.com/2023/05/19/0qzxagkhsv1n/2580a030-fc9e-4136-a24b-4faa196d8045.flac?X-Amz-Algorithm=AWS4-HMAC-SHA256&X-Amz-Content-Sha256=UNSIGNED-PAYLOAD&X-Amz-Credential=AKIA45B7YWBX5HAZMGOU%2F20260223%2Feu-west-1%2Fs3%2Faws4_request&X-Amz-Date=20260223T002615Z&X-Amz-Expires=604800&X-Amz-Signature=493ff921b230c59b3bdedd6ef4380a2d459086d23083f430819d6a0a069329eb&X-Amz-SignedHeaders=host&response-content-disposition=attachment%3B%20filename%3D2580a030-fc9e-4136-a24b-4faa196d8045.flac&x-id=GetObject,0.449773222,48469
WWP.2am-2023-05-19_13-20.WAV,2023 Wind Wolves Preserve Site 2,2023,5,19,14,20,Agelaius tricolor,Simple Call 2,32.01599884,32.41066742,375,21656,24000,present,https://rfcx-streams-production.s3.eu-west-1.amazonaws.com/2023/05/19/0qzxagkhsv1n/74a057f8-9ae9-4c49-8df3-5b359d998cb4.flac?X-Amz-Algorithm=AWS4-HMAC-SHA256&X-Amz-Content-Sha256=UNSIGNED-PAYLOAD&X-Amz-Credential=AKIA45B7YWBX5HAZMGOU%2F20260223%2Feu-west-1%2Fs3%2Faws4_request&X-Amz-Date=20260223T002615Z&X-Amz-Expires=604800&X-Amz-Signature=43001771e54dfe6f6dac105ce0f55e83e6062fee514d2919ff796a0265811025&X-Amz-SignedHeaders=host&response-content-disposition=attachment%3B%20filename%3D74a057f8-9ae9-4c49-8df3-5b359d998cb4.flac&x-id=GetObject,0.460815191,48469
WWP.2am-2023-05-19_13-40.WAV,2023 Wind Wolves Preserve Site 2,2023,5,19,14,40,Agelaius tricolor,Simple Call 2,46.17599869,46.57066727,375,21656,24000,present,https://rfcx-streams-production.s3.eu-west-1.amazonaws.com/2023/05/19/0qzxagkhsv1n/9f7f225a-ec3e-480a-baba-0226c91d9fab.flac?X-Amz-Algorithm=AWS4-HMAC-SHA256&X-Amz-Content-Sha256=UNSIGNED-PAYLOAD&X-Amz-Credential=AKIA45B7YWBX5HAZMGOU%2F20260223%2Feu-west-1%2Fs3%2Faws4_request&X-Amz-Date=20260223T002615Z&X-Amz-Expires=604800&X-Amz-Signature=a9d7d175a1bbb6f422deef787cada7b10785c7a5f9d8f9305ef7c5dc022c3797&X-Amz-SignedHeaders=host&response-content-disposition=attachment%3B%20filename%3D9f7f225a-ec3e-480a-baba-0226c91d9fab.flac&x-id=GetObject,0.440399915,48469
WWP.2am-2023-05-19_14-00.WAV,2023 Wind Wolves Preserve Site 2,2023,5,19,15,0,Agelaius tricolor,Simple Call 2,1.925333381,2.319999933,375,21656,24000,present,https://rfcx-streams-production.s3.eu-west-1.amazonaws.com/2023/05/19/0qzxagkhsv1n/b1484830-7f81-4f23-b2cb-ed1149b51581.flac?X-Amz-Algorithm=AWS4-HMAC-SHA256&X-Amz-Content-Sha256=UNSIGNED-PAYLOAD&X-Amz-Credential=AKIA45B7YWBX5HAZMGOU%2F20260223%2Feu-west-1%2Fs3%2Faws4_request&X-Amz-Date=20260223T002615Z&X-Amz-Expires=604800&X-Amz-Signature=8f6e54e4627603399401af5cbd0d3efcc5ab3ab5f1177c4b4287162f3c1875c8&X-Amz-SignedHeaders=host&response-content-disposition=attachment%3B%20filename%3Db1484830-7f81-4f23-b2cb-ed1149b51581.flac&x-id=GetObject,0.512107968,48469
WWP.2am-2023-05-19_14-20.WAV,2023 Wind Wolves Preserve Site 2,2023,5,19,15,20,Agelaius tricolor,Simple Call 2,51.54133224,51.93600082,375,21656,24000,present,https://rfcx-streams-production.s3.eu-west-1.amazonaws.com/2023/05/19/0qzxagkhsv1n/c08279e9-f790-4dfb-b957-c67958864e42.flac?X-Amz-Algorithm=AWS4-HMAC-SHA256&X-Amz-Content-Sha256=UNSIGNED-PAYLOAD&X-Amz-Credential=AKIA45B7YWBX5HAZMGOU%2F20260223%2Feu-west-1%2Fs3%2Faws4_request&X-Amz-Date=20260223T002615Z&X-Amz-Expires=604800&X-Amz-Signature=854c9788eb724ae749578bd789ddbd5e05b50f2bb0006f0b8bba9c350c78e072&X-Amz-SignedHeaders=host&response-content-disposition=attachment%3B%20filename%3Dc08279e9-f790-4dfb-b957-c67958864e42.flac&x-id=GetObject,0.441255838,48469
WWP.2am-2023-05-19_14-40.WAV,2023 Wind Wolves Preserve Site 2,2023,5,19,15,40,Agelaius tricolor,Simple Call 2,29.13066673,29.5253334,375,21656,24000,present,https://rfcx-streams-production.s3.eu-west-1.amazonaws.com/2023/05/19/0qzxagkhsv1n/df622f5b-c590-4747-9ffc-dde994120b56.flac?X-Amz-Algorithm=AWS4-HMAC-SHA256&X-Amz-Content-Sha256=UNSIGNED-PAYLOAD&X-Amz-Credential=AKIA45B7YWBX5HAZMGOU%2F20260223%2Feu-west-1%2Fs3%2Faws4_request&X-Amz-Date=20260223T002615Z&X-Amz-Expires=604800&X-Amz-Signature=178d7d759a61d4d6a117179127810c85fb5ab49ee77bde1ac799816f0a111e4e&X-Amz-SignedHeaders=host&response-content-disposition=attachment%3B%20filename%3Ddf622f5b-c590-4747-9ffc-dde994120b56.flac&x-id=GetObject,0.555567086,48469
WWP.2am-2023-05-19_15-00.WAV,2023 Wind Wolves Preserve Site 2,2023,5,19,16,0,Agelaius tricolor,Simple Call 2,28.70933342,29.10400009,375,21656,24000,present,https://rfcx-streams-production.s3.eu-west-1.amazonaws.com/2023/05/19/0qzxagkhsv1n/e380da34-50a3-4b8b-9bbb-c4ce586c0d6e.flac?X-Amz-Algorithm=AWS4-HMAC-SHA256&X-Amz-Content-Sha256=UNSIGNED-PAYLOAD&X-Amz-Credential=AKIA45B7YWBX5HAZMGOU%2F20260223%2Feu-west-1%2Fs3%2Faws4_request&X-Amz-Date=20260223T002615Z&X-Amz-Expires=604800&X-Amz-Signature=a188979c96e3a53f99e486a74642cbeb1d97655a8750c0e4c5dcbd560c7eecf0&X-Amz-SignedHeaders=host&response-content-disposition=attachment%3B%20filename%3De380da34-50a3-4b8b-9bbb-c4ce586c0d6e.flac&x-id=GetObject,0.552007854,48469
WWP.2am-2023-05-19_15-20.WAV,2023 Wind Wolves Preserve Site 2,2023,5,19,16,20,Agelaius tricolor,Simple Call 2,32.88533401,33.27999878,375,21656,24000,present,https://rfcx-streams-production.s3.eu-west-1.amazonaws.com/2023/05/19/0qzxagkhsv1n/dad24b0e-dcee-40c6-aaae-b365ad1f5f2e.flac?X-Amz-Algorithm=AWS4-HMAC-SHA256&X-Amz-Content-Sha256=UNSIGNED-PAYLOAD&X-Amz-Credential=AKIA45B7YWBX5HAZMGOU%2F20260223%2Feu-west-1%2Fs3%2Faws4_request&X-Amz-Date=20260223T002615Z&X-Amz-Expires=604800&X-Amz-Signature=acf0aa9e8f17ba70a36fc9bb1efe85b651575651c8cbeb4c49e5593cf4733a6b&X-Amz-SignedHeaders=host&response-content-disposition=attachment%3B%20filename%3Ddad24b0e-dcee-40c6-aaae-b365ad1f5f2e.flac&x-id=GetObject,0.580099821,48469
WWP.2am-2023-05-19_16-00.WAV,2023 Wind Wolves Preserve Site 2,2023,5,19,17,0,Agelaius tricolor,Simple Call 2,0.208000004,0.602666676,375,21656,24000,present,https://rfcx-streams-production.s3.eu-west-1.amazonaws.com/2023/05/20/0qzxagkhsv1n/2800238d-c2ae-41d5-9a9a-1a6a1994fd14.flac?X-Amz-Algorithm=AWS4-HMAC-SHA256&X-Amz-Content-Sha256=UNSIGNED-PAYLOAD&X-Amz-Credential=AKIA45B7YWBX5HAZMGOU%2F20260223%2Feu-west-1%2Fs3%2Faws4_request&X-Amz-Date=20260223T002615Z&X-Amz-Expires=604800&X-Amz-Signature=1b7ccbe02ddc342595e2bf19af6be130f0323b822172005e5eea7699ddead981&X-Amz-SignedHeaders=host&response-content-disposition=attachment%3B%20filename%3D2800238d-c2ae-41d5-9a9a-1a6a1994fd14.flac&x-id=GetObject,0.47604084,48469
WWP.2am-2023-05-19_16-20.WAV,2023 Wind Wolves Preserve Site 2,2023,5,19,17,20,Agelaius tricolor,Simple Call 2,39.47733307,39.87200165,375,21656,24000,present,https://rfcx-streams-production.s3.eu-west-1.amazonaws.com/2023/05/20/0qzxagkhsv1n/ba72d491-14dc-464c-869a-6d607f54b6c5.flac?X-Amz-Algorithm=AWS4-HMAC-SHA256&X-Amz-Content-Sha256=UNSIGNED-PAYLOAD&X-Amz-Credential=AKIA45B7YWBX5HAZMGOU%2F20260223%2Feu-west-1%2Fs3%2Faws4_request&X-Amz-Date=20260223T002615Z&X-Amz-Expires=604800&X-Amz-Signature=caa632a395d2933eea42462106e20c092ee2b7f9f0a7a033aa3bcc80199881e5&X-Amz-SignedHeaders=host&response-content-disposition=attachment%3B%20filename%3Dba72d491-14dc-464c-869a-6d607f54b6c5.flac&x-id=GetObject,0.519510627,48469
WWP.2am-2023-05-19_16-40.WAV,2023 Wind Wolves Preserve Site 2,2023,5,19,17,40,Agelaius tricolor,Simple Call 2,2.517333269,2.911999941,375,21656,24000,present,https://rfcx-streams-production.s3.eu-west-1.amazonaws.com/2023/05/20/0qzxagkhsv1n/27956a51-4607-44e8-bdeb-2b644ff2ed2d.flac?X-Amz-Algorithm=AWS4-HMAC-SHA256&X-Amz-Content-Sha256=UNSIGNED-PAYLOAD&X-Amz-Credential=AKIA45B7YWBX5HAZMGOU%2F20260223%2Feu-west-1%2Fs3%2Faws4_request&X-Amz-Date=20260223T002615Z&X-Amz-Expires=604800&X-Amz-Signature=aa11055d9814b01ab84bb219d13386ff52230857c2320af427f92a8edefdad06&X-Amz-SignedHeaders=host&response-content-disposition=attachment%3B%20filename%3D27956a51-4607-44e8-bdeb-2b644ff2ed2d.flac&x-id=GetObject,0.548025668,48469
WWP.2am-2023-05-19_17-00.WAV,2023 Wind Wolves Preserve Site 2,2023,5,19,18,0,Agelaius tricolor,Simple Call 2,7.546666622,7.941333294,375,21656,24000,present,https://rfcx-streams-production.s3.eu-west-1.amazonaws.com/2023/05/20/0qzxagkhsv1n/a5a28ffb-c56c-4d14-960b-6667be9412ad.flac?X-Amz-Algorithm=AWS4-HMAC-SHA256&X-Amz-Content-Sha256=UNSIGNED-PAYLOAD&X-Amz-Credential=AKIA45B7YWBX5HAZMGOU%2F20260223%2Feu-west-1%2Fs3%2Faws4_request&X-Amz-Date=20260223T002615Z&X-Amz-Expires=604800&X-Amz-Signature=7628b4a2c410f3cd664bbb944efb03cbe49b331c393f5d686319675b18d2cbc0&X-Amz-SignedHeaders=host&response-content-disposition=attachment%3B%20filename%3Da5a28ffb-c56c-4d14-960b-6667be9412ad.flac&x-id=GetObject,0.424361587,48469
WWP.2am-2023-05-19_17-20.WAV,2023 Wind Wolves Preserve Site 2,2023,5,19,18,20,Agelaius tricolor,Simple Call 2,1.770666718,2.165333271,375,21656,24000,present,https://rfcx-streams-production.s3.eu-west-1.amazonaws.com/2023/05/20/0qzxagkhsv1n/09d8d813-56f7-498b-8e17-34b8e6a413bb.flac?X-Amz-Algorithm=AWS4-HMAC-SHA256&X-Amz-Content-Sha256=UNSIGNED-PAYLOAD&X-Amz-Credential=AKIA45B7YWBX5HAZMGOU%2F20260223%2Feu-west-1%2Fs3%2Faws4_request&X-Amz-Date=20260223T002615Z&X-Amz-Expires=604800&X-Amz-Signature=6e7e8daca9e24638854612eb80e3d028052a39a778980a4a7085008ca6d4f6d6&X-Amz-SignedHeaders=host&response-content-disposition=attachment%3B%20filename%3D09d8d813-56f7-498b-8e17-34b8e6a413bb.flac&x-id=GetObject,0.460282654,48469
WWP.2am-2023-05-19_18-00.WAV,2023 Wind Wolves Preserve Site 2,2023,5,19,19,0,Agelaius tricolor,Simple Call 2,43.22133255,43.61600113,375,21656,24000,present,https://rfcx-streams-production.s3.eu-west-1.amazonaws.com/2023/05/20/0qzxagkhsv1n/0143abd6-9ac4-49d6-9348-0a877aaec10b.flac?X-Amz-Algorithm=AWS4-HMAC-SHA256&X-Amz-Content-Sha256=UNSIGNED-PAYLOAD&X-Amz-Credential=AKIA45B7YWBX5HAZMGOU%2F20260223%2Feu-west-1%2Fs3%2Faws4_request&X-Amz-Date=20260223T002615Z&X-Amz-Expires=604800&X-Amz-Signature=7cca0dd1f68fae2deaa15b065e123e897fad59a46261c534f18eec67252fb191&X-Amz-SignedHeaders=host&response-content-disposition=attachment%3B%20filename%3D0143abd6-9ac4-49d6-9348-0a877aaec10b.flac&x-id=GetObject,0.414136559,48469
WWP.2am-2023-05-19_18-20.WAV,2023 Wind Wolves Preserve Site 2,2023,5,19,19,20,Agelaius tricolor,Simple Call 2,15.18400002,15.57866669,375,21656,24000,present,https://rfcx-streams-production.s3.eu-west-1.amazonaws.com/2023/05/20/0qzxagkhsv1n/428059fb-8767-41ea-b006-5be6497890e5.flac?X-Amz-Algorithm=AWS4-HMAC-SHA256&X-Amz-Content-Sha256=UNSIGNED-PAYLOAD&X-Amz-Credential=AKIA45B7YWBX5HAZMGOU%2F20260223%2Feu-west-1%2Fs3%2Faws4_request&X-Amz-Date=20260223T002615Z&X-Amz-Expires=604800&X-Amz-Signature=309296a8211cefc683ededadae47d97a0858e05e103f4e3e2e7bb868946a1346&X-Amz-SignedHeaders=host&response-content-disposition=attachment%3B%20filename%3D428059fb-8767-41ea-b006-5be6497890e5.flac&x-id=GetObject,0.403081924,48469
WWP.2am-2023-05-19_18-40.WAV,2023 Wind Wolves Preserve Site 2,2023,5,19,19,40,Agelaius tricolor,Simple Call 2,43.99466705,44.38933182,375,21656,24000,present,https://rfcx-streams-production.s3.eu-west-1.amazonaws.com/2023/05/20/0qzxagkhsv1n/a014f0b3-bf9b-47b6-a069-05e1e12f5980.flac?X-Amz-Algorithm=AWS4-HMAC-SHA256&X-Amz-Content-Sha256=UNSIGNED-PAYLOAD&X-Amz-Credential=AKIA45B7YWBX5HAZMGOU%2F20260223%2Feu-west-1%2Fs3%2Faws4_request&X-Amz-Date=20260223T002615Z&X-Amz-Expires=604800&X-Amz-Signature=f14d3ca06c4cb8e298800c7dc0eeb068691ceda0b9037f10dcf4f3781626bd0a&X-Amz-SignedHeaders=host&response-content-disposition=attachment%3B%20filename%3Da014f0b3-bf9b-47b6-a069-05e1e12f5980.flac&x-id=GetObject,0.402658641,48469
WWP.2am-2023-05-19_19-00.WAV,2023 Wind Wolves Preserve Site 2,2023,5,19,20,0,Agelaius tricolor,Simple Call 2,44.92266846,45.31733322,375,21656,24000,present,https://rfcx-streams-production.s3.eu-west-1.amazonaws.com/2023/05/20/0qzxagkhsv1n/e871d697-f73c-4a1e-ab59-d33c856f9771.flac?X-Amz-Algorithm=AWS4-HMAC-SHA256&X-Amz-Content-Sha256=UNSIGNED-PAYLOAD&X-Amz-Credential=AKIA45B7YWBX5HAZMGOU%2F20260223%2Feu-west-1%2Fs3%2Faws4_request&X-Amz-Date=20260223T002615Z&X-Amz-Expires=604800&X-Amz-Signature=7321cbb3554ce15a67504e4931af0eb7a1dc9a3b22dfcb4630531e0c8809bb0e&X-Amz-SignedHeaders=host&response-content-disposition=attachment%3B%20filename%3De871d697-f73c-4a1e-ab59-d33c856f9771.flac&x-id=GetObject,0.452171713,48469
WWP.2am-2023-05-19_20-00.WAV,2023 Wind Wolves Preserve Site 2,2023,5,19,21,0,Agelaius tricolor,Simple Call 2,16.9279995,17.32266617,375,21656,24000,present,https://rfcx-streams-production.s3.eu-west-1.amazonaws.com/2023/05/20/0qzxagkhsv1n/91815d96-f76d-43d2-a45c-36a51dd8a7fd.flac?X-Amz-Algorithm=AWS4-HMAC-SHA256&X-Amz-Content-Sha256=UNSIGNED-PAYLOAD&X-Amz-Credential=AKIA45B7YWBX5HAZMGOU%2F20260223%2Feu-west-1%2Fs3%2Faws4_request&X-Amz-Date=20260223T002615Z&X-Amz-Expires=604800&X-Amz-Signature=2e04baa7d3089b3eaedf2d30eb200b5867a1e88e2085e097b52148f0315c0c97&X-Amz-SignedHeaders=host&response-content-disposition=attachment%3B%20filename%3D91815d96-f76d-43d2-a45c-36a51dd8a7fd.flac&x-id=GetObject,0.458640367,48469
WWP.2am-2023-05-20_06-20.WAV,2023 Wind Wolves Preserve Site 2,2023,5,20,7,20,Agelaius tricolor,Simple Call 2,56.32533264,56.72000122,375,21656,24000,present,https://rfcx-streams-production.s3.eu-west-1.amazonaws.com/2023/05/20/0qzxagkhsv1n/5c7edc50-0d39-4563-96cf-719c44feda26.flac?X-Amz-Algorithm=AWS4-HMAC-SHA256&X-Amz-Content-Sha256=UNSIGNED-PAYLOAD&X-Amz-Credential=AKIA45B7YWBX5HAZMGOU%2F20260223%2Feu-west-1%2Fs3%2Faws4_request&X-Amz-Date=20260223T002615Z&X-Amz-Expires=604800&X-Amz-Signature=6a5d068477f7293890117593a8c1bbe3b8f03b6270232259be4b13d1d8c3f1ec&X-Amz-SignedHeaders=host&response-content-disposition=attachment%3B%20filename%3D5c7edc50-0d39-4563-96cf-719c44feda26.flac&x-id=GetObject,0.426912218,48469
WWP.2am-2023-05-20_06-40.WAV,2023 Wind Wolves Preserve Site 2,2023,5,20,7,40,Agelaius tricolor,Simple Call 2,45.79733276,46.19200134,375,21656,24000,present,https://rfcx-streams-production.s3.eu-west-1.amazonaws.com/2023/05/20/0qzxagkhsv1n/a9dd2274-122e-456a-b2e0-be558ddfbfcf.flac?X-Amz-Algorithm=AWS4-HMAC-SHA256&X-Amz-Content-Sha256=UNSIGNED-PAYLOAD&X-Amz-Credential=AKIA45B7YWBX5HAZMGOU%2F20260223%2Feu-west-1%2Fs3%2Faws4_request&X-Amz-Date=20260223T002615Z&X-Amz-Expires=604800&X-Amz-Signature=c8b7bf0c601b6f1e24d0ff5556553d3d80e0f531c07b2d3b7a4e8556949fb9f8&X-Amz-SignedHeaders=host&response-content-disposition=attachment%3B%20filename%3Da9dd2274-122e-456a-b2e0-be558ddfbfcf.flac&x-id=GetObject,0.435773969,48469
WWP.2am-2023-05-20_07-00.WAV,2023 Wind Wolves Preserve Site 2,2023,5,20,8,0,Agelaius tricolor,Simple Call 2,46.39466476,46.78933334,375,21656,24000,present,https://rfcx-streams-production.s3.eu-west-1.amazonaws.com/2023/05/20/0qzxagkhsv1n/ab3d78c3-a739-4d18-8bb0-f965c3be966a.flac?X-Amz-Algorithm=AWS4-HMAC-SHA256&X-Amz-Content-Sha256=UNSIGNED-PAYLOAD&X-Amz-Credential=AKIA45B7YWBX5HAZMGOU%2F20260223%2Feu-west-1%2Fs3%2Faws4_request&X-Amz-Date=20260223T002615Z&X-Amz-Expires=604800&X-Amz-Signature=b6aa605a0edeaf3dede3c4fe59cab32af17343d66119248f42b89d123563302b&X-Amz-SignedHeaders=host&response-content-disposition=attachment%3B%20filename%3Dab3d78c3-a739-4d18-8bb0-f965c3be966a.flac&x-id=GetObject,0.45579046,48469
WWP.2am-2023-05-20_07-20.WAV,2023 Wind Wolves Preserve Site 2,2023,5,20,8,20,Agelaius tricolor,Simple Call 2,52.57600021,52.97066498,375,21656,24000,present,https://rfcx-streams-production.s3.eu-west-1.amazonaws.com/2023/05/20/0qzxagkhsv1n/a09b11ee-57a9-405a-9f77-9ddba4d21e75.flac?X-Amz-Algorithm=AWS4-HMAC-SHA256&X-Amz-Content-Sha256=UNSIGNED-PAYLOAD&X-Amz-Credential=AKIA45B7YWBX5HAZMGOU%2F20260223%2Feu-west-1%2Fs3%2Faws4_request&X-Amz-Date=20260223T002615Z&X-Amz-Expires=604800&X-Amz-Signature=ae09763a1e0edc04c16b551dae8188626f23075fd4ba7513124e67038abc06f8&X-Amz-SignedHeaders=host&response-content-disposition=attachment%3B%20filename%3Da09b11ee-57a9-405a-9f77-9ddba4d21e75.flac&x-id=GetObject,0.48053658,48469
WWP.2am-2023-05-20_07-40.WAV,2023 Wind Wolves Preserve Site 2,2023,5,20,8,40,Agelaius tricolor,Simple Call 2,8.128000259,8.522666931,375,21656,24000,present,https://rfcx-streams-production.s3.eu-west-1.amazonaws.com/2023/05/20/0qzxagkhsv1n/99df6baa-d022-46eb-a37d-924afb1b78f9.flac?X-Amz-Algorithm=AWS4-HMAC-SHA256&X-Amz-Content-Sha256=UNSIGNED-PAYLOAD&X-Amz-Credential=AKIA45B7YWBX5HAZMGOU%2F20260223%2Feu-west-1%2Fs3%2Faws4_request&X-Amz-Date=20260223T002615Z&X-Amz-Expires=604800&X-Amz-Signature=f58ee6f5ca0edd0564764347a313d9b3de61ceec2c9a2cfacf22d9846ed0f2d1&X-Amz-SignedHeaders=host&response-content-disposition=attachment%3B%20filename%3D99df6baa-d022-46eb-a37d-924afb1b78f9.flac&x-id=GetObject,0.463771969,48469
WWP.2am-2023-05-20_08-00.WAV,2023 Wind Wolves Preserve Site 2,2023,5,20,9,0,Agelaius tricolor,Simple Call 2,55.0613327,55.45600128,375,21656,24000,present,https://rfcx-streams-production.s3.eu-west-1.amazonaws.com/2023/05/20/0qzxagkhsv1n/d3044e43-d0da-4650-a45e-c929d4c327bc.flac?X-Amz-Algorithm=AWS4-HMAC-SHA256&X-Amz-Content-Sha256=UNSIGNED-PAYLOAD&X-Amz-Credential=AKIA45B7YWBX5HAZMGOU%2F20260223%2Feu-west-1%2Fs3%2Faws4_request&X-Amz-Date=20260223T002615Z&X-Amz-Expires=604800&X-Amz-Signature=eafe89f7b79824f823c9a3667fc9420964ea66d0f62d3cf0721742e0dc7ce2a0&X-Amz-SignedHeaders=host&response-content-disposition=attachment%3B%20filename%3Dd3044e43-d0da-4650-a45e-c929d4c327bc.flac&x-id=GetObject,0.460245222,48469
WWP.2am-2023-05-20_08-20.WAV,2023 Wind Wolves Preserve Site 2,2023,5,20,9,20,Agelaius tricolor,Simple Call 2,21.89333344,22.28800011,375,21656,24000,present,https://rfcx-streams-production.s3.eu-west-1.amazonaws.com/2023/05/20/0qzxagkhsv1n/fd9bd40f-7631-4676-b745-3e400f5effa3.flac?X-Amz-Algorithm=AWS4-HMAC-SHA256&X-Amz-Content-Sha256=UNSIGNED-PAYLOAD&X-Amz-Credential=AKIA45B7YWBX5HAZMGOU%2F20260223%2Feu-west-1%2Fs3%2Faws4_request&X-Amz-Date=20260223T002615Z&X-Amz-Expires=604800&X-Amz-Signature=7ca215dea67817f1ca76e890a713afa8895bb833227c73de1739712219a0f469&X-Amz-SignedHeaders=host&response-content-disposition=attachment%3B%20filename%3Dfd9bd40f-7631-4676-b745-3e400f5effa3.flac&x-id=GetObject,0.507297575,48469
WWP.2am-2023-05-20_08-40.WAV,2023 Wind Wolves Preserve Site 2,2023,5,20,9,40,Agelaius tricolor,Simple Call 2,58.18133163,58.57600021,375,21656,24000,present,https://rfcx-streams-production.s3.eu-west-1.amazonaws.com/2023/05/20/0qzxagkhsv1n/2fe811f7-848c-42bc-981e-178795d93fb5.flac?X-Amz-Algorithm=AWS4-HMAC-SHA256&X-Amz-Content-Sha256=UNSIGNED-PAYLOAD&X-Amz-Credential=AKIA45B7YWBX5HAZMGOU%2F20260223%2Feu-west-1%2Fs3%2Faws4_request&X-Amz-Date=20260223T002615Z&X-Amz-Expires=604800&X-Amz-Signature=f121ef039f6f251bf26bc176466f8c48490b1914c27aa6d184d4d8e9fe90ff3d&X-Amz-SignedHeaders=host&response-content-disposition=attachment%3B%20filename%3D2fe811f7-848c-42bc-981e-178795d93fb5.flac&x-id=GetObject,0.486596674,48469
WWP.2am-2023-05-20_09-20.WAV,2023 Wind Wolves Preserve Site 2,2023,5,20,10,20,Agelaius tricolor,Simple Call 2,57.77600098,58.17066574,375,21656,24000,present,https://rfcx-streams-production.s3.eu-west-1.amazonaws.com/2023/05/20/0qzxagkhsv1n/81eb4012-e352-44bc-bff3-908269fc6399.flac?X-Amz-Algorithm=AWS4-HMAC-SHA256&X-Amz-Content-Sha256=UNSIGNED-PAYLOAD&X-Amz-Credential=AKIA45B7YWBX5HAZMGOU%2F20260223%2Feu-west-1%2Fs3%2Faws4_request&X-Amz-Date=20260223T002615Z&X-Amz-Expires=604800&X-Amz-Signature=fd74be326a8afe9f88e65dbaf4396c016f7d56544e1f82729e4acc619cdb1d52&X-Amz-SignedHeaders=host&response-content-disposition=attachment%3B%20filename%3D81eb4012-e352-44bc-bff3-908269fc6399.flac&x-id=GetObject,0.537193239,48469
WWP.2am-2023-05-20_09-40.WAV,2023 Wind Wolves Preserve Site 2,2023,5,20,10,40,Agelaius tricolor,Simple Call 2,47.92533493,48.31999969,375,21656,24000,present,https://rfcx-streams-production.s3.eu-west-1.amazonaws.com/2023/05/20/0qzxagkhsv1n/d30af044-ae54-442b-8da4-4f0b98a157a9.flac?X-Amz-Algorithm=AWS4-HMAC-SHA256&X-Amz-Content-Sha256=UNSIGNED-PAYLOAD&X-Amz-Credential=AKIA45B7YWBX5HAZMGOU%2F20260223%2Feu-west-1%2Fs3%2Faws4_request&X-Amz-Date=20260223T002615Z&X-Amz-Expires=604800&X-Amz-Signature=0df910ce5afc5ca881868ba18316bd2c28f4deae8578ecbc98962194691d3705&X-Amz-SignedHeaders=host&response-content-disposition=attachment%3B%20filename%3Dd30af044-ae54-442b-8da4-4f0b98a157a9.flac&x-id=GetObject,0.454534799,48469
WWP.2am-2023-05-20_10-00.WAV,2023 Wind Wolves Preserve Site 2,2023,5,20,11,0,Agelaius tricolor,Simple Call 2,19.23200035,19.62666702,375,21656,24000,present,https://rfcx-streams-production.s3.eu-west-1.amazonaws.com/2023/05/20/0qzxagkhsv1n/d7e584f7-1c7a-4845-820b-cdef2b520822.flac?X-Amz-Algorithm=AWS4-HMAC-SHA256&X-Amz-Content-Sha256=UNSIGNED-PAYLOAD&X-Amz-Credential=AKIA45B7YWBX5HAZMGOU%2F20260223%2Feu-west-1%2Fs3%2Faws4_request&X-Amz-Date=20260223T002615Z&X-Amz-Expires=604800&X-Amz-Signature=8f41ef29b27728eea7e0a9d9350fa215ccfa2fe9e1bf1c86fb254d9122083f2f&X-Amz-SignedHeaders=host&response-content-disposition=attachment%3B%20filename%3Dd7e584f7-1c7a-4845-820b-cdef2b520822.flac&x-id=GetObject,0.474247843,48469
WWP.2am-2023-05-20_10-20.WAV,2023 Wind Wolves Preserve Site 2,2023,5,20,11,20,Agelaius tricolor,Simple Call 2,24.19199944,24.58666611,375,21656,24000,present,https://rfcx-streams-production.s3.eu-west-1.amazonaws.com/2023/05/20/0qzxagkhsv1n/ad1d2e74-1e92-4340-ab49-11d2a27fe9c7.flac?X-Amz-Algorithm=AWS4-HMAC-SHA256&X-Amz-Content-Sha256=UNSIGNED-PAYLOAD&X-Amz-Credential=AKIA45B7YWBX5HAZMGOU%2F20260223%2Feu-west-1%2Fs3%2Faws4_request&X-Amz-Date=20260223T002615Z&X-Amz-Expires=604800&X-Amz-Signature=061d818c9ec82c26143ceece9ce4f04802e4eb79589c7fe8179042ffdf0ac08e&X-Amz-SignedHeaders=host&response-content-disposition=attachment%3B%20filename%3Dad1d2e74-1e92-4340-ab49-11d2a27fe9c7.flac&x-id=GetObject,0.521511018,48469
WWP.2am-2023-05-20_11-00.WAV,2023 Wind Wolves Preserve Site 2,2023,5,20,12,0,Agelaius tricolor,Simple Call 2,28.81599998,29.21066666,375,21656,24000,present,https://rfcx-streams-production.s3.eu-west-1.amazonaws.com/2023/05/20/0qzxagkhsv1n/4eee3244-7f4f-40ae-bbbf-82d805b99b62.flac?X-Amz-Algorithm=AWS4-HMAC-SHA256&X-Amz-Content-Sha256=UNSIGNED-PAYLOAD&X-Amz-Credential=AKIA45B7YWBX5HAZMGOU%2F20260223%2Feu-west-1%2Fs3%2Faws4_request&X-Amz-Date=20260223T002615Z&X-Amz-Expires=604800&X-Amz-Signature=bcce638c022f2a04dd871c37a0e5a4ba86dec1aee8a7c02f9f276cf00f2141c1&X-Amz-SignedHeaders=host&response-content-disposition=attachment%3B%20filename%3D4eee3244-7f4f-40ae-bbbf-82d805b99b62.flac&x-id=GetObject,0.473570496,48469
WWP.2am-2023-05-20_11-20.WAV,2023 Wind Wolves Preserve Site 2,2023,5,20,12,20,Agelaius tricolor,Simple Call 2,44.84266663,45.23733521,375,21656,24000,present,https://rfcx-streams-production.s3.eu-west-1.amazonaws.com/2023/05/20/0qzxagkhsv1n/f0395ec0-91df-49f4-a1f9-94b541cdda36.flac?X-Amz-Algorithm=AWS4-HMAC-SHA256&X-Amz-Content-Sha256=UNSIGNED-PAYLOAD&X-Amz-Credential=AKIA45B7YWBX5HAZMGOU%2F20260223%2Feu-west-1%2Fs3%2Faws4_request&X-Amz-Date=20260223T002615Z&X-Amz-Expires=604800&X-Amz-Signature=c5db1e99474cfbcc475e552eb9ab45f3553bafea3da8277237fb46eb4688ac9b&X-Amz-SignedHeaders=host&response-content-disposition=attachment%3B%20filename%3Df0395ec0-91df-49f4-a1f9-94b541cdda36.flac&x-id=GetObject,0.473628312,48469
WWP.2am-2023-05-20_11-40.WAV,2023 Wind Wolves Preserve Site 2,2023,5,20,12,40,Agelaius tricolor,Simple Call 2,51.39199829,51.78666687,375,21656,24000,present,https://rfcx-streams-production.s3.eu-west-1.amazonaws.com/2023/05/20/0qzxagkhsv1n/5a126f41-cffa-4031-b57d-6af1f8f7872e.flac?X-Amz-Algorithm=AWS4-HMAC-SHA256&X-Amz-Content-Sha256=UNSIGNED-PAYLOAD&X-Amz-Credential=AKIA45B7YWBX5HAZMGOU%2F20260223%2Feu-west-1%2Fs3%2Faws4_request&X-Amz-Date=20260223T002615Z&X-Amz-Expires=604800&X-Amz-Signature=28e13e988f15a69620724a91e960e1ebbe5f6bc6268d6121b38991d83ee768f4&X-Amz-SignedHeaders=host&response-content-disposition=attachment%3B%20filename%3D5a126f41-cffa-4031-b57d-6af1f8f7872e.flac&x-id=GetObject,0.449306548,48469
WWP.2am-2023-05-20_12-20.WAV,2023 Wind Wolves Preserve Site 2,2023,5,20,13,20,Agelaius tricolor,Simple Call 2,2.490666628,2.8853333,375,21656,24000,present,https://rfcx-streams-production.s3.eu-west-1.amazonaws.com/2023/05/20/0qzxagkhsv1n/a4733adb-0846-47e2-9e46-ad8c5a0848a0.flac?X-Amz-Algorithm=AWS4-HMAC-SHA256&X-Amz-Content-Sha256=UNSIGNED-PAYLOAD&X-Amz-Credential=AKIA45B7YWBX5HAZMGOU%2F20260223%2Feu-west-1%2Fs3%2Faws4_request&X-Amz-Date=20260223T002615Z&X-Amz-Expires=604800&X-Amz-Signature=06f2a00027d591a7a0924b2eeeba77189404136ac90478c1eafaea15dc5b82cf&X-Amz-SignedHeaders=host&response-content-disposition=attachment%3B%20filename%3Da4733adb-0846-47e2-9e46-ad8c5a0848a0.flac&x-id=GetObject,0.512270451,48469
WWP.2am-2023-05-20_12-40.WAV,2023 Wind Wolves Preserve Site 2,2023,5,20,13,40,Agelaius tricolor,Simple Call 2,57.80799866,58.20266724,375,21656,24000,present,https://rfcx-streams-production.s3.eu-west-1.amazonaws.com/2023/05/20/0qzxagkhsv1n/68172962-0a80-4800-a37b-9668570cf975.flac?X-Amz-Algorithm=AWS4-HMAC-SHA256&X-Amz-Content-Sha256=UNSIGNED-PAYLOAD&X-Amz-Credential=AKIA45B7YWBX5HAZMGOU%2F20260223%2Feu-west-1%2Fs3%2Faws4_request&X-Amz-Date=20260223T002615Z&X-Amz-Expires=604800&X-Amz-Signature=afb1120a6522a6810bbd074c9ba48cbb8881767e44a938b4fe28e9ded6c801d8&X-Amz-SignedHeaders=host&response-content-disposition=attachment%3B%20filename%3D68172962-0a80-4800-a37b-9668570cf975.flac&x-id=GetObject,0.534619033,48469
WWP.2am-2023-05-20_13-20.WAV,2023 Wind Wolves Preserve Site 2,2023,5,20,14,20,Agelaius tricolor,Simple Call 2,0.416000009,0.81066668,375,21656,24000,present,https://rfcx-streams-production.s3.eu-west-1.amazonaws.com/2023/05/20/0qzxagkhsv1n/e4fb5452-027e-43f5-af61-ce6e6902f66f.flac?X-Amz-Algorithm=AWS4-HMAC-SHA256&X-Amz-Content-Sha256=UNSIGNED-PAYLOAD&X-Amz-Credential=AKIA45B7YWBX5HAZMGOU%2F20260223%2Feu-west-1%2Fs3%2Faws4_request&X-Amz-Date=20260223T002615Z&X-Amz-Expires=604800&X-Amz-Signature=7f3fd787e858e35ab40467393716bef3fc1adfe088921596a34f24aa737d64a4&X-Amz-SignedHeaders=host&response-content-disposition=attachment%3B%20filename%3De4fb5452-027e-43f5-af61-ce6e6902f66f.flac&x-id=GetObject,0.551900029,48469
WWP.2am-2023-05-20_13-40.WAV,2023 Wind Wolves Preserve Site 2,2023,5,20,14,40,Agelaius tricolor,Simple Call 2,16.298666,16.69333267,375,21656,24000,present,https://rfcx-streams-production.s3.eu-west-1.amazonaws.com/2023/05/20/0qzxagkhsv1n/52fd76b9-1a5c-40dc-86b7-57585e7b8b87.flac?X-Amz-Algorithm=AWS4-HMAC-SHA256&X-Amz-Content-Sha256=UNSIGNED-PAYLOAD&X-Amz-Credential=AKIA45B7YWBX5HAZMGOU%2F20260223%2Feu-west-1%2Fs3%2Faws4_request&X-Amz-Date=20260223T002615Z&X-Amz-Expires=604800&X-Amz-Signature=cb2f2d334937068e00d85ebdb21f8ef8f25372e7831cb2304e03b17541c3449d&X-Amz-SignedHeaders=host&response-content-disposition=attachment%3B%20filename%3D52fd76b9-1a5c-40dc-86b7-57585e7b8b87.flac&x-id=GetObject,0.505467355,48469
WWP.2am-2023-05-20_14-00.WAV,2023 Wind Wolves Preserve Site 2,2023,5,20,15,0,Agelaius tricolor,Simple Call 2,52.07466507,52.46933365,375,21656,24000,present,https://rfcx-streams-production.s3.eu-west-1.amazonaws.com/2023/05/20/0qzxagkhsv1n/664e6da5-505d-4f41-961f-79dba0245eeb.flac?X-Amz-Algorithm=AWS4-HMAC-SHA256&X-Amz-Content-Sha256=UNSIGNED-PAYLOAD&X-Amz-Credential=AKIA45B7YWBX5HAZMGOU%2F20260223%2Feu-west-1%2Fs3%2Faws4_request&X-Amz-Date=20260223T002615Z&X-Amz-Expires=604800&X-Amz-Signature=338a81c3b1b3030b60a204ac67bf555fcd5a6600a9c16ed338b2bf7c62ca0b6d&X-Amz-SignedHeaders=host&response-content-disposition=attachment%3B%20filename%3D664e6da5-505d-4f41-961f-79dba0245eeb.flac&x-id=GetObject,0.505006015,48469
WWP.2am-2023-05-20_14-20.WAV,2023 Wind Wolves Preserve Site 2,2023,5,20,15,20,Agelaius tricolor,Simple Call 2,9.152000427,9.546667099,375,21656,24000,present,https://rfcx-streams-production.s3.eu-west-1.amazonaws.com/2023/05/20/0qzxagkhsv1n/b9154f1c-38aa-44c5-a766-75e6772175f6.flac?X-Amz-Algorithm=AWS4-HMAC-SHA256&X-Amz-Content-Sha256=UNSIGNED-PAYLOAD&X-Amz-Credential=AKIA45B7YWBX5HAZMGOU%2F20260223%2Feu-west-1%2Fs3%2Faws4_request&X-Amz-Date=20260223T002615Z&X-Amz-Expires=604800&X-Amz-Signature=4290a8e8449d61a8427a93005df6e1f404e8a1a8b4a838d91bcdf4f4fd4c6682&X-Amz-SignedHeaders=host&response-content-disposition=attachment%3B%20filename%3Db9154f1c-38aa-44c5-a766-75e6772175f6.flac&x-id=GetObject,0.510144114,48469
WWP.2am-2023-05-20_14-40.WAV,2023 Wind Wolves Preserve Site 2,2023,5,20,15,40,Agelaius tricolor,Simple Call 2,1.765333295,2.160000086,375,21656,24000,present,https://rfcx-streams-production.s3.eu-west-1.amazonaws.com/2023/05/20/0qzxagkhsv1n/fec3d91e-3fe4-4f30-87d4-c8253765e88b.flac?X-Amz-Algorithm=AWS4-HMAC-SHA256&X-Amz-Content-Sha256=UNSIGNED-PAYLOAD&X-Amz-Credential=AKIA45B7YWBX5HAZMGOU%2F20260223%2Feu-west-1%2Fs3%2Faws4_request&X-Amz-Date=20260223T002615Z&X-Amz-Expires=604800&X-Amz-Signature=ba733a008a648e0e37b85ecff693ff663d47df2b15df462d8b7bebb6005fb240&X-Amz-SignedHeaders=host&response-content-disposition=attachment%3B%20filename%3Dfec3d91e-3fe4-4f30-87d4-c8253765e88b.flac&x-id=GetObject,0.513455153,48469
WWP.2am-2023-05-20_15-00.WAV,2023 Wind Wolves Preserve Site 2,2023,5,20,16,0,Agelaius tricolor,Simple Call 2,5.797333241,6.191999912,375,21656,24000,present,https://rfcx-streams-production.s3.eu-west-1.amazonaws.com/2023/05/20/0qzxagkhsv1n/0ba4a422-cc11-4cc8-91fb-175329305588.flac?X-Amz-Algorithm=AWS4-HMAC-SHA256&X-Amz-Content-Sha256=UNSIGNED-PAYLOAD&X-Amz-Credential=AKIA45B7YWBX5HAZMGOU%2F20260223%2Feu-west-1%2Fs3%2Faws4_request&X-Amz-Date=20260223T002615Z&X-Amz-Expires=604800&X-Amz-Signature=1ee972844d7294ad87bf8e316229260adabd47cabacff4966292acc178c24368&X-Amz-SignedHeaders=host&response-content-disposition=attachment%3B%20filename%3D0ba4a422-cc11-4cc8-91fb-175329305588.flac&x-id=GetObject,0.566433609,48469
WWP.2am-2023-05-20_15-20.WAV,2023 Wind Wolves Preserve Site 2,2023,5,20,16,20,Agelaius tricolor,Simple Call 2,14.22399998,14.61866665,375,21656,24000,present,https://rfcx-streams-production.s3.eu-west-1.amazonaws.com/2023/05/20/0qzxagkhsv1n/f2e90c26-9037-4958-996b-5aef4358573f.flac?X-Amz-Algorithm=AWS4-HMAC-SHA256&X-Amz-Content-Sha256=UNSIGNED-PAYLOAD&X-Amz-Credential=AKIA45B7YWBX5HAZMGOU%2F20260223%2Feu-west-1%2Fs3%2Faws4_request&X-Amz-Date=20260223T002615Z&X-Amz-Expires=604800&X-Amz-Signature=5b24534b7835ac0346ab0535228889fe2a90f4ad42c45992dc52c953500b528a&X-Amz-SignedHeaders=host&response-content-disposition=attachment%3B%20filename%3Df2e90c26-9037-4958-996b-5aef4358573f.flac&x-id=GetObject,0.421079129,48469
WWP.2am-2023-05-20_15-40.WAV,2023 Wind Wolves Preserve Site 2,2023,5,20,16,40,Agelaius tricolor,Simple Call 2,7.296000004,7.690666676,375,21656,24000,present,https://rfcx-streams-production.s3.eu-west-1.amazonaws.com/2023/05/20/0qzxagkhsv1n/416ca9de-a9eb-4c96-879c-e91103d84a7f.flac?X-Amz-Algorithm=AWS4-HMAC-SHA256&X-Amz-Content-Sha256=UNSIGNED-PAYLOAD&X-Amz-Credential=AKIA45B7YWBX5HAZMGOU%2F20260223%2Feu-west-1%2Fs3%2Faws4_request&X-Amz-Date=20260223T002615Z&X-Amz-Expires=604800&X-Amz-Signature=31f7f31108aa0c97fa9683e553fda3028489be6799f568f58c25ee5927960dae&X-Amz-SignedHeaders=host&response-content-disposition=attachment%3B%20filename%3D416ca9de-a9eb-4c96-879c-e91103d84a7f.flac&x-id=GetObject,0.448509783,48469
WWP.2am-2023-05-20_16-00.WAV,2023 Wind Wolves Preserve Site 2,2023,5,20,17,0,Agelaius tricolor,Simple Call 2,37.29600143,37.6906662,375,21656,24000,present,https://rfcx-streams-production.s3.eu-west-1.amazonaws.com/2023/05/21/0qzxagkhsv1n/bc2efe9e-b6a2-40dc-86fb-685f841cc70e.flac?X-Amz-Algorithm=AWS4-HMAC-SHA256&X-Amz-Content-Sha256=UNSIGNED-PAYLOAD&X-Amz-Credential=AKIA45B7YWBX5HAZMGOU%2F20260223%2Feu-west-1%2Fs3%2Faws4_request&X-Amz-Date=20260223T002615Z&X-Amz-Expires=604800&X-Amz-Signature=b8e1996aca8ddc607c077513d1eac0427772ee5e5cb2560ef92c980409a2e815&X-Amz-SignedHeaders=host&response-content-disposition=attachment%3B%20filename%3Dbc2efe9e-b6a2-40dc-86fb-685f841cc70e.flac&x-id=GetObject,0.500742853,48469
WWP.2am-2023-05-20_16-20.WAV,2023 Wind Wolves Preserve Site 2,2023,5,20,17,20,Agelaius tricolor,Simple Call 2,16.87999916,17.27466583,375,21656,24000,present,https://rfcx-streams-production.s3.eu-west-1.amazonaws.com/2023/05/21/0qzxagkhsv1n/49a7507a-e8a5-4860-a283-0227a0bf3815.flac?X-Amz-Algorithm=AWS4-HMAC-SHA256&X-Amz-Content-Sha256=UNSIGNED-PAYLOAD&X-Amz-Credential=AKIA45B7YWBX5HAZMGOU%2F20260223%2Feu-west-1%2Fs3%2Faws4_request&X-Amz-Date=20260223T002615Z&X-Amz-Expires=604800&X-Amz-Signature=4eba3b21bd3f2e18e23def99e8d43c0ce9b6df894fbe0aebde1fda05249f0d97&X-Amz-SignedHeaders=host&response-content-disposition=attachment%3B%20filename%3D49a7507a-e8a5-4860-a283-0227a0bf3815.flac&x-id=GetObject,0.488818169,48469
WWP.2am-2023-05-20_17-00.WAV,2023 Wind Wolves Preserve Site 2,2023,5,20,18,0,Agelaius tricolor,Simple Call 2,31.81333351,32.20800018,375,21656,24000,present,https://rfcx-streams-production.s3.eu-west-1.amazonaws.com/2023/05/21/0qzxagkhsv1n/18b1971c-f91f-45fc-9568-69133829f348.flac?X-Amz-Algorithm=AWS4-HMAC-SHA256&X-Amz-Content-Sha256=UNSIGNED-PAYLOAD&X-Amz-Credential=AKIA45B7YWBX5HAZMGOU%2F20260223%2Feu-west-1%2Fs3%2Faws4_request&X-Amz-Date=20260223T002615Z&X-Amz-Expires=604800&X-Amz-Signature=33f266f49384d7c995ac829b7989a461630bd76cd4c8a3585b9769fb142dde21&X-Amz-SignedHeaders=host&response-content-disposition=attachment%3B%20filename%3D18b1971c-f91f-45fc-9568-69133829f348.flac&x-id=GetObject,0.442723334,48469
WWP.2am-2023-05-20_17-20.WAV,2023 Wind Wolves Preserve Site 2,2023,5,20,18,20,Agelaius tricolor,Simple Call 2,22.06399918,22.45866585,375,21656,24000,present,https://rfcx-streams-production.s3.eu-west-1.amazonaws.com/2023/05/21/0qzxagkhsv1n/4f9f5ea7-7832-42bf-9146-20ac850c6f94.flac?X-Amz-Algorithm=AWS4-HMAC-SHA256&X-Amz-Content-Sha256=UNSIGNED-PAYLOAD&X-Amz-Credential=AKIA45B7YWBX5HAZMGOU%2F20260223%2Feu-west-1%2Fs3%2Faws4_request&X-Amz-Date=20260223T002615Z&X-Amz-Expires=604800&X-Amz-Signature=9c951ea8b65715e4c2fffde64bc1fe96dab320d4908c3e9b0aaa118fd2e39fa0&X-Amz-SignedHeaders=host&response-content-disposition=attachment%3B%20filename%3D4f9f5ea7-7832-42bf-9146-20ac850c6f94.flac&x-id=GetObject,0.474862278,48469
WWP.2am-2023-05-20_18-00.WAV,2023 Wind Wolves Preserve Site 2,2023,5,20,19,0,Agelaius tricolor,Simple Call 2,0.410666674,0.805333316,375,21656,24000,present,https://rfcx-streams-production.s3.eu-west-1.amazonaws.com/2023/05/21/0qzxagkhsv1n/d138766e-ca7c-4876-b70f-949a450474a2.flac?X-Amz-Algorithm=AWS4-HMAC-SHA256&X-Amz-Content-Sha256=UNSIGNED-PAYLOAD&X-Amz-Credential=AKIA45B7YWBX5HAZMGOU%2F20260223%2Feu-west-1%2Fs3%2Faws4_request&X-Amz-Date=20260223T002615Z&X-Amz-Expires=604800&X-Amz-Signature=abd2aee49052662aaefed2ac540f5a65a5eb7c2284e5695fd3c0309d56e81f55&X-Amz-SignedHeaders=host&response-content-disposition=attachment%3B%20filename%3Dd138766e-ca7c-4876-b70f-949a450474a2.flac&x-id=GetObject,0.414962977,48469
WWP.2am-2023-05-20_19-20.WAV,2023 Wind Wolves Preserve Site 2,2023,5,20,20,20,Agelaius tricolor,Simple Call 2,10.65066624,11.04533291,375,21656,24000,present,https://rfcx-streams-production.s3.eu-west-1.amazonaws.com/2023/05/21/0qzxagkhsv1n/192df228-1c3a-48fe-a689-9772a57a8486.flac?X-Amz-Algorithm=AWS4-HMAC-SHA256&X-Amz-Content-Sha256=UNSIGNED-PAYLOAD&X-Amz-Credential=AKIA45B7YWBX5HAZMGOU%2F20260223%2Feu-west-1%2Fs3%2Faws4_request&X-Amz-Date=20260223T002615Z&X-Amz-Expires=604800&X-Amz-Signature=0f1b34ec7e0af636728fd63cd840f6bf5b1f0b951ace32ef13489008d0911203&X-Amz-SignedHeaders=host&response-content-disposition=attachment%3B%20filename%3D192df228-1c3a-48fe-a689-9772a57a8486.flac&x-id=GetObject,0.404838949,48469
WWP.2am-2023-05-20_19-40.WAV,2023 Wind Wolves Preserve Site 2,2023,5,20,20,40,Agelaius tricolor,Simple Call 2,16.99733353,17.3920002,375,21656,24000,present,https://rfcx-streams-production.s3.eu-west-1.amazonaws.com/2023/05/21/0qzxagkhsv1n/f5bb59f4-84c0-434f-9931-225fb9d62c67.flac?X-Amz-Algorithm=AWS4-HMAC-SHA256&X-Amz-Content-Sha256=UNSIGNED-PAYLOAD&X-Amz-Credential=AKIA45B7YWBX5HAZMGOU%2F20260223%2Feu-west-1%2Fs3%2Faws4_request&X-Amz-Date=20260223T002615Z&X-Amz-Expires=604800&X-Amz-Signature=7605ca2b6a51fbb017d7135c77d9fa5b96af436f89f7b21e3fb0e9e390a6397f&X-Amz-SignedHeaders=host&response-content-disposition=attachment%3B%20filename%3Df5bb59f4-84c0-434f-9931-225fb9d62c67.flac&x-id=GetObject,0.499058962,48469
WWP.2am-2023-05-21_06-00.WAV,2023 Wind Wolves Preserve Site 2,2023,5,21,7,0,Agelaius tricolor,Simple Call 2,11.85599995,12.25066662,375,21656,24000,present,https://rfcx-streams-production.s3.eu-west-1.amazonaws.com/2023/05/21/0qzxagkhsv1n/5e0ee4ce-d718-4399-a9bc-8899df3329ef.flac?X-Amz-Algorithm=AWS4-HMAC-SHA256&X-Amz-Content-Sha256=UNSIGNED-PAYLOAD&X-Amz-Credential=AKIA45B7YWBX5HAZMGOU%2F20260223%2Feu-west-1%2Fs3%2Faws4_request&X-Amz-Date=20260223T002615Z&X-Amz-Expires=604800&X-Amz-Signature=4f7dc892bda6c2918338f96758540fd1af20381d8f6938a7c74520c45ababc57&X-Amz-SignedHeaders=host&response-content-disposition=attachment%3B%20filename%3D5e0ee4ce-d718-4399-a9bc-8899df3329ef.flac&x-id=GetObject,0.41384545,48469
WWP.2am-2023-05-21_06-20.WAV,2023 Wind Wolves Preserve Site 2,2023,5,21,7,20,Agelaius tricolor,Simple Call 2,1.146666646,1.541333318,375,21656,24000,present,https://rfcx-streams-production.s3.eu-west-1.amazonaws.com/2023/05/21/0qzxagkhsv1n/85ce8b3c-1e89-49c5-ae7e-b093a4b69c50.flac?X-Amz-Algorithm=AWS4-HMAC-SHA256&X-Amz-Content-Sha256=UNSIGNED-PAYLOAD&X-Amz-Credential=AKIA45B7YWBX5HAZMGOU%2F20260223%2Feu-west-1%2Fs3%2Faws4_request&X-Amz-Date=20260223T002615Z&X-Amz-Expires=604800&X-Amz-Signature=463117af905b8c9e7088b204c8a21ff1ec6d204681241cadf73edf222eb1b032&X-Amz-SignedHeaders=host&response-content-disposition=attachment%3B%20filename%3D85ce8b3c-1e89-49c5-ae7e-b093a4b69c50.flac&x-id=GetObject,0.406303227,48469
WWP.2am-2023-05-21_06-40.WAV,2023 Wind Wolves Preserve Site 2,2023,5,21,7,40,Agelaius tricolor,Simple Call 2,18.13333321,18.52799988,375,21656,24000,present,https://rfcx-streams-production.s3.eu-west-1.amazonaws.com/2023/05/21/0qzxagkhsv1n/daba2636-f461-4ba0-80f2-9ac6ff3e7c95.flac?X-Amz-Algorithm=AWS4-HMAC-SHA256&X-Amz-Content-Sha256=UNSIGNED-PAYLOAD&X-Amz-Credential=AKIA45B7YWBX5HAZMGOU%2F20260223%2Feu-west-1%2Fs3%2Faws4_request&X-Amz-Date=20260223T002615Z&X-Amz-Expires=604800&X-Amz-Signature=88ae87c0feab365b9b2e4fe13c8a24ac4e30fe6f78a5ad584bcf798370f66326&X-Amz-SignedHeaders=host&response-content-disposition=attachment%3B%20filename%3Ddaba2636-f461-4ba0-80f2-9ac6ff3e7c95.flac&x-id=GetObject,0.457900435,48469
WWP.2am-2023-05-21_07-00.WAV,2023 Wind Wolves Preserve Site 2,2023,5,21,8,0,Agelaius tricolor,Simple Call 2,51.13600159,51.53066635,375,21656,24000,present,https://rfcx-streams-production.s3.eu-west-1.amazonaws.com/2023/05/21/0qzxagkhsv1n/ccad1b3f-fea2-4afa-9bb3-9e3c96d531d9.flac?X-Amz-Algorithm=AWS4-HMAC-SHA256&X-Amz-Content-Sha256=UNSIGNED-PAYLOAD&X-Amz-Credential=AKIA45B7YWBX5HAZMGOU%2F20260223%2Feu-west-1%2Fs3%2Faws4_request&X-Amz-Date=20260223T002615Z&X-Amz-Expires=604800&X-Amz-Signature=cf1e23d2d1f53a7875052157da5af02bf5b50767a8f3d9eeebb797ad04be90c3&X-Amz-SignedHeaders=host&response-content-disposition=attachment%3B%20filename%3Dccad1b3f-fea2-4afa-9bb3-9e3c96d531d9.flac&x-id=GetObject,0.487655669,48469
WWP.2am-2023-05-21_07-20.WAV,2023 Wind Wolves Preserve Site 2,2023,5,21,8,20,Agelaius tricolor,Simple Call 2,12.68799973,13.0826664,375,21656,24000,present,https://rfcx-streams-production.s3.eu-west-1.amazonaws.com/2023/05/21/0qzxagkhsv1n/cc435403-8ca2-444c-86c3-c887d804e2aa.flac?X-Amz-Algorithm=AWS4-HMAC-SHA256&X-Amz-Content-Sha256=UNSIGNED-PAYLOAD&X-Amz-Credential=AKIA45B7YWBX5HAZMGOU%2F20260223%2Feu-west-1%2Fs3%2Faws4_request&X-Amz-Date=20260223T002615Z&X-Amz-Expires=604800&X-Amz-Signature=58d2e6bfeb5721bb2d287871b516c284055dbd9e4c0b832a5e49a9e5e4fbd0d1&X-Amz-SignedHeaders=host&response-content-disposition=attachment%3B%20filename%3Dcc435403-8ca2-444c-86c3-c887d804e2aa.flac&x-id=GetObject,0.454165876,48469
WWP.2am-2023-05-21_07-40.WAV,2023 Wind Wolves Preserve Site 2,2023,5,21,8,40,Agelaius tricolor,Simple Call 2,50.95999908,51.35466766,375,21656,24000,present,https://rfcx-streams-production.s3.eu-west-1.amazonaws.com/2023/05/21/0qzxagkhsv1n/49e05c2f-d5f6-402b-966f-58808fa5d544.flac?X-Amz-Algorithm=AWS4-HMAC-SHA256&X-Amz-Content-Sha256=UNSIGNED-PAYLOAD&X-Amz-Credential=AKIA45B7YWBX5HAZMGOU%2F20260223%2Feu-west-1%2Fs3%2Faws4_request&X-Amz-Date=20260223T002615Z&X-Amz-Expires=604800&X-Amz-Signature=ca6b221d11e5d6264266ff2de004079a26a6db9fdd034aee2138cab852d8be1d&X-Amz-SignedHeaders=host&response-content-disposition=attachment%3B%20filename%3D49e05c2f-d5f6-402b-966f-58808fa5d544.flac&x-id=GetObject,0.414272249,48469
WWP.2am-2023-05-21_08-20.WAV,2023 Wind Wolves Preserve Site 2,2023,5,21,9,20,Agelaius tricolor,Simple Call 2,43.80799866,44.20266724,375,21656,24000,present,https://rfcx-streams-production.s3.eu-west-1.amazonaws.com/2023/05/21/0qzxagkhsv1n/a4d4b1c0-5440-4005-8dc7-335136d725d3.flac?X-Amz-Algorithm=AWS4-HMAC-SHA256&X-Amz-Content-Sha256=UNSIGNED-PAYLOAD&X-Amz-Credential=AKIA45B7YWBX5HAZMGOU%2F20260223%2Feu-west-1%2Fs3%2Faws4_request&X-Amz-Date=20260223T002615Z&X-Amz-Expires=604800&X-Amz-Signature=833258282b56b0bbda07ffff8d247b55534703ea2e22ec75d91810a3a0e3f667&X-Amz-SignedHeaders=host&response-content-disposition=attachment%3B%20filename%3Da4d4b1c0-5440-4005-8dc7-335136d725d3.flac&x-id=GetObject,0.481655926,48469
WWP.2am-2023-05-21_09-00.WAV,2023 Wind Wolves Preserve Site 2,2023,5,21,10,0,Agelaius tricolor,Simple Call 2,47.23733521,47.63199997,375,21656,24000,present,https://rfcx-streams-production.s3.eu-west-1.amazonaws.com/2023/05/21/0qzxagkhsv1n/f7d747ff-cb22-4a38-a8ff-7bc168fbf186.flac?X-Amz-Algorithm=AWS4-HMAC-SHA256&X-Amz-Content-Sha256=UNSIGNED-PAYLOAD&X-Amz-Credential=AKIA45B7YWBX5HAZMGOU%2F20260223%2Feu-west-1%2Fs3%2Faws4_request&X-Amz-Date=20260223T002615Z&X-Amz-Expires=604800&X-Amz-Signature=6f1f99740cab4db8914802a50059c83014d2fd6033d93fb2cb1f2373bd188f05&X-Amz-SignedHeaders=host&response-content-disposition=attachment%3B%20filename%3Df7d747ff-cb22-4a38-a8ff-7bc168fbf186.flac&x-id=GetObject,0.455302238,48469
WWP.2am-2023-05-21_09-20.WAV,2023 Wind Wolves Preserve Site 2,2023,5,21,10,20,Agelaius tricolor,Simple Call 2,13.72266674,14.11733341,375,21656,24000,present,https://rfcx-streams-production.s3.eu-west-1.amazonaws.com/2023/05/21/0qzxagkhsv1n/9c3ee529-3b43-4ede-962c-b84391a8d28f.flac?X-Amz-Algorithm=AWS4-HMAC-SHA256&X-Amz-Content-Sha256=UNSIGNED-PAYLOAD&X-Amz-Credential=AKIA45B7YWBX5HAZMGOU%2F20260223%2Feu-west-1%2Fs3%2Faws4_request&X-Amz-Date=20260223T002615Z&X-Amz-Expires=604800&X-Amz-Signature=f128ff8e56fd610008ad49a27199dedf84ec67fb5c0f4d40bc77ce6960cbaffa&X-Amz-SignedHeaders=host&response-content-disposition=attachment%3B%20filename%3D9c3ee529-3b43-4ede-962c-b84391a8d28f.flac&x-id=GetObject,0.502651274,48469
WWP.2am-2023-05-21_09-40.WAV,2023 Wind Wolves Preserve Site 2,2023,5,21,10,40,Agelaius tricolor,Simple Call 2,42.39466476,42.78933334,375,21656,24000,present,https://rfcx-streams-production.s3.eu-west-1.amazonaws.com/2023/05/21/0qzxagkhsv1n/e5413f5d-3980-4816-8333-45c3c2aca38a.flac?X-Amz-Algorithm=AWS4-HMAC-SHA256&X-Amz-Content-Sha256=UNSIGNED-PAYLOAD&X-Amz-Credential=AKIA45B7YWBX5HAZMGOU%2F20260223%2Feu-west-1%2Fs3%2Faws4_request&X-Amz-Date=20260223T002615Z&X-Amz-Expires=604800&X-Amz-Signature=8b93cc5b83e397c9caaf284e6e31fbd47d943a9d3cdc19f0ffeff3c8d5aeea93&X-Amz-SignedHeaders=host&response-content-disposition=attachment%3B%20filename%3De5413f5d-3980-4816-8333-45c3c2aca38a.flac&x-id=GetObject,0.488217503,48469
WWP.2am-2023-05-21_10-00.WAV,2023 Wind Wolves Preserve Site 2,2023,5,21,11,0,Agelaius tricolor,Simple Call 2,16.9066658,17.30133247,375,21656,24000,present,https://rfcx-streams-production.s3.eu-west-1.amazonaws.com/2023/05/21/0qzxagkhsv1n/c36b78c0-8f84-41bf-8923-363265228da6.flac?X-Amz-Algorithm=AWS4-HMAC-SHA256&X-Amz-Content-Sha256=UNSIGNED-PAYLOAD&X-Amz-Credential=AKIA45B7YWBX5HAZMGOU%2F20260223%2Feu-west-1%2Fs3%2Faws4_request&X-Amz-Date=20260223T002615Z&X-Amz-Expires=604800&X-Amz-Signature=73bc90f0c2c8da5e1bfc119e4491e52fe0ea6a9b08cdd8a209aa0e2e84053ae9&X-Amz-SignedHeaders=host&response-content-disposition=attachment%3B%20filename%3Dc36b78c0-8f84-41bf-8923-363265228da6.flac&x-id=GetObject,0.498091042,48469
WWP.2am-2023-05-21_10-20.WAV,2023 Wind Wolves Preserve Site 2,2023,5,21,11,20,Agelaius tricolor,Simple Call 2,11.52000046,11.91466713,375,21656,24000,present,https://rfcx-streams-production.s3.eu-west-1.amazonaws.com/2023/05/21/0qzxagkhsv1n/0884d74a-806e-46cd-af31-01e34e79c2ab.flac?X-Amz-Algorithm=AWS4-HMAC-SHA256&X-Amz-Content-Sha256=UNSIGNED-PAYLOAD&X-Amz-Credential=AKIA45B7YWBX5HAZMGOU%2F20260223%2Feu-west-1%2Fs3%2Faws4_request&X-Amz-Date=20260223T002615Z&X-Amz-Expires=604800&X-Amz-Signature=45e8c62225de99056f81ee202bb430da4c0af72b4cd97d0f54898215833c7f1d&X-Amz-SignedHeaders=host&response-content-disposition=attachment%3B%20filename%3D0884d74a-806e-46cd-af31-01e34e79c2ab.flac&x-id=GetObject,0.438420922,48469
WWP.2am-2023-05-21_10-40.WAV,2023 Wind Wolves Preserve Site 2,2023,5,21,11,40,Agelaius tricolor,Simple Call 2,2.602666616,2.997333288,375,21656,24000,present,https://rfcx-streams-production.s3.eu-west-1.amazonaws.com/2023/05/21/0qzxagkhsv1n/8cad9c04-f071-4650-96c2-5c19a0318f05.flac?X-Amz-Algorithm=AWS4-HMAC-SHA256&X-Amz-Content-Sha256=UNSIGNED-PAYLOAD&X-Amz-Credential=AKIA45B7YWBX5HAZMGOU%2F20260223%2Feu-west-1%2Fs3%2Faws4_request&X-Amz-Date=20260223T002615Z&X-Amz-Expires=604800&X-Amz-Signature=f4afc3114e744244fdd7f129ed2c492c28696771de68b652ea5c1a073096ebe9&X-Amz-SignedHeaders=host&response-content-disposition=attachment%3B%20filename%3D8cad9c04-f071-4650-96c2-5c19a0318f05.flac&x-id=GetObject,0.503377557,48469
WWP.2am-2023-05-21_11-00.WAV,2023 Wind Wolves Preserve Site 2,2023,5,21,12,0,Agelaius tricolor,Simple Call 2,18.06399918,18.45866585,375,21656,24000,present,https://rfcx-streams-production.s3.eu-west-1.amazonaws.com/2023/05/21/0qzxagkhsv1n/781ffa32-7aa0-4159-942c-baf279949648.flac?X-Amz-Algorithm=AWS4-HMAC-SHA256&X-Amz-Content-Sha256=UNSIGNED-PAYLOAD&X-Amz-Credential=AKIA45B7YWBX5HAZMGOU%2F20260223%2Feu-west-1%2Fs3%2Faws4_request&X-Amz-Date=20260223T002615Z&X-Amz-Expires=604800&X-Amz-Signature=8021ceb4dd253728c4980baed433b30ce395ab88cb4fbafbca409d314e316d92&X-Amz-SignedHeaders=host&response-content-disposition=attachment%3B%20filename%3D781ffa32-7aa0-4159-942c-baf279949648.flac&x-id=GetObject,0.451272368,48469
WWP.2am-2023-05-21_11-20.WAV,2023 Wind Wolves Preserve Site 2,2023,5,21,12,20,Agelaius tricolor,Simple Call 2,44.31466675,44.70933151,375,21656,24000,present,https://rfcx-streams-production.s3.eu-west-1.amazonaws.com/2023/05/21/0qzxagkhsv1n/88a07d8f-c2b6-43a1-a116-4c634256a9d6.flac?X-Amz-Algorithm=AWS4-HMAC-SHA256&X-Amz-Content-Sha256=UNSIGNED-PAYLOAD&X-Amz-Credential=AKIA45B7YWBX5HAZMGOU%2F20260223%2Feu-west-1%2Fs3%2Faws4_request&X-Amz-Date=20260223T002615Z&X-Amz-Expires=604800&X-Amz-Signature=3c838b9697ac9c5150c4e4eff2c5b95c8678ba84dd414d1c5838b9f69bcaa442&X-Amz-SignedHeaders=host&response-content-disposition=attachment%3B%20filename%3D88a07d8f-c2b6-43a1-a116-4c634256a9d6.flac&x-id=GetObject,0.462778151,48469
WWP.2am-2023-05-21_11-40.WAV,2023 Wind Wolves Preserve Site 2,2023,5,21,12,40,Agelaius tricolor,Simple Call 2,11.8453331,12.23999977,375,21656,24000,present,https://rfcx-streams-production.s3.eu-west-1.amazonaws.com/2023/05/21/0qzxagkhsv1n/e2ff93f6-aec1-4e16-8da7-e509a43ddde9.flac?X-Amz-Algorithm=AWS4-HMAC-SHA256&X-Amz-Content-Sha256=UNSIGNED-PAYLOAD&X-Amz-Credential=AKIA45B7YWBX5HAZMGOU%2F20260223%2Feu-west-1%2Fs3%2Faws4_request&X-Amz-Date=20260223T002615Z&X-Amz-Expires=604800&X-Amz-Signature=462af72bb9650022d98e4f2ca6e1ae0592a6bbfa8af0427ef0acb6db0159e676&X-Amz-SignedHeaders=host&response-content-disposition=attachment%3B%20filename%3De2ff93f6-aec1-4e16-8da7-e509a43ddde9.flac&x-id=GetObject,0.45030421,48469
WWP.2am-2023-05-21_12-00.WAV,2023 Wind Wolves Preserve Site 2,2023,5,21,13,0,Agelaius tricolor,Simple Call 2,30.38400078,30.77866745,375,21656,24000,present,https://rfcx-streams-production.s3.eu-west-1.amazonaws.com/2023/05/21/0qzxagkhsv1n/6a80977e-24cd-454b-8b3d-d54812bce852.flac?X-Amz-Algorithm=AWS4-HMAC-SHA256&X-Amz-Content-Sha256=UNSIGNED-PAYLOAD&X-Amz-Credential=AKIA45B7YWBX5HAZMGOU%2F20260223%2Feu-west-1%2Fs3%2Faws4_request&X-Amz-Date=20260223T002615Z&X-Amz-Expires=604800&X-Amz-Signature=fdd6b8e74e4267d2c66e75ac9f6d6393f59b6cc2af67844678c8a82f1363e011&X-Amz-SignedHeaders=host&response-content-disposition=attachment%3B%20filename%3D6a80977e-24cd-454b-8b3d-d54812bce852.flac&x-id=GetObject,0.588640749,48469
WWP.2am-2023-05-21_12-20.WAV,2023 Wind Wolves Preserve Site 2,2023,5,21,13,20,Agelaius tricolor,Simple Call 2,30.52266693,30.9173336,375,21656,24000,present,https://rfcx-streams-production.s3.eu-west-1.amazonaws.com/2023/05/21/0qzxagkhsv1n/a9c57b0b-a0c1-46df-a3a9-290c087e16c4.flac?X-Amz-Algorithm=AWS4-HMAC-SHA256&X-Amz-Content-Sha256=UNSIGNED-PAYLOAD&X-Amz-Credential=AKIA45B7YWBX5HAZMGOU%2F20260223%2Feu-west-1%2Fs3%2Faws4_request&X-Amz-Date=20260223T002615Z&X-Amz-Expires=604800&X-Amz-Signature=a655d42bcbb838baa18c6f616523a6b55b9e117f28c6bf6c3c153c91cef4f39f&X-Amz-SignedHeaders=host&response-content-disposition=attachment%3B%20filename%3Da9c57b0b-a0c1-46df-a3a9-290c087e16c4.flac&x-id=GetObject,0.565400004,48469
WWP.2am-2023-05-21_12-40.WAV,2023 Wind Wolves Preserve Site 2,2023,5,21,13,40,Agelaius tricolor,Simple Call 2,32.23466492,32.6293335,375,21656,24000,present,https://rfcx-streams-production.s3.eu-west-1.amazonaws.com/2023/05/21/0qzxagkhsv1n/8e735540-9410-4aab-8699-fe5a2f5363d8.flac?X-Amz-Algorithm=AWS4-HMAC-SHA256&X-Amz-Content-Sha256=UNSIGNED-PAYLOAD&X-Amz-Credential=AKIA45B7YWBX5HAZMGOU%2F20260223%2Feu-west-1%2Fs3%2Faws4_request&X-Amz-Date=20260223T002615Z&X-Amz-Expires=604800&X-Amz-Signature=b8e8d0a82e5ae4d1ba3044763fca252fd4e49c161fdae61a943d416b377690fa&X-Amz-SignedHeaders=host&response-content-disposition=attachment%3B%20filename%3D8e735540-9410-4aab-8699-fe5a2f5363d8.flac&x-id=GetObject,0.489645243,48469
WWP.2am-2023-05-21_13-00.WAV,2023 Wind Wolves Preserve Site 2,2023,5,21,14,0,Agelaius tricolor,Simple Call 2,46.93333435,47.32799911,375,21656,24000,present,https://rfcx-streams-production.s3.eu-west-1.amazonaws.com/2023/05/21/0qzxagkhsv1n/361c459b-41f3-4f34-9d0a-718aa4f68e5e.flac?X-Amz-Algorithm=AWS4-HMAC-SHA256&X-Amz-Content-Sha256=UNSIGNED-PAYLOAD&X-Amz-Credential=AKIA45B7YWBX5HAZMGOU%2F20260223%2Feu-west-1%2Fs3%2Faws4_request&X-Amz-Date=20260223T002615Z&X-Amz-Expires=604800&X-Amz-Signature=f26fa063666e862f327e6727d7512e18f5b05dc9a2eb290046c70941dfa499be&X-Amz-SignedHeaders=host&response-content-disposition=attachment%3B%20filename%3D361c459b-41f3-4f34-9d0a-718aa4f68e5e.flac&x-id=GetObject,0.511558414,48469
WWP.2am-2023-05-21_13-20.WAV,2023 Wind Wolves Preserve Site 2,2023,5,21,14,20,Agelaius tricolor,Simple Call 2,0.714666665,1.109333277,375,21656,24000,present,https://rfcx-streams-production.s3.eu-west-1.amazonaws.com/2023/05/21/0qzxagkhsv1n/003a2927-df42-4b19-b79e-ee4fd818202c.flac?X-Amz-Algorithm=AWS4-HMAC-SHA256&X-Amz-Content-Sha256=UNSIGNED-PAYLOAD&X-Amz-Credential=AKIA45B7YWBX5HAZMGOU%2F20260223%2Feu-west-1%2Fs3%2Faws4_request&X-Amz-Date=20260223T002615Z&X-Amz-Expires=604800&X-Amz-Signature=9d34da955801c5e3283568837410e7f30d8ede75923f3da86234e8c39267bf9f&X-Amz-SignedHeaders=host&response-content-disposition=attachment%3B%20filename%3D003a2927-df42-4b19-b79e-ee4fd818202c.flac&x-id=GetObject,0.507803261,48469
WWP.2am-2023-05-21_13-40.WAV,2023 Wind Wolves Preserve Site 2,2023,5,21,14,40,Agelaius tricolor,Simple Call 2,53.62133408,54.01599884,375,21656,24000,present,https://rfcx-streams-production.s3.eu-west-1.amazonaws.com/2023/05/21/0qzxagkhsv1n/3d657b48-c18d-456a-be71-e0dcc6a42f71.flac?X-Amz-Algorithm=AWS4-HMAC-SHA256&X-Amz-Content-Sha256=UNSIGNED-PAYLOAD&X-Amz-Credential=AKIA45B7YWBX5HAZMGOU%2F20260223%2Feu-west-1%2Fs3%2Faws4_request&X-Amz-Date=20260223T002615Z&X-Amz-Expires=604800&X-Amz-Signature=f783f6499d4246b5f2be1aad4b302634817d20b8e824ec4b0b0aded3b713040a&X-Amz-SignedHeaders=host&response-content-disposition=attachment%3B%20filename%3D3d657b48-c18d-456a-be71-e0dcc6a42f71.flac&x-id=GetObject,0.539920449,48469
WWP.2am-2023-05-21_14-00.WAV,2023 Wind Wolves Preserve Site 2,2023,5,21,15,0,Agelaius tricolor,Simple Call 2,15.58399963,15.97866631,375,21656,24000,present,https://rfcx-streams-production.s3.eu-west-1.amazonaws.com/2023/05/21/0qzxagkhsv1n/6261fd78-bdf6-4226-9e30-b8721a39065c.flac?X-Amz-Algorithm=AWS4-HMAC-SHA256&X-Amz-Content-Sha256=UNSIGNED-PAYLOAD&X-Amz-Credential=AKIA45B7YWBX5HAZMGOU%2F20260223%2Feu-west-1%2Fs3%2Faws4_request&X-Amz-Date=20260223T002615Z&X-Amz-Expires=604800&X-Amz-Signature=3fa1b1d343a3d995abaeb14bc8fc8630a0c0e158204a586f7f1d1ea3dedcb70c&X-Amz-SignedHeaders=host&response-content-disposition=attachment%3B%20filename%3D6261fd78-bdf6-4226-9e30-b8721a39065c.flac&x-id=GetObject,0.521689415,48469
WWP.2am-2023-05-21_14-20.WAV,2023 Wind Wolves Preserve Site 2,2023,5,21,15,20,Agelaius tricolor,Simple Call 2,20.6186676,21.01333427,375,21656,24000,present,https://rfcx-streams-production.s3.eu-west-1.amazonaws.com/2023/05/21/0qzxagkhsv1n/02643502-691e-44e1-a4d8-b4131edbed35.flac?X-Amz-Algorithm=AWS4-HMAC-SHA256&X-Amz-Content-Sha256=UNSIGNED-PAYLOAD&X-Amz-Credential=AKIA45B7YWBX5HAZMGOU%2F20260223%2Feu-west-1%2Fs3%2Faws4_request&X-Amz-Date=20260223T002615Z&X-Amz-Expires=604800&X-Amz-Signature=cda3fd8212e7abbcd68e634df0b9b4787fd7bcae2eeb83c971842665b4acd966&X-Amz-SignedHeaders=host&response-content-disposition=attachment%3B%20filename%3D02643502-691e-44e1-a4d8-b4131edbed35.flac&x-id=GetObject,0.519834876,48469
WWP.2am-2023-05-21_14-40.WAV,2023 Wind Wolves Preserve Site 2,2023,5,21,15,40,Agelaius tricolor,Simple Call 2,25.68000031,26.07466698,375,21656,24000,present,https://rfcx-streams-production.s3.eu-west-1.amazonaws.com/2023/05/21/0qzxagkhsv1n/dc67bff7-ae06-41fa-9e6a-7d3fc74d564b.flac?X-Amz-Algorithm=AWS4-HMAC-SHA256&X-Amz-Content-Sha256=UNSIGNED-PAYLOAD&X-Amz-Credential=AKIA45B7YWBX5HAZMGOU%2F20260223%2Feu-west-1%2Fs3%2Faws4_request&X-Amz-Date=20260223T002615Z&X-Amz-Expires=604800&X-Amz-Signature=293a5be6077447f2e5ba994970499aa78ae2092b8c49bbc9fa9cc4c36cfdf773&X-Amz-SignedHeaders=host&response-content-disposition=attachment%3B%20filename%3Ddc67bff7-ae06-41fa-9e6a-7d3fc74d564b.flac&x-id=GetObject,0.473610878,48469
WWP.2am-2023-05-21_15-00.WAV,2023 Wind Wolves Preserve Site 2,2023,5,21,16,0,Agelaius tricolor,Simple Call 2,11.2213335,11.61600018,375,21656,24000,present,https://rfcx-streams-production.s3.eu-west-1.amazonaws.com/2023/05/21/0qzxagkhsv1n/9abadbbd-7b1d-4697-93ed-c225a73187ed.flac?X-Amz-Algorithm=AWS4-HMAC-SHA256&X-Amz-Content-Sha256=UNSIGNED-PAYLOAD&X-Amz-Credential=AKIA45B7YWBX5HAZMGOU%2F20260223%2Feu-west-1%2Fs3%2Faws4_request&X-Amz-Date=20260223T002615Z&X-Amz-Expires=604800&X-Amz-Signature=c5f1029cc9f75df444f6ff109b7c0a9da9e634c07de0ad5cfe3f61540eced1c9&X-Amz-SignedHeaders=host&response-content-disposition=attachment%3B%20filename%3D9abadbbd-7b1d-4697-93ed-c225a73187ed.flac&x-id=GetObject,0.520440876,48469
WWP.2am-2023-05-21_15-20.WAV,2023 Wind Wolves Preserve Site 2,2023,5,21,16,20,Agelaius tricolor,Simple Call 2,11.61066628,12.00533295,375,21656,24000,present,https://rfcx-streams-production.s3.eu-west-1.amazonaws.com/2023/05/21/0qzxagkhsv1n/b591929a-7e9c-4723-a5a4-cfee1e88d8d9.flac?X-Amz-Algorithm=AWS4-HMAC-SHA256&X-Amz-Content-Sha256=UNSIGNED-PAYLOAD&X-Amz-Credential=AKIA45B7YWBX5HAZMGOU%2F20260223%2Feu-west-1%2Fs3%2Faws4_request&X-Amz-Date=20260223T002615Z&X-Amz-Expires=604800&X-Amz-Signature=f7fad8ff0da7046151f407afd4962130ae45d52bf24c976d3efbf2bc9bf55d46&X-Amz-SignedHeaders=host&response-content-disposition=attachment%3B%20filename%3Db591929a-7e9c-4723-a5a4-cfee1e88d8d9.flac&x-id=GetObject,0.420496941,48469
WWP.2am-2023-05-21_16-20.WAV,2023 Wind Wolves Preserve Site 2,2023,5,21,17,20,Agelaius tricolor,Simple Call 2,36.51733398,36.91199875,375,21656,24000,present,https://rfcx-streams-production.s3.eu-west-1.amazonaws.com/2023/05/22/0qzxagkhsv1n/a8a9c171-f685-472a-967b-b95bccec7493.flac?X-Amz-Algorithm=AWS4-HMAC-SHA256&X-Amz-Content-Sha256=UNSIGNED-PAYLOAD&X-Amz-Credential=AKIA45B7YWBX5HAZMGOU%2F20260223%2Feu-west-1%2Fs3%2Faws4_request&X-Amz-Date=20260223T002615Z&X-Amz-Expires=604800&X-Amz-Signature=730c7101b9d21075abe0248bdf9e93310b02f5b04ce74a0ca9ef050e1bd29008&X-Amz-SignedHeaders=host&response-content-disposition=attachment%3B%20filename%3Da8a9c171-f685-472a-967b-b95bccec7493.flac&x-id=GetObject,0.411511809,48469
WWP.2am-2023-05-21_17-20.WAV,2023 Wind Wolves Preserve Site 2,2023,5,21,18,20,Agelaius tricolor,Simple Call 2,15.31733322,15.71199989,375,21656,24000,present,https://rfcx-streams-production.s3.eu-west-1.amazonaws.com/2023/05/22/0qzxagkhsv1n/44b0cff2-ebd7-41fd-9d6a-1bb606f88771.flac?X-Amz-Algorithm=AWS4-HMAC-SHA256&X-Amz-Content-Sha256=UNSIGNED-PAYLOAD&X-Amz-Credential=AKIA45B7YWBX5HAZMGOU%2F20260223%2Feu-west-1%2Fs3%2Faws4_request&X-Amz-Date=20260223T002615Z&X-Amz-Expires=604800&X-Amz-Signature=7060402f86b9dd06b53aad4f1d3435f79dd04231f9b57a7916bd524e9ce9f763&X-Amz-SignedHeaders=host&response-content-disposition=attachment%3B%20filename%3D44b0cff2-ebd7-41fd-9d6a-1bb606f88771.flac&x-id=GetObject,0.500633955,48469
WWP.2am-2023-05-21_19-40.WAV,2023 Wind Wolves Preserve Site 2,2023,5,21,20,40,Agelaius tricolor,Simple Call 2,55.43999863,55.83466721,375,21656,24000,present,https://rfcx-streams-production.s3.eu-west-1.amazonaws.com/2023/05/22/0qzxagkhsv1n/35fb58ef-085b-449f-a640-1329765a7524.flac?X-Amz-Algorithm=AWS4-HMAC-SHA256&X-Amz-Content-Sha256=UNSIGNED-PAYLOAD&X-Amz-Credential=AKIA45B7YWBX5HAZMGOU%2F20260223%2Feu-west-1%2Fs3%2Faws4_request&X-Amz-Date=20260223T002615Z&X-Amz-Expires=604800&X-Amz-Signature=dca9b85572117855245cd5327b0bf2e19284f6e131083b48aa07120668b9d7fd&X-Amz-SignedHeaders=host&response-content-disposition=attachment%3B%20filename%3D35fb58ef-085b-449f-a640-1329765a7524.flac&x-id=GetObject,0.452081054,48469
WWP.2am-2023-05-22_06-40.WAV,2023 Wind Wolves Preserve Site 2,2023,5,22,7,40,Agelaius tricolor,Simple Call 2,55.66933441,56.06399918,375,21656,24000,present,https://rfcx-streams-production.s3.eu-west-1.amazonaws.com/2023/05/22/0qzxagkhsv1n/2db994ae-dd52-4244-9a0c-92f339ded0db.flac?X-Amz-Algorithm=AWS4-HMAC-SHA256&X-Amz-Content-Sha256=UNSIGNED-PAYLOAD&X-Amz-Credential=AKIA45B7YWBX5HAZMGOU%2F20260223%2Feu-west-1%2Fs3%2Faws4_request&X-Amz-Date=20260223T002615Z&X-Amz-Expires=604800&X-Amz-Signature=86ca0304c0cc6ac8b4d2bd0357c2472f2946925343f1f14782f22080aafcc69c&X-Amz-SignedHeaders=host&response-content-disposition=attachment%3B%20filename%3D2db994ae-dd52-4244-9a0c-92f339ded0db.flac&x-id=GetObject,0.415910095,48469
WWP.2am-2023-05-22_07-00.WAV,2023 Wind Wolves Preserve Site 2,2023,5,22,8,0,Agelaius tricolor,Simple Call 2,55.9679985,56.36266708,375,21656,24000,present,https://rfcx-streams-production.s3.eu-west-1.amazonaws.com/2023/05/22/0qzxagkhsv1n/a9b96260-0632-484a-92d0-b33ae6facf5d.flac?X-Amz-Algorithm=AWS4-HMAC-SHA256&X-Amz-Content-Sha256=UNSIGNED-PAYLOAD&X-Amz-Credential=AKIA45B7YWBX5HAZMGOU%2F20260223%2Feu-west-1%2Fs3%2Faws4_request&X-Amz-Date=20260223T002615Z&X-Amz-Expires=604800&X-Amz-Signature=af67de229b83af605aeae6f345cb1b8f56c8657d8d55d02922e202d8f642e409&X-Amz-SignedHeaders=host&response-content-disposition=attachment%3B%20filename%3Da9b96260-0632-484a-92d0-b33ae6facf5d.flac&x-id=GetObject,0.44221589,48469
WWP.2am-2023-05-22_08-00.WAV,2023 Wind Wolves Preserve Site 2,2023,5,22,9,0,Agelaius tricolor,Simple Call 2,32.69333267,33.08800125,375,21656,24000,present,https://rfcx-streams-production.s3.eu-west-1.amazonaws.com/2023/05/22/0qzxagkhsv1n/45b5452e-ab5b-4bca-b270-7cb6272bbdc2.flac?X-Amz-Algorithm=AWS4-HMAC-SHA256&X-Amz-Content-Sha256=UNSIGNED-PAYLOAD&X-Amz-Credential=AKIA45B7YWBX5HAZMGOU%2F20260223%2Feu-west-1%2Fs3%2Faws4_request&X-Amz-Date=20260223T002615Z&X-Amz-Expires=604800&X-Amz-Signature=caff9d2d5eb8b83587f899f9950411a76a4f2f3937de7a87fd4c3e7d73d6af50&X-Amz-SignedHeaders=host&response-content-disposition=attachment%3B%20filename%3D45b5452e-ab5b-4bca-b270-7cb6272bbdc2.flac&x-id=GetObject,0.528552115,48469
WWP.2am-2023-05-22_09-20.WAV,2023 Wind Wolves Preserve Site 2,2023,5,22,10,20,Agelaius tricolor,Simple Call 2,30.88533401,31.28000069,375,21656,24000,present,https://rfcx-streams-production.s3.eu-west-1.amazonaws.com/2023/05/22/0qzxagkhsv1n/e383a916-09c0-40bd-ab78-0dda8a6d7710.flac?X-Amz-Algorithm=AWS4-HMAC-SHA256&X-Amz-Content-Sha256=UNSIGNED-PAYLOAD&X-Amz-Credential=AKIA45B7YWBX5HAZMGOU%2F20260223%2Feu-west-1%2Fs3%2Faws4_request&X-Amz-Date=20260223T002615Z&X-Amz-Expires=604800&X-Amz-Signature=cd38a7975b5354fef945fdfd3a51d4ecb28eb6ad9a7206af243162df6c839ef6&X-Amz-SignedHeaders=host&response-content-disposition=attachment%3B%20filename%3De383a916-09c0-40bd-ab78-0dda8a6d7710.flac&x-id=GetObject,0.546442091,48469
WWP.2am-2023-05-22_09-40.WAV,2023 Wind Wolves Preserve Site 2,2023,5,22,10,40,Agelaius tricolor,Simple Call 2,4.127999783,4.522666454,375,21656,24000,present,https://rfcx-streams-production.s3.eu-west-1.amazonaws.com/2023/05/22/0qzxagkhsv1n/7b93e1ef-c36c-4497-8dbb-cd4410369ae9.flac?X-Amz-Algorithm=AWS4-HMAC-SHA256&X-Amz-Content-Sha256=UNSIGNED-PAYLOAD&X-Amz-Credential=AKIA45B7YWBX5HAZMGOU%2F20260223%2Feu-west-1%2Fs3%2Faws4_request&X-Amz-Date=20260223T002615Z&X-Amz-Expires=604800&X-Amz-Signature=de90e8ccc3728ce95e53efd2d9870ecf43f417457cf366885bb836b0dafb141f&X-Amz-SignedHeaders=host&response-content-disposition=attachment%3B%20filename%3D7b93e1ef-c36c-4497-8dbb-cd4410369ae9.flac&x-id=GetObject,0.478487968,48469
WWP.2am-2023-05-22_10-00.WAV,2023 Wind Wolves Preserve Site 2,2023,5,22,11,0,Agelaius tricolor,Simple Call 2,56.94400024,57.33866501,375,21656,24000,present,https://rfcx-streams-production.s3.eu-west-1.amazonaws.com/2023/05/22/0qzxagkhsv1n/9ce62796-bd9c-46b1-8dfb-ce51e068b0e2.flac?X-Amz-Algorithm=AWS4-HMAC-SHA256&X-Amz-Content-Sha256=UNSIGNED-PAYLOAD&X-Amz-Credential=AKIA45B7YWBX5HAZMGOU%2F20260223%2Feu-west-1%2Fs3%2Faws4_request&X-Amz-Date=20260223T002615Z&X-Amz-Expires=604800&X-Amz-Signature=044bef39842249ef43d18112a758d959f023af489445962e264abf051b459afe&X-Amz-SignedHeaders=host&response-content-disposition=attachment%3B%20filename%3D9ce62796-bd9c-46b1-8dfb-ce51e068b0e2.flac&x-id=GetObject,0.492797554,48469
WWP.2am-2023-05-22_10-20.WAV,2023 Wind Wolves Preserve Site 2,2023,5,22,11,20,Agelaius tricolor,Simple Call 2,33.03466797,33.42933273,375,21656,24000,present,https://rfcx-streams-production.s3.eu-west-1.amazonaws.com/2023/05/22/0qzxagkhsv1n/823a3f4a-7137-4e73-a17f-609795b425e8.flac?X-Amz-Algorithm=AWS4-HMAC-SHA256&X-Amz-Content-Sha256=UNSIGNED-PAYLOAD&X-Amz-Credential=AKIA45B7YWBX5HAZMGOU%2F20260223%2Feu-west-1%2Fs3%2Faws4_request&X-Amz-Date=20260223T002615Z&X-Amz-Expires=604800&X-Amz-Signature=811f9c8861263e8096329be443cb8b98812030cf55993f679c17f665e9b84fce&X-Amz-SignedHeaders=host&response-content-disposition=attachment%3B%20filename%3D823a3f4a-7137-4e73-a17f-609795b425e8.flac&x-id=GetObject,0.512162685,48469
WWP.2am-2023-05-22_10-40.WAV,2023 Wind Wolves Preserve Site 2,2023,5,22,11,40,Agelaius tricolor,Simple Call 2,22.06399918,22.45866585,375,21656,24000,present,https://rfcx-streams-production.s3.eu-west-1.amazonaws.com/2023/05/22/0qzxagkhsv1n/1a8c8acf-4c49-4a16-b7ae-e948f93f3327.flac?X-Amz-Algorithm=AWS4-HMAC-SHA256&X-Amz-Content-Sha256=UNSIGNED-PAYLOAD&X-Amz-Credential=AKIA45B7YWBX5HAZMGOU%2F20260223%2Feu-west-1%2Fs3%2Faws4_request&X-Amz-Date=20260223T002615Z&X-Amz-Expires=604800&X-Amz-Signature=2bf2e3d59360195616f34f6124bf5cba3b7a0204c16585599e5e41b799dc2b2f&X-Amz-SignedHeaders=host&response-content-disposition=attachment%3B%20filename%3D1a8c8acf-4c49-4a16-b7ae-e948f93f3327.flac&x-id=GetObject,0.492255598,48469
WWP.2am-2023-05-22_11-00.WAV,2023 Wind Wolves Preserve Site 2,2023,5,22,12,0,Agelaius tricolor,Simple Call 2,20.19733238,20.59199905,375,21656,24000,present,https://rfcx-streams-production.s3.eu-west-1.amazonaws.com/2023/05/22/0qzxagkhsv1n/f7d3887c-d917-45b7-9ef9-852b5015897f.flac?X-Amz-Algorithm=AWS4-HMAC-SHA256&X-Amz-Content-Sha256=UNSIGNED-PAYLOAD&X-Amz-Credential=AKIA45B7YWBX5HAZMGOU%2F20260223%2Feu-west-1%2Fs3%2Faws4_request&X-Amz-Date=20260223T002615Z&X-Amz-Expires=604800&X-Amz-Signature=313f7184138d23ab7afedfe9a32dbf4f8d9945aa218771906425c0c572e4d11c&X-Amz-SignedHeaders=host&response-content-disposition=attachment%3B%20filename%3Df7d3887c-d917-45b7-9ef9-852b5015897f.flac&x-id=GetObject,0.475740612,48469
WWP.2am-2023-05-22_11-20.WAV,2023 Wind Wolves Preserve Site 2,2023,5,22,12,20,Agelaius tricolor,Simple Call 2,54.53333282,54.9280014,375,21656,24000,present,https://rfcx-streams-production.s3.eu-west-1.amazonaws.com/2023/05/22/0qzxagkhsv1n/7516b316-b0ca-41a7-aec0-51c4020b72aa.flac?X-Amz-Algorithm=AWS4-HMAC-SHA256&X-Amz-Content-Sha256=UNSIGNED-PAYLOAD&X-Amz-Credential=AKIA45B7YWBX5HAZMGOU%2F20260223%2Feu-west-1%2Fs3%2Faws4_request&X-Amz-Date=20260223T002615Z&X-Amz-Expires=604800&X-Amz-Signature=b7aaef8d3a02b0d07343e8b35e7efd3ee72c5544c6aa256d818f76fa1da14705&X-Amz-SignedHeaders=host&response-content-disposition=attachment%3B%20filename%3D7516b316-b0ca-41a7-aec0-51c4020b72aa.flac&x-id=GetObject,0.437761396,48469
WWP.2am-2023-05-22_11-40.WAV,2023 Wind Wolves Preserve Site 2,2023,5,22,12,40,Agelaius tricolor,Simple Call 2,45.66400146,46.05866623,375,21656,24000,present,https://rfcx-streams-production.s3.eu-west-1.amazonaws.com/2023/05/22/0qzxagkhsv1n/075062d9-b466-400d-b613-8a9bf304e97a.flac?X-Amz-Algorithm=AWS4-HMAC-SHA256&X-Amz-Content-Sha256=UNSIGNED-PAYLOAD&X-Amz-Credential=AKIA45B7YWBX5HAZMGOU%2F20260223%2Feu-west-1%2Fs3%2Faws4_request&X-Amz-Date=20260223T002615Z&X-Amz-Expires=604800&X-Amz-Signature=4bb56fd03900940a19b3dc441f7ec2f231c0c25a7f62c71d54665bb8b5f75ca9&X-Amz-SignedHeaders=host&response-content-disposition=attachment%3B%20filename%3D075062d9-b466-400d-b613-8a9bf304e97a.flac&x-id=GetObject,0.489844769,48469
WWP.2am-2023-05-22_12-00.WAV,2023 Wind Wolves Preserve Site 2,2023,5,22,13,0,Agelaius tricolor,Simple Call 2,35.94666672,36.34133148,375,21656,24000,present,https://rfcx-streams-production.s3.eu-west-1.amazonaws.com/2023/05/22/0qzxagkhsv1n/465fbb63-25c9-49ac-8395-e7cc99001042.flac?X-Amz-Algorithm=AWS4-HMAC-SHA256&X-Amz-Content-Sha256=UNSIGNED-PAYLOAD&X-Amz-Credential=AKIA45B7YWBX5HAZMGOU%2F20260223%2Feu-west-1%2Fs3%2Faws4_request&X-Amz-Date=20260223T002615Z&X-Amz-Expires=604800&X-Amz-Signature=f72b843a6d8da16ea5ee9fba80bb2c708815cfdf82576e619a0d16588fb8edbf&X-Amz-SignedHeaders=host&response-content-disposition=attachment%3B%20filename%3D465fbb63-25c9-49ac-8395-e7cc99001042.flac&x-id=GetObject,0.535737693,48469
WWP.2am-2023-05-22_12-40.WAV,2023 Wind Wolves Preserve Site 2,2023,5,22,13,40,Agelaius tricolor,Simple Call 2,29.77066612,30.16533279,375,21656,24000,present,https://rfcx-streams-production.s3.eu-west-1.amazonaws.com/2023/05/22/0qzxagkhsv1n/e25fc746-27ae-414e-919a-e53996a4aec7.flac?X-Amz-Algorithm=AWS4-HMAC-SHA256&X-Amz-Content-Sha256=UNSIGNED-PAYLOAD&X-Amz-Credential=AKIA45B7YWBX5HAZMGOU%2F20260223%2Feu-west-1%2Fs3%2Faws4_request&X-Amz-Date=20260223T002615Z&X-Amz-Expires=604800&X-Amz-Signature=236f91b00d6490a53cfd2e9f6418d06514c53778c27b616954909a0180bbb37a&X-Amz-SignedHeaders=host&response-content-disposition=attachment%3B%20filename%3De25fc746-27ae-414e-919a-e53996a4aec7.flac&x-id=GetObject,0.483738422,48469
WWP.2am-2023-05-22_13-00.WAV,2023 Wind Wolves Preserve Site 2,2023,5,22,14,0,Agelaius tricolor,Simple Call 2,50.9066658,51.30133438,375,21656,24000,present,https://rfcx-streams-production.s3.eu-west-1.amazonaws.com/2023/05/22/0qzxagkhsv1n/ef02ac6b-1d56-45fc-b9ec-1b784a1fcb18.flac?X-Amz-Algorithm=AWS4-HMAC-SHA256&X-Amz-Content-Sha256=UNSIGNED-PAYLOAD&X-Amz-Credential=AKIA45B7YWBX5HAZMGOU%2F20260223%2Feu-west-1%2Fs3%2Faws4_request&X-Amz-Date=20260223T002615Z&X-Amz-Expires=604800&X-Amz-Signature=acbf7bcab296d5c88211c68c89ee4d6d6fc9f90057a37e630f0f7122ce619970&X-Amz-SignedHeaders=host&response-content-disposition=attachment%3B%20filename%3Def02ac6b-1d56-45fc-b9ec-1b784a1fcb18.flac&x-id=GetObject,0.576280057,48469
WWP.2am-2023-05-22_13-20.WAV,2023 Wind Wolves Preserve Site 2,2023,5,22,14,20,Agelaius tricolor,Simple Call 2,53.08800125,53.48266602,375,21656,24000,present,https://rfcx-streams-production.s3.eu-west-1.amazonaws.com/2023/05/22/0qzxagkhsv1n/d1011921-1001-4e8e-947d-bc83638d22ee.flac?X-Amz-Algorithm=AWS4-HMAC-SHA256&X-Amz-Content-Sha256=UNSIGNED-PAYLOAD&X-Amz-Credential=AKIA45B7YWBX5HAZMGOU%2F20260223%2Feu-west-1%2Fs3%2Faws4_request&X-Amz-Date=20260223T002615Z&X-Amz-Expires=604800&X-Amz-Signature=63cbeb7ad83dfd20ee5be7743e8c556119088dd75e3c7ae775528c92bc7f1acf&X-Amz-SignedHeaders=host&response-content-disposition=attachment%3B%20filename%3Dd1011921-1001-4e8e-947d-bc83638d22ee.flac&x-id=GetObject,0.551531851,48469
WWP.2am-2023-05-22_13-40.WAV,2023 Wind Wolves Preserve Site 2,2023,5,22,14,40,Agelaius tricolor,Simple Call 2,58,58.39466476,375,21656,24000,present,https://rfcx-streams-production.s3.eu-west-1.amazonaws.com/2023/05/22/0qzxagkhsv1n/53cc5c76-a77f-4151-b516-2994e6e97b18.flac?X-Amz-Algorithm=AWS4-HMAC-SHA256&X-Amz-Content-Sha256=UNSIGNED-PAYLOAD&X-Amz-Credential=AKIA45B7YWBX5HAZMGOU%2F20260223%2Feu-west-1%2Fs3%2Faws4_request&X-Amz-Date=20260223T002615Z&X-Amz-Expires=604800&X-Amz-Signature=832b827f8db7eb490172202e07b0849e10eab76256f94bc7ff13b36baa3a5207&X-Amz-SignedHeaders=host&response-content-disposition=attachment%3B%20filename%3D53cc5c76-a77f-4151-b516-2994e6e97b18.flac&x-id=GetObject,0.494969726,48469
WWP.2am-2023-05-22_14-00.WAV,2023 Wind Wolves Preserve Site 2,2023,5,22,15,0,Agelaius tricolor,Simple Call 2,13.30133343,13.6960001,375,21656,24000,present,https://rfcx-streams-production.s3.eu-west-1.amazonaws.com/2023/05/22/0qzxagkhsv1n/0d4643e4-dc5d-461d-a7db-ed5e70cb7480.flac?X-Amz-Algorithm=AWS4-HMAC-SHA256&X-Amz-Content-Sha256=UNSIGNED-PAYLOAD&X-Amz-Credential=AKIA45B7YWBX5HAZMGOU%2F20260223%2Feu-west-1%2Fs3%2Faws4_request&X-Amz-Date=20260223T002615Z&X-Amz-Expires=604800&X-Amz-Signature=22d698cab281e98d4784f3b8c083a964c97dd8576f8b9345038148a89578d7f6&X-Amz-SignedHeaders=host&response-content-disposition=attachment%3B%20filename%3D0d4643e4-dc5d-461d-a7db-ed5e70cb7480.flac&x-id=GetObject,0.554830909,48469
WWP.2am-2023-05-22_14-20.WAV,2023 Wind Wolves Preserve Site 2,2023,5,22,15,20,Agelaius tricolor,Simple Call 2,36.27733231,36.67200089,375,21656,24000,present,https://rfcx-streams-production.s3.eu-west-1.amazonaws.com/2023/05/22/0qzxagkhsv1n/342ef7e5-1478-4d4a-be11-78530457d25d.flac?X-Amz-Algorithm=AWS4-HMAC-SHA256&X-Amz-Content-Sha256=UNSIGNED-PAYLOAD&X-Amz-Credential=AKIA45B7YWBX5HAZMGOU%2F20260223%2Feu-west-1%2Fs3%2Faws4_request&X-Amz-Date=20260223T002615Z&X-Amz-Expires=604800&X-Amz-Signature=2da151760cb13edc76c5ada3a0b7012866263c25e8d7b8ffca8e157e839d93ae&X-Amz-SignedHeaders=host&response-content-disposition=attachment%3B%20filename%3D342ef7e5-1478-4d4a-be11-78530457d25d.flac&x-id=GetObject,0.465266228,48469
WWP.2am-2023-05-22_14-40.WAV,2023 Wind Wolves Preserve Site 2,2023,5,22,15,40,Agelaius tricolor,Simple Call 2,14.74666691,15.14133358,375,21656,24000,present,https://rfcx-streams-production.s3.eu-west-1.amazonaws.com/2023/05/22/0qzxagkhsv1n/036304be-82fd-4b6a-b8c7-f08f9bb56c1a.flac?X-Amz-Algorithm=AWS4-HMAC-SHA256&X-Amz-Content-Sha256=UNSIGNED-PAYLOAD&X-Amz-Credential=AKIA45B7YWBX5HAZMGOU%2F20260223%2Feu-west-1%2Fs3%2Faws4_request&X-Amz-Date=20260223T002615Z&X-Amz-Expires=604800&X-Amz-Signature=fafa2d179011e10819715f9233382cfa259e8360f870dc38bce7d1b6018d502e&X-Amz-SignedHeaders=host&response-content-disposition=attachment%3B%20filename%3D036304be-82fd-4b6a-b8c7-f08f9bb56c1a.flac&x-id=GetObject,0.566032887,48469
WWP.2am-2023-05-22_15-00.WAV,2023 Wind Wolves Preserve Site 2,2023,5,22,16,0,Agelaius tricolor,Simple Call 2,11.24800014,11.64266682,375,21656,24000,present,https://rfcx-streams-production.s3.eu-west-1.amazonaws.com/2023/05/22/0qzxagkhsv1n/cf7855bc-bedb-4d15-b015-96d0e7d7ec10.flac?X-Amz-Algorithm=AWS4-HMAC-SHA256&X-Amz-Content-Sha256=UNSIGNED-PAYLOAD&X-Amz-Credential=AKIA45B7YWBX5HAZMGOU%2F20260223%2Feu-west-1%2Fs3%2Faws4_request&X-Amz-Date=20260223T002615Z&X-Amz-Expires=604800&X-Amz-Signature=1c2363a691b5f1435dc43673b3670668970aae9f0f51d0dafee67dbbd55e2a72&X-Amz-SignedHeaders=host&response-content-disposition=attachment%3B%20filename%3Dcf7855bc-bedb-4d15-b015-96d0e7d7ec10.flac&x-id=GetObject,0.519764304,48469
WWP.2am-2023-05-22_15-40.WAV,2023 Wind Wolves Preserve Site 2,2023,5,22,16,40,Agelaius tricolor,Simple Call 2,24.72533417,25.12000084,375,21656,24000,present,https://rfcx-streams-production.s3.eu-west-1.amazonaws.com/2023/05/22/0qzxagkhsv1n/b4042201-91c6-4117-88cb-853cbc40efdb.flac?X-Amz-Algorithm=AWS4-HMAC-SHA256&X-Amz-Content-Sha256=UNSIGNED-PAYLOAD&X-Amz-Credential=AKIA45B7YWBX5HAZMGOU%2F20260223%2Feu-west-1%2Fs3%2Faws4_request&X-Amz-Date=20260223T002615Z&X-Amz-Expires=604800&X-Amz-Signature=558abafce1833598e6caac9df6d72a13473951f53942471d09a371deda66d8e4&X-Amz-SignedHeaders=host&response-content-disposition=attachment%3B%20filename%3Db4042201-91c6-4117-88cb-853cbc40efdb.flac&x-id=GetObject,0.445281118,48469
WWP.2am-2023-05-22_16-00.WAV,2023 Wind Wolves Preserve Site 2,2023,5,22,17,0,Agelaius tricolor,Simple Call 2,1.738666654,2.133333445,375,21656,24000,present,https://rfcx-streams-production.s3.eu-west-1.amazonaws.com/2023/05/23/0qzxagkhsv1n/c8e03452-ccff-4033-961b-5b5450547089.flac?X-Amz-Algorithm=AWS4-HMAC-SHA256&X-Amz-Content-Sha256=UNSIGNED-PAYLOAD&X-Amz-Credential=AKIA45B7YWBX5HAZMGOU%2F20260223%2Feu-west-1%2Fs3%2Faws4_request&X-Amz-Date=20260223T002615Z&X-Amz-Expires=604800&X-Amz-Signature=06281311d76d597e505c4412378be120a0ad629d2c331694d789bf3b408eb7fe&X-Amz-SignedHeaders=host&response-content-disposition=attachment%3B%20filename%3Dc8e03452-ccff-4033-961b-5b5450547089.flac&x-id=GetObject,0.444332093,48469
WWP.2am-2023-05-22_16-20.WAV,2023 Wind Wolves Preserve Site 2,2023,5,22,17,20,Agelaius tricolor,Simple Call 2,28.51199913,28.9066658,375,21656,24000,present,https://rfcx-streams-production.s3.eu-west-1.amazonaws.com/2023/05/23/0qzxagkhsv1n/3340da1b-d089-46f8-a67e-6eacdfe68575.flac?X-Amz-Algorithm=AWS4-HMAC-SHA256&X-Amz-Content-Sha256=UNSIGNED-PAYLOAD&X-Amz-Credential=AKIA45B7YWBX5HAZMGOU%2F20260223%2Feu-west-1%2Fs3%2Faws4_request&X-Amz-Date=20260223T002615Z&X-Amz-Expires=604800&X-Amz-Signature=1f5040edfb62e32b7c959e3b8fba359682b0e9d7a122f131816600dae335906f&X-Amz-SignedHeaders=host&response-content-disposition=attachment%3B%20filename%3D3340da1b-d089-46f8-a67e-6eacdfe68575.flac&x-id=GetObject,0.447232932,48469
WWP.2am-2023-05-22_16-40.WAV,2023 Wind Wolves Preserve Site 2,2023,5,22,17,40,Agelaius tricolor,Simple Call 2,29.14666748,29.54133415,375,21656,24000,present,https://rfcx-streams-production.s3.eu-west-1.amazonaws.com/2023/05/23/0qzxagkhsv1n/72900c52-3cfe-4d03-b34a-4e4bc2ec841b.flac?X-Amz-Algorithm=AWS4-HMAC-SHA256&X-Amz-Content-Sha256=UNSIGNED-PAYLOAD&X-Amz-Credential=AKIA45B7YWBX5HAZMGOU%2F20260223%2Feu-west-1%2Fs3%2Faws4_request&X-Amz-Date=20260223T002615Z&X-Amz-Expires=604800&X-Amz-Signature=24c2c7e19f9d4ca9e072d9c73f7d7e5e6b12ff277bf2ef2f5076a807653cb77c&X-Amz-SignedHeaders=host&response-content-disposition=attachment%3B%20filename%3D72900c52-3cfe-4d03-b34a-4e4bc2ec841b.flac&x-id=GetObject,0.44060719,48469
WWP.2am-2023-05-22_17-00.WAV,2023 Wind Wolves Preserve Site 2,2023,5,22,18,0,Agelaius tricolor,Simple Call 2,21.25333405,21.64800072,375,21656,24000,present,https://rfcx-streams-production.s3.eu-west-1.amazonaws.com/2023/05/23/0qzxagkhsv1n/b393a249-21c6-4c6d-9b12-ed0e66facca8.flac?X-Amz-Algorithm=AWS4-HMAC-SHA256&X-Amz-Content-Sha256=UNSIGNED-PAYLOAD&X-Amz-Credential=AKIA45B7YWBX5HAZMGOU%2F20260223%2Feu-west-1%2Fs3%2Faws4_request&X-Amz-Date=20260223T002615Z&X-Amz-Expires=604800&X-Amz-Signature=d26c5c18645a1fee59f60ac45bdeb8df05bc7971c8e1b28acac2153d69a81402&X-Amz-SignedHeaders=host&response-content-disposition=attachment%3B%20filename%3Db393a249-21c6-4c6d-9b12-ed0e66facca8.flac&x-id=GetObject,0.508237183,48469
WWP.2am-2023-05-22_17-20.WAV,2023 Wind Wolves Preserve Site 2,2023,5,22,18,20,Agelaius tricolor,Simple Call 2,10.21866703,10.6133337,375,21656,24000,present,https://rfcx-streams-production.s3.eu-west-1.amazonaws.com/2023/05/23/0qzxagkhsv1n/1a4c19ac-8049-47e2-a431-90e2da5a35d4.flac?X-Amz-Algorithm=AWS4-HMAC-SHA256&X-Amz-Content-Sha256=UNSIGNED-PAYLOAD&X-Amz-Credential=AKIA45B7YWBX5HAZMGOU%2F20260223%2Feu-west-1%2Fs3%2Faws4_request&X-Amz-Date=20260223T002615Z&X-Amz-Expires=604800&X-Amz-Signature=bf542b8bbb5a9d7d920fd4383595750165fa2107aaa33f2c2eeb47e8993f615b&X-Amz-SignedHeaders=host&response-content-disposition=attachment%3B%20filename%3D1a4c19ac-8049-47e2-a431-90e2da5a35d4.flac&x-id=GetObject,0.415546983,48469
WWP.2am-2023-05-22_17-40.WAV,2023 Wind Wolves Preserve Site 2,2023,5,22,18,40,Agelaius tricolor,Simple Call 2,39.86133194,40.25600052,375,21656,24000,present,https://rfcx-streams-production.s3.eu-west-1.amazonaws.com/2023/05/23/0qzxagkhsv1n/7e9366f2-4097-4453-99ae-9b82b5c1051e.flac?X-Amz-Algorithm=AWS4-HMAC-SHA256&X-Amz-Content-Sha256=UNSIGNED-PAYLOAD&X-Amz-Credential=AKIA45B7YWBX5HAZMGOU%2F20260223%2Feu-west-1%2Fs3%2Faws4_request&X-Amz-Date=20260223T002615Z&X-Amz-Expires=604800&X-Amz-Signature=74fe0abe4e9a958f2ed63aeec7d93bebd6d75c83e823720e7e4dff31bdea1f34&X-Amz-SignedHeaders=host&response-content-disposition=attachment%3B%20filename%3D7e9366f2-4097-4453-99ae-9b82b5c1051e.flac&x-id=GetObject,0.406948954,48469
WWP.2am-2023-05-22_18-20.WAV,2023 Wind Wolves Preserve Site 2,2023,5,22,19,20,Agelaius tricolor,Simple Call 2,20.7626667,21.15733337,375,21656,24000,present,https://rfcx-streams-production.s3.eu-west-1.amazonaws.com/2023/05/23/0qzxagkhsv1n/1df41c10-5b88-4cf3-8027-0fc5bc888d81.flac?X-Amz-Algorithm=AWS4-HMAC-SHA256&X-Amz-Content-Sha256=UNSIGNED-PAYLOAD&X-Amz-Credential=AKIA45B7YWBX5HAZMGOU%2F20260223%2Feu-west-1%2Fs3%2Faws4_request&X-Amz-Date=20260223T002615Z&X-Amz-Expires=604800&X-Amz-Signature=91361e245abedcb5ee44b59d7e54909a79574e00335e0cd66271e6900fd914a5&X-Amz-SignedHeaders=host&response-content-disposition=attachment%3B%20filename%3D1df41c10-5b88-4cf3-8027-0fc5bc888d81.flac&x-id=GetObject,0.45368734,48469
WWP.2am-2023-05-22_19-00.WAV,2023 Wind Wolves Preserve Site 2,2023,5,22,20,0,Agelaius tricolor,Simple Call 2,39.13066483,39.5253334,375,21656,24000,present,https://rfcx-streams-production.s3.eu-west-1.amazonaws.com/2023/05/23/0qzxagkhsv1n/8a043ed3-83d0-46b5-961d-202ef3512d46.flac?X-Amz-Algorithm=AWS4-HMAC-SHA256&X-Amz-Content-Sha256=UNSIGNED-PAYLOAD&X-Amz-Credential=AKIA45B7YWBX5HAZMGOU%2F20260223%2Feu-west-1%2Fs3%2Faws4_request&X-Amz-Date=20260223T002615Z&X-Amz-Expires=604800&X-Amz-Signature=a9d45e17298951a05dcd5aae3a6c9f4e209d82fb8216711c2a9111cb2c585b61&X-Amz-SignedHeaders=host&response-content-disposition=attachment%3B%20filename%3D8a043ed3-83d0-46b5-961d-202ef3512d46.flac&x-id=GetObject,0.444363326,48469
WWP.2am-2023-05-22_19-20.WAV,2023 Wind Wolves Preserve Site 2,2023,5,22,20,20,Agelaius tricolor,Simple Call 2,46.31466675,46.70933151,375,21656,24000,present,https://rfcx-streams-production.s3.eu-west-1.amazonaws.com/2023/05/23/0qzxagkhsv1n/1acaacb8-0077-40a9-8930-7c0b5b59c39c.flac?X-Amz-Algorithm=AWS4-HMAC-SHA256&X-Amz-Content-Sha256=UNSIGNED-PAYLOAD&X-Amz-Credential=AKIA45B7YWBX5HAZMGOU%2F20260223%2Feu-west-1%2Fs3%2Faws4_request&X-Amz-Date=20260223T002615Z&X-Amz-Expires=604800&X-Amz-Signature=e8e1bbd01cc82100b11b815319714321e6a7d9431328d0bb8392a6040e6c083f&X-Amz-SignedHeaders=host&response-content-disposition=attachment%3B%20filename%3D1acaacb8-0077-40a9-8930-7c0b5b59c39c.flac&x-id=GetObject,0.494139344,48469
WWP.2am-2023-05-23_07-20.WAV,2023 Wind Wolves Preserve Site 2,2023,5,23,8,20,Agelaius tricolor,Simple Call 2,59.21066666,59.60533524,375,21656,24000,present,https://rfcx-streams-production.s3.eu-west-1.amazonaws.com/2023/05/23/0qzxagkhsv1n/2db0900b-6dd4-440e-ae6d-d47fa77b0b63.flac?X-Amz-Algorithm=AWS4-HMAC-SHA256&X-Amz-Content-Sha256=UNSIGNED-PAYLOAD&X-Amz-Credential=AKIA45B7YWBX5HAZMGOU%2F20260223%2Feu-west-1%2Fs3%2Faws4_request&X-Amz-Date=20260223T002615Z&X-Amz-Expires=604800&X-Amz-Signature=706f9869904e3609c9aae519f1baf45fc340b26fb673e1bfcd7390319794e237&X-Amz-SignedHeaders=host&response-content-disposition=attachment%3B%20filename%3D2db0900b-6dd4-440e-ae6d-d47fa77b0b63.flac&x-id=GetObject,0.450264812,48469
WWP.2am-2023-05-23_07-40.WAV,2023 Wind Wolves Preserve Site 2,2023,5,23,8,40,Agelaius tricolor,Simple Call 2,3.15199995,3.546666622,375,21656,24000,present,https://rfcx-streams-production.s3.eu-west-1.amazonaws.com/2023/05/23/0qzxagkhsv1n/7e142eac-a3c3-410e-bf5c-632fe00aa1ff.flac?X-Amz-Algorithm=AWS4-HMAC-SHA256&X-Amz-Content-Sha256=UNSIGNED-PAYLOAD&X-Amz-Credential=AKIA45B7YWBX5HAZMGOU%2F20260223%2Feu-west-1%2Fs3%2Faws4_request&X-Amz-Date=20260223T002615Z&X-Amz-Expires=604800&X-Amz-Signature=421e6874404855b0ace72950354c6488c3f7c6cdbc7a7e8baf04f86a7f48be0f&X-Amz-SignedHeaders=host&response-content-disposition=attachment%3B%20filename%3D7e142eac-a3c3-410e-bf5c-632fe00aa1ff.flac&x-id=GetObject,0.436098397,48469
WWP.2am-2023-05-23_09-00.WAV,2023 Wind Wolves Preserve Site 2,2023,5,23,10,0,Agelaius tricolor,Simple Call 2,21.94133377,22.33600044,375,21656,24000,present,https://rfcx-streams-production.s3.eu-west-1.amazonaws.com/2023/05/23/0qzxagkhsv1n/01568ee2-607d-4674-9bb7-8e0af51eda6b.flac?X-Amz-Algorithm=AWS4-HMAC-SHA256&X-Amz-Content-Sha256=UNSIGNED-PAYLOAD&X-Amz-Credential=AKIA45B7YWBX5HAZMGOU%2F20260223%2Feu-west-1%2Fs3%2Faws4_request&X-Amz-Date=20260223T002615Z&X-Amz-Expires=604800&X-Amz-Signature=6bc447a021602cd59da5569c302abac6da7e177355001de41c38c9c8417688d2&X-Amz-SignedHeaders=host&response-content-disposition=attachment%3B%20filename%3D01568ee2-607d-4674-9bb7-8e0af51eda6b.flac&x-id=GetObject,0.442765981,48469
WWP.2am-2023-05-23_09-20.WAV,2023 Wind Wolves Preserve Site 2,2023,5,23,10,20,Agelaius tricolor,Simple Call 2,37.5359993,37.93066788,375,21656,24000,present,https://rfcx-streams-production.s3.eu-west-1.amazonaws.com/2023/05/23/0qzxagkhsv1n/a32ac787-7c65-4b0a-9beb-bb34bdeda6dd.flac?X-Amz-Algorithm=AWS4-HMAC-SHA256&X-Amz-Content-Sha256=UNSIGNED-PAYLOAD&X-Amz-Credential=AKIA45B7YWBX5HAZMGOU%2F20260223%2Feu-west-1%2Fs3%2Faws4_request&X-Amz-Date=20260223T002615Z&X-Amz-Expires=604800&X-Amz-Signature=8b3ed766e642ca02f46068548122a0149da9c6e8059f379123adb07ee96fd4a5&X-Amz-SignedHeaders=host&response-content-disposition=attachment%3B%20filename%3Da32ac787-7c65-4b0a-9beb-bb34bdeda6dd.flac&x-id=GetObject,0.410042405,48469
WWP.2am-2023-05-23_10-00.WAV,2023 Wind Wolves Preserve Site 2,2023,5,23,11,0,Agelaius tricolor,Simple Call 2,4.090666771,4.485333443,375,21656,24000,present,https://rfcx-streams-production.s3.eu-west-1.amazonaws.com/2023/05/23/0qzxagkhsv1n/3a343549-b328-4c9c-8972-6f54caa539b3.flac?X-Amz-Algorithm=AWS4-HMAC-SHA256&X-Amz-Content-Sha256=UNSIGNED-PAYLOAD&X-Amz-Credential=AKIA45B7YWBX5HAZMGOU%2F20260223%2Feu-west-1%2Fs3%2Faws4_request&X-Amz-Date=20260223T002615Z&X-Amz-Expires=604800&X-Amz-Signature=c3089665012717aec8ef8d09f3a4c24596dc11d1bf08951f9a08ca615e861de1&X-Amz-SignedHeaders=host&response-content-disposition=attachment%3B%20filename%3D3a343549-b328-4c9c-8972-6f54caa539b3.flac&x-id=GetObject,0.508052945,48469
WWP.2am-2023-05-23_10-20.WAV,2023 Wind Wolves Preserve Site 2,2023,5,23,11,20,Agelaius tricolor,Simple Call 2,39.38666534,39.78133392,375,21656,24000,present,https://rfcx-streams-production.s3.eu-west-1.amazonaws.com/2023/05/23/0qzxagkhsv1n/26835283-5dea-484e-829d-2bec78f33b3e.flac?X-Amz-Algorithm=AWS4-HMAC-SHA256&X-Amz-Content-Sha256=UNSIGNED-PAYLOAD&X-Amz-Credential=AKIA45B7YWBX5HAZMGOU%2F20260223%2Feu-west-1%2Fs3%2Faws4_request&X-Amz-Date=20260223T002615Z&X-Amz-Expires=604800&X-Amz-Signature=db7ac5dd8150bdfce287fb9310ca23a09101f818ec21279f941785280fbe4488&X-Amz-SignedHeaders=host&response-content-disposition=attachment%3B%20filename%3D26835283-5dea-484e-829d-2bec78f33b3e.flac&x-id=GetObject,0.429730356,48469
WWP.2am-2023-05-23_10-40.WAV,2023 Wind Wolves Preserve Site 2,2023,5,23,11,40,Agelaius tricolor,Simple Call 2,46.02666855,46.42133331,375,21656,24000,present,https://rfcx-streams-production.s3.eu-west-1.amazonaws.com/2023/05/23/0qzxagkhsv1n/56980a33-c9db-483a-aa74-fd466359f46f.flac?X-Amz-Algorithm=AWS4-HMAC-SHA256&X-Amz-Content-Sha256=UNSIGNED-PAYLOAD&X-Amz-Credential=AKIA45B7YWBX5HAZMGOU%2F20260223%2Feu-west-1%2Fs3%2Faws4_request&X-Amz-Date=20260223T002615Z&X-Amz-Expires=604800&X-Amz-Signature=b007e6f9e19d5731379c54d2beae1b7c63e73617467b675ae8ffafc188a788c9&X-Amz-SignedHeaders=host&response-content-disposition=attachment%3B%20filename%3D56980a33-c9db-483a-aa74-fd466359f46f.flac&x-id=GetObject,0.403682381,48469
WWP.2am-2023-05-23_11-00.WAV,2023 Wind Wolves Preserve Site 2,2023,5,23,12,0,Agelaius tricolor,Simple Call 2,21.89866638,22.29333305,375,21656,24000,present,https://rfcx-streams-production.s3.eu-west-1.amazonaws.com/2023/05/23/0qzxagkhsv1n/332ecc94-0966-4cc9-a1a2-c44bb8efbeb0.flac?X-Amz-Algorithm=AWS4-HMAC-SHA256&X-Amz-Content-Sha256=UNSIGNED-PAYLOAD&X-Amz-Credential=AKIA45B7YWBX5HAZMGOU%2F20260223%2Feu-west-1%2Fs3%2Faws4_request&X-Amz-Date=20260223T002615Z&X-Amz-Expires=604800&X-Amz-Signature=c69bf535be9ed434b0ab197d11034a191c1b458d23e8073e7a0c479104466537&X-Amz-SignedHeaders=host&response-content-disposition=attachment%3B%20filename%3D332ecc94-0966-4cc9-a1a2-c44bb8efbeb0.flac&x-id=GetObject,0.584242523,48469
WWP.2am-2023-05-23_11-20.WAV,2023 Wind Wolves Preserve Site 2,2023,5,23,12,20,Agelaius tricolor,Simple Call 2,38.76800156,39.16266632,375,21656,24000,present,https://rfcx-streams-production.s3.eu-west-1.amazonaws.com/2023/05/23/0qzxagkhsv1n/ba802d01-6494-4122-955a-c3f5c1a934bc.flac?X-Amz-Algorithm=AWS4-HMAC-SHA256&X-Amz-Content-Sha256=UNSIGNED-PAYLOAD&X-Amz-Credential=AKIA45B7YWBX5HAZMGOU%2F20260223%2Feu-west-1%2Fs3%2Faws4_request&X-Amz-Date=20260223T002615Z&X-Amz-Expires=604800&X-Amz-Signature=e6b246b395f5bf84bb5e86d5b9a10e4d7a515eeaf86f368d22656f64a9f1c9dd&X-Amz-SignedHeaders=host&response-content-disposition=attachment%3B%20filename%3Dba802d01-6494-4122-955a-c3f5c1a934bc.flac&x-id=GetObject,0.523538291,48469
WWP.2am-2023-05-23_11-40.WAV,2023 Wind Wolves Preserve Site 2,2023,5,23,12,40,Agelaius tricolor,Simple Call 2,22.7840004,23.17866707,375,21656,24000,present,https://rfcx-streams-production.s3.eu-west-1.amazonaws.com/2023/05/23/0qzxagkhsv1n/3b17fe5a-755b-427b-8e08-761a2ad56552.flac?X-Amz-Algorithm=AWS4-HMAC-SHA256&X-Amz-Content-Sha256=UNSIGNED-PAYLOAD&X-Amz-Credential=AKIA45B7YWBX5HAZMGOU%2F20260223%2Feu-west-1%2Fs3%2Faws4_request&X-Amz-Date=20260223T002615Z&X-Amz-Expires=604800&X-Amz-Signature=7bad28ddaec7979982f8bd9a7dfb1c49acbbf5c76f27ee715811b3cc8d92e063&X-Amz-SignedHeaders=host&response-content-disposition=attachment%3B%20filename%3D3b17fe5a-755b-427b-8e08-761a2ad56552.flac&x-id=GetObject,0.519752324,48469
WWP.2am-2023-05-23_12-00.WAV,2023 Wind Wolves Preserve Site 2,2023,5,23,13,0,Agelaius tricolor,Simple Call 2,45.50933456,45.90399933,375,21656,24000,present,https://rfcx-streams-production.s3.eu-west-1.amazonaws.com/2023/05/23/0qzxagkhsv1n/b434c3a5-a642-4c4f-bc3e-f539898fa546.flac?X-Amz-Algorithm=AWS4-HMAC-SHA256&X-Amz-Content-Sha256=UNSIGNED-PAYLOAD&X-Amz-Credential=AKIA45B7YWBX5HAZMGOU%2F20260223%2Feu-west-1%2Fs3%2Faws4_request&X-Amz-Date=20260223T002615Z&X-Amz-Expires=604800&X-Amz-Signature=a9572b0cc9e33638ed6fbd520c874bcbac073250e2340a4b5a69e9ce930a7f30&X-Amz-SignedHeaders=host&response-content-disposition=attachment%3B%20filename%3Db434c3a5-a642-4c4f-bc3e-f539898fa546.flac&x-id=GetObject,0.458831489,48469
WWP.2am-2023-05-23_12-20.WAV,2023 Wind Wolves Preserve Site 2,2023,5,23,13,20,Agelaius tricolor,Simple Call 2,18.43199921,18.82666588,375,21656,24000,present,https://rfcx-streams-production.s3.eu-west-1.amazonaws.com/2023/05/23/0qzxagkhsv1n/01787277-b88a-4f6e-bb14-9d80c03a45b0.flac?X-Amz-Algorithm=AWS4-HMAC-SHA256&X-Amz-Content-Sha256=UNSIGNED-PAYLOAD&X-Amz-Credential=AKIA45B7YWBX5HAZMGOU%2F20260223%2Feu-west-1%2Fs3%2Faws4_request&X-Amz-Date=20260223T002615Z&X-Amz-Expires=604800&X-Amz-Signature=01fc0b48b1756dfe29d8b616a389ac17759e7245eb8cb52066922f8b196e5ca4&X-Amz-SignedHeaders=host&response-content-disposition=attachment%3B%20filename%3D01787277-b88a-4f6e-bb14-9d80c03a45b0.flac&x-id=GetObject,0.46242559,48469
WWP.2am-2023-05-23_12-40.WAV,2023 Wind Wolves Preserve Site 2,2023,5,23,13,40,Agelaius tricolor,Simple Call 2,58,58.39466476,375,21656,24000,present,https://rfcx-streams-production.s3.eu-west-1.amazonaws.com/2023/05/23/0qzxagkhsv1n/1bb099ce-68e4-48cf-a18f-6489dc7aafd6.flac?X-Amz-Algorithm=AWS4-HMAC-SHA256&X-Amz-Content-Sha256=UNSIGNED-PAYLOAD&X-Amz-Credential=AKIA45B7YWBX5HAZMGOU%2F20260223%2Feu-west-1%2Fs3%2Faws4_request&X-Amz-Date=20260223T002615Z&X-Amz-Expires=604800&X-Amz-Signature=fda92f3a2a5e339a8fff4e167846af2d5697f7bb9be1a069f60b23d70e9385f0&X-Amz-SignedHeaders=host&response-content-disposition=attachment%3B%20filename%3D1bb099ce-68e4-48cf-a18f-6489dc7aafd6.flac&x-id=GetObject,0.527626693,48469
WWP.2am-2023-05-23_13-00.WAV,2023 Wind Wolves Preserve Site 2,2023,5,23,14,0,Agelaius tricolor,Simple Call 2,29.57866669,29.97333336,375,21656,24000,present,https://rfcx-streams-production.s3.eu-west-1.amazonaws.com/2023/05/23/0qzxagkhsv1n/67ac2b6e-9958-4c24-8b23-2121e6370aa3.flac?X-Amz-Algorithm=AWS4-HMAC-SHA256&X-Amz-Content-Sha256=UNSIGNED-PAYLOAD&X-Amz-Credential=AKIA45B7YWBX5HAZMGOU%2F20260223%2Feu-west-1%2Fs3%2Faws4_request&X-Amz-Date=20260223T002615Z&X-Amz-Expires=604800&X-Amz-Signature=81cc130671775e73c79ddd1ac9df2aa5be457fbb5f9b47c8852e33c3ee889f1b&X-Amz-SignedHeaders=host&response-content-disposition=attachment%3B%20filename%3D67ac2b6e-9958-4c24-8b23-2121e6370aa3.flac&x-id=GetObject,0.552429259,48469
WWP.2am-2023-05-23_13-20.WAV,2023 Wind Wolves Preserve Site 2,2023,5,23,14,20,Agelaius tricolor,Simple Call 2,52.02666855,52.42133331,375,21656,24000,present,https://rfcx-streams-production.s3.eu-west-1.amazonaws.com/2023/05/23/0qzxagkhsv1n/cb8e4982-a4c0-4b68-9b7d-0e6fca1f618f.flac?X-Amz-Algorithm=AWS4-HMAC-SHA256&X-Amz-Content-Sha256=UNSIGNED-PAYLOAD&X-Amz-Credential=AKIA45B7YWBX5HAZMGOU%2F20260223%2Feu-west-1%2Fs3%2Faws4_request&X-Amz-Date=20260223T002615Z&X-Amz-Expires=604800&X-Amz-Signature=fcd51b04c63666ae68ccff74b67a7df02abc5e94eae8e5407f74b36a197ea16e&X-Amz-SignedHeaders=host&response-content-disposition=attachment%3B%20filename%3Dcb8e4982-a4c0-4b68-9b7d-0e6fca1f618f.flac&x-id=GetObject,0.555781066,48469
WWP.2am-2023-05-23_13-40.WAV,2023 Wind Wolves Preserve Site 2,2023,5,23,14,40,Agelaius tricolor,Simple Call 2,32.24533463,32.63999939,375,21656,24000,present,https://rfcx-streams-production.s3.eu-west-1.amazonaws.com/2023/05/23/0qzxagkhsv1n/941d9c74-c0ac-40da-ad69-c80d7757cf38.flac?X-Amz-Algorithm=AWS4-HMAC-SHA256&X-Amz-Content-Sha256=UNSIGNED-PAYLOAD&X-Amz-Credential=AKIA45B7YWBX5HAZMGOU%2F20260223%2Feu-west-1%2Fs3%2Faws4_request&X-Amz-Date=20260223T002615Z&X-Amz-Expires=604800&X-Amz-Signature=f76d185a2ae8e68821bd7bbfecbd041d7c2d428d1667b9214af3e5ccea87a902&X-Amz-SignedHeaders=host&response-content-disposition=attachment%3B%20filename%3D941d9c74-c0ac-40da-ad69-c80d7757cf38.flac&x-id=GetObject,0.444608092,48469
WWP.2am-2023-05-23_14-00.WAV,2023 Wind Wolves Preserve Site 2,2023,5,23,15,0,Agelaius tricolor,Simple Call 2,44.87466812,45.26933289,375,21656,24000,present,https://rfcx-streams-production.s3.eu-west-1.amazonaws.com/2023/05/23/0qzxagkhsv1n/aaa3b8df-75ec-43ae-9491-e93c417f408b.flac?X-Amz-Algorithm=AWS4-HMAC-SHA256&X-Amz-Content-Sha256=UNSIGNED-PAYLOAD&X-Amz-Credential=AKIA45B7YWBX5HAZMGOU%2F20260223%2Feu-west-1%2Fs3%2Faws4_request&X-Amz-Date=20260223T002615Z&X-Amz-Expires=604800&X-Amz-Signature=8f84e14b4497920c116641ac1f7859aeda468496c040c6b14db4eb7d16617e08&X-Amz-SignedHeaders=host&response-content-disposition=attachment%3B%20filename%3Daaa3b8df-75ec-43ae-9491-e93c417f408b.flac&x-id=GetObject,0.419552863,48469
WWP.2am-2023-05-23_14-20.WAV,2023 Wind Wolves Preserve Site 2,2023,5,23,15,20,Agelaius tricolor,Simple Call 2,17.29599953,17.6906662,375,21656,24000,present,https://rfcx-streams-production.s3.eu-west-1.amazonaws.com/2023/05/23/0qzxagkhsv1n/158ecd0f-0f64-4a3f-a20e-35d58861df85.flac?X-Amz-Algorithm=AWS4-HMAC-SHA256&X-Amz-Content-Sha256=UNSIGNED-PAYLOAD&X-Amz-Credential=AKIA45B7YWBX5HAZMGOU%2F20260223%2Feu-west-1%2Fs3%2Faws4_request&X-Amz-Date=20260223T002615Z&X-Amz-Expires=604800&X-Amz-Signature=67773eeb164bc0ecd9ef786544080936c110b2bb86d1896b9f4964fdd66f4829&X-Amz-SignedHeaders=host&response-content-disposition=attachment%3B%20filename%3D158ecd0f-0f64-4a3f-a20e-35d58861df85.flac&x-id=GetObject,0.514815152,48469
WWP.2am-2023-05-23_14-40.WAV,2023 Wind Wolves Preserve Site 2,2023,5,23,15,40,Agelaius tricolor,Simple Call 2,58.94933319,59.34400177,375,21656,24000,present,https://rfcx-streams-production.s3.eu-west-1.amazonaws.com/2023/05/23/0qzxagkhsv1n/00ba2da5-9f3c-4023-97a7-e110a5c95bdc.flac?X-Amz-Algorithm=AWS4-HMAC-SHA256&X-Amz-Content-Sha256=UNSIGNED-PAYLOAD&X-Amz-Credential=AKIA45B7YWBX5HAZMGOU%2F20260223%2Feu-west-1%2Fs3%2Faws4_request&X-Amz-Date=20260223T002615Z&X-Amz-Expires=604800&X-Amz-Signature=7a1b673d58ed6e1744c465c8507d93a911841d2fd32d8ca2dfcaa531fcf05179&X-Amz-SignedHeaders=host&response-content-disposition=attachment%3B%20filename%3D00ba2da5-9f3c-4023-97a7-e110a5c95bdc.flac&x-id=GetObject,0.496638,48469
WWP.2am-2023-05-23_15-00.WAV,2023 Wind Wolves Preserve Site 2,2023,5,23,16,0,Agelaius tricolor,Simple Call 2,21.16799927,21.56266594,375,21656,24000,present,https://rfcx-streams-production.s3.eu-west-1.amazonaws.com/2023/05/23/0qzxagkhsv1n/f6074aa5-6790-4ec2-8ce5-352dda83d722.flac?X-Amz-Algorithm=AWS4-HMAC-SHA256&X-Amz-Content-Sha256=UNSIGNED-PAYLOAD&X-Amz-Credential=AKIA45B7YWBX5HAZMGOU%2F20260223%2Feu-west-1%2Fs3%2Faws4_request&X-Amz-Date=20260223T002615Z&X-Amz-Expires=604800&X-Amz-Signature=31f4f00b7a437dbfaa9df84bb7171e38efcb439faaab3a2860dc48c9dbd1c47a&X-Amz-SignedHeaders=host&response-content-disposition=attachment%3B%20filename%3Df6074aa5-6790-4ec2-8ce5-352dda83d722.flac&x-id=GetObject,0.508874357,48469
WWP.2am-2023-05-23_15-20.WAV,2023 Wind Wolves Preserve Site 2,2023,5,23,16,20,Agelaius tricolor,Simple Call 2,4.933333397,5.328000069,375,21656,24000,present,https://rfcx-streams-production.s3.eu-west-1.amazonaws.com/2023/05/23/0qzxagkhsv1n/e23c8a24-8539-48a7-ba6f-49b3269ffeeb.flac?X-Amz-Algorithm=AWS4-HMAC-SHA256&X-Amz-Content-Sha256=UNSIGNED-PAYLOAD&X-Amz-Credential=AKIA45B7YWBX5HAZMGOU%2F20260223%2Feu-west-1%2Fs3%2Faws4_request&X-Amz-Date=20260223T002615Z&X-Amz-Expires=604800&X-Amz-Signature=692fc32f8a9de5ae090f1235fc521430d9e0ad5a0410bae8b31218510057073e&X-Amz-SignedHeaders=host&response-content-disposition=attachment%3B%20filename%3De23c8a24-8539-48a7-ba6f-49b3269ffeeb.flac&x-id=GetObject,0.537540615,48469
WWP.2am-2023-05-23_15-40.WAV,2023 Wind Wolves Preserve Site 2,2023,5,23,16,40,Agelaius tricolor,Simple Call 2,46.86933517,47.26399994,375,21656,24000,present,https://rfcx-streams-production.s3.eu-west-1.amazonaws.com/2023/05/23/0qzxagkhsv1n/66ef9576-a29e-40ff-8839-cd15b740e551.flac?X-Amz-Algorithm=AWS4-HMAC-SHA256&X-Amz-Content-Sha256=UNSIGNED-PAYLOAD&X-Amz-Credential=AKIA45B7YWBX5HAZMGOU%2F20260223%2Feu-west-1%2Fs3%2Faws4_request&X-Amz-Date=20260223T002615Z&X-Amz-Expires=604800&X-Amz-Signature=385182762488183df4e532031eb2dca617024805696ff523a84087cdbbfd00b9&X-Amz-SignedHeaders=host&response-content-disposition=attachment%3B%20filename%3D66ef9576-a29e-40ff-8839-cd15b740e551.flac&x-id=GetObject,0.45566684,48469
WWP.2am-2023-05-23_16-00.WAV,2023 Wind Wolves Preserve Site 2,2023,5,23,17,0,Agelaius tricolor,Simple Call 2,54.95999908,55.35466766,375,21656,24000,present,https://rfcx-streams-production.s3.eu-west-1.amazonaws.com/2023/05/24/0qzxagkhsv1n/0167329b-6449-4b5b-9f80-5bdf6a5b8148.flac?X-Amz-Algorithm=AWS4-HMAC-SHA256&X-Amz-Content-Sha256=UNSIGNED-PAYLOAD&X-Amz-Credential=AKIA45B7YWBX5HAZMGOU%2F20260223%2Feu-west-1%2Fs3%2Faws4_request&X-Amz-Date=20260223T002615Z&X-Amz-Expires=604800&X-Amz-Signature=16a022c85eb04d423e08de1d95c7e3594c22a8998a462dd91325fed311cf9615&X-Amz-SignedHeaders=host&response-content-disposition=attachment%3B%20filename%3D0167329b-6449-4b5b-9f80-5bdf6a5b8148.flac&x-id=GetObject,0.439198643,48469
WWP.2am-2023-05-23_16-20.WAV,2023 Wind Wolves Preserve Site 2,2023,5,23,17,20,Agelaius tricolor,Simple Call 2,55.48266602,55.87733459,375,21656,24000,present,https://rfcx-streams-production.s3.eu-west-1.amazonaws.com/2023/05/24/0qzxagkhsv1n/27305d8d-25c0-405c-89ce-db28b929e9a3.flac?X-Amz-Algorithm=AWS4-HMAC-SHA256&X-Amz-Content-Sha256=UNSIGNED-PAYLOAD&X-Amz-Credential=AKIA45B7YWBX5HAZMGOU%2F20260223%2Feu-west-1%2Fs3%2Faws4_request&X-Amz-Date=20260223T002615Z&X-Amz-Expires=604800&X-Amz-Signature=bfa173078c67779bf3819a0cf9c9ed3c44a9cb9b6cca9c3bbee55dde18888818&X-Amz-SignedHeaders=host&response-content-disposition=attachment%3B%20filename%3D27305d8d-25c0-405c-89ce-db28b929e9a3.flac&x-id=GetObject,0.50126183,48469
WWP.2am-2023-05-23_16-40.WAV,2023 Wind Wolves Preserve Site 2,2023,5,23,17,40,Agelaius tricolor,Simple Call 2,22.6186676,23.01333427,375,21656,24000,present,https://rfcx-streams-production.s3.eu-west-1.amazonaws.com/2023/05/24/0qzxagkhsv1n/1164d638-2540-45fe-9261-34cad660fef3.flac?X-Amz-Algorithm=AWS4-HMAC-SHA256&X-Amz-Content-Sha256=UNSIGNED-PAYLOAD&X-Amz-Credential=AKIA45B7YWBX5HAZMGOU%2F20260223%2Feu-west-1%2Fs3%2Faws4_request&X-Amz-Date=20260223T002615Z&X-Amz-Expires=604800&X-Amz-Signature=611263258d9a3668ec8e6d5db2751e5a3a8654d07489e18ea55ba00fa33ce4d0&X-Amz-SignedHeaders=host&response-content-disposition=attachment%3B%20filename%3D1164d638-2540-45fe-9261-34cad660fef3.flac&x-id=GetObject,0.458835453,48469
WWP.2am-2023-05-23_17-20.WAV,2023 Wind Wolves Preserve Site 2,2023,5,23,18,20,Agelaius tricolor,Simple Call 2,1.402666688,1.79733336,375,21656,24000,present,https://rfcx-streams-production.s3.eu-west-1.amazonaws.com/2023/05/24/0qzxagkhsv1n/37e87689-01d8-461f-95b5-3d3a1e824bc6.flac?X-Amz-Algorithm=AWS4-HMAC-SHA256&X-Amz-Content-Sha256=UNSIGNED-PAYLOAD&X-Amz-Credential=AKIA45B7YWBX5HAZMGOU%2F20260223%2Feu-west-1%2Fs3%2Faws4_request&X-Amz-Date=20260223T002615Z&X-Amz-Expires=604800&X-Amz-Signature=e651bca51054e36865f613857a2acb7a30a78efd4a83455df85d798f3a917a34&X-Amz-SignedHeaders=host&response-content-disposition=attachment%3B%20filename%3D37e87689-01d8-461f-95b5-3d3a1e824bc6.flac&x-id=GetObject,0.517413318,48469
WWP.2am-2023-05-24_06-40.WAV,2023 Wind Wolves Preserve Site 2,2023,5,24,7,40,Agelaius tricolor,Simple Call 2,49.14133453,49.5359993,375,21656,24000,present,https://rfcx-streams-production.s3.eu-west-1.amazonaws.com/2023/05/24/0qzxagkhsv1n/c6f87e27-c443-48cf-b240-3badbe38ff51.flac?X-Amz-Algorithm=AWS4-HMAC-SHA256&X-Amz-Content-Sha256=UNSIGNED-PAYLOAD&X-Amz-Credential=AKIA45B7YWBX5HAZMGOU%2F20260223%2Feu-west-1%2Fs3%2Faws4_request&X-Amz-Date=20260223T002615Z&X-Amz-Expires=604800&X-Amz-Signature=b6bb9052bbcc866c9a2d176a2c65e432b0cc774dbc3c47e0668e0a4b2bc9a094&X-Amz-SignedHeaders=host&response-content-disposition=attachment%3B%20filename%3Dc6f87e27-c443-48cf-b240-3badbe38ff51.flac&x-id=GetObject,0.423552155,48469
WWP.2am-2023-05-24_07-20.WAV,2023 Wind Wolves Preserve Site 2,2023,5,24,8,20,Agelaius tricolor,Simple Call 2,49.79733276,50.19200134,375,21656,24000,present,https://rfcx-streams-production.s3.eu-west-1.amazonaws.com/2023/05/24/0qzxagkhsv1n/aa49b7e6-8764-4a84-ad69-35b4123867fc.flac?X-Amz-Algorithm=AWS4-HMAC-SHA256&X-Amz-Content-Sha256=UNSIGNED-PAYLOAD&X-Amz-Credential=AKIA45B7YWBX5HAZMGOU%2F20260223%2Feu-west-1%2Fs3%2Faws4_request&X-Amz-Date=20260223T002615Z&X-Amz-Expires=604800&X-Amz-Signature=48df92da52ddb532cb6276db02ce5dc0972846f7b19bf1ed77caccf59ec64b5b&X-Amz-SignedHeaders=host&response-content-disposition=attachment%3B%20filename%3Daa49b7e6-8764-4a84-ad69-35b4123867fc.flac&x-id=GetObject,0.52975899,48469
WWP.2am-2023-05-24_07-40.WAV,2023 Wind Wolves Preserve Site 2,2023,5,24,8,40,Agelaius tricolor,Simple Call 2,0.11733333,0.512000024,375,21656,24000,present,https://rfcx-streams-production.s3.eu-west-1.amazonaws.com/2023/05/24/0qzxagkhsv1n/e14370b4-d943-46bf-810f-8a871f28f5c2.flac?X-Amz-Algorithm=AWS4-HMAC-SHA256&X-Amz-Content-Sha256=UNSIGNED-PAYLOAD&X-Amz-Credential=AKIA45B7YWBX5HAZMGOU%2F20260223%2Feu-west-1%2Fs3%2Faws4_request&X-Amz-Date=20260223T002615Z&X-Amz-Expires=604800&X-Amz-Signature=d4d3bc670180fb97b6ecbb83d3c65874c6a461e02e3c78ef077c82e2cf4fcf57&X-Amz-SignedHeaders=host&response-content-disposition=attachment%3B%20filename%3De14370b4-d943-46bf-810f-8a871f28f5c2.flac&x-id=GetObject,0.525850475,48469
WWP.2am-2023-05-24_09-40.WAV,2023 Wind Wolves Preserve Site 2,2023,5,24,10,40,Agelaius tricolor,Simple Call 2,5.738666534,6.133333206,375,21656,24000,present,https://rfcx-streams-production.s3.eu-west-1.amazonaws.com/2023/05/24/0qzxagkhsv1n/6654e2ad-2019-47b8-92c7-c73f3516151c.flac?X-Amz-Algorithm=AWS4-HMAC-SHA256&X-Amz-Content-Sha256=UNSIGNED-PAYLOAD&X-Amz-Credential=AKIA45B7YWBX5HAZMGOU%2F20260223%2Feu-west-1%2Fs3%2Faws4_request&X-Amz-Date=20260223T002615Z&X-Amz-Expires=604800&X-Amz-Signature=b69afddd4e0d7f82a194b51342e56642d1c014eb21b4bfff69d4df4bda109fbf&X-Amz-SignedHeaders=host&response-content-disposition=attachment%3B%20filename%3D6654e2ad-2019-47b8-92c7-c73f3516151c.flac&x-id=GetObject,0.42145741,48469
WWP.2am-2023-05-24_10-00.WAV,2023 Wind Wolves Preserve Site 2,2023,5,24,11,0,Agelaius tricolor,Simple Call 2,24.59733391,24.99200058,375,21656,24000,present,https://rfcx-streams-production.s3.eu-west-1.amazonaws.com/2023/05/24/0qzxagkhsv1n/bfdfbfba-66b0-4445-8453-83052a9d5207.flac?X-Amz-Algorithm=AWS4-HMAC-SHA256&X-Amz-Content-Sha256=UNSIGNED-PAYLOAD&X-Amz-Credential=AKIA45B7YWBX5HAZMGOU%2F20260223%2Feu-west-1%2Fs3%2Faws4_request&X-Amz-Date=20260223T002615Z&X-Amz-Expires=604800&X-Amz-Signature=a0ce07b8847f51aaba4616db801399f4a6736112637a037c09dd69ac6f3f7dcc&X-Amz-SignedHeaders=host&response-content-disposition=attachment%3B%20filename%3Dbfdfbfba-66b0-4445-8453-83052a9d5207.flac&x-id=GetObject,0.52509433,48469
WWP.2am-2023-05-24_10-20.WAV,2023 Wind Wolves Preserve Site 2,2023,5,24,11,20,Agelaius tricolor,Simple Call 2,6.949333191,7.343999863,375,21656,24000,present,https://rfcx-streams-production.s3.eu-west-1.amazonaws.com/2023/05/24/0qzxagkhsv1n/d7dcda24-aaf7-479a-bd99-cbfb1590aa94.flac?X-Amz-Algorithm=AWS4-HMAC-SHA256&X-Amz-Content-Sha256=UNSIGNED-PAYLOAD&X-Amz-Credential=AKIA45B7YWBX5HAZMGOU%2F20260223%2Feu-west-1%2Fs3%2Faws4_request&X-Amz-Date=20260223T002615Z&X-Amz-Expires=604800&X-Amz-Signature=112c0c3b93dc64217bd24d397772f569becf415b53019e12c19e4dfae0779ce3&X-Amz-SignedHeaders=host&response-content-disposition=attachment%3B%20filename%3Dd7dcda24-aaf7-479a-bd99-cbfb1590aa94.flac&x-id=GetObject,0.527339399,48469
WWP.2am-2023-05-24_11-00.WAV,2023 Wind Wolves Preserve Site 2,2023,5,24,12,0,Agelaius tricolor,Simple Call 2,5.674666882,6.069333553,375,21656,24000,present,https://rfcx-streams-production.s3.eu-west-1.amazonaws.com/2023/05/24/0qzxagkhsv1n/310086d6-0ac0-4d46-8789-2fdf1f02eef3.flac?X-Amz-Algorithm=AWS4-HMAC-SHA256&X-Amz-Content-Sha256=UNSIGNED-PAYLOAD&X-Amz-Credential=AKIA45B7YWBX5HAZMGOU%2F20260223%2Feu-west-1%2Fs3%2Faws4_request&X-Amz-Date=20260223T002615Z&X-Amz-Expires=604800&X-Amz-Signature=9fdc1c536f4a62508f72cf9ad8c2e3d84030462702baaa51457bed8b92a85bee&X-Amz-SignedHeaders=host&response-content-disposition=attachment%3B%20filename%3D310086d6-0ac0-4d46-8789-2fdf1f02eef3.flac&x-id=GetObject,0.551299989,48469
WWP.2am-2023-05-24_11-20.WAV,2023 Wind Wolves Preserve Site 2,2023,5,24,12,20,Agelaius tricolor,Simple Call 2,48.7840004,49.17866516,375,21656,24000,present,https://rfcx-streams-production.s3.eu-west-1.amazonaws.com/2023/05/24/0qzxagkhsv1n/ca0f3602-7bff-4bb5-84bb-7d9a4b47779c.flac?X-Amz-Algorithm=AWS4-HMAC-SHA256&X-Amz-Content-Sha256=UNSIGNED-PAYLOAD&X-Amz-Credential=AKIA45B7YWBX5HAZMGOU%2F20260223%2Feu-west-1%2Fs3%2Faws4_request&X-Amz-Date=20260223T002615Z&X-Amz-Expires=604800&X-Amz-Signature=7a03d987ea7dc6224cbb431e9fa93dfb67642c253e4270fb93f94eb0c0971f98&X-Amz-SignedHeaders=host&response-content-disposition=attachment%3B%20filename%3Dca0f3602-7bff-4bb5-84bb-7d9a4b47779c.flac&x-id=GetObject,0.594891667,48469
WWP.2am-2023-05-24_11-40.WAV,2023 Wind Wolves Preserve Site 2,2023,5,24,12,40,Agelaius tricolor,Simple Call 2,19.52000046,19.91466713,375,21656,24000,present,https://rfcx-streams-production.s3.eu-west-1.amazonaws.com/2023/05/24/0qzxagkhsv1n/ae26d1d3-b634-40e4-b8c7-4d925f73462d.flac?X-Amz-Algorithm=AWS4-HMAC-SHA256&X-Amz-Content-Sha256=UNSIGNED-PAYLOAD&X-Amz-Credential=AKIA45B7YWBX5HAZMGOU%2F20260223%2Feu-west-1%2Fs3%2Faws4_request&X-Amz-Date=20260223T002615Z&X-Amz-Expires=604800&X-Amz-Signature=d840263692f6bd226cd28c8e8e02782b96e526093392bf40106fe23ea8960a8a&X-Amz-SignedHeaders=host&response-content-disposition=attachment%3B%20filename%3Dae26d1d3-b634-40e4-b8c7-4d925f73462d.flac&x-id=GetObject,0.56620276,48469
WWP.2am-2023-05-24_12-40.WAV,2023 Wind Wolves Preserve Site 2,2023,5,24,13,40,Agelaius tricolor,Simple Call 2,41.50400162,41.89866638,375,21656,24000,present,https://rfcx-streams-production.s3.eu-west-1.amazonaws.com/2023/05/24/0qzxagkhsv1n/697a7192-d234-4b66-add0-bca8eaf4c69e.flac?X-Amz-Algorithm=AWS4-HMAC-SHA256&X-Amz-Content-Sha256=UNSIGNED-PAYLOAD&X-Amz-Credential=AKIA45B7YWBX5HAZMGOU%2F20260223%2Feu-west-1%2Fs3%2Faws4_request&X-Amz-Date=20260223T002615Z&X-Amz-Expires=604800&X-Amz-Signature=68316d9cd5f2ddb8d9b44c05d09c69d1526b100c92312f0cb3568a104dc019b3&X-Amz-SignedHeaders=host&response-content-disposition=attachment%3B%20filename%3D697a7192-d234-4b66-add0-bca8eaf4c69e.flac&x-id=GetObject,0.57918179,48469
WWP.2am-2023-05-24_13-00.WAV,2023 Wind Wolves Preserve Site 2,2023,5,24,14,0,Agelaius tricolor,Simple Call 2,56.78933334,57.18399811,375,21656,24000,present,https://rfcx-streams-production.s3.eu-west-1.amazonaws.com/2023/05/24/0qzxagkhsv1n/d2e9ae93-639f-459d-83b8-bebb690150fd.flac?X-Amz-Algorithm=AWS4-HMAC-SHA256&X-Amz-Content-Sha256=UNSIGNED-PAYLOAD&X-Amz-Credential=AKIA45B7YWBX5HAZMGOU%2F20260223%2Feu-west-1%2Fs3%2Faws4_request&X-Amz-Date=20260223T002615Z&X-Amz-Expires=604800&X-Amz-Signature=ec55f3a5850de67b0ff3c64600cb6cd07456e16f08a72b5510b12593ecf9a660&X-Amz-SignedHeaders=host&response-content-disposition=attachment%3B%20filename%3Dd2e9ae93-639f-459d-83b8-bebb690150fd.flac&x-id=GetObject,0.58559972,48469
WWP.2am-2023-05-24_13-20.WAV,2023 Wind Wolves Preserve Site 2,2023,5,24,14,20,Agelaius tricolor,Simple Call 2,34.13333511,34.52799988,375,21656,24000,present,https://rfcx-streams-production.s3.eu-west-1.amazonaws.com/2023/05/24/0qzxagkhsv1n/a5e18bfd-fd68-4665-ad01-ab5c5cd2099a.flac?X-Amz-Algorithm=AWS4-HMAC-SHA256&X-Amz-Content-Sha256=UNSIGNED-PAYLOAD&X-Amz-Credential=AKIA45B7YWBX5HAZMGOU%2F20260223%2Feu-west-1%2Fs3%2Faws4_request&X-Amz-Date=20260223T002615Z&X-Amz-Expires=604800&X-Amz-Signature=fe6c58706071a27da2eb8ab54b4758bd208013f8fa28d7df63f171c4ba213142&X-Amz-SignedHeaders=host&response-content-disposition=attachment%3B%20filename%3Da5e18bfd-fd68-4665-ad01-ab5c5cd2099a.flac&x-id=GetObject,0.506592691,48469
WWP.2am-2023-05-24_13-40.WAV,2023 Wind Wolves Preserve Site 2,2023,5,24,14,40,Agelaius tricolor,Simple Call 2,59.33866501,59.73333359,375,21656,24000,present,https://rfcx-streams-production.s3.eu-west-1.amazonaws.com/2023/05/24/0qzxagkhsv1n/1d7930f4-c2ce-4853-8a1f-32d05daae96a.flac?X-Amz-Algorithm=AWS4-HMAC-SHA256&X-Amz-Content-Sha256=UNSIGNED-PAYLOAD&X-Amz-Credential=AKIA45B7YWBX5HAZMGOU%2F20260223%2Feu-west-1%2Fs3%2Faws4_request&X-Amz-Date=20260223T002615Z&X-Amz-Expires=604800&X-Amz-Signature=874bcea608c6aaa52471c2446322dd6385422a64c831ac62961314e49a463b19&X-Amz-SignedHeaders=host&response-content-disposition=attachment%3B%20filename%3D1d7930f4-c2ce-4853-8a1f-32d05daae96a.flac&x-id=GetObject,0.515299201,48469
WWP.2am-2023-05-24_14-20.WAV,2023 Wind Wolves Preserve Site 2,2023,5,24,15,20,Agelaius tricolor,Simple Call 2,28.34666634,28.74133301,375,21656,24000,present,https://rfcx-streams-production.s3.eu-west-1.amazonaws.com/2023/05/24/0qzxagkhsv1n/fb5499b4-6f70-49e5-94f1-2feade1e5bdb.flac?X-Amz-Algorithm=AWS4-HMAC-SHA256&X-Amz-Content-Sha256=UNSIGNED-PAYLOAD&X-Amz-Credential=AKIA45B7YWBX5HAZMGOU%2F20260223%2Feu-west-1%2Fs3%2Faws4_request&X-Amz-Date=20260223T002615Z&X-Amz-Expires=604800&X-Amz-Signature=39bd6620d1f457e9110ab21879e490a4e753fe38db4526732ab0c43f75351da4&X-Amz-SignedHeaders=host&response-content-disposition=attachment%3B%20filename%3Dfb5499b4-6f70-49e5-94f1-2feade1e5bdb.flac&x-id=GetObject,0.504332662,48469
WWP.2am-2023-05-24_15-00.WAV,2023 Wind Wolves Preserve Site 2,2023,5,24,16,0,Agelaius tricolor,Simple Call 2,47.58399963,47.97866821,375,21656,24000,present,https://rfcx-streams-production.s3.eu-west-1.amazonaws.com/2023/05/24/0qzxagkhsv1n/e32e98bb-9961-4943-bee3-0a7eaaa6ac97.flac?X-Amz-Algorithm=AWS4-HMAC-SHA256&X-Amz-Content-Sha256=UNSIGNED-PAYLOAD&X-Amz-Credential=AKIA45B7YWBX5HAZMGOU%2F20260223%2Feu-west-1%2Fs3%2Faws4_request&X-Amz-Date=20260223T002615Z&X-Amz-Expires=604800&X-Amz-Signature=426f661a44b196e2a0addb195f64f2276353a28fb8ba04e97bdf1044f1b83d6d&X-Amz-SignedHeaders=host&response-content-disposition=attachment%3B%20filename%3De32e98bb-9961-4943-bee3-0a7eaaa6ac97.flac&x-id=GetObject,0.424421132,48469
WWP.2am-2023-05-24_15-20.WAV,2023 Wind Wolves Preserve Site 2,2023,5,24,16,20,Agelaius tricolor,Simple Call 2,36.50133514,36.89599991,375,21656,24000,present,https://rfcx-streams-production.s3.eu-west-1.amazonaws.com/2023/05/24/0qzxagkhsv1n/7315fcc3-e98f-40dd-b3dc-c5ada631223a.flac?X-Amz-Algorithm=AWS4-HMAC-SHA256&X-Amz-Content-Sha256=UNSIGNED-PAYLOAD&X-Amz-Credential=AKIA45B7YWBX5HAZMGOU%2F20260223%2Feu-west-1%2Fs3%2Faws4_request&X-Amz-Date=20260223T002615Z&X-Amz-Expires=604800&X-Amz-Signature=36a8f141873ac481f5fea1d3bac55b07a93faf66a6e5a6ca9c6f4d50f16a44c6&X-Amz-SignedHeaders=host&response-content-disposition=attachment%3B%20filename%3D7315fcc3-e98f-40dd-b3dc-c5ada631223a.flac&x-id=GetObject,0.533910871,48469
WWP.2am-2023-05-24_17-20.WAV,2023 Wind Wolves Preserve Site 2,2023,5,24,18,20,Agelaius tricolor,Simple Call 2,4.208000183,4.602666855,375,21656,24000,present,https://rfcx-streams-production.s3.eu-west-1.amazonaws.com/2023/05/25/0qzxagkhsv1n/e79e4dd9-2e62-4a1b-b3fc-9a67a0a07266.flac?X-Amz-Algorithm=AWS4-HMAC-SHA256&X-Amz-Content-Sha256=UNSIGNED-PAYLOAD&X-Amz-Credential=AKIA45B7YWBX5HAZMGOU%2F20260223%2Feu-west-1%2Fs3%2Faws4_request&X-Amz-Date=20260223T002615Z&X-Amz-Expires=604800&X-Amz-Signature=752712e9e11ea759e5b86ee54edec0d1ab23d45d393bde9c8cb0d6f29d4e0789&X-Amz-SignedHeaders=host&response-content-disposition=attachment%3B%20filename%3De79e4dd9-2e62-4a1b-b3fc-9a67a0a07266.flac&x-id=GetObject,0.575258553,48469
WWP.2am-2023-05-24_17-40.WAV,2023 Wind Wolves Preserve Site 2,2023,5,24,18,40,Agelaius tricolor,Simple Call 2,2.106666565,2.501333237,375,21656,24000,present,https://rfcx-streams-production.s3.eu-west-1.amazonaws.com/2023/05/25/0qzxagkhsv1n/272535df-ed64-4136-bdc4-8975d225ab2e.flac?X-Amz-Algorithm=AWS4-HMAC-SHA256&X-Amz-Content-Sha256=UNSIGNED-PAYLOAD&X-Amz-Credential=AKIA45B7YWBX5HAZMGOU%2F20260223%2Feu-west-1%2Fs3%2Faws4_request&X-Amz-Date=20260223T002615Z&X-Amz-Expires=604800&X-Amz-Signature=1335ee3d952a2d856e498eb3a0601b65caea357eb66dd99f5e171252e9c4c2bf&X-Amz-SignedHeaders=host&response-content-disposition=attachment%3B%20filename%3D272535df-ed64-4136-bdc4-8975d225ab2e.flac&x-id=GetObject,0.542854607,48469
WWP.2am-2023-05-24_19-40.WAV,2023 Wind Wolves Preserve Site 2,2023,5,24,20,40,Agelaius tricolor,Simple Call 2,39.97866821,40.37333298,375,21656,24000,present,https://rfcx-streams-production.s3.eu-west-1.amazonaws.com/2023/05/25/0qzxagkhsv1n/73830d3e-23ef-499b-86ab-8f5b60349359.flac?X-Amz-Algorithm=AWS4-HMAC-SHA256&X-Amz-Content-Sha256=UNSIGNED-PAYLOAD&X-Amz-Credential=AKIA45B7YWBX5HAZMGOU%2F20260223%2Feu-west-1%2Fs3%2Faws4_request&X-Amz-Date=20260223T002615Z&X-Amz-Expires=604800&X-Amz-Signature=a0fbd3bdded1b76cf39c3bdc5d2652ed7b5f58f80f121171a130d92ebcf4f620&X-Amz-SignedHeaders=host&response-content-disposition=attachment%3B%20filename%3D73830d3e-23ef-499b-86ab-8f5b60349359.flac&x-id=GetObject,0.54312712,48469
WWP.2am-2023-05-24_20-00.WAV,2023 Wind Wolves Preserve Site 2,2023,5,24,21,0,Agelaius tricolor,Simple Call 2,16.09600067,16.49066734,375,21656,24000,present,https://rfcx-streams-production.s3.eu-west-1.amazonaws.com/2023/05/25/0qzxagkhsv1n/8014a909-00ce-4687-84a3-d960c4e0421f.flac?X-Amz-Algorithm=AWS4-HMAC-SHA256&X-Amz-Content-Sha256=UNSIGNED-PAYLOAD&X-Amz-Credential=AKIA45B7YWBX5HAZMGOU%2F20260223%2Feu-west-1%2Fs3%2Faws4_request&X-Amz-Date=20260223T002615Z&X-Amz-Expires=604800&X-Amz-Signature=9bead20318e4bc0a5edb68696581ea849b2e88554aa1ca5fd38eacb3e1aca930&X-Amz-SignedHeaders=host&response-content-disposition=attachment%3B%20filename%3D8014a909-00ce-4687-84a3-d960c4e0421f.flac&x-id=GetObject,0.421531349,48469
WWP.2am-2023-05-25_08-20.WAV,2023 Wind Wolves Preserve Site 2,2023,5,25,9,20,Agelaius tricolor,Simple Call 2,48.82666779,49.22133255,375,21656,24000,present,https://rfcx-streams-production.s3.eu-west-1.amazonaws.com/2023/05/25/0qzxagkhsv1n/7863bda3-4891-4e53-9467-f63d634d2a29.flac?X-Amz-Algorithm=AWS4-HMAC-SHA256&X-Amz-Content-Sha256=UNSIGNED-PAYLOAD&X-Amz-Credential=AKIA45B7YWBX5HAZMGOU%2F20260223%2Feu-west-1%2Fs3%2Faws4_request&X-Amz-Date=20260223T002615Z&X-Amz-Expires=604800&X-Amz-Signature=fb4beb5034ffdb0e6e5c7672736169860c9bb024c3728209a83bf81e26cd78e7&X-Amz-SignedHeaders=host&response-content-disposition=attachment%3B%20filename%3D7863bda3-4891-4e53-9467-f63d634d2a29.flac&x-id=GetObject,0.499900162,48469
WWP.2am-2023-05-25_11-20.WAV,2023 Wind Wolves Preserve Site 2,2023,5,25,12,20,Agelaius tricolor,Simple Call 2,14.89599991,15.29066658,375,21656,24000,present,https://rfcx-streams-production.s3.eu-west-1.amazonaws.com/2023/05/25/0qzxagkhsv1n/d04bdad2-e14c-4ebf-b81b-32a0927dad75.flac?X-Amz-Algorithm=AWS4-HMAC-SHA256&X-Amz-Content-Sha256=UNSIGNED-PAYLOAD&X-Amz-Credential=AKIA45B7YWBX5HAZMGOU%2F20260223%2Feu-west-1%2Fs3%2Faws4_request&X-Amz-Date=20260223T002615Z&X-Amz-Expires=604800&X-Amz-Signature=a48c9934835b80425e630538276e81d414114ce3383eacdd881273e46a76fd32&X-Amz-SignedHeaders=host&response-content-disposition=attachment%3B%20filename%3Dd04bdad2-e14c-4ebf-b81b-32a0927dad75.flac&x-id=GetObject,0.5236485,48469
WWP.2am-2023-05-25_12-00.WAV,2023 Wind Wolves Preserve Site 2,2023,5,25,13,0,Agelaius tricolor,Simple Call 2,15.88799953,16.28266716,375,21656,24000,present,https://rfcx-streams-production.s3.eu-west-1.amazonaws.com/2023/05/25/0qzxagkhsv1n/5977f79c-652b-4224-b37b-d9a0ed778b46.flac?X-Amz-Algorithm=AWS4-HMAC-SHA256&X-Amz-Content-Sha256=UNSIGNED-PAYLOAD&X-Amz-Credential=AKIA45B7YWBX5HAZMGOU%2F20260223%2Feu-west-1%2Fs3%2Faws4_request&X-Amz-Date=20260223T002615Z&X-Amz-Expires=604800&X-Amz-Signature=42b722e0c93c5beb87cc4ce79148705f4105f848ca0f451c7be5a72ecf2e9d75&X-Amz-SignedHeaders=host&response-content-disposition=attachment%3B%20filename%3D5977f79c-652b-4224-b37b-d9a0ed778b46.flac&x-id=GetObject,0.486734092,48469
WWP.2am-2023-05-25_12-40.WAV,2023 Wind Wolves Preserve Site 2,2023,5,25,13,40,Agelaius tricolor,Simple Call 2,0.581333339,0.976000011,375,21656,24000,present,https://rfcx-streams-production.s3.eu-west-1.amazonaws.com/2023/05/25/0qzxagkhsv1n/fed85955-73a9-4647-a9c0-0906d0e18d14.flac?X-Amz-Algorithm=AWS4-HMAC-SHA256&X-Amz-Content-Sha256=UNSIGNED-PAYLOAD&X-Amz-Credential=AKIA45B7YWBX5HAZMGOU%2F20260223%2Feu-west-1%2Fs3%2Faws4_request&X-Amz-Date=20260223T002615Z&X-Amz-Expires=604800&X-Amz-Signature=300d39c8a5545f991988ffb72ecb308cbafdd173c3b33331fd2b00adea305b2b&X-Amz-SignedHeaders=host&response-content-disposition=attachment%3B%20filename%3Dfed85955-73a9-4647-a9c0-0906d0e18d14.flac&x-id=GetObject,0.632173955,48469
WWP.2am-2023-05-25_13-40.WAV,2023 Wind Wolves Preserve Site 2,2023,5,25,14,40,Agelaius tricolor,Simple Call 2,50.88000107,51.27466583,375,21656,24000,present,https://rfcx-streams-production.s3.eu-west-1.amazonaws.com/2023/05/25/0qzxagkhsv1n/08c8d72d-a3d0-4ab0-bd10-65e33d627f82.flac?X-Amz-Algorithm=AWS4-HMAC-SHA256&X-Amz-Content-Sha256=UNSIGNED-PAYLOAD&X-Amz-Credential=AKIA45B7YWBX5HAZMGOU%2F20260223%2Feu-west-1%2Fs3%2Faws4_request&X-Amz-Date=20260223T002615Z&X-Amz-Expires=604800&X-Amz-Signature=0ccb529c7b5b092c1367a2594a1b4e1fb3f5bd46fb3b509ada6905360fb367f8&X-Amz-SignedHeaders=host&response-content-disposition=attachment%3B%20filename%3D08c8d72d-a3d0-4ab0-bd10-65e33d627f82.flac&x-id=GetObject,0.461463243,48469
WWP.2am-2023-05-25_20-00.WAV,2023 Wind Wolves Preserve Site 2,2023,5,25,21,0,Agelaius tricolor,Simple Call 2,49.86666489,50.26133347,375,21656,24000,present,https://rfcx-streams-production.s3.eu-west-1.amazonaws.com/2023/05/26/0qzxagkhsv1n/ffc66dcc-4656-4de7-9b52-845d5b5706a6.flac?X-Amz-Algorithm=AWS4-HMAC-SHA256&X-Amz-Content-Sha256=UNSIGNED-PAYLOAD&X-Amz-Credential=AKIA45B7YWBX5HAZMGOU%2F20260223%2Feu-west-1%2Fs3%2Faws4_request&X-Amz-Date=20260223T002615Z&X-Amz-Expires=604800&X-Amz-Signature=e3884b9c1018221e8e8c7e84af935acb1cb447f6eb62902f45acd9394f1d6b5b&X-Amz-SignedHeaders=host&response-content-disposition=attachment%3B%20filename%3Dffc66dcc-4656-4de7-9b52-845d5b5706a6.flac&x-id=GetObject,0.437067956,48469
WWP.2am-2023-05-26_10-20.WAV,2023 Wind Wolves Preserve Site 2,2023,5,26,11,20,Agelaius tricolor,Simple Call 2,16.18133354,16.57600021,375,21656,24000,present,https://rfcx-streams-production.s3.eu-west-1.amazonaws.com/2023/05/26/0qzxagkhsv1n/d93611fa-2c44-4ca1-a89a-735dada825d6.flac?X-Amz-Algorithm=AWS4-HMAC-SHA256&X-Amz-Content-Sha256=UNSIGNED-PAYLOAD&X-Amz-Credential=AKIA45B7YWBX5HAZMGOU%2F20260223%2Feu-west-1%2Fs3%2Faws4_request&X-Amz-Date=20260223T002615Z&X-Amz-Expires=604800&X-Amz-Signature=4c13ec14b24a94f61558ee980993fd18d4fa6fe418e5b4d5f4f6b4746a02ca40&X-Amz-SignedHeaders=host&response-content-disposition=attachment%3B%20filename%3Dd93611fa-2c44-4ca1-a89a-735dada825d6.flac&x-id=GetObject,0.515325189,48469
WWP.2am-2023-05-26_11-00.WAV,2023 Wind Wolves Preserve Site 2,2023,5,26,12,0,Agelaius tricolor,Simple Call 2,12.54933357,12.94400024,375,21656,24000,present,https://rfcx-streams-production.s3.eu-west-1.amazonaws.com/2023/05/26/0qzxagkhsv1n/79932d83-0fd0-4b15-a263-95980f7fe028.flac?X-Amz-Algorithm=AWS4-HMAC-SHA256&X-Amz-Content-Sha256=UNSIGNED-PAYLOAD&X-Amz-Credential=AKIA45B7YWBX5HAZMGOU%2F20260223%2Feu-west-1%2Fs3%2Faws4_request&X-Amz-Date=20260223T002615Z&X-Amz-Expires=604800&X-Amz-Signature=28087c39414f9d1e55869c95163fc735679abdf2bacbf88cde9325949540e20d&X-Amz-SignedHeaders=host&response-content-disposition=attachment%3B%20filename%3D79932d83-0fd0-4b15-a263-95980f7fe028.flac&x-id=GetObject,0.514074385,48469
WWP.2am-2023-05-26_13-20.WAV,2023 Wind Wolves Preserve Site 2,2023,5,26,14,20,Agelaius tricolor,Simple Call 2,29.55733299,29.95199966,375,21656,24000,present,https://rfcx-streams-production.s3.eu-west-1.amazonaws.com/2023/05/26/0qzxagkhsv1n/9e98d18e-a80c-454e-9c9c-c5649acfa7ec.flac?X-Amz-Algorithm=AWS4-HMAC-SHA256&X-Amz-Content-Sha256=UNSIGNED-PAYLOAD&X-Amz-Credential=AKIA45B7YWBX5HAZMGOU%2F20260223%2Feu-west-1%2Fs3%2Faws4_request&X-Amz-Date=20260223T002615Z&X-Amz-Expires=604800&X-Amz-Signature=11402669a5f8b4709c8763a6bc21abb97e02f633f7a6a26e41affa4d45664edd&X-Amz-SignedHeaders=host&response-content-disposition=attachment%3B%20filename%3D9e98d18e-a80c-454e-9c9c-c5649acfa7ec.flac&x-id=GetObject,0.514169633,48469
WWP.2am-2023-05-26_15-20.WAV,2023 Wind Wolves Preserve Site 2,2023,5,26,16,20,Agelaius tricolor,Simple Call 2,13.76533318,14.15999985,375,21656,24000,present,https://rfcx-streams-production.s3.eu-west-1.amazonaws.com/2023/05/26/0qzxagkhsv1n/df9bc283-5ea0-4bed-96cc-12baa22af017.flac?X-Amz-Algorithm=AWS4-HMAC-SHA256&X-Amz-Content-Sha256=UNSIGNED-PAYLOAD&X-Amz-Credential=AKIA45B7YWBX5HAZMGOU%2F20260223%2Feu-west-1%2Fs3%2Faws4_request&X-Amz-Date=20260223T002615Z&X-Amz-Expires=604800&X-Amz-Signature=95f1eb37153657388f6263518527e96be47e151ae4c64a28111cc1627bfce03f&X-Amz-SignedHeaders=host&response-content-disposition=attachment%3B%20filename%3Ddf9bc283-5ea0-4bed-96cc-12baa22af017.flac&x-id=GetObject,0.514711082,48469
WWP.2am-2023-05-26_20-00.WAV,2023 Wind Wolves Preserve Site 2,2023,5,26,21,0,Agelaius tricolor,Simple Call 2,56.01066589,56.40533447,375,21656,24000,present,https://rfcx-streams-production.s3.eu-west-1.amazonaws.com/2023/05/27/0qzxagkhsv1n/9680dc05-fe2c-47e2-be77-edf2a1e934c1.flac?X-Amz-Algorithm=AWS4-HMAC-SHA256&X-Amz-Content-Sha256=UNSIGNED-PAYLOAD&X-Amz-Credential=AKIA45B7YWBX5HAZMGOU%2F20260223%2Feu-west-1%2Fs3%2Faws4_request&X-Amz-Date=20260223T002615Z&X-Amz-Expires=604800&X-Amz-Signature=9943d0f19e96554afd3c48a547fed8bf7cc9f846c221eb8ebbfbe6ccd3bfe9ae&X-Amz-SignedHeaders=host&response-content-disposition=attachment%3B%20filename%3D9680dc05-fe2c-47e2-be77-edf2a1e934c1.flac&x-id=GetObject,0.435335279,48469
WWP.2am-2023-05-27_08-20.WAV,2023 Wind Wolves Preserve Site 2,2023,5,27,9,20,Agelaius tricolor,Simple Call 2,6.27733326,6.671999931,375,21656,24000,present,https://rfcx-streams-production.s3.eu-west-1.amazonaws.com/2023/05/27/0qzxagkhsv1n/a1c4debf-87f9-474c-abe3-89eb4129cc45.flac?X-Amz-Algorithm=AWS4-HMAC-SHA256&X-Amz-Content-Sha256=UNSIGNED-PAYLOAD&X-Amz-Credential=AKIA45B7YWBX5HAZMGOU%2F20260223%2Feu-west-1%2Fs3%2Faws4_request&X-Amz-Date=20260223T002615Z&X-Amz-Expires=604800&X-Amz-Signature=2d088b4f4d4aa2f2c5f2e43d85e4c46cfc87036ac74dcdb47b4131314b35f5c9&X-Amz-SignedHeaders=host&response-content-disposition=attachment%3B%20filename%3Da1c4debf-87f9-474c-abe3-89eb4129cc45.flac&x-id=GetObject,0.518837869,48469
WWP.2am-2023-05-27_09-00.WAV,2023 Wind Wolves Preserve Site 2,2023,5,27,10,0,Agelaius tricolor,Simple Call 2,50.4426651,50.83733368,375,21656,24000,present,https://rfcx-streams-production.s3.eu-west-1.amazonaws.com/2023/05/27/0qzxagkhsv1n/42ad8126-beb8-4ed0-a0b9-e4b62ff83208.flac?X-Amz-Algorithm=AWS4-HMAC-SHA256&X-Amz-Content-Sha256=UNSIGNED-PAYLOAD&X-Amz-Credential=AKIA45B7YWBX5HAZMGOU%2F20260223%2Feu-west-1%2Fs3%2Faws4_request&X-Amz-Date=20260223T002620Z&X-Amz-Expires=604800&X-Amz-Signature=31b39572982f052328b3ed7acae1638be7be87fa6ff2dd907a1b5f086e1217a9&X-Amz-SignedHeaders=host&response-content-disposition=attachment%3B%20filename%3D42ad8126-beb8-4ed0-a0b9-e4b62ff83208.flac&x-id=GetObject,0.456477672,48469
WWP.2am-2023-05-27_09-20.WAV,2023 Wind Wolves Preserve Site 2,2023,5,27,10,20,Agelaius tricolor,Simple Call 2,26.15999985,26.55466652,375,21656,24000,present,https://rfcx-streams-production.s3.eu-west-1.amazonaws.com/2023/05/27/0qzxagkhsv1n/ab5b6eb4-0fc8-4494-84a1-e832b1fb61d3.flac?X-Amz-Algorithm=AWS4-HMAC-SHA256&X-Amz-Content-Sha256=UNSIGNED-PAYLOAD&X-Amz-Credential=AKIA45B7YWBX5HAZMGOU%2F20260223%2Feu-west-1%2Fs3%2Faws4_request&X-Amz-Date=20260223T002615Z&X-Amz-Expires=604800&X-Amz-Signature=2369036c8300dbe3f2d79d8ebd267fc67cdf9baa6fd6379f5d7e065c83ad6a86&X-Amz-SignedHeaders=host&response-content-disposition=attachment%3B%20filename%3Dab5b6eb4-0fc8-4494-84a1-e832b1fb61d3.flac&x-id=GetObject,0.524462283,48469
WWP.2am-2023-05-28_09-00.WAV,2023 Wind Wolves Preserve Site 2,2023,5,28,10,0,Agelaius tricolor,Simple Call 2,34.2879982,34.68266678,375,21656,24000,present,https://rfcx-streams-production.s3.eu-west-1.amazonaws.com/2023/05/28/0qzxagkhsv1n/25b800e2-f969-4d4f-b81e-92fb8805e054.flac?X-Amz-Algorithm=AWS4-HMAC-SHA256&X-Amz-Content-Sha256=UNSIGNED-PAYLOAD&X-Amz-Credential=AKIA45B7YWBX5HAZMGOU%2F20260223%2Feu-west-1%2Fs3%2Faws4_request&X-Amz-Date=20260223T002614Z&X-Amz-Expires=604800&X-Amz-Signature=4e6d0a61a0bfe85aad17b9359c1ab887dbf4d0657540dc7d637e1e564b5cd96d&X-Amz-SignedHeaders=host&response-content-disposition=attachment%3B%20filename%3D25b800e2-f969-4d4f-b81e-92fb8805e054.flac&x-id=GetObject,0.592786312,48469
WWP.2am-2023-05-28_14-20.WAV,2023 Wind Wolves Preserve Site 2,2023,5,28,15,20,Agelaius tricolor,Simple Call 2,31.80266762,32.19733429,375,21656,24000,present,https://rfcx-streams-production.s3.eu-west-1.amazonaws.com/2023/05/28/0qzxagkhsv1n/af042f29-02b9-4a7b-bbe0-a3846d75d83c.flac?X-Amz-Algorithm=AWS4-HMAC-SHA256&X-Amz-Content-Sha256=UNSIGNED-PAYLOAD&X-Amz-Credential=AKIA45B7YWBX5HAZMGOU%2F20260223%2Feu-west-1%2Fs3%2Faws4_request&X-Amz-Date=20260223T002615Z&X-Amz-Expires=604800&X-Amz-Signature=895c271af7b3e0ba3b5c85bd1fd33bb640183a051be139fe64b15b1df18e94da&X-Amz-SignedHeaders=host&response-content-disposition=attachment%3B%20filename%3Daf042f29-02b9-4a7b-bbe0-a3846d75d83c.flac&x-id=GetObject,0.638223946,48469
WWP.2am-2023-05-28_14-40.WAV,2023 Wind Wolves Preserve Site 2,2023,5,28,15,40,Agelaius tricolor,Simple Call 2,41.27466583,41.66933441,375,21656,24000,present,https://rfcx-streams-production.s3.eu-west-1.amazonaws.com/2023/05/28/0qzxagkhsv1n/6358488b-0064-4239-bc6e-8b95d14a61cf.flac?X-Amz-Algorithm=AWS4-HMAC-SHA256&X-Amz-Content-Sha256=UNSIGNED-PAYLOAD&X-Amz-Credential=AKIA45B7YWBX5HAZMGOU%2F20260223%2Feu-west-1%2Fs3%2Faws4_request&X-Amz-Date=20260223T002614Z&X-Amz-Expires=604800&X-Amz-Signature=9cbe2be1cfc4104dff90fe390e359df7e478fb2273c005573668b486769f28e5&X-Amz-SignedHeaders=host&response-content-disposition=attachment%3B%20filename%3D6358488b-0064-4239-bc6e-8b95d14a61cf.flac&x-id=GetObject,0.632898808,48469
WWP.2am-2023-05-28_20-00.WAV,2023 Wind Wolves Preserve Site 2,2023,5,28,21,0,Agelaius tricolor,Simple Call 2,40.43199921,40.82666779,375,21656,24000,present,https://rfcx-streams-production.s3.eu-west-1.amazonaws.com/2023/05/29/0qzxagkhsv1n/e6ffded7-eafb-41b5-a93b-ca3b6d0cfbf9.flac?X-Amz-Algorithm=AWS4-HMAC-SHA256&X-Amz-Content-Sha256=UNSIGNED-PAYLOAD&X-Amz-Credential=AKIA45B7YWBX5HAZMGOU%2F20260223%2Feu-west-1%2Fs3%2Faws4_request&X-Amz-Date=20260223T002614Z&X-Amz-Expires=604800&X-Amz-Signature=210896db4f05795b39228f0a0746ed23cda4bedb473316b6e4d8009df3401b1e&X-Amz-SignedHeaders=host&response-content-disposition=attachment%3B%20filename%3De6ffded7-eafb-41b5-a93b-ca3b6d0cfbf9.flac&x-id=GetObject,0.447093338,48469
WWP.2am-2023-05-29_09-40.WAV,2023 Wind Wolves Preserve Site 2,2023,5,29,10,40,Agelaius tricolor,Simple Call 2,24.35199928,24.74666595,375,21656,24000,present,https://rfcx-streams-production.s3.eu-west-1.amazonaws.com/2023/05/29/0qzxagkhsv1n/0bb13853-f159-4914-8544-4574877626c8.flac?X-Amz-Algorithm=AWS4-HMAC-SHA256&X-Amz-Content-Sha256=UNSIGNED-PAYLOAD&X-Amz-Credential=AKIA45B7YWBX5HAZMGOU%2F20260223%2Feu-west-1%2Fs3%2Faws4_request&X-Amz-Date=20260223T002614Z&X-Amz-Expires=604800&X-Amz-Signature=2a7c65ef0dc1ce83428f8f2d63a7c8a9592f7bc5dafc227a4088f743ba970701&X-Amz-SignedHeaders=host&response-content-disposition=attachment%3B%20filename%3D0bb13853-f159-4914-8544-4574877626c8.flac&x-id=GetObject,0.613365173,48469
WWP.2am-2023-05-29_10-00.WAV,2023 Wind Wolves Preserve Site 2,2023,5,29,11,0,Agelaius tricolor,Simple Call 2,21.2373333,21.63199997,375,21656,24000,present,https://rfcx-streams-production.s3.eu-west-1.amazonaws.com/2023/05/29/0qzxagkhsv1n/024714c7-0b26-4cd3-a457-9c63fce742df.flac?X-Amz-Algorithm=AWS4-HMAC-SHA256&X-Amz-Content-Sha256=UNSIGNED-PAYLOAD&X-Amz-Credential=AKIA45B7YWBX5HAZMGOU%2F20260223%2Feu-west-1%2Fs3%2Faws4_request&X-Amz-Date=20260223T002614Z&X-Amz-Expires=604800&X-Amz-Signature=897018cd3b0b835aed2a76d6e93a69761f16c897467a7c60b42b13461c8d86c9&X-Amz-SignedHeaders=host&response-content-disposition=attachment%3B%20filename%3D024714c7-0b26-4cd3-a457-9c63fce742df.flac&x-id=GetObject,0.436845094,48469
WWP.2am-2023-05-29_16-20.WAV,2023 Wind Wolves Preserve Site 2,2023,5,29,17,20,Agelaius tricolor,Simple Call 2,36.89599991,37.29066849,375,21656,24000,present,https://rfcx-streams-production.s3.eu-west-1.amazonaws.com/2023/05/30/0qzxagkhsv1n/c8d0d309-734d-4bc7-9a43-72e020d3ee08.flac?X-Amz-Algorithm=AWS4-HMAC-SHA256&X-Amz-Content-Sha256=UNSIGNED-PAYLOAD&X-Amz-Credential=AKIA45B7YWBX5HAZMGOU%2F20260223%2Feu-west-1%2Fs3%2Faws4_request&X-Amz-Date=20260223T002614Z&X-Amz-Expires=604800&X-Amz-Signature=76e97dc66b0d8a6d9d7cf7902eefdf8efc94bc4cc1a47cf5abe1b32f3473eb7b&X-Amz-SignedHeaders=host&response-content-disposition=attachment%3B%20filename%3Dc8d0d309-734d-4bc7-9a43-72e020d3ee08.flac&x-id=GetObject,0.493005842,48469
WWP.2am-2023-05-30_08-20.WAV,2023 Wind Wolves Preserve Site 2,2023,5,30,9,20,Agelaius tricolor,Simple Call 2,55.82400131,56.21866608,375,21656,24000,present,https://rfcx-streams-production.s3.eu-west-1.amazonaws.com/2023/05/30/0qzxagkhsv1n/61d2b691-7de8-4638-86eb-9e3af533d3a4.flac?X-Amz-Algorithm=AWS4-HMAC-SHA256&X-Amz-Content-Sha256=UNSIGNED-PAYLOAD&X-Amz-Credential=AKIA45B7YWBX5HAZMGOU%2F20260223%2Feu-west-1%2Fs3%2Faws4_request&X-Amz-Date=20260223T002614Z&X-Amz-Expires=604800&X-Amz-Signature=ef4119d2975372e6878607992c46f61c69f99d2c705b024a884f3cd52c8024ee&X-Amz-SignedHeaders=host&response-content-disposition=attachment%3B%20filename%3D61d2b691-7de8-4638-86eb-9e3af533d3a4.flac&x-id=GetObject,0.441862732,48469
WWP.2am-2023-05-30_09-20.WAV,2023 Wind Wolves Preserve Site 2,2023,5,30,10,20,Agelaius tricolor,Simple Call 2,57.87200165,58.26666641,375,21656,24000,present,https://rfcx-streams-production.s3.eu-west-1.amazonaws.com/2023/05/30/0qzxagkhsv1n/bca9bdb2-8edf-45a1-b56d-88a8f2eef4e1.flac?X-Amz-Algorithm=AWS4-HMAC-SHA256&X-Amz-Content-Sha256=UNSIGNED-PAYLOAD&X-Amz-Credential=AKIA45B7YWBX5HAZMGOU%2F20260223%2Feu-west-1%2Fs3%2Faws4_request&X-Amz-Date=20260223T002614Z&X-Amz-Expires=604800&X-Amz-Signature=9e24f7f1d9b8ab27d3fdcaedd69f92f3414f250f879dafb02e44f194680f3dc0&X-Amz-SignedHeaders=host&response-content-disposition=attachment%3B%20filename%3Dbca9bdb2-8edf-45a1-b56d-88a8f2eef4e1.flac&x-id=GetObject,0.600411654,48469
WWP.2am-2023-05-30_09-40.WAV,2023 Wind Wolves Preserve Site 2,2023,5,30,10,40,Agelaius tricolor,Simple Call 2,39.30666733,39.70133209,375,21656,24000,present,https://rfcx-streams-production.s3.eu-west-1.amazonaws.com/2023/05/30/0qzxagkhsv1n/12a75d0f-434a-433c-a9dd-a08062c1d4bf.flac?X-Amz-Algorithm=AWS4-HMAC-SHA256&X-Amz-Content-Sha256=UNSIGNED-PAYLOAD&X-Amz-Credential=AKIA45B7YWBX5HAZMGOU%2F20260223%2Feu-west-1%2Fs3%2Faws4_request&X-Amz-Date=20260223T002614Z&X-Amz-Expires=604800&X-Amz-Signature=758fede7adf4fa6a25b193831c349f6323dd7b10b91fbca6f53afcb72e80b33a&X-Amz-SignedHeaders=host&response-content-disposition=attachment%3B%20filename%3D12a75d0f-434a-433c-a9dd-a08062c1d4bf.flac&x-id=GetObject,0.556799829,48469
WWP.2am-2023-05-30_10-00.WAV,2023 Wind Wolves Preserve Site 2,2023,5,30,11,0,Agelaius tricolor,Simple Call 2,55.82933426,56.22399902,375,21656,24000,present,https://rfcx-streams-production.s3.eu-west-1.amazonaws.com/2023/05/30/0qzxagkhsv1n/e3fde379-0ea6-4260-9e87-77e4187086b5.flac?X-Amz-Algorithm=AWS4-HMAC-SHA256&X-Amz-Content-Sha256=UNSIGNED-PAYLOAD&X-Amz-Credential=AKIA45B7YWBX5HAZMGOU%2F20260223%2Feu-west-1%2Fs3%2Faws4_request&X-Amz-Date=20260223T002614Z&X-Amz-Expires=604800&X-Amz-Signature=be4640b098efa77214f397fa71df3bf31ee7498e9ccee5818d16f8102cff870c&X-Amz-SignedHeaders=host&response-content-disposition=attachment%3B%20filename%3De3fde379-0ea6-4260-9e87-77e4187086b5.flac&x-id=GetObject,0.420917898,48469
WWP.2am-2023-05-30_11-00.WAV,2023 Wind Wolves Preserve Site 2,2023,5,30,12,0,Agelaius tricolor,Simple Call 2,5.893333435,6.288000107,375,21656,24000,present,https://rfcx-streams-production.s3.eu-west-1.amazonaws.com/2023/05/30/0qzxagkhsv1n/20ec7dfe-ae7f-4218-8830-3a45a879cc1c.flac?X-Amz-Algorithm=AWS4-HMAC-SHA256&X-Amz-Content-Sha256=UNSIGNED-PAYLOAD&X-Amz-Credential=AKIA45B7YWBX5HAZMGOU%2F20260223%2Feu-west-1%2Fs3%2Faws4_request&X-Amz-Date=20260223T002614Z&X-Amz-Expires=604800&X-Amz-Signature=cfba73a794f38e418431f1606e3a5978d80c92a2be2e2026978828c4c98d2c6d&X-Amz-SignedHeaders=host&response-content-disposition=attachment%3B%20filename%3D20ec7dfe-ae7f-4218-8830-3a45a879cc1c.flac&x-id=GetObject,0.537032247,48469
WWP.2am-2023-05-30_14-20.WAV,2023 Wind Wolves Preserve Site 2,2023,5,30,15,20,Agelaius tricolor,Simple Call 2,31.74399948,32.13866806,375,21656,24000,present,https://rfcx-streams-production.s3.eu-west-1.amazonaws.com/2023/05/30/0qzxagkhsv1n/2943a79a-10bb-4680-b24f-1a28da00759c.flac?X-Amz-Algorithm=AWS4-HMAC-SHA256&X-Amz-Content-Sha256=UNSIGNED-PAYLOAD&X-Amz-Credential=AKIA45B7YWBX5HAZMGOU%2F20260223%2Feu-west-1%2Fs3%2Faws4_request&X-Amz-Date=20260223T002614Z&X-Amz-Expires=604800&X-Amz-Signature=e239cb51b4fb03e1aeca6de3648a6199dac2508bbd52952477c3a52dae11cb9a&X-Amz-SignedHeaders=host&response-content-disposition=attachment%3B%20filename%3D2943a79a-10bb-4680-b24f-1a28da00759c.flac&x-id=GetObject,0.548761725,48469
WWP.2am-2023-05-30_14-40.WAV,2023 Wind Wolves Preserve Site 2,2023,5,30,15,40,Agelaius tricolor,Simple Call 2,46.65066528,47.04533386,375,21656,24000,present,https://rfcx-streams-production.s3.eu-west-1.amazonaws.com/2023/05/30/0qzxagkhsv1n/4b73d7ff-b1a2-4eed-a48c-ac94e5e8796c.flac?X-Amz-Algorithm=AWS4-HMAC-SHA256&X-Amz-Content-Sha256=UNSIGNED-PAYLOAD&X-Amz-Credential=AKIA45B7YWBX5HAZMGOU%2F20260223%2Feu-west-1%2Fs3%2Faws4_request&X-Amz-Date=20260223T002614Z&X-Amz-Expires=604800&X-Amz-Signature=5e6efbf74f115151c53b77377f16a259111bad26bd5e5c34d2cfab5b3ea3f595&X-Amz-SignedHeaders=host&response-content-disposition=attachment%3B%20filename%3D4b73d7ff-b1a2-4eed-a48c-ac94e5e8796c.flac&x-id=GetObject,0.454982162,48469
WWP.2am-2023-05-30_15-20.WAV,2023 Wind Wolves Preserve Site 2,2023,5,30,16,20,Agelaius tricolor,Simple Call 2,19.0720005,19.46666718,375,21656,24000,present,https://rfcx-streams-production.s3.eu-west-1.amazonaws.com/2023/05/30/0qzxagkhsv1n/78ba5399-dad4-4653-b548-a8757a250270.flac?X-Amz-Algorithm=AWS4-HMAC-SHA256&X-Amz-Content-Sha256=UNSIGNED-PAYLOAD&X-Amz-Credential=AKIA45B7YWBX5HAZMGOU%2F20260223%2Feu-west-1%2Fs3%2Faws4_request&X-Amz-Date=20260223T002614Z&X-Amz-Expires=604800&X-Amz-Signature=ae4301cd102e06d2544e30b12048e5313c220654342b8856eae25a023e544be3&X-Amz-SignedHeaders=host&response-content-disposition=attachment%3B%20filename%3D78ba5399-dad4-4653-b548-a8757a250270.flac&x-id=GetObject,0.415087491,48469
WWP.2am-2023-05-31_06-40.WAV,2023 Wind Wolves Preserve Site 2,2023,5,31,7,40,Agelaius tricolor,Simple Call 2,17.97866631,18.37333298,375,21656,24000,present,https://rfcx-streams-production.s3.eu-west-1.amazonaws.com/2023/05/31/0qzxagkhsv1n/d4b2a81d-6e19-4074-a4c6-a2a8e0349fec.flac?X-Amz-Algorithm=AWS4-HMAC-SHA256&X-Amz-Content-Sha256=UNSIGNED-PAYLOAD&X-Amz-Credential=AKIA45B7YWBX5HAZMGOU%2F20260223%2Feu-west-1%2Fs3%2Faws4_request&X-Amz-Date=20260223T002614Z&X-Amz-Expires=604800&X-Amz-Signature=cc352b121a9f5e0d0272523587150f1b448cbe2c30bd75648b6fc6ea8c9ebaf3&X-Amz-SignedHeaders=host&response-content-disposition=attachment%3B%20filename%3Dd4b2a81d-6e19-4074-a4c6-a2a8e0349fec.flac&x-id=GetObject,0.407531619,48469
WWP.2am-2023-05-31_10-40.WAV,2023 Wind Wolves Preserve Site 2,2023,5,31,11,40,Agelaius tricolor,Simple Call 2,59.38666534,59.78133392,375,21656,24000,present,https://rfcx-streams-production.s3.eu-west-1.amazonaws.com/2023/05/31/0qzxagkhsv1n/506ef8c8-6267-435c-901f-9f17e8f81721.flac?X-Amz-Algorithm=AWS4-HMAC-SHA256&X-Amz-Content-Sha256=UNSIGNED-PAYLOAD&X-Amz-Credential=AKIA45B7YWBX5HAZMGOU%2F20260223%2Feu-west-1%2Fs3%2Faws4_request&X-Amz-Date=20260223T002614Z&X-Amz-Expires=604800&X-Amz-Signature=1d38cc5fcdebf4966310167e12a417adee970971aa22ef16e35b480781c6dd6a&X-Amz-SignedHeaders=host&response-content-disposition=attachment%3B%20filename%3D506ef8c8-6267-435c-901f-9f17e8f81721.flac&x-id=GetObject,0.503067732,48469
WWP.2am-2023-05-31_11-00.WAV,2023 Wind Wolves Preserve Site 2,2023,5,31,12,0,Agelaius tricolor,Simple Call 2,52.43733215,52.83200073,375,21656,24000,present,https://rfcx-streams-production.s3.eu-west-1.amazonaws.com/2023/05/31/0qzxagkhsv1n/c7585ddc-8444-42a7-987f-d40813cd031e.flac?X-Amz-Algorithm=AWS4-HMAC-SHA256&X-Amz-Content-Sha256=UNSIGNED-PAYLOAD&X-Amz-Credential=AKIA45B7YWBX5HAZMGOU%2F20260223%2Feu-west-1%2Fs3%2Faws4_request&X-Amz-Date=20260223T002614Z&X-Amz-Expires=604800&X-Amz-Signature=2ed50ef4146b5b21cd6ea75942ebeea43998e5159c8a742c67d04250274647e8&X-Amz-SignedHeaders=host&response-content-disposition=attachment%3B%20filename%3Dc7585ddc-8444-42a7-987f-d40813cd031e.flac&x-id=GetObject,0.518285513,48469
WWP.2am-2023-05-31_11-20.WAV,2023 Wind Wolves Preserve Site 2,2023,5,31,12,20,Agelaius tricolor,Simple Call 2,10.6239996,11.01866627,375,21656,24000,present,https://rfcx-streams-production.s3.eu-west-1.amazonaws.com/2023/05/31/0qzxagkhsv1n/cfdab8de-c4e2-4fc4-ad24-0dedd1f6fa45.flac?X-Amz-Algorithm=AWS4-HMAC-SHA256&X-Amz-Content-Sha256=UNSIGNED-PAYLOAD&X-Amz-Credential=AKIA45B7YWBX5HAZMGOU%2F20260223%2Feu-west-1%2Fs3%2Faws4_request&X-Amz-Date=20260223T002614Z&X-Amz-Expires=604800&X-Amz-Signature=e6ec2e0d3b6c4c76070c80166ca3874c7c96edd7966344b24f21fa672c623d36&X-Amz-SignedHeaders=host&response-content-disposition=attachment%3B%20filename%3Dcfdab8de-c4e2-4fc4-ad24-0dedd1f6fa45.flac&x-id=GetObject,0.465643466,48469
WWP.2am-2023-05-31_12-20.WAV,2023 Wind Wolves Preserve Site 2,2023,5,31,13,20,Agelaius tricolor,Simple Call 2,8.666666985,9.061333656,375,21656,24000,present,https://rfcx-streams-production.s3.eu-west-1.amazonaws.com/2023/05/31/0qzxagkhsv1n/4f5ad3e9-d2be-4ff7-b7bc-ac388d748cc9.flac?X-Amz-Algorithm=AWS4-HMAC-SHA256&X-Amz-Content-Sha256=UNSIGNED-PAYLOAD&X-Amz-Credential=AKIA45B7YWBX5HAZMGOU%2F20260223%2Feu-west-1%2Fs3%2Faws4_request&X-Amz-Date=20260223T002614Z&X-Amz-Expires=604800&X-Amz-Signature=f94a858d4f7e8835e3aafd9262cd4411135558c103170c072e9da3f048a36fdd&X-Amz-SignedHeaders=host&response-content-disposition=attachment%3B%20filename%3D4f5ad3e9-d2be-4ff7-b7bc-ac388d748cc9.flac&x-id=GetObject,0.429744124,48469
WWP.2am-2023-05-31_14-40.WAV,2023 Wind Wolves Preserve Site 2,2023,5,31,15,40,Agelaius tricolor,Simple Call 2,23.19466591,23.58933258,375,21656,24000,present,https://rfcx-streams-production.s3.eu-west-1.amazonaws.com/2023/05/31/0qzxagkhsv1n/81113564-77bb-464c-b044-9988e935591a.flac?X-Amz-Algorithm=AWS4-HMAC-SHA256&X-Amz-Content-Sha256=UNSIGNED-PAYLOAD&X-Amz-Credential=AKIA45B7YWBX5HAZMGOU%2F20260223%2Feu-west-1%2Fs3%2Faws4_request&X-Amz-Date=20260223T002614Z&X-Amz-Expires=604800&X-Amz-Signature=bae623bd6761ca111ef9f0f29deb74a3f51e7308edac16add117b1c9279fc26f&X-Amz-SignedHeaders=host&response-content-disposition=attachment%3B%20filename%3D81113564-77bb-464c-b044-9988e935591a.flac&x-id=GetObject,0.584445417,48469
WWP.2am-2023-05-31_18-40.WAV,2023 Wind Wolves Preserve Site 2,2023,5,31,19,40,Agelaius tricolor,Simple Call 2,34.597332,34.99200058,375,21656,24000,present,https://rfcx-streams-production.s3.eu-west-1.amazonaws.com/2023/06/01/0qzxagkhsv1n/12acf3cd-bc2d-42ed-bf8a-ee850998833d.flac?X-Amz-Algorithm=AWS4-HMAC-SHA256&X-Amz-Content-Sha256=UNSIGNED-PAYLOAD&X-Amz-Credential=AKIA45B7YWBX5HAZMGOU%2F20260223%2Feu-west-1%2Fs3%2Faws4_request&X-Amz-Date=20260223T002614Z&X-Amz-Expires=604800&X-Amz-Signature=d3b5f83e9cebb3845903ee81af570c5b36183b430eefb851c64c1c7662e28398&X-Amz-SignedHeaders=host&response-content-disposition=attachment%3B%20filename%3D12acf3cd-bc2d-42ed-bf8a-ee850998833d.flac&x-id=GetObject,0.438399106,48469
WWP.2am-2023-05-31_20-00.WAV,2023 Wind Wolves Preserve Site 2,2023,5,31,21,0,Agelaius tricolor,Simple Call 2,31.2159996,31.61066628,375,21656,24000,present,https://rfcx-streams-production.s3.eu-west-1.amazonaws.com/2023/06/01/0qzxagkhsv1n/30c16bfd-076b-43ca-b430-87d9993ea2c1.flac?X-Amz-Algorithm=AWS4-HMAC-SHA256&X-Amz-Content-Sha256=UNSIGNED-PAYLOAD&X-Amz-Credential=AKIA45B7YWBX5HAZMGOU%2F20260223%2Feu-west-1%2Fs3%2Faws4_request&X-Amz-Date=20260223T002614Z&X-Amz-Expires=604800&X-Amz-Signature=00f89bd71458add355e0be6a95c8b164585c35accc9a77506ba083f5c7e4c7b5&X-Amz-SignedHeaders=host&response-content-disposition=attachment%3B%20filename%3D30c16bfd-076b-43ca-b430-87d9993ea2c1.flac&x-id=GetObject,0.475010335,48469
WWP.2am-2023-06-01_08-00.WAV,2023 Wind Wolves Preserve Site 2,2023,6,1,9,0,Agelaius tricolor,Simple Call 2,34.54399872,34.9386673,375,21656,24000,present,https://rfcx-streams-production.s3.eu-west-1.amazonaws.com/2023/06/01/0qzxagkhsv1n/5c2a8757-46ab-4e69-9582-536a817d7e06.flac?X-Amz-Algorithm=AWS4-HMAC-SHA256&X-Amz-Content-Sha256=UNSIGNED-PAYLOAD&X-Amz-Credential=AKIA45B7YWBX5HAZMGOU%2F20260223%2Feu-west-1%2Fs3%2Faws4_request&X-Amz-Date=20260223T002614Z&X-Amz-Expires=604800&X-Amz-Signature=5cc48b77a1c1054056292edb4192b4c3fc24973533e3c23c41783ebf711de9a6&X-Amz-SignedHeaders=host&response-content-disposition=attachment%3B%20filename%3D5c2a8757-46ab-4e69-9582-536a817d7e06.flac&x-id=GetObject,0.467989981,48469
WWP.2am-2023-06-01_08-20.WAV,2023 Wind Wolves Preserve Site 2,2023,6,1,9,20,Agelaius tricolor,Simple Call 2,56.75733185,57.15200043,375,21656,24000,present,https://rfcx-streams-production.s3.eu-west-1.amazonaws.com/2023/06/01/0qzxagkhsv1n/7e8c3a15-83f7-4026-a9fa-5d7de366b335.flac?X-Amz-Algorithm=AWS4-HMAC-SHA256&X-Amz-Content-Sha256=UNSIGNED-PAYLOAD&X-Amz-Credential=AKIA45B7YWBX5HAZMGOU%2F20260223%2Feu-west-1%2Fs3%2Faws4_request&X-Amz-Date=20260223T002614Z&X-Amz-Expires=604800&X-Amz-Signature=a54a64519cc60722a0e446098b6f5d7c33e194aa0f0008edcc5acc4e682a8f1a&X-Amz-SignedHeaders=host&response-content-disposition=attachment%3B%20filename%3D7e8c3a15-83f7-4026-a9fa-5d7de366b335.flac&x-id=GetObject,0.48343429,48469
WWP.2am-2023-06-01_08-40.WAV,2023 Wind Wolves Preserve Site 2,2023,6,1,9,40,Agelaius tricolor,Simple Call 2,32.20266724,32.597332,375,21656,24000,present,https://rfcx-streams-production.s3.eu-west-1.amazonaws.com/2023/06/01/0qzxagkhsv1n/3c254f3d-3626-4667-8399-61eb4b5394bc.flac?X-Amz-Algorithm=AWS4-HMAC-SHA256&X-Amz-Content-Sha256=UNSIGNED-PAYLOAD&X-Amz-Credential=AKIA45B7YWBX5HAZMGOU%2F20260223%2Feu-west-1%2Fs3%2Faws4_request&X-Amz-Date=20260223T002614Z&X-Amz-Expires=604800&X-Amz-Signature=4ea0798af42c196142199913590b419ced2df6aed7c73d58a56c1f3972fd1ff5&X-Amz-SignedHeaders=host&response-content-disposition=attachment%3B%20filename%3D3c254f3d-3626-4667-8399-61eb4b5394bc.flac&x-id=GetObject,0.620889723,48469
WWP.2am-2023-06-01_09-00.WAV,2023 Wind Wolves Preserve Site 2,2023,6,1,10,0,Agelaius tricolor,Simple Call 2,21.30133247,21.69599915,375,21656,24000,present,https://rfcx-streams-production.s3.eu-west-1.amazonaws.com/2023/06/01/0qzxagkhsv1n/ef732f9b-4640-4211-9e3e-e0d3f4aa71f8.flac?X-Amz-Algorithm=AWS4-HMAC-SHA256&X-Amz-Content-Sha256=UNSIGNED-PAYLOAD&X-Amz-Credential=AKIA45B7YWBX5HAZMGOU%2F20260223%2Feu-west-1%2Fs3%2Faws4_request&X-Amz-Date=20260223T002614Z&X-Amz-Expires=604800&X-Amz-Signature=3acd04510752cb929325473d11cc35bfc6ee06eb1e24add9fee772c6676c3d38&X-Amz-SignedHeaders=host&response-content-disposition=attachment%3B%20filename%3Def732f9b-4640-4211-9e3e-e0d3f4aa71f8.flac&x-id=GetObject,0.545370936,48469
WWP.2am-2023-06-01_09-40.WAV,2023 Wind Wolves Preserve Site 2,2023,6,1,10,40,Agelaius tricolor,Simple Call 2,57.20533371,57.59999847,375,21656,24000,present,https://rfcx-streams-production.s3.eu-west-1.amazonaws.com/2023/06/01/0qzxagkhsv1n/bb82d070-f75c-47f8-82f1-61389d8258a2.flac?X-Amz-Algorithm=AWS4-HMAC-SHA256&X-Amz-Content-Sha256=UNSIGNED-PAYLOAD&X-Amz-Credential=AKIA45B7YWBX5HAZMGOU%2F20260223%2Feu-west-1%2Fs3%2Faws4_request&X-Amz-Date=20260223T002614Z&X-Amz-Expires=604800&X-Amz-Signature=0e6d30cd6f68427c3b7e08e4703f2b0643d98f24031ac4d7d6c976f97baf7664&X-Amz-SignedHeaders=host&response-content-disposition=attachment%3B%20filename%3Dbb82d070-f75c-47f8-82f1-61389d8258a2.flac&x-id=GetObject,0.419270366,48469
WWP.2am-2023-06-01_10-00.WAV,2023 Wind Wolves Preserve Site 2,2023,6,1,11,0,Agelaius tricolor,Simple Call 2,31.94666672,32.34133148,375,21656,24000,present,https://rfcx-streams-production.s3.eu-west-1.amazonaws.com/2023/06/01/0qzxagkhsv1n/f2968486-034f-4128-91dc-309b1c9dd26c.flac?X-Amz-Algorithm=AWS4-HMAC-SHA256&X-Amz-Content-Sha256=UNSIGNED-PAYLOAD&X-Amz-Credential=AKIA45B7YWBX5HAZMGOU%2F20260223%2Feu-west-1%2Fs3%2Faws4_request&X-Amz-Date=20260223T002614Z&X-Amz-Expires=604800&X-Amz-Signature=7f4d2db409293966240a352a7576eb3d453ac29bfaf93d698be503070e3e675a&X-Amz-SignedHeaders=host&response-content-disposition=attachment%3B%20filename%3Df2968486-034f-4128-91dc-309b1c9dd26c.flac&x-id=GetObject,0.522192359,48469
WWP.2am-2023-06-01_10-20.WAV,2023 Wind Wolves Preserve Site 2,2023,6,1,11,20,Agelaius tricolor,Simple Call 2,34.87466812,35.26933289,375,21656,24000,present,https://rfcx-streams-production.s3.eu-west-1.amazonaws.com/2023/06/01/0qzxagkhsv1n/5bef2f79-9c4c-49cc-b622-f8139c3f44d6.flac?X-Amz-Algorithm=AWS4-HMAC-SHA256&X-Amz-Content-Sha256=UNSIGNED-PAYLOAD&X-Amz-Credential=AKIA45B7YWBX5HAZMGOU%2F20260223%2Feu-west-1%2Fs3%2Faws4_request&X-Amz-Date=20260223T002614Z&X-Amz-Expires=604800&X-Amz-Signature=530c06c88b19ba1c40e859e414e9e6eb3a9a375a90841dc5bea8f24b5c6dce16&X-Amz-SignedHeaders=host&response-content-disposition=attachment%3B%20filename%3D5bef2f79-9c4c-49cc-b622-f8139c3f44d6.flac&x-id=GetObject,0.542988598,48469
WWP.2am-2023-06-02_06-00.WAV,2023 Wind Wolves Preserve Site 2,2023,6,2,7,0,Agelaius tricolor,Simple Call 2,4.554666519,4.949333191,375,21656,24000,present,https://rfcx-streams-production.s3.eu-west-1.amazonaws.com/2023/06/02/0qzxagkhsv1n/8729f1f6-c3c2-437f-894b-ab5b36a033c5.flac?X-Amz-Algorithm=AWS4-HMAC-SHA256&X-Amz-Content-Sha256=UNSIGNED-PAYLOAD&X-Amz-Credential=AKIA45B7YWBX5HAZMGOU%2F20260223%2Feu-west-1%2Fs3%2Faws4_request&X-Amz-Date=20260223T002614Z&X-Amz-Expires=604800&X-Amz-Signature=2c4f49fa70be4250ccb03f047f3b53b90a6ac8a89d439b4f288b890ca25ebf6b&X-Amz-SignedHeaders=host&response-content-disposition=attachment%3B%20filename%3D8729f1f6-c3c2-437f-894b-ab5b36a033c5.flac&x-id=GetObject,0.438554347,48469
WWP.2am-2023-06-02_07-40.WAV,2023 Wind Wolves Preserve Site 2,2023,6,2,8,40,Agelaius tricolor,Simple Call 2,50.39466476,50.78933334,375,21656,24000,present,https://rfcx-streams-production.s3.eu-west-1.amazonaws.com/2023/06/02/0qzxagkhsv1n/cc9a33b4-5dc1-4a8b-bef1-1b537568c653.flac?X-Amz-Algorithm=AWS4-HMAC-SHA256&X-Amz-Content-Sha256=UNSIGNED-PAYLOAD&X-Amz-Credential=AKIA45B7YWBX5HAZMGOU%2F20260223%2Feu-west-1%2Fs3%2Faws4_request&X-Amz-Date=20260223T002614Z&X-Amz-Expires=604800&X-Amz-Signature=76b6385ba421e804ae88348ba5600621b40bbc79711c85b331a24387b49dca7b&X-Amz-SignedHeaders=host&response-content-disposition=attachment%3B%20filename%3Dcc9a33b4-5dc1-4a8b-bef1-1b537568c653.flac&x-id=GetObject,0.513286054,48469
WWP.2am-2023-06-02_08-40.WAV,2023 Wind Wolves Preserve Site 2,2023,6,2,9,40,Agelaius tricolor,Simple Call 2,30.87999916,31.27466583,375,21656,24000,present,https://rfcx-streams-production.s3.eu-west-1.amazonaws.com/2023/06/02/0qzxagkhsv1n/2437129c-deeb-47a9-b57c-9930a68e84a0.flac?X-Amz-Algorithm=AWS4-HMAC-SHA256&X-Amz-Content-Sha256=UNSIGNED-PAYLOAD&X-Amz-Credential=AKIA45B7YWBX5HAZMGOU%2F20260223%2Feu-west-1%2Fs3%2Faws4_request&X-Amz-Date=20260223T002614Z&X-Amz-Expires=604800&X-Amz-Signature=99d21e9aeb562e2ccbf2ded40c3a0f3b884dd30e75ad4e0c89058ea144d2aced&X-Amz-SignedHeaders=host&response-content-disposition=attachment%3B%20filename%3D2437129c-deeb-47a9-b57c-9930a68e84a0.flac&x-id=GetObject,0.623267472,48469
WWP.2am-2023-06-02_09-00.WAV,2023 Wind Wolves Preserve Site 2,2023,6,2,10,0,Agelaius tricolor,Simple Call 2,48.80533218,49.20000076,375,21656,24000,present,https://rfcx-streams-production.s3.eu-west-1.amazonaws.com/2023/06/02/0qzxagkhsv1n/2dfa861d-03bc-4702-bc5c-76423aeaa4eb.flac?X-Amz-Algorithm=AWS4-HMAC-SHA256&X-Amz-Content-Sha256=UNSIGNED-PAYLOAD&X-Amz-Credential=AKIA45B7YWBX5HAZMGOU%2F20260223%2Feu-west-1%2Fs3%2Faws4_request&X-Amz-Date=20260223T002614Z&X-Amz-Expires=604800&X-Amz-Signature=69559cf61aee4a10a69cb889f20afc7f193599d50812a8fc3eb88e5e8e762682&X-Amz-SignedHeaders=host&response-content-disposition=attachment%3B%20filename%3D2dfa861d-03bc-4702-bc5c-76423aeaa4eb.flac&x-id=GetObject,0.543348372,48469
WWP.2am-2023-06-02_09-20.WAV,2023 Wind Wolves Preserve Site 2,2023,6,2,10,20,Agelaius tricolor,Simple Call 2,15.71199989,16.10666656,375,21656,24000,present,https://rfcx-streams-production.s3.eu-west-1.amazonaws.com/2023/06/02/0qzxagkhsv1n/d1843524-132c-4ebc-9c2e-5f1742245659.flac?X-Amz-Algorithm=AWS4-HMAC-SHA256&X-Amz-Content-Sha256=UNSIGNED-PAYLOAD&X-Amz-Credential=AKIA45B7YWBX5HAZMGOU%2F20260223%2Feu-west-1%2Fs3%2Faws4_request&X-Amz-Date=20260223T002614Z&X-Amz-Expires=604800&X-Amz-Signature=116f4ad2fe66ea1523c358754e10ac6d4c885317409154aa82e410e441405eb3&X-Amz-SignedHeaders=host&response-content-disposition=attachment%3B%20filename%3Dd1843524-132c-4ebc-9c2e-5f1742245659.flac&x-id=GetObject,0.570332885,48469
WWP.2am-2023-06-02_09-40.WAV,2023 Wind Wolves Preserve Site 2,2023,6,2,10,40,Agelaius tricolor,Simple Call 2,29.20533371,29.60000038,375,21656,24000,present,https://rfcx-streams-production.s3.eu-west-1.amazonaws.com/2023/06/02/0qzxagkhsv1n/ad2da1d8-1fe5-40a2-9ec3-d93b53ffbcaa.flac?X-Amz-Algorithm=AWS4-HMAC-SHA256&X-Amz-Content-Sha256=UNSIGNED-PAYLOAD&X-Amz-Credential=AKIA45B7YWBX5HAZMGOU%2F20260223%2Feu-west-1%2Fs3%2Faws4_request&X-Amz-Date=20260223T002614Z&X-Amz-Expires=604800&X-Amz-Signature=5b160cc7f1d900e707e43a0a24dd3b41907a06f4443ca15b6e69a6167f4d87a7&X-Amz-SignedHeaders=host&response-content-disposition=attachment%3B%20filename%3Dad2da1d8-1fe5-40a2-9ec3-d93b53ffbcaa.flac&x-id=GetObject,0.56423831,48469
WWP.2am-2023-06-02_11-00.WAV,2023 Wind Wolves Preserve Site 2,2023,6,2,12,0,Agelaius tricolor,Simple Call 2,52.97066498,53.36533356,375,21656,24000,present,https://rfcx-streams-production.s3.eu-west-1.amazonaws.com/2023/06/02/0qzxagkhsv1n/566391c5-c14c-4821-847e-64999844c601.flac?X-Amz-Algorithm=AWS4-HMAC-SHA256&X-Amz-Content-Sha256=UNSIGNED-PAYLOAD&X-Amz-Credential=AKIA45B7YWBX5HAZMGOU%2F20260223%2Feu-west-1%2Fs3%2Faws4_request&X-Amz-Date=20260223T002614Z&X-Amz-Expires=604800&X-Amz-Signature=e4c5ddf9213b408708a6ea3555222f775b9f171d8a5f40d5d445c3d799fb9036&X-Amz-SignedHeaders=host&response-content-disposition=attachment%3B%20filename%3D566391c5-c14c-4821-847e-64999844c601.flac&x-id=GetObject,0.527789593,48469
WWP.2am-2023-06-03_07-00.WAV,2023 Wind Wolves Preserve Site 2,2023,6,3,8,0,Agelaius tricolor,Simple Call 2,2.671999931,3.066666603,375,21656,24000,present,https://rfcx-streams-production.s3.eu-west-1.amazonaws.com/2023/06/03/0qzxagkhsv1n/aa245882-be94-488a-aa46-65db5a9e4b5f.flac?X-Amz-Algorithm=AWS4-HMAC-SHA256&X-Amz-Content-Sha256=UNSIGNED-PAYLOAD&X-Amz-Credential=AKIA45B7YWBX5HAZMGOU%2F20260223%2Feu-west-1%2Fs3%2Faws4_request&X-Amz-Date=20260223T002614Z&X-Amz-Expires=604800&X-Amz-Signature=14f8d5de83610a1507adec1a604d45d622dff382a14a43901a6f5720dd32f340&X-Amz-SignedHeaders=host&response-content-disposition=attachment%3B%20filename%3Daa245882-be94-488a-aa46-65db5a9e4b5f.flac&x-id=GetObject,0.556697071,48469
WWP.2am-2023-06-03_07-20.WAV,2023 Wind Wolves Preserve Site 2,2023,6,3,8,20,Agelaius tricolor,Simple Call 2,23.54133415,23.93600082,375,21656,24000,present,https://rfcx-streams-production.s3.eu-west-1.amazonaws.com/2023/06/03/0qzxagkhsv1n/0bdf8df3-3190-4f22-bd67-2d0b883de393.flac?X-Amz-Algorithm=AWS4-HMAC-SHA256&X-Amz-Content-Sha256=UNSIGNED-PAYLOAD&X-Amz-Credential=AKIA45B7YWBX5HAZMGOU%2F20260223%2Feu-west-1%2Fs3%2Faws4_request&X-Amz-Date=20260223T002614Z&X-Amz-Expires=604800&X-Amz-Signature=6fa07abfd0084021dda3e19edbf8a8e72bef6760a47fe36dafb9fb89c75a713b&X-Amz-SignedHeaders=host&response-content-disposition=attachment%3B%20filename%3D0bdf8df3-3190-4f22-bd67-2d0b883de393.flac&x-id=GetObject,0.547717035,48469
WWP.2am-2023-06-03_07-40.WAV,2023 Wind Wolves Preserve Site 2,2023,6,3,8,40,Agelaius tricolor,Simple Call 2,43.04000092,43.43466568,375,21656,24000,present,https://rfcx-streams-production.s3.eu-west-1.amazonaws.com/2023/06/03/0qzxagkhsv1n/36cda3c5-b4cf-40b5-a9f9-4a0d75f77a68.flac?X-Amz-Algorithm=AWS4-HMAC-SHA256&X-Amz-Content-Sha256=UNSIGNED-PAYLOAD&X-Amz-Credential=AKIA45B7YWBX5HAZMGOU%2F20260223%2Feu-west-1%2Fs3%2Faws4_request&X-Amz-Date=20260223T002614Z&X-Amz-Expires=604800&X-Amz-Signature=0cf612be4148658bfc9822982805107d78f5d53fb413aca3e9d786763ae8571e&X-Amz-SignedHeaders=host&response-content-disposition=attachment%3B%20filename%3D36cda3c5-b4cf-40b5-a9f9-4a0d75f77a68.flac&x-id=GetObject,0.516077936,48469
WWP.2am-2023-06-03_08-00.WAV,2023 Wind Wolves Preserve Site 2,2023,6,3,9,0,Agelaius tricolor,Simple Call 2,39.96266556,40.35733414,375,21656,24000,present,https://rfcx-streams-production.s3.eu-west-1.amazonaws.com/2023/06/03/0qzxagkhsv1n/e9c26d20-8774-42bb-8789-a5a576032833.flac?X-Amz-Algorithm=AWS4-HMAC-SHA256&X-Amz-Content-Sha256=UNSIGNED-PAYLOAD&X-Amz-Credential=AKIA45B7YWBX5HAZMGOU%2F20260223%2Feu-west-1%2Fs3%2Faws4_request&X-Amz-Date=20260223T002614Z&X-Amz-Expires=604800&X-Amz-Signature=8133d8a5c24d30f26add94340a5ebf827802de80c8f29b70a54978c6a1070eab&X-Amz-SignedHeaders=host&response-content-disposition=attachment%3B%20filename%3De9c26d20-8774-42bb-8789-a5a576032833.flac&x-id=GetObject,0.553311884,48469
WWP.2am-2023-06-03_08-20.WAV,2023 Wind Wolves Preserve Site 2,2023,6,3,9,20,Agelaius tricolor,Simple Call 2,22.86933327,23.26399994,375,21656,24000,present,https://rfcx-streams-production.s3.eu-west-1.amazonaws.com/2023/06/03/0qzxagkhsv1n/2f50f020-b875-46a7-91d7-f95c101074fe.flac?X-Amz-Algorithm=AWS4-HMAC-SHA256&X-Amz-Content-Sha256=UNSIGNED-PAYLOAD&X-Amz-Credential=AKIA45B7YWBX5HAZMGOU%2F20260223%2Feu-west-1%2Fs3%2Faws4_request&X-Amz-Date=20260223T002614Z&X-Amz-Expires=604800&X-Amz-Signature=e15fb180f4d93fd60bf57908afb0483644cb71f1a024b5ce04507e3ce78e2a9d&X-Amz-SignedHeaders=host&response-content-disposition=attachment%3B%20filename%3D2f50f020-b875-46a7-91d7-f95c101074fe.flac&x-id=GetObject,0.443114102,48469
WWP.2am-2023-06-03_08-40.WAV,2023 Wind Wolves Preserve Site 2,2023,6,3,9,40,Agelaius tricolor,Simple Call 2,27.6906662,28.08533287,375,21656,24000,present,https://rfcx-streams-production.s3.eu-west-1.amazonaws.com/2023/06/03/0qzxagkhsv1n/b1d9260b-c92d-402e-94a8-459a945b2f47.flac?X-Amz-Algorithm=AWS4-HMAC-SHA256&X-Amz-Content-Sha256=UNSIGNED-PAYLOAD&X-Amz-Credential=AKIA45B7YWBX5HAZMGOU%2F20260223%2Feu-west-1%2Fs3%2Faws4_request&X-Amz-Date=20260223T002614Z&X-Amz-Expires=604800&X-Amz-Signature=01c3db9d6cc89394815b2aecc7123c9066e9db6c2d7e0cc15d048ba28d875455&X-Amz-SignedHeaders=host&response-content-disposition=attachment%3B%20filename%3Db1d9260b-c92d-402e-94a8-459a945b2f47.flac&x-id=GetObject,0.40005669,48469
WWP.2am-2023-06-03_09-00.WAV,2023 Wind Wolves Preserve Site 2,2023,6,3,10,0,Agelaius tricolor,Simple Call 2,50.4746666,50.86933517,375,21656,24000,present,https://rfcx-streams-production.s3.eu-west-1.amazonaws.com/2023/06/03/0qzxagkhsv1n/dd1e56ac-1b36-4485-8099-73d33fb7c4c6.flac?X-Amz-Algorithm=AWS4-HMAC-SHA256&X-Amz-Content-Sha256=UNSIGNED-PAYLOAD&X-Amz-Credential=AKIA45B7YWBX5HAZMGOU%2F20260223%2Feu-west-1%2Fs3%2Faws4_request&X-Amz-Date=20260223T002614Z&X-Amz-Expires=604800&X-Amz-Signature=dc13454338d13db75d8611e71013e359df53b17d9efa277d1426b1c7e63a85d8&X-Amz-SignedHeaders=host&response-content-disposition=attachment%3B%20filename%3Ddd1e56ac-1b36-4485-8099-73d33fb7c4c6.flac&x-id=GetObject,0.499010891,48469
WWP.2am-2023-06-03_15-00.WAV,2023 Wind Wolves Preserve Site 2,2023,6,3,16,0,Agelaius tricolor,Simple Call 2,10.39466667,10.78933334,375,21656,24000,present,https://rfcx-streams-production.s3.eu-west-1.amazonaws.com/2023/06/03/0qzxagkhsv1n/21045f3e-e018-498c-9df6-792669fcaa5e.flac?X-Amz-Algorithm=AWS4-HMAC-SHA256&X-Amz-Content-Sha256=UNSIGNED-PAYLOAD&X-Amz-Credential=AKIA45B7YWBX5HAZMGOU%2F20260223%2Feu-west-1%2Fs3%2Faws4_request&X-Amz-Date=20260223T002614Z&X-Amz-Expires=604800&X-Amz-Signature=c353d82a833cea19ecc139d82ab49e586b1f97e70800774de8cb0d3441c58da3&X-Amz-SignedHeaders=host&response-content-disposition=attachment%3B%20filename%3D21045f3e-e018-498c-9df6-792669fcaa5e.flac&x-id=GetObject,0.420341849,48469
WWP.2am-2023-06-03_18-00.WAV,2023 Wind Wolves Preserve Site 2,2023,6,3,19,0,Agelaius tricolor,Simple Call 2,19.40266609,19.79733276,375,21656,24000,present,https://rfcx-streams-production.s3.eu-west-1.amazonaws.com/2023/06/04/0qzxagkhsv1n/4d21fa1f-9549-4050-9948-67abe43cdb74.flac?X-Amz-Algorithm=AWS4-HMAC-SHA256&X-Amz-Content-Sha256=UNSIGNED-PAYLOAD&X-Amz-Credential=AKIA45B7YWBX5HAZMGOU%2F20260223%2Feu-west-1%2Fs3%2Faws4_request&X-Amz-Date=20260223T002614Z&X-Amz-Expires=604800&X-Amz-Signature=6a5e5adf0e64ad3ef4f5d9f7f5247cd56454679bd153359c1069bd670fd090da&X-Amz-SignedHeaders=host&response-content-disposition=attachment%3B%20filename%3D4d21fa1f-9549-4050-9948-67abe43cdb74.flac&x-id=GetObject,0.49400875,48469
WWP.2am-2023-06-03_18-20.WAV,2023 Wind Wolves Preserve Site 2,2023,6,3,19,20,Agelaius tricolor,Simple Call 2,59.56266785,59.95733261,375,21656,24000,present,https://rfcx-streams-production.s3.eu-west-1.amazonaws.com/2023/06/04/0qzxagkhsv1n/751686ba-29f1-4de3-9286-ed67d0f4c65b.flac?X-Amz-Algorithm=AWS4-HMAC-SHA256&X-Amz-Content-Sha256=UNSIGNED-PAYLOAD&X-Amz-Credential=AKIA45B7YWBX5HAZMGOU%2F20260223%2Feu-west-1%2Fs3%2Faws4_request&X-Amz-Date=20260223T002614Z&X-Amz-Expires=604800&X-Amz-Signature=82e0231c319a6ee3fecec55e808a10184ff5282e54245336abb9cc94b993ab9e&X-Amz-SignedHeaders=host&response-content-disposition=attachment%3B%20filename%3D751686ba-29f1-4de3-9286-ed67d0f4c65b.flac&x-id=GetObject,0.593320131,48469
WWP.2am-2023-06-04_06-00.WAV,2023 Wind Wolves Preserve Site 2,2023,6,4,7,0,Agelaius tricolor,Simple Call 2,19.71199989,20.10666656,375,21656,24000,present,https://rfcx-streams-production.s3.eu-west-1.amazonaws.com/2023/06/04/0qzxagkhsv1n/b3221d51-17c7-49f9-bcf6-2fcbb510951a.flac?X-Amz-Algorithm=AWS4-HMAC-SHA256&X-Amz-Content-Sha256=UNSIGNED-PAYLOAD&X-Amz-Credential=AKIA45B7YWBX5HAZMGOU%2F20260223%2Feu-west-1%2Fs3%2Faws4_request&X-Amz-Date=20260223T002614Z&X-Amz-Expires=604800&X-Amz-Signature=3428e4e2c797e43c9b1d401613ed1c5fbf0421fcdd8caca17a2924f2be29a9fd&X-Amz-SignedHeaders=host&response-content-disposition=attachment%3B%20filename%3Db3221d51-17c7-49f9-bcf6-2fcbb510951a.flac&x-id=GetObject,0.53752017,48469
WWP.2am-2023-06-04_07-20.WAV,2023 Wind Wolves Preserve Site 2,2023,6,4,8,20,Agelaius tricolor,Simple Call 2,21.95733261,22.35199928,375,21656,24000,present,https://rfcx-streams-production.s3.eu-west-1.amazonaws.com/2023/06/04/0qzxagkhsv1n/143b56b8-0ac8-48e0-90c6-be41b6534743.flac?X-Amz-Algorithm=AWS4-HMAC-SHA256&X-Amz-Content-Sha256=UNSIGNED-PAYLOAD&X-Amz-Credential=AKIA45B7YWBX5HAZMGOU%2F20260223%2Feu-west-1%2Fs3%2Faws4_request&X-Amz-Date=20260223T002614Z&X-Amz-Expires=604800&X-Amz-Signature=074b99ea98fb8377af6cf0280e22ea6b4c78aef77b4fa6bfe023bb1255437297&X-Amz-SignedHeaders=host&response-content-disposition=attachment%3B%20filename%3D143b56b8-0ac8-48e0-90c6-be41b6534743.flac&x-id=GetObject,0.52951014,48469
WWP.2am-2023-06-04_09-40.WAV,2023 Wind Wolves Preserve Site 2,2023,6,4,10,40,Agelaius tricolor,Simple Call 2,49.89333344,50.2879982,375,21656,24000,present,https://rfcx-streams-production.s3.eu-west-1.amazonaws.com/2023/06/04/0qzxagkhsv1n/59636830-79fe-46b7-acad-099ec1ec246d.flac?X-Amz-Algorithm=AWS4-HMAC-SHA256&X-Amz-Content-Sha256=UNSIGNED-PAYLOAD&X-Amz-Credential=AKIA45B7YWBX5HAZMGOU%2F20260223%2Feu-west-1%2Fs3%2Faws4_request&X-Amz-Date=20260223T002614Z&X-Amz-Expires=604800&X-Amz-Signature=3014dd6688fabd947a7f652f2725d33364603e34b5422817edcfd6e68c9c47da&X-Amz-SignedHeaders=host&response-content-disposition=attachment%3B%20filename%3D59636830-79fe-46b7-acad-099ec1ec246d.flac&x-id=GetObject,0.531711042,48469
WWP.2am-2023-06-04_12-00.WAV,2023 Wind Wolves Preserve Site 2,2023,6,4,13,0,Agelaius tricolor,Simple Call 2,2.682666779,3.07733345,375,21656,24000,present,https://rfcx-streams-production.s3.eu-west-1.amazonaws.com/2023/06/04/0qzxagkhsv1n/be058993-64d1-40eb-986c-3faab0b4e8cd.flac?X-Amz-Algorithm=AWS4-HMAC-SHA256&X-Amz-Content-Sha256=UNSIGNED-PAYLOAD&X-Amz-Credential=AKIA45B7YWBX5HAZMGOU%2F20260223%2Feu-west-1%2Fs3%2Faws4_request&X-Amz-Date=20260223T002614Z&X-Amz-Expires=604800&X-Amz-Signature=92a5ab63cba9db3ceaa1164a6eccbc5aa9c64b6c4b5cfbb3ef0c7228fc31ef02&X-Amz-SignedHeaders=host&response-content-disposition=attachment%3B%20filename%3Dbe058993-64d1-40eb-986c-3faab0b4e8cd.flac&x-id=GetObject,0.623226106,48469
WWP.2am-2023-06-04_17-20.WAV,2023 Wind Wolves Preserve Site 2,2023,6,4,18,20,Agelaius tricolor,Simple Call 2,31.52000046,31.91466713,375,21656,24000,present,https://rfcx-streams-production.s3.eu-west-1.amazonaws.com/2023/06/05/0qzxagkhsv1n/05755f19-0b28-446f-b84b-4e7143a28599.flac?X-Amz-Algorithm=AWS4-HMAC-SHA256&X-Amz-Content-Sha256=UNSIGNED-PAYLOAD&X-Amz-Credential=AKIA45B7YWBX5HAZMGOU%2F20260223%2Feu-west-1%2Fs3%2Faws4_request&X-Amz-Date=20260223T002614Z&X-Amz-Expires=604800&X-Amz-Signature=bf9d135721a464664a26d267ac6ced5e33b9aff6bdade434cc37e56a7e7bc66d&X-Amz-SignedHeaders=host&response-content-disposition=attachment%3B%20filename%3D05755f19-0b28-446f-b84b-4e7143a28599.flac&x-id=GetObject,0.507944286,48469
WWP.2am-2023-06-04_18-00.WAV,2023 Wind Wolves Preserve Site 2,2023,6,4,19,0,Agelaius tricolor,Simple Call 2,46.38933182,46.7840004,375,21656,24000,present,https://rfcx-streams-production.s3.eu-west-1.amazonaws.com/2023/06/05/0qzxagkhsv1n/a42b75d0-1274-4627-ae26-db8118e5a769.flac?X-Amz-Algorithm=AWS4-HMAC-SHA256&X-Amz-Content-Sha256=UNSIGNED-PAYLOAD&X-Amz-Credential=AKIA45B7YWBX5HAZMGOU%2F20260223%2Feu-west-1%2Fs3%2Faws4_request&X-Amz-Date=20260223T002614Z&X-Amz-Expires=604800&X-Amz-Signature=bd010e877826b8a6967e6351fc662964aa78b45065abc18beefb2beecdaa1383&X-Amz-SignedHeaders=host&response-content-disposition=attachment%3B%20filename%3Da42b75d0-1274-4627-ae26-db8118e5a769.flac&x-id=GetObject,0.529151917,48469
WWP.2am-2023-06-04_19-20.WAV,2023 Wind Wolves Preserve Site 2,2023,6,4,20,20,Agelaius tricolor,Simple Call 2,53.90399933,54.29866791,375,21656,24000,present,https://rfcx-streams-production.s3.eu-west-1.amazonaws.com/2023/06/05/0qzxagkhsv1n/8c8339bf-6af8-4e0d-8be1-7b693ae4aba1.flac?X-Amz-Algorithm=AWS4-HMAC-SHA256&X-Amz-Content-Sha256=UNSIGNED-PAYLOAD&X-Amz-Credential=AKIA45B7YWBX5HAZMGOU%2F20260223%2Feu-west-1%2Fs3%2Faws4_request&X-Amz-Date=20260223T002614Z&X-Amz-Expires=604800&X-Amz-Signature=3ba8c81bb94ea4c3b9a2ba4423339a7778bf5b90061715c8b598f3c8f5b014bc&X-Amz-SignedHeaders=host&response-content-disposition=attachment%3B%20filename%3D8c8339bf-6af8-4e0d-8be1-7b693ae4aba1.flac&x-id=GetObject,0.471235126,48469
WWP.2am-2023-06-05_06-20.WAV,2023 Wind Wolves Preserve Site 2,2023,6,5,7,20,Agelaius tricolor,Simple Call 2,0.976000011,1.370666623,375,21656,24000,present,https://rfcx-streams-production.s3.eu-west-1.amazonaws.com/2023/06/05/0qzxagkhsv1n/7eab5f27-ed2c-459a-b39a-59dc928e7b2e.flac?X-Amz-Algorithm=AWS4-HMAC-SHA256&X-Amz-Content-Sha256=UNSIGNED-PAYLOAD&X-Amz-Credential=AKIA45B7YWBX5HAZMGOU%2F20260223%2Feu-west-1%2Fs3%2Faws4_request&X-Amz-Date=20260223T002614Z&X-Amz-Expires=604800&X-Amz-Signature=e5b214aa83ae12059b1f315c7698cc23b784905a7d810f55a1997b4930ba2f8b&X-Amz-SignedHeaders=host&response-content-disposition=attachment%3B%20filename%3D7eab5f27-ed2c-459a-b39a-59dc928e7b2e.flac&x-id=GetObject,0.548861921,48469
WWP.2am-2023-06-05_06-40.WAV,2023 Wind Wolves Preserve Site 2,2023,6,5,7,40,Agelaius tricolor,Simple Call 2,26.02666664,26.42133331,375,21656,24000,present,https://rfcx-streams-production.s3.eu-west-1.amazonaws.com/2023/06/05/0qzxagkhsv1n/08e33033-22be-49a4-98fb-74e58c85f372.flac?X-Amz-Algorithm=AWS4-HMAC-SHA256&X-Amz-Content-Sha256=UNSIGNED-PAYLOAD&X-Amz-Credential=AKIA45B7YWBX5HAZMGOU%2F20260223%2Feu-west-1%2Fs3%2Faws4_request&X-Amz-Date=20260223T002614Z&X-Amz-Expires=604800&X-Amz-Signature=2e9a6715605449ae013ea9a9df7719671fc63ce21aba0bdf2de8c80126a3d5db&X-Amz-SignedHeaders=host&response-content-disposition=attachment%3B%20filename%3D08e33033-22be-49a4-98fb-74e58c85f372.flac&x-id=GetObject,0.550163925,48469
WWP.2am-2023-06-05_07-00.WAV,2023 Wind Wolves Preserve Site 2,2023,6,5,8,0,Agelaius tricolor,Simple Call 2,55.08800125,55.48266602,375,21656,24000,present,https://rfcx-streams-production.s3.eu-west-1.amazonaws.com/2023/06/05/0qzxagkhsv1n/6358b8ef-a653-43c3-a6e9-e1813c9c5e26.flac?X-Amz-Algorithm=AWS4-HMAC-SHA256&X-Amz-Content-Sha256=UNSIGNED-PAYLOAD&X-Amz-Credential=AKIA45B7YWBX5HAZMGOU%2F20260223%2Feu-west-1%2Fs3%2Faws4_request&X-Amz-Date=20260223T002614Z&X-Amz-Expires=604800&X-Amz-Signature=e45bb46c5ccc0ec4a7c7ae14517ca533d77c1b58bb93f199337cf14a2e9e97d9&X-Amz-SignedHeaders=host&response-content-disposition=attachment%3B%20filename%3D6358b8ef-a653-43c3-a6e9-e1813c9c5e26.flac&x-id=GetObject,0.584538102,48469
WWP.2am-2023-06-05_07-20.WAV,2023 Wind Wolves Preserve Site 2,2023,6,5,8,20,Agelaius tricolor,Simple Call 2,40.6186676,41.01333237,375,21656,24000,present,https://rfcx-streams-production.s3.eu-west-1.amazonaws.com/2023/06/05/0qzxagkhsv1n/6ab313c8-7a8d-43a2-9122-e5105e461b5a.flac?X-Amz-Algorithm=AWS4-HMAC-SHA256&X-Amz-Content-Sha256=UNSIGNED-PAYLOAD&X-Amz-Credential=AKIA45B7YWBX5HAZMGOU%2F20260223%2Feu-west-1%2Fs3%2Faws4_request&X-Amz-Date=20260223T002614Z&X-Amz-Expires=604800&X-Amz-Signature=262eed1e039cbcd3bf9289eb44988a3dd4f19fa00ec61a59f88f98bb06a3ae9f&X-Amz-SignedHeaders=host&response-content-disposition=attachment%3B%20filename%3D6ab313c8-7a8d-43a2-9122-e5105e461b5a.flac&x-id=GetObject,0.565899968,48469
WWP.2am-2023-06-05_07-40.WAV,2023 Wind Wolves Preserve Site 2,2023,6,5,8,40,Agelaius tricolor,Simple Call 2,23.8239994,24.21866608,375,21656,24000,present,https://rfcx-streams-production.s3.eu-west-1.amazonaws.com/2023/06/05/0qzxagkhsv1n/7a212916-04a4-4dac-a35d-e3909bf35e31.flac?X-Amz-Algorithm=AWS4-HMAC-SHA256&X-Amz-Content-Sha256=UNSIGNED-PAYLOAD&X-Amz-Credential=AKIA45B7YWBX5HAZMGOU%2F20260223%2Feu-west-1%2Fs3%2Faws4_request&X-Amz-Date=20260223T002614Z&X-Amz-Expires=604800&X-Amz-Signature=8ee6655d6e911eb75b85bbba6d08d8b97c2ff714378c7965c50265a5f516eeeb&X-Amz-SignedHeaders=host&response-content-disposition=attachment%3B%20filename%3D7a212916-04a4-4dac-a35d-e3909bf35e31.flac&x-id=GetObject,0.432813436,48469
WWP.2am-2023-06-05_08-00.WAV,2023 Wind Wolves Preserve Site 2,2023,6,5,9,0,Agelaius tricolor,Simple Call 2,48.29333496,48.68799973,375,21656,24000,present,https://rfcx-streams-production.s3.eu-west-1.amazonaws.com/2023/06/05/0qzxagkhsv1n/e0d0433f-9bcc-456f-a940-6be591795d39.flac?X-Amz-Algorithm=AWS4-HMAC-SHA256&X-Amz-Content-Sha256=UNSIGNED-PAYLOAD&X-Amz-Credential=AKIA45B7YWBX5HAZMGOU%2F20260223%2Feu-west-1%2Fs3%2Faws4_request&X-Amz-Date=20260223T002614Z&X-Amz-Expires=604800&X-Amz-Signature=f975c8d5bc8d81c608d5adbbcc1d9519da4beb9cb511c86601dcca1c2da77c3a&X-Amz-SignedHeaders=host&response-content-disposition=attachment%3B%20filename%3De0d0433f-9bcc-456f-a940-6be591795d39.flac&x-id=GetObject,0.556913376,48469
WWP.2am-2023-06-05_08-20.WAV,2023 Wind Wolves Preserve Site 2,2023,6,5,9,20,Agelaius tricolor,Simple Call 2,43.80266571,44.19733429,375,21656,24000,present,https://rfcx-streams-production.s3.eu-west-1.amazonaws.com/2023/06/05/0qzxagkhsv1n/c71061de-b4f8-4294-8a3e-6c75621839e4.flac?X-Amz-Algorithm=AWS4-HMAC-SHA256&X-Amz-Content-Sha256=UNSIGNED-PAYLOAD&X-Amz-Credential=AKIA45B7YWBX5HAZMGOU%2F20260223%2Feu-west-1%2Fs3%2Faws4_request&X-Amz-Date=20260223T002614Z&X-Amz-Expires=604800&X-Amz-Signature=29302d16f57f4261dfb35ca378747f4fd7f2826c3f0ba4e97ec64cc7df845a76&X-Amz-SignedHeaders=host&response-content-disposition=attachment%3B%20filename%3Dc71061de-b4f8-4294-8a3e-6c75621839e4.flac&x-id=GetObject,0.485971898,48469
WWP.2am-2023-06-05_10-00.WAV,2023 Wind Wolves Preserve Site 2,2023,6,5,11,0,Agelaius tricolor,Simple Call 2,39.04533386,39.43999863,375,21656,24000,present,https://rfcx-streams-production.s3.eu-west-1.amazonaws.com/2023/06/05/0qzxagkhsv1n/48b67bea-1239-4277-be9a-92450f9fd1fe.flac?X-Amz-Algorithm=AWS4-HMAC-SHA256&X-Amz-Content-Sha256=UNSIGNED-PAYLOAD&X-Amz-Credential=AKIA45B7YWBX5HAZMGOU%2F20260223%2Feu-west-1%2Fs3%2Faws4_request&X-Amz-Date=20260223T002614Z&X-Amz-Expires=604800&X-Amz-Signature=162f46b2a1948a5c6336fd09e12e6e385be4e6f1a761304e372445cdeac3e51b&X-Amz-SignedHeaders=host&response-content-disposition=attachment%3B%20filename%3D48b67bea-1239-4277-be9a-92450f9fd1fe.flac&x-id=GetObject,0.448124468,48469
WWP.2am-2023-06-05_10-20.WAV,2023 Wind Wolves Preserve Site 2,2023,6,5,11,20,Agelaius tricolor,Simple Call 2,12.10666656,12.50133324,375,21656,24000,present,https://rfcx-streams-production.s3.eu-west-1.amazonaws.com/2023/06/05/0qzxagkhsv1n/7f0df83b-819d-47ce-85d3-9b58a262bca4.flac?X-Amz-Algorithm=AWS4-HMAC-SHA256&X-Amz-Content-Sha256=UNSIGNED-PAYLOAD&X-Amz-Credential=AKIA45B7YWBX5HAZMGOU%2F20260223%2Feu-west-1%2Fs3%2Faws4_request&X-Amz-Date=20260223T002614Z&X-Amz-Expires=604800&X-Amz-Signature=4fa8531e8c7bc79bb34cff9ce7b2aa19129b4b6873839538cd79607b76fd1505&X-Amz-SignedHeaders=host&response-content-disposition=attachment%3B%20filename%3D7f0df83b-819d-47ce-85d3-9b58a262bca4.flac&x-id=GetObject,0.546745241,48469
WWP.2am-2023-06-05_13-00.WAV,2023 Wind Wolves Preserve Site 2,2023,6,5,14,0,Agelaius tricolor,Simple Call 2,44,44.39466476,375,21656,24000,present,https://rfcx-streams-production.s3.eu-west-1.amazonaws.com/2023/06/05/0qzxagkhsv1n/2f2b665c-39bc-4b89-8941-7a777d976193.flac?X-Amz-Algorithm=AWS4-HMAC-SHA256&X-Amz-Content-Sha256=UNSIGNED-PAYLOAD&X-Amz-Credential=AKIA45B7YWBX5HAZMGOU%2F20260223%2Feu-west-1%2Fs3%2Faws4_request&X-Amz-Date=20260223T002613Z&X-Amz-Expires=604800&X-Amz-Signature=515934216acbb246e54eadc4c085ed6b4c8c2896911b9351e094ffd5ce3a86ca&X-Amz-SignedHeaders=host&response-content-disposition=attachment%3B%20filename%3D2f2b665c-39bc-4b89-8941-7a777d976193.flac&x-id=GetObject,0.475957185,48469
WWP.2am-2023-06-05_15-20.WAV,2023 Wind Wolves Preserve Site 2,2023,6,5,16,20,Agelaius tricolor,Simple Call 2,1.871999979,2.266666651,375,21656,24000,present,https://rfcx-streams-production.s3.eu-west-1.amazonaws.com/2023/06/05/0qzxagkhsv1n/d144acf8-ed40-4f1f-bee1-54b5553c6975.flac?X-Amz-Algorithm=AWS4-HMAC-SHA256&X-Amz-Content-Sha256=UNSIGNED-PAYLOAD&X-Amz-Credential=AKIA45B7YWBX5HAZMGOU%2F20260223%2Feu-west-1%2Fs3%2Faws4_request&X-Amz-Date=20260223T002614Z&X-Amz-Expires=604800&X-Amz-Signature=18c02300cf6dd63921b6b204940e0abf46ea94a291de728632b0df659b269aea&X-Amz-SignedHeaders=host&response-content-disposition=attachment%3B%20filename%3Dd144acf8-ed40-4f1f-bee1-54b5553c6975.flac&x-id=GetObject,0.542533457,48469
WWP.2am-2023-06-05_15-40.WAV,2023 Wind Wolves Preserve Site 2,2023,6,5,16,40,Agelaius tricolor,Simple Call 2,7.653333187,8.048000336,375,21656,24000,present,https://rfcx-streams-production.s3.eu-west-1.amazonaws.com/2023/06/05/0qzxagkhsv1n/0f079ab5-3ad0-4863-bfb9-5fdf8a666f13.flac?X-Amz-Algorithm=AWS4-HMAC-SHA256&X-Amz-Content-Sha256=UNSIGNED-PAYLOAD&X-Amz-Credential=AKIA45B7YWBX5HAZMGOU%2F20260223%2Feu-west-1%2Fs3%2Faws4_request&X-Amz-Date=20260223T002614Z&X-Amz-Expires=604800&X-Amz-Signature=9250d2766478a467894e70ca818d0ffd9bf941a7d0a22c4be81cd5dcaf4547cf&X-Amz-SignedHeaders=host&response-content-disposition=attachment%3B%20filename%3D0f079ab5-3ad0-4863-bfb9-5fdf8a666f13.flac&x-id=GetObject,0.52134496,48469
WWP.2am-2023-06-05_17-00.WAV,2023 Wind Wolves Preserve Site 2,2023,6,5,18,0,Agelaius tricolor,Simple Call 2,18.77866745,19.17333412,375,21656,24000,present,https://rfcx-streams-production.s3.eu-west-1.amazonaws.com/2023/06/06/0qzxagkhsv1n/0ae4327c-65ec-4544-a30e-e5f87e1da119.flac?X-Amz-Algorithm=AWS4-HMAC-SHA256&X-Amz-Content-Sha256=UNSIGNED-PAYLOAD&X-Amz-Credential=AKIA45B7YWBX5HAZMGOU%2F20260223%2Feu-west-1%2Fs3%2Faws4_request&X-Amz-Date=20260223T002614Z&X-Amz-Expires=604800&X-Amz-Signature=ae3510c9f755908f3608d8b1458236ab62dd2550a0e86d5f756ad4d6bc56bb7e&X-Amz-SignedHeaders=host&response-content-disposition=attachment%3B%20filename%3D0ae4327c-65ec-4544-a30e-e5f87e1da119.flac&x-id=GetObject,0.624771059,48469
WWP.2am-2023-06-05_19-00.WAV,2023 Wind Wolves Preserve Site 2,2023,6,5,20,0,Agelaius tricolor,Simple Call 2,11.42399979,11.81866646,375,21656,24000,present,https://rfcx-streams-production.s3.eu-west-1.amazonaws.com/2023/06/06/0qzxagkhsv1n/dc8f2230-f448-4153-a118-c1001248f49a.flac?X-Amz-Algorithm=AWS4-HMAC-SHA256&X-Amz-Content-Sha256=UNSIGNED-PAYLOAD&X-Amz-Credential=AKIA45B7YWBX5HAZMGOU%2F20260223%2Feu-west-1%2Fs3%2Faws4_request&X-Amz-Date=20260223T002614Z&X-Amz-Expires=604800&X-Amz-Signature=ecc2abc6c866fccdcea1aa531a8b86288e0544ea0cb6ea159f281311932f88c1&X-Amz-SignedHeaders=host&response-content-disposition=attachment%3B%20filename%3Ddc8f2230-f448-4153-a118-c1001248f49a.flac&x-id=GetObject,0.56614548,48469
WWP.2am-2023-06-06_07-40.WAV,2023 Wind Wolves Preserve Site 2,2023,6,6,8,40,Agelaius tricolor,Simple Call 2,1.893333316,2.288000107,375,21656,24000,present,https://rfcx-streams-production.s3.eu-west-1.amazonaws.com/2023/06/06/0qzxagkhsv1n/84f75d98-63ef-48e1-9233-05e382a83fdd.flac?X-Amz-Algorithm=AWS4-HMAC-SHA256&X-Amz-Content-Sha256=UNSIGNED-PAYLOAD&X-Amz-Credential=AKIA45B7YWBX5HAZMGOU%2F20260223%2Feu-west-1%2Fs3%2Faws4_request&X-Amz-Date=20260223T002613Z&X-Amz-Expires=604800&X-Amz-Signature=d5af1ae62f696afec9171832c1ff11d31dc42997c04608c359b229b45e0e527b&X-Amz-SignedHeaders=host&response-content-disposition=attachment%3B%20filename%3D84f75d98-63ef-48e1-9233-05e382a83fdd.flac&x-id=GetObject,0.425367266,48469
WWP.2am-2023-06-06_08-00.WAV,2023 Wind Wolves Preserve Site 2,2023,6,6,9,0,Agelaius tricolor,Simple Call 2,22.68799973,23.0826664,375,21656,24000,present,https://rfcx-streams-production.s3.eu-west-1.amazonaws.com/2023/06/06/0qzxagkhsv1n/f4555327-7125-4573-a502-9205edabcf17.flac?X-Amz-Algorithm=AWS4-HMAC-SHA256&X-Amz-Content-Sha256=UNSIGNED-PAYLOAD&X-Amz-Credential=AKIA45B7YWBX5HAZMGOU%2F20260223%2Feu-west-1%2Fs3%2Faws4_request&X-Amz-Date=20260223T002613Z&X-Amz-Expires=604800&X-Amz-Signature=16a2a81428d2acb11052fb61cdcd74c7c4279166d60dbb9b50cb7a9441272b0a&X-Amz-SignedHeaders=host&response-content-disposition=attachment%3B%20filename%3Df4555327-7125-4573-a502-9205edabcf17.flac&x-id=GetObject,0.480949223,48469
WWP.2am-2023-06-06_09-00.WAV,2023 Wind Wolves Preserve Site 2,2023,6,6,10,0,Agelaius tricolor,Simple Call 2,40.89599991,41.29066849,375,21656,24000,present,https://rfcx-streams-production.s3.eu-west-1.amazonaws.com/2023/06/06/0qzxagkhsv1n/3db79212-3277-4f7a-ae3c-d811c0269395.flac?X-Amz-Algorithm=AWS4-HMAC-SHA256&X-Amz-Content-Sha256=UNSIGNED-PAYLOAD&X-Amz-Credential=AKIA45B7YWBX5HAZMGOU%2F20260223%2Feu-west-1%2Fs3%2Faws4_request&X-Amz-Date=20260223T002614Z&X-Amz-Expires=604800&X-Amz-Signature=7cc7ea0f7915662327929c55f48311aa8b42b2b7ec1e0d16a6c03e41e3cd3325&X-Amz-SignedHeaders=host&response-content-disposition=attachment%3B%20filename%3D3db79212-3277-4f7a-ae3c-d811c0269395.flac&x-id=GetObject,0.588951707,48469
WWP.2am-2023-06-06_09-40.WAV,2023 Wind Wolves Preserve Site 2,2023,6,6,10,40,Agelaius tricolor,Simple Call 2,8.965332985,9.359999657,375,21656,24000,present,https://rfcx-streams-production.s3.eu-west-1.amazonaws.com/2023/06/06/0qzxagkhsv1n/f7130100-d655-4e0b-b797-f4c0898b907b.flac?X-Amz-Algorithm=AWS4-HMAC-SHA256&X-Amz-Content-Sha256=UNSIGNED-PAYLOAD&X-Amz-Credential=AKIA45B7YWBX5HAZMGOU%2F20260223%2Feu-west-1%2Fs3%2Faws4_request&X-Amz-Date=20260223T002614Z&X-Amz-Expires=604800&X-Amz-Signature=a663d622187a8823ef2b4035007923ad5ae9e3050bf80ed81eb41a1d969b226a&X-Amz-SignedHeaders=host&response-content-disposition=attachment%3B%20filename%3Df7130100-d655-4e0b-b797-f4c0898b907b.flac&x-id=GetObject,0.483200252,48469
WWP.2am-2023-06-06_10-00.WAV,2023 Wind Wolves Preserve Site 2,2023,6,6,11,0,Agelaius tricolor,Simple Call 2,9.749333382,10.14400005,375,21656,24000,present,https://rfcx-streams-production.s3.eu-west-1.amazonaws.com/2023/06/06/0qzxagkhsv1n/b1e028d9-e722-45e8-8c6a-536f151ef6a1.flac?X-Amz-Algorithm=AWS4-HMAC-SHA256&X-Amz-Content-Sha256=UNSIGNED-PAYLOAD&X-Amz-Credential=AKIA45B7YWBX5HAZMGOU%2F20260223%2Feu-west-1%2Fs3%2Faws4_request&X-Amz-Date=20260223T002613Z&X-Amz-Expires=604800&X-Amz-Signature=a2f628ce2bdb90aa5b7e514b70e745ad068021c4bd9787391d3dd5664d55751f&X-Amz-SignedHeaders=host&response-content-disposition=attachment%3B%20filename%3Db1e028d9-e722-45e8-8c6a-536f151ef6a1.flac&x-id=GetObject,0.542681515,48469
WWP.2am-2023-06-06_10-20.WAV,2023 Wind Wolves Preserve Site 2,2023,6,6,11,20,Agelaius tricolor,Simple Call 2,25.82933426,26.22400093,375,21656,24000,present,https://rfcx-streams-production.s3.eu-west-1.amazonaws.com/2023/06/06/0qzxagkhsv1n/b336f92f-f0b4-4a42-93f5-a62061dc910c.flac?X-Amz-Algorithm=AWS4-HMAC-SHA256&X-Amz-Content-Sha256=UNSIGNED-PAYLOAD&X-Amz-Credential=AKIA45B7YWBX5HAZMGOU%2F20260223%2Feu-west-1%2Fs3%2Faws4_request&X-Amz-Date=20260223T002613Z&X-Amz-Expires=604800&X-Amz-Signature=a460201cf0f317d4a6b7e693ad13e87cb3519f2364d11e5dd600e948010d77d1&X-Amz-SignedHeaders=host&response-content-disposition=attachment%3B%20filename%3Db336f92f-f0b4-4a42-93f5-a62061dc910c.flac&x-id=GetObject,0.552511632,48469
WWP.2am-2023-06-06_10-40.WAV,2023 Wind Wolves Preserve Site 2,2023,6,6,11,40,Agelaius tricolor,Simple Call 2,19.35466576,19.74933243,375,21656,24000,present,https://rfcx-streams-production.s3.eu-west-1.amazonaws.com/2023/06/06/0qzxagkhsv1n/da1650a6-362c-46ae-9212-4969b9f44593.flac?X-Amz-Algorithm=AWS4-HMAC-SHA256&X-Amz-Content-Sha256=UNSIGNED-PAYLOAD&X-Amz-Credential=AKIA45B7YWBX5HAZMGOU%2F20260223%2Feu-west-1%2Fs3%2Faws4_request&X-Amz-Date=20260223T002614Z&X-Amz-Expires=604800&X-Amz-Signature=40e456e57495b35221a9228d3508d687ab1fcce4d4220911cd032860bc118401&X-Amz-SignedHeaders=host&response-content-disposition=attachment%3B%20filename%3Dda1650a6-362c-46ae-9212-4969b9f44593.flac&x-id=GetObject,0.491936147,48469
WWP.2am-2023-06-06_11-00.WAV,2023 Wind Wolves Preserve Site 2,2023,6,6,12,0,Agelaius tricolor,Simple Call 2,26.45866585,26.85333252,375,21656,24000,present,https://rfcx-streams-production.s3.eu-west-1.amazonaws.com/2023/06/06/0qzxagkhsv1n/956d0011-c884-4e59-8b45-aedfef11763f.flac?X-Amz-Algorithm=AWS4-HMAC-SHA256&X-Amz-Content-Sha256=UNSIGNED-PAYLOAD&X-Amz-Credential=AKIA45B7YWBX5HAZMGOU%2F20260223%2Feu-west-1%2Fs3%2Faws4_request&X-Amz-Date=20260223T002613Z&X-Amz-Expires=604800&X-Amz-Signature=85e9c268c5b3189143120865263cfe75cd7c315daad41ce82014e4bc1991ff10&X-Amz-SignedHeaders=host&response-content-disposition=attachment%3B%20filename%3D956d0011-c884-4e59-8b45-aedfef11763f.flac&x-id=GetObject,0.56972754,48469
WWP.2am-2023-06-06_11-20.WAV,2023 Wind Wolves Preserve Site 2,2023,6,6,12,20,Agelaius tricolor,Simple Call 2,24.13333321,24.52799988,375,21656,24000,present,https://rfcx-streams-production.s3.eu-west-1.amazonaws.com/2023/06/06/0qzxagkhsv1n/9ac49472-fab6-4e13-9f2a-b9c3892b8140.flac?X-Amz-Algorithm=AWS4-HMAC-SHA256&X-Amz-Content-Sha256=UNSIGNED-PAYLOAD&X-Amz-Credential=AKIA45B7YWBX5HAZMGOU%2F20260223%2Feu-west-1%2Fs3%2Faws4_request&X-Amz-Date=20260223T002613Z&X-Amz-Expires=604800&X-Amz-Signature=f47ff79ce10c9dd74d67caba73001c5c2eca18d5f212e29ef80bba3bc518fc2e&X-Amz-SignedHeaders=host&response-content-disposition=attachment%3B%20filename%3D9ac49472-fab6-4e13-9f2a-b9c3892b8140.flac&x-id=GetObject,0.501382828,48469
WWP.2am-2023-06-06_11-40.WAV,2023 Wind Wolves Preserve Site 2,2023,6,6,12,40,Agelaius tricolor,Simple Call 2,42.22933197,42.62400055,375,21656,24000,present,https://rfcx-streams-production.s3.eu-west-1.amazonaws.com/2023/06/06/0qzxagkhsv1n/4782e3a6-146c-477a-8285-40e50fcd1f41.flac?X-Amz-Algorithm=AWS4-HMAC-SHA256&X-Amz-Content-Sha256=UNSIGNED-PAYLOAD&X-Amz-Credential=AKIA45B7YWBX5HAZMGOU%2F20260223%2Feu-west-1%2Fs3%2Faws4_request&X-Amz-Date=20260223T002614Z&X-Amz-Expires=604800&X-Amz-Signature=067f99ef8afb8b41ceaf0b20ad6f2e9b843a17165745bab743518a217e83df89&X-Amz-SignedHeaders=host&response-content-disposition=attachment%3B%20filename%3D4782e3a6-146c-477a-8285-40e50fcd1f41.flac&x-id=GetObject,0.522887468,48469
WWP.2am-2023-06-06_12-00.WAV,2023 Wind Wolves Preserve Site 2,2023,6,6,13,0,Agelaius tricolor,Simple Call 2,36.97066498,37.36533356,375,21656,24000,present,https://rfcx-streams-production.s3.eu-west-1.amazonaws.com/2023/06/06/0qzxagkhsv1n/cdc2b06c-06ad-4c89-8add-6dd7f230e433.flac?X-Amz-Algorithm=AWS4-HMAC-SHA256&X-Amz-Content-Sha256=UNSIGNED-PAYLOAD&X-Amz-Credential=AKIA45B7YWBX5HAZMGOU%2F20260223%2Feu-west-1%2Fs3%2Faws4_request&X-Amz-Date=20260223T002613Z&X-Amz-Expires=604800&X-Amz-Signature=a72e2d2c63807040cdea8703664d2a51163ab003b2340d1708ad2c1065691b5f&X-Amz-SignedHeaders=host&response-content-disposition=attachment%3B%20filename%3Dcdc2b06c-06ad-4c89-8add-6dd7f230e433.flac&x-id=GetObject,0.520788193,48469
WWP.2am-2023-06-06_13-00.WAV,2023 Wind Wolves Preserve Site 2,2023,6,6,14,0,Agelaius tricolor,Simple Call 2,2.592000008,2.986666679,375,21656,24000,present,https://rfcx-streams-production.s3.eu-west-1.amazonaws.com/2023/06/06/0qzxagkhsv1n/91d02a03-9577-476d-878e-7e830ca8c459.flac?X-Amz-Algorithm=AWS4-HMAC-SHA256&X-Amz-Content-Sha256=UNSIGNED-PAYLOAD&X-Amz-Credential=AKIA45B7YWBX5HAZMGOU%2F20260223%2Feu-west-1%2Fs3%2Faws4_request&X-Amz-Date=20260223T002613Z&X-Amz-Expires=604800&X-Amz-Signature=b3794983516e37499dd3093da904bc43f627cf8ae43da1120842749737c0d76e&X-Amz-SignedHeaders=host&response-content-disposition=attachment%3B%20filename%3D91d02a03-9577-476d-878e-7e830ca8c459.flac&x-id=GetObject,0.61373359,48469
WWP.2am-2023-06-06_13-20.WAV,2023 Wind Wolves Preserve Site 2,2023,6,6,14,20,Agelaius tricolor,Simple Call 2,47.73866653,48.13333511,375,21656,24000,present,https://rfcx-streams-production.s3.eu-west-1.amazonaws.com/2023/06/06/0qzxagkhsv1n/c67f92c6-4178-4e4e-9b4f-4dff9f8a4af7.flac?X-Amz-Algorithm=AWS4-HMAC-SHA256&X-Amz-Content-Sha256=UNSIGNED-PAYLOAD&X-Amz-Credential=AKIA45B7YWBX5HAZMGOU%2F20260223%2Feu-west-1%2Fs3%2Faws4_request&X-Amz-Date=20260223T002613Z&X-Amz-Expires=604800&X-Amz-Signature=c462702bf25ab1e92485e5df8b9b9caf430aa4f3f0d54e6133ab106fc9abaeb5&X-Amz-SignedHeaders=host&response-content-disposition=attachment%3B%20filename%3Dc67f92c6-4178-4e4e-9b4f-4dff9f8a4af7.flac&x-id=GetObject,0.541091144,48469
WWP.2am-2023-06-06_13-40.WAV,2023 Wind Wolves Preserve Site 2,2023,6,6,14,40,Agelaius tricolor,Simple Call 2,25.93600082,26.3306675,375,21656,24000,present,https://rfcx-streams-production.s3.eu-west-1.amazonaws.com/2023/06/06/0qzxagkhsv1n/50f23670-8982-4696-94bb-05be1b6e59e4.flac?X-Amz-Algorithm=AWS4-HMAC-SHA256&X-Amz-Content-Sha256=UNSIGNED-PAYLOAD&X-Amz-Credential=AKIA45B7YWBX5HAZMGOU%2F20260223%2Feu-west-1%2Fs3%2Faws4_request&X-Amz-Date=20260223T002614Z&X-Amz-Expires=604800&X-Amz-Signature=8ae3722eabbeecc920e09cda71ccd2eb6df3bc16bf12c061b5985768830243e9&X-Amz-SignedHeaders=host&response-content-disposition=attachment%3B%20filename%3D50f23670-8982-4696-94bb-05be1b6e59e4.flac&x-id=GetObject,0.511536717,48469
WWP.2am-2023-06-06_14-00.WAV,2023 Wind Wolves Preserve Site 2,2023,6,6,15,0,Agelaius tricolor,Simple Call 2,7.78666687,8.181333542,375,21656,24000,present,https://rfcx-streams-production.s3.eu-west-1.amazonaws.com/2023/06/06/0qzxagkhsv1n/9223a855-ef88-425d-9d8f-8ae1ad79ea32.flac?X-Amz-Algorithm=AWS4-HMAC-SHA256&X-Amz-Content-Sha256=UNSIGNED-PAYLOAD&X-Amz-Credential=AKIA45B7YWBX5HAZMGOU%2F20260223%2Feu-west-1%2Fs3%2Faws4_request&X-Amz-Date=20260223T002613Z&X-Amz-Expires=604800&X-Amz-Signature=58a2f36bb6d150499eb4cc808037aea26503112cfbfeb4fd0077be5cfdd91cd0&X-Amz-SignedHeaders=host&response-content-disposition=attachment%3B%20filename%3D9223a855-ef88-425d-9d8f-8ae1ad79ea32.flac&x-id=GetObject,0.570974588,48469
WWP.2am-2023-06-06_15-00.WAV,2023 Wind Wolves Preserve Site 2,2023,6,6,16,0,Agelaius tricolor,Simple Call 2,8.303999901,8.698666573,375,21656,24000,present,https://rfcx-streams-production.s3.eu-west-1.amazonaws.com/2023/06/06/0qzxagkhsv1n/9f8dc9ab-c6d1-4581-9cc8-196e048d3e6f.flac?X-Amz-Algorithm=AWS4-HMAC-SHA256&X-Amz-Content-Sha256=UNSIGNED-PAYLOAD&X-Amz-Credential=AKIA45B7YWBX5HAZMGOU%2F20260223%2Feu-west-1%2Fs3%2Faws4_request&X-Amz-Date=20260223T002613Z&X-Amz-Expires=604800&X-Amz-Signature=f7d3d4ad5d0d3177d05e1732608f396202ee581bdbfa3bea859e48660ff1e626&X-Amz-SignedHeaders=host&response-content-disposition=attachment%3B%20filename%3D9f8dc9ab-c6d1-4581-9cc8-196e048d3e6f.flac&x-id=GetObject,0.406651378,48469
WWP.2am-2023-06-06_16-00.WAV,2023 Wind Wolves Preserve Site 2,2023,6,6,17,0,Agelaius tricolor,Simple Call 2,32.9066658,33.30133438,375,21656,24000,present,https://rfcx-streams-production.s3.eu-west-1.amazonaws.com/2023/06/07/0qzxagkhsv1n/a5ce84c7-c6b5-483f-a2b1-ec0214147c57.flac?X-Amz-Algorithm=AWS4-HMAC-SHA256&X-Amz-Content-Sha256=UNSIGNED-PAYLOAD&X-Amz-Credential=AKIA45B7YWBX5HAZMGOU%2F20260223%2Feu-west-1%2Fs3%2Faws4_request&X-Amz-Date=20260223T002613Z&X-Amz-Expires=604800&X-Amz-Signature=3881c6b5ce27029e6920fcd87df9bd33bc7dfe4f6cb9e0c7491bf0accf6a702e&X-Amz-SignedHeaders=host&response-content-disposition=attachment%3B%20filename%3Da5ce84c7-c6b5-483f-a2b1-ec0214147c57.flac&x-id=GetObject,0.56351912,48469
WWP.2am-2023-06-06_17-00.WAV,2023 Wind Wolves Preserve Site 2,2023,6,6,18,0,Agelaius tricolor,Simple Call 2,53.86133194,54.25600052,375,21656,24000,present,https://rfcx-streams-production.s3.eu-west-1.amazonaws.com/2023/06/07/0qzxagkhsv1n/4d3630e1-3d3b-479d-8f95-acbfd23b17ee.flac?X-Amz-Algorithm=AWS4-HMAC-SHA256&X-Amz-Content-Sha256=UNSIGNED-PAYLOAD&X-Amz-Credential=AKIA45B7YWBX5HAZMGOU%2F20260223%2Feu-west-1%2Fs3%2Faws4_request&X-Amz-Date=20260223T002613Z&X-Amz-Expires=604800&X-Amz-Signature=864a09fae96d88c264ce2f932e757b5226e9af3f5a8794b650047269c83d901c&X-Amz-SignedHeaders=host&response-content-disposition=attachment%3B%20filename%3D4d3630e1-3d3b-479d-8f95-acbfd23b17ee.flac&x-id=GetObject,0.486546874,48469
WWP.2am-2023-06-07_06-40.WAV,2023 Wind Wolves Preserve Site 2,2023,6,7,7,40,Agelaius tricolor,Simple Call 2,10.52799988,10.92266655,375,21656,24000,present,https://rfcx-streams-production.s3.eu-west-1.amazonaws.com/2023/06/07/0qzxagkhsv1n/f6dea9a2-be09-47b7-8a3e-4f4a99832256.flac?X-Amz-Algorithm=AWS4-HMAC-SHA256&X-Amz-Content-Sha256=UNSIGNED-PAYLOAD&X-Amz-Credential=AKIA45B7YWBX5HAZMGOU%2F20260223%2Feu-west-1%2Fs3%2Faws4_request&X-Amz-Date=20260223T002613Z&X-Amz-Expires=604800&X-Amz-Signature=a1baed1d982ebd2603e7a1e3d859bec9bd296b7387017c180c7aa9663202cd44&X-Amz-SignedHeaders=host&response-content-disposition=attachment%3B%20filename%3Df6dea9a2-be09-47b7-8a3e-4f4a99832256.flac&x-id=GetObject,0.45326522,48469
WWP.2am-2023-06-07_07-00.WAV,2023 Wind Wolves Preserve Site 2,2023,6,7,8,0,Agelaius tricolor,Simple Call 2,31.21066666,31.60533333,375,21656,24000,present,https://rfcx-streams-production.s3.eu-west-1.amazonaws.com/2023/06/07/0qzxagkhsv1n/b945e29e-f09d-4a12-ad24-896fd1c4cb1a.flac?X-Amz-Algorithm=AWS4-HMAC-SHA256&X-Amz-Content-Sha256=UNSIGNED-PAYLOAD&X-Amz-Credential=AKIA45B7YWBX5HAZMGOU%2F20260223%2Feu-west-1%2Fs3%2Faws4_request&X-Amz-Date=20260223T002613Z&X-Amz-Expires=604800&X-Amz-Signature=0ac9c760c65f40b2f57f956043c68d14c7808f48bfe4744cee3b995f14b53a4b&X-Amz-SignedHeaders=host&response-content-disposition=attachment%3B%20filename%3Db945e29e-f09d-4a12-ad24-896fd1c4cb1a.flac&x-id=GetObject,0.430422366,48469
WWP.2am-2023-06-07_10-00.WAV,2023 Wind Wolves Preserve Site 2,2023,6,7,11,0,Agelaius tricolor,Simple Call 2,58.45333481,58.84799957,375,21656,24000,present,https://rfcx-streams-production.s3.eu-west-1.amazonaws.com/2023/06/07/0qzxagkhsv1n/870f3ab1-a395-4cb0-9c7d-98937fab439f.flac?X-Amz-Algorithm=AWS4-HMAC-SHA256&X-Amz-Content-Sha256=UNSIGNED-PAYLOAD&X-Amz-Credential=AKIA45B7YWBX5HAZMGOU%2F20260223%2Feu-west-1%2Fs3%2Faws4_request&X-Amz-Date=20260223T002613Z&X-Amz-Expires=604800&X-Amz-Signature=7a194e00552eecd27cc23b4e65b1fb8c1ce7165060f7cbdd7eb4ed6251cebcca&X-Amz-SignedHeaders=host&response-content-disposition=attachment%3B%20filename%3D870f3ab1-a395-4cb0-9c7d-98937fab439f.flac&x-id=GetObject,0.422482997,48469
WWP.2am-2023-06-07_10-20.WAV,2023 Wind Wolves Preserve Site 2,2023,6,7,11,20,Agelaius tricolor,Simple Call 2,1.728000045,2.122666597,375,21656,24000,present,https://rfcx-streams-production.s3.eu-west-1.amazonaws.com/2023/06/07/0qzxagkhsv1n/8e1113ad-5971-4b91-b4fc-57f879fe9154.flac?X-Amz-Algorithm=AWS4-HMAC-SHA256&X-Amz-Content-Sha256=UNSIGNED-PAYLOAD&X-Amz-Credential=AKIA45B7YWBX5HAZMGOU%2F20260223%2Feu-west-1%2Fs3%2Faws4_request&X-Amz-Date=20260223T002613Z&X-Amz-Expires=604800&X-Amz-Signature=b8fb757e625bc718dc3659f7e23ab340f9f7ea657a5f11c1e3b07e4a2b9d960f&X-Amz-SignedHeaders=host&response-content-disposition=attachment%3B%20filename%3D8e1113ad-5971-4b91-b4fc-57f879fe9154.flac&x-id=GetObject,0.555208266,48469
WWP.2am-2023-06-07_13-20.WAV,2023 Wind Wolves Preserve Site 2,2023,6,7,14,20,Agelaius tricolor,Simple Call 2,35.25866699,35.65333176,375,21656,24000,present,https://rfcx-streams-production.s3.eu-west-1.amazonaws.com/2023/06/07/0qzxagkhsv1n/300317af-32c1-4c26-be42-1246456b2bb7.flac?X-Amz-Algorithm=AWS4-HMAC-SHA256&X-Amz-Content-Sha256=UNSIGNED-PAYLOAD&X-Amz-Credential=AKIA45B7YWBX5HAZMGOU%2F20260223%2Feu-west-1%2Fs3%2Faws4_request&X-Amz-Date=20260223T002613Z&X-Amz-Expires=604800&X-Amz-Signature=09e35df096bac6f1e844ed62ffabd4a889800f1a483b9be8386ea4e9bd9cccf6&X-Amz-SignedHeaders=host&response-content-disposition=attachment%3B%20filename%3D300317af-32c1-4c26-be42-1246456b2bb7.flac&x-id=GetObject,0.434840202,48469
WWP.2am-2023-06-07_17-00.WAV,2023 Wind Wolves Preserve Site 2,2023,6,7,18,0,Agelaius tricolor,Simple Call 2,2.197333336,2.592000008,375,21656,24000,present,https://rfcx-streams-production.s3.eu-west-1.amazonaws.com/2023/06/08/0qzxagkhsv1n/f9607fae-6413-44fc-9fca-92a6fca71f43.flac?X-Amz-Algorithm=AWS4-HMAC-SHA256&X-Amz-Content-Sha256=UNSIGNED-PAYLOAD&X-Amz-Credential=AKIA45B7YWBX5HAZMGOU%2F20260223%2Feu-west-1%2Fs3%2Faws4_request&X-Amz-Date=20260223T002613Z&X-Amz-Expires=604800&X-Amz-Signature=386b69e54ed728a0ecf06a669f2d836390ab6db2aeb1775afc4313a1194e6ed6&X-Amz-SignedHeaders=host&response-content-disposition=attachment%3B%20filename%3Df9607fae-6413-44fc-9fca-92a6fca71f43.flac&x-id=GetObject,0.451107323,48469
WWP.2am-2023-06-09_10-40.WAV,2023 Wind Wolves Preserve Site 2,2023,6,9,11,40,Agelaius tricolor,Simple Call 2,47.26399994,47.65866852,375,21656,24000,present,https://rfcx-streams-production.s3.eu-west-1.amazonaws.com/2023/06/09/0qzxagkhsv1n/4cf8960a-648c-40cf-a360-836967a87c0b.flac?X-Amz-Algorithm=AWS4-HMAC-SHA256&X-Amz-Content-Sha256=UNSIGNED-PAYLOAD&X-Amz-Credential=AKIA45B7YWBX5HAZMGOU%2F20260223%2Feu-west-1%2Fs3%2Faws4_request&X-Amz-Date=20260223T002613Z&X-Amz-Expires=604800&X-Amz-Signature=2c8ffccae2445d40063d3a747bd7d0132efa194a333c00eb3bac95e02096d7d9&X-Amz-SignedHeaders=host&response-content-disposition=attachment%3B%20filename%3D4cf8960a-648c-40cf-a360-836967a87c0b.flac&x-id=GetObject,0.53587395,48469
WWP.2am-2023-06-09_11-00.WAV,2023 Wind Wolves Preserve Site 2,2023,6,9,12,0,Agelaius tricolor,Simple Call 2,30.20800018,30.60266685,375,21656,24000,present,https://rfcx-streams-production.s3.eu-west-1.amazonaws.com/2023/06/09/0qzxagkhsv1n/ab8f443e-15c7-49b4-96ca-ffa65ada88dd.flac?X-Amz-Algorithm=AWS4-HMAC-SHA256&X-Amz-Content-Sha256=UNSIGNED-PAYLOAD&X-Amz-Credential=AKIA45B7YWBX5HAZMGOU%2F20260223%2Feu-west-1%2Fs3%2Faws4_request&X-Amz-Date=20260223T002613Z&X-Amz-Expires=604800&X-Amz-Signature=2510bdd3f8781a470a88193ec3ddaa13265a88782ca3f354f392da031a23c389&X-Amz-SignedHeaders=host&response-content-disposition=attachment%3B%20filename%3Dab8f443e-15c7-49b4-96ca-ffa65ada88dd.flac&x-id=GetObject,0.412480503,48469
WWP.2am-2023-06-11_07-20.WAV,2023 Wind Wolves Preserve Site 2,2023,6,11,8,20,Agelaius tricolor,Simple Call 2,9.866666794,10.26133347,375,21656,24000,present,https://rfcx-streams-production.s3.eu-west-1.amazonaws.com/2023/06/11/0qzxagkhsv1n/96754d17-5992-4d8f-a648-bd8fe275a94e.flac?X-Amz-Algorithm=AWS4-HMAC-SHA256&X-Amz-Content-Sha256=UNSIGNED-PAYLOAD&X-Amz-Credential=AKIA45B7YWBX5HAZMGOU%2F20260223%2Feu-west-1%2Fs3%2Faws4_request&X-Amz-Date=20260223T002613Z&X-Amz-Expires=604800&X-Amz-Signature=2454ad0e48f6972b02e2af9c1eb2c72b737cd4fe8aa0a73da4b1203c50f4e4b6&X-Amz-SignedHeaders=host&response-content-disposition=attachment%3B%20filename%3D96754d17-5992-4d8f-a648-bd8fe275a94e.flac&x-id=GetObject,0.597018659,48469
WWP.2am-2023-06-11_08-00.WAV,2023 Wind Wolves Preserve Site 2,2023,6,11,9,0,Agelaius tricolor,Simple Call 2,53.05066681,53.44533157,375,21656,24000,present,https://rfcx-streams-production.s3.eu-west-1.amazonaws.com/2023/06/11/0qzxagkhsv1n/c77f9269-7e09-41b7-a5b2-cca91952b202.flac?X-Amz-Algorithm=AWS4-HMAC-SHA256&X-Amz-Content-Sha256=UNSIGNED-PAYLOAD&X-Amz-Credential=AKIA45B7YWBX5HAZMGOU%2F20260223%2Feu-west-1%2Fs3%2Faws4_request&X-Amz-Date=20260223T002613Z&X-Amz-Expires=604800&X-Amz-Signature=b677d879c1c70d2987089aead7d4506bbad37ee8fe127d9b1983b1615bdba3da&X-Amz-SignedHeaders=host&response-content-disposition=attachment%3B%20filename%3Dc77f9269-7e09-41b7-a5b2-cca91952b202.flac&x-id=GetObject,0.57066828,48469
WWP.2am-2023-06-11_08-20.WAV,2023 Wind Wolves Preserve Site 2,2023,6,11,9,20,Agelaius tricolor,Simple Call 2,3.89866662,4.29333353,375,21656,24000,present,https://rfcx-streams-production.s3.eu-west-1.amazonaws.com/2023/06/11/0qzxagkhsv1n/d665370b-eccf-4637-bead-1c91d0339de9.flac?X-Amz-Algorithm=AWS4-HMAC-SHA256&X-Amz-Content-Sha256=UNSIGNED-PAYLOAD&X-Amz-Credential=AKIA45B7YWBX5HAZMGOU%2F20260223%2Feu-west-1%2Fs3%2Faws4_request&X-Amz-Date=20260223T002613Z&X-Amz-Expires=604800&X-Amz-Signature=918092e76dfbc15ab143959e6754b658b5f66280aaa5c0a6625a8571e87081ac&X-Amz-SignedHeaders=host&response-content-disposition=attachment%3B%20filename%3Dd665370b-eccf-4637-bead-1c91d0339de9.flac&x-id=GetObject,0.611483157,48469
WWP.2am-2023-06-11_09-20.WAV,2023 Wind Wolves Preserve Site 2,2023,6,11,10,20,Agelaius tricolor,Simple Call 2,19.2266674,19.62133408,375,21656,24000,present,https://rfcx-streams-production.s3.eu-west-1.amazonaws.com/2023/06/11/0qzxagkhsv1n/cbfb84aa-4d5e-425d-a18f-96c56ef34010.flac?X-Amz-Algorithm=AWS4-HMAC-SHA256&X-Amz-Content-Sha256=UNSIGNED-PAYLOAD&X-Amz-Credential=AKIA45B7YWBX5HAZMGOU%2F20260223%2Feu-west-1%2Fs3%2Faws4_request&X-Amz-Date=20260223T002613Z&X-Amz-Expires=604800&X-Amz-Signature=3bf6d88d32b9a9755ba53a6f4dac7f3f1142649c9621523b9195f2e4241998ca&X-Amz-SignedHeaders=host&response-content-disposition=attachment%3B%20filename%3Dcbfb84aa-4d5e-425d-a18f-96c56ef34010.flac&x-id=GetObject,0.503053308,48469
WWP.2am-2023-06-11_09-40.WAV,2023 Wind Wolves Preserve Site 2,2023,6,11,10,40,Agelaius tricolor,Simple Call 2,28.21333313,28.6079998,375,21656,24000,present,https://rfcx-streams-production.s3.eu-west-1.amazonaws.com/2023/06/11/0qzxagkhsv1n/df016b9c-a3f4-4ff6-a5e4-8a1e5cea6c93.flac?X-Amz-Algorithm=AWS4-HMAC-SHA256&X-Amz-Content-Sha256=UNSIGNED-PAYLOAD&X-Amz-Credential=AKIA45B7YWBX5HAZMGOU%2F20260223%2Feu-west-1%2Fs3%2Faws4_request&X-Amz-Date=20260223T002613Z&X-Amz-Expires=604800&X-Amz-Signature=255c51810fba5d6fb1c74d31c40741da650949b935c0ca2f23bf6fb22800595d&X-Amz-SignedHeaders=host&response-content-disposition=attachment%3B%20filename%3Ddf016b9c-a3f4-4ff6-a5e4-8a1e5cea6c93.flac&x-id=GetObject,0.524746358,48469
WWP.2am-2023-06-11_10-20.WAV,2023 Wind Wolves Preserve Site 2,2023,6,11,11,20,Agelaius tricolor,Simple Call 2,5.381333351,5.776000023,375,21656,24000,present,https://rfcx-streams-production.s3.eu-west-1.amazonaws.com/2023/06/11/0qzxagkhsv1n/31023b2e-8b3c-40ba-9505-3462bee93e32.flac?X-Amz-Algorithm=AWS4-HMAC-SHA256&X-Amz-Content-Sha256=UNSIGNED-PAYLOAD&X-Amz-Credential=AKIA45B7YWBX5HAZMGOU%2F20260223%2Feu-west-1%2Fs3%2Faws4_request&X-Amz-Date=20260223T002613Z&X-Amz-Expires=604800&X-Amz-Signature=2424f55aa8e430e41d5705817c3741244f95f02ef598ace11b5e0995e75ef843&X-Amz-SignedHeaders=host&response-content-disposition=attachment%3B%20filename%3D31023b2e-8b3c-40ba-9505-3462bee93e32.flac&x-id=GetObject,0.561305404,48469
WWP.2am-2023-06-11_12-00.WAV,2023 Wind Wolves Preserve Site 2,2023,6,11,13,0,Agelaius tricolor,Simple Call 2,12.84266663,13.2373333,375,21656,24000,present,https://rfcx-streams-production.s3.eu-west-1.amazonaws.com/2023/06/11/0qzxagkhsv1n/f8a69702-0cf3-4a12-88cf-092ccb25f323.flac?X-Amz-Algorithm=AWS4-HMAC-SHA256&X-Amz-Content-Sha256=UNSIGNED-PAYLOAD&X-Amz-Credential=AKIA45B7YWBX5HAZMGOU%2F20260223%2Feu-west-1%2Fs3%2Faws4_request&X-Amz-Date=20260223T002613Z&X-Amz-Expires=604800&X-Amz-Signature=877698a41f7259bdc20aba50a86f779307b5474d8a254e3f59e9bc9848ddaa6e&X-Amz-SignedHeaders=host&response-content-disposition=attachment%3B%20filename%3Df8a69702-0cf3-4a12-88cf-092ccb25f323.flac&x-id=GetObject,0.440277785,48469
WWP.2am-2023-06-12_11-20.WAV,2023 Wind Wolves Preserve Site 2,2023,6,12,12,20,Agelaius tricolor,Simple Call 2,30,30.39466667,375,21656,24000,present,https://rfcx-streams-production.s3.eu-west-1.amazonaws.com/2023/06/12/0qzxagkhsv1n/3274417d-0c5a-4713-80b4-a647cabce89d.flac?X-Amz-Algorithm=AWS4-HMAC-SHA256&X-Amz-Content-Sha256=UNSIGNED-PAYLOAD&X-Amz-Credential=AKIA45B7YWBX5HAZMGOU%2F20260223%2Feu-west-1%2Fs3%2Faws4_request&X-Amz-Date=20260223T002613Z&X-Amz-Expires=604800&X-Amz-Signature=5ede1918ce31a44b943adc1793dc7b0dbe8774ed8c7db16312dae07953ec82f6&X-Amz-SignedHeaders=host&response-content-disposition=attachment%3B%20filename%3D3274417d-0c5a-4713-80b4-a647cabce89d.flac&x-id=GetObject,0.622689247,48469
WWP.2am-2023-06-13_11-00.WAV,2023 Wind Wolves Preserve Site 2,2023,6,13,12,0,Agelaius tricolor,Simple Call 2,7.301333427,7.696000099,375,21656,24000,present,https://rfcx-streams-production.s3.eu-west-1.amazonaws.com/2023/06/13/0qzxagkhsv1n/0468f3d4-b369-4903-a8a9-597c6725571a.flac?X-Amz-Algorithm=AWS4-HMAC-SHA256&X-Amz-Content-Sha256=UNSIGNED-PAYLOAD&X-Amz-Credential=AKIA45B7YWBX5HAZMGOU%2F20260223%2Feu-west-1%2Fs3%2Faws4_request&X-Amz-Date=20260223T002613Z&X-Amz-Expires=604800&X-Amz-Signature=e42f8d44537f98f175052f437db881c507483852eaa7aebb81acfce5d51e2e24&X-Amz-SignedHeaders=host&response-content-disposition=attachment%3B%20filename%3D0468f3d4-b369-4903-a8a9-597c6725571a.flac&x-id=GetObject,0.577566981,48469
WWP.2am-2023-06-14_09-00.WAV,2023 Wind Wolves Preserve Site 2,2023,6,14,10,0,Agelaius tricolor,Simple Call 2,20.04266739,20.43733406,375,21656,24000,present,https://rfcx-streams-production.s3.eu-west-1.amazonaws.com/2023/06/14/0qzxagkhsv1n/9f4d40e7-2fec-4cb1-8240-48a401d4a5ba.flac?X-Amz-Algorithm=AWS4-HMAC-SHA256&X-Amz-Content-Sha256=UNSIGNED-PAYLOAD&X-Amz-Credential=AKIA45B7YWBX5HAZMGOU%2F20260223%2Feu-west-1%2Fs3%2Faws4_request&X-Amz-Date=20260223T002613Z&X-Amz-Expires=604800&X-Amz-Signature=5bf4ec55c38cd0fee6bee3a6b54a589fadf3a2fce08d3bd40dc83e462d714555&X-Amz-SignedHeaders=host&response-content-disposition=attachment%3B%20filename%3D9f4d40e7-2fec-4cb1-8240-48a401d4a5ba.flac&x-id=GetObject,0.657609701,48469
WWP.2am-2023-06-14_13-20.WAV,2023 Wind Wolves Preserve Site 2,2023,6,14,14,20,Agelaius tricolor,Simple Call 2,36.42666626,36.82133484,375,21656,24000,present,https://rfcx-streams-production.s3.eu-west-1.amazonaws.com/2023/06/14/0qzxagkhsv1n/f2574334-0a01-4951-b51d-cc11a9af2ad5.flac?X-Amz-Algorithm=AWS4-HMAC-SHA256&X-Amz-Content-Sha256=UNSIGNED-PAYLOAD&X-Amz-Credential=AKIA45B7YWBX5HAZMGOU%2F20260223%2Feu-west-1%2Fs3%2Faws4_request&X-Amz-Date=20260223T002613Z&X-Amz-Expires=604800&X-Amz-Signature=4ee7d51168d04cc7294b1be8012d87bd2fc2446dcc10e47dafd37a024e54ce14&X-Amz-SignedHeaders=host&response-content-disposition=attachment%3B%20filename%3Df2574334-0a01-4951-b51d-cc11a9af2ad5.flac&x-id=GetObject,0.643861592,48469
WWP.2am-2023-06-15_12-20.WAV,2023 Wind Wolves Preserve Site 2,2023,6,15,13,20,Agelaius tricolor,Simple Call 2,45.68533325,46.08000183,375,21656,24000,present,https://rfcx-streams-production.s3.eu-west-1.amazonaws.com/2023/06/15/0qzxagkhsv1n/bafa5f1b-f908-43b7-afa2-76e9f137019b.flac?X-Amz-Algorithm=AWS4-HMAC-SHA256&X-Amz-Content-Sha256=UNSIGNED-PAYLOAD&X-Amz-Credential=AKIA45B7YWBX5HAZMGOU%2F20260223%2Feu-west-1%2Fs3%2Faws4_request&X-Amz-Date=20260223T002612Z&X-Amz-Expires=604800&X-Amz-Signature=79fc821c0663dba64447fc698b21651f80eb4ae6d5f44066ada8bdd44c3dd51e&X-Amz-SignedHeaders=host&response-content-disposition=attachment%3B%20filename%3Dbafa5f1b-f908-43b7-afa2-76e9f137019b.flac&x-id=GetObject,0.555180311,48469
WWP.2am-2023-06-16_12-00.WAV,2023 Wind Wolves Preserve Site 2,2023,6,16,13,0,Agelaius tricolor,Simple Call 2,23.36000061,23.75466728,375,21656,24000,present,https://rfcx-streams-production.s3.eu-west-1.amazonaws.com/2023/06/16/0qzxagkhsv1n/1a05a046-b822-4889-ada6-321913e70ab0.flac?X-Amz-Algorithm=AWS4-HMAC-SHA256&X-Amz-Content-Sha256=UNSIGNED-PAYLOAD&X-Amz-Credential=AKIA45B7YWBX5HAZMGOU%2F20260223%2Feu-west-1%2Fs3%2Faws4_request&X-Amz-Date=20260223T002612Z&X-Amz-Expires=604800&X-Amz-Signature=4c60fc8acd4fda434e6909585e63e6fb10d63ce1e76c95c5f7ef980e375fa3ee&X-Amz-SignedHeaders=host&response-content-disposition=attachment%3B%20filename%3D1a05a046-b822-4889-ada6-321913e70ab0.flac&x-id=GetObject,0.589924932,48469
WWP.2am-2023-06-17_11-00.WAV,2023 Wind Wolves Preserve Site 2,2023,6,17,12,0,Agelaius tricolor,Simple Call 2,12.92800045,13.32266712,375,21656,24000,present,https://rfcx-streams-production.s3.eu-west-1.amazonaws.com/2023/06/17/0qzxagkhsv1n/011eaff9-09ad-443f-b241-0efbdaf30f93.flac?X-Amz-Algorithm=AWS4-HMAC-SHA256&X-Amz-Content-Sha256=UNSIGNED-PAYLOAD&X-Amz-Credential=AKIA45B7YWBX5HAZMGOU%2F20260223%2Feu-west-1%2Fs3%2Faws4_request&X-Amz-Date=20260223T002612Z&X-Amz-Expires=604800&X-Amz-Signature=ce1714ab4824ef78d9fac6375eab85359528963860777689fe1cceff2c673d96&X-Amz-SignedHeaders=host&response-content-disposition=attachment%3B%20filename%3D011eaff9-09ad-443f-b241-0efbdaf30f93.flac&x-id=GetObject,0.604685724,48469
WWP.2am-2023-06-18_12-00.WAV,2023 Wind Wolves Preserve Site 2,2023,6,18,13,0,Agelaius tricolor,Simple Call 2,39.06666565,39.46133423,375,21656,24000,present,https://rfcx-streams-production.s3.eu-west-1.amazonaws.com/2023/06/18/0qzxagkhsv1n/60820caa-019d-450c-92fa-dc4b02f1af9a.flac?X-Amz-Algorithm=AWS4-HMAC-SHA256&X-Amz-Content-Sha256=UNSIGNED-PAYLOAD&X-Amz-Credential=AKIA45B7YWBX5HAZMGOU%2F20260223%2Feu-west-1%2Fs3%2Faws4_request&X-Amz-Date=20260223T002612Z&X-Amz-Expires=604800&X-Amz-Signature=cc9355a0ec48845852de1c5fdb24999047b0390cbac57e68ac263396e23f624b&X-Amz-SignedHeaders=host&response-content-disposition=attachment%3B%20filename%3D60820caa-019d-450c-92fa-dc4b02f1af9a.flac&x-id=GetObject,0.486058921,48469
WWP.2am-2023-06-23_11-40.WAV,2023 Wind Wolves Preserve Site 2,2023,6,23,12,40,Agelaius tricolor,Simple Call 2,47.42933273,47.82400131,375,21656,24000,present,https://rfcx-streams-production.s3.eu-west-1.amazonaws.com/2023/06/23/0qzxagkhsv1n/62c6199f-fcf4-4e31-b669-57a9aac0cceb.flac?X-Amz-Algorithm=AWS4-HMAC-SHA256&X-Amz-Content-Sha256=UNSIGNED-PAYLOAD&X-Amz-Credential=AKIA45B7YWBX5HAZMGOU%2F20260223%2Feu-west-1%2Fs3%2Faws4_request&X-Amz-Date=20260223T002612Z&X-Amz-Expires=604800&X-Amz-Signature=7e88f2f751d70658008729ddd8a699d2d98667c31721447a3b58bbf2ed61b7ad&X-Amz-SignedHeaders=host&response-content-disposition=attachment%3B%20filename%3D62c6199f-fcf4-4e31-b669-57a9aac0cceb.flac&x-id=GetObject,0.51602447,48469
WWP.2am-2023-06-23_16-00.WAV,2023 Wind Wolves Preserve Site 2,2023,6,23,17,0,Agelaius tricolor,Simple Call 2,10.17599964,10.57066631,375,21656,24000,present,https://rfcx-streams-production.s3.eu-west-1.amazonaws.com/2023/06/24/0qzxagkhsv1n/0833d097-730c-41ac-bd39-893200845332.flac?X-Amz-Algorithm=AWS4-HMAC-SHA256&X-Amz-Content-Sha256=UNSIGNED-PAYLOAD&X-Amz-Credential=AKIA45B7YWBX5HAZMGOU%2F20260223%2Feu-west-1%2Fs3%2Faws4_request&X-Amz-Date=20260223T002612Z&X-Amz-Expires=604800&X-Amz-Signature=e48a818243d6a3bac50152d0d1e22af3d00f3a1f4f07bc1f2e7af8016e962c9d&X-Amz-SignedHeaders=host&response-content-disposition=attachment%3B%20filename%3D0833d097-730c-41ac-bd39-893200845332.flac&x-id=GetObject,0.575749278,48469
WWP.2am-2023-06-24_11-20.WAV,2023 Wind Wolves Preserve Site 2,2023,6,24,12,20,Agelaius tricolor,Simple Call 2,3.200000048,3.594666719,375,21656,24000,present,https://rfcx-streams-production.s3.eu-west-1.amazonaws.com/2023/06/24/0qzxagkhsv1n/7a184722-878c-4f1f-a492-8b3d40e7d8e8.flac?X-Amz-Algorithm=AWS4-HMAC-SHA256&X-Amz-Content-Sha256=UNSIGNED-PAYLOAD&X-Amz-Credential=AKIA45B7YWBX5HAZMGOU%2F20260223%2Feu-west-1%2Fs3%2Faws4_request&X-Amz-Date=20260223T002612Z&X-Amz-Expires=604800&X-Amz-Signature=7e23a7cde8fb7b58acc956324ff5457f8e61d3b7d7baee93e99fb8caed5a29c5&X-Amz-SignedHeaders=host&response-content-disposition=attachment%3B%20filename%3D7a184722-878c-4f1f-a492-8b3d40e7d8e8.flac&x-id=GetObject,0.61342907,48469
WWP.2am-2023-06-27_13-00.WAV,2023 Wind Wolves Preserve Site 2,2023,6,27,14,0,Agelaius tricolor,Simple Call 2,47.31200027,47.70666504,375,21656,24000,present,https://rfcx-streams-production.s3.eu-west-1.amazonaws.com/2023/06/27/0qzxagkhsv1n/e93575d5-8274-4630-9c1c-637dbd204ca8.flac?X-Amz-Algorithm=AWS4-HMAC-SHA256&X-Amz-Content-Sha256=UNSIGNED-PAYLOAD&X-Amz-Credential=AKIA45B7YWBX5HAZMGOU%2F20260223%2Feu-west-1%2Fs3%2Faws4_request&X-Amz-Date=20260223T002611Z&X-Amz-Expires=604800&X-Amz-Signature=9466ddf0a84e053dd5f0aedf9eea65096db439d53b56ce1a6c3252d59fcfda33&X-Amz-SignedHeaders=host&response-content-disposition=attachment%3B%20filename%3De93575d5-8274-4630-9c1c-637dbd204ca8.flac&x-id=GetObject,0.521053135,48469
WWP.2am-2023-06-27_13-40.WAV,2023 Wind Wolves Preserve Site 2,2023,6,27,14,40,Agelaius tricolor,Simple Call 2,8.991999626,9.386666298,375,21656,24000,present,https://rfcx-streams-production.s3.eu-west-1.amazonaws.com/2023/06/27/0qzxagkhsv1n/65f1ad8b-e5ee-495b-9668-cf0b414dfcf1.flac?X-Amz-Algorithm=AWS4-HMAC-SHA256&X-Amz-Content-Sha256=UNSIGNED-PAYLOAD&X-Amz-Credential=AKIA45B7YWBX5HAZMGOU%2F20260223%2Feu-west-1%2Fs3%2Faws4_request&X-Amz-Date=20260223T002611Z&X-Amz-Expires=604800&X-Amz-Signature=6754e6637089d9993a55097509f038d1261cae3502e1949754d3a4e0266d7c34&X-Amz-SignedHeaders=host&response-content-disposition=attachment%3B%20filename%3D65f1ad8b-e5ee-495b-9668-cf0b414dfcf1.flac&x-id=GetObject,0.520011485,48469
WWP.2am-2023-06-28_12-20.WAV,2023 Wind Wolves Preserve Site 2,2023,6,28,13,20,Agelaius tricolor,Simple Call 2,39.16266632,39.5573349,375,21656,24000,present,https://rfcx-streams-production.s3.eu-west-1.amazonaws.com/2023/06/28/0qzxagkhsv1n/1e30e919-0035-41d9-9233-77dbb5781780.flac?X-Amz-Algorithm=AWS4-HMAC-SHA256&X-Amz-Content-Sha256=UNSIGNED-PAYLOAD&X-Amz-Credential=AKIA45B7YWBX5HAZMGOU%2F20260223%2Feu-west-1%2Fs3%2Faws4_request&X-Amz-Date=20260223T002611Z&X-Amz-Expires=604800&X-Amz-Signature=6d6117d8550373a9a749a0eab403fc0cc81c6859dcc5a1fe93c7f498273cce3f&X-Amz-SignedHeaders=host&response-content-disposition=attachment%3B%20filename%3D1e30e919-0035-41d9-9233-77dbb5781780.flac&x-id=GetObject,0.611567199,48469
WWP.2am-2023-07-09_11-20.WAV,2023 Wind Wolves Preserve Site 2,2023,7,9,12,20,Agelaius tricolor,Simple Call 2,25.98933411,26.38400078,375,21656,24000,present,https://rfcx-streams-production.s3.eu-west-1.amazonaws.com/2023/07/09/0qzxagkhsv1n/9caa577e-8777-41ca-9927-8b9d44094f9f.flac?X-Amz-Algorithm=AWS4-HMAC-SHA256&X-Amz-Content-Sha256=UNSIGNED-PAYLOAD&X-Amz-Credential=AKIA45B7YWBX5HAZMGOU%2F20260223%2Feu-west-1%2Fs3%2Faws4_request&X-Amz-Date=20260223T002610Z&X-Amz-Expires=604800&X-Amz-Signature=ae02b9939007e2c7ed8a77ab9000ef9f006fed0af247ed0571ae30c81ab336e2&X-Amz-SignedHeaders=host&response-content-disposition=attachment%3B%20filename%3D9caa577e-8777-41ca-9927-8b9d44094f9f.flac&x-id=GetObject,0.586916447,48469
