recording,site,year,month,day,hour,minute,species,songtype,x1,x2,y1,y2,frequency,validated,url,score,site_id
LMRam-2024-05-02_09-40.WAV,2024 Baja Lago Mesa Redonda,2024,5,2,9,40,Agelaius tricolor,Courtship Song,53.15200043,54.09066772,94,8719,24000,present,https://rfcx-streams-production.s3.eu-west-1.amazonaws.com/2024/05/02/2jm3bjkccty2/1f4069d4-b0a2-4418-9d29-347a9b4053ea.flac?X-Amz-Algorithm=AWS4-HMAC-SHA256&X-Amz-Content-Sha256=UNSIGNED-PAYLOAD&X-Amz-Credential=AKIA45B7YWBX5HAZMGOU%2F20260223%2Feu-west-1%2Fs3%2Faws4_request&X-Amz-Date=20260223T003239Z&X-Amz-Expires=604800&X-Amz-Signature=1ef77336842a58bb1b8048a8a50abfcb398fb8425b86ee9763d09954aff7a9ed&X-Amz-SignedHeaders=host&response-content-disposition=attachment%3B%20filename%3D1f4069d4-b0a2-4418-9d29-347a9b4053ea.flac&x-id=GetObject,0.397269785,65444
LMRam-2024-05-02_10-00.WAV,2024 Baja Lago Mesa Redonda,2024,5,2,10,0,Agelaius tricolor,Courtship Song,36.81600189,37.75466537,94,8719,24000,present,https://rfcx-streams-production.s3.eu-west-1.amazonaws.com/2024/05/02/2jm3bjkccty2/2e6984e6-5040-4bfe-b4e9-c9b5ffe5b58b.flac?X-Amz-Algorithm=AWS4-HMAC-SHA256&X-Amz-Content-Sha256=UNSIGNED-PAYLOAD&X-Amz-Credential=AKIA45B7YWBX5HAZMGOU%2F20260223%2Feu-west-1%2Fs3%2Faws4_request&X-Amz-Date=20260223T003239Z&X-Amz-Expires=604800&X-Amz-Signature=c29b11cba2fb4ed8fdffe806b0c4d9a1053d959dad75ff91f57267855e111e48&X-Amz-SignedHeaders=host&response-content-disposition=attachment%3B%20filename%3D2e6984e6-5040-4bfe-b4e9-c9b5ffe5b58b.flac&x-id=GetObject,0.403579712,65444
LMRam-2024-05-02_10-20.WAV,2024 Baja Lago Mesa Redonda,2024,5,2,10,20,Agelaius tricolor,Courtship Song,56.39466476,57.33333206,94,8719,24000,present,https://rfcx-streams-production.s3.eu-west-1.amazonaws.com/2024/05/02/2jm3bjkccty2/5d9cc226-346d-4b11-bb68-03310cf6e776.flac?X-Amz-Algorithm=AWS4-HMAC-SHA256&X-Amz-Content-Sha256=UNSIGNED-PAYLOAD&X-Amz-Credential=AKIA45B7YWBX5HAZMGOU%2F20260223%2Feu-west-1%2Fs3%2Faws4_request&X-Amz-Date=20260223T003239Z&X-Amz-Expires=604800&X-Amz-Signature=7452414a79389fc6fe8f315d4a07c7f25b3f005bf58cc048e3b94880c397fd0f&X-Amz-SignedHeaders=host&response-content-disposition=attachment%3B%20filename%3D5d9cc226-346d-4b11-bb68-03310cf6e776.flac&x-id=GetObject,0.542254269,65444
LMRam-2024-05-02_10-40.WAV,2024 Baja Lago Mesa Redonda,2024,5,2,10,40,Agelaius tricolor,Courtship Song,31.3706665,32.3093338,94,8719,24000,present,https://rfcx-streams-production.s3.eu-west-1.amazonaws.com/2024/05/02/2jm3bjkccty2/56f0614d-a39a-4b19-a22f-a301bbba6e02.flac?X-Amz-Algorithm=AWS4-HMAC-SHA256&X-Amz-Content-Sha256=UNSIGNED-PAYLOAD&X-Amz-Credential=AKIA45B7YWBX5HAZMGOU%2F20260223%2Feu-west-1%2Fs3%2Faws4_request&X-Amz-Date=20260223T003239Z&X-Amz-Expires=604800&X-Amz-Signature=72b4e8491d4470befff0f8794df20f05953072c4f46068c3bb543cfadef3fead&X-Amz-SignedHeaders=host&response-content-disposition=attachment%3B%20filename%3D56f0614d-a39a-4b19-a22f-a301bbba6e02.flac&x-id=GetObject,0.562132955,65444
LMRam-2024-05-02_11-00.WAV,2024 Baja Lago Mesa Redonda,2024,5,2,11,0,Agelaius tricolor,Courtship Song,5.205333233,6.144000053,94,8719,24000,present,https://rfcx-streams-production.s3.eu-west-1.amazonaws.com/2024/05/02/2jm3bjkccty2/aae54b1a-88d8-4378-9715-e8b17caaf4d8.flac?X-Amz-Algorithm=AWS4-HMAC-SHA256&X-Amz-Content-Sha256=UNSIGNED-PAYLOAD&X-Amz-Credential=AKIA45B7YWBX5HAZMGOU%2F20260223%2Feu-west-1%2Fs3%2Faws4_request&X-Amz-Date=20260223T003239Z&X-Amz-Expires=604800&X-Amz-Signature=27f8c5f639d731a6aa8a95c94228049bef5300aa00c752b86ed505b70a4298e8&X-Amz-SignedHeaders=host&response-content-disposition=attachment%3B%20filename%3Daae54b1a-88d8-4378-9715-e8b17caaf4d8.flac&x-id=GetObject,0.45957908,65444
LMRam-2024-05-02_11-20.WAV,2024 Baja Lago Mesa Redonda,2024,5,2,11,20,Agelaius tricolor,Courtship Song,59.05599976,59.99466705,94,8719,24000,present,https://rfcx-streams-production.s3.eu-west-1.amazonaws.com/2024/05/02/2jm3bjkccty2/2105ac17-9066-4a1f-9825-0584cec656d7.flac?X-Amz-Algorithm=AWS4-HMAC-SHA256&X-Amz-Content-Sha256=UNSIGNED-PAYLOAD&X-Amz-Credential=AKIA45B7YWBX5HAZMGOU%2F20260223%2Feu-west-1%2Fs3%2Faws4_request&X-Amz-Date=20260223T003239Z&X-Amz-Expires=604800&X-Amz-Signature=54322349c91e4476936edc12580868d9ed5fd0516e2b82d85354e8713e7b71ec&X-Amz-SignedHeaders=host&response-content-disposition=attachment%3B%20filename%3D2105ac17-9066-4a1f-9825-0584cec656d7.flac&x-id=GetObject,0.335684061,65444
LMRam-2024-05-02_11-40.WAV,2024 Baja Lago Mesa Redonda,2024,5,2,11,40,Agelaius tricolor,Courtship Song,50.7519989,51.6906662,94,8719,24000,present,https://rfcx-streams-production.s3.eu-west-1.amazonaws.com/2024/05/02/2jm3bjkccty2/9f4490d6-6806-4e6e-b6c4-9c1fd15fcbfc.flac?X-Amz-Algorithm=AWS4-HMAC-SHA256&X-Amz-Content-Sha256=UNSIGNED-PAYLOAD&X-Amz-Credential=AKIA45B7YWBX5HAZMGOU%2F20260223%2Feu-west-1%2Fs3%2Faws4_request&X-Amz-Date=20260223T003239Z&X-Amz-Expires=604800&X-Amz-Signature=bb0b6b0ffeaa3df08c61e66f197531c6150fcab91c3b04b3d1b741b99536f665&X-Amz-SignedHeaders=host&response-content-disposition=attachment%3B%20filename%3D9f4490d6-6806-4e6e-b6c4-9c1fd15fcbfc.flac&x-id=GetObject,0.358979404,65444
LMRam-2024-05-02_12-00.WAV,2024 Baja Lago Mesa Redonda,2024,5,2,12,0,Agelaius tricolor,Courtship Song,32.11199951,33.05066681,94,8719,24000,present,https://rfcx-streams-production.s3.eu-west-1.amazonaws.com/2024/05/02/2jm3bjkccty2/f9b64443-56f4-4d81-b4c9-b23cad2d2668.flac?X-Amz-Algorithm=AWS4-HMAC-SHA256&X-Amz-Content-Sha256=UNSIGNED-PAYLOAD&X-Amz-Credential=AKIA45B7YWBX5HAZMGOU%2F20260223%2Feu-west-1%2Fs3%2Faws4_request&X-Amz-Date=20260223T003239Z&X-Amz-Expires=604800&X-Amz-Signature=0eecf289afb63cf1fb91122b3c365dd0df15427aafee49336f6eebfe0c617dc9&X-Amz-SignedHeaders=host&response-content-disposition=attachment%3B%20filename%3Df9b64443-56f4-4d81-b4c9-b23cad2d2668.flac&x-id=GetObject,0.363310784,65444
LMRam-2024-05-02_12-20.WAV,2024 Baja Lago Mesa Redonda,2024,5,2,12,20,Agelaius tricolor,Courtship Song,16.03733253,16.97599983,94,8719,24000,present,https://rfcx-streams-production.s3.eu-west-1.amazonaws.com/2024/05/02/2jm3bjkccty2/e4ffa0d4-f044-4f7d-b41c-04b6c1e3f9fc.flac?X-Amz-Algorithm=AWS4-HMAC-SHA256&X-Amz-Content-Sha256=UNSIGNED-PAYLOAD&X-Amz-Credential=AKIA45B7YWBX5HAZMGOU%2F20260223%2Feu-west-1%2Fs3%2Faws4_request&X-Amz-Date=20260223T003239Z&X-Amz-Expires=604800&X-Amz-Signature=2e28edbeb7daa8e3eebbee2344e9f178f7af628e72d12300318748f4d3cb252e&X-Amz-SignedHeaders=host&response-content-disposition=attachment%3B%20filename%3De4ffa0d4-f044-4f7d-b41c-04b6c1e3f9fc.flac&x-id=GetObject,0.465341419,65444
LMRam-2024-05-02_12-40.WAV,2024 Baja Lago Mesa Redonda,2024,5,2,12,40,Agelaius tricolor,Courtship Song,56.57066727,57.50933456,94,8719,24000,present,https://rfcx-streams-production.s3.eu-west-1.amazonaws.com/2024/05/02/2jm3bjkccty2/ebdab2d9-7bd9-48ef-b21d-e248799a2517.flac?X-Amz-Algorithm=AWS4-HMAC-SHA256&X-Amz-Content-Sha256=UNSIGNED-PAYLOAD&X-Amz-Credential=AKIA45B7YWBX5HAZMGOU%2F20260223%2Feu-west-1%2Fs3%2Faws4_request&X-Amz-Date=20260223T003239Z&X-Amz-Expires=604800&X-Amz-Signature=38ed1654e0835a21717e6718328aa26dbb131bcc7367ac2b4645accbb8c0f35c&X-Amz-SignedHeaders=host&response-content-disposition=attachment%3B%20filename%3Debdab2d9-7bd9-48ef-b21d-e248799a2517.flac&x-id=GetObject,0.423706651,65444
LMRam-2024-05-02_13-00.WAV,2024 Baja Lago Mesa Redonda,2024,5,2,13,0,Agelaius tricolor,Courtship Song,33.01333237,33.95199966,94,8719,24000,present,https://rfcx-streams-production.s3.eu-west-1.amazonaws.com/2024/05/02/2jm3bjkccty2/42b50fdb-717e-43db-8007-d80d8cc0a6d8.flac?X-Amz-Algorithm=AWS4-HMAC-SHA256&X-Amz-Content-Sha256=UNSIGNED-PAYLOAD&X-Amz-Credential=AKIA45B7YWBX5HAZMGOU%2F20260223%2Feu-west-1%2Fs3%2Faws4_request&X-Amz-Date=20260223T003239Z&X-Amz-Expires=604800&X-Amz-Signature=412d5ccf059658942ec5001abb757e3efd50e1cf78941154b16ef663da63a72e&X-Amz-SignedHeaders=host&response-content-disposition=attachment%3B%20filename%3D42b50fdb-717e-43db-8007-d80d8cc0a6d8.flac&x-id=GetObject,0.620851219,65444
LMRam-2024-05-02_13-20.WAV,2024 Baja Lago Mesa Redonda,2024,5,2,13,20,Agelaius tricolor,Courtship Song,7.381333351,8.319999695,94,8719,24000,present,https://rfcx-streams-production.s3.eu-west-1.amazonaws.com/2024/05/02/2jm3bjkccty2/b79c0cd7-b71d-4d31-9431-b7a54a2a7df2.flac?X-Amz-Algorithm=AWS4-HMAC-SHA256&X-Amz-Content-Sha256=UNSIGNED-PAYLOAD&X-Amz-Credential=AKIA45B7YWBX5HAZMGOU%2F20260223%2Feu-west-1%2Fs3%2Faws4_request&X-Amz-Date=20260223T003239Z&X-Amz-Expires=604800&X-Amz-Signature=c894ba224cc6253c96d1c801cc41c32cdf911afbc6e1cb2d4678f3e88915d0ed&X-Amz-SignedHeaders=host&response-content-disposition=attachment%3B%20filename%3Db79c0cd7-b71d-4d31-9431-b7a54a2a7df2.flac&x-id=GetObject,0.522722304,65444
LMRam-2024-05-02_13-40.WAV,2024 Baja Lago Mesa Redonda,2024,5,2,13,40,Agelaius tricolor,Courtship Song,8.512000084,9.450666428,94,8719,24000,present,https://rfcx-streams-production.s3.eu-west-1.amazonaws.com/2024/05/02/2jm3bjkccty2/ab19752d-64ee-44b9-a44f-8447f46f1751.flac?X-Amz-Algorithm=AWS4-HMAC-SHA256&X-Amz-Content-Sha256=UNSIGNED-PAYLOAD&X-Amz-Credential=AKIA45B7YWBX5HAZMGOU%2F20260223%2Feu-west-1%2Fs3%2Faws4_request&X-Amz-Date=20260223T003239Z&X-Amz-Expires=604800&X-Amz-Signature=3d0def88b4ef07edba37850c9c37de925441c7d48687182685681113a058e853&X-Amz-SignedHeaders=host&response-content-disposition=attachment%3B%20filename%3Dab19752d-64ee-44b9-a44f-8447f46f1751.flac&x-id=GetObject,0.445455104,65444
LMRam-2024-05-02_14-00.WAV,2024 Baja Lago Mesa Redonda,2024,5,2,14,0,Agelaius tricolor,Courtship Song,36.98133469,37.91999817,94,8719,24000,present,https://rfcx-streams-production.s3.eu-west-1.amazonaws.com/2024/05/02/2jm3bjkccty2/1da0be29-69aa-468f-89f7-320f06097f94.flac?X-Amz-Algorithm=AWS4-HMAC-SHA256&X-Amz-Content-Sha256=UNSIGNED-PAYLOAD&X-Amz-Credential=AKIA45B7YWBX5HAZMGOU%2F20260223%2Feu-west-1%2Fs3%2Faws4_request&X-Amz-Date=20260223T003239Z&X-Amz-Expires=604800&X-Amz-Signature=5cb8fa9b3c3d97c49b90051adfa88cc81b7ade737c855119e15df940d9740257&X-Amz-SignedHeaders=host&response-content-disposition=attachment%3B%20filename%3D1da0be29-69aa-468f-89f7-320f06097f94.flac&x-id=GetObject,0.458216071,65444
LMRam-2024-05-02_14-20.WAV,2024 Baja Lago Mesa Redonda,2024,5,2,14,20,Agelaius tricolor,Courtship Song,3.519999981,4.458666801,94,8719,24000,present,https://rfcx-streams-production.s3.eu-west-1.amazonaws.com/2024/05/02/2jm3bjkccty2/188a708e-af1e-46d4-b8ee-ca74771b8e3c.flac?X-Amz-Algorithm=AWS4-HMAC-SHA256&X-Amz-Content-Sha256=UNSIGNED-PAYLOAD&X-Amz-Credential=AKIA45B7YWBX5HAZMGOU%2F20260223%2Feu-west-1%2Fs3%2Faws4_request&X-Amz-Date=20260223T003239Z&X-Amz-Expires=604800&X-Amz-Signature=6bd20a2587bdaa821b1dd6902b1865283ee320630ddbc8d8ee1d7e2be65a9813&X-Amz-SignedHeaders=host&response-content-disposition=attachment%3B%20filename%3D188a708e-af1e-46d4-b8ee-ca74771b8e3c.flac&x-id=GetObject,0.431752264,65444
LMRam-2024-05-02_14-40.WAV,2024 Baja Lago Mesa Redonda,2024,5,2,14,40,Agelaius tricolor,Courtship Song,38.68799973,39.62666702,94,8719,24000,present,https://rfcx-streams-production.s3.eu-west-1.amazonaws.com/2024/05/02/2jm3bjkccty2/d9ee0fa0-25fd-41fb-9139-920ebcec18ed.flac?X-Amz-Algorithm=AWS4-HMAC-SHA256&X-Amz-Content-Sha256=UNSIGNED-PAYLOAD&X-Amz-Credential=AKIA45B7YWBX5HAZMGOU%2F20260223%2Feu-west-1%2Fs3%2Faws4_request&X-Amz-Date=20260223T003239Z&X-Amz-Expires=604800&X-Amz-Signature=1978012af209666d388c2c91be05b5f847272ed1a6da723a7d7d0ac7e1b21537&X-Amz-SignedHeaders=host&response-content-disposition=attachment%3B%20filename%3Dd9ee0fa0-25fd-41fb-9139-920ebcec18ed.flac&x-id=GetObject,0.408020914,65444
LMRam-2024-05-02_15-00.WAV,2024 Baja Lago Mesa Redonda,2024,5,2,15,0,Agelaius tricolor,Courtship Song,36.73600006,37.67466736,94,8719,24000,present,https://rfcx-streams-production.s3.eu-west-1.amazonaws.com/2024/05/02/2jm3bjkccty2/b1335542-6a82-447a-a954-dded5831a6b7.flac?X-Amz-Algorithm=AWS4-HMAC-SHA256&X-Amz-Content-Sha256=UNSIGNED-PAYLOAD&X-Amz-Credential=AKIA45B7YWBX5HAZMGOU%2F20260223%2Feu-west-1%2Fs3%2Faws4_request&X-Amz-Date=20260223T003239Z&X-Amz-Expires=604800&X-Amz-Signature=2021c3df5b502f4089ff30e37ba0e14fc6cb3df573ba7cf7c9d7fb3e6dd5492e&X-Amz-SignedHeaders=host&response-content-disposition=attachment%3B%20filename%3Db1335542-6a82-447a-a954-dded5831a6b7.flac&x-id=GetObject,0.469744891,65444
LMRam-2024-05-02_15-20.WAV,2024 Baja Lago Mesa Redonda,2024,5,2,15,20,Agelaius tricolor,Courtship Song,39.75466537,40.69333267,94,8719,24000,present,https://rfcx-streams-production.s3.eu-west-1.amazonaws.com/2024/05/02/2jm3bjkccty2/5b396285-f203-476a-a6ad-48433a2ca930.flac?X-Amz-Algorithm=AWS4-HMAC-SHA256&X-Amz-Content-Sha256=UNSIGNED-PAYLOAD&X-Amz-Credential=AKIA45B7YWBX5HAZMGOU%2F20260223%2Feu-west-1%2Fs3%2Faws4_request&X-Amz-Date=20260223T003239Z&X-Amz-Expires=604800&X-Amz-Signature=57a1eecf597e0c2f7fe8fbd5dadc767bc18c92611eb03438d88e704c1c0e2d77&X-Amz-SignedHeaders=host&response-content-disposition=attachment%3B%20filename%3D5b396285-f203-476a-a6ad-48433a2ca930.flac&x-id=GetObject,0.378041416,65444
LMRam-2024-05-02_15-40.WAV,2024 Baja Lago Mesa Redonda,2024,5,2,15,40,Agelaius tricolor,Courtship Song,3.829333305,4.768000126,94,8719,24000,present,https://rfcx-streams-production.s3.eu-west-1.amazonaws.com/2024/05/02/2jm3bjkccty2/1ac70d14-6938-460c-90de-45a9bdcab8b1.flac?X-Amz-Algorithm=AWS4-HMAC-SHA256&X-Amz-Content-Sha256=UNSIGNED-PAYLOAD&X-Amz-Credential=AKIA45B7YWBX5HAZMGOU%2F20260223%2Feu-west-1%2Fs3%2Faws4_request&X-Amz-Date=20260223T003239Z&X-Amz-Expires=604800&X-Amz-Signature=34c2176cb8c1f66a1af6c56acbb58c7dbc039cb7f976ec628408b6efc669e3ff&X-Amz-SignedHeaders=host&response-content-disposition=attachment%3B%20filename%3D1ac70d14-6938-460c-90de-45a9bdcab8b1.flac&x-id=GetObject,0.441385418,65444
LMRam-2024-05-02_16-00.WAV,2024 Baja Lago Mesa Redonda,2024,5,2,16,0,Agelaius tricolor,Courtship Song,29.33333397,30.27199936,94,8719,24000,present,https://rfcx-streams-production.s3.eu-west-1.amazonaws.com/2024/05/02/2jm3bjkccty2/92a00152-9e2d-41dc-bd8c-7133eb7882c7.flac?X-Amz-Algorithm=AWS4-HMAC-SHA256&X-Amz-Content-Sha256=UNSIGNED-PAYLOAD&X-Amz-Credential=AKIA45B7YWBX5HAZMGOU%2F20260223%2Feu-west-1%2Fs3%2Faws4_request&X-Amz-Date=20260223T003239Z&X-Amz-Expires=604800&X-Amz-Signature=ca39a929d41a4c0bf1f162670ad121cf9281c12d6b01847b71fcabbb178f1463&X-Amz-SignedHeaders=host&response-content-disposition=attachment%3B%20filename%3D92a00152-9e2d-41dc-bd8c-7133eb7882c7.flac&x-id=GetObject,0.400544167,65444
LMRam-2024-05-02_16-20.WAV,2024 Baja Lago Mesa Redonda,2024,5,2,16,20,Agelaius tricolor,Courtship Song,0.688000023,1.626666665,94,8719,24000,present,https://rfcx-streams-production.s3.eu-west-1.amazonaws.com/2024/05/02/2jm3bjkccty2/9a2a043f-3581-409e-811d-d5bb1ed1873c.flac?X-Amz-Algorithm=AWS4-HMAC-SHA256&X-Amz-Content-Sha256=UNSIGNED-PAYLOAD&X-Amz-Credential=AKIA45B7YWBX5HAZMGOU%2F20260223%2Feu-west-1%2Fs3%2Faws4_request&X-Amz-Date=20260223T003239Z&X-Amz-Expires=604800&X-Amz-Signature=ba171870e78ae76d502dfc0dffb7f0333f4bd9b28892ef8d5546816885ef4733&X-Amz-SignedHeaders=host&response-content-disposition=attachment%3B%20filename%3D9a2a043f-3581-409e-811d-d5bb1ed1873c.flac&x-id=GetObject,0.538642049,65444
LMRam-2024-05-02_16-40.WAV,2024 Baja Lago Mesa Redonda,2024,5,2,16,40,Agelaius tricolor,Courtship Song,26.02133369,26.95999908,94,8719,24000,present,https://rfcx-streams-production.s3.eu-west-1.amazonaws.com/2024/05/02/2jm3bjkccty2/e9f1ca84-68dc-412a-8f81-765298d0c8cc.flac?X-Amz-Algorithm=AWS4-HMAC-SHA256&X-Amz-Content-Sha256=UNSIGNED-PAYLOAD&X-Amz-Credential=AKIA45B7YWBX5HAZMGOU%2F20260223%2Feu-west-1%2Fs3%2Faws4_request&X-Amz-Date=20260223T003239Z&X-Amz-Expires=604800&X-Amz-Signature=be91e19e5fea54c057dba7cbca2083366da9b6b65fbbc48157d087a84fa9e465&X-Amz-SignedHeaders=host&response-content-disposition=attachment%3B%20filename%3De9f1ca84-68dc-412a-8f81-765298d0c8cc.flac&x-id=GetObject,0.373377949,65444
LMRam-2024-05-02_17-00.WAV,2024 Baja Lago Mesa Redonda,2024,5,2,17,0,Agelaius tricolor,Courtship Song,42.72000122,43.65866852,94,8719,24000,present,https://rfcx-streams-production.s3.eu-west-1.amazonaws.com/2024/05/03/2jm3bjkccty2/87563f68-dfdf-418a-b3f9-8e7d6d7bd36a.flac?X-Amz-Algorithm=AWS4-HMAC-SHA256&X-Amz-Content-Sha256=UNSIGNED-PAYLOAD&X-Amz-Credential=AKIA45B7YWBX5HAZMGOU%2F20260223%2Feu-west-1%2Fs3%2Faws4_request&X-Amz-Date=20260223T003239Z&X-Amz-Expires=604800&X-Amz-Signature=28fa22aac5a235186b385d92c9d025d64262ef880ca133591d1ba5415e91675e&X-Amz-SignedHeaders=host&response-content-disposition=attachment%3B%20filename%3D87563f68-dfdf-418a-b3f9-8e7d6d7bd36a.flac&x-id=GetObject,0.438148439,65444
LMRam-2024-05-02_17-20.WAV,2024 Baja Lago Mesa Redonda,2024,5,2,17,20,Agelaius tricolor,Courtship Song,41.0613327,42,94,8719,24000,present,https://rfcx-streams-production.s3.eu-west-1.amazonaws.com/2024/05/03/2jm3bjkccty2/562ecac2-952d-4904-86db-47596a9422b1.flac?X-Amz-Algorithm=AWS4-HMAC-SHA256&X-Amz-Content-Sha256=UNSIGNED-PAYLOAD&X-Amz-Credential=AKIA45B7YWBX5HAZMGOU%2F20260223%2Feu-west-1%2Fs3%2Faws4_request&X-Amz-Date=20260223T003239Z&X-Amz-Expires=604800&X-Amz-Signature=0d6002dcec8f96db7452cbd3512ce0c436f80002535dff74ebd88868ca10a078&X-Amz-SignedHeaders=host&response-content-disposition=attachment%3B%20filename%3D562ecac2-952d-4904-86db-47596a9422b1.flac&x-id=GetObject,0.563020289,65444
LMRam-2024-05-02_18-00.WAV,2024 Baja Lago Mesa Redonda,2024,5,2,18,0,Agelaius tricolor,Courtship Song,14.25599957,15.19466686,94,8719,24000,present,https://rfcx-streams-production.s3.eu-west-1.amazonaws.com/2024/05/03/2jm3bjkccty2/3708fdb5-22cb-4f35-81de-824445398e23.flac?X-Amz-Algorithm=AWS4-HMAC-SHA256&X-Amz-Content-Sha256=UNSIGNED-PAYLOAD&X-Amz-Credential=AKIA45B7YWBX5HAZMGOU%2F20260223%2Feu-west-1%2Fs3%2Faws4_request&X-Amz-Date=20260223T003239Z&X-Amz-Expires=604800&X-Amz-Signature=fd714da9b5693ee2f78fca73b3160ea62ce3a41a0ee998709cb80d003790759e&X-Amz-SignedHeaders=host&response-content-disposition=attachment%3B%20filename%3D3708fdb5-22cb-4f35-81de-824445398e23.flac&x-id=GetObject,0.40123722,65444
LMRam-2024-05-02_18-20.WAV,2024 Baja Lago Mesa Redonda,2024,5,2,18,20,Agelaius tricolor,Courtship Song,52.38933182,53.32799911,94,8719,24000,present,https://rfcx-streams-production.s3.eu-west-1.amazonaws.com/2024/05/03/2jm3bjkccty2/dbe27063-f1c9-4429-8e6c-65c6b291c18d.flac?X-Amz-Algorithm=AWS4-HMAC-SHA256&X-Amz-Content-Sha256=UNSIGNED-PAYLOAD&X-Amz-Credential=AKIA45B7YWBX5HAZMGOU%2F20260223%2Feu-west-1%2Fs3%2Faws4_request&X-Amz-Date=20260223T003239Z&X-Amz-Expires=604800&X-Amz-Signature=aa32a2bea0cf3fa8a5a1f59a1487eb82429867389b012f648fc73217a5e43c16&X-Amz-SignedHeaders=host&response-content-disposition=attachment%3B%20filename%3Ddbe27063-f1c9-4429-8e6c-65c6b291c18d.flac&x-id=GetObject,0.440628707,65444
LMRam-2024-05-02_18-40.WAV,2024 Baja Lago Mesa Redonda,2024,5,2,18,40,Agelaius tricolor,Courtship Song,51.41866684,52.35733414,94,8719,24000,present,https://rfcx-streams-production.s3.eu-west-1.amazonaws.com/2024/05/03/2jm3bjkccty2/3c816d6f-7afc-48ef-9e49-825cca93c465.flac?X-Amz-Algorithm=AWS4-HMAC-SHA256&X-Amz-Content-Sha256=UNSIGNED-PAYLOAD&X-Amz-Credential=AKIA45B7YWBX5HAZMGOU%2F20260223%2Feu-west-1%2Fs3%2Faws4_request&X-Amz-Date=20260223T003239Z&X-Amz-Expires=604800&X-Amz-Signature=afd1315ffad40fe31eb9081e637db8c07dcff9711655666949dfba25eb4ecbf3&X-Amz-SignedHeaders=host&response-content-disposition=attachment%3B%20filename%3D3c816d6f-7afc-48ef-9e49-825cca93c465.flac&x-id=GetObject,0.417283386,65444
LMRam-2024-05-02_19-00.WAV,2024 Baja Lago Mesa Redonda,2024,5,2,19,0,Agelaius tricolor,Courtship Song,48.4426651,49.3813324,94,8719,24000,present,https://rfcx-streams-production.s3.eu-west-1.amazonaws.com/2024/05/03/2jm3bjkccty2/ffa81d26-d68e-4254-b1de-217f927f6081.flac?X-Amz-Algorithm=AWS4-HMAC-SHA256&X-Amz-Content-Sha256=UNSIGNED-PAYLOAD&X-Amz-Credential=AKIA45B7YWBX5HAZMGOU%2F20260223%2Feu-west-1%2Fs3%2Faws4_request&X-Amz-Date=20260223T003239Z&X-Amz-Expires=604800&X-Amz-Signature=8062c1dbd37e96e7abcdaf2e4a54c52a8c82f07c1aff6ddc353bc61d9d3972f8&X-Amz-SignedHeaders=host&response-content-disposition=attachment%3B%20filename%3Dffa81d26-d68e-4254-b1de-217f927f6081.flac&x-id=GetObject,0.362511456,65444
LMRam-2024-05-02_19-20.WAV,2024 Baja Lago Mesa Redonda,2024,5,2,19,20,Agelaius tricolor,Courtship Song,35.5359993,36.4746666,94,8719,24000,present,https://rfcx-streams-production.s3.eu-west-1.amazonaws.com/2024/05/03/2jm3bjkccty2/10c5735c-9e19-493f-a2e7-ebdfb84a734e.flac?X-Amz-Algorithm=AWS4-HMAC-SHA256&X-Amz-Content-Sha256=UNSIGNED-PAYLOAD&X-Amz-Credential=AKIA45B7YWBX5HAZMGOU%2F20260223%2Feu-west-1%2Fs3%2Faws4_request&X-Amz-Date=20260223T003239Z&X-Amz-Expires=604800&X-Amz-Signature=9c82e0d4d107b5f799f3f2ad2b41b744d562c6758c0051574324344d55245a29&X-Amz-SignedHeaders=host&response-content-disposition=attachment%3B%20filename%3D10c5735c-9e19-493f-a2e7-ebdfb84a734e.flac&x-id=GetObject,0.409957409,65444
LMRam-2024-05-02_19-40.WAV,2024 Baja Lago Mesa Redonda,2024,5,2,19,40,Agelaius tricolor,Courtship Song,2.373333216,3.312000036,94,8719,24000,present,https://rfcx-streams-production.s3.eu-west-1.amazonaws.com/2024/05/03/2jm3bjkccty2/bce7c00d-0795-4a47-be8a-97929d2c813c.flac?X-Amz-Algorithm=AWS4-HMAC-SHA256&X-Amz-Content-Sha256=UNSIGNED-PAYLOAD&X-Amz-Credential=AKIA45B7YWBX5HAZMGOU%2F20260223%2Feu-west-1%2Fs3%2Faws4_request&X-Amz-Date=20260223T003239Z&X-Amz-Expires=604800&X-Amz-Signature=0347ade75281feee5a144e53f88d45d8e1be51139ab11ad8b3271d7216d53cd9&X-Amz-SignedHeaders=host&response-content-disposition=attachment%3B%20filename%3Dbce7c00d-0795-4a47-be8a-97929d2c813c.flac&x-id=GetObject,0.416527897,65444
LMRam-2024-05-03_05-20.WAV,2024 Baja Lago Mesa Redonda,2024,5,3,5,20,Agelaius tricolor,Courtship Song,9.279999733,10.21866703,94,8719,24000,present,https://rfcx-streams-production.s3.eu-west-1.amazonaws.com/2024/05/03/2jm3bjkccty2/01a48735-af73-4043-bf26-a4c5fd3d9655.flac?X-Amz-Algorithm=AWS4-HMAC-SHA256&X-Amz-Content-Sha256=UNSIGNED-PAYLOAD&X-Amz-Credential=AKIA45B7YWBX5HAZMGOU%2F20260223%2Feu-west-1%2Fs3%2Faws4_request&X-Amz-Date=20260223T003239Z&X-Amz-Expires=604800&X-Amz-Signature=902f8a9ff04f18143509f197db7afce883ebefe759fbedd8df151658284602e5&X-Amz-SignedHeaders=host&response-content-disposition=attachment%3B%20filename%3D01a48735-af73-4043-bf26-a4c5fd3d9655.flac&x-id=GetObject,0.350701362,65444
LMRam-2024-05-03_05-40.WAV,2024 Baja Lago Mesa Redonda,2024,5,3,5,40,Agelaius tricolor,Courtship Song,38.58133316,39.52000046,94,8719,24000,present,https://rfcx-streams-production.s3.eu-west-1.amazonaws.com/2024/05/03/2jm3bjkccty2/7a23ac0a-da2f-4226-bb24-5ace0cc144b1.flac?X-Amz-Algorithm=AWS4-HMAC-SHA256&X-Amz-Content-Sha256=UNSIGNED-PAYLOAD&X-Amz-Credential=AKIA45B7YWBX5HAZMGOU%2F20260223%2Feu-west-1%2Fs3%2Faws4_request&X-Amz-Date=20260223T003239Z&X-Amz-Expires=604800&X-Amz-Signature=57cdec5a82f8d8c36a8dcdf7caaa372aef430624034abaee82b4dabd36f826c6&X-Amz-SignedHeaders=host&response-content-disposition=attachment%3B%20filename%3D7a23ac0a-da2f-4226-bb24-5ace0cc144b1.flac&x-id=GetObject,0.492234349,65444
LMRam-2024-05-03_06-00.WAV,2024 Baja Lago Mesa Redonda,2024,5,3,6,0,Agelaius tricolor,Courtship Song,55.26399994,56.20266724,94,8719,24000,present,https://rfcx-streams-production.s3.eu-west-1.amazonaws.com/2024/05/03/2jm3bjkccty2/9ac32646-d5d2-4030-9353-fb121686fe32.flac?X-Amz-Algorithm=AWS4-HMAC-SHA256&X-Amz-Content-Sha256=UNSIGNED-PAYLOAD&X-Amz-Credential=AKIA45B7YWBX5HAZMGOU%2F20260223%2Feu-west-1%2Fs3%2Faws4_request&X-Amz-Date=20260223T003239Z&X-Amz-Expires=604800&X-Amz-Signature=e5b3828e0cfdcb4c86c102ca2b1c9a04f121dc64b8d35514b372182e399792ca&X-Amz-SignedHeaders=host&response-content-disposition=attachment%3B%20filename%3D9ac32646-d5d2-4030-9353-fb121686fe32.flac&x-id=GetObject,0.323715329,65444
LMRam-2024-05-03_06-20.WAV,2024 Baja Lago Mesa Redonda,2024,5,3,6,20,Agelaius tricolor,Courtship Song,53.34933472,54.2879982,94,8719,24000,present,https://rfcx-streams-production.s3.eu-west-1.amazonaws.com/2024/05/03/2jm3bjkccty2/c00bacc7-7792-4da0-9548-e268bb4898a2.flac?X-Amz-Algorithm=AWS4-HMAC-SHA256&X-Amz-Content-Sha256=UNSIGNED-PAYLOAD&X-Amz-Credential=AKIA45B7YWBX5HAZMGOU%2F20260223%2Feu-west-1%2Fs3%2Faws4_request&X-Amz-Date=20260223T003239Z&X-Amz-Expires=604800&X-Amz-Signature=0a4477c373ca804cab1a7941e0e8841bb723e9e7cbc152e00423da483e73ff3e&X-Amz-SignedHeaders=host&response-content-disposition=attachment%3B%20filename%3Dc00bacc7-7792-4da0-9548-e268bb4898a2.flac&x-id=GetObject,0.381220162,65444
LMRam-2024-05-03_06-40.WAV,2024 Baja Lago Mesa Redonda,2024,5,3,6,40,Agelaius tricolor,Courtship Song,15.73866653,16.67733383,94,8719,24000,present,https://rfcx-streams-production.s3.eu-west-1.amazonaws.com/2024/05/03/2jm3bjkccty2/b85275b6-cd8f-4733-b695-8e5f84179425.flac?X-Amz-Algorithm=AWS4-HMAC-SHA256&X-Amz-Content-Sha256=UNSIGNED-PAYLOAD&X-Amz-Credential=AKIA45B7YWBX5HAZMGOU%2F20260223%2Feu-west-1%2Fs3%2Faws4_request&X-Amz-Date=20260223T003239Z&X-Amz-Expires=604800&X-Amz-Signature=d80bf7e6ae6b18d1814255a11fd058d699c1baf947df204f46966532da05565e&X-Amz-SignedHeaders=host&response-content-disposition=attachment%3B%20filename%3Db85275b6-cd8f-4733-b695-8e5f84179425.flac&x-id=GetObject,0.558310449,65444
LMRam-2024-05-03_07-00.WAV,2024 Baja Lago Mesa Redonda,2024,5,3,7,0,Agelaius tricolor,Courtship Song,50.52799988,51.46666718,94,8719,24000,present,https://rfcx-streams-production.s3.eu-west-1.amazonaws.com/2024/05/03/2jm3bjkccty2/ee5d9b7b-e7d4-4cae-ac66-7cf582052cd2.flac?X-Amz-Algorithm=AWS4-HMAC-SHA256&X-Amz-Content-Sha256=UNSIGNED-PAYLOAD&X-Amz-Credential=AKIA45B7YWBX5HAZMGOU%2F20260223%2Feu-west-1%2Fs3%2Faws4_request&X-Amz-Date=20260223T003239Z&X-Amz-Expires=604800&X-Amz-Signature=4b6690efc6c42c221fce017690a142261b71d95bbd7996cc712be2f16ebddeb8&X-Amz-SignedHeaders=host&response-content-disposition=attachment%3B%20filename%3Dee5d9b7b-e7d4-4cae-ac66-7cf582052cd2.flac&x-id=GetObject,0.461520195,65444
LMRam-2024-05-03_07-20.WAV,2024 Baja Lago Mesa Redonda,2024,5,3,7,20,Agelaius tricolor,Courtship Song,0.671999991,1.610666633,94,8719,24000,present,https://rfcx-streams-production.s3.eu-west-1.amazonaws.com/2024/05/03/2jm3bjkccty2/4f39c59e-4782-4121-8e70-a2d91089547d.flac?X-Amz-Algorithm=AWS4-HMAC-SHA256&X-Amz-Content-Sha256=UNSIGNED-PAYLOAD&X-Amz-Credential=AKIA45B7YWBX5HAZMGOU%2F20260223%2Feu-west-1%2Fs3%2Faws4_request&X-Amz-Date=20260223T003239Z&X-Amz-Expires=604800&X-Amz-Signature=20b49a728e60b57c8c7e926094ad5e2e6ae2fbf59e428dcb8aba61892676c496&X-Amz-SignedHeaders=host&response-content-disposition=attachment%3B%20filename%3D4f39c59e-4782-4121-8e70-a2d91089547d.flac&x-id=GetObject,0.3681252,65444
LMRam-2024-05-03_07-40.WAV,2024 Baja Lago Mesa Redonda,2024,5,3,7,40,Agelaius tricolor,Courtship Song,6.975999832,7.914666653,94,8719,24000,present,https://rfcx-streams-production.s3.eu-west-1.amazonaws.com/2024/05/03/2jm3bjkccty2/f2fe7445-c5d7-410a-b3e5-8579e143bd4b.flac?X-Amz-Algorithm=AWS4-HMAC-SHA256&X-Amz-Content-Sha256=UNSIGNED-PAYLOAD&X-Amz-Credential=AKIA45B7YWBX5HAZMGOU%2F20260223%2Feu-west-1%2Fs3%2Faws4_request&X-Amz-Date=20260223T003239Z&X-Amz-Expires=604800&X-Amz-Signature=d19d4b8e2929d9d580a95d7233992741fcfb735ce462b087e1326358d16b5980&X-Amz-SignedHeaders=host&response-content-disposition=attachment%3B%20filename%3Df2fe7445-c5d7-410a-b3e5-8579e143bd4b.flac&x-id=GetObject,0.457767785,65444
LMRam-2024-05-03_08-00.WAV,2024 Baja Lago Mesa Redonda,2024,5,3,8,0,Agelaius tricolor,Courtship Song,27.16799927,28.10666656,94,8719,24000,present,https://rfcx-streams-production.s3.eu-west-1.amazonaws.com/2024/05/03/2jm3bjkccty2/fce1204e-bdfd-43e1-ad98-9d27b48b62bd.flac?X-Amz-Algorithm=AWS4-HMAC-SHA256&X-Amz-Content-Sha256=UNSIGNED-PAYLOAD&X-Amz-Credential=AKIA45B7YWBX5HAZMGOU%2F20260223%2Feu-west-1%2Fs3%2Faws4_request&X-Amz-Date=20260223T003239Z&X-Amz-Expires=604800&X-Amz-Signature=7b591c2585569f811ab46a302d5a80ed97168cfd052631418d43a271ec067e18&X-Amz-SignedHeaders=host&response-content-disposition=attachment%3B%20filename%3Dfce1204e-bdfd-43e1-ad98-9d27b48b62bd.flac&x-id=GetObject,0.430085897,65444
LMRam-2024-05-03_08-20.WAV,2024 Baja Lago Mesa Redonda,2024,5,3,8,20,Agelaius tricolor,Courtship Song,44.4746666,45.41333389,94,8719,24000,present,https://rfcx-streams-production.s3.eu-west-1.amazonaws.com/2024/05/03/2jm3bjkccty2/b9ed306d-ac13-4c16-9354-d342a869413e.flac?X-Amz-Algorithm=AWS4-HMAC-SHA256&X-Amz-Content-Sha256=UNSIGNED-PAYLOAD&X-Amz-Credential=AKIA45B7YWBX5HAZMGOU%2F20260223%2Feu-west-1%2Fs3%2Faws4_request&X-Amz-Date=20260223T003239Z&X-Amz-Expires=604800&X-Amz-Signature=24c3e54b27c06e50639263802b0229bb28891d6485cdf8d3a876e659a7636fa3&X-Amz-SignedHeaders=host&response-content-disposition=attachment%3B%20filename%3Db9ed306d-ac13-4c16-9354-d342a869413e.flac&x-id=GetObject,0.475539982,65444
LMRam-2024-05-03_08-40.WAV,2024 Baja Lago Mesa Redonda,2024,5,3,8,40,Agelaius tricolor,Courtship Song,12.10133362,13.03999996,94,8719,24000,present,https://rfcx-streams-production.s3.eu-west-1.amazonaws.com/2024/05/03/2jm3bjkccty2/e502384a-5e3b-4d37-89e2-3a97949e51a7.flac?X-Amz-Algorithm=AWS4-HMAC-SHA256&X-Amz-Content-Sha256=UNSIGNED-PAYLOAD&X-Amz-Credential=AKIA45B7YWBX5HAZMGOU%2F20260223%2Feu-west-1%2Fs3%2Faws4_request&X-Amz-Date=20260223T003239Z&X-Amz-Expires=604800&X-Amz-Signature=5f9af181a947850157eaa6638e79f2ebe4656cf19b45613a7ef8e67b18023c04&X-Amz-SignedHeaders=host&response-content-disposition=attachment%3B%20filename%3De502384a-5e3b-4d37-89e2-3a97949e51a7.flac&x-id=GetObject,0.426528424,65444
LMRam-2024-05-03_09-00.WAV,2024 Baja Lago Mesa Redonda,2024,5,3,9,0,Agelaius tricolor,Courtship Song,53.34933472,54.2879982,94,8719,24000,present,https://rfcx-streams-production.s3.eu-west-1.amazonaws.com/2024/05/03/2jm3bjkccty2/1dd63604-d580-4492-ae82-022f45c1adf8.flac?X-Amz-Algorithm=AWS4-HMAC-SHA256&X-Amz-Content-Sha256=UNSIGNED-PAYLOAD&X-Amz-Credential=AKIA45B7YWBX5HAZMGOU%2F20260223%2Feu-west-1%2Fs3%2Faws4_request&X-Amz-Date=20260223T003239Z&X-Amz-Expires=604800&X-Amz-Signature=5a570269438a9b59ca7754467c4fab6f943adfebb82f182e1d6689333f9c4e8a&X-Amz-SignedHeaders=host&response-content-disposition=attachment%3B%20filename%3D1dd63604-d580-4492-ae82-022f45c1adf8.flac&x-id=GetObject,0.409726769,65444
LMRam-2024-05-03_09-20.WAV,2024 Baja Lago Mesa Redonda,2024,5,3,9,20,Agelaius tricolor,Courtship Song,56.40000153,57.33866501,94,8719,24000,present,https://rfcx-streams-production.s3.eu-west-1.amazonaws.com/2024/05/03/2jm3bjkccty2/99f8757b-ee5f-4c76-8750-37f45e5daba9.flac?X-Amz-Algorithm=AWS4-HMAC-SHA256&X-Amz-Content-Sha256=UNSIGNED-PAYLOAD&X-Amz-Credential=AKIA45B7YWBX5HAZMGOU%2F20260223%2Feu-west-1%2Fs3%2Faws4_request&X-Amz-Date=20260223T003239Z&X-Amz-Expires=604800&X-Amz-Signature=b65e1be9332fa19c145dfa960e378cca0522d98dfc95d405330400a119defabe&X-Amz-SignedHeaders=host&response-content-disposition=attachment%3B%20filename%3D99f8757b-ee5f-4c76-8750-37f45e5daba9.flac&x-id=GetObject,0.432884485,65444
LMRam-2024-05-03_09-40.WAV,2024 Baja Lago Mesa Redonda,2024,5,3,9,40,Agelaius tricolor,Courtship Song,24.74133301,25.68000031,94,8719,24000,present,https://rfcx-streams-production.s3.eu-west-1.amazonaws.com/2024/05/03/2jm3bjkccty2/a1c97fe4-f09c-45cd-9a12-7b97cb7af30d.flac?X-Amz-Algorithm=AWS4-HMAC-SHA256&X-Amz-Content-Sha256=UNSIGNED-PAYLOAD&X-Amz-Credential=AKIA45B7YWBX5HAZMGOU%2F20260223%2Feu-west-1%2Fs3%2Faws4_request&X-Amz-Date=20260223T003239Z&X-Amz-Expires=604800&X-Amz-Signature=68664c9cb9851377f0e48b84dfac4ab59ce1c6a482597456fe99ba01ee4df352&X-Amz-SignedHeaders=host&response-content-disposition=attachment%3B%20filename%3Da1c97fe4-f09c-45cd-9a12-7b97cb7af30d.flac&x-id=GetObject,0.550490439,65444
LMRam-2024-05-03_10-00.WAV,2024 Baja Lago Mesa Redonda,2024,5,3,10,0,Agelaius tricolor,Courtship Song,55.32266617,56.26133347,94,8719,24000,present,https://rfcx-streams-production.s3.eu-west-1.amazonaws.com/2024/05/03/2jm3bjkccty2/9701addc-3466-44d0-8154-95dd0842cf83.flac?X-Amz-Algorithm=AWS4-HMAC-SHA256&X-Amz-Content-Sha256=UNSIGNED-PAYLOAD&X-Amz-Credential=AKIA45B7YWBX5HAZMGOU%2F20260223%2Feu-west-1%2Fs3%2Faws4_request&X-Amz-Date=20260223T003239Z&X-Amz-Expires=604800&X-Amz-Signature=8c3528b1ddcfc345938271fd8525788fb62c18d9a9bbb93906170825eaaa454b&X-Amz-SignedHeaders=host&response-content-disposition=attachment%3B%20filename%3D9701addc-3466-44d0-8154-95dd0842cf83.flac&x-id=GetObject,0.478996813,65444
LMRam-2024-05-03_10-20.WAV,2024 Baja Lago Mesa Redonda,2024,5,3,10,20,Agelaius tricolor,Courtship Song,48.45333481,49.39199829,94,8719,24000,present,https://rfcx-streams-production.s3.eu-west-1.amazonaws.com/2024/05/03/2jm3bjkccty2/f2e36e56-3119-43a3-bc30-3d1ab23c1a4a.flac?X-Amz-Algorithm=AWS4-HMAC-SHA256&X-Amz-Content-Sha256=UNSIGNED-PAYLOAD&X-Amz-Credential=AKIA45B7YWBX5HAZMGOU%2F20260223%2Feu-west-1%2Fs3%2Faws4_request&X-Amz-Date=20260223T003239Z&X-Amz-Expires=604800&X-Amz-Signature=f3f61616106eac5de473cf775cb6f4c8028ee53d6256928acad5958906a9e2d5&X-Amz-SignedHeaders=host&response-content-disposition=attachment%3B%20filename%3Df2e36e56-3119-43a3-bc30-3d1ab23c1a4a.flac&x-id=GetObject,0.53526485,65444
LMRam-2024-05-03_10-40.WAV,2024 Baja Lago Mesa Redonda,2024,5,3,10,40,Agelaius tricolor,Courtship Song,14.34666634,15.28533363,94,8719,24000,present,https://rfcx-streams-production.s3.eu-west-1.amazonaws.com/2024/05/03/2jm3bjkccty2/6576de91-8614-4405-8241-6f55298f1634.flac?X-Amz-Algorithm=AWS4-HMAC-SHA256&X-Amz-Content-Sha256=UNSIGNED-PAYLOAD&X-Amz-Credential=AKIA45B7YWBX5HAZMGOU%2F20260223%2Feu-west-1%2Fs3%2Faws4_request&X-Amz-Date=20260223T003239Z&X-Amz-Expires=604800&X-Amz-Signature=94157a90ff02e6fdc93f80d0b83032cc9b8010d8825c9f247eff165259380adc&X-Amz-SignedHeaders=host&response-content-disposition=attachment%3B%20filename%3D6576de91-8614-4405-8241-6f55298f1634.flac&x-id=GetObject,0.450565964,65444
LMRam-2024-05-03_11-00.WAV,2024 Baja Lago Mesa Redonda,2024,5,3,11,0,Agelaius tricolor,Courtship Song,41.85066605,42.78933334,94,8719,24000,present,https://rfcx-streams-production.s3.eu-west-1.amazonaws.com/2024/05/03/2jm3bjkccty2/3861acaa-593e-4479-84db-531d4496c2f6.flac?X-Amz-Algorithm=AWS4-HMAC-SHA256&X-Amz-Content-Sha256=UNSIGNED-PAYLOAD&X-Amz-Credential=AKIA45B7YWBX5HAZMGOU%2F20260223%2Feu-west-1%2Fs3%2Faws4_request&X-Amz-Date=20260223T003239Z&X-Amz-Expires=604800&X-Amz-Signature=1f683585bb31390417ff9f92d931a1c4148d2125363890c4a48fd5b9d8625579&X-Amz-SignedHeaders=host&response-content-disposition=attachment%3B%20filename%3D3861acaa-593e-4479-84db-531d4496c2f6.flac&x-id=GetObject,0.48202166,65444
LMRam-2024-05-03_11-20.WAV,2024 Baja Lago Mesa Redonda,2024,5,3,11,20,Agelaius tricolor,Courtship Song,37.61066818,38.54933167,94,8719,24000,present,https://rfcx-streams-production.s3.eu-west-1.amazonaws.com/2024/05/03/2jm3bjkccty2/f4cdada7-f926-4ec1-9638-c8a1c3f6fae0.flac?X-Amz-Algorithm=AWS4-HMAC-SHA256&X-Amz-Content-Sha256=UNSIGNED-PAYLOAD&X-Amz-Credential=AKIA45B7YWBX5HAZMGOU%2F20260223%2Feu-west-1%2Fs3%2Faws4_request&X-Amz-Date=20260223T003251Z&X-Amz-Expires=604800&X-Amz-Signature=0fa12fe1c721129ce8f12f8ffca3160cebe7bc327a52f96d4be1642e30f597de&X-Amz-SignedHeaders=host&response-content-disposition=attachment%3B%20filename%3Df4cdada7-f926-4ec1-9638-c8a1c3f6fae0.flac&x-id=GetObject,0.417339474,65444
LMRam-2024-05-03_11-40.WAV,2024 Baja Lago Mesa Redonda,2024,5,3,11,40,Agelaius tricolor,Courtship Song,51.33866501,52.27733231,94,8719,24000,present,https://rfcx-streams-production.s3.eu-west-1.amazonaws.com/2024/05/03/2jm3bjkccty2/7bcb6790-f3aa-428f-913e-ab21ca2da96a.flac?X-Amz-Algorithm=AWS4-HMAC-SHA256&X-Amz-Content-Sha256=UNSIGNED-PAYLOAD&X-Amz-Credential=AKIA45B7YWBX5HAZMGOU%2F20260223%2Feu-west-1%2Fs3%2Faws4_request&X-Amz-Date=20260223T003251Z&X-Amz-Expires=604800&X-Amz-Signature=90fba5b2f5ecf779b363fa6637e06fbc99d000ee9761d8ba90a7864ece4c5da2&X-Amz-SignedHeaders=host&response-content-disposition=attachment%3B%20filename%3D7bcb6790-f3aa-428f-913e-ab21ca2da96a.flac&x-id=GetObject,0.434629291,65444
LMRam-2024-05-03_12-00.WAV,2024 Baja Lago Mesa Redonda,2024,5,3,12,0,Agelaius tricolor,Courtship Song,50.54933167,51.48799896,94,8719,24000,present,https://rfcx-streams-production.s3.eu-west-1.amazonaws.com/2024/05/03/2jm3bjkccty2/c09883d7-52eb-4a09-9c13-d1bed18f81fd.flac?X-Amz-Algorithm=AWS4-HMAC-SHA256&X-Amz-Content-Sha256=UNSIGNED-PAYLOAD&X-Amz-Credential=AKIA45B7YWBX5HAZMGOU%2F20260223%2Feu-west-1%2Fs3%2Faws4_request&X-Amz-Date=20260223T003251Z&X-Amz-Expires=604800&X-Amz-Signature=2069559d03a45cba0d3795c7d5f6882719918ae07dc3b7eccd8e800089ab2416&X-Amz-SignedHeaders=host&response-content-disposition=attachment%3B%20filename%3Dc09883d7-52eb-4a09-9c13-d1bed18f81fd.flac&x-id=GetObject,0.3147403,65444
LMRam-2024-05-03_12-20.WAV,2024 Baja Lago Mesa Redonda,2024,5,3,12,20,Agelaius tricolor,Courtship Song,29.67466736,30.61333275,94,8719,24000,present,https://rfcx-streams-production.s3.eu-west-1.amazonaws.com/2024/05/03/2jm3bjkccty2/dfe78eb4-294c-46f5-8ef5-387363df9809.flac?X-Amz-Algorithm=AWS4-HMAC-SHA256&X-Amz-Content-Sha256=UNSIGNED-PAYLOAD&X-Amz-Credential=AKIA45B7YWBX5HAZMGOU%2F20260223%2Feu-west-1%2Fs3%2Faws4_request&X-Amz-Date=20260223T003251Z&X-Amz-Expires=604800&X-Amz-Signature=5163637a997c14116c4b075d888134b51259775552e13b988013f864195fa7d9&X-Amz-SignedHeaders=host&response-content-disposition=attachment%3B%20filename%3Ddfe78eb4-294c-46f5-8ef5-387363df9809.flac&x-id=GetObject,0.523792148,65444
LMRam-2024-05-03_13-00.WAV,2024 Baja Lago Mesa Redonda,2024,5,3,13,0,Agelaius tricolor,Courtship Song,30.43199921,31.3706665,94,8719,24000,present,https://rfcx-streams-production.s3.eu-west-1.amazonaws.com/2024/05/03/2jm3bjkccty2/266f173b-b385-41e9-8d36-6a5b09d3bc22.flac?X-Amz-Algorithm=AWS4-HMAC-SHA256&X-Amz-Content-Sha256=UNSIGNED-PAYLOAD&X-Amz-Credential=AKIA45B7YWBX5HAZMGOU%2F20260223%2Feu-west-1%2Fs3%2Faws4_request&X-Amz-Date=20260223T003251Z&X-Amz-Expires=604800&X-Amz-Signature=a873b49983990c36c60664a3b0b63dea760a44da4593b64a67fe05f88e69dbdf&X-Amz-SignedHeaders=host&response-content-disposition=attachment%3B%20filename%3D266f173b-b385-41e9-8d36-6a5b09d3bc22.flac&x-id=GetObject,0.518383384,65444
LMRam-2024-05-03_13-20.WAV,2024 Baja Lago Mesa Redonda,2024,5,3,13,20,Agelaius tricolor,Courtship Song,42.00533295,42.94400024,94,8719,24000,present,https://rfcx-streams-production.s3.eu-west-1.amazonaws.com/2024/05/03/2jm3bjkccty2/e9ac57fa-94f5-4895-ab9c-78cfab116e74.flac?X-Amz-Algorithm=AWS4-HMAC-SHA256&X-Amz-Content-Sha256=UNSIGNED-PAYLOAD&X-Amz-Credential=AKIA45B7YWBX5HAZMGOU%2F20260223%2Feu-west-1%2Fs3%2Faws4_request&X-Amz-Date=20260223T003251Z&X-Amz-Expires=604800&X-Amz-Signature=df366401f77562531c0c91468afa07274e43de1103be34c73b7d1f5c41b9404c&X-Amz-SignedHeaders=host&response-content-disposition=attachment%3B%20filename%3De9ac57fa-94f5-4895-ab9c-78cfab116e74.flac&x-id=GetObject,0.553528011,65444
LMRam-2024-05-03_13-40.WAV,2024 Baja Lago Mesa Redonda,2024,5,3,13,40,Agelaius tricolor,Courtship Song,22.02133369,22.95999908,94,8719,24000,present,https://rfcx-streams-production.s3.eu-west-1.amazonaws.com/2024/05/03/2jm3bjkccty2/77565f9d-ee53-4a03-8c5d-863132f0ca77.flac?X-Amz-Algorithm=AWS4-HMAC-SHA256&X-Amz-Content-Sha256=UNSIGNED-PAYLOAD&X-Amz-Credential=AKIA45B7YWBX5HAZMGOU%2F20260223%2Feu-west-1%2Fs3%2Faws4_request&X-Amz-Date=20260223T003251Z&X-Amz-Expires=604800&X-Amz-Signature=7889d90237287ad3f828c468f8917e27af67e3f2fdd2a4137b6e18063a0cf104&X-Amz-SignedHeaders=host&response-content-disposition=attachment%3B%20filename%3D77565f9d-ee53-4a03-8c5d-863132f0ca77.flac&x-id=GetObject,0.550053,65444
LMRam-2024-05-03_14-00.WAV,2024 Baja Lago Mesa Redonda,2024,5,3,14,0,Agelaius tricolor,Courtship Song,11.21066666,12.149333,94,8719,24000,present,https://rfcx-streams-production.s3.eu-west-1.amazonaws.com/2024/05/03/2jm3bjkccty2/d90f1928-a4de-4d55-9860-4e5556e8eb99.flac?X-Amz-Algorithm=AWS4-HMAC-SHA256&X-Amz-Content-Sha256=UNSIGNED-PAYLOAD&X-Amz-Credential=AKIA45B7YWBX5HAZMGOU%2F20260223%2Feu-west-1%2Fs3%2Faws4_request&X-Amz-Date=20260223T003251Z&X-Amz-Expires=604800&X-Amz-Signature=0a2a1a7be622938c86549ea195004da88e3a5aa8af4806137f1dab4c0f88c616&X-Amz-SignedHeaders=host&response-content-disposition=attachment%3B%20filename%3Dd90f1928-a4de-4d55-9860-4e5556e8eb99.flac&x-id=GetObject,0.473791778,65444
LMRam-2024-05-03_14-20.WAV,2024 Baja Lago Mesa Redonda,2024,5,3,14,20,Agelaius tricolor,Courtship Song,0.661333323,1.600000024,94,8719,24000,present,https://rfcx-streams-production.s3.eu-west-1.amazonaws.com/2024/05/03/2jm3bjkccty2/a4c12d5c-ce90-4609-a825-971f62070174.flac?X-Amz-Algorithm=AWS4-HMAC-SHA256&X-Amz-Content-Sha256=UNSIGNED-PAYLOAD&X-Amz-Credential=AKIA45B7YWBX5HAZMGOU%2F20260223%2Feu-west-1%2Fs3%2Faws4_request&X-Amz-Date=20260223T003251Z&X-Amz-Expires=604800&X-Amz-Signature=c28c046b0301d75742576edc1476393fa7f4400936b414b2036651953c457011&X-Amz-SignedHeaders=host&response-content-disposition=attachment%3B%20filename%3Da4c12d5c-ce90-4609-a825-971f62070174.flac&x-id=GetObject,0.587968528,65444
LMRam-2024-05-03_15-00.WAV,2024 Baja Lago Mesa Redonda,2024,5,3,15,0,Agelaius tricolor,Courtship Song,26.3306675,27.26933289,94,8719,24000,present,https://rfcx-streams-production.s3.eu-west-1.amazonaws.com/2024/05/03/2jm3bjkccty2/63c8726a-da05-4410-b69b-3cf3d7c9adaa.flac?X-Amz-Algorithm=AWS4-HMAC-SHA256&X-Amz-Content-Sha256=UNSIGNED-PAYLOAD&X-Amz-Credential=AKIA45B7YWBX5HAZMGOU%2F20260223%2Feu-west-1%2Fs3%2Faws4_request&X-Amz-Date=20260223T003251Z&X-Amz-Expires=604800&X-Amz-Signature=e02755d3f30f7dc85eb4c3c5ad3dc8b33cc3160439c4971dd04a8b354d77f663&X-Amz-SignedHeaders=host&response-content-disposition=attachment%3B%20filename%3D63c8726a-da05-4410-b69b-3cf3d7c9adaa.flac&x-id=GetObject,0.624016702,65444
LMRam-2024-05-03_15-20.WAV,2024 Baja Lago Mesa Redonda,2024,5,3,15,20,Agelaius tricolor,Courtship Song,48.72000122,49.65866852,94,8719,24000,present,https://rfcx-streams-production.s3.eu-west-1.amazonaws.com/2024/05/03/2jm3bjkccty2/ca56deba-86fc-4b82-a571-a5a08995e23d.flac?X-Amz-Algorithm=AWS4-HMAC-SHA256&X-Amz-Content-Sha256=UNSIGNED-PAYLOAD&X-Amz-Credential=AKIA45B7YWBX5HAZMGOU%2F20260223%2Feu-west-1%2Fs3%2Faws4_request&X-Amz-Date=20260223T003251Z&X-Amz-Expires=604800&X-Amz-Signature=40e526e69c83a9a9e1a1aa6e24fee99be5d2a9c1021e804fdec70d7d5df6ad8f&X-Amz-SignedHeaders=host&response-content-disposition=attachment%3B%20filename%3Dca56deba-86fc-4b82-a571-a5a08995e23d.flac&x-id=GetObject,0.511225164,65444
LMRam-2024-05-03_15-40.WAV,2024 Baja Lago Mesa Redonda,2024,5,3,15,40,Agelaius tricolor,Courtship Song,44.02133179,44.95999908,94,8719,24000,present,https://rfcx-streams-production.s3.eu-west-1.amazonaws.com/2024/05/03/2jm3bjkccty2/f23a81ae-531f-4752-b080-f0643855e7ea.flac?X-Amz-Algorithm=AWS4-HMAC-SHA256&X-Amz-Content-Sha256=UNSIGNED-PAYLOAD&X-Amz-Credential=AKIA45B7YWBX5HAZMGOU%2F20260223%2Feu-west-1%2Fs3%2Faws4_request&X-Amz-Date=20260223T003251Z&X-Amz-Expires=604800&X-Amz-Signature=d38b5844822d2c919d1db4c7fa7ddc05d3da5f64480befe3b6cb8b5fa4b1c0a3&X-Amz-SignedHeaders=host&response-content-disposition=attachment%3B%20filename%3Df23a81ae-531f-4752-b080-f0643855e7ea.flac&x-id=GetObject,0.381709188,65444
LMRam-2024-05-03_16-00.WAV,2024 Baja Lago Mesa Redonda,2024,5,3,16,0,Agelaius tricolor,Courtship Song,41.16799927,42.10666656,94,8719,24000,present,https://rfcx-streams-production.s3.eu-west-1.amazonaws.com/2024/05/03/2jm3bjkccty2/9ecee224-a285-43c1-b993-ba24b462452d.flac?X-Amz-Algorithm=AWS4-HMAC-SHA256&X-Amz-Content-Sha256=UNSIGNED-PAYLOAD&X-Amz-Credential=AKIA45B7YWBX5HAZMGOU%2F20260223%2Feu-west-1%2Fs3%2Faws4_request&X-Amz-Date=20260223T003251Z&X-Amz-Expires=604800&X-Amz-Signature=e3bc70215bc741a2e4432258940ea3a23bcab255ba18be455a9f55a0a2ca492b&X-Amz-SignedHeaders=host&response-content-disposition=attachment%3B%20filename%3D9ecee224-a285-43c1-b993-ba24b462452d.flac&x-id=GetObject,0.509329796,65444
LMRam-2024-05-03_16-20.WAV,2024 Baja Lago Mesa Redonda,2024,5,3,16,20,Agelaius tricolor,Courtship Song,1.807999969,2.74666667,94,8719,24000,present,https://rfcx-streams-production.s3.eu-west-1.amazonaws.com/2024/05/03/2jm3bjkccty2/ca617408-85ff-49ed-984d-0ae1c17e18e9.flac?X-Amz-Algorithm=AWS4-HMAC-SHA256&X-Amz-Content-Sha256=UNSIGNED-PAYLOAD&X-Amz-Credential=AKIA45B7YWBX5HAZMGOU%2F20260223%2Feu-west-1%2Fs3%2Faws4_request&X-Amz-Date=20260223T003251Z&X-Amz-Expires=604800&X-Amz-Signature=decf00a39bdbf549015daeefdf9f4388d354769c0daf7e2b3acf4736249505a7&X-Amz-SignedHeaders=host&response-content-disposition=attachment%3B%20filename%3Dca617408-85ff-49ed-984d-0ae1c17e18e9.flac&x-id=GetObject,0.476817667,65444
LMRam-2024-05-03_17-00.WAV,2024 Baja Lago Mesa Redonda,2024,5,3,17,0,Agelaius tricolor,Courtship Song,4.927999973,5.866666794,94,8719,24000,present,https://rfcx-streams-production.s3.eu-west-1.amazonaws.com/2024/05/04/2jm3bjkccty2/07317436-92d7-44f7-bb36-9052b4850dec.flac?X-Amz-Algorithm=AWS4-HMAC-SHA256&X-Amz-Content-Sha256=UNSIGNED-PAYLOAD&X-Amz-Credential=AKIA45B7YWBX5HAZMGOU%2F20260223%2Feu-west-1%2Fs3%2Faws4_request&X-Amz-Date=20260223T003251Z&X-Amz-Expires=604800&X-Amz-Signature=2b441528f0a446578f7c78a224e88d05ec840bb8e428805c5824ba853e6a88ec&X-Amz-SignedHeaders=host&response-content-disposition=attachment%3B%20filename%3D07317436-92d7-44f7-bb36-9052b4850dec.flac&x-id=GetObject,0.537910879,65444
LMRam-2024-05-03_17-20.WAV,2024 Baja Lago Mesa Redonda,2024,5,3,17,20,Agelaius tricolor,Courtship Song,38.73600006,39.67466736,94,8719,24000,present,https://rfcx-streams-production.s3.eu-west-1.amazonaws.com/2024/05/04/2jm3bjkccty2/f2d56a2f-ba65-444f-8399-75a804eaa105.flac?X-Amz-Algorithm=AWS4-HMAC-SHA256&X-Amz-Content-Sha256=UNSIGNED-PAYLOAD&X-Amz-Credential=AKIA45B7YWBX5HAZMGOU%2F20260223%2Feu-west-1%2Fs3%2Faws4_request&X-Amz-Date=20260223T003251Z&X-Amz-Expires=604800&X-Amz-Signature=1967957659755936e0ec6240744cc4d6a2a13a8a8f5a49f41eba678c2ed75dd9&X-Amz-SignedHeaders=host&response-content-disposition=attachment%3B%20filename%3Df2d56a2f-ba65-444f-8399-75a804eaa105.flac&x-id=GetObject,0.478040755,65444
LMRam-2024-05-03_17-40.WAV,2024 Baja Lago Mesa Redonda,2024,5,3,17,40,Agelaius tricolor,Courtship Song,5.797333241,6.736000061,94,8719,24000,present,https://rfcx-streams-production.s3.eu-west-1.amazonaws.com/2024/05/04/2jm3bjkccty2/8f8756ee-fad8-467b-871b-76e5da8d235d.flac?X-Amz-Algorithm=AWS4-HMAC-SHA256&X-Amz-Content-Sha256=UNSIGNED-PAYLOAD&X-Amz-Credential=AKIA45B7YWBX5HAZMGOU%2F20260223%2Feu-west-1%2Fs3%2Faws4_request&X-Amz-Date=20260223T003251Z&X-Amz-Expires=604800&X-Amz-Signature=072d1574cbe787c22e27e7d9197d8e2871643d867defb95c9532c4c4e2bdd6c9&X-Amz-SignedHeaders=host&response-content-disposition=attachment%3B%20filename%3D8f8756ee-fad8-467b-871b-76e5da8d235d.flac&x-id=GetObject,0.601177454,65444
LMRam-2024-05-03_18-00.WAV,2024 Baja Lago Mesa Redonda,2024,5,3,18,0,Agelaius tricolor,Courtship Song,48.99733353,49.93600082,94,8719,24000,present,https://rfcx-streams-production.s3.eu-west-1.amazonaws.com/2024/05/04/2jm3bjkccty2/d583d8c5-3599-4bbe-81d7-37563ac390ab.flac?X-Amz-Algorithm=AWS4-HMAC-SHA256&X-Amz-Content-Sha256=UNSIGNED-PAYLOAD&X-Amz-Credential=AKIA45B7YWBX5HAZMGOU%2F20260223%2Feu-west-1%2Fs3%2Faws4_request&X-Amz-Date=20260223T003251Z&X-Amz-Expires=604800&X-Amz-Signature=9df99f18c71a60661483c6f82e6a13dc55f66b8b0fe38da9f4e2b2537755464a&X-Amz-SignedHeaders=host&response-content-disposition=attachment%3B%20filename%3Dd583d8c5-3599-4bbe-81d7-37563ac390ab.flac&x-id=GetObject,0.588541806,65444
LMRam-2024-05-03_18-20.WAV,2024 Baja Lago Mesa Redonda,2024,5,3,18,20,Agelaius tricolor,Courtship Song,18.35199928,19.29066658,94,8719,24000,present,https://rfcx-streams-production.s3.eu-west-1.amazonaws.com/2024/05/04/2jm3bjkccty2/05c012b7-23cb-4eda-b543-216875dc7895.flac?X-Amz-Algorithm=AWS4-HMAC-SHA256&X-Amz-Content-Sha256=UNSIGNED-PAYLOAD&X-Amz-Credential=AKIA45B7YWBX5HAZMGOU%2F20260223%2Feu-west-1%2Fs3%2Faws4_request&X-Amz-Date=20260223T003251Z&X-Amz-Expires=604800&X-Amz-Signature=c7a028d92a063b884e5750c0c940ea0671b7518d2d7bcfba344283698b8c5d9d&X-Amz-SignedHeaders=host&response-content-disposition=attachment%3B%20filename%3D05c012b7-23cb-4eda-b543-216875dc7895.flac&x-id=GetObject,0.467273265,65444
LMRam-2024-05-03_18-40.WAV,2024 Baja Lago Mesa Redonda,2024,5,3,18,40,Agelaius tricolor,Courtship Song,22.09066582,23.02933311,94,8719,24000,present,https://rfcx-streams-production.s3.eu-west-1.amazonaws.com/2024/05/04/2jm3bjkccty2/27e09e7a-2461-4493-ae57-005a44f7d635.flac?X-Amz-Algorithm=AWS4-HMAC-SHA256&X-Amz-Content-Sha256=UNSIGNED-PAYLOAD&X-Amz-Credential=AKIA45B7YWBX5HAZMGOU%2F20260223%2Feu-west-1%2Fs3%2Faws4_request&X-Amz-Date=20260223T003251Z&X-Amz-Expires=604800&X-Amz-Signature=eb0b66fc055579b0fe51b2180d7f92158d9de2ee8908b7fa6ecc0db73bd8a424&X-Amz-SignedHeaders=host&response-content-disposition=attachment%3B%20filename%3D27e09e7a-2461-4493-ae57-005a44f7d635.flac&x-id=GetObject,0.485221118,65444
LMRam-2024-05-03_19-40.WAV,2024 Baja Lago Mesa Redonda,2024,5,3,19,40,Agelaius tricolor,Courtship Song,14.72000027,15.65866661,94,8719,24000,present,https://rfcx-streams-production.s3.eu-west-1.amazonaws.com/2024/05/04/2jm3bjkccty2/fad02b02-e976-4ecd-8932-523fe0bb7038.flac?X-Amz-Algorithm=AWS4-HMAC-SHA256&X-Amz-Content-Sha256=UNSIGNED-PAYLOAD&X-Amz-Credential=AKIA45B7YWBX5HAZMGOU%2F20260223%2Feu-west-1%2Fs3%2Faws4_request&X-Amz-Date=20260223T003251Z&X-Amz-Expires=604800&X-Amz-Signature=e8f5bd0d6334bf5a0aa88528d2721e0e4c6f575d740b5034497c2045343c3fba&X-Amz-SignedHeaders=host&response-content-disposition=attachment%3B%20filename%3Dfad02b02-e976-4ecd-8932-523fe0bb7038.flac&x-id=GetObject,0.502039909,65444
LMRam-2024-05-04_05-40.WAV,2024 Baja Lago Mesa Redonda,2024,5,4,5,40,Agelaius tricolor,Courtship Song,3.269333363,4.208000183,94,8719,24000,present,https://rfcx-streams-production.s3.eu-west-1.amazonaws.com/2024/05/04/2jm3bjkccty2/53ea3385-81c7-45c1-b903-cb32a660679d.flac?X-Amz-Algorithm=AWS4-HMAC-SHA256&X-Amz-Content-Sha256=UNSIGNED-PAYLOAD&X-Amz-Credential=AKIA45B7YWBX5HAZMGOU%2F20260223%2Feu-west-1%2Fs3%2Faws4_request&X-Amz-Date=20260223T003251Z&X-Amz-Expires=604800&X-Amz-Signature=c03591de5acb1166a1dcb9336993f3a3f47ebd148e1b01f4a9f0950fb3e22935&X-Amz-SignedHeaders=host&response-content-disposition=attachment%3B%20filename%3D53ea3385-81c7-45c1-b903-cb32a660679d.flac&x-id=GetObject,0.360178709,65444
LMRam-2024-05-04_06-20.WAV,2024 Baja Lago Mesa Redonda,2024,5,4,6,20,Agelaius tricolor,Courtship Song,41.66400146,42.60266495,94,8719,24000,present,https://rfcx-streams-production.s3.eu-west-1.amazonaws.com/2024/05/04/2jm3bjkccty2/17399f5e-bd83-441e-a029-a81c7cce3aec.flac?X-Amz-Algorithm=AWS4-HMAC-SHA256&X-Amz-Content-Sha256=UNSIGNED-PAYLOAD&X-Amz-Credential=AKIA45B7YWBX5HAZMGOU%2F20260223%2Feu-west-1%2Fs3%2Faws4_request&X-Amz-Date=20260223T003251Z&X-Amz-Expires=604800&X-Amz-Signature=3f9f7beaeee4492d3b58a4f4b03fdcae58d82bcbefefa726deefde3c83d8fc4c&X-Amz-SignedHeaders=host&response-content-disposition=attachment%3B%20filename%3D17399f5e-bd83-441e-a029-a81c7cce3aec.flac&x-id=GetObject,0.41554302,65444
LMRam-2024-05-04_07-00.WAV,2024 Baja Lago Mesa Redonda,2024,5,4,7,0,Agelaius tricolor,Courtship Song,39.23733521,40.17599869,94,8719,24000,present,https://rfcx-streams-production.s3.eu-west-1.amazonaws.com/2024/05/04/2jm3bjkccty2/a798eaf2-6756-4f4a-92b2-4b910036c72c.flac?X-Amz-Algorithm=AWS4-HMAC-SHA256&X-Amz-Content-Sha256=UNSIGNED-PAYLOAD&X-Amz-Credential=AKIA45B7YWBX5HAZMGOU%2F20260223%2Feu-west-1%2Fs3%2Faws4_request&X-Amz-Date=20260223T003251Z&X-Amz-Expires=604800&X-Amz-Signature=f7685a1f1d485d03b52416944e68e5674d9398160dca1c6dd00faa72909c3f1e&X-Amz-SignedHeaders=host&response-content-disposition=attachment%3B%20filename%3Da798eaf2-6756-4f4a-92b2-4b910036c72c.flac&x-id=GetObject,0.40849191,65444
LMRam-2024-05-04_07-20.WAV,2024 Baja Lago Mesa Redonda,2024,5,4,7,20,Agelaius tricolor,Courtship Song,34.74133301,35.68000031,94,8719,24000,present,https://rfcx-streams-production.s3.eu-west-1.amazonaws.com/2024/05/04/2jm3bjkccty2/6783084a-c09d-4296-802c-e572125a90b1.flac?X-Amz-Algorithm=AWS4-HMAC-SHA256&X-Amz-Content-Sha256=UNSIGNED-PAYLOAD&X-Amz-Credential=AKIA45B7YWBX5HAZMGOU%2F20260223%2Feu-west-1%2Fs3%2Faws4_request&X-Amz-Date=20260223T003251Z&X-Amz-Expires=604800&X-Amz-Signature=bfd22b2364320ca60589576e6f797d687751284993c229decfee06653de92b80&X-Amz-SignedHeaders=host&response-content-disposition=attachment%3B%20filename%3D6783084a-c09d-4296-802c-e572125a90b1.flac&x-id=GetObject,0.396567613,65444
LMRam-2024-05-04_07-40.WAV,2024 Baja Lago Mesa Redonda,2024,5,4,7,40,Agelaius tricolor,Courtship Song,35.26399994,36.20266724,94,8719,24000,present,https://rfcx-streams-production.s3.eu-west-1.amazonaws.com/2024/05/04/2jm3bjkccty2/41d9815d-27da-4013-bc3b-de1291fa3cb8.flac?X-Amz-Algorithm=AWS4-HMAC-SHA256&X-Amz-Content-Sha256=UNSIGNED-PAYLOAD&X-Amz-Credential=AKIA45B7YWBX5HAZMGOU%2F20260223%2Feu-west-1%2Fs3%2Faws4_request&X-Amz-Date=20260223T003251Z&X-Amz-Expires=604800&X-Amz-Signature=d5699ed0d4c698f1b61bcdd4d95d61293fb604f3e9ed0a44b652c11c796afbc4&X-Amz-SignedHeaders=host&response-content-disposition=attachment%3B%20filename%3D41d9815d-27da-4013-bc3b-de1291fa3cb8.flac&x-id=GetObject,0.371156067,65444
LMRam-2024-05-04_08-00.WAV,2024 Baja Lago Mesa Redonda,2024,5,4,8,0,Agelaius tricolor,Courtship Song,14.46933365,15.40799999,94,8719,24000,present,https://rfcx-streams-production.s3.eu-west-1.amazonaws.com/2024/05/04/2jm3bjkccty2/a1f65a45-5e14-4888-a780-89ece609c2ac.flac?X-Amz-Algorithm=AWS4-HMAC-SHA256&X-Amz-Content-Sha256=UNSIGNED-PAYLOAD&X-Amz-Credential=AKIA45B7YWBX5HAZMGOU%2F20260223%2Feu-west-1%2Fs3%2Faws4_request&X-Amz-Date=20260223T003251Z&X-Amz-Expires=604800&X-Amz-Signature=ca45d89d43706b36740f8c56656afcc4b54d1dbc7c47a97ebdbe8b9ec2d47c5f&X-Amz-SignedHeaders=host&response-content-disposition=attachment%3B%20filename%3Da1f65a45-5e14-4888-a780-89ece609c2ac.flac&x-id=GetObject,0.535523951,65444
LMRam-2024-05-04_08-20.WAV,2024 Baja Lago Mesa Redonda,2024,5,4,8,20,Agelaius tricolor,Courtship Song,27.95733261,28.89599991,94,8719,24000,present,https://rfcx-streams-production.s3.eu-west-1.amazonaws.com/2024/05/04/2jm3bjkccty2/b1486a34-b037-4b22-9304-b75ef9181ca9.flac?X-Amz-Algorithm=AWS4-HMAC-SHA256&X-Amz-Content-Sha256=UNSIGNED-PAYLOAD&X-Amz-Credential=AKIA45B7YWBX5HAZMGOU%2F20260223%2Feu-west-1%2Fs3%2Faws4_request&X-Amz-Date=20260223T003251Z&X-Amz-Expires=604800&X-Amz-Signature=d4ea82a0ed3de2935473b1fc8d34a44966b55d529278166e60bfbc0565acfd46&X-Amz-SignedHeaders=host&response-content-disposition=attachment%3B%20filename%3Db1486a34-b037-4b22-9304-b75ef9181ca9.flac&x-id=GetObject,0.427706003,65444
LMRam-2024-05-04_08-40.WAV,2024 Baja Lago Mesa Redonda,2024,5,4,8,40,Agelaius tricolor,Courtship Song,33.08800125,34.02666855,94,8719,24000,present,https://rfcx-streams-production.s3.eu-west-1.amazonaws.com/2024/05/04/2jm3bjkccty2/ae2421a3-3d92-4489-993c-80e5554e50f4.flac?X-Amz-Algorithm=AWS4-HMAC-SHA256&X-Amz-Content-Sha256=UNSIGNED-PAYLOAD&X-Amz-Credential=AKIA45B7YWBX5HAZMGOU%2F20260223%2Feu-west-1%2Fs3%2Faws4_request&X-Amz-Date=20260223T003251Z&X-Amz-Expires=604800&X-Amz-Signature=02bbe704d77002e499aa71aaf440b7364b6f25e3e21c4d34e1f226254e75e3f5&X-Amz-SignedHeaders=host&response-content-disposition=attachment%3B%20filename%3Dae2421a3-3d92-4489-993c-80e5554e50f4.flac&x-id=GetObject,0.485747695,65444
LMRam-2024-05-04_09-00.WAV,2024 Baja Lago Mesa Redonda,2024,5,4,9,0,Agelaius tricolor,Courtship Song,4.869333267,5.808000088,94,8719,24000,present,https://rfcx-streams-production.s3.eu-west-1.amazonaws.com/2024/05/04/2jm3bjkccty2/0c7400a0-9f90-436b-b58f-03dc00e66514.flac?X-Amz-Algorithm=AWS4-HMAC-SHA256&X-Amz-Content-Sha256=UNSIGNED-PAYLOAD&X-Amz-Credential=AKIA45B7YWBX5HAZMGOU%2F20260223%2Feu-west-1%2Fs3%2Faws4_request&X-Amz-Date=20260223T003251Z&X-Amz-Expires=604800&X-Amz-Signature=80866d9e7a28e2a12715fbc298fe101c504f8ee46124087a2d1f2e785198ba1b&X-Amz-SignedHeaders=host&response-content-disposition=attachment%3B%20filename%3D0c7400a0-9f90-436b-b58f-03dc00e66514.flac&x-id=GetObject,0.455912083,65444
LMRam-2024-05-04_09-20.WAV,2024 Baja Lago Mesa Redonda,2024,5,4,9,20,Agelaius tricolor,Courtship Song,18.80533409,19.74399948,94,8719,24000,present,https://rfcx-streams-production.s3.eu-west-1.amazonaws.com/2024/05/04/2jm3bjkccty2/935f92fe-b23e-4d13-a8b6-bf84bcc99257.flac?X-Amz-Algorithm=AWS4-HMAC-SHA256&X-Amz-Content-Sha256=UNSIGNED-PAYLOAD&X-Amz-Credential=AKIA45B7YWBX5HAZMGOU%2F20260223%2Feu-west-1%2Fs3%2Faws4_request&X-Amz-Date=20260223T003251Z&X-Amz-Expires=604800&X-Amz-Signature=952fb91292d08866e5b23d3414bfc3b6562c92092ac40a82eac89c4c1a1b0d06&X-Amz-SignedHeaders=host&response-content-disposition=attachment%3B%20filename%3D935f92fe-b23e-4d13-a8b6-bf84bcc99257.flac&x-id=GetObject,0.478696793,65444
LMRam-2024-05-04_09-40.WAV,2024 Baja Lago Mesa Redonda,2024,5,4,9,40,Agelaius tricolor,Courtship Song,47.86133194,48.79999924,94,8719,24000,present,https://rfcx-streams-production.s3.eu-west-1.amazonaws.com/2024/05/04/2jm3bjkccty2/e5873e62-8960-453e-a608-d71ea0fb6174.flac?X-Amz-Algorithm=AWS4-HMAC-SHA256&X-Amz-Content-Sha256=UNSIGNED-PAYLOAD&X-Amz-Credential=AKIA45B7YWBX5HAZMGOU%2F20260223%2Feu-west-1%2Fs3%2Faws4_request&X-Amz-Date=20260223T003251Z&X-Amz-Expires=604800&X-Amz-Signature=13b57e28a56957bbc0af69625f3866f991a6df83c70672e84ee6b0edb1298022&X-Amz-SignedHeaders=host&response-content-disposition=attachment%3B%20filename%3De5873e62-8960-453e-a608-d71ea0fb6174.flac&x-id=GetObject,0.457367003,65444
LMRam-2024-05-04_10-00.WAV,2024 Baja Lago Mesa Redonda,2024,5,4,10,0,Agelaius tricolor,Courtship Song,32.87466812,33.8133316,94,8719,24000,present,https://rfcx-streams-production.s3.eu-west-1.amazonaws.com/2024/05/04/2jm3bjkccty2/3d956ceb-a798-48ba-b183-97829ff015b7.flac?X-Amz-Algorithm=AWS4-HMAC-SHA256&X-Amz-Content-Sha256=UNSIGNED-PAYLOAD&X-Amz-Credential=AKIA45B7YWBX5HAZMGOU%2F20260223%2Feu-west-1%2Fs3%2Faws4_request&X-Amz-Date=20260223T003251Z&X-Amz-Expires=604800&X-Amz-Signature=7853a46b9b243ae5ab8c4abbd80e13838c39667cfc7331654ffd8c0fe25b96eb&X-Amz-SignedHeaders=host&response-content-disposition=attachment%3B%20filename%3D3d956ceb-a798-48ba-b183-97829ff015b7.flac&x-id=GetObject,0.409041941,65444
LMRam-2024-05-04_10-40.WAV,2024 Baja Lago Mesa Redonda,2024,5,4,10,40,Agelaius tricolor,Courtship Song,4.303999901,5.242666721,94,8719,24000,present,https://rfcx-streams-production.s3.eu-west-1.amazonaws.com/2024/05/04/2jm3bjkccty2/f1856c4a-ffda-489d-ac59-399296fea124.flac?X-Amz-Algorithm=AWS4-HMAC-SHA256&X-Amz-Content-Sha256=UNSIGNED-PAYLOAD&X-Amz-Credential=AKIA45B7YWBX5HAZMGOU%2F20260223%2Feu-west-1%2Fs3%2Faws4_request&X-Amz-Date=20260223T003251Z&X-Amz-Expires=604800&X-Amz-Signature=f4d8e6e5bd91c4697413a870777ed28bc1bdb1a0b6679cd5f69e9be589639c29&X-Amz-SignedHeaders=host&response-content-disposition=attachment%3B%20filename%3Df1856c4a-ffda-489d-ac59-399296fea124.flac&x-id=GetObject,0.586611211,65444
LMRam-2024-05-04_11-00.WAV,2024 Baja Lago Mesa Redonda,2024,5,4,11,0,Agelaius tricolor,Courtship Song,37.56800079,38.50666809,94,8719,24000,present,https://rfcx-streams-production.s3.eu-west-1.amazonaws.com/2024/05/04/2jm3bjkccty2/80796247-16e4-4596-8c6d-fea7d76fcb92.flac?X-Amz-Algorithm=AWS4-HMAC-SHA256&X-Amz-Content-Sha256=UNSIGNED-PAYLOAD&X-Amz-Credential=AKIA45B7YWBX5HAZMGOU%2F20260223%2Feu-west-1%2Fs3%2Faws4_request&X-Amz-Date=20260223T003251Z&X-Amz-Expires=604800&X-Amz-Signature=a1447b240e7cee42538981b976604ddcc36eb8a5beaa23cebcd2fd7e32a0f995&X-Amz-SignedHeaders=host&response-content-disposition=attachment%3B%20filename%3D80796247-16e4-4596-8c6d-fea7d76fcb92.flac&x-id=GetObject,0.564821541,65444
LMRam-2024-05-04_11-20.WAV,2024 Baja Lago Mesa Redonda,2024,5,4,11,20,Agelaius tricolor,Courtship Song,10.06400013,11.00266647,94,8719,24000,present,https://rfcx-streams-production.s3.eu-west-1.amazonaws.com/2024/05/04/2jm3bjkccty2/5f76ea5c-5bfb-4484-8b20-71ed0f744e97.flac?X-Amz-Algorithm=AWS4-HMAC-SHA256&X-Amz-Content-Sha256=UNSIGNED-PAYLOAD&X-Amz-Credential=AKIA45B7YWBX5HAZMGOU%2F20260223%2Feu-west-1%2Fs3%2Faws4_request&X-Amz-Date=20260223T003251Z&X-Amz-Expires=604800&X-Amz-Signature=98ff68a7746f72a953222d0a03cbd8b3f5e14a6d5868abb1be93b2cf77061418&X-Amz-SignedHeaders=host&response-content-disposition=attachment%3B%20filename%3D5f76ea5c-5bfb-4484-8b20-71ed0f744e97.flac&x-id=GetObject,0.55733484,65444
LMRam-2024-05-04_11-40.WAV,2024 Baja Lago Mesa Redonda,2024,5,4,11,40,Agelaius tricolor,Courtship Song,40.01599884,40.95466614,94,8719,24000,present,https://rfcx-streams-production.s3.eu-west-1.amazonaws.com/2024/05/04/2jm3bjkccty2/de530a8a-dcdf-48d2-bf5b-3509bd54b1b1.flac?X-Amz-Algorithm=AWS4-HMAC-SHA256&X-Amz-Content-Sha256=UNSIGNED-PAYLOAD&X-Amz-Credential=AKIA45B7YWBX5HAZMGOU%2F20260223%2Feu-west-1%2Fs3%2Faws4_request&X-Amz-Date=20260223T003251Z&X-Amz-Expires=604800&X-Amz-Signature=e65f06b153653cc5587bee419011f5c6db7c6093ccded4840575d455d9c76f05&X-Amz-SignedHeaders=host&response-content-disposition=attachment%3B%20filename%3Dde530a8a-dcdf-48d2-bf5b-3509bd54b1b1.flac&x-id=GetObject,0.489420235,65444
LMRam-2024-05-04_12-00.WAV,2024 Baja Lago Mesa Redonda,2024,5,4,12,0,Agelaius tricolor,Courtship Song,1.552000046,2.490666628,94,8719,24000,present,https://rfcx-streams-production.s3.eu-west-1.amazonaws.com/2024/05/04/2jm3bjkccty2/20c2686b-bb23-4c94-a210-10c7a7f0388b.flac?X-Amz-Algorithm=AWS4-HMAC-SHA256&X-Amz-Content-Sha256=UNSIGNED-PAYLOAD&X-Amz-Credential=AKIA45B7YWBX5HAZMGOU%2F20260223%2Feu-west-1%2Fs3%2Faws4_request&X-Amz-Date=20260223T003251Z&X-Amz-Expires=604800&X-Amz-Signature=bb1c23321bde0229a98b04731755c98cb8c7f42decdfda8be60765e7bb48a9b7&X-Amz-SignedHeaders=host&response-content-disposition=attachment%3B%20filename%3D20c2686b-bb23-4c94-a210-10c7a7f0388b.flac&x-id=GetObject,0.560775757,65444
LMRam-2024-05-04_12-20.WAV,2024 Baja Lago Mesa Redonda,2024,5,4,12,20,Agelaius tricolor,Courtship Song,37.54666519,38.48533249,94,8719,24000,present,https://rfcx-streams-production.s3.eu-west-1.amazonaws.com/2024/05/04/2jm3bjkccty2/77f3766f-fb38-49f0-9c9b-80730c71fb63.flac?X-Amz-Algorithm=AWS4-HMAC-SHA256&X-Amz-Content-Sha256=UNSIGNED-PAYLOAD&X-Amz-Credential=AKIA45B7YWBX5HAZMGOU%2F20260223%2Feu-west-1%2Fs3%2Faws4_request&X-Amz-Date=20260223T003251Z&X-Amz-Expires=604800&X-Amz-Signature=5ae6284d4e6c860a84fe908049756dea76db8462b210eeb15916376f176b8b70&X-Amz-SignedHeaders=host&response-content-disposition=attachment%3B%20filename%3D77f3766f-fb38-49f0-9c9b-80730c71fb63.flac&x-id=GetObject,0.51987797,65444
LMRam-2024-05-04_12-40.WAV,2024 Baja Lago Mesa Redonda,2024,5,4,12,40,Agelaius tricolor,Courtship Song,19.47200012,20.41066742,94,8719,24000,present,https://rfcx-streams-production.s3.eu-west-1.amazonaws.com/2024/05/04/2jm3bjkccty2/4bb0927d-f0e0-41b5-b851-29f5f980a9f8.flac?X-Amz-Algorithm=AWS4-HMAC-SHA256&X-Amz-Content-Sha256=UNSIGNED-PAYLOAD&X-Amz-Credential=AKIA45B7YWBX5HAZMGOU%2F20260223%2Feu-west-1%2Fs3%2Faws4_request&X-Amz-Date=20260223T003239Z&X-Amz-Expires=604800&X-Amz-Signature=878956d05246eb5ced210a1eb92420858baf7fc8f88fd28fcd30bbd66a630476&X-Amz-SignedHeaders=host&response-content-disposition=attachment%3B%20filename%3D4bb0927d-f0e0-41b5-b851-29f5f980a9f8.flac&x-id=GetObject,0.474658132,65444
LMRam-2024-05-04_13-20.WAV,2024 Baja Lago Mesa Redonda,2024,5,4,13,20,Agelaius tricolor,Courtship Song,55.7120018,56.65066528,94,8719,24000,present,https://rfcx-streams-production.s3.eu-west-1.amazonaws.com/2024/05/04/2jm3bjkccty2/250ccc42-d326-41aa-bb5f-1d2032674fdb.flac?X-Amz-Algorithm=AWS4-HMAC-SHA256&X-Amz-Content-Sha256=UNSIGNED-PAYLOAD&X-Amz-Credential=AKIA45B7YWBX5HAZMGOU%2F20260223%2Feu-west-1%2Fs3%2Faws4_request&X-Amz-Date=20260223T003251Z&X-Amz-Expires=604800&X-Amz-Signature=5a840f2e4629bf0dae39ea0a77775aee335cb322eaeffbf5b56efee3ebbde5f1&X-Amz-SignedHeaders=host&response-content-disposition=attachment%3B%20filename%3D250ccc42-d326-41aa-bb5f-1d2032674fdb.flac&x-id=GetObject,0.44599241,65444
LMRam-2024-05-04_14-40.WAV,2024 Baja Lago Mesa Redonda,2024,5,4,14,40,Agelaius tricolor,Courtship Song,29.29066658,30.22933388,94,8719,24000,present,https://rfcx-streams-production.s3.eu-west-1.amazonaws.com/2024/05/04/2jm3bjkccty2/cca523ea-4a8d-4860-81ad-182e5f8b0c12.flac?X-Amz-Algorithm=AWS4-HMAC-SHA256&X-Amz-Content-Sha256=UNSIGNED-PAYLOAD&X-Amz-Credential=AKIA45B7YWBX5HAZMGOU%2F20260223%2Feu-west-1%2Fs3%2Faws4_request&X-Amz-Date=20260223T003251Z&X-Amz-Expires=604800&X-Amz-Signature=aa7bbff87a885dff90f4f8347ce6ec90ab5c0d8aaa6b5e477b3a6f0d3719e26c&X-Amz-SignedHeaders=host&response-content-disposition=attachment%3B%20filename%3Dcca523ea-4a8d-4860-81ad-182e5f8b0c12.flac&x-id=GetObject,0.559299231,65444
LMRam-2024-05-04_16-00.WAV,2024 Baja Lago Mesa Redonda,2024,5,4,16,0,Agelaius tricolor,Courtship Song,53.29066849,54.22933197,94,8719,24000,present,https://rfcx-streams-production.s3.eu-west-1.amazonaws.com/2024/05/04/2jm3bjkccty2/77c6c6fa-7ba1-49f0-895a-b4c6068d37b2.flac?X-Amz-Algorithm=AWS4-HMAC-SHA256&X-Amz-Content-Sha256=UNSIGNED-PAYLOAD&X-Amz-Credential=AKIA45B7YWBX5HAZMGOU%2F20260223%2Feu-west-1%2Fs3%2Faws4_request&X-Amz-Date=20260223T003239Z&X-Amz-Expires=604800&X-Amz-Signature=031521b7a56760dd3012f8c99d4dffdbaa98c8bef82d6c4fa1ed20369c34885e&X-Amz-SignedHeaders=host&response-content-disposition=attachment%3B%20filename%3D77c6c6fa-7ba1-49f0-895a-b4c6068d37b2.flac&x-id=GetObject,0.401096016,65444
LMRam-2024-05-04_16-20.WAV,2024 Baja Lago Mesa Redonda,2024,5,4,16,20,Agelaius tricolor,Courtship Song,58.17066574,59.10933304,94,8719,24000,present,https://rfcx-streams-production.s3.eu-west-1.amazonaws.com/2024/05/04/2jm3bjkccty2/3f9223c3-0ca8-4ad2-b088-56bc546382eb.flac?X-Amz-Algorithm=AWS4-HMAC-SHA256&X-Amz-Content-Sha256=UNSIGNED-PAYLOAD&X-Amz-Credential=AKIA45B7YWBX5HAZMGOU%2F20260223%2Feu-west-1%2Fs3%2Faws4_request&X-Amz-Date=20260223T003251Z&X-Amz-Expires=604800&X-Amz-Signature=8a5127749adf928ab963843787c910b1921d36dc3bb029839c847a160e30ec33&X-Amz-SignedHeaders=host&response-content-disposition=attachment%3B%20filename%3D3f9223c3-0ca8-4ad2-b088-56bc546382eb.flac&x-id=GetObject,0.40227142,65444
LMRam-2024-05-04_16-40.WAV,2024 Baja Lago Mesa Redonda,2024,5,4,16,40,Agelaius tricolor,Courtship Song,26.53333282,27.47200012,94,8719,24000,present,https://rfcx-streams-production.s3.eu-west-1.amazonaws.com/2024/05/04/2jm3bjkccty2/13a09966-5f60-4dce-a514-bdd54de85c32.flac?X-Amz-Algorithm=AWS4-HMAC-SHA256&X-Amz-Content-Sha256=UNSIGNED-PAYLOAD&X-Amz-Credential=AKIA45B7YWBX5HAZMGOU%2F20260223%2Feu-west-1%2Fs3%2Faws4_request&X-Amz-Date=20260223T003251Z&X-Amz-Expires=604800&X-Amz-Signature=c3564e92633c3df8e7d4e89cd2b5bf0e0bd1dbc064e4387f7b4a77ba0efacdc0&X-Amz-SignedHeaders=host&response-content-disposition=attachment%3B%20filename%3D13a09966-5f60-4dce-a514-bdd54de85c32.flac&x-id=GetObject,0.474261194,65444
LMRam-2024-05-04_17-00.WAV,2024 Baja Lago Mesa Redonda,2024,5,4,17,0,Agelaius tricolor,Courtship Song,20.38933372,21.32799911,94,8719,24000,present,https://rfcx-streams-production.s3.eu-west-1.amazonaws.com/2024/05/05/2jm3bjkccty2/6f507cbb-0f7a-43e7-a6ea-433b9fc97ef8.flac?X-Amz-Algorithm=AWS4-HMAC-SHA256&X-Amz-Content-Sha256=UNSIGNED-PAYLOAD&X-Amz-Credential=AKIA45B7YWBX5HAZMGOU%2F20260223%2Feu-west-1%2Fs3%2Faws4_request&X-Amz-Date=20260223T003239Z&X-Amz-Expires=604800&X-Amz-Signature=2f90d5126ae13ca75e19b6a73894b402eacc2c9a335daa577c09dda0578d60eb&X-Amz-SignedHeaders=host&response-content-disposition=attachment%3B%20filename%3D6f507cbb-0f7a-43e7-a6ea-433b9fc97ef8.flac&x-id=GetObject,0.495896369,65444
LMRam-2024-05-04_17-20.WAV,2024 Baja Lago Mesa Redonda,2024,5,4,17,20,Agelaius tricolor,Courtship Song,10.75733376,11.6960001,94,8719,24000,present,https://rfcx-streams-production.s3.eu-west-1.amazonaws.com/2024/05/05/2jm3bjkccty2/44fcde73-5664-439e-b11b-d815b2ae9c69.flac?X-Amz-Algorithm=AWS4-HMAC-SHA256&X-Amz-Content-Sha256=UNSIGNED-PAYLOAD&X-Amz-Credential=AKIA45B7YWBX5HAZMGOU%2F20260223%2Feu-west-1%2Fs3%2Faws4_request&X-Amz-Date=20260223T003251Z&X-Amz-Expires=604800&X-Amz-Signature=b6f43123810c2ebbe8c587d244802142280c923ee58f1c173f913fa98279f6ef&X-Amz-SignedHeaders=host&response-content-disposition=attachment%3B%20filename%3D44fcde73-5664-439e-b11b-d815b2ae9c69.flac&x-id=GetObject,0.441229075,65444
LMRam-2024-05-04_17-40.WAV,2024 Baja Lago Mesa Redonda,2024,5,4,17,40,Agelaius tricolor,Courtship Song,23.17866707,24.11733246,94,8719,24000,present,https://rfcx-streams-production.s3.eu-west-1.amazonaws.com/2024/05/05/2jm3bjkccty2/32d22fce-65bb-4292-bcfb-919b641a28ae.flac?X-Amz-Algorithm=AWS4-HMAC-SHA256&X-Amz-Content-Sha256=UNSIGNED-PAYLOAD&X-Amz-Credential=AKIA45B7YWBX5HAZMGOU%2F20260223%2Feu-west-1%2Fs3%2Faws4_request&X-Amz-Date=20260223T003251Z&X-Amz-Expires=604800&X-Amz-Signature=b6e3c9c51c91d2717bc029654b52a6f116bba2057bf69110bdd740ff803ada2f&X-Amz-SignedHeaders=host&response-content-disposition=attachment%3B%20filename%3D32d22fce-65bb-4292-bcfb-919b641a28ae.flac&x-id=GetObject,0.43725276,65444
LMRam-2024-05-04_18-00.WAV,2024 Baja Lago Mesa Redonda,2024,5,4,18,0,Agelaius tricolor,Courtship Song,0.010666667,0.94933331,94,8719,24000,present,https://rfcx-streams-production.s3.eu-west-1.amazonaws.com/2024/05/05/2jm3bjkccty2/bbbb55c5-c1f5-4055-a3b4-6cffc4abe888.flac?X-Amz-Algorithm=AWS4-HMAC-SHA256&X-Amz-Content-Sha256=UNSIGNED-PAYLOAD&X-Amz-Credential=AKIA45B7YWBX5HAZMGOU%2F20260223%2Feu-west-1%2Fs3%2Faws4_request&X-Amz-Date=20260223T003251Z&X-Amz-Expires=604800&X-Amz-Signature=f33e3af09bec940e6c2e09183b956e06c8f31af844f8542b0fdb4fab8cf22e50&X-Amz-SignedHeaders=host&response-content-disposition=attachment%3B%20filename%3Dbbbb55c5-c1f5-4055-a3b4-6cffc4abe888.flac&x-id=GetObject,0.516492903,65444
LMRam-2024-05-04_18-20.WAV,2024 Baja Lago Mesa Redonda,2024,5,4,18,20,Agelaius tricolor,Courtship Song,4.085333347,5.024000168,94,8719,24000,present,https://rfcx-streams-production.s3.eu-west-1.amazonaws.com/2024/05/05/2jm3bjkccty2/ebbebfa9-cf0e-4c73-a409-6b1158b1ab3b.flac?X-Amz-Algorithm=AWS4-HMAC-SHA256&X-Amz-Content-Sha256=UNSIGNED-PAYLOAD&X-Amz-Credential=AKIA45B7YWBX5HAZMGOU%2F20260223%2Feu-west-1%2Fs3%2Faws4_request&X-Amz-Date=20260223T003251Z&X-Amz-Expires=604800&X-Amz-Signature=4a6590fc8030698d75c53574b8073451352107076d82b8c84c6c684d5795ffb7&X-Amz-SignedHeaders=host&response-content-disposition=attachment%3B%20filename%3Debbebfa9-cf0e-4c73-a409-6b1158b1ab3b.flac&x-id=GetObject,0.528384805,65444
LMRam-2024-05-04_18-40.WAV,2024 Baja Lago Mesa Redonda,2024,5,4,18,40,Agelaius tricolor,Courtship Song,55.62666702,56.56533432,94,8719,24000,present,https://rfcx-streams-production.s3.eu-west-1.amazonaws.com/2024/05/05/2jm3bjkccty2/222182af-bc28-4e14-95b1-050abf0ef54d.flac?X-Amz-Algorithm=AWS4-HMAC-SHA256&X-Amz-Content-Sha256=UNSIGNED-PAYLOAD&X-Amz-Credential=AKIA45B7YWBX5HAZMGOU%2F20260223%2Feu-west-1%2Fs3%2Faws4_request&X-Amz-Date=20260223T003251Z&X-Amz-Expires=604800&X-Amz-Signature=08f23ae63a246344fc373d500a49817814203c47d56125d35db36003ce45fa86&X-Amz-SignedHeaders=host&response-content-disposition=attachment%3B%20filename%3D222182af-bc28-4e14-95b1-050abf0ef54d.flac&x-id=GetObject,0.455572993,65444
LMRam-2024-05-05_05-40.WAV,2024 Baja Lago Mesa Redonda,2024,5,5,5,40,Agelaius tricolor,Courtship Song,7.903999805,8.842666626,94,8719,24000,present,https://rfcx-streams-production.s3.eu-west-1.amazonaws.com/2024/05/05/2jm3bjkccty2/3f7ea31a-462f-4f7b-a4bb-8da8d8ce3575.flac?X-Amz-Algorithm=AWS4-HMAC-SHA256&X-Amz-Content-Sha256=UNSIGNED-PAYLOAD&X-Amz-Credential=AKIA45B7YWBX5HAZMGOU%2F20260223%2Feu-west-1%2Fs3%2Faws4_request&X-Amz-Date=20260223T003239Z&X-Amz-Expires=604800&X-Amz-Signature=f99a4b4aa6845970dd282f74d55791cdb186893dd6686fc560265e7e6196dc69&X-Amz-SignedHeaders=host&response-content-disposition=attachment%3B%20filename%3D3f7ea31a-462f-4f7b-a4bb-8da8d8ce3575.flac&x-id=GetObject,0.462931216,65444
LMRam-2024-05-05_06-00.WAV,2024 Baja Lago Mesa Redonda,2024,5,5,6,0,Agelaius tricolor,Courtship Song,12.21866703,13.15733337,94,8719,24000,present,https://rfcx-streams-production.s3.eu-west-1.amazonaws.com/2024/05/05/2jm3bjkccty2/2ccce6de-5821-47af-a5c3-d404cd59cd8b.flac?X-Amz-Algorithm=AWS4-HMAC-SHA256&X-Amz-Content-Sha256=UNSIGNED-PAYLOAD&X-Amz-Credential=AKIA45B7YWBX5HAZMGOU%2F20260223%2Feu-west-1%2Fs3%2Faws4_request&X-Amz-Date=20260223T003251Z&X-Amz-Expires=604800&X-Amz-Signature=b79c8e6ad97b2ff1e1f86612297fe4cb37a21b25bda04f88199dadd76809c528&X-Amz-SignedHeaders=host&response-content-disposition=attachment%3B%20filename%3D2ccce6de-5821-47af-a5c3-d404cd59cd8b.flac&x-id=GetObject,0.334728479,65444
LMRam-2024-05-05_06-40.WAV,2024 Baja Lago Mesa Redonda,2024,5,5,6,40,Agelaius tricolor,Courtship Song,18.93333244,19.87199974,94,8719,24000,present,https://rfcx-streams-production.s3.eu-west-1.amazonaws.com/2024/05/05/2jm3bjkccty2/ac287af0-d85b-4098-8ca7-fe6269bc0940.flac?X-Amz-Algorithm=AWS4-HMAC-SHA256&X-Amz-Content-Sha256=UNSIGNED-PAYLOAD&X-Amz-Credential=AKIA45B7YWBX5HAZMGOU%2F20260223%2Feu-west-1%2Fs3%2Faws4_request&X-Amz-Date=20260223T003251Z&X-Amz-Expires=604800&X-Amz-Signature=513f07b9df93a43afa2dcb3a666f5f636abab9073653ed814b336120abec8fb0&X-Amz-SignedHeaders=host&response-content-disposition=attachment%3B%20filename%3Dac287af0-d85b-4098-8ca7-fe6269bc0940.flac&x-id=GetObject,0.44044596,65444
LMRam-2024-05-05_07-00.WAV,2024 Baja Lago Mesa Redonda,2024,5,5,7,0,Agelaius tricolor,Courtship Song,7.946666718,8.885333061,94,8719,24000,present,https://rfcx-streams-production.s3.eu-west-1.amazonaws.com/2024/05/05/2jm3bjkccty2/e9308ad7-cd53-4d73-8f27-dda61b3eba8c.flac?X-Amz-Algorithm=AWS4-HMAC-SHA256&X-Amz-Content-Sha256=UNSIGNED-PAYLOAD&X-Amz-Credential=AKIA45B7YWBX5HAZMGOU%2F20260223%2Feu-west-1%2Fs3%2Faws4_request&X-Amz-Date=20260223T003251Z&X-Amz-Expires=604800&X-Amz-Signature=319004b12049c5a618dde0854a15290ea4d37b32a4550dda04234954ea7b6389&X-Amz-SignedHeaders=host&response-content-disposition=attachment%3B%20filename%3De9308ad7-cd53-4d73-8f27-dda61b3eba8c.flac&x-id=GetObject,0.538198888,65444
LMRam-2024-05-05_07-20.WAV,2024 Baja Lago Mesa Redonda,2024,5,5,7,20,Agelaius tricolor,Courtship Song,44.49066544,45.42933273,94,8719,24000,present,https://rfcx-streams-production.s3.eu-west-1.amazonaws.com/2024/05/05/2jm3bjkccty2/028f6b53-9f3e-4b36-8105-7a29d852842d.flac?X-Amz-Algorithm=AWS4-HMAC-SHA256&X-Amz-Content-Sha256=UNSIGNED-PAYLOAD&X-Amz-Credential=AKIA45B7YWBX5HAZMGOU%2F20260223%2Feu-west-1%2Fs3%2Faws4_request&X-Amz-Date=20260223T003251Z&X-Amz-Expires=604800&X-Amz-Signature=02daa3a2c1f4e279e7d985bdd7ce068e05d10422d5e0f6fa3354d7c9683596d8&X-Amz-SignedHeaders=host&response-content-disposition=attachment%3B%20filename%3D028f6b53-9f3e-4b36-8105-7a29d852842d.flac&x-id=GetObject,0.463424504,65444
LMRam-2024-05-05_08-00.WAV,2024 Baja Lago Mesa Redonda,2024,5,5,8,0,Agelaius tricolor,Courtship Song,23.56800079,24.50666618,94,8719,24000,present,https://rfcx-streams-production.s3.eu-west-1.amazonaws.com/2024/05/05/2jm3bjkccty2/1159030c-4636-44f8-9a73-d05ab8ab6276.flac?X-Amz-Algorithm=AWS4-HMAC-SHA256&X-Amz-Content-Sha256=UNSIGNED-PAYLOAD&X-Amz-Credential=AKIA45B7YWBX5HAZMGOU%2F20260223%2Feu-west-1%2Fs3%2Faws4_request&X-Amz-Date=20260223T003251Z&X-Amz-Expires=604800&X-Amz-Signature=062ebdee663475887ead299e31ee273e27119091b25c3e93c8196fff12060a06&X-Amz-SignedHeaders=host&response-content-disposition=attachment%3B%20filename%3D1159030c-4636-44f8-9a73-d05ab8ab6276.flac&x-id=GetObject,0.486930847,65444
LMRam-2024-05-05_09-00.WAV,2024 Baja Lago Mesa Redonda,2024,5,5,9,0,Agelaius tricolor,Courtship Song,58.49599838,59.43466568,94,8719,24000,present,https://rfcx-streams-production.s3.eu-west-1.amazonaws.com/2024/05/05/2jm3bjkccty2/9705f0ba-1551-4bdf-9886-4aee7898e18a.flac?X-Amz-Algorithm=AWS4-HMAC-SHA256&X-Amz-Content-Sha256=UNSIGNED-PAYLOAD&X-Amz-Credential=AKIA45B7YWBX5HAZMGOU%2F20260223%2Feu-west-1%2Fs3%2Faws4_request&X-Amz-Date=20260223T003251Z&X-Amz-Expires=604800&X-Amz-Signature=c3373df90af492b73322c66137fad5c678af5fb79a75752121a15ebf8f989bcc&X-Amz-SignedHeaders=host&response-content-disposition=attachment%3B%20filename%3D9705f0ba-1551-4bdf-9886-4aee7898e18a.flac&x-id=GetObject,0.503044069,65444
LMRam-2024-05-05_09-20.WAV,2024 Baja Lago Mesa Redonda,2024,5,5,9,20,Agelaius tricolor,Courtship Song,4.607999802,5.546666622,94,8719,24000,present,https://rfcx-streams-production.s3.eu-west-1.amazonaws.com/2024/05/05/2jm3bjkccty2/d6396eb2-0d78-4e22-aa1f-cf6800595891.flac?X-Amz-Algorithm=AWS4-HMAC-SHA256&X-Amz-Content-Sha256=UNSIGNED-PAYLOAD&X-Amz-Credential=AKIA45B7YWBX5HAZMGOU%2F20260223%2Feu-west-1%2Fs3%2Faws4_request&X-Amz-Date=20260223T003251Z&X-Amz-Expires=604800&X-Amz-Signature=5ea00f2a23f0e76d4a609c8a5a9fcaf1402ec5667bd612d32b3346e555aca008&X-Amz-SignedHeaders=host&response-content-disposition=attachment%3B%20filename%3Dd6396eb2-0d78-4e22-aa1f-cf6800595891.flac&x-id=GetObject,0.486212879,65444
LMRam-2024-05-05_09-40.WAV,2024 Baja Lago Mesa Redonda,2024,5,5,9,40,Agelaius tricolor,Courtship Song,29.10933304,30.04800034,94,8719,24000,present,https://rfcx-streams-production.s3.eu-west-1.amazonaws.com/2024/05/05/2jm3bjkccty2/db30cef1-8902-4c32-bbe4-e6411940acb3.flac?X-Amz-Algorithm=AWS4-HMAC-SHA256&X-Amz-Content-Sha256=UNSIGNED-PAYLOAD&X-Amz-Credential=AKIA45B7YWBX5HAZMGOU%2F20260223%2Feu-west-1%2Fs3%2Faws4_request&X-Amz-Date=20260223T003251Z&X-Amz-Expires=604800&X-Amz-Signature=53e70423e58c4f4f72336c83834147304120a05cd4be2e87db2505b40fed7fa5&X-Amz-SignedHeaders=host&response-content-disposition=attachment%3B%20filename%3Ddb30cef1-8902-4c32-bbe4-e6411940acb3.flac&x-id=GetObject,0.292921156,65444
LMRam-2024-05-05_10-00.WAV,2024 Baja Lago Mesa Redonda,2024,5,5,10,0,Agelaius tricolor,Courtship Song,1.349333286,2.288000107,94,8719,24000,present,https://rfcx-streams-production.s3.eu-west-1.amazonaws.com/2024/05/05/2jm3bjkccty2/b438ed6f-02c3-418c-8fe9-299c27b56e76.flac?X-Amz-Algorithm=AWS4-HMAC-SHA256&X-Amz-Content-Sha256=UNSIGNED-PAYLOAD&X-Amz-Credential=AKIA45B7YWBX5HAZMGOU%2F20260223%2Feu-west-1%2Fs3%2Faws4_request&X-Amz-Date=20260223T003251Z&X-Amz-Expires=604800&X-Amz-Signature=9264e90c30fc89be7fc57ff0798238677bc4d6e84aa90ac1a004eb38fb399349&X-Amz-SignedHeaders=host&response-content-disposition=attachment%3B%20filename%3Db438ed6f-02c3-418c-8fe9-299c27b56e76.flac&x-id=GetObject,0.48088336,65444
LMRam-2024-05-05_10-20.WAV,2024 Baja Lago Mesa Redonda,2024,5,5,10,20,Agelaius tricolor,Courtship Song,4.688000202,5.626666546,94,8719,24000,present,https://rfcx-streams-production.s3.eu-west-1.amazonaws.com/2024/05/05/2jm3bjkccty2/c464279e-ff14-49ad-9829-d91a444e7967.flac?X-Amz-Algorithm=AWS4-HMAC-SHA256&X-Amz-Content-Sha256=UNSIGNED-PAYLOAD&X-Amz-Credential=AKIA45B7YWBX5HAZMGOU%2F20260223%2Feu-west-1%2Fs3%2Faws4_request&X-Amz-Date=20260223T003251Z&X-Amz-Expires=604800&X-Amz-Signature=41cfe88330f40d25752c5434a1342a6b9e54b3158adbc392d19fd841f49563df&X-Amz-SignedHeaders=host&response-content-disposition=attachment%3B%20filename%3Dc464279e-ff14-49ad-9829-d91a444e7967.flac&x-id=GetObject,0.424318522,65444
LMRam-2024-05-05_10-40.WAV,2024 Baja Lago Mesa Redonda,2024,5,5,10,40,Agelaius tricolor,Courtship Song,13.68000031,14.61866665,94,8719,24000,present,https://rfcx-streams-production.s3.eu-west-1.amazonaws.com/2024/05/05/2jm3bjkccty2/d93e0e41-94ad-4cd7-b283-1d336f4e8472.flac?X-Amz-Algorithm=AWS4-HMAC-SHA256&X-Amz-Content-Sha256=UNSIGNED-PAYLOAD&X-Amz-Credential=AKIA45B7YWBX5HAZMGOU%2F20260223%2Feu-west-1%2Fs3%2Faws4_request&X-Amz-Date=20260223T003251Z&X-Amz-Expires=604800&X-Amz-Signature=c7176e85e67e2573d3eb1de95d193a6039153223f279301652e76332d19558d8&X-Amz-SignedHeaders=host&response-content-disposition=attachment%3B%20filename%3Dd93e0e41-94ad-4cd7-b283-1d336f4e8472.flac&x-id=GetObject,0.419383854,65444
LMRam-2024-05-05_11-20.WAV,2024 Baja Lago Mesa Redonda,2024,5,5,11,20,Agelaius tricolor,Courtship Song,5.696000099,6.634666443,94,8719,24000,present,https://rfcx-streams-production.s3.eu-west-1.amazonaws.com/2024/05/05/2jm3bjkccty2/c5a5a641-7733-4a0b-ab01-1338f985803f.flac?X-Amz-Algorithm=AWS4-HMAC-SHA256&X-Amz-Content-Sha256=UNSIGNED-PAYLOAD&X-Amz-Credential=AKIA45B7YWBX5HAZMGOU%2F20260223%2Feu-west-1%2Fs3%2Faws4_request&X-Amz-Date=20260223T003251Z&X-Amz-Expires=604800&X-Amz-Signature=f3ae7c79fccac6433bf2cf3ac258272553717318b5cacf9705426626d2f21826&X-Amz-SignedHeaders=host&response-content-disposition=attachment%3B%20filename%3Dc5a5a641-7733-4a0b-ab01-1338f985803f.flac&x-id=GetObject,0.472077668,65444
LMRam-2024-05-05_11-40.WAV,2024 Baja Lago Mesa Redonda,2024,5,5,11,40,Agelaius tricolor,Courtship Song,50.14933395,51.08800125,94,8719,24000,present,https://rfcx-streams-production.s3.eu-west-1.amazonaws.com/2024/05/05/2jm3bjkccty2/ffa4f783-794a-47e5-8c3b-bf7bd948e5cb.flac?X-Amz-Algorithm=AWS4-HMAC-SHA256&X-Amz-Content-Sha256=UNSIGNED-PAYLOAD&X-Amz-Credential=AKIA45B7YWBX5HAZMGOU%2F20260223%2Feu-west-1%2Fs3%2Faws4_request&X-Amz-Date=20260223T003251Z&X-Amz-Expires=604800&X-Amz-Signature=466788196125e0918a116de529df15ec746043f00948c8a044fe6266b51235d5&X-Amz-SignedHeaders=host&response-content-disposition=attachment%3B%20filename%3Dffa4f783-794a-47e5-8c3b-bf7bd948e5cb.flac&x-id=GetObject,0.565711975,65444
LMRam-2024-05-05_12-00.WAV,2024 Baja Lago Mesa Redonda,2024,5,5,12,0,Agelaius tricolor,Courtship Song,25.12533379,26.06399918,94,8719,24000,present,https://rfcx-streams-production.s3.eu-west-1.amazonaws.com/2024/05/05/2jm3bjkccty2/016fb63a-6500-4532-a130-5b73010e767e.flac?X-Amz-Algorithm=AWS4-HMAC-SHA256&X-Amz-Content-Sha256=UNSIGNED-PAYLOAD&X-Amz-Credential=AKIA45B7YWBX5HAZMGOU%2F20260223%2Feu-west-1%2Fs3%2Faws4_request&X-Amz-Date=20260223T003239Z&X-Amz-Expires=604800&X-Amz-Signature=56824449c723610304f679043a2180e4c84f4af9b855564af8d06c4e30cee72c&X-Amz-SignedHeaders=host&response-content-disposition=attachment%3B%20filename%3D016fb63a-6500-4532-a130-5b73010e767e.flac&x-id=GetObject,0.469371557,65444
LMRam-2024-05-05_12-40.WAV,2024 Baja Lago Mesa Redonda,2024,5,5,12,40,Agelaius tricolor,Courtship Song,34.76266479,35.70133209,94,8719,24000,present,https://rfcx-streams-production.s3.eu-west-1.amazonaws.com/2024/05/05/2jm3bjkccty2/1cebf5f2-fb57-494f-945b-f4100e0c5612.flac?X-Amz-Algorithm=AWS4-HMAC-SHA256&X-Amz-Content-Sha256=UNSIGNED-PAYLOAD&X-Amz-Credential=AKIA45B7YWBX5HAZMGOU%2F20260223%2Feu-west-1%2Fs3%2Faws4_request&X-Amz-Date=20260223T003251Z&X-Amz-Expires=604800&X-Amz-Signature=45f9df71a8109f0e7be72b9cfd0e8961b14039cc4c45e02b49cafec562940844&X-Amz-SignedHeaders=host&response-content-disposition=attachment%3B%20filename%3D1cebf5f2-fb57-494f-945b-f4100e0c5612.flac&x-id=GetObject,0.531667888,65444
LMRam-2024-05-05_13-00.WAV,2024 Baja Lago Mesa Redonda,2024,5,5,13,0,Agelaius tricolor,Courtship Song,48.17599869,49.11466599,94,8719,24000,present,https://rfcx-streams-production.s3.eu-west-1.amazonaws.com/2024/05/05/2jm3bjkccty2/ede69da9-a8db-48be-a473-e34624c6521c.flac?X-Amz-Algorithm=AWS4-HMAC-SHA256&X-Amz-Content-Sha256=UNSIGNED-PAYLOAD&X-Amz-Credential=AKIA45B7YWBX5HAZMGOU%2F20260223%2Feu-west-1%2Fs3%2Faws4_request&X-Amz-Date=20260223T003251Z&X-Amz-Expires=604800&X-Amz-Signature=7fbb3fb14240c066850c5c73659d798a564e9be36a21811f7718d710a0dae01b&X-Amz-SignedHeaders=host&response-content-disposition=attachment%3B%20filename%3Dede69da9-a8db-48be-a473-e34624c6521c.flac&x-id=GetObject,0.444612622,65444
LMRam-2024-05-05_14-00.WAV,2024 Baja Lago Mesa Redonda,2024,5,5,14,0,Agelaius tricolor,Courtship Song,34.74133301,35.68000031,94,8719,24000,present,https://rfcx-streams-production.s3.eu-west-1.amazonaws.com/2024/05/05/2jm3bjkccty2/0a56407b-92af-4741-b2d2-12df4ff26d1b.flac?X-Amz-Algorithm=AWS4-HMAC-SHA256&X-Amz-Content-Sha256=UNSIGNED-PAYLOAD&X-Amz-Credential=AKIA45B7YWBX5HAZMGOU%2F20260223%2Feu-west-1%2Fs3%2Faws4_request&X-Amz-Date=20260223T003251Z&X-Amz-Expires=604800&X-Amz-Signature=b3bb285d04c0da6b6303951fe206699b503084fa4807b84901794459a6eba88b&X-Amz-SignedHeaders=host&response-content-disposition=attachment%3B%20filename%3D0a56407b-92af-4741-b2d2-12df4ff26d1b.flac&x-id=GetObject,0.5438146,65444
LMRam-2024-05-05_15-20.WAV,2024 Baja Lago Mesa Redonda,2024,5,5,15,20,Agelaius tricolor,Courtship Song,4.826666832,5.765333176,94,8719,24000,present,https://rfcx-streams-production.s3.eu-west-1.amazonaws.com/2024/05/05/2jm3bjkccty2/0d40aea2-c38e-405d-af24-1e5145932a66.flac?X-Amz-Algorithm=AWS4-HMAC-SHA256&X-Amz-Content-Sha256=UNSIGNED-PAYLOAD&X-Amz-Credential=AKIA45B7YWBX5HAZMGOU%2F20260223%2Feu-west-1%2Fs3%2Faws4_request&X-Amz-Date=20260223T003251Z&X-Amz-Expires=604800&X-Amz-Signature=0912a7a813375b4233ad9d4bca22e20bd48133bbc6ae5a8b6075c1b74374db6b&X-Amz-SignedHeaders=host&response-content-disposition=attachment%3B%20filename%3D0d40aea2-c38e-405d-af24-1e5145932a66.flac&x-id=GetObject,0.513447523,65444
LMRam-2024-05-05_16-00.WAV,2024 Baja Lago Mesa Redonda,2024,5,5,16,0,Agelaius tricolor,Courtship Song,33.32799911,34.26666641,94,8719,24000,present,https://rfcx-streams-production.s3.eu-west-1.amazonaws.com/2024/05/05/2jm3bjkccty2/6b3545f6-07a6-4dbc-b629-7e5f13d0e8b6.flac?X-Amz-Algorithm=AWS4-HMAC-SHA256&X-Amz-Content-Sha256=UNSIGNED-PAYLOAD&X-Amz-Credential=AKIA45B7YWBX5HAZMGOU%2F20260223%2Feu-west-1%2Fs3%2Faws4_request&X-Amz-Date=20260223T003251Z&X-Amz-Expires=604800&X-Amz-Signature=a986efa5974ba72386d25168926f7a1f41eaa38df24cbd9a18b4e811e550f937&X-Amz-SignedHeaders=host&response-content-disposition=attachment%3B%20filename%3D6b3545f6-07a6-4dbc-b629-7e5f13d0e8b6.flac&x-id=GetObject,0.502535522,65444
LMRam-2024-05-05_16-40.WAV,2024 Baja Lago Mesa Redonda,2024,5,5,16,40,Agelaius tricolor,Courtship Song,10.56000042,11.49866676,94,8719,24000,present,https://rfcx-streams-production.s3.eu-west-1.amazonaws.com/2024/05/05/2jm3bjkccty2/0550d56d-0ef5-4294-a522-1e1ddb582347.flac?X-Amz-Algorithm=AWS4-HMAC-SHA256&X-Amz-Content-Sha256=UNSIGNED-PAYLOAD&X-Amz-Credential=AKIA45B7YWBX5HAZMGOU%2F20260223%2Feu-west-1%2Fs3%2Faws4_request&X-Amz-Date=20260223T003251Z&X-Amz-Expires=604800&X-Amz-Signature=f1f784fd3e39f63b7df5e9ba5c592a564790dbe5e8de39e7aa1c9d574cf2261a&X-Amz-SignedHeaders=host&response-content-disposition=attachment%3B%20filename%3D0550d56d-0ef5-4294-a522-1e1ddb582347.flac&x-id=GetObject,0.532800972,65444
LMRam-2024-05-05_17-20.WAV,2024 Baja Lago Mesa Redonda,2024,5,5,17,20,Agelaius tricolor,Courtship Song,35.59999847,36.53866577,94,8719,24000,present,https://rfcx-streams-production.s3.eu-west-1.amazonaws.com/2024/05/06/2jm3bjkccty2/4e181452-bf1f-4013-b395-382623a5e091.flac?X-Amz-Algorithm=AWS4-HMAC-SHA256&X-Amz-Content-Sha256=UNSIGNED-PAYLOAD&X-Amz-Credential=AKIA45B7YWBX5HAZMGOU%2F20260223%2Feu-west-1%2Fs3%2Faws4_request&X-Amz-Date=20260223T003251Z&X-Amz-Expires=604800&X-Amz-Signature=32701c2ea9cd84771c83100f7d9597c3c8891db6f976276a0b1dc14dd6f53e07&X-Amz-SignedHeaders=host&response-content-disposition=attachment%3B%20filename%3D4e181452-bf1f-4013-b395-382623a5e091.flac&x-id=GetObject,0.466022849,65444
LMRam-2024-05-05_17-40.WAV,2024 Baja Lago Mesa Redonda,2024,5,5,17,40,Agelaius tricolor,Courtship Song,7.423999786,8.362667084,94,8719,24000,present,https://rfcx-streams-production.s3.eu-west-1.amazonaws.com/2024/05/06/2jm3bjkccty2/2b222b8a-e5d6-4b8e-8ead-88e2a6636c31.flac?X-Amz-Algorithm=AWS4-HMAC-SHA256&X-Amz-Content-Sha256=UNSIGNED-PAYLOAD&X-Amz-Credential=AKIA45B7YWBX5HAZMGOU%2F20260223%2Feu-west-1%2Fs3%2Faws4_request&X-Amz-Date=20260223T003251Z&X-Amz-Expires=604800&X-Amz-Signature=e8a66f4606a7cbf2e8af0cbdb81f66ab2ba8e33cb54003b44e93b5ff2da9b15f&X-Amz-SignedHeaders=host&response-content-disposition=attachment%3B%20filename%3D2b222b8a-e5d6-4b8e-8ead-88e2a6636c31.flac&x-id=GetObject,0.602877378,65444
LMRam-2024-05-05_18-00.WAV,2024 Baja Lago Mesa Redonda,2024,5,5,18,0,Agelaius tricolor,Courtship Song,5.423999786,6.362666607,94,8719,24000,present,https://rfcx-streams-production.s3.eu-west-1.amazonaws.com/2024/05/06/2jm3bjkccty2/3c6d19b7-a7ee-4909-927b-8f3e8dd17853.flac?X-Amz-Algorithm=AWS4-HMAC-SHA256&X-Amz-Content-Sha256=UNSIGNED-PAYLOAD&X-Amz-Credential=AKIA45B7YWBX5HAZMGOU%2F20260223%2Feu-west-1%2Fs3%2Faws4_request&X-Amz-Date=20260223T003251Z&X-Amz-Expires=604800&X-Amz-Signature=052e8c18c831b4a3b3f5cb92e34c61c8ffe2cf9dd05f0d15d1082c1498712f8c&X-Amz-SignedHeaders=host&response-content-disposition=attachment%3B%20filename%3D3c6d19b7-a7ee-4909-927b-8f3e8dd17853.flac&x-id=GetObject,0.551529765,65444
LMRam-2024-05-05_18-20.WAV,2024 Baja Lago Mesa Redonda,2024,5,5,18,20,Agelaius tricolor,Courtship Song,27.37599945,28.31466675,94,8719,24000,present,https://rfcx-streams-production.s3.eu-west-1.amazonaws.com/2024/05/06/2jm3bjkccty2/8c5757f4-4d3d-49be-bde5-b002b1c1f290.flac?X-Amz-Algorithm=AWS4-HMAC-SHA256&X-Amz-Content-Sha256=UNSIGNED-PAYLOAD&X-Amz-Credential=AKIA45B7YWBX5HAZMGOU%2F20260223%2Feu-west-1%2Fs3%2Faws4_request&X-Amz-Date=20260223T003239Z&X-Amz-Expires=604800&X-Amz-Signature=73ec3e1813fb014e561094c471090e586beb438b144afb7d11ae47c2dbd138a8&X-Amz-SignedHeaders=host&response-content-disposition=attachment%3B%20filename%3D8c5757f4-4d3d-49be-bde5-b002b1c1f290.flac&x-id=GetObject,0.467577636,65444
LMRam-2024-05-05_18-40.WAV,2024 Baja Lago Mesa Redonda,2024,5,5,18,40,Agelaius tricolor,Courtship Song,16.67200089,17.61066628,94,8719,24000,present,https://rfcx-streams-production.s3.eu-west-1.amazonaws.com/2024/05/06/2jm3bjkccty2/3248ac28-8271-473d-9818-7843cf48a83b.flac?X-Amz-Algorithm=AWS4-HMAC-SHA256&X-Amz-Content-Sha256=UNSIGNED-PAYLOAD&X-Amz-Credential=AKIA45B7YWBX5HAZMGOU%2F20260223%2Feu-west-1%2Fs3%2Faws4_request&X-Amz-Date=20260223T003251Z&X-Amz-Expires=604800&X-Amz-Signature=f6d0eb388a89b7fa3e8deeb50e58866f30da33ae1468d3585bfe1411420474fb&X-Amz-SignedHeaders=host&response-content-disposition=attachment%3B%20filename%3D3248ac28-8271-473d-9818-7843cf48a83b.flac&x-id=GetObject,0.498170316,65444
LMRam-2024-05-05_19-00.WAV,2024 Baja Lago Mesa Redonda,2024,5,5,19,0,Agelaius tricolor,Courtship Song,11.92533302,12.86400032,94,8719,24000,present,https://rfcx-streams-production.s3.eu-west-1.amazonaws.com/2024/05/06/2jm3bjkccty2/3ffe1b15-3a58-40f9-acb7-f47036708090.flac?X-Amz-Algorithm=AWS4-HMAC-SHA256&X-Amz-Content-Sha256=UNSIGNED-PAYLOAD&X-Amz-Credential=AKIA45B7YWBX5HAZMGOU%2F20260223%2Feu-west-1%2Fs3%2Faws4_request&X-Amz-Date=20260223T003251Z&X-Amz-Expires=604800&X-Amz-Signature=7f8ec9bf16e46690004e0258681a71983616ffa3d9be2790ab3163e5ffa8216b&X-Amz-SignedHeaders=host&response-content-disposition=attachment%3B%20filename%3D3ffe1b15-3a58-40f9-acb7-f47036708090.flac&x-id=GetObject,0.495383739,65444
LMRam-2024-05-05_19-20.WAV,2024 Baja Lago Mesa Redonda,2024,5,5,19,20,Agelaius tricolor,Courtship Song,27.45599937,28.39466667,94,8719,24000,present,https://rfcx-streams-production.s3.eu-west-1.amazonaws.com/2024/05/06/2jm3bjkccty2/11590f91-1e95-4dd0-984c-9a5f1641b3d1.flac?X-Amz-Algorithm=AWS4-HMAC-SHA256&X-Amz-Content-Sha256=UNSIGNED-PAYLOAD&X-Amz-Credential=AKIA45B7YWBX5HAZMGOU%2F20260223%2Feu-west-1%2Fs3%2Faws4_request&X-Amz-Date=20260223T003251Z&X-Amz-Expires=604800&X-Amz-Signature=5165e18a8ab0ae02c424dfb0b8f53c9c01fbdf03369929a86d29b56712398b0f&X-Amz-SignedHeaders=host&response-content-disposition=attachment%3B%20filename%3D11590f91-1e95-4dd0-984c-9a5f1641b3d1.flac&x-id=GetObject,0.380203128,65444
LMRam-2024-05-05_19-40.WAV,2024 Baja Lago Mesa Redonda,2024,5,5,19,40,Agelaius tricolor,Courtship Song,31.47200012,32.41066742,94,8719,24000,present,https://rfcx-streams-production.s3.eu-west-1.amazonaws.com/2024/05/06/2jm3bjkccty2/e107b780-5432-4b28-871c-018a1fe0ca4d.flac?X-Amz-Algorithm=AWS4-HMAC-SHA256&X-Amz-Content-Sha256=UNSIGNED-PAYLOAD&X-Amz-Credential=AKIA45B7YWBX5HAZMGOU%2F20260223%2Feu-west-1%2Fs3%2Faws4_request&X-Amz-Date=20260223T003251Z&X-Amz-Expires=604800&X-Amz-Signature=ddd15de09809cb88dc4996b56e94e71ab673255517c4f0788d040cfeef77cb5a&X-Amz-SignedHeaders=host&response-content-disposition=attachment%3B%20filename%3De107b780-5432-4b28-871c-018a1fe0ca4d.flac&x-id=GetObject,0.559672952,65444
LMRam-2024-05-06_07-00.WAV,2024 Baja Lago Mesa Redonda,2024,5,6,7,0,Agelaius tricolor,Courtship Song,20.78933334,21.72800064,94,8719,24000,present,https://rfcx-streams-production.s3.eu-west-1.amazonaws.com/2024/05/06/2jm3bjkccty2/3b73f681-7464-41ea-bc29-62082d8b8041.flac?X-Amz-Algorithm=AWS4-HMAC-SHA256&X-Amz-Content-Sha256=UNSIGNED-PAYLOAD&X-Amz-Credential=AKIA45B7YWBX5HAZMGOU%2F20260223%2Feu-west-1%2Fs3%2Faws4_request&X-Amz-Date=20260223T003251Z&X-Amz-Expires=604800&X-Amz-Signature=2787051e0bf466b68d9964771f200090bf51baeace4fd25c18939a3b321c4c7d&X-Amz-SignedHeaders=host&response-content-disposition=attachment%3B%20filename%3D3b73f681-7464-41ea-bc29-62082d8b8041.flac&x-id=GetObject,0.497666091,65444
LMRam-2024-05-06_07-20.WAV,2024 Baja Lago Mesa Redonda,2024,5,6,7,20,Agelaius tricolor,Courtship Song,5.872000217,6.810666561,94,8719,24000,present,https://rfcx-streams-production.s3.eu-west-1.amazonaws.com/2024/05/06/2jm3bjkccty2/5385636e-387a-4006-b94b-9c4715cdf7bb.flac?X-Amz-Algorithm=AWS4-HMAC-SHA256&X-Amz-Content-Sha256=UNSIGNED-PAYLOAD&X-Amz-Credential=AKIA45B7YWBX5HAZMGOU%2F20260223%2Feu-west-1%2Fs3%2Faws4_request&X-Amz-Date=20260223T003251Z&X-Amz-Expires=604800&X-Amz-Signature=30072f75ebdea4979dfaf7d263a4be1e30d6e839dcef22ad13bfda6a5dd079ae&X-Amz-SignedHeaders=host&response-content-disposition=attachment%3B%20filename%3D5385636e-387a-4006-b94b-9c4715cdf7bb.flac&x-id=GetObject,0.439016134,65444
LMRam-2024-05-06_07-40.WAV,2024 Baja Lago Mesa Redonda,2024,5,6,7,40,Agelaius tricolor,Courtship Song,43.43999863,44.37866592,94,8719,24000,present,https://rfcx-streams-production.s3.eu-west-1.amazonaws.com/2024/05/06/2jm3bjkccty2/f2f0a98d-1f9f-4be5-a455-4ef62817425f.flac?X-Amz-Algorithm=AWS4-HMAC-SHA256&X-Amz-Content-Sha256=UNSIGNED-PAYLOAD&X-Amz-Credential=AKIA45B7YWBX5HAZMGOU%2F20260223%2Feu-west-1%2Fs3%2Faws4_request&X-Amz-Date=20260223T003251Z&X-Amz-Expires=604800&X-Amz-Signature=aa80007801d68140107c4bbac66e8999ea473a3c381c96bebe6b22d6da7d90bc&X-Amz-SignedHeaders=host&response-content-disposition=attachment%3B%20filename%3Df2f0a98d-1f9f-4be5-a455-4ef62817425f.flac&x-id=GetObject,0.445650935,65444
LMRam-2024-05-06_08-00.WAV,2024 Baja Lago Mesa Redonda,2024,5,6,8,0,Agelaius tricolor,Courtship Song,34.4746666,35.41333389,94,8719,24000,present,https://rfcx-streams-production.s3.eu-west-1.amazonaws.com/2024/05/06/2jm3bjkccty2/acb44f3b-a159-4e6e-b410-47323f8e2ee8.flac?X-Amz-Algorithm=AWS4-HMAC-SHA256&X-Amz-Content-Sha256=UNSIGNED-PAYLOAD&X-Amz-Credential=AKIA45B7YWBX5HAZMGOU%2F20260223%2Feu-west-1%2Fs3%2Faws4_request&X-Amz-Date=20260223T003239Z&X-Amz-Expires=604800&X-Amz-Signature=41fcf532c20bd831d4b275dea63e0ed0427ad7fa39290a1f1720ea0617382f91&X-Amz-SignedHeaders=host&response-content-disposition=attachment%3B%20filename%3Dacb44f3b-a159-4e6e-b410-47323f8e2ee8.flac&x-id=GetObject,0.502731383,65444
LMRam-2024-05-06_08-40.WAV,2024 Baja Lago Mesa Redonda,2024,5,6,8,40,Agelaius tricolor,Courtship Song,39.0826683,40.02133179,94,8719,24000,present,https://rfcx-streams-production.s3.eu-west-1.amazonaws.com/2024/05/06/2jm3bjkccty2/f312d713-82d7-44f7-91bc-3f0b7f4e3441.flac?X-Amz-Algorithm=AWS4-HMAC-SHA256&X-Amz-Content-Sha256=UNSIGNED-PAYLOAD&X-Amz-Credential=AKIA45B7YWBX5HAZMGOU%2F20260223%2Feu-west-1%2Fs3%2Faws4_request&X-Amz-Date=20260223T003251Z&X-Amz-Expires=604800&X-Amz-Signature=3b77a1d8461d57d6217f8ee6846790048beb6924e755c593ea6b7a20fffdff05&X-Amz-SignedHeaders=host&response-content-disposition=attachment%3B%20filename%3Df312d713-82d7-44f7-91bc-3f0b7f4e3441.flac&x-id=GetObject,0.484078884,65444
LMRam-2024-05-06_09-20.WAV,2024 Baja Lago Mesa Redonda,2024,5,6,9,20,Agelaius tricolor,Courtship Song,17.23200035,18.17066574,94,8719,24000,present,https://rfcx-streams-production.s3.eu-west-1.amazonaws.com/2024/05/06/2jm3bjkccty2/63ebb681-20c7-4c64-aace-2879d570f065.flac?X-Amz-Algorithm=AWS4-HMAC-SHA256&X-Amz-Content-Sha256=UNSIGNED-PAYLOAD&X-Amz-Credential=AKIA45B7YWBX5HAZMGOU%2F20260223%2Feu-west-1%2Fs3%2Faws4_request&X-Amz-Date=20260223T003251Z&X-Amz-Expires=604800&X-Amz-Signature=eae4e48a8283ef847f9be188c47760cecc70d7d8e7a3c90698faa8d84867658c&X-Amz-SignedHeaders=host&response-content-disposition=attachment%3B%20filename%3D63ebb681-20c7-4c64-aace-2879d570f065.flac&x-id=GetObject,0.46031642,65444
LMRam-2024-05-06_09-40.WAV,2024 Baja Lago Mesa Redonda,2024,5,6,9,40,Agelaius tricolor,Courtship Song,14.59733295,15.53600025,94,8719,24000,present,https://rfcx-streams-production.s3.eu-west-1.amazonaws.com/2024/05/06/2jm3bjkccty2/ea4d0de1-0a88-49fd-b2c3-7cf175e99638.flac?X-Amz-Algorithm=AWS4-HMAC-SHA256&X-Amz-Content-Sha256=UNSIGNED-PAYLOAD&X-Amz-Credential=AKIA45B7YWBX5HAZMGOU%2F20260223%2Feu-west-1%2Fs3%2Faws4_request&X-Amz-Date=20260223T003251Z&X-Amz-Expires=604800&X-Amz-Signature=aedb3044908871ab8a2288be7ffacb264464cac2448afaf7931be4daea02f9c3&X-Amz-SignedHeaders=host&response-content-disposition=attachment%3B%20filename%3Dea4d0de1-0a88-49fd-b2c3-7cf175e99638.flac&x-id=GetObject,0.550812125,65444
LMRam-2024-05-06_10-40.WAV,2024 Baja Lago Mesa Redonda,2024,5,6,10,40,Agelaius tricolor,Courtship Song,53.39733505,54.33599854,94,8719,24000,present,https://rfcx-streams-production.s3.eu-west-1.amazonaws.com/2024/05/06/2jm3bjkccty2/adcde63f-68b7-436c-ba9c-0c129ecc2250.flac?X-Amz-Algorithm=AWS4-HMAC-SHA256&X-Amz-Content-Sha256=UNSIGNED-PAYLOAD&X-Amz-Credential=AKIA45B7YWBX5HAZMGOU%2F20260223%2Feu-west-1%2Fs3%2Faws4_request&X-Amz-Date=20260223T003239Z&X-Amz-Expires=604800&X-Amz-Signature=3ab037dcbe19738b371a605e18d2a3dd40c00f73f30e3b1f82c0f62d0c404992&X-Amz-SignedHeaders=host&response-content-disposition=attachment%3B%20filename%3Dadcde63f-68b7-436c-ba9c-0c129ecc2250.flac&x-id=GetObject,0.545037866,65444
LMRam-2024-05-06_11-00.WAV,2024 Baja Lago Mesa Redonda,2024,5,6,11,0,Agelaius tricolor,Courtship Song,32.84266663,33.78133392,94,8719,24000,present,https://rfcx-streams-production.s3.eu-west-1.amazonaws.com/2024/05/06/2jm3bjkccty2/2284a3c6-418b-4fcb-bb17-43c1d2302968.flac?X-Amz-Algorithm=AWS4-HMAC-SHA256&X-Amz-Content-Sha256=UNSIGNED-PAYLOAD&X-Amz-Credential=AKIA45B7YWBX5HAZMGOU%2F20260223%2Feu-west-1%2Fs3%2Faws4_request&X-Amz-Date=20260223T003251Z&X-Amz-Expires=604800&X-Amz-Signature=04ce327d936e44b8fa00dc8707935d660f4393d0a460f21a433946f4e04c3a48&X-Amz-SignedHeaders=host&response-content-disposition=attachment%3B%20filename%3D2284a3c6-418b-4fcb-bb17-43c1d2302968.flac&x-id=GetObject,0.529563725,65444
LMRam-2024-05-06_11-20.WAV,2024 Baja Lago Mesa Redonda,2024,5,6,11,20,Agelaius tricolor,Courtship Song,22.94933319,23.88800049,94,8719,24000,present,https://rfcx-streams-production.s3.eu-west-1.amazonaws.com/2024/05/06/2jm3bjkccty2/bae4b5f5-fae2-4f9d-9a51-c9cdc40ba035.flac?X-Amz-Algorithm=AWS4-HMAC-SHA256&X-Amz-Content-Sha256=UNSIGNED-PAYLOAD&X-Amz-Credential=AKIA45B7YWBX5HAZMGOU%2F20260223%2Feu-west-1%2Fs3%2Faws4_request&X-Amz-Date=20260223T003251Z&X-Amz-Expires=604800&X-Amz-Signature=2ea462a4a4b643036131a95af65fc846d0cfca24cbcd9e359ead04a34ac6586c&X-Amz-SignedHeaders=host&response-content-disposition=attachment%3B%20filename%3Dbae4b5f5-fae2-4f9d-9a51-c9cdc40ba035.flac&x-id=GetObject,0.410535753,65444
LMRam-2024-05-06_11-40.WAV,2024 Baja Lago Mesa Redonda,2024,5,6,11,40,Agelaius tricolor,Courtship Song,34.12799835,35.06666565,94,8719,24000,present,https://rfcx-streams-production.s3.eu-west-1.amazonaws.com/2024/05/06/2jm3bjkccty2/f63c12f7-4285-4a46-bf71-f61f216ee6a4.flac?X-Amz-Algorithm=AWS4-HMAC-SHA256&X-Amz-Content-Sha256=UNSIGNED-PAYLOAD&X-Amz-Credential=AKIA45B7YWBX5HAZMGOU%2F20260223%2Feu-west-1%2Fs3%2Faws4_request&X-Amz-Date=20260223T003251Z&X-Amz-Expires=604800&X-Amz-Signature=9501be91e056801097bad97d171bb5b4ea2855585690a4f29b10bd17d3aa45a7&X-Amz-SignedHeaders=host&response-content-disposition=attachment%3B%20filename%3Df63c12f7-4285-4a46-bf71-f61f216ee6a4.flac&x-id=GetObject,0.403104603,65444
LMRam-2024-05-06_12-00.WAV,2024 Baja Lago Mesa Redonda,2024,5,6,12,0,Agelaius tricolor,Courtship Song,33.68000031,34.6186676,94,8719,24000,present,https://rfcx-streams-production.s3.eu-west-1.amazonaws.com/2024/05/06/2jm3bjkccty2/8c30775b-6b1d-47a5-8776-4b7b2e7bb2d1.flac?X-Amz-Algorithm=AWS4-HMAC-SHA256&X-Amz-Content-Sha256=UNSIGNED-PAYLOAD&X-Amz-Credential=AKIA45B7YWBX5HAZMGOU%2F20260223%2Feu-west-1%2Fs3%2Faws4_request&X-Amz-Date=20260223T003251Z&X-Amz-Expires=604800&X-Amz-Signature=734d617bb68ee423f0f54bc1853a2f4e393414c6bc8dff30dd56951b0b314b39&X-Amz-SignedHeaders=host&response-content-disposition=attachment%3B%20filename%3D8c30775b-6b1d-47a5-8776-4b7b2e7bb2d1.flac&x-id=GetObject,0.470373511,65444
LMRam-2024-05-06_12-20.WAV,2024 Baja Lago Mesa Redonda,2024,5,6,12,20,Agelaius tricolor,Courtship Song,36.82133484,37.75999832,94,8719,24000,present,https://rfcx-streams-production.s3.eu-west-1.amazonaws.com/2024/05/06/2jm3bjkccty2/d42cde8a-3ddb-4c94-b2b8-5d2e4a35ebe8.flac?X-Amz-Algorithm=AWS4-HMAC-SHA256&X-Amz-Content-Sha256=UNSIGNED-PAYLOAD&X-Amz-Credential=AKIA45B7YWBX5HAZMGOU%2F20260223%2Feu-west-1%2Fs3%2Faws4_request&X-Amz-Date=20260223T003239Z&X-Amz-Expires=604800&X-Amz-Signature=7be6e2ba4bc3e80f578d63417ee71a8ed0f2ef362e5347a26be2b60edd4be98f&X-Amz-SignedHeaders=host&response-content-disposition=attachment%3B%20filename%3Dd42cde8a-3ddb-4c94-b2b8-5d2e4a35ebe8.flac&x-id=GetObject,0.502466977,65444
LMRam-2024-05-06_13-20.WAV,2024 Baja Lago Mesa Redonda,2024,5,6,13,20,Agelaius tricolor,Courtship Song,50.69333267,51.63199997,94,8719,24000,present,https://rfcx-streams-production.s3.eu-west-1.amazonaws.com/2024/05/06/2jm3bjkccty2/7186921b-68fe-44b2-9a7b-316071c9dfa0.flac?X-Amz-Algorithm=AWS4-HMAC-SHA256&X-Amz-Content-Sha256=UNSIGNED-PAYLOAD&X-Amz-Credential=AKIA45B7YWBX5HAZMGOU%2F20260223%2Feu-west-1%2Fs3%2Faws4_request&X-Amz-Date=20260223T003251Z&X-Amz-Expires=604800&X-Amz-Signature=5cd6a7bb7cd70e6ac69b176f3c1b8097ece30366a6f35ea4b6260803f5ea8a86&X-Amz-SignedHeaders=host&response-content-disposition=attachment%3B%20filename%3D7186921b-68fe-44b2-9a7b-316071c9dfa0.flac&x-id=GetObject,0.625704944,65444
LMRam-2024-05-06_13-40.WAV,2024 Baja Lago Mesa Redonda,2024,5,6,13,40,Agelaius tricolor,Courtship Song,58.13866806,59.07733154,94,8719,24000,present,https://rfcx-streams-production.s3.eu-west-1.amazonaws.com/2024/05/06/2jm3bjkccty2/5f5c59a3-7b1a-4da2-b9ef-010452867346.flac?X-Amz-Algorithm=AWS4-HMAC-SHA256&X-Amz-Content-Sha256=UNSIGNED-PAYLOAD&X-Amz-Credential=AKIA45B7YWBX5HAZMGOU%2F20260223%2Feu-west-1%2Fs3%2Faws4_request&X-Amz-Date=20260223T003251Z&X-Amz-Expires=604800&X-Amz-Signature=d34f9c9dc785d37e5ffc219ab757c7c6cc6ec1234b4857a16eedac0222e0c6a7&X-Amz-SignedHeaders=host&response-content-disposition=attachment%3B%20filename%3D5f5c59a3-7b1a-4da2-b9ef-010452867346.flac&x-id=GetObject,0.448222041,65444
LMRam-2024-05-06_14-00.WAV,2024 Baja Lago Mesa Redonda,2024,5,6,14,0,Agelaius tricolor,Courtship Song,31.47200012,32.41066742,94,8719,24000,present,https://rfcx-streams-production.s3.eu-west-1.amazonaws.com/2024/05/06/2jm3bjkccty2/554845cf-05c0-426b-ac18-9ce29013df0d.flac?X-Amz-Algorithm=AWS4-HMAC-SHA256&X-Amz-Content-Sha256=UNSIGNED-PAYLOAD&X-Amz-Credential=AKIA45B7YWBX5HAZMGOU%2F20260223%2Feu-west-1%2Fs3%2Faws4_request&X-Amz-Date=20260223T003251Z&X-Amz-Expires=604800&X-Amz-Signature=13d32a7367818f4c825798f46720060ec86e715f5421afe4ba8aab6e987a1d80&X-Amz-SignedHeaders=host&response-content-disposition=attachment%3B%20filename%3D554845cf-05c0-426b-ac18-9ce29013df0d.flac&x-id=GetObject,0.596526921,65444
LMRam-2024-05-06_14-20.WAV,2024 Baja Lago Mesa Redonda,2024,5,6,14,20,Agelaius tricolor,Courtship Song,18.31466675,19.25333405,94,8719,24000,present,https://rfcx-streams-production.s3.eu-west-1.amazonaws.com/2024/05/06/2jm3bjkccty2/e48ea8ec-9ec2-4c9f-b3c8-10127632efae.flac?X-Amz-Algorithm=AWS4-HMAC-SHA256&X-Amz-Content-Sha256=UNSIGNED-PAYLOAD&X-Amz-Credential=AKIA45B7YWBX5HAZMGOU%2F20260223%2Feu-west-1%2Fs3%2Faws4_request&X-Amz-Date=20260223T003239Z&X-Amz-Expires=604800&X-Amz-Signature=7b2de97bd642c96defa23981ea310b9d54e09753437b47ec6ffb28924fe5a126&X-Amz-SignedHeaders=host&response-content-disposition=attachment%3B%20filename%3De48ea8ec-9ec2-4c9f-b3c8-10127632efae.flac&x-id=GetObject,0.376392275,65444
LMRam-2024-05-06_14-40.WAV,2024 Baja Lago Mesa Redonda,2024,5,6,14,40,Agelaius tricolor,Courtship Song,12.70933342,13.64799976,94,8719,24000,present,https://rfcx-streams-production.s3.eu-west-1.amazonaws.com/2024/05/06/2jm3bjkccty2/f25b657a-3b77-4d99-bf06-b551b12c9f82.flac?X-Amz-Algorithm=AWS4-HMAC-SHA256&X-Amz-Content-Sha256=UNSIGNED-PAYLOAD&X-Amz-Credential=AKIA45B7YWBX5HAZMGOU%2F20260223%2Feu-west-1%2Fs3%2Faws4_request&X-Amz-Date=20260223T003251Z&X-Amz-Expires=604800&X-Amz-Signature=290e9c2857d932c381f417fd5e57b1aaede743a33147a155ff64feb54cf5a117&X-Amz-SignedHeaders=host&response-content-disposition=attachment%3B%20filename%3Df25b657a-3b77-4d99-bf06-b551b12c9f82.flac&x-id=GetObject,0.477179199,65444
LMRam-2024-05-06_15-00.WAV,2024 Baja Lago Mesa Redonda,2024,5,6,15,0,Agelaius tricolor,Courtship Song,6.618666649,7.557333469,94,8719,24000,present,https://rfcx-streams-production.s3.eu-west-1.amazonaws.com/2024/05/06/2jm3bjkccty2/fb6f8bd7-499a-4960-80aa-b1f9106310ce.flac?X-Amz-Algorithm=AWS4-HMAC-SHA256&X-Amz-Content-Sha256=UNSIGNED-PAYLOAD&X-Amz-Credential=AKIA45B7YWBX5HAZMGOU%2F20260223%2Feu-west-1%2Fs3%2Faws4_request&X-Amz-Date=20260223T003251Z&X-Amz-Expires=604800&X-Amz-Signature=5b7507870583af4888b8fd91d5def8ea6c700257b989074c1e2b401ae1e7dc6e&X-Amz-SignedHeaders=host&response-content-disposition=attachment%3B%20filename%3Dfb6f8bd7-499a-4960-80aa-b1f9106310ce.flac&x-id=GetObject,0.403646499,65444
LMRam-2024-05-06_15-20.WAV,2024 Baja Lago Mesa Redonda,2024,5,6,15,20,Agelaius tricolor,Courtship Song,54.69333267,55.63199997,94,8719,24000,present,https://rfcx-streams-production.s3.eu-west-1.amazonaws.com/2024/05/06/2jm3bjkccty2/96367396-20f7-4b26-b549-4e7f7c66ceef.flac?X-Amz-Algorithm=AWS4-HMAC-SHA256&X-Amz-Content-Sha256=UNSIGNED-PAYLOAD&X-Amz-Credential=AKIA45B7YWBX5HAZMGOU%2F20260223%2Feu-west-1%2Fs3%2Faws4_request&X-Amz-Date=20260223T003251Z&X-Amz-Expires=604800&X-Amz-Signature=69c228835c2716f4326d7fbe86e838c5f44aa9a606e654a54b3215c615fd21c9&X-Amz-SignedHeaders=host&response-content-disposition=attachment%3B%20filename%3D96367396-20f7-4b26-b549-4e7f7c66ceef.flac&x-id=GetObject,0.505595803,65444
LMRam-2024-05-06_15-40.WAV,2024 Baja Lago Mesa Redonda,2024,5,6,15,40,Agelaius tricolor,Courtship Song,26.15999985,27.09866714,94,8719,24000,present,https://rfcx-streams-production.s3.eu-west-1.amazonaws.com/2024/05/06/2jm3bjkccty2/2465cd4c-1042-4e9f-b188-c4f58080b16e.flac?X-Amz-Algorithm=AWS4-HMAC-SHA256&X-Amz-Content-Sha256=UNSIGNED-PAYLOAD&X-Amz-Credential=AKIA45B7YWBX5HAZMGOU%2F20260223%2Feu-west-1%2Fs3%2Faws4_request&X-Amz-Date=20260223T003251Z&X-Amz-Expires=604800&X-Amz-Signature=0bf6820bd3e5897db7df2eab23c575133ee609ff0be6e58a696a81815bd059e8&X-Amz-SignedHeaders=host&response-content-disposition=attachment%3B%20filename%3D2465cd4c-1042-4e9f-b188-c4f58080b16e.flac&x-id=GetObject,0.577116787,65444
LMRam-2024-05-06_16-00.WAV,2024 Baja Lago Mesa Redonda,2024,5,6,16,0,Agelaius tricolor,Courtship Song,6.618666649,7.557333469,94,8719,24000,present,https://rfcx-streams-production.s3.eu-west-1.amazonaws.com/2024/05/06/2jm3bjkccty2/aa996ffe-32be-44d7-9f4c-2772eb276dc7.flac?X-Amz-Algorithm=AWS4-HMAC-SHA256&X-Amz-Content-Sha256=UNSIGNED-PAYLOAD&X-Amz-Credential=AKIA45B7YWBX5HAZMGOU%2F20260223%2Feu-west-1%2Fs3%2Faws4_request&X-Amz-Date=20260223T003251Z&X-Amz-Expires=604800&X-Amz-Signature=ffa32b9d47f415f5412fce153e865cf3ac91b358d31bc4242785db333e82d9a1&X-Amz-SignedHeaders=host&response-content-disposition=attachment%3B%20filename%3Daa996ffe-32be-44d7-9f4c-2772eb276dc7.flac&x-id=GetObject,0.440947503,65444
LMRam-2024-05-06_16-20.WAV,2024 Baja Lago Mesa Redonda,2024,5,6,16,20,Agelaius tricolor,Courtship Song,18.84266663,19.78133392,94,8719,24000,present,https://rfcx-streams-production.s3.eu-west-1.amazonaws.com/2024/05/06/2jm3bjkccty2/cdcc1848-1cf6-486a-986a-e1a7d4dc3c14.flac?X-Amz-Algorithm=AWS4-HMAC-SHA256&X-Amz-Content-Sha256=UNSIGNED-PAYLOAD&X-Amz-Credential=AKIA45B7YWBX5HAZMGOU%2F20260223%2Feu-west-1%2Fs3%2Faws4_request&X-Amz-Date=20260223T003251Z&X-Amz-Expires=604800&X-Amz-Signature=f4644b9312cfbf6d02dddba4da8defbf12b8bbbb5220971eeb0e588377ce6b5d&X-Amz-SignedHeaders=host&response-content-disposition=attachment%3B%20filename%3Dcdcc1848-1cf6-486a-986a-e1a7d4dc3c14.flac&x-id=GetObject,0.509173155,65444
LMRam-2024-05-06_16-40.WAV,2024 Baja Lago Mesa Redonda,2024,5,6,16,40,Agelaius tricolor,Courtship Song,33.83466721,34.7733345,94,8719,24000,present,https://rfcx-streams-production.s3.eu-west-1.amazonaws.com/2024/05/06/2jm3bjkccty2/dfd15f17-3bdb-43e9-8948-3209d1cc3cc5.flac?X-Amz-Algorithm=AWS4-HMAC-SHA256&X-Amz-Content-Sha256=UNSIGNED-PAYLOAD&X-Amz-Credential=AKIA45B7YWBX5HAZMGOU%2F20260223%2Feu-west-1%2Fs3%2Faws4_request&X-Amz-Date=20260223T003251Z&X-Amz-Expires=604800&X-Amz-Signature=b8c46249a80cb5bd197da899d788ea891723c1baaae9e06242185482e37691fa&X-Amz-SignedHeaders=host&response-content-disposition=attachment%3B%20filename%3Ddfd15f17-3bdb-43e9-8948-3209d1cc3cc5.flac&x-id=GetObject,0.570755959,65444
LMRam-2024-05-06_17-20.WAV,2024 Baja Lago Mesa Redonda,2024,5,6,17,20,Agelaius tricolor,Courtship Song,32.53333282,33.47200012,94,8719,24000,present,https://rfcx-streams-production.s3.eu-west-1.amazonaws.com/2024/05/07/2jm3bjkccty2/9e12acca-cdc3-451e-865c-4dcb76cce87b.flac?X-Amz-Algorithm=AWS4-HMAC-SHA256&X-Amz-Content-Sha256=UNSIGNED-PAYLOAD&X-Amz-Credential=AKIA45B7YWBX5HAZMGOU%2F20260223%2Feu-west-1%2Fs3%2Faws4_request&X-Amz-Date=20260223T003239Z&X-Amz-Expires=604800&X-Amz-Signature=4b157762a02c9e918de691e691c9c904f4efa18861238f1bfe6b209a5a246ac1&X-Amz-SignedHeaders=host&response-content-disposition=attachment%3B%20filename%3D9e12acca-cdc3-451e-865c-4dcb76cce87b.flac&x-id=GetObject,0.515022874,65444
LMRam-2024-05-06_17-40.WAV,2024 Baja Lago Mesa Redonda,2024,5,6,17,40,Agelaius tricolor,Courtship Song,47.57866669,48.51733398,94,8719,24000,present,https://rfcx-streams-production.s3.eu-west-1.amazonaws.com/2024/05/07/2jm3bjkccty2/5203f986-46c5-4dc3-9b11-f538633a4f4e.flac?X-Amz-Algorithm=AWS4-HMAC-SHA256&X-Amz-Content-Sha256=UNSIGNED-PAYLOAD&X-Amz-Credential=AKIA45B7YWBX5HAZMGOU%2F20260223%2Feu-west-1%2Fs3%2Faws4_request&X-Amz-Date=20260223T003251Z&X-Amz-Expires=604800&X-Amz-Signature=3ce51a9dd3d1449ac1b8bdcd0ec47cde5408886bfb0a32d226cf30f21831f0a0&X-Amz-SignedHeaders=host&response-content-disposition=attachment%3B%20filename%3D5203f986-46c5-4dc3-9b11-f538633a4f4e.flac&x-id=GetObject,0.426675022,65444
LMRam-2024-05-06_18-00.WAV,2024 Baja Lago Mesa Redonda,2024,5,6,18,0,Agelaius tricolor,Courtship Song,5.994666576,6.933333397,94,8719,24000,present,https://rfcx-streams-production.s3.eu-west-1.amazonaws.com/2024/05/07/2jm3bjkccty2/6bb3667a-8b58-401e-bb6a-d1a8ade92a17.flac?X-Amz-Algorithm=AWS4-HMAC-SHA256&X-Amz-Content-Sha256=UNSIGNED-PAYLOAD&X-Amz-Credential=AKIA45B7YWBX5HAZMGOU%2F20260223%2Feu-west-1%2Fs3%2Faws4_request&X-Amz-Date=20260223T003251Z&X-Amz-Expires=604800&X-Amz-Signature=a763e1bc579dfa2a8a2c954cdb6532abac3f1123634133facc57ec0144c05dce&X-Amz-SignedHeaders=host&response-content-disposition=attachment%3B%20filename%3D6bb3667a-8b58-401e-bb6a-d1a8ade92a17.flac&x-id=GetObject,0.496703118,65444
LMRam-2024-05-06_18-20.WAV,2024 Baja Lago Mesa Redonda,2024,5,6,18,20,Agelaius tricolor,Courtship Song,49.43999863,50.37866592,94,8719,24000,present,https://rfcx-streams-production.s3.eu-west-1.amazonaws.com/2024/05/07/2jm3bjkccty2/cdc46584-be0a-4cc5-8833-dcf7377ee4ba.flac?X-Amz-Algorithm=AWS4-HMAC-SHA256&X-Amz-Content-Sha256=UNSIGNED-PAYLOAD&X-Amz-Credential=AKIA45B7YWBX5HAZMGOU%2F20260223%2Feu-west-1%2Fs3%2Faws4_request&X-Amz-Date=20260223T003251Z&X-Amz-Expires=604800&X-Amz-Signature=c611043af46ea00396a068e647580f7f5b4a0bb3d64c7e2c0742ebd7df365759&X-Amz-SignedHeaders=host&response-content-disposition=attachment%3B%20filename%3Dcdc46584-be0a-4cc5-8833-dcf7377ee4ba.flac&x-id=GetObject,0.601615071,65444
LMRam-2024-05-06_18-40.WAV,2024 Baja Lago Mesa Redonda,2024,5,6,18,40,Agelaius tricolor,Courtship Song,9.637332916,10.57600021,94,8719,24000,present,https://rfcx-streams-production.s3.eu-west-1.amazonaws.com/2024/05/07/2jm3bjkccty2/43ca6a2c-1ce7-4eaf-bae7-02f3dce5fb44.flac?X-Amz-Algorithm=AWS4-HMAC-SHA256&X-Amz-Content-Sha256=UNSIGNED-PAYLOAD&X-Amz-Credential=AKIA45B7YWBX5HAZMGOU%2F20260223%2Feu-west-1%2Fs3%2Faws4_request&X-Amz-Date=20260223T003251Z&X-Amz-Expires=604800&X-Amz-Signature=e57a662d8b464e58f0ec56cd80e2420f5559ba5f3eb6f6df7cee1923023bad0c&X-Amz-SignedHeaders=host&response-content-disposition=attachment%3B%20filename%3D43ca6a2c-1ce7-4eaf-bae7-02f3dce5fb44.flac&x-id=GetObject,0.431615829,65444
LMRam-2024-05-06_19-00.WAV,2024 Baja Lago Mesa Redonda,2024,5,6,19,0,Agelaius tricolor,Courtship Song,39.47200012,40.41066742,94,8719,24000,present,https://rfcx-streams-production.s3.eu-west-1.amazonaws.com/2024/05/07/2jm3bjkccty2/89829689-5f4d-4f4f-907c-2bab1071d131.flac?X-Amz-Algorithm=AWS4-HMAC-SHA256&X-Amz-Content-Sha256=UNSIGNED-PAYLOAD&X-Amz-Credential=AKIA45B7YWBX5HAZMGOU%2F20260223%2Feu-west-1%2Fs3%2Faws4_request&X-Amz-Date=20260223T003239Z&X-Amz-Expires=604800&X-Amz-Signature=c4bc08d2a9675c74219c6ed3cf638403665cfcfbb99d8f48146b30448936d43b&X-Amz-SignedHeaders=host&response-content-disposition=attachment%3B%20filename%3D89829689-5f4d-4f4f-907c-2bab1071d131.flac&x-id=GetObject,0.455126107,65444
LMRam-2024-05-06_19-20.WAV,2024 Baja Lago Mesa Redonda,2024,5,6,19,20,Agelaius tricolor,Courtship Song,20.94400024,21.88266754,94,8719,24000,present,https://rfcx-streams-production.s3.eu-west-1.amazonaws.com/2024/05/07/2jm3bjkccty2/a1c6d7ed-70aa-4a87-a942-a4c0facc53a0.flac?X-Amz-Algorithm=AWS4-HMAC-SHA256&X-Amz-Content-Sha256=UNSIGNED-PAYLOAD&X-Amz-Credential=AKIA45B7YWBX5HAZMGOU%2F20260223%2Feu-west-1%2Fs3%2Faws4_request&X-Amz-Date=20260223T003251Z&X-Amz-Expires=604800&X-Amz-Signature=e8e91f2af395efe007b05893f68a231b3b06da2be350fd41d51564bb70e893ec&X-Amz-SignedHeaders=host&response-content-disposition=attachment%3B%20filename%3Da1c6d7ed-70aa-4a87-a942-a4c0facc53a0.flac&x-id=GetObject,0.498412788,65444
LMRam-2024-05-07_05-40.WAV,2024 Baja Lago Mesa Redonda,2024,5,7,5,40,Agelaius tricolor,Courtship Song,2.714666605,3.653333426,94,8719,24000,present,https://rfcx-streams-production.s3.eu-west-1.amazonaws.com/2024/05/07/2jm3bjkccty2/83acff35-621a-464a-a3e3-84dab2161e42.flac?X-Amz-Algorithm=AWS4-HMAC-SHA256&X-Amz-Content-Sha256=UNSIGNED-PAYLOAD&X-Amz-Credential=AKIA45B7YWBX5HAZMGOU%2F20260223%2Feu-west-1%2Fs3%2Faws4_request&X-Amz-Date=20260223T003251Z&X-Amz-Expires=604800&X-Amz-Signature=2db94851b867104b488d0fe42ed2928e522e9f50dcea3adc9148b037c853614c&X-Amz-SignedHeaders=host&response-content-disposition=attachment%3B%20filename%3D83acff35-621a-464a-a3e3-84dab2161e42.flac&x-id=GetObject,0.442455739,65444
LMRam-2024-05-07_06-00.WAV,2024 Baja Lago Mesa Redonda,2024,5,7,6,0,Agelaius tricolor,Courtship Song,32.66133499,33.59999847,94,8719,24000,present,https://rfcx-streams-production.s3.eu-west-1.amazonaws.com/2024/05/07/2jm3bjkccty2/d9fd9f69-b8e3-4016-a74d-998998a4cdc1.flac?X-Amz-Algorithm=AWS4-HMAC-SHA256&X-Amz-Content-Sha256=UNSIGNED-PAYLOAD&X-Amz-Credential=AKIA45B7YWBX5HAZMGOU%2F20260223%2Feu-west-1%2Fs3%2Faws4_request&X-Amz-Date=20260223T003251Z&X-Amz-Expires=604800&X-Amz-Signature=3477541546c054c45a4f452ea737b4d73958ac3f3685e6fa0d80912ba777e366&X-Amz-SignedHeaders=host&response-content-disposition=attachment%3B%20filename%3Dd9fd9f69-b8e3-4016-a74d-998998a4cdc1.flac&x-id=GetObject,0.354980767,65444
LMRam-2024-05-07_06-40.WAV,2024 Baja Lago Mesa Redonda,2024,5,7,6,40,Agelaius tricolor,Courtship Song,27.89333344,28.83200073,94,8719,24000,present,https://rfcx-streams-production.s3.eu-west-1.amazonaws.com/2024/05/07/2jm3bjkccty2/fca13b42-490a-426b-9f32-1ce255d8d370.flac?X-Amz-Algorithm=AWS4-HMAC-SHA256&X-Amz-Content-Sha256=UNSIGNED-PAYLOAD&X-Amz-Credential=AKIA45B7YWBX5HAZMGOU%2F20260223%2Feu-west-1%2Fs3%2Faws4_request&X-Amz-Date=20260223T003239Z&X-Amz-Expires=604800&X-Amz-Signature=0b151d3a300d4ff105b8f71ff105f4437fd6153742b6494e7c2d19ec2e503a92&X-Amz-SignedHeaders=host&response-content-disposition=attachment%3B%20filename%3Dfca13b42-490a-426b-9f32-1ce255d8d370.flac&x-id=GetObject,0.475310445,65444
LMRam-2024-05-07_07-00.WAV,2024 Baja Lago Mesa Redonda,2024,5,7,7,0,Agelaius tricolor,Courtship Song,51.84000015,52.77866745,94,8719,24000,present,https://rfcx-streams-production.s3.eu-west-1.amazonaws.com/2024/05/07/2jm3bjkccty2/a7f7ec74-77ea-4dd3-9fc8-1e0647e85099.flac?X-Amz-Algorithm=AWS4-HMAC-SHA256&X-Amz-Content-Sha256=UNSIGNED-PAYLOAD&X-Amz-Credential=AKIA45B7YWBX5HAZMGOU%2F20260223%2Feu-west-1%2Fs3%2Faws4_request&X-Amz-Date=20260223T003251Z&X-Amz-Expires=604800&X-Amz-Signature=b79e465d602ff4dcbb7aeda294332af9310dff83991e02b9441cae564cdc13b7&X-Amz-SignedHeaders=host&response-content-disposition=attachment%3B%20filename%3Da7f7ec74-77ea-4dd3-9fc8-1e0647e85099.flac&x-id=GetObject,0.457003891,65444
LMRam-2024-05-07_08-00.WAV,2024 Baja Lago Mesa Redonda,2024,5,7,8,0,Agelaius tricolor,Courtship Song,2.079999924,3.018666744,94,8719,24000,present,https://rfcx-streams-production.s3.eu-west-1.amazonaws.com/2024/05/07/2jm3bjkccty2/14e63eb5-f251-4d78-a6e2-067a8d6db431.flac?X-Amz-Algorithm=AWS4-HMAC-SHA256&X-Amz-Content-Sha256=UNSIGNED-PAYLOAD&X-Amz-Credential=AKIA45B7YWBX5HAZMGOU%2F20260223%2Feu-west-1%2Fs3%2Faws4_request&X-Amz-Date=20260223T003251Z&X-Amz-Expires=604800&X-Amz-Signature=f47f2042d7cbbf2d0b8dbf1dab6498f8a970b37af646ae2419f4fe2ff2f11331&X-Amz-SignedHeaders=host&response-content-disposition=attachment%3B%20filename%3D14e63eb5-f251-4d78-a6e2-067a8d6db431.flac&x-id=GetObject,0.537597895,65444
LMRam-2024-05-07_08-20.WAV,2024 Baja Lago Mesa Redonda,2024,5,7,8,20,Agelaius tricolor,Courtship Song,34.23466492,35.17333221,94,8719,24000,present,https://rfcx-streams-production.s3.eu-west-1.amazonaws.com/2024/05/07/2jm3bjkccty2/248f0fc1-be0c-4825-a2ff-33a35de6beb4.flac?X-Amz-Algorithm=AWS4-HMAC-SHA256&X-Amz-Content-Sha256=UNSIGNED-PAYLOAD&X-Amz-Credential=AKIA45B7YWBX5HAZMGOU%2F20260223%2Feu-west-1%2Fs3%2Faws4_request&X-Amz-Date=20260223T003251Z&X-Amz-Expires=604800&X-Amz-Signature=cd838c0d3c18a3a1b6d848791f5d003c931389d3eced6b8165a2f2a3bd84f98a&X-Amz-SignedHeaders=host&response-content-disposition=attachment%3B%20filename%3D248f0fc1-be0c-4825-a2ff-33a35de6beb4.flac&x-id=GetObject,0.568814158,65444
LMRam-2024-05-07_08-40.WAV,2024 Baja Lago Mesa Redonda,2024,5,7,8,40,Agelaius tricolor,Courtship Song,14.93866634,15.87733364,94,8719,24000,present,https://rfcx-streams-production.s3.eu-west-1.amazonaws.com/2024/05/07/2jm3bjkccty2/1079b5f7-1aa6-4cd9-8db2-860b52b84630.flac?X-Amz-Algorithm=AWS4-HMAC-SHA256&X-Amz-Content-Sha256=UNSIGNED-PAYLOAD&X-Amz-Credential=AKIA45B7YWBX5HAZMGOU%2F20260223%2Feu-west-1%2Fs3%2Faws4_request&X-Amz-Date=20260223T003251Z&X-Amz-Expires=604800&X-Amz-Signature=3ad0670735375ce1ca7fc82ce2a8f6704049896ef0d5a4c3f35182bc095121a3&X-Amz-SignedHeaders=host&response-content-disposition=attachment%3B%20filename%3D1079b5f7-1aa6-4cd9-8db2-860b52b84630.flac&x-id=GetObject,0.590591729,65444
LMRam-2024-05-07_09-00.WAV,2024 Baja Lago Mesa Redonda,2024,5,7,9,0,Agelaius tricolor,Courtship Song,14.4746666,15.41333294,94,8719,24000,present,https://rfcx-streams-production.s3.eu-west-1.amazonaws.com/2024/05/07/2jm3bjkccty2/4ab020ca-930d-4116-96ff-70491bfeb9a0.flac?X-Amz-Algorithm=AWS4-HMAC-SHA256&X-Amz-Content-Sha256=UNSIGNED-PAYLOAD&X-Amz-Credential=AKIA45B7YWBX5HAZMGOU%2F20260223%2Feu-west-1%2Fs3%2Faws4_request&X-Amz-Date=20260223T003251Z&X-Amz-Expires=604800&X-Amz-Signature=5cd204d94c170cd44b6f35923669b77808f36655b4ed2277d9d21299e6a43004&X-Amz-SignedHeaders=host&response-content-disposition=attachment%3B%20filename%3D4ab020ca-930d-4116-96ff-70491bfeb9a0.flac&x-id=GetObject,0.458152711,65444
LMRam-2024-05-07_09-40.WAV,2024 Baja Lago Mesa Redonda,2024,5,7,9,40,Agelaius tricolor,Courtship Song,38.10666656,39.04533386,94,8719,24000,present,https://rfcx-streams-production.s3.eu-west-1.amazonaws.com/2024/05/07/2jm3bjkccty2/ff1b48cf-90d7-4b92-9ea3-dbfe08a6851d.flac?X-Amz-Algorithm=AWS4-HMAC-SHA256&X-Amz-Content-Sha256=UNSIGNED-PAYLOAD&X-Amz-Credential=AKIA45B7YWBX5HAZMGOU%2F20260223%2Feu-west-1%2Fs3%2Faws4_request&X-Amz-Date=20260223T003251Z&X-Amz-Expires=604800&X-Amz-Signature=679c41ebc9076959062be702e6065785ceba16f5a0f5635fdfe018f7d2be38c1&X-Amz-SignedHeaders=host&response-content-disposition=attachment%3B%20filename%3Dff1b48cf-90d7-4b92-9ea3-dbfe08a6851d.flac&x-id=GetObject,0.458201408,65444
LMRam-2024-05-07_10-00.WAV,2024 Baja Lago Mesa Redonda,2024,5,7,10,0,Agelaius tricolor,Courtship Song,41.66400146,42.60266495,94,8719,24000,present,https://rfcx-streams-production.s3.eu-west-1.amazonaws.com/2024/05/07/2jm3bjkccty2/f76b7b9b-8f1e-41d7-b742-fa1abe51fc42.flac?X-Amz-Algorithm=AWS4-HMAC-SHA256&X-Amz-Content-Sha256=UNSIGNED-PAYLOAD&X-Amz-Credential=AKIA45B7YWBX5HAZMGOU%2F20260223%2Feu-west-1%2Fs3%2Faws4_request&X-Amz-Date=20260223T003251Z&X-Amz-Expires=604800&X-Amz-Signature=860c5b53869d6d97b8679ec38d5920054b283b7547518524294f7c64ee826a6a&X-Amz-SignedHeaders=host&response-content-disposition=attachment%3B%20filename%3Df76b7b9b-8f1e-41d7-b742-fa1abe51fc42.flac&x-id=GetObject,0.457237333,65444
LMRam-2024-05-07_10-20.WAV,2024 Baja Lago Mesa Redonda,2024,5,7,10,20,Agelaius tricolor,Courtship Song,54.56000137,55.49866486,94,8719,24000,present,https://rfcx-streams-production.s3.eu-west-1.amazonaws.com/2024/05/07/2jm3bjkccty2/0e503935-e6ef-492f-9baa-5e58056c3d12.flac?X-Amz-Algorithm=AWS4-HMAC-SHA256&X-Amz-Content-Sha256=UNSIGNED-PAYLOAD&X-Amz-Credential=AKIA45B7YWBX5HAZMGOU%2F20260223%2Feu-west-1%2Fs3%2Faws4_request&X-Amz-Date=20260223T003251Z&X-Amz-Expires=604800&X-Amz-Signature=50cf43cac71df2b0af225e694a9740f320485b2595fa7d17b9d77c05cae18608&X-Amz-SignedHeaders=host&response-content-disposition=attachment%3B%20filename%3D0e503935-e6ef-492f-9baa-5e58056c3d12.flac&x-id=GetObject,0.429999918,65444
LMRam-2024-05-07_10-40.WAV,2024 Baja Lago Mesa Redonda,2024,5,7,10,40,Agelaius tricolor,Courtship Song,11.95199966,12.89066696,94,8719,24000,present,https://rfcx-streams-production.s3.eu-west-1.amazonaws.com/2024/05/07/2jm3bjkccty2/9fbe7ea2-c5ab-457e-b122-e32e603eef5e.flac?X-Amz-Algorithm=AWS4-HMAC-SHA256&X-Amz-Content-Sha256=UNSIGNED-PAYLOAD&X-Amz-Credential=AKIA45B7YWBX5HAZMGOU%2F20260223%2Feu-west-1%2Fs3%2Faws4_request&X-Amz-Date=20260223T003239Z&X-Amz-Expires=604800&X-Amz-Signature=54a9386d023fe9133276f31bba6466cd7049d3f07a0f469d4039bd411763b8c1&X-Amz-SignedHeaders=host&response-content-disposition=attachment%3B%20filename%3D9fbe7ea2-c5ab-457e-b122-e32e603eef5e.flac&x-id=GetObject,0.556348026,65444
LMRam-2024-05-07_11-00.WAV,2024 Baja Lago Mesa Redonda,2024,5,7,11,0,Agelaius tricolor,Courtship Song,27.43466759,28.37333298,94,8719,24000,present,https://rfcx-streams-production.s3.eu-west-1.amazonaws.com/2024/05/07/2jm3bjkccty2/fffb0152-a53f-4f14-b134-d5bfbfeb1b22.flac?X-Amz-Algorithm=AWS4-HMAC-SHA256&X-Amz-Content-Sha256=UNSIGNED-PAYLOAD&X-Amz-Credential=AKIA45B7YWBX5HAZMGOU%2F20260223%2Feu-west-1%2Fs3%2Faws4_request&X-Amz-Date=20260223T003251Z&X-Amz-Expires=604800&X-Amz-Signature=4bb3c0c76275b8c0c2ed58c7e28cc2d0cbd9037e089a07913b92f78de85c2c4a&X-Amz-SignedHeaders=host&response-content-disposition=attachment%3B%20filename%3Dfffb0152-a53f-4f14-b134-d5bfbfeb1b22.flac&x-id=GetObject,0.549525321,65444
LMRam-2024-05-07_11-20.WAV,2024 Baja Lago Mesa Redonda,2024,5,7,11,20,Agelaius tricolor,Courtship Song,47.58933258,48.52799988,94,8719,24000,present,https://rfcx-streams-production.s3.eu-west-1.amazonaws.com/2024/05/07/2jm3bjkccty2/a44e480f-26fb-4a89-8513-495fd86a10c5.flac?X-Amz-Algorithm=AWS4-HMAC-SHA256&X-Amz-Content-Sha256=UNSIGNED-PAYLOAD&X-Amz-Credential=AKIA45B7YWBX5HAZMGOU%2F20260223%2Feu-west-1%2Fs3%2Faws4_request&X-Amz-Date=20260223T003251Z&X-Amz-Expires=604800&X-Amz-Signature=9ef82815033e47e92c0f58e1602e8a8d3d04909bfc32cbb14df9685ac2f574dc&X-Amz-SignedHeaders=host&response-content-disposition=attachment%3B%20filename%3Da44e480f-26fb-4a89-8513-495fd86a10c5.flac&x-id=GetObject,0.554809868,65444
LMRam-2024-05-07_12-20.WAV,2024 Baja Lago Mesa Redonda,2024,5,7,12,20,Agelaius tricolor,Courtship Song,33.50400162,34.4426651,94,8719,24000,present,https://rfcx-streams-production.s3.eu-west-1.amazonaws.com/2024/05/07/2jm3bjkccty2/4c845d39-fb9d-40ad-b3cf-0e5f1eca42e3.flac?X-Amz-Algorithm=AWS4-HMAC-SHA256&X-Amz-Content-Sha256=UNSIGNED-PAYLOAD&X-Amz-Credential=AKIA45B7YWBX5HAZMGOU%2F20260223%2Feu-west-1%2Fs3%2Faws4_request&X-Amz-Date=20260223T003251Z&X-Amz-Expires=604800&X-Amz-Signature=176d8359512cef2dad21cbd947d7da2d0bf293cd47f54d1773d77dc530c27ca1&X-Amz-SignedHeaders=host&response-content-disposition=attachment%3B%20filename%3D4c845d39-fb9d-40ad-b3cf-0e5f1eca42e3.flac&x-id=GetObject,0.37907365,65444
LMRam-2024-05-07_13-00.WAV,2024 Baja Lago Mesa Redonda,2024,5,7,13,0,Agelaius tricolor,Courtship Song,18.03733253,18.97599983,94,8719,24000,present,https://rfcx-streams-production.s3.eu-west-1.amazonaws.com/2024/05/07/2jm3bjkccty2/0ff9950a-8a79-4ea5-b7a2-e06ef4ffff9e.flac?X-Amz-Algorithm=AWS4-HMAC-SHA256&X-Amz-Content-Sha256=UNSIGNED-PAYLOAD&X-Amz-Credential=AKIA45B7YWBX5HAZMGOU%2F20260223%2Feu-west-1%2Fs3%2Faws4_request&X-Amz-Date=20260223T003251Z&X-Amz-Expires=604800&X-Amz-Signature=1cb729d2f98216e02f8ae639b19d148ec91b9a918c28146079ffd2c2bfcb3423&X-Amz-SignedHeaders=host&response-content-disposition=attachment%3B%20filename%3D0ff9950a-8a79-4ea5-b7a2-e06ef4ffff9e.flac&x-id=GetObject,0.62706387,65444
LMRam-2024-05-07_13-20.WAV,2024 Baja Lago Mesa Redonda,2024,5,7,13,20,Agelaius tricolor,Courtship Song,36.99200058,37.93066788,94,8719,24000,present,https://rfcx-streams-production.s3.eu-west-1.amazonaws.com/2024/05/07/2jm3bjkccty2/eea1112c-8fc8-46a1-b97c-b92f1389e934.flac?X-Amz-Algorithm=AWS4-HMAC-SHA256&X-Amz-Content-Sha256=UNSIGNED-PAYLOAD&X-Amz-Credential=AKIA45B7YWBX5HAZMGOU%2F20260223%2Feu-west-1%2Fs3%2Faws4_request&X-Amz-Date=20260223T003251Z&X-Amz-Expires=604800&X-Amz-Signature=f5c9b6168691014d9c92c8cab84515dc3b20e1f826783eea87da61ac4fd0a2b2&X-Amz-SignedHeaders=host&response-content-disposition=attachment%3B%20filename%3Deea1112c-8fc8-46a1-b97c-b92f1389e934.flac&x-id=GetObject,0.542407691,65444
LMRam-2024-05-07_14-20.WAV,2024 Baja Lago Mesa Redonda,2024,5,7,14,20,Agelaius tricolor,Courtship Song,6.831999779,7.770666599,94,8719,24000,present,https://rfcx-streams-production.s3.eu-west-1.amazonaws.com/2024/05/07/2jm3bjkccty2/44758be8-ffe4-4dcb-a228-cda22bc78de5.flac?X-Amz-Algorithm=AWS4-HMAC-SHA256&X-Amz-Content-Sha256=UNSIGNED-PAYLOAD&X-Amz-Credential=AKIA45B7YWBX5HAZMGOU%2F20260223%2Feu-west-1%2Fs3%2Faws4_request&X-Amz-Date=20260223T003251Z&X-Amz-Expires=604800&X-Amz-Signature=1ec7f9c2a39798739e6201fa2a6719000d4ae708c677b3db8e40da1ec23eedf3&X-Amz-SignedHeaders=host&response-content-disposition=attachment%3B%20filename%3D44758be8-ffe4-4dcb-a228-cda22bc78de5.flac&x-id=GetObject,0.463219702,65444
LMRam-2024-05-07_14-40.WAV,2024 Baja Lago Mesa Redonda,2024,5,7,14,40,Agelaius tricolor,Courtship Song,22.75200081,23.6906662,94,8719,24000,present,https://rfcx-streams-production.s3.eu-west-1.amazonaws.com/2024/05/07/2jm3bjkccty2/97d50796-22e1-4a7e-b878-9d6f0e655685.flac?X-Amz-Algorithm=AWS4-HMAC-SHA256&X-Amz-Content-Sha256=UNSIGNED-PAYLOAD&X-Amz-Credential=AKIA45B7YWBX5HAZMGOU%2F20260223%2Feu-west-1%2Fs3%2Faws4_request&X-Amz-Date=20260223T003251Z&X-Amz-Expires=604800&X-Amz-Signature=22076e02250d9aea7268ff567d1a381a96eba47ad93e2378471d7e5aa5913905&X-Amz-SignedHeaders=host&response-content-disposition=attachment%3B%20filename%3D97d50796-22e1-4a7e-b878-9d6f0e655685.flac&x-id=GetObject,0.600140035,65444
LMRam-2024-05-07_15-40.WAV,2024 Baja Lago Mesa Redonda,2024,5,7,15,40,Agelaius tricolor,Courtship Song,2.773333311,3.711999893,94,8719,24000,present,https://rfcx-streams-production.s3.eu-west-1.amazonaws.com/2024/05/07/2jm3bjkccty2/763fcb20-4902-426a-a6fc-5b30f7606a1c.flac?X-Amz-Algorithm=AWS4-HMAC-SHA256&X-Amz-Content-Sha256=UNSIGNED-PAYLOAD&X-Amz-Credential=AKIA45B7YWBX5HAZMGOU%2F20260223%2Feu-west-1%2Fs3%2Faws4_request&X-Amz-Date=20260223T003251Z&X-Amz-Expires=604800&X-Amz-Signature=dc38ac8fe47742b4a299db75b29090a712a14b4bfb5c5b79ee89abdf804c0555&X-Amz-SignedHeaders=host&response-content-disposition=attachment%3B%20filename%3D763fcb20-4902-426a-a6fc-5b30f7606a1c.flac&x-id=GetObject,0.350006998,65444
LMRam-2024-05-07_16-00.WAV,2024 Baja Lago Mesa Redonda,2024,5,7,16,0,Agelaius tricolor,Courtship Song,21.96266747,22.90133286,94,8719,24000,present,https://rfcx-streams-production.s3.eu-west-1.amazonaws.com/2024/05/07/2jm3bjkccty2/7c0ded93-feff-4ab0-86fa-5d69658859d2.flac?X-Amz-Algorithm=AWS4-HMAC-SHA256&X-Amz-Content-Sha256=UNSIGNED-PAYLOAD&X-Amz-Credential=AKIA45B7YWBX5HAZMGOU%2F20260223%2Feu-west-1%2Fs3%2Faws4_request&X-Amz-Date=20260223T003251Z&X-Amz-Expires=604800&X-Amz-Signature=77debcdfa05a48156b7d4eb248974316f5063c11891c52b66d35025e90fec105&X-Amz-SignedHeaders=host&response-content-disposition=attachment%3B%20filename%3D7c0ded93-feff-4ab0-86fa-5d69658859d2.flac&x-id=GetObject,0.473904341,65444
LMRam-2024-05-07_16-20.WAV,2024 Baja Lago Mesa Redonda,2024,5,7,16,20,Agelaius tricolor,Courtship Song,27.20000076,28.13866615,94,8719,24000,present,https://rfcx-streams-production.s3.eu-west-1.amazonaws.com/2024/05/07/2jm3bjkccty2/61740d60-efc6-428e-80b6-680afccadc8e.flac?X-Amz-Algorithm=AWS4-HMAC-SHA256&X-Amz-Content-Sha256=UNSIGNED-PAYLOAD&X-Amz-Credential=AKIA45B7YWBX5HAZMGOU%2F20260223%2Feu-west-1%2Fs3%2Faws4_request&X-Amz-Date=20260223T003239Z&X-Amz-Expires=604800&X-Amz-Signature=977d7d56fa05b6b5bbb52e3e384b0054bbb9a7a862bd43b968d5d53c0b792ffb&X-Amz-SignedHeaders=host&response-content-disposition=attachment%3B%20filename%3D61740d60-efc6-428e-80b6-680afccadc8e.flac&x-id=GetObject,0.479362845,65444
LMRam-2024-05-07_17-00.WAV,2024 Baja Lago Mesa Redonda,2024,5,7,17,0,Agelaius tricolor,Courtship Song,8.293333054,9.232000351,94,8719,24000,present,https://rfcx-streams-production.s3.eu-west-1.amazonaws.com/2024/05/08/2jm3bjkccty2/0564635c-95eb-4311-bd13-60b6c27af47b.flac?X-Amz-Algorithm=AWS4-HMAC-SHA256&X-Amz-Content-Sha256=UNSIGNED-PAYLOAD&X-Amz-Credential=AKIA45B7YWBX5HAZMGOU%2F20260223%2Feu-west-1%2Fs3%2Faws4_request&X-Amz-Date=20260223T003251Z&X-Amz-Expires=604800&X-Amz-Signature=9064b81bab01cd8a2e08fad7e7eb27e016226f62ed706630179866d8d3195ebe&X-Amz-SignedHeaders=host&response-content-disposition=attachment%3B%20filename%3D0564635c-95eb-4311-bd13-60b6c27af47b.flac&x-id=GetObject,0.586917758,65444
LMRam-2024-05-07_17-20.WAV,2024 Baja Lago Mesa Redonda,2024,5,7,17,20,Agelaius tricolor,Courtship Song,35.45600128,36.39466476,94,8719,24000,present,https://rfcx-streams-production.s3.eu-west-1.amazonaws.com/2024/05/08/2jm3bjkccty2/61910f18-4306-45f2-91d0-d78f15fc1d11.flac?X-Amz-Algorithm=AWS4-HMAC-SHA256&X-Amz-Content-Sha256=UNSIGNED-PAYLOAD&X-Amz-Credential=AKIA45B7YWBX5HAZMGOU%2F20260223%2Feu-west-1%2Fs3%2Faws4_request&X-Amz-Date=20260223T003251Z&X-Amz-Expires=604800&X-Amz-Signature=d1adb2f299a51f5250084172d6feb97d89cf10f154591fe23c61854697b792b2&X-Amz-SignedHeaders=host&response-content-disposition=attachment%3B%20filename%3D61910f18-4306-45f2-91d0-d78f15fc1d11.flac&x-id=GetObject,0.393861294,65444
LMRam-2024-05-07_18-00.WAV,2024 Baja Lago Mesa Redonda,2024,5,7,18,0,Agelaius tricolor,Courtship Song,42.13333511,43.0719986,94,8719,24000,present,https://rfcx-streams-production.s3.eu-west-1.amazonaws.com/2024/05/08/2jm3bjkccty2/dd9da9bd-1928-4cad-98f1-f6ba6c23bfed.flac?X-Amz-Algorithm=AWS4-HMAC-SHA256&X-Amz-Content-Sha256=UNSIGNED-PAYLOAD&X-Amz-Credential=AKIA45B7YWBX5HAZMGOU%2F20260223%2Feu-west-1%2Fs3%2Faws4_request&X-Amz-Date=20260223T003251Z&X-Amz-Expires=604800&X-Amz-Signature=3ad72d93de268f99e0d504addd9cbc42b4de097c511e757804bfd4e3766ad7ca&X-Amz-SignedHeaders=host&response-content-disposition=attachment%3B%20filename%3Ddd9da9bd-1928-4cad-98f1-f6ba6c23bfed.flac&x-id=GetObject,0.398683697,65444
LMRam-2024-05-07_18-40.WAV,2024 Baja Lago Mesa Redonda,2024,5,7,18,40,Agelaius tricolor,Courtship Song,42.98666763,43.92533493,94,8719,24000,present,https://rfcx-streams-production.s3.eu-west-1.amazonaws.com/2024/05/08/2jm3bjkccty2/806523da-2ca4-4b10-9b62-1dc898092e16.flac?X-Amz-Algorithm=AWS4-HMAC-SHA256&X-Amz-Content-Sha256=UNSIGNED-PAYLOAD&X-Amz-Credential=AKIA45B7YWBX5HAZMGOU%2F20260223%2Feu-west-1%2Fs3%2Faws4_request&X-Amz-Date=20260223T003251Z&X-Amz-Expires=604800&X-Amz-Signature=73f8bb4a6103bde2fc0c97a674639065ad6c07996d6d8f1412524762073c317f&X-Amz-SignedHeaders=host&response-content-disposition=attachment%3B%20filename%3D806523da-2ca4-4b10-9b62-1dc898092e16.flac&x-id=GetObject,0.302917957,65444
LMRam-2024-05-07_19-00.WAV,2024 Baja Lago Mesa Redonda,2024,5,7,19,0,Agelaius tricolor,Courtship Song,21.57866669,22.51733398,94,8719,24000,present,https://rfcx-streams-production.s3.eu-west-1.amazonaws.com/2024/05/08/2jm3bjkccty2/521a7b45-0f23-4504-8257-d28b7ab5844c.flac?X-Amz-Algorithm=AWS4-HMAC-SHA256&X-Amz-Content-Sha256=UNSIGNED-PAYLOAD&X-Amz-Credential=AKIA45B7YWBX5HAZMGOU%2F20260223%2Feu-west-1%2Fs3%2Faws4_request&X-Amz-Date=20260223T003251Z&X-Amz-Expires=604800&X-Amz-Signature=01366dc88844e9aa871565230d3a19db946594e3636a878e11d38d96b30d46c1&X-Amz-SignedHeaders=host&response-content-disposition=attachment%3B%20filename%3D521a7b45-0f23-4504-8257-d28b7ab5844c.flac&x-id=GetObject,0.483201832,65444
LMRam-2024-05-07_19-20.WAV,2024 Baja Lago Mesa Redonda,2024,5,7,19,20,Agelaius tricolor,Courtship Song,26.81599998,27.75466728,94,8719,24000,present,https://rfcx-streams-production.s3.eu-west-1.amazonaws.com/2024/05/08/2jm3bjkccty2/2a9981f7-1fff-439d-b3d2-86a384473ab2.flac?X-Amz-Algorithm=AWS4-HMAC-SHA256&X-Amz-Content-Sha256=UNSIGNED-PAYLOAD&X-Amz-Credential=AKIA45B7YWBX5HAZMGOU%2F20260223%2Feu-west-1%2Fs3%2Faws4_request&X-Amz-Date=20260223T003251Z&X-Amz-Expires=604800&X-Amz-Signature=a73ce58df7e4b154dd381ecb67572359c9459c0e394f23457647989c9cc231ba&X-Amz-SignedHeaders=host&response-content-disposition=attachment%3B%20filename%3D2a9981f7-1fff-439d-b3d2-86a384473ab2.flac&x-id=GetObject,0.425326169,65444
LMRam-2024-05-07_19-40.WAV,2024 Baja Lago Mesa Redonda,2024,5,7,19,40,Agelaius tricolor,Courtship Song,0.629333317,1.567999959,94,8719,24000,present,https://rfcx-streams-production.s3.eu-west-1.amazonaws.com/2024/05/08/2jm3bjkccty2/9a99a7ed-a1e5-4d0f-8d00-eb809e318921.flac?X-Amz-Algorithm=AWS4-HMAC-SHA256&X-Amz-Content-Sha256=UNSIGNED-PAYLOAD&X-Amz-Credential=AKIA45B7YWBX5HAZMGOU%2F20260223%2Feu-west-1%2Fs3%2Faws4_request&X-Amz-Date=20260223T003251Z&X-Amz-Expires=604800&X-Amz-Signature=13b06c565e2ffc6471af57f785745bc1e156094da1e65ce0a5705ccee50471cd&X-Amz-SignedHeaders=host&response-content-disposition=attachment%3B%20filename%3D9a99a7ed-a1e5-4d0f-8d00-eb809e318921.flac&x-id=GetObject,0.57933408,65444
LMRam-2024-05-08_05-40.WAV,2024 Baja Lago Mesa Redonda,2024,5,8,5,40,Agelaius tricolor,Courtship Song,42.56533432,43.50400162,94,8719,24000,present,https://rfcx-streams-production.s3.eu-west-1.amazonaws.com/2024/05/08/2jm3bjkccty2/ec478ccd-2037-4506-95fb-f37328a001f7.flac?X-Amz-Algorithm=AWS4-HMAC-SHA256&X-Amz-Content-Sha256=UNSIGNED-PAYLOAD&X-Amz-Credential=AKIA45B7YWBX5HAZMGOU%2F20260223%2Feu-west-1%2Fs3%2Faws4_request&X-Amz-Date=20260223T003251Z&X-Amz-Expires=604800&X-Amz-Signature=bf8ad501e527e465959ced03103e1b828081b35b9d2f4776629b476726e8011a&X-Amz-SignedHeaders=host&response-content-disposition=attachment%3B%20filename%3Dec478ccd-2037-4506-95fb-f37328a001f7.flac&x-id=GetObject,0.404344708,65444
LMRam-2024-05-08_06-00.WAV,2024 Baja Lago Mesa Redonda,2024,5,8,6,0,Agelaius tricolor,Courtship Song,23.48266602,24.42133331,94,8719,24000,present,https://rfcx-streams-production.s3.eu-west-1.amazonaws.com/2024/05/08/2jm3bjkccty2/3c5556be-8ded-439b-a4ce-ae5f9e43c0ea.flac?X-Amz-Algorithm=AWS4-HMAC-SHA256&X-Amz-Content-Sha256=UNSIGNED-PAYLOAD&X-Amz-Credential=AKIA45B7YWBX5HAZMGOU%2F20260223%2Feu-west-1%2Fs3%2Faws4_request&X-Amz-Date=20260223T003239Z&X-Amz-Expires=604800&X-Amz-Signature=e16c8079fa7fba94a76a7f9c0ba592f320122ce3f1a4b8c0dd8d6c19b8318098&X-Amz-SignedHeaders=host&response-content-disposition=attachment%3B%20filename%3D3c5556be-8ded-439b-a4ce-ae5f9e43c0ea.flac&x-id=GetObject,0.478456438,65444
LMRam-2024-05-08_06-20.WAV,2024 Baja Lago Mesa Redonda,2024,5,8,6,20,Agelaius tricolor,Courtship Song,1.109333277,2.048000097,94,8719,24000,present,https://rfcx-streams-production.s3.eu-west-1.amazonaws.com/2024/05/08/2jm3bjkccty2/8c0c9651-6576-44e7-9353-646d5e704f4b.flac?X-Amz-Algorithm=AWS4-HMAC-SHA256&X-Amz-Content-Sha256=UNSIGNED-PAYLOAD&X-Amz-Credential=AKIA45B7YWBX5HAZMGOU%2F20260223%2Feu-west-1%2Fs3%2Faws4_request&X-Amz-Date=20260223T003251Z&X-Amz-Expires=604800&X-Amz-Signature=010c7921b41368483705d415b50679ddff52e345362f6c9cf771e28f7748bfc1&X-Amz-SignedHeaders=host&response-content-disposition=attachment%3B%20filename%3D8c0c9651-6576-44e7-9353-646d5e704f4b.flac&x-id=GetObject,0.473972797,65444
LMRam-2024-05-08_06-40.WAV,2024 Baja Lago Mesa Redonda,2024,5,8,6,40,Agelaius tricolor,Courtship Song,3.322666645,4.261333466,94,8719,24000,present,https://rfcx-streams-production.s3.eu-west-1.amazonaws.com/2024/05/08/2jm3bjkccty2/4a50f83c-423f-4920-bbc6-7150c0198ae1.flac?X-Amz-Algorithm=AWS4-HMAC-SHA256&X-Amz-Content-Sha256=UNSIGNED-PAYLOAD&X-Amz-Credential=AKIA45B7YWBX5HAZMGOU%2F20260223%2Feu-west-1%2Fs3%2Faws4_request&X-Amz-Date=20260223T003251Z&X-Amz-Expires=604800&X-Amz-Signature=17fc237cc97598f43cfe26398c9977d0751f70458ef7e01140a0e5632057ae1c&X-Amz-SignedHeaders=host&response-content-disposition=attachment%3B%20filename%3D4a50f83c-423f-4920-bbc6-7150c0198ae1.flac&x-id=GetObject,0.382247418,65444
LMRam-2024-05-08_07-00.WAV,2024 Baja Lago Mesa Redonda,2024,5,8,7,0,Agelaius tricolor,Courtship Song,30.76799965,31.70666695,94,8719,24000,present,https://rfcx-streams-production.s3.eu-west-1.amazonaws.com/2024/05/08/2jm3bjkccty2/09b00317-9c5f-442d-8c7e-bf05872d9956.flac?X-Amz-Algorithm=AWS4-HMAC-SHA256&X-Amz-Content-Sha256=UNSIGNED-PAYLOAD&X-Amz-Credential=AKIA45B7YWBX5HAZMGOU%2F20260223%2Feu-west-1%2Fs3%2Faws4_request&X-Amz-Date=20260223T003251Z&X-Amz-Expires=604800&X-Amz-Signature=adcd22a5d9f38948642d13bb90de623cd034eda0cbbdc1d02b7caf997a4e8a39&X-Amz-SignedHeaders=host&response-content-disposition=attachment%3B%20filename%3D09b00317-9c5f-442d-8c7e-bf05872d9956.flac&x-id=GetObject,0.395846099,65444
LMRam-2024-05-08_07-40.WAV,2024 Baja Lago Mesa Redonda,2024,5,8,7,40,Agelaius tricolor,Courtship Song,10.09599972,11.03466702,94,8719,24000,present,https://rfcx-streams-production.s3.eu-west-1.amazonaws.com/2024/05/08/2jm3bjkccty2/ad3e5be4-39df-4671-aa14-9f8929d9e5e5.flac?X-Amz-Algorithm=AWS4-HMAC-SHA256&X-Amz-Content-Sha256=UNSIGNED-PAYLOAD&X-Amz-Credential=AKIA45B7YWBX5HAZMGOU%2F20260223%2Feu-west-1%2Fs3%2Faws4_request&X-Amz-Date=20260223T003251Z&X-Amz-Expires=604800&X-Amz-Signature=c8c46daa305b88535211030061701b02190aca117c51cfcb4535ae691f959a62&X-Amz-SignedHeaders=host&response-content-disposition=attachment%3B%20filename%3Dad3e5be4-39df-4671-aa14-9f8929d9e5e5.flac&x-id=GetObject,0.39073208,65444
LMRam-2024-05-08_08-00.WAV,2024 Baja Lago Mesa Redonda,2024,5,8,8,0,Agelaius tricolor,Courtship Song,18.97066689,19.90933418,94,8719,24000,present,https://rfcx-streams-production.s3.eu-west-1.amazonaws.com/2024/05/08/2jm3bjkccty2/7454449e-7a2e-437a-a3b3-805646d84f8d.flac?X-Amz-Algorithm=AWS4-HMAC-SHA256&X-Amz-Content-Sha256=UNSIGNED-PAYLOAD&X-Amz-Credential=AKIA45B7YWBX5HAZMGOU%2F20260223%2Feu-west-1%2Fs3%2Faws4_request&X-Amz-Date=20260223T003251Z&X-Amz-Expires=604800&X-Amz-Signature=964a27ab097b32ee9dfd78561e1479e3333e9c669bd69d38ffe8117983e588ba&X-Amz-SignedHeaders=host&response-content-disposition=attachment%3B%20filename%3D7454449e-7a2e-437a-a3b3-805646d84f8d.flac&x-id=GetObject,0.446054399,65444
LMRam-2024-05-08_08-20.WAV,2024 Baja Lago Mesa Redonda,2024,5,8,8,20,Agelaius tricolor,Courtship Song,48.41066742,49.34933472,94,8719,24000,present,https://rfcx-streams-production.s3.eu-west-1.amazonaws.com/2024/05/08/2jm3bjkccty2/b81fae71-793d-4eff-93da-a2f642f01d55.flac?X-Amz-Algorithm=AWS4-HMAC-SHA256&X-Amz-Content-Sha256=UNSIGNED-PAYLOAD&X-Amz-Credential=AKIA45B7YWBX5HAZMGOU%2F20260223%2Feu-west-1%2Fs3%2Faws4_request&X-Amz-Date=20260223T003251Z&X-Amz-Expires=604800&X-Amz-Signature=7035a8450fab2469914677db4e95cda1f922c64ed0f1ad70449479b42fd6fdaf&X-Amz-SignedHeaders=host&response-content-disposition=attachment%3B%20filename%3Db81fae71-793d-4eff-93da-a2f642f01d55.flac&x-id=GetObject,0.487346739,65444
LMRam-2024-05-08_08-40.WAV,2024 Baja Lago Mesa Redonda,2024,5,8,8,40,Agelaius tricolor,Courtship Song,26.19199944,27.13066673,94,8719,24000,present,https://rfcx-streams-production.s3.eu-west-1.amazonaws.com/2024/05/08/2jm3bjkccty2/f0032a8f-90f4-4c8e-8e24-93369b0f29fa.flac?X-Amz-Algorithm=AWS4-HMAC-SHA256&X-Amz-Content-Sha256=UNSIGNED-PAYLOAD&X-Amz-Credential=AKIA45B7YWBX5HAZMGOU%2F20260223%2Feu-west-1%2Fs3%2Faws4_request&X-Amz-Date=20260223T003251Z&X-Amz-Expires=604800&X-Amz-Signature=f7283643a34b62d35a413da42f195dd3acc88068b674763f67fa62e9c77f0007&X-Amz-SignedHeaders=host&response-content-disposition=attachment%3B%20filename%3Df0032a8f-90f4-4c8e-8e24-93369b0f29fa.flac&x-id=GetObject,0.397983253,65444
LMRam-2024-05-08_09-00.WAV,2024 Baja Lago Mesa Redonda,2024,5,8,9,0,Agelaius tricolor,Courtship Song,5.119999886,6.058666706,94,8719,24000,present,https://rfcx-streams-production.s3.eu-west-1.amazonaws.com/2024/05/08/2jm3bjkccty2/cc77a3f8-d14d-479c-bbce-bb2369b4c9e4.flac?X-Amz-Algorithm=AWS4-HMAC-SHA256&X-Amz-Content-Sha256=UNSIGNED-PAYLOAD&X-Amz-Credential=AKIA45B7YWBX5HAZMGOU%2F20260223%2Feu-west-1%2Fs3%2Faws4_request&X-Amz-Date=20260223T003251Z&X-Amz-Expires=604800&X-Amz-Signature=5db00af2596253bfe1490fb37f6804b11c8569749cd737abfd45c6126dc63f87&X-Amz-SignedHeaders=host&response-content-disposition=attachment%3B%20filename%3Dcc77a3f8-d14d-479c-bbce-bb2369b4c9e4.flac&x-id=GetObject,0.52946645,65444
LMRam-2024-05-08_09-20.WAV,2024 Baja Lago Mesa Redonda,2024,5,8,9,20,Agelaius tricolor,Courtship Song,1.279999971,2.218666553,94,8719,24000,present,https://rfcx-streams-production.s3.eu-west-1.amazonaws.com/2024/05/08/2jm3bjkccty2/25e0a939-7288-4103-b386-85439352310b.flac?X-Amz-Algorithm=AWS4-HMAC-SHA256&X-Amz-Content-Sha256=UNSIGNED-PAYLOAD&X-Amz-Credential=AKIA45B7YWBX5HAZMGOU%2F20260223%2Feu-west-1%2Fs3%2Faws4_request&X-Amz-Date=20260223T003239Z&X-Amz-Expires=604800&X-Amz-Signature=99bed2ca901e4f6c4e2072a0482bd23a1fb9d5c408caef1187cc2066f57deaa6&X-Amz-SignedHeaders=host&response-content-disposition=attachment%3B%20filename%3D25e0a939-7288-4103-b386-85439352310b.flac&x-id=GetObject,0.433007866,65444
LMRam-2024-05-08_10-00.WAV,2024 Baja Lago Mesa Redonda,2024,5,8,10,0,Agelaius tricolor,Courtship Song,41.42933273,42.36800003,94,8719,24000,present,https://rfcx-streams-production.s3.eu-west-1.amazonaws.com/2024/05/08/2jm3bjkccty2/676c9d46-1e12-4eb8-87ec-8eab2217290f.flac?X-Amz-Algorithm=AWS4-HMAC-SHA256&X-Amz-Content-Sha256=UNSIGNED-PAYLOAD&X-Amz-Credential=AKIA45B7YWBX5HAZMGOU%2F20260223%2Feu-west-1%2Fs3%2Faws4_request&X-Amz-Date=20260223T003251Z&X-Amz-Expires=604800&X-Amz-Signature=a166a961f7e51776d479396cda960472ce58a8597a6f061c6365c30e4d482a8d&X-Amz-SignedHeaders=host&response-content-disposition=attachment%3B%20filename%3D676c9d46-1e12-4eb8-87ec-8eab2217290f.flac&x-id=GetObject,0.469882041,65444
LMRam-2024-05-08_10-20.WAV,2024 Baja Lago Mesa Redonda,2024,5,8,10,20,Agelaius tricolor,Courtship Song,12.80533314,13.74400043,94,8719,24000,present,https://rfcx-streams-production.s3.eu-west-1.amazonaws.com/2024/05/08/2jm3bjkccty2/094fac4c-811c-45c8-82a1-68de9dd28d14.flac?X-Amz-Algorithm=AWS4-HMAC-SHA256&X-Amz-Content-Sha256=UNSIGNED-PAYLOAD&X-Amz-Credential=AKIA45B7YWBX5HAZMGOU%2F20260223%2Feu-west-1%2Fs3%2Faws4_request&X-Amz-Date=20260223T003251Z&X-Amz-Expires=604800&X-Amz-Signature=18a671704627ef1ff1778eaa2af5d8c1800639db34279cb63234b7de423beffb&X-Amz-SignedHeaders=host&response-content-disposition=attachment%3B%20filename%3D094fac4c-811c-45c8-82a1-68de9dd28d14.flac&x-id=GetObject,0.373107493,65444
LMRam-2024-05-08_10-40.WAV,2024 Baja Lago Mesa Redonda,2024,5,8,10,40,Agelaius tricolor,Courtship Song,17.47733307,18.41600037,94,8719,24000,present,https://rfcx-streams-production.s3.eu-west-1.amazonaws.com/2024/05/08/2jm3bjkccty2/06fadf86-461a-474e-8fb2-04339ab26028.flac?X-Amz-Algorithm=AWS4-HMAC-SHA256&X-Amz-Content-Sha256=UNSIGNED-PAYLOAD&X-Amz-Credential=AKIA45B7YWBX5HAZMGOU%2F20260223%2Feu-west-1%2Fs3%2Faws4_request&X-Amz-Date=20260223T003251Z&X-Amz-Expires=604800&X-Amz-Signature=f5413551ada514c2d7870b723de0eb2e494c5e2aaabf9fd5f5a96d744fd082dc&X-Amz-SignedHeaders=host&response-content-disposition=attachment%3B%20filename%3D06fadf86-461a-474e-8fb2-04339ab26028.flac&x-id=GetObject,0.472839504,65444
LMRam-2024-05-08_11-00.WAV,2024 Baja Lago Mesa Redonda,2024,5,8,11,0,Agelaius tricolor,Courtship Song,27.8453331,28.7840004,94,8719,24000,present,https://rfcx-streams-production.s3.eu-west-1.amazonaws.com/2024/05/08/2jm3bjkccty2/bba3988b-b6cd-4961-ab53-21d7aa79930a.flac?X-Amz-Algorithm=AWS4-HMAC-SHA256&X-Amz-Content-Sha256=UNSIGNED-PAYLOAD&X-Amz-Credential=AKIA45B7YWBX5HAZMGOU%2F20260223%2Feu-west-1%2Fs3%2Faws4_request&X-Amz-Date=20260223T003251Z&X-Amz-Expires=604800&X-Amz-Signature=60b02486dfd30e1630b821d64d0b4b8ad3d364a1f64d3548e33ee234f68f3449&X-Amz-SignedHeaders=host&response-content-disposition=attachment%3B%20filename%3Dbba3988b-b6cd-4961-ab53-21d7aa79930a.flac&x-id=GetObject,0.454823285,65444
LMRam-2024-05-08_11-20.WAV,2024 Baja Lago Mesa Redonda,2024,5,8,11,20,Agelaius tricolor,Courtship Song,14.22399998,15.16266632,94,8719,24000,present,https://rfcx-streams-production.s3.eu-west-1.amazonaws.com/2024/05/08/2jm3bjkccty2/6b2121df-53a0-4dbb-8ac7-0f2174dae6d5.flac?X-Amz-Algorithm=AWS4-HMAC-SHA256&X-Amz-Content-Sha256=UNSIGNED-PAYLOAD&X-Amz-Credential=AKIA45B7YWBX5HAZMGOU%2F20260223%2Feu-west-1%2Fs3%2Faws4_request&X-Amz-Date=20260223T003251Z&X-Amz-Expires=604800&X-Amz-Signature=2f4b141b80f98f86febc2f86b30f0732e54b1ed21bc7c7e44ca522bf1cc01fa6&X-Amz-SignedHeaders=host&response-content-disposition=attachment%3B%20filename%3D6b2121df-53a0-4dbb-8ac7-0f2174dae6d5.flac&x-id=GetObject,0.447130203,65444
LMRam-2024-05-08_12-20.WAV,2024 Baja Lago Mesa Redonda,2024,5,8,12,20,Agelaius tricolor,Courtship Song,52.44800186,53.38666534,94,8719,24000,present,https://rfcx-streams-production.s3.eu-west-1.amazonaws.com/2024/05/08/2jm3bjkccty2/e03d8b62-c59e-405c-8218-fb1303af2cf8.flac?X-Amz-Algorithm=AWS4-HMAC-SHA256&X-Amz-Content-Sha256=UNSIGNED-PAYLOAD&X-Amz-Credential=AKIA45B7YWBX5HAZMGOU%2F20260223%2Feu-west-1%2Fs3%2Faws4_request&X-Amz-Date=20260223T003251Z&X-Amz-Expires=604800&X-Amz-Signature=1f0488eb348539f4e848ff1ca3378727ccee95ff9462236d3629c80644b3ae11&X-Amz-SignedHeaders=host&response-content-disposition=attachment%3B%20filename%3De03d8b62-c59e-405c-8218-fb1303af2cf8.flac&x-id=GetObject,0.561961114,65444
LMRam-2024-05-08_12-40.WAV,2024 Baja Lago Mesa Redonda,2024,5,8,12,40,Agelaius tricolor,Courtship Song,12.09599972,13.03466702,94,8719,24000,present,https://rfcx-streams-production.s3.eu-west-1.amazonaws.com/2024/05/08/2jm3bjkccty2/780f36ff-2508-44b5-9ee5-70557d0e1f1e.flac?X-Amz-Algorithm=AWS4-HMAC-SHA256&X-Amz-Content-Sha256=UNSIGNED-PAYLOAD&X-Amz-Credential=AKIA45B7YWBX5HAZMGOU%2F20260223%2Feu-west-1%2Fs3%2Faws4_request&X-Amz-Date=20260223T003239Z&X-Amz-Expires=604800&X-Amz-Signature=067b14259c4e6b69ebe919e07dcac04ecc0ae10216e4cd04a045a12047c81835&X-Amz-SignedHeaders=host&response-content-disposition=attachment%3B%20filename%3D780f36ff-2508-44b5-9ee5-70557d0e1f1e.flac&x-id=GetObject,0.43715924,65444
LMRam-2024-05-08_14-00.WAV,2024 Baja Lago Mesa Redonda,2024,5,8,14,0,Agelaius tricolor,Courtship Song,31.64266586,32.58133316,94,8719,24000,present,https://rfcx-streams-production.s3.eu-west-1.amazonaws.com/2024/05/08/2jm3bjkccty2/144344a2-5fa6-4c73-88dd-8920c79ff780.flac?X-Amz-Algorithm=AWS4-HMAC-SHA256&X-Amz-Content-Sha256=UNSIGNED-PAYLOAD&X-Amz-Credential=AKIA45B7YWBX5HAZMGOU%2F20260223%2Feu-west-1%2Fs3%2Faws4_request&X-Amz-Date=20260223T003251Z&X-Amz-Expires=604800&X-Amz-Signature=32f6ee6ab02417c5f1fe02612e68c6017a1fb2f1d9f89fd656ef69493497e64c&X-Amz-SignedHeaders=host&response-content-disposition=attachment%3B%20filename%3D144344a2-5fa6-4c73-88dd-8920c79ff780.flac&x-id=GetObject,0.327884763,65444
LMRam-2024-05-08_16-20.WAV,2024 Baja Lago Mesa Redonda,2024,5,8,16,20,Agelaius tricolor,Courtship Song,26.41066742,27.34933281,94,8719,24000,present,https://rfcx-streams-production.s3.eu-west-1.amazonaws.com/2024/05/08/2jm3bjkccty2/02885462-9996-4423-84b1-c5d46312a54f.flac?X-Amz-Algorithm=AWS4-HMAC-SHA256&X-Amz-Content-Sha256=UNSIGNED-PAYLOAD&X-Amz-Credential=AKIA45B7YWBX5HAZMGOU%2F20260223%2Feu-west-1%2Fs3%2Faws4_request&X-Amz-Date=20260223T003251Z&X-Amz-Expires=604800&X-Amz-Signature=4483cf3966a33795aa3d8f6484e84e5cb6c884641dada3cfaba4c9eae159e5fe&X-Amz-SignedHeaders=host&response-content-disposition=attachment%3B%20filename%3D02885462-9996-4423-84b1-c5d46312a54f.flac&x-id=GetObject,0.491532534,65444
LMRam-2024-05-08_17-40.WAV,2024 Baja Lago Mesa Redonda,2024,5,8,17,40,Agelaius tricolor,Courtship Song,31.97866631,32.9173317,94,8719,24000,present,https://rfcx-streams-production.s3.eu-west-1.amazonaws.com/2024/05/09/2jm3bjkccty2/7d3910ff-aba7-4d02-867f-17ded4a5c2a9.flac?X-Amz-Algorithm=AWS4-HMAC-SHA256&X-Amz-Content-Sha256=UNSIGNED-PAYLOAD&X-Amz-Credential=AKIA45B7YWBX5HAZMGOU%2F20260223%2Feu-west-1%2Fs3%2Faws4_request&X-Amz-Date=20260223T003251Z&X-Amz-Expires=604800&X-Amz-Signature=c5acacfc1191849e46a8b921b00e785d5b2b4b455c1850f7c0bebbb31eb58bef&X-Amz-SignedHeaders=host&response-content-disposition=attachment%3B%20filename%3D7d3910ff-aba7-4d02-867f-17ded4a5c2a9.flac&x-id=GetObject,0.473103404,65444
LMRam-2024-05-08_18-00.WAV,2024 Baja Lago Mesa Redonda,2024,5,8,18,0,Agelaius tricolor,Courtship Song,47.30133438,48.24000168,94,8719,24000,present,https://rfcx-streams-production.s3.eu-west-1.amazonaws.com/2024/05/09/2jm3bjkccty2/f288f0d9-e556-4f18-a9ca-4b729d16267d.flac?X-Amz-Algorithm=AWS4-HMAC-SHA256&X-Amz-Content-Sha256=UNSIGNED-PAYLOAD&X-Amz-Credential=AKIA45B7YWBX5HAZMGOU%2F20260223%2Feu-west-1%2Fs3%2Faws4_request&X-Amz-Date=20260223T003251Z&X-Amz-Expires=604800&X-Amz-Signature=1d349bd35d73f444f9bcc54e023fcdf1f8c4a594c516930a981670faac698905&X-Amz-SignedHeaders=host&response-content-disposition=attachment%3B%20filename%3Df288f0d9-e556-4f18-a9ca-4b729d16267d.flac&x-id=GetObject,0.520138741,65444
LMRam-2024-05-08_18-20.WAV,2024 Baja Lago Mesa Redonda,2024,5,8,18,20,Agelaius tricolor,Courtship Song,27.60533333,28.54400063,94,8719,24000,present,https://rfcx-streams-production.s3.eu-west-1.amazonaws.com/2024/05/09/2jm3bjkccty2/de3956a2-4ac0-4a8a-ae3c-92a33651ba39.flac?X-Amz-Algorithm=AWS4-HMAC-SHA256&X-Amz-Content-Sha256=UNSIGNED-PAYLOAD&X-Amz-Credential=AKIA45B7YWBX5HAZMGOU%2F20260223%2Feu-west-1%2Fs3%2Faws4_request&X-Amz-Date=20260223T003251Z&X-Amz-Expires=604800&X-Amz-Signature=7f90ec52e5556b775ace8be8773edb4bc8c0dfb1661479759bb0f3a937b6c685&X-Amz-SignedHeaders=host&response-content-disposition=attachment%3B%20filename%3Dde3956a2-4ac0-4a8a-ae3c-92a33651ba39.flac&x-id=GetObject,0.378901303,65444
LMRam-2024-05-08_18-40.WAV,2024 Baja Lago Mesa Redonda,2024,5,8,18,40,Agelaius tricolor,Courtship Song,16.04266739,16.98133278,94,8719,24000,present,https://rfcx-streams-production.s3.eu-west-1.amazonaws.com/2024/05/09/2jm3bjkccty2/457e2637-dddc-43cb-a056-637888c6cf64.flac?X-Amz-Algorithm=AWS4-HMAC-SHA256&X-Amz-Content-Sha256=UNSIGNED-PAYLOAD&X-Amz-Credential=AKIA45B7YWBX5HAZMGOU%2F20260223%2Feu-west-1%2Fs3%2Faws4_request&X-Amz-Date=20260223T003251Z&X-Amz-Expires=604800&X-Amz-Signature=9fbb837e99ac752919da1373ed2137315e80f0ad6a0db4814ff6a45f54a1bd8c&X-Amz-SignedHeaders=host&response-content-disposition=attachment%3B%20filename%3D457e2637-dddc-43cb-a056-637888c6cf64.flac&x-id=GetObject,0.506125987,65444
LMRam-2024-05-08_19-20.WAV,2024 Baja Lago Mesa Redonda,2024,5,8,19,20,Agelaius tricolor,Courtship Song,45.47200012,46.41066742,94,8719,24000,present,https://rfcx-streams-production.s3.eu-west-1.amazonaws.com/2024/05/09/2jm3bjkccty2/d7c36944-cba5-4ca5-b785-e5acc0aca642.flac?X-Amz-Algorithm=AWS4-HMAC-SHA256&X-Amz-Content-Sha256=UNSIGNED-PAYLOAD&X-Amz-Credential=AKIA45B7YWBX5HAZMGOU%2F20260223%2Feu-west-1%2Fs3%2Faws4_request&X-Amz-Date=20260223T003251Z&X-Amz-Expires=604800&X-Amz-Signature=a4795546bf2eff31a786321d2094875bca814aa041b794beda32cbc22eaf6718&X-Amz-SignedHeaders=host&response-content-disposition=attachment%3B%20filename%3Dd7c36944-cba5-4ca5-b785-e5acc0aca642.flac&x-id=GetObject,0.519734144,65444
LMRam-2024-05-08_19-40.WAV,2024 Baja Lago Mesa Redonda,2024,5,8,19,40,Agelaius tricolor,Courtship Song,16.4533329,17.3920002,94,8719,24000,present,https://rfcx-streams-production.s3.eu-west-1.amazonaws.com/2024/05/09/2jm3bjkccty2/348eb46e-bc3f-4ed1-bbdd-29b2bb506221.flac?X-Amz-Algorithm=AWS4-HMAC-SHA256&X-Amz-Content-Sha256=UNSIGNED-PAYLOAD&X-Amz-Credential=AKIA45B7YWBX5HAZMGOU%2F20260223%2Feu-west-1%2Fs3%2Faws4_request&X-Amz-Date=20260223T003251Z&X-Amz-Expires=604800&X-Amz-Signature=33e47dd56b1f806ea5d2b5b7cae89239d5d11adb28a31c4f58addd87962626b1&X-Amz-SignedHeaders=host&response-content-disposition=attachment%3B%20filename%3D348eb46e-bc3f-4ed1-bbdd-29b2bb506221.flac&x-id=GetObject,0.326966375,65444
LMRam-2024-05-08_20-00.WAV,2024 Baja Lago Mesa Redonda,2024,5,8,20,0,Agelaius tricolor,Courtship Song,4.042666435,4.981333256,94,8719,24000,present,https://rfcx-streams-production.s3.eu-west-1.amazonaws.com/2024/05/09/2jm3bjkccty2/d2930a6e-ab32-4b50-96ac-3779290368d6.flac?X-Amz-Algorithm=AWS4-HMAC-SHA256&X-Amz-Content-Sha256=UNSIGNED-PAYLOAD&X-Amz-Credential=AKIA45B7YWBX5HAZMGOU%2F20260223%2Feu-west-1%2Fs3%2Faws4_request&X-Amz-Date=20260223T003251Z&X-Amz-Expires=604800&X-Amz-Signature=bf84497987d7759cc76596d03ba83b35a1e26a8dba841c930aada24f3438eead&X-Amz-SignedHeaders=host&response-content-disposition=attachment%3B%20filename%3Dd2930a6e-ab32-4b50-96ac-3779290368d6.flac&x-id=GetObject,0.334234625,65444
LMRam-2024-05-09_06-00.WAV,2024 Baja Lago Mesa Redonda,2024,5,9,6,0,Agelaius tricolor,Courtship Song,41.34933472,42.2879982,94,8719,24000,present,https://rfcx-streams-production.s3.eu-west-1.amazonaws.com/2024/05/09/2jm3bjkccty2/a41ebae1-1528-4a06-9066-f67d8fb3b9da.flac?X-Amz-Algorithm=AWS4-HMAC-SHA256&X-Amz-Content-Sha256=UNSIGNED-PAYLOAD&X-Amz-Credential=AKIA45B7YWBX5HAZMGOU%2F20260223%2Feu-west-1%2Fs3%2Faws4_request&X-Amz-Date=20260223T003251Z&X-Amz-Expires=604800&X-Amz-Signature=e0cb50b2d954cd2b8cf6387c0e7fad3c9f8d9acc76d34788a99369aae5d6bc27&X-Amz-SignedHeaders=host&response-content-disposition=attachment%3B%20filename%3Da41ebae1-1528-4a06-9066-f67d8fb3b9da.flac&x-id=GetObject,0.390678436,65444
LMRam-2024-05-09_06-40.WAV,2024 Baja Lago Mesa Redonda,2024,5,9,6,40,Agelaius tricolor,Courtship Song,56.65599823,57.59466553,94,8719,24000,present,https://rfcx-streams-production.s3.eu-west-1.amazonaws.com/2024/05/09/2jm3bjkccty2/574274ce-f56b-4107-885f-c165720c036f.flac?X-Amz-Algorithm=AWS4-HMAC-SHA256&X-Amz-Content-Sha256=UNSIGNED-PAYLOAD&X-Amz-Credential=AKIA45B7YWBX5HAZMGOU%2F20260223%2Feu-west-1%2Fs3%2Faws4_request&X-Amz-Date=20260223T003251Z&X-Amz-Expires=604800&X-Amz-Signature=5da6d60981d66b3a4aa6c3f8beae83791eb5a0974f27f0009dfc29dd22ba8757&X-Amz-SignedHeaders=host&response-content-disposition=attachment%3B%20filename%3D574274ce-f56b-4107-885f-c165720c036f.flac&x-id=GetObject,0.368629038,65444
LMRam-2024-05-09_07-00.WAV,2024 Baja Lago Mesa Redonda,2024,5,9,7,0,Agelaius tricolor,Courtship Song,41.5359993,42.4746666,94,8719,24000,present,https://rfcx-streams-production.s3.eu-west-1.amazonaws.com/2024/05/09/2jm3bjkccty2/0be1838a-c335-47ac-b422-556eebea1c0b.flac?X-Amz-Algorithm=AWS4-HMAC-SHA256&X-Amz-Content-Sha256=UNSIGNED-PAYLOAD&X-Amz-Credential=AKIA45B7YWBX5HAZMGOU%2F20260223%2Feu-west-1%2Fs3%2Faws4_request&X-Amz-Date=20260223T003239Z&X-Amz-Expires=604800&X-Amz-Signature=e67231d14924210cb26d3aff46dd599f5b2a6e93a254a9f6ac8a1dfb10d36f1d&X-Amz-SignedHeaders=host&response-content-disposition=attachment%3B%20filename%3D0be1838a-c335-47ac-b422-556eebea1c0b.flac&x-id=GetObject,0.376830041,65444
LMRam-2024-05-09_07-40.WAV,2024 Baja Lago Mesa Redonda,2024,5,9,7,40,Agelaius tricolor,Courtship Song,55.89333344,56.83200073,94,8719,24000,present,https://rfcx-streams-production.s3.eu-west-1.amazonaws.com/2024/05/09/2jm3bjkccty2/771906e4-5213-490d-b94d-b5c724f673eb.flac?X-Amz-Algorithm=AWS4-HMAC-SHA256&X-Amz-Content-Sha256=UNSIGNED-PAYLOAD&X-Amz-Credential=AKIA45B7YWBX5HAZMGOU%2F20260223%2Feu-west-1%2Fs3%2Faws4_request&X-Amz-Date=20260223T003239Z&X-Amz-Expires=604800&X-Amz-Signature=7c56d027243bee401d70d371252fbf17a8479db9d0e45205d2719e553f81a5f5&X-Amz-SignedHeaders=host&response-content-disposition=attachment%3B%20filename%3D771906e4-5213-490d-b94d-b5c724f673eb.flac&x-id=GetObject,0.579178989,65444
LMRam-2024-05-09_08-20.WAV,2024 Baja Lago Mesa Redonda,2024,5,9,8,20,Agelaius tricolor,Courtship Song,11.94133377,12.88000011,94,8719,24000,present,https://rfcx-streams-production.s3.eu-west-1.amazonaws.com/2024/05/09/2jm3bjkccty2/7a754374-f1cc-48ef-8a77-89c6b9f8a75d.flac?X-Amz-Algorithm=AWS4-HMAC-SHA256&X-Amz-Content-Sha256=UNSIGNED-PAYLOAD&X-Amz-Credential=AKIA45B7YWBX5HAZMGOU%2F20260223%2Feu-west-1%2Fs3%2Faws4_request&X-Amz-Date=20260223T003251Z&X-Amz-Expires=604800&X-Amz-Signature=d600b5797804d05fabc8f5d60a11f3bcc1fb96aedabf9c69796e852c8c5b2261&X-Amz-SignedHeaders=host&response-content-disposition=attachment%3B%20filename%3D7a754374-f1cc-48ef-8a77-89c6b9f8a75d.flac&x-id=GetObject,0.351700366,65444
LMRam-2024-05-09_08-40.WAV,2024 Baja Lago Mesa Redonda,2024,5,9,8,40,Agelaius tricolor,Courtship Song,8.229332924,9.168000221,94,8719,24000,present,https://rfcx-streams-production.s3.eu-west-1.amazonaws.com/2024/05/09/2jm3bjkccty2/07f08c18-6d53-4130-b279-652b04cd8cdb.flac?X-Amz-Algorithm=AWS4-HMAC-SHA256&X-Amz-Content-Sha256=UNSIGNED-PAYLOAD&X-Amz-Credential=AKIA45B7YWBX5HAZMGOU%2F20260223%2Feu-west-1%2Fs3%2Faws4_request&X-Amz-Date=20260223T003250Z&X-Amz-Expires=604800&X-Amz-Signature=c49133df8ef8ec1a4942bfd017e495ddff49460c206507370ae431b56853437a&X-Amz-SignedHeaders=host&response-content-disposition=attachment%3B%20filename%3D07f08c18-6d53-4130-b279-652b04cd8cdb.flac&x-id=GetObject,0.372187495,65444
LMRam-2024-05-09_09-00.WAV,2024 Baja Lago Mesa Redonda,2024,5,9,9,0,Agelaius tricolor,Courtship Song,47.5253334,48.4640007,94,8719,24000,present,https://rfcx-streams-production.s3.eu-west-1.amazonaws.com/2024/05/09/2jm3bjkccty2/decfd7e0-4987-4a3e-b73b-cd06110e4a5c.flac?X-Amz-Algorithm=AWS4-HMAC-SHA256&X-Amz-Content-Sha256=UNSIGNED-PAYLOAD&X-Amz-Credential=AKIA45B7YWBX5HAZMGOU%2F20260223%2Feu-west-1%2Fs3%2Faws4_request&X-Amz-Date=20260223T003239Z&X-Amz-Expires=604800&X-Amz-Signature=833a709e6f020afc6e2bb8b5580f983ed72694d28c9ef7e500d5b28cbf85fe0d&X-Amz-SignedHeaders=host&response-content-disposition=attachment%3B%20filename%3Ddecfd7e0-4987-4a3e-b73b-cd06110e4a5c.flac&x-id=GetObject,0.541587889,65444
LMRam-2024-05-09_09-20.WAV,2024 Baja Lago Mesa Redonda,2024,5,9,9,20,Agelaius tricolor,Courtship Song,49.0826683,50.02133179,94,8719,24000,present,https://rfcx-streams-production.s3.eu-west-1.amazonaws.com/2024/05/09/2jm3bjkccty2/e41cf8db-f2d2-434a-a438-c93d03591e68.flac?X-Amz-Algorithm=AWS4-HMAC-SHA256&X-Amz-Content-Sha256=UNSIGNED-PAYLOAD&X-Amz-Credential=AKIA45B7YWBX5HAZMGOU%2F20260223%2Feu-west-1%2Fs3%2Faws4_request&X-Amz-Date=20260223T003250Z&X-Amz-Expires=604800&X-Amz-Signature=3cd0f0a4593699157c50740b815f6f416f65cd9cdaaeb88b7249b0d0e68419f7&X-Amz-SignedHeaders=host&response-content-disposition=attachment%3B%20filename%3De41cf8db-f2d2-434a-a438-c93d03591e68.flac&x-id=GetObject,0.390732676,65444
LMRam-2024-05-09_09-40.WAV,2024 Baja Lago Mesa Redonda,2024,5,9,9,40,Agelaius tricolor,Courtship Song,14.48533344,15.42399979,94,8719,24000,present,https://rfcx-streams-production.s3.eu-west-1.amazonaws.com/2024/05/09/2jm3bjkccty2/dc777533-b6cf-4a1e-8d6a-bcbcc5cb1d57.flac?X-Amz-Algorithm=AWS4-HMAC-SHA256&X-Amz-Content-Sha256=UNSIGNED-PAYLOAD&X-Amz-Credential=AKIA45B7YWBX5HAZMGOU%2F20260223%2Feu-west-1%2Fs3%2Faws4_request&X-Amz-Date=20260223T003251Z&X-Amz-Expires=604800&X-Amz-Signature=e353f80f1487b41184c3626ea97c4e403dec271d134851a42ebdc51462edd5a3&X-Amz-SignedHeaders=host&response-content-disposition=attachment%3B%20filename%3Ddc777533-b6cf-4a1e-8d6a-bcbcc5cb1d57.flac&x-id=GetObject,0.556473076,65444
LMRam-2024-05-09_10-00.WAV,2024 Baja Lago Mesa Redonda,2024,5,9,10,0,Agelaius tricolor,Courtship Song,40.78933334,41.72800064,94,8719,24000,present,https://rfcx-streams-production.s3.eu-west-1.amazonaws.com/2024/05/09/2jm3bjkccty2/6bb28e73-ad27-47a3-a479-3a92c8e37696.flac?X-Amz-Algorithm=AWS4-HMAC-SHA256&X-Amz-Content-Sha256=UNSIGNED-PAYLOAD&X-Amz-Credential=AKIA45B7YWBX5HAZMGOU%2F20260223%2Feu-west-1%2Fs3%2Faws4_request&X-Amz-Date=20260223T003251Z&X-Amz-Expires=604800&X-Amz-Signature=fab855b4c81a3e318e71896b0638b8498d56418ff514fb74cae59f36e015f669&X-Amz-SignedHeaders=host&response-content-disposition=attachment%3B%20filename%3D6bb28e73-ad27-47a3-a479-3a92c8e37696.flac&x-id=GetObject,0.462828249,65444
LMRam-2024-05-09_10-20.WAV,2024 Baja Lago Mesa Redonda,2024,5,9,10,20,Agelaius tricolor,Courtship Song,50.14933395,51.08800125,94,8719,24000,present,https://rfcx-streams-production.s3.eu-west-1.amazonaws.com/2024/05/09/2jm3bjkccty2/ba28329e-e4e1-4dae-9246-cb76c030c7e7.flac?X-Amz-Algorithm=AWS4-HMAC-SHA256&X-Amz-Content-Sha256=UNSIGNED-PAYLOAD&X-Amz-Credential=AKIA45B7YWBX5HAZMGOU%2F20260223%2Feu-west-1%2Fs3%2Faws4_request&X-Amz-Date=20260223T003250Z&X-Amz-Expires=604800&X-Amz-Signature=ad9cbf35d9ad4b50e1325209ed9850e27b9f0a44716ce544b599ae0d25f5aaa4&X-Amz-SignedHeaders=host&response-content-disposition=attachment%3B%20filename%3Dba28329e-e4e1-4dae-9246-cb76c030c7e7.flac&x-id=GetObject,0.46412003,65444
LMRam-2024-05-09_11-00.WAV,2024 Baja Lago Mesa Redonda,2024,5,9,11,0,Agelaius tricolor,Courtship Song,26.55999947,27.49866676,94,8719,24000,present,https://rfcx-streams-production.s3.eu-west-1.amazonaws.com/2024/05/09/2jm3bjkccty2/11a24d9f-ac24-4447-94ce-a66326553922.flac?X-Amz-Algorithm=AWS4-HMAC-SHA256&X-Amz-Content-Sha256=UNSIGNED-PAYLOAD&X-Amz-Credential=AKIA45B7YWBX5HAZMGOU%2F20260223%2Feu-west-1%2Fs3%2Faws4_request&X-Amz-Date=20260223T003251Z&X-Amz-Expires=604800&X-Amz-Signature=69a9bb318d638b72f29e1c1ed2953ef0afaeb748e937fb39d82fb06599b4adb1&X-Amz-SignedHeaders=host&response-content-disposition=attachment%3B%20filename%3D11a24d9f-ac24-4447-94ce-a66326553922.flac&x-id=GetObject,0.435340852,65444
LMRam-2024-05-09_11-40.WAV,2024 Baja Lago Mesa Redonda,2024,5,9,11,40,Agelaius tricolor,Courtship Song,12.29866695,13.2373333,94,8719,24000,present,https://rfcx-streams-production.s3.eu-west-1.amazonaws.com/2024/05/09/2jm3bjkccty2/673d0713-a2c2-44b4-a7b0-751ee792d0ba.flac?X-Amz-Algorithm=AWS4-HMAC-SHA256&X-Amz-Content-Sha256=UNSIGNED-PAYLOAD&X-Amz-Credential=AKIA45B7YWBX5HAZMGOU%2F20260223%2Feu-west-1%2Fs3%2Faws4_request&X-Amz-Date=20260223T003239Z&X-Amz-Expires=604800&X-Amz-Signature=d25ded078c48f7e81e2acf13dde865da9125bbad3edb55060b6369fb46828f92&X-Amz-SignedHeaders=host&response-content-disposition=attachment%3B%20filename%3D673d0713-a2c2-44b4-a7b0-751ee792d0ba.flac&x-id=GetObject,0.435791522,65444
LMRam-2024-05-09_12-00.WAV,2024 Baja Lago Mesa Redonda,2024,5,9,12,0,Agelaius tricolor,Courtship Song,26.12800026,27.06666756,94,8719,24000,present,https://rfcx-streams-production.s3.eu-west-1.amazonaws.com/2024/05/09/2jm3bjkccty2/63131e7f-f58f-4294-8b71-af640e6f75b8.flac?X-Amz-Algorithm=AWS4-HMAC-SHA256&X-Amz-Content-Sha256=UNSIGNED-PAYLOAD&X-Amz-Credential=AKIA45B7YWBX5HAZMGOU%2F20260223%2Feu-west-1%2Fs3%2Faws4_request&X-Amz-Date=20260223T003250Z&X-Amz-Expires=604800&X-Amz-Signature=70bfec759bfd95b9fbc59c01499b50cf85bf6cc8d756941f65a2c79a2564211b&X-Amz-SignedHeaders=host&response-content-disposition=attachment%3B%20filename%3D63131e7f-f58f-4294-8b71-af640e6f75b8.flac&x-id=GetObject,0.468565613,65444
LMRam-2024-05-09_12-40.WAV,2024 Baja Lago Mesa Redonda,2024,5,9,12,40,Agelaius tricolor,Courtship Song,0.981333315,1.919999957,94,8719,24000,present,https://rfcx-streams-production.s3.eu-west-1.amazonaws.com/2024/05/09/2jm3bjkccty2/5a8a7ce1-0e84-48b7-8f8e-684465954f28.flac?X-Amz-Algorithm=AWS4-HMAC-SHA256&X-Amz-Content-Sha256=UNSIGNED-PAYLOAD&X-Amz-Credential=AKIA45B7YWBX5HAZMGOU%2F20260223%2Feu-west-1%2Fs3%2Faws4_request&X-Amz-Date=20260223T003250Z&X-Amz-Expires=604800&X-Amz-Signature=b5716b9978e91d0564813ba1a4c10d912ed396358558f1e272735e550d1bd1a5&X-Amz-SignedHeaders=host&response-content-disposition=attachment%3B%20filename%3D5a8a7ce1-0e84-48b7-8f8e-684465954f28.flac&x-id=GetObject,0.489192575,65444
LMRam-2024-05-09_13-00.WAV,2024 Baja Lago Mesa Redonda,2024,5,9,13,0,Agelaius tricolor,Courtship Song,56.9386673,57.87733459,94,8719,24000,present,https://rfcx-streams-production.s3.eu-west-1.amazonaws.com/2024/05/09/2jm3bjkccty2/9d49c280-d64a-4cb3-bb60-5b7362a27995.flac?X-Amz-Algorithm=AWS4-HMAC-SHA256&X-Amz-Content-Sha256=UNSIGNED-PAYLOAD&X-Amz-Credential=AKIA45B7YWBX5HAZMGOU%2F20260223%2Feu-west-1%2Fs3%2Faws4_request&X-Amz-Date=20260223T003239Z&X-Amz-Expires=604800&X-Amz-Signature=815b680248ab0fc110d37d9a4c9e2ea899ef1ea86084a2c699a69d0b178079b5&X-Amz-SignedHeaders=host&response-content-disposition=attachment%3B%20filename%3D9d49c280-d64a-4cb3-bb60-5b7362a27995.flac&x-id=GetObject,0.451310545,65444
LMRam-2024-05-09_13-20.WAV,2024 Baja Lago Mesa Redonda,2024,5,9,13,20,Agelaius tricolor,Courtship Song,14.07999992,15.01866627,94,8719,24000,present,https://rfcx-streams-production.s3.eu-west-1.amazonaws.com/2024/05/09/2jm3bjkccty2/5fd1c7c4-a7a2-486b-a228-d7e78785aca7.flac?X-Amz-Algorithm=AWS4-HMAC-SHA256&X-Amz-Content-Sha256=UNSIGNED-PAYLOAD&X-Amz-Credential=AKIA45B7YWBX5HAZMGOU%2F20260223%2Feu-west-1%2Fs3%2Faws4_request&X-Amz-Date=20260223T003250Z&X-Amz-Expires=604800&X-Amz-Signature=372ac9fb5e5876a78fa1f02f6ff3ed1c2d1cadea1761150a4c6fdf22aa26b088&X-Amz-SignedHeaders=host&response-content-disposition=attachment%3B%20filename%3D5fd1c7c4-a7a2-486b-a228-d7e78785aca7.flac&x-id=GetObject,0.528257549,65444
LMRam-2024-05-09_15-40.WAV,2024 Baja Lago Mesa Redonda,2024,5,9,15,40,Agelaius tricolor,Courtship Song,20.42133331,21.36000061,94,8719,24000,present,https://rfcx-streams-production.s3.eu-west-1.amazonaws.com/2024/05/09/2jm3bjkccty2/c617755e-2f53-48dd-8fe0-bfbea62c826d.flac?X-Amz-Algorithm=AWS4-HMAC-SHA256&X-Amz-Content-Sha256=UNSIGNED-PAYLOAD&X-Amz-Credential=AKIA45B7YWBX5HAZMGOU%2F20260223%2Feu-west-1%2Fs3%2Faws4_request&X-Amz-Date=20260223T003251Z&X-Amz-Expires=604800&X-Amz-Signature=c21852704b107d9217eefa53fb44411e4d87a70043bd853c5073cf3c50f1b1b1&X-Amz-SignedHeaders=host&response-content-disposition=attachment%3B%20filename%3Dc617755e-2f53-48dd-8fe0-bfbea62c826d.flac&x-id=GetObject,0.452272832,65444
LMRam-2024-05-09_16-00.WAV,2024 Baja Lago Mesa Redonda,2024,5,9,16,0,Agelaius tricolor,Courtship Song,28.18666649,29.12533379,94,8719,24000,present,https://rfcx-streams-production.s3.eu-west-1.amazonaws.com/2024/05/09/2jm3bjkccty2/1d50920d-0eff-47df-98e0-d8a6ca5f0879.flac?X-Amz-Algorithm=AWS4-HMAC-SHA256&X-Amz-Content-Sha256=UNSIGNED-PAYLOAD&X-Amz-Credential=AKIA45B7YWBX5HAZMGOU%2F20260223%2Feu-west-1%2Fs3%2Faws4_request&X-Amz-Date=20260223T003251Z&X-Amz-Expires=604800&X-Amz-Signature=d04f8e69c8a845641eb4926b534c53541a63b9717a1860e306aceb6c4274118c&X-Amz-SignedHeaders=host&response-content-disposition=attachment%3B%20filename%3D1d50920d-0eff-47df-98e0-d8a6ca5f0879.flac&x-id=GetObject,0.496314645,65444
LMRam-2024-05-09_16-20.WAV,2024 Baja Lago Mesa Redonda,2024,5,9,16,20,Agelaius tricolor,Courtship Song,38.7733345,39.7120018,94,8719,24000,present,https://rfcx-streams-production.s3.eu-west-1.amazonaws.com/2024/05/09/2jm3bjkccty2/fc909e6c-bba2-4383-8eef-9f8fcefad6b3.flac?X-Amz-Algorithm=AWS4-HMAC-SHA256&X-Amz-Content-Sha256=UNSIGNED-PAYLOAD&X-Amz-Credential=AKIA45B7YWBX5HAZMGOU%2F20260223%2Feu-west-1%2Fs3%2Faws4_request&X-Amz-Date=20260223T003251Z&X-Amz-Expires=604800&X-Amz-Signature=8c8984a36adf4a2fab1f8acbd6b979214dfa25ea4f6abbf7c69da01c7161791d&X-Amz-SignedHeaders=host&response-content-disposition=attachment%3B%20filename%3Dfc909e6c-bba2-4383-8eef-9f8fcefad6b3.flac&x-id=GetObject,0.450574636,65444
LMRam-2024-05-09_17-20.WAV,2024 Baja Lago Mesa Redonda,2024,5,9,17,20,Agelaius tricolor,Courtship Song,28.64533424,29.58399963,94,8719,24000,present,https://rfcx-streams-production.s3.eu-west-1.amazonaws.com/2024/05/10/2jm3bjkccty2/75fe237a-a53f-47dd-8da6-c037c7db07c2.flac?X-Amz-Algorithm=AWS4-HMAC-SHA256&X-Amz-Content-Sha256=UNSIGNED-PAYLOAD&X-Amz-Credential=AKIA45B7YWBX5HAZMGOU%2F20260223%2Feu-west-1%2Fs3%2Faws4_request&X-Amz-Date=20260223T003250Z&X-Amz-Expires=604800&X-Amz-Signature=ff9648af46f3c6b53982c0e94e633a7ad2b711683fc040e823c9e09e0b9ad199&X-Amz-SignedHeaders=host&response-content-disposition=attachment%3B%20filename%3D75fe237a-a53f-47dd-8da6-c037c7db07c2.flac&x-id=GetObject,0.277455837,65444
LMRam-2024-05-09_17-40.WAV,2024 Baja Lago Mesa Redonda,2024,5,9,17,40,Agelaius tricolor,Courtship Song,37.36000061,38.29866791,94,8719,24000,present,https://rfcx-streams-production.s3.eu-west-1.amazonaws.com/2024/05/10/2jm3bjkccty2/8dde7eaf-a981-4878-ba23-3e8f86a6b446.flac?X-Amz-Algorithm=AWS4-HMAC-SHA256&X-Amz-Content-Sha256=UNSIGNED-PAYLOAD&X-Amz-Credential=AKIA45B7YWBX5HAZMGOU%2F20260223%2Feu-west-1%2Fs3%2Faws4_request&X-Amz-Date=20260223T003251Z&X-Amz-Expires=604800&X-Amz-Signature=cce450fa2cffbd3d9fdf9a5f0b91fbfe9de5be8116a50d0d04f6f421d769166b&X-Amz-SignedHeaders=host&response-content-disposition=attachment%3B%20filename%3D8dde7eaf-a981-4878-ba23-3e8f86a6b446.flac&x-id=GetObject,0.357157707,65444
LMRam-2024-05-09_18-20.WAV,2024 Baja Lago Mesa Redonda,2024,5,9,18,20,Agelaius tricolor,Courtship Song,36.44800186,37.38666534,94,8719,24000,present,https://rfcx-streams-production.s3.eu-west-1.amazonaws.com/2024/05/10/2jm3bjkccty2/a5fa0bdd-85c4-4737-8c23-7bf29dea8a90.flac?X-Amz-Algorithm=AWS4-HMAC-SHA256&X-Amz-Content-Sha256=UNSIGNED-PAYLOAD&X-Amz-Credential=AKIA45B7YWBX5HAZMGOU%2F20260223%2Feu-west-1%2Fs3%2Faws4_request&X-Amz-Date=20260223T003250Z&X-Amz-Expires=604800&X-Amz-Signature=dec169149979f97644d9499f396df705eadbe87c5c9a25560c456a61524473dd&X-Amz-SignedHeaders=host&response-content-disposition=attachment%3B%20filename%3Da5fa0bdd-85c4-4737-8c23-7bf29dea8a90.flac&x-id=GetObject,0.479442924,65444
LMRam-2024-05-09_18-40.WAV,2024 Baja Lago Mesa Redonda,2024,5,9,18,40,Agelaius tricolor,Courtship Song,21.64800072,22.58666611,94,8719,24000,present,https://rfcx-streams-production.s3.eu-west-1.amazonaws.com/2024/05/10/2jm3bjkccty2/b1de9e44-3ae9-41f5-9ef0-433d705adbed.flac?X-Amz-Algorithm=AWS4-HMAC-SHA256&X-Amz-Content-Sha256=UNSIGNED-PAYLOAD&X-Amz-Credential=AKIA45B7YWBX5HAZMGOU%2F20260223%2Feu-west-1%2Fs3%2Faws4_request&X-Amz-Date=20260223T003250Z&X-Amz-Expires=604800&X-Amz-Signature=685ba66c242b0c24197d9331f5f968aa57e1b88fd95dfada83592ec2255284ea&X-Amz-SignedHeaders=host&response-content-disposition=attachment%3B%20filename%3Db1de9e44-3ae9-41f5-9ef0-433d705adbed.flac&x-id=GetObject,0.429120183,65444
LMRam-2024-05-09_19-20.WAV,2024 Baja Lago Mesa Redonda,2024,5,9,19,20,Agelaius tricolor,Courtship Song,50.69866562,51.63733292,94,8719,24000,present,https://rfcx-streams-production.s3.eu-west-1.amazonaws.com/2024/05/10/2jm3bjkccty2/2ef403f4-01a4-4e8c-ab9c-26fee3faed7b.flac?X-Amz-Algorithm=AWS4-HMAC-SHA256&X-Amz-Content-Sha256=UNSIGNED-PAYLOAD&X-Amz-Credential=AKIA45B7YWBX5HAZMGOU%2F20260223%2Feu-west-1%2Fs3%2Faws4_request&X-Amz-Date=20260223T003250Z&X-Amz-Expires=604800&X-Amz-Signature=1e6f9d9db25eceb8d9f2eb72497a9a0cd2db7df878d22223d786171f4f1b8359&X-Amz-SignedHeaders=host&response-content-disposition=attachment%3B%20filename%3D2ef403f4-01a4-4e8c-ab9c-26fee3faed7b.flac&x-id=GetObject,0.518459141,65444
LMRam-2024-05-10_05-40.WAV,2024 Baja Lago Mesa Redonda,2024,5,10,5,40,Agelaius tricolor,Courtship Song,56.20800018,57.14666748,94,8719,24000,present,https://rfcx-streams-production.s3.eu-west-1.amazonaws.com/2024/05/10/2jm3bjkccty2/d9998a12-4ff0-4a25-90a2-6a6e134d7c2f.flac?X-Amz-Algorithm=AWS4-HMAC-SHA256&X-Amz-Content-Sha256=UNSIGNED-PAYLOAD&X-Amz-Credential=AKIA45B7YWBX5HAZMGOU%2F20260223%2Feu-west-1%2Fs3%2Faws4_request&X-Amz-Date=20260223T003251Z&X-Amz-Expires=604800&X-Amz-Signature=c31a19747bcb14dc6c86bed1b8023a4ae6de0f07dadd878f21958f05cb0c7cb8&X-Amz-SignedHeaders=host&response-content-disposition=attachment%3B%20filename%3Dd9998a12-4ff0-4a25-90a2-6a6e134d7c2f.flac&x-id=GetObject,0.409704685,65444
LMRam-2024-05-10_06-20.WAV,2024 Baja Lago Mesa Redonda,2024,5,10,6,20,Agelaius tricolor,Courtship Song,28.28266716,29.22133255,94,8719,24000,present,https://rfcx-streams-production.s3.eu-west-1.amazonaws.com/2024/05/10/2jm3bjkccty2/51ad0ba7-1d92-45a1-a156-379ef6246474.flac?X-Amz-Algorithm=AWS4-HMAC-SHA256&X-Amz-Content-Sha256=UNSIGNED-PAYLOAD&X-Amz-Credential=AKIA45B7YWBX5HAZMGOU%2F20260223%2Feu-west-1%2Fs3%2Faws4_request&X-Amz-Date=20260223T003250Z&X-Amz-Expires=604800&X-Amz-Signature=c9c2618366017e4d798412cfebcbe96e2f226f6785ec62cd1dc896515d10e28d&X-Amz-SignedHeaders=host&response-content-disposition=attachment%3B%20filename%3D51ad0ba7-1d92-45a1-a156-379ef6246474.flac&x-id=GetObject,0.471280724,65444
LMRam-2024-05-10_06-40.WAV,2024 Baja Lago Mesa Redonda,2024,5,10,6,40,Agelaius tricolor,Courtship Song,39.57866669,40.51733398,94,8719,24000,present,https://rfcx-streams-production.s3.eu-west-1.amazonaws.com/2024/05/10/2jm3bjkccty2/e69e1189-22ec-4a78-a761-9b22712abe5b.flac?X-Amz-Algorithm=AWS4-HMAC-SHA256&X-Amz-Content-Sha256=UNSIGNED-PAYLOAD&X-Amz-Credential=AKIA45B7YWBX5HAZMGOU%2F20260223%2Feu-west-1%2Fs3%2Faws4_request&X-Amz-Date=20260223T003250Z&X-Amz-Expires=604800&X-Amz-Signature=e0c9e274399971f9708e2f24c55d7430dd26ccc2b64ce547e884795b3728255a&X-Amz-SignedHeaders=host&response-content-disposition=attachment%3B%20filename%3De69e1189-22ec-4a78-a761-9b22712abe5b.flac&x-id=GetObject,0.434085488,65444
LMRam-2024-05-10_07-00.WAV,2024 Baja Lago Mesa Redonda,2024,5,10,7,0,Agelaius tricolor,Courtship Song,0.912,1.850666642,94,8719,24000,present,https://rfcx-streams-production.s3.eu-west-1.amazonaws.com/2024/05/10/2jm3bjkccty2/126a51c6-5026-43be-a458-1ac2ff30a01f.flac?X-Amz-Algorithm=AWS4-HMAC-SHA256&X-Amz-Content-Sha256=UNSIGNED-PAYLOAD&X-Amz-Credential=AKIA45B7YWBX5HAZMGOU%2F20260223%2Feu-west-1%2Fs3%2Faws4_request&X-Amz-Date=20260223T003250Z&X-Amz-Expires=604800&X-Amz-Signature=a17ba1f75437b28c8d67c10ffa4787960dee2d45da3a3fddd046605aaa15cea1&X-Amz-SignedHeaders=host&response-content-disposition=attachment%3B%20filename%3D126a51c6-5026-43be-a458-1ac2ff30a01f.flac&x-id=GetObject,0.546116889,65444
LMRam-2024-05-10_07-20.WAV,2024 Baja Lago Mesa Redonda,2024,5,10,7,20,Agelaius tricolor,Courtship Song,3.914666653,4.853333473,94,8719,24000,present,https://rfcx-streams-production.s3.eu-west-1.amazonaws.com/2024/05/10/2jm3bjkccty2/4c08fa1f-8238-4f18-80a1-1a2fa4302565.flac?X-Amz-Algorithm=AWS4-HMAC-SHA256&X-Amz-Content-Sha256=UNSIGNED-PAYLOAD&X-Amz-Credential=AKIA45B7YWBX5HAZMGOU%2F20260223%2Feu-west-1%2Fs3%2Faws4_request&X-Amz-Date=20260223T003250Z&X-Amz-Expires=604800&X-Amz-Signature=ad49721694246ce0f8e7ac5eaf5e20c407593b6dd17a7a021dd6f845175b20f1&X-Amz-SignedHeaders=host&response-content-disposition=attachment%3B%20filename%3D4c08fa1f-8238-4f18-80a1-1a2fa4302565.flac&x-id=GetObject,0.561685264,65444
LMRam-2024-05-10_07-40.WAV,2024 Baja Lago Mesa Redonda,2024,5,10,7,40,Agelaius tricolor,Courtship Song,13.42933369,14.36800003,94,8719,24000,present,https://rfcx-streams-production.s3.eu-west-1.amazonaws.com/2024/05/10/2jm3bjkccty2/b2950ae9-d492-40e9-84b3-c61003a9060f.flac?X-Amz-Algorithm=AWS4-HMAC-SHA256&X-Amz-Content-Sha256=UNSIGNED-PAYLOAD&X-Amz-Credential=AKIA45B7YWBX5HAZMGOU%2F20260223%2Feu-west-1%2Fs3%2Faws4_request&X-Amz-Date=20260223T003239Z&X-Amz-Expires=604800&X-Amz-Signature=bd2e8cf1719d9a6e643f972a4e5d762bae30a37450d4fa4d5e6d97f4a08a00b7&X-Amz-SignedHeaders=host&response-content-disposition=attachment%3B%20filename%3Db2950ae9-d492-40e9-84b3-c61003a9060f.flac&x-id=GetObject,0.508524179,65444
LMRam-2024-05-10_08-00.WAV,2024 Baja Lago Mesa Redonda,2024,5,10,8,0,Agelaius tricolor,Courtship Song,32.15999985,33.09866714,94,8719,24000,present,https://rfcx-streams-production.s3.eu-west-1.amazonaws.com/2024/05/10/2jm3bjkccty2/0893a3b6-0038-4698-b7f8-a63f5317271c.flac?X-Amz-Algorithm=AWS4-HMAC-SHA256&X-Amz-Content-Sha256=UNSIGNED-PAYLOAD&X-Amz-Credential=AKIA45B7YWBX5HAZMGOU%2F20260223%2Feu-west-1%2Fs3%2Faws4_request&X-Amz-Date=20260223T003250Z&X-Amz-Expires=604800&X-Amz-Signature=288dc9f59dd41d2d8f7d2008f16a5e8029ff040f3f88bea64126e039a918edd7&X-Amz-SignedHeaders=host&response-content-disposition=attachment%3B%20filename%3D0893a3b6-0038-4698-b7f8-a63f5317271c.flac&x-id=GetObject,0.368456274,65444
LMRam-2024-05-10_08-20.WAV,2024 Baja Lago Mesa Redonda,2024,5,10,8,20,Agelaius tricolor,Courtship Song,0.197333336,1.136000037,94,8719,24000,present,https://rfcx-streams-production.s3.eu-west-1.amazonaws.com/2024/05/10/2jm3bjkccty2/c3ae70b2-5a96-4d00-bbc8-f02ab67efe9e.flac?X-Amz-Algorithm=AWS4-HMAC-SHA256&X-Amz-Content-Sha256=UNSIGNED-PAYLOAD&X-Amz-Credential=AKIA45B7YWBX5HAZMGOU%2F20260223%2Feu-west-1%2Fs3%2Faws4_request&X-Amz-Date=20260223T003250Z&X-Amz-Expires=604800&X-Amz-Signature=61dda90f602aef67921459e4a3c6e5dd10c809e813f90928e7616a8d4802403e&X-Amz-SignedHeaders=host&response-content-disposition=attachment%3B%20filename%3Dc3ae70b2-5a96-4d00-bbc8-f02ab67efe9e.flac&x-id=GetObject,0.520700753,65444
LMRam-2024-05-10_08-40.WAV,2024 Baja Lago Mesa Redonda,2024,5,10,8,40,Agelaius tricolor,Courtship Song,56.33066559,57.26933289,94,8719,24000,present,https://rfcx-streams-production.s3.eu-west-1.amazonaws.com/2024/05/10/2jm3bjkccty2/bd0e6d3f-b62f-4bc0-be9c-f4c45850e186.flac?X-Amz-Algorithm=AWS4-HMAC-SHA256&X-Amz-Content-Sha256=UNSIGNED-PAYLOAD&X-Amz-Credential=AKIA45B7YWBX5HAZMGOU%2F20260223%2Feu-west-1%2Fs3%2Faws4_request&X-Amz-Date=20260223T003250Z&X-Amz-Expires=604800&X-Amz-Signature=6f0f6893c65be5a55c85e1b59d562147d89a091b889b06ae6eb3042cc230d118&X-Amz-SignedHeaders=host&response-content-disposition=attachment%3B%20filename%3Dbd0e6d3f-b62f-4bc0-be9c-f4c45850e186.flac&x-id=GetObject,0.541780353,65444
LMRam-2024-05-10_09-00.WAV,2024 Baja Lago Mesa Redonda,2024,5,10,9,0,Agelaius tricolor,Courtship Song,30.87466621,31.81333351,94,8719,24000,present,https://rfcx-streams-production.s3.eu-west-1.amazonaws.com/2024/05/10/2jm3bjkccty2/0c9d32ca-e7bf-4a0c-a9fa-8496a77a924e.flac?X-Amz-Algorithm=AWS4-HMAC-SHA256&X-Amz-Content-Sha256=UNSIGNED-PAYLOAD&X-Amz-Credential=AKIA45B7YWBX5HAZMGOU%2F20260223%2Feu-west-1%2Fs3%2Faws4_request&X-Amz-Date=20260223T003250Z&X-Amz-Expires=604800&X-Amz-Signature=365710c4963918a796566c0f605a93ba3d85c05e3ba08b8648f10f311b2df794&X-Amz-SignedHeaders=host&response-content-disposition=attachment%3B%20filename%3D0c9d32ca-e7bf-4a0c-a9fa-8496a77a924e.flac&x-id=GetObject,0.495303452,65444
LMRam-2024-05-10_09-20.WAV,2024 Baja Lago Mesa Redonda,2024,5,10,9,20,Agelaius tricolor,Courtship Song,30.59733391,31.5359993,94,8719,24000,present,https://rfcx-streams-production.s3.eu-west-1.amazonaws.com/2024/05/10/2jm3bjkccty2/b87226f1-f828-4191-b45c-113d7afacd6a.flac?X-Amz-Algorithm=AWS4-HMAC-SHA256&X-Amz-Content-Sha256=UNSIGNED-PAYLOAD&X-Amz-Credential=AKIA45B7YWBX5HAZMGOU%2F20260223%2Feu-west-1%2Fs3%2Faws4_request&X-Amz-Date=20260223T003250Z&X-Amz-Expires=604800&X-Amz-Signature=cc0796cc4794294d90fa1daae194cf73187d25d92c2dfffce0955da84a5b41e6&X-Amz-SignedHeaders=host&response-content-disposition=attachment%3B%20filename%3Db87226f1-f828-4191-b45c-113d7afacd6a.flac&x-id=GetObject,0.366033912,65444
LMRam-2024-05-10_10-00.WAV,2024 Baja Lago Mesa Redonda,2024,5,10,10,0,Agelaius tricolor,Courtship Song,13.68000031,14.61866665,94,8719,24000,present,https://rfcx-streams-production.s3.eu-west-1.amazonaws.com/2024/05/10/2jm3bjkccty2/bcf4ce2c-6c67-41b0-86da-1eb2ada96fa8.flac?X-Amz-Algorithm=AWS4-HMAC-SHA256&X-Amz-Content-Sha256=UNSIGNED-PAYLOAD&X-Amz-Credential=AKIA45B7YWBX5HAZMGOU%2F20260223%2Feu-west-1%2Fs3%2Faws4_request&X-Amz-Date=20260223T003250Z&X-Amz-Expires=604800&X-Amz-Signature=d60dbca3409efe8a52e7407ba271b4bc938ce5645b1d97f45ac696f4c333b765&X-Amz-SignedHeaders=host&response-content-disposition=attachment%3B%20filename%3Dbcf4ce2c-6c67-41b0-86da-1eb2ada96fa8.flac&x-id=GetObject,0.571213663,65444
LMRam-2024-05-10_11-20.WAV,2024 Baja Lago Mesa Redonda,2024,5,10,11,20,Agelaius tricolor,Courtship Song,44.58666611,45.5253334,94,8719,24000,present,https://rfcx-streams-production.s3.eu-west-1.amazonaws.com/2024/05/10/2jm3bjkccty2/9e6764c6-9fb1-476c-b82f-bdcabc94091a.flac?X-Amz-Algorithm=AWS4-HMAC-SHA256&X-Amz-Content-Sha256=UNSIGNED-PAYLOAD&X-Amz-Credential=AKIA45B7YWBX5HAZMGOU%2F20260223%2Feu-west-1%2Fs3%2Faws4_request&X-Amz-Date=20260223T003250Z&X-Amz-Expires=604800&X-Amz-Signature=4dca8b73283ed6f59a06731101311bc5ed05bb564b5657d000bc2f0da3a22b45&X-Amz-SignedHeaders=host&response-content-disposition=attachment%3B%20filename%3D9e6764c6-9fb1-476c-b82f-bdcabc94091a.flac&x-id=GetObject,0.469808817,65444
LMRam-2024-05-10_11-40.WAV,2024 Baja Lago Mesa Redonda,2024,5,10,11,40,Agelaius tricolor,Courtship Song,20.03199959,20.97066689,94,8719,24000,present,https://rfcx-streams-production.s3.eu-west-1.amazonaws.com/2024/05/10/2jm3bjkccty2/43065ba6-8663-489e-9143-91635c78174a.flac?X-Amz-Algorithm=AWS4-HMAC-SHA256&X-Amz-Content-Sha256=UNSIGNED-PAYLOAD&X-Amz-Credential=AKIA45B7YWBX5HAZMGOU%2F20260223%2Feu-west-1%2Fs3%2Faws4_request&X-Amz-Date=20260223T003239Z&X-Amz-Expires=604800&X-Amz-Signature=d89fabdfc41ac94f876de08659779953056fd63a10877cdfb1c3d474e77e4abe&X-Amz-SignedHeaders=host&response-content-disposition=attachment%3B%20filename%3D43065ba6-8663-489e-9143-91635c78174a.flac&x-id=GetObject,0.464492202,65444
LMRam-2024-05-10_12-00.WAV,2024 Baja Lago Mesa Redonda,2024,5,10,12,0,Agelaius tricolor,Courtship Song,3.552000046,4.490666866,94,8719,24000,present,https://rfcx-streams-production.s3.eu-west-1.amazonaws.com/2024/05/10/2jm3bjkccty2/39007806-9f89-4592-b6e6-a69f89b15f2f.flac?X-Amz-Algorithm=AWS4-HMAC-SHA256&X-Amz-Content-Sha256=UNSIGNED-PAYLOAD&X-Amz-Credential=AKIA45B7YWBX5HAZMGOU%2F20260223%2Feu-west-1%2Fs3%2Faws4_request&X-Amz-Date=20260223T003250Z&X-Amz-Expires=604800&X-Amz-Signature=de4bf4779332f609920e9f40a54eefcd82baeb4ed95be21452197ca5856bf23d&X-Amz-SignedHeaders=host&response-content-disposition=attachment%3B%20filename%3D39007806-9f89-4592-b6e6-a69f89b15f2f.flac&x-id=GetObject,0.597115815,65444
LMRam-2024-05-10_12-40.WAV,2024 Baja Lago Mesa Redonda,2024,5,10,12,40,Agelaius tricolor,Courtship Song,31.69599915,32.63466644,94,8719,24000,present,https://rfcx-streams-production.s3.eu-west-1.amazonaws.com/2024/05/10/2jm3bjkccty2/8e1cbe68-6632-4980-89e8-0b4195b7e3f0.flac?X-Amz-Algorithm=AWS4-HMAC-SHA256&X-Amz-Content-Sha256=UNSIGNED-PAYLOAD&X-Amz-Credential=AKIA45B7YWBX5HAZMGOU%2F20260223%2Feu-west-1%2Fs3%2Faws4_request&X-Amz-Date=20260223T003250Z&X-Amz-Expires=604800&X-Amz-Signature=dbc607bfd770cf23318ba730054474faa3aa004b23462c7cefed59863aeb6061&X-Amz-SignedHeaders=host&response-content-disposition=attachment%3B%20filename%3D8e1cbe68-6632-4980-89e8-0b4195b7e3f0.flac&x-id=GetObject,0.445009381,65444
LMRam-2024-05-10_16-20.WAV,2024 Baja Lago Mesa Redonda,2024,5,10,16,20,Agelaius tricolor,Courtship Song,18.1546669,19.0933342,94,8719,24000,present,https://rfcx-streams-production.s3.eu-west-1.amazonaws.com/2024/05/10/2jm3bjkccty2/66f06d0f-0373-459b-83f5-6cb94ca78169.flac?X-Amz-Algorithm=AWS4-HMAC-SHA256&X-Amz-Content-Sha256=UNSIGNED-PAYLOAD&X-Amz-Credential=AKIA45B7YWBX5HAZMGOU%2F20260223%2Feu-west-1%2Fs3%2Faws4_request&X-Amz-Date=20260223T003250Z&X-Amz-Expires=604800&X-Amz-Signature=4f46c2f87e425ccb65a506a29bef4716632e0d3477a64aa1ab1326d3e61d1f3f&X-Amz-SignedHeaders=host&response-content-disposition=attachment%3B%20filename%3D66f06d0f-0373-459b-83f5-6cb94ca78169.flac&x-id=GetObject,0.449484855,65444
LMRam-2024-05-10_16-40.WAV,2024 Baja Lago Mesa Redonda,2024,5,10,16,40,Agelaius tricolor,Courtship Song,13.68533325,14.6239996,94,8719,24000,present,https://rfcx-streams-production.s3.eu-west-1.amazonaws.com/2024/05/10/2jm3bjkccty2/b2b47f90-9bde-44fb-9346-11e0b5c6f0db.flac?X-Amz-Algorithm=AWS4-HMAC-SHA256&X-Amz-Content-Sha256=UNSIGNED-PAYLOAD&X-Amz-Credential=AKIA45B7YWBX5HAZMGOU%2F20260223%2Feu-west-1%2Fs3%2Faws4_request&X-Amz-Date=20260223T003250Z&X-Amz-Expires=604800&X-Amz-Signature=2485bbe471442a991a2295c693f7a381607c039f24d8beae61cbaa6ecd5ae8de&X-Amz-SignedHeaders=host&response-content-disposition=attachment%3B%20filename%3Db2b47f90-9bde-44fb-9346-11e0b5c6f0db.flac&x-id=GetObject,0.502766371,65444
LMRam-2024-05-10_17-20.WAV,2024 Baja Lago Mesa Redonda,2024,5,10,17,20,Agelaius tricolor,Courtship Song,3.050666571,3.989333391,94,8719,24000,present,https://rfcx-streams-production.s3.eu-west-1.amazonaws.com/2024/05/11/2jm3bjkccty2/74fd5945-833c-411e-8938-838d354471e2.flac?X-Amz-Algorithm=AWS4-HMAC-SHA256&X-Amz-Content-Sha256=UNSIGNED-PAYLOAD&X-Amz-Credential=AKIA45B7YWBX5HAZMGOU%2F20260223%2Feu-west-1%2Fs3%2Faws4_request&X-Amz-Date=20260223T003250Z&X-Amz-Expires=604800&X-Amz-Signature=81215a57e89b612a64f8fb656ba6de429d2aa7a407a4884453d164096bbb9d93&X-Amz-SignedHeaders=host&response-content-disposition=attachment%3B%20filename%3D74fd5945-833c-411e-8938-838d354471e2.flac&x-id=GetObject,0.495181262,65444
LMRam-2024-05-10_17-40.WAV,2024 Baja Lago Mesa Redonda,2024,5,10,17,40,Agelaius tricolor,Courtship Song,53.02399826,53.96266556,94,8719,24000,present,https://rfcx-streams-production.s3.eu-west-1.amazonaws.com/2024/05/11/2jm3bjkccty2/c7017a54-da3d-49fb-93bf-2b1bc30befab.flac?X-Amz-Algorithm=AWS4-HMAC-SHA256&X-Amz-Content-Sha256=UNSIGNED-PAYLOAD&X-Amz-Credential=AKIA45B7YWBX5HAZMGOU%2F20260223%2Feu-west-1%2Fs3%2Faws4_request&X-Amz-Date=20260223T003239Z&X-Amz-Expires=604800&X-Amz-Signature=d92290a3368b9eae5bd578ccc0ab1ab01bfc84038552442f70f83ed1660b1497&X-Amz-SignedHeaders=host&response-content-disposition=attachment%3B%20filename%3Dc7017a54-da3d-49fb-93bf-2b1bc30befab.flac&x-id=GetObject,0.513075829,65444
LMRam-2024-05-10_18-00.WAV,2024 Baja Lago Mesa Redonda,2024,5,10,18,0,Agelaius tricolor,Courtship Song,5.034666538,5.973333359,94,8719,24000,present,https://rfcx-streams-production.s3.eu-west-1.amazonaws.com/2024/05/11/2jm3bjkccty2/72faf9c3-3592-450d-8742-e0191198f538.flac?X-Amz-Algorithm=AWS4-HMAC-SHA256&X-Amz-Content-Sha256=UNSIGNED-PAYLOAD&X-Amz-Credential=AKIA45B7YWBX5HAZMGOU%2F20260223%2Feu-west-1%2Fs3%2Faws4_request&X-Amz-Date=20260223T003250Z&X-Amz-Expires=604800&X-Amz-Signature=1c85f14a9bfb15db101834ea77520de739a7dcb76670280a18e19ee6626ffcde&X-Amz-SignedHeaders=host&response-content-disposition=attachment%3B%20filename%3D72faf9c3-3592-450d-8742-e0191198f538.flac&x-id=GetObject,0.436196953,65444
LMRam-2024-05-10_18-40.WAV,2024 Baja Lago Mesa Redonda,2024,5,10,18,40,Agelaius tricolor,Courtship Song,47.68533325,48.62400055,94,8719,24000,present,https://rfcx-streams-production.s3.eu-west-1.amazonaws.com/2024/05/11/2jm3bjkccty2/cf3aa59a-d1a2-4039-a6f4-9a230df0f54c.flac?X-Amz-Algorithm=AWS4-HMAC-SHA256&X-Amz-Content-Sha256=UNSIGNED-PAYLOAD&X-Amz-Credential=AKIA45B7YWBX5HAZMGOU%2F20260223%2Feu-west-1%2Fs3%2Faws4_request&X-Amz-Date=20260223T003239Z&X-Amz-Expires=604800&X-Amz-Signature=a15d3841b3d430adceb0b140c741b9c9f6f4e209f44bfa0fa6bead9dd0cb81c3&X-Amz-SignedHeaders=host&response-content-disposition=attachment%3B%20filename%3Dcf3aa59a-d1a2-4039-a6f4-9a230df0f54c.flac&x-id=GetObject,0.483805805,65444
LMRam-2024-05-10_19-00.WAV,2024 Baja Lago Mesa Redonda,2024,5,10,19,0,Agelaius tricolor,Courtship Song,47.5253334,48.4640007,94,8719,24000,present,https://rfcx-streams-production.s3.eu-west-1.amazonaws.com/2024/05/11/2jm3bjkccty2/b7a255c2-6506-4c2b-9e45-de95f5de0ff0.flac?X-Amz-Algorithm=AWS4-HMAC-SHA256&X-Amz-Content-Sha256=UNSIGNED-PAYLOAD&X-Amz-Credential=AKIA45B7YWBX5HAZMGOU%2F20260223%2Feu-west-1%2Fs3%2Faws4_request&X-Amz-Date=20260223T003250Z&X-Amz-Expires=604800&X-Amz-Signature=f4a0c61bc5cc847c1659ea5aa276285f8db85379abdea42f047b52c80a8b57f7&X-Amz-SignedHeaders=host&response-content-disposition=attachment%3B%20filename%3Db7a255c2-6506-4c2b-9e45-de95f5de0ff0.flac&x-id=GetObject,0.402904749,65444
LMRam-2024-05-10_19-20.WAV,2024 Baja Lago Mesa Redonda,2024,5,10,19,20,Agelaius tricolor,Courtship Song,47.02933502,47.9679985,94,8719,24000,present,https://rfcx-streams-production.s3.eu-west-1.amazonaws.com/2024/05/11/2jm3bjkccty2/37aeca42-eede-416a-8dfe-54f5bc57c9af.flac?X-Amz-Algorithm=AWS4-HMAC-SHA256&X-Amz-Content-Sha256=UNSIGNED-PAYLOAD&X-Amz-Credential=AKIA45B7YWBX5HAZMGOU%2F20260223%2Feu-west-1%2Fs3%2Faws4_request&X-Amz-Date=20260223T003239Z&X-Amz-Expires=604800&X-Amz-Signature=2aff9f26bdd3474525aabe37fcc3fd39d8277103fbca8eccd6e82a81b639b040&X-Amz-SignedHeaders=host&response-content-disposition=attachment%3B%20filename%3D37aeca42-eede-416a-8dfe-54f5bc57c9af.flac&x-id=GetObject,0.48326987,65444
LMRam-2024-05-11_06-00.WAV,2024 Baja Lago Mesa Redonda,2024,5,11,6,0,Agelaius tricolor,Courtship Song,17.12533379,18.06399918,94,8719,24000,present,https://rfcx-streams-production.s3.eu-west-1.amazonaws.com/2024/05/11/2jm3bjkccty2/ad5cfa43-fece-45fc-8e62-9e999ee39347.flac?X-Amz-Algorithm=AWS4-HMAC-SHA256&X-Amz-Content-Sha256=UNSIGNED-PAYLOAD&X-Amz-Credential=AKIA45B7YWBX5HAZMGOU%2F20260223%2Feu-west-1%2Fs3%2Faws4_request&X-Amz-Date=20260223T003250Z&X-Amz-Expires=604800&X-Amz-Signature=d30f32b83c2873953394a8705ef7d28468af8462d0906a92fb6b8e1662db31ac&X-Amz-SignedHeaders=host&response-content-disposition=attachment%3B%20filename%3Dad5cfa43-fece-45fc-8e62-9e999ee39347.flac&x-id=GetObject,0.378133416,65444
LMRam-2024-05-11_06-20.WAV,2024 Baja Lago Mesa Redonda,2024,5,11,6,20,Agelaius tricolor,Courtship Song,12.05866623,12.99733353,94,8719,24000,present,https://rfcx-streams-production.s3.eu-west-1.amazonaws.com/2024/05/11/2jm3bjkccty2/898c5f22-c2ed-488b-9b86-dc47b12b42b2.flac?X-Amz-Algorithm=AWS4-HMAC-SHA256&X-Amz-Content-Sha256=UNSIGNED-PAYLOAD&X-Amz-Credential=AKIA45B7YWBX5HAZMGOU%2F20260223%2Feu-west-1%2Fs3%2Faws4_request&X-Amz-Date=20260223T003250Z&X-Amz-Expires=604800&X-Amz-Signature=aaed20ae471c3958ea547382065703502606463c9e26e307b92a2cb0f6cd0edd&X-Amz-SignedHeaders=host&response-content-disposition=attachment%3B%20filename%3D898c5f22-c2ed-488b-9b86-dc47b12b42b2.flac&x-id=GetObject,0.418636352,65444
LMRam-2024-05-11_07-00.WAV,2024 Baja Lago Mesa Redonda,2024,5,11,7,0,Agelaius tricolor,Courtship Song,0.079999998,1.018666625,94,8719,24000,present,https://rfcx-streams-production.s3.eu-west-1.amazonaws.com/2024/05/11/2jm3bjkccty2/888cbd68-9077-4490-b4e9-7a7ab52c8569.flac?X-Amz-Algorithm=AWS4-HMAC-SHA256&X-Amz-Content-Sha256=UNSIGNED-PAYLOAD&X-Amz-Credential=AKIA45B7YWBX5HAZMGOU%2F20260223%2Feu-west-1%2Fs3%2Faws4_request&X-Amz-Date=20260223T003239Z&X-Amz-Expires=604800&X-Amz-Signature=cb8f1747cfa943ee71f1ca5c5286203a5b3d4d57dcaa2d7290cc503cee0a1191&X-Amz-SignedHeaders=host&response-content-disposition=attachment%3B%20filename%3D888cbd68-9077-4490-b4e9-7a7ab52c8569.flac&x-id=GetObject,0.444221348,65444
LMRam-2024-05-11_07-20.WAV,2024 Baja Lago Mesa Redonda,2024,5,11,7,20,Agelaius tricolor,Courtship Song,12.31999969,13.25866699,94,8719,24000,present,https://rfcx-streams-production.s3.eu-west-1.amazonaws.com/2024/05/11/2jm3bjkccty2/9e31ee6d-302a-4291-9b6a-dc06281e699a.flac?X-Amz-Algorithm=AWS4-HMAC-SHA256&X-Amz-Content-Sha256=UNSIGNED-PAYLOAD&X-Amz-Credential=AKIA45B7YWBX5HAZMGOU%2F20260223%2Feu-west-1%2Fs3%2Faws4_request&X-Amz-Date=20260223T003250Z&X-Amz-Expires=604800&X-Amz-Signature=185d88ae880fe0be436fa8ae7126a86191e63af96290a622c25ebe430fc4bb86&X-Amz-SignedHeaders=host&response-content-disposition=attachment%3B%20filename%3D9e31ee6d-302a-4291-9b6a-dc06281e699a.flac&x-id=GetObject,0.536162555,65444
LMRam-2024-05-11_07-40.WAV,2024 Baja Lago Mesa Redonda,2024,5,11,7,40,Agelaius tricolor,Courtship Song,36.38933182,37.32799911,94,8719,24000,present,https://rfcx-streams-production.s3.eu-west-1.amazonaws.com/2024/05/11/2jm3bjkccty2/34253d10-246c-4b77-ac19-1b238a2b6971.flac?X-Amz-Algorithm=AWS4-HMAC-SHA256&X-Amz-Content-Sha256=UNSIGNED-PAYLOAD&X-Amz-Credential=AKIA45B7YWBX5HAZMGOU%2F20260223%2Feu-west-1%2Fs3%2Faws4_request&X-Amz-Date=20260223T003250Z&X-Amz-Expires=604800&X-Amz-Signature=9525295cdc670fd6542e346c18811327010c5d14ee1eb64f954e06fd5a9df228&X-Amz-SignedHeaders=host&response-content-disposition=attachment%3B%20filename%3D34253d10-246c-4b77-ac19-1b238a2b6971.flac&x-id=GetObject,0.462846398,65444
LMRam-2024-05-11_08-20.WAV,2024 Baja Lago Mesa Redonda,2024,5,11,8,20,Agelaius tricolor,Courtship Song,31.50399971,32.4426651,94,8719,24000,present,https://rfcx-streams-production.s3.eu-west-1.amazonaws.com/2024/05/11/2jm3bjkccty2/f4ef9feb-2cbc-4369-844c-353b89c825cc.flac?X-Amz-Algorithm=AWS4-HMAC-SHA256&X-Amz-Content-Sha256=UNSIGNED-PAYLOAD&X-Amz-Credential=AKIA45B7YWBX5HAZMGOU%2F20260223%2Feu-west-1%2Fs3%2Faws4_request&X-Amz-Date=20260223T003250Z&X-Amz-Expires=604800&X-Amz-Signature=309073483afe5ed57e965539126f0e7733dc7ec1876eed4a741669ad827f1d65&X-Amz-SignedHeaders=host&response-content-disposition=attachment%3B%20filename%3Df4ef9feb-2cbc-4369-844c-353b89c825cc.flac&x-id=GetObject,0.416261375,65444
LMRam-2024-05-11_08-40.WAV,2024 Baja Lago Mesa Redonda,2024,5,11,8,40,Agelaius tricolor,Courtship Song,16.33600044,17.27466583,94,8719,24000,present,https://rfcx-streams-production.s3.eu-west-1.amazonaws.com/2024/05/11/2jm3bjkccty2/3cfc4315-659c-4a7c-87ed-100d7b98e720.flac?X-Amz-Algorithm=AWS4-HMAC-SHA256&X-Amz-Content-Sha256=UNSIGNED-PAYLOAD&X-Amz-Credential=AKIA45B7YWBX5HAZMGOU%2F20260223%2Feu-west-1%2Fs3%2Faws4_request&X-Amz-Date=20260223T003250Z&X-Amz-Expires=604800&X-Amz-Signature=f2e795239ea74afb4e513ff35c32adb6e4c4e49a08f790019ed493cc6efb79f6&X-Amz-SignedHeaders=host&response-content-disposition=attachment%3B%20filename%3D3cfc4315-659c-4a7c-87ed-100d7b98e720.flac&x-id=GetObject,0.404036313,65444
LMRam-2024-05-11_09-00.WAV,2024 Baja Lago Mesa Redonda,2024,5,11,9,0,Agelaius tricolor,Courtship Song,57.78666687,58.72533417,94,8719,24000,present,https://rfcx-streams-production.s3.eu-west-1.amazonaws.com/2024/05/11/2jm3bjkccty2/523d893c-6163-4381-ac22-398474b85e82.flac?X-Amz-Algorithm=AWS4-HMAC-SHA256&X-Amz-Content-Sha256=UNSIGNED-PAYLOAD&X-Amz-Credential=AKIA45B7YWBX5HAZMGOU%2F20260223%2Feu-west-1%2Fs3%2Faws4_request&X-Amz-Date=20260223T003239Z&X-Amz-Expires=604800&X-Amz-Signature=56775d997dc336f7c480714e00e81211fa51de0b72d48ceb511624f1f0574821&X-Amz-SignedHeaders=host&response-content-disposition=attachment%3B%20filename%3D523d893c-6163-4381-ac22-398474b85e82.flac&x-id=GetObject,0.473450392,65444
LMRam-2024-05-11_09-20.WAV,2024 Baja Lago Mesa Redonda,2024,5,11,9,20,Agelaius tricolor,Courtship Song,43.97333145,44.91199875,94,8719,24000,present,https://rfcx-streams-production.s3.eu-west-1.amazonaws.com/2024/05/11/2jm3bjkccty2/4e484dd8-4916-4303-8e76-84daf2745bb5.flac?X-Amz-Algorithm=AWS4-HMAC-SHA256&X-Amz-Content-Sha256=UNSIGNED-PAYLOAD&X-Amz-Credential=AKIA45B7YWBX5HAZMGOU%2F20260223%2Feu-west-1%2Fs3%2Faws4_request&X-Amz-Date=20260223T003250Z&X-Amz-Expires=604800&X-Amz-Signature=dacb3833d4377e54a4710f19824aa2140d525b7a76238b37cde6905a82301f36&X-Amz-SignedHeaders=host&response-content-disposition=attachment%3B%20filename%3D4e484dd8-4916-4303-8e76-84daf2745bb5.flac&x-id=GetObject,0.363353163,65444
LMRam-2024-05-11_09-40.WAV,2024 Baja Lago Mesa Redonda,2024,5,11,9,40,Agelaius tricolor,Courtship Song,56.35200119,57.29066849,94,8719,24000,present,https://rfcx-streams-production.s3.eu-west-1.amazonaws.com/2024/05/11/2jm3bjkccty2/8488caa4-f088-4b40-b59b-5f0d6a3070c7.flac?X-Amz-Algorithm=AWS4-HMAC-SHA256&X-Amz-Content-Sha256=UNSIGNED-PAYLOAD&X-Amz-Credential=AKIA45B7YWBX5HAZMGOU%2F20260223%2Feu-west-1%2Fs3%2Faws4_request&X-Amz-Date=20260223T003250Z&X-Amz-Expires=604800&X-Amz-Signature=fec78775e80dfc6f4bc466493dc95d8d64c040849dc3e3bfcc57c2dd9aad559c&X-Amz-SignedHeaders=host&response-content-disposition=attachment%3B%20filename%3D8488caa4-f088-4b40-b59b-5f0d6a3070c7.flac&x-id=GetObject,0.348660976,65444
LMRam-2024-05-11_10-00.WAV,2024 Baja Lago Mesa Redonda,2024,5,11,10,0,Agelaius tricolor,Courtship Song,2.005333424,2.944000006,94,8719,24000,present,https://rfcx-streams-production.s3.eu-west-1.amazonaws.com/2024/05/11/2jm3bjkccty2/2c93e6de-d625-4be8-b0e2-8f22a65e2b9c.flac?X-Amz-Algorithm=AWS4-HMAC-SHA256&X-Amz-Content-Sha256=UNSIGNED-PAYLOAD&X-Amz-Credential=AKIA45B7YWBX5HAZMGOU%2F20260223%2Feu-west-1%2Fs3%2Faws4_request&X-Amz-Date=20260223T003250Z&X-Amz-Expires=604800&X-Amz-Signature=abe389ecd5a017abc7b25d8ddae831f05328f87a765501ded2b83504b297b228&X-Amz-SignedHeaders=host&response-content-disposition=attachment%3B%20filename%3D2c93e6de-d625-4be8-b0e2-8f22a65e2b9c.flac&x-id=GetObject,0.58754921,65444
LMRam-2024-05-11_10-20.WAV,2024 Baja Lago Mesa Redonda,2024,5,11,10,20,Agelaius tricolor,Courtship Song,55.30666733,56.24533463,94,8719,24000,present,https://rfcx-streams-production.s3.eu-west-1.amazonaws.com/2024/05/11/2jm3bjkccty2/bd259e30-6747-4b6b-aeeb-ffd8f22b825d.flac?X-Amz-Algorithm=AWS4-HMAC-SHA256&X-Amz-Content-Sha256=UNSIGNED-PAYLOAD&X-Amz-Credential=AKIA45B7YWBX5HAZMGOU%2F20260223%2Feu-west-1%2Fs3%2Faws4_request&X-Amz-Date=20260223T003250Z&X-Amz-Expires=604800&X-Amz-Signature=758c0d14802ec13fa3968f2bb27bcdeda0ed97763b243a8c98a7b03cbd89923b&X-Amz-SignedHeaders=host&response-content-disposition=attachment%3B%20filename%3Dbd259e30-6747-4b6b-aeeb-ffd8f22b825d.flac&x-id=GetObject,0.539307773,65444
LMRam-2024-05-11_10-40.WAV,2024 Baja Lago Mesa Redonda,2024,5,11,10,40,Agelaius tricolor,Courtship Song,33.402668,34.34133148,94,8719,24000,present,https://rfcx-streams-production.s3.eu-west-1.amazonaws.com/2024/05/11/2jm3bjkccty2/4980ade4-18f3-466a-84f6-c20f2536e043.flac?X-Amz-Algorithm=AWS4-HMAC-SHA256&X-Amz-Content-Sha256=UNSIGNED-PAYLOAD&X-Amz-Credential=AKIA45B7YWBX5HAZMGOU%2F20260223%2Feu-west-1%2Fs3%2Faws4_request&X-Amz-Date=20260223T003239Z&X-Amz-Expires=604800&X-Amz-Signature=785c5dc193aed0628d4c3c85deac849e0dbfff0dd1d4609ffd86b62d41b1a931&X-Amz-SignedHeaders=host&response-content-disposition=attachment%3B%20filename%3D4980ade4-18f3-466a-84f6-c20f2536e043.flac&x-id=GetObject,0.529478908,65444
LMRam-2024-05-11_11-00.WAV,2024 Baja Lago Mesa Redonda,2024,5,11,11,0,Agelaius tricolor,Courtship Song,41.68000031,42.6186676,94,8719,24000,present,https://rfcx-streams-production.s3.eu-west-1.amazonaws.com/2024/05/11/2jm3bjkccty2/9c37c554-f62a-4deb-b421-17f26f60f683.flac?X-Amz-Algorithm=AWS4-HMAC-SHA256&X-Amz-Content-Sha256=UNSIGNED-PAYLOAD&X-Amz-Credential=AKIA45B7YWBX5HAZMGOU%2F20260223%2Feu-west-1%2Fs3%2Faws4_request&X-Amz-Date=20260223T003250Z&X-Amz-Expires=604800&X-Amz-Signature=ec2db29bf799e8ad3229a6ffdebc4a901c1d90c6d6b4cebf9087b75f705be214&X-Amz-SignedHeaders=host&response-content-disposition=attachment%3B%20filename%3D9c37c554-f62a-4deb-b421-17f26f60f683.flac&x-id=GetObject,0.43073985,65444
LMRam-2024-05-11_12-00.WAV,2024 Baja Lago Mesa Redonda,2024,5,11,12,0,Agelaius tricolor,Courtship Song,29.15733337,30.09600067,94,8719,24000,present,https://rfcx-streams-production.s3.eu-west-1.amazonaws.com/2024/05/11/2jm3bjkccty2/88f6f33f-9580-44a3-bd87-77e07c2fed14.flac?X-Amz-Algorithm=AWS4-HMAC-SHA256&X-Amz-Content-Sha256=UNSIGNED-PAYLOAD&X-Amz-Credential=AKIA45B7YWBX5HAZMGOU%2F20260223%2Feu-west-1%2Fs3%2Faws4_request&X-Amz-Date=20260223T003250Z&X-Amz-Expires=604800&X-Amz-Signature=89deee5094ae303673d3ebdfe6ba45840004ee35d584f7be6cc587bebfea6932&X-Amz-SignedHeaders=host&response-content-disposition=attachment%3B%20filename%3D88f6f33f-9580-44a3-bd87-77e07c2fed14.flac&x-id=GetObject,0.489028871,65444
LMRam-2024-05-11_12-20.WAV,2024 Baja Lago Mesa Redonda,2024,5,11,12,20,Agelaius tricolor,Courtship Song,0.287999988,1.226666689,94,8719,24000,present,https://rfcx-streams-production.s3.eu-west-1.amazonaws.com/2024/05/11/2jm3bjkccty2/2eaf13b9-a5b9-4765-a3ff-da8e2478d062.flac?X-Amz-Algorithm=AWS4-HMAC-SHA256&X-Amz-Content-Sha256=UNSIGNED-PAYLOAD&X-Amz-Credential=AKIA45B7YWBX5HAZMGOU%2F20260223%2Feu-west-1%2Fs3%2Faws4_request&X-Amz-Date=20260223T003239Z&X-Amz-Expires=604800&X-Amz-Signature=bd3bf0b7ea75828d4b078b104621619e1a681785f73e7956fea600978772fc72&X-Amz-SignedHeaders=host&response-content-disposition=attachment%3B%20filename%3D2eaf13b9-a5b9-4765-a3ff-da8e2478d062.flac&x-id=GetObject,0.432157874,65444
LMRam-2024-05-11_12-40.WAV,2024 Baja Lago Mesa Redonda,2024,5,11,12,40,Agelaius tricolor,Courtship Song,19.0826664,20.02133369,94,8719,24000,present,https://rfcx-streams-production.s3.eu-west-1.amazonaws.com/2024/05/11/2jm3bjkccty2/b0f403ea-1d99-4f84-9d9b-6fd40b8f7ecd.flac?X-Amz-Algorithm=AWS4-HMAC-SHA256&X-Amz-Content-Sha256=UNSIGNED-PAYLOAD&X-Amz-Credential=AKIA45B7YWBX5HAZMGOU%2F20260223%2Feu-west-1%2Fs3%2Faws4_request&X-Amz-Date=20260223T003250Z&X-Amz-Expires=604800&X-Amz-Signature=0e4d5795cf8c509c6f862d05945ab4368ddde46d75db742c8b9b950c097e2812&X-Amz-SignedHeaders=host&response-content-disposition=attachment%3B%20filename%3Db0f403ea-1d99-4f84-9d9b-6fd40b8f7ecd.flac&x-id=GetObject,0.507891357,65444
LMRam-2024-05-11_13-20.WAV,2024 Baja Lago Mesa Redonda,2024,5,11,13,20,Agelaius tricolor,Courtship Song,51.39733505,52.33599854,94,8719,24000,present,https://rfcx-streams-production.s3.eu-west-1.amazonaws.com/2024/05/11/2jm3bjkccty2/2daf7b6f-a9bf-49ab-b48f-5ed4a9740af9.flac?X-Amz-Algorithm=AWS4-HMAC-SHA256&X-Amz-Content-Sha256=UNSIGNED-PAYLOAD&X-Amz-Credential=AKIA45B7YWBX5HAZMGOU%2F20260223%2Feu-west-1%2Fs3%2Faws4_request&X-Amz-Date=20260223T003250Z&X-Amz-Expires=604800&X-Amz-Signature=c5a76dd9bc92a7953a8cdb953348a34a892412bf3c1d7eec3235e594b8b0ad7a&X-Amz-SignedHeaders=host&response-content-disposition=attachment%3B%20filename%3D2daf7b6f-a9bf-49ab-b48f-5ed4a9740af9.flac&x-id=GetObject,0.516591549,65444
LMRam-2024-05-11_13-40.WAV,2024 Baja Lago Mesa Redonda,2024,5,11,13,40,Agelaius tricolor,Courtship Song,34.85866547,35.79733276,94,8719,24000,present,https://rfcx-streams-production.s3.eu-west-1.amazonaws.com/2024/05/11/2jm3bjkccty2/b3e41ba6-37ba-48a9-9c2d-09308628bc08.flac?X-Amz-Algorithm=AWS4-HMAC-SHA256&X-Amz-Content-Sha256=UNSIGNED-PAYLOAD&X-Amz-Credential=AKIA45B7YWBX5HAZMGOU%2F20260223%2Feu-west-1%2Fs3%2Faws4_request&X-Amz-Date=20260223T003250Z&X-Amz-Expires=604800&X-Amz-Signature=f74d9aebb179c24ec7a1fd235acc63e085dca1c028871db86fe16c19b5a20f3f&X-Amz-SignedHeaders=host&response-content-disposition=attachment%3B%20filename%3Db3e41ba6-37ba-48a9-9c2d-09308628bc08.flac&x-id=GetObject,0.506092966,65444
LMRam-2024-05-11_15-20.WAV,2024 Baja Lago Mesa Redonda,2024,5,11,15,20,Agelaius tricolor,Courtship Song,2.842666626,3.781333447,94,8719,24000,present,https://rfcx-streams-production.s3.eu-west-1.amazonaws.com/2024/05/11/2jm3bjkccty2/b359175a-6b3c-4072-87c5-41d87f3c0d0d.flac?X-Amz-Algorithm=AWS4-HMAC-SHA256&X-Amz-Content-Sha256=UNSIGNED-PAYLOAD&X-Amz-Credential=AKIA45B7YWBX5HAZMGOU%2F20260223%2Feu-west-1%2Fs3%2Faws4_request&X-Amz-Date=20260223T003250Z&X-Amz-Expires=604800&X-Amz-Signature=c90a6b7187e99b9195422553994aeaf57ed9a409cb9cb15fb82933df87061e89&X-Amz-SignedHeaders=host&response-content-disposition=attachment%3B%20filename%3Db359175a-6b3c-4072-87c5-41d87f3c0d0d.flac&x-id=GetObject,0.443144977,65444
LMRam-2024-05-11_15-40.WAV,2024 Baja Lago Mesa Redonda,2024,5,11,15,40,Agelaius tricolor,Courtship Song,15.64799976,16.58666611,94,8719,24000,present,https://rfcx-streams-production.s3.eu-west-1.amazonaws.com/2024/05/11/2jm3bjkccty2/6766de73-dbc1-46a1-bafa-cbafa580a928.flac?X-Amz-Algorithm=AWS4-HMAC-SHA256&X-Amz-Content-Sha256=UNSIGNED-PAYLOAD&X-Amz-Credential=AKIA45B7YWBX5HAZMGOU%2F20260223%2Feu-west-1%2Fs3%2Faws4_request&X-Amz-Date=20260223T003250Z&X-Amz-Expires=604800&X-Amz-Signature=dff5e049010e6ededb5018df34eadd87cf6e4303bede3c460122063408f0c1f2&X-Amz-SignedHeaders=host&response-content-disposition=attachment%3B%20filename%3D6766de73-dbc1-46a1-bafa-cbafa580a928.flac&x-id=GetObject,0.413456321,65444
LMRam-2024-05-11_16-00.WAV,2024 Baja Lago Mesa Redonda,2024,5,11,16,0,Agelaius tricolor,Courtship Song,48.62400055,49.56266785,94,8719,24000,present,https://rfcx-streams-production.s3.eu-west-1.amazonaws.com/2024/05/11/2jm3bjkccty2/5aefe1be-ca6c-4743-aaa2-e65336a5e34c.flac?X-Amz-Algorithm=AWS4-HMAC-SHA256&X-Amz-Content-Sha256=UNSIGNED-PAYLOAD&X-Amz-Credential=AKIA45B7YWBX5HAZMGOU%2F20260223%2Feu-west-1%2Fs3%2Faws4_request&X-Amz-Date=20260223T003250Z&X-Amz-Expires=604800&X-Amz-Signature=417130b277047579d379ab990d17ce3f09262978318f3da18710b3c16dc845e0&X-Amz-SignedHeaders=host&response-content-disposition=attachment%3B%20filename%3D5aefe1be-ca6c-4743-aaa2-e65336a5e34c.flac&x-id=GetObject,0.504383862,65444
LMRam-2024-05-11_16-20.WAV,2024 Baja Lago Mesa Redonda,2024,5,11,16,20,Agelaius tricolor,Courtship Song,0.70933336,1.648000002,94,8719,24000,present,https://rfcx-streams-production.s3.eu-west-1.amazonaws.com/2024/05/11/2jm3bjkccty2/767e5c75-22b3-4bc8-ae5a-9655ba20499d.flac?X-Amz-Algorithm=AWS4-HMAC-SHA256&X-Amz-Content-Sha256=UNSIGNED-PAYLOAD&X-Amz-Credential=AKIA45B7YWBX5HAZMGOU%2F20260223%2Feu-west-1%2Fs3%2Faws4_request&X-Amz-Date=20260223T003250Z&X-Amz-Expires=604800&X-Amz-Signature=a7dde56509d53ee3a1fa5168e3b0b274509b3676df52440890b9d0ce65f599c4&X-Amz-SignedHeaders=host&response-content-disposition=attachment%3B%20filename%3D767e5c75-22b3-4bc8-ae5a-9655ba20499d.flac&x-id=GetObject,0.347012758,65444
LMRam-2024-05-11_16-40.WAV,2024 Baja Lago Mesa Redonda,2024,5,11,16,40,Agelaius tricolor,Courtship Song,12.24533367,13.18400002,94,8719,24000,present,https://rfcx-streams-production.s3.eu-west-1.amazonaws.com/2024/05/11/2jm3bjkccty2/bca8b949-bf6a-4f41-b1d1-0ad28ed014e7.flac?X-Amz-Algorithm=AWS4-HMAC-SHA256&X-Amz-Content-Sha256=UNSIGNED-PAYLOAD&X-Amz-Credential=AKIA45B7YWBX5HAZMGOU%2F20260223%2Feu-west-1%2Fs3%2Faws4_request&X-Amz-Date=20260223T003250Z&X-Amz-Expires=604800&X-Amz-Signature=8811c5945281e17c015e6d99c9f3ba062b99c4c4b9cf8f53d642b9d2e6f956e2&X-Amz-SignedHeaders=host&response-content-disposition=attachment%3B%20filename%3Dbca8b949-bf6a-4f41-b1d1-0ad28ed014e7.flac&x-id=GetObject,0.461546659,65444
LMRam-2024-05-11_17-00.WAV,2024 Baja Lago Mesa Redonda,2024,5,11,17,0,Agelaius tricolor,Courtship Song,1.653333306,2.592000008,94,8719,24000,present,https://rfcx-streams-production.s3.eu-west-1.amazonaws.com/2024/05/12/2jm3bjkccty2/910e58a1-8d18-4d86-bad8-b496de88f6a1.flac?X-Amz-Algorithm=AWS4-HMAC-SHA256&X-Amz-Content-Sha256=UNSIGNED-PAYLOAD&X-Amz-Credential=AKIA45B7YWBX5HAZMGOU%2F20260223%2Feu-west-1%2Fs3%2Faws4_request&X-Amz-Date=20260223T003250Z&X-Amz-Expires=604800&X-Amz-Signature=55bdd6ae904fb42409300a7510226d984381129d1f83747df55a7af9d53660bd&X-Amz-SignedHeaders=host&response-content-disposition=attachment%3B%20filename%3D910e58a1-8d18-4d86-bad8-b496de88f6a1.flac&x-id=GetObject,0.34946686,65444
LMRam-2024-05-11_17-40.WAV,2024 Baja Lago Mesa Redonda,2024,5,11,17,40,Agelaius tricolor,Courtship Song,56.08000183,57.01866531,94,8719,24000,present,https://rfcx-streams-production.s3.eu-west-1.amazonaws.com/2024/05/12/2jm3bjkccty2/45447d67-b05c-401f-88ea-6f78eeebccb1.flac?X-Amz-Algorithm=AWS4-HMAC-SHA256&X-Amz-Content-Sha256=UNSIGNED-PAYLOAD&X-Amz-Credential=AKIA45B7YWBX5HAZMGOU%2F20260223%2Feu-west-1%2Fs3%2Faws4_request&X-Amz-Date=20260223T003250Z&X-Amz-Expires=604800&X-Amz-Signature=11c5082dd6c948fe40e6f5ef74d3d4410b3ce8c05ffbdc660a877f20d89ca8d5&X-Amz-SignedHeaders=host&response-content-disposition=attachment%3B%20filename%3D45447d67-b05c-401f-88ea-6f78eeebccb1.flac&x-id=GetObject,0.393587023,65444
LMRam-2024-05-11_18-00.WAV,2024 Baja Lago Mesa Redonda,2024,5,11,18,0,Agelaius tricolor,Courtship Song,11.77066708,12.70933342,94,8719,24000,present,https://rfcx-streams-production.s3.eu-west-1.amazonaws.com/2024/05/12/2jm3bjkccty2/588d9bc8-06b8-4e7b-b41b-915ac51e9242.flac?X-Amz-Algorithm=AWS4-HMAC-SHA256&X-Amz-Content-Sha256=UNSIGNED-PAYLOAD&X-Amz-Credential=AKIA45B7YWBX5HAZMGOU%2F20260223%2Feu-west-1%2Fs3%2Faws4_request&X-Amz-Date=20260223T003250Z&X-Amz-Expires=604800&X-Amz-Signature=113c4abe364932b13f372381b8ffedaaf7a932d20f9753b000d603d51258839e&X-Amz-SignedHeaders=host&response-content-disposition=attachment%3B%20filename%3D588d9bc8-06b8-4e7b-b41b-915ac51e9242.flac&x-id=GetObject,0.434183687,65444
LMRam-2024-05-11_18-20.WAV,2024 Baja Lago Mesa Redonda,2024,5,11,18,20,Agelaius tricolor,Courtship Song,46.13333511,47.0719986,94,8719,24000,present,https://rfcx-streams-production.s3.eu-west-1.amazonaws.com/2024/05/12/2jm3bjkccty2/27fe23b9-6997-45de-afd6-63a608357297.flac?X-Amz-Algorithm=AWS4-HMAC-SHA256&X-Amz-Content-Sha256=UNSIGNED-PAYLOAD&X-Amz-Credential=AKIA45B7YWBX5HAZMGOU%2F20260223%2Feu-west-1%2Fs3%2Faws4_request&X-Amz-Date=20260223T003250Z&X-Amz-Expires=604800&X-Amz-Signature=efb46f334b713671df7a509230c6204545f0d1f9a3bff22906e0371462605bd4&X-Amz-SignedHeaders=host&response-content-disposition=attachment%3B%20filename%3D27fe23b9-6997-45de-afd6-63a608357297.flac&x-id=GetObject,0.392106891,65444
LMRam-2024-05-11_18-40.WAV,2024 Baja Lago Mesa Redonda,2024,5,11,18,40,Agelaius tricolor,Courtship Song,24.79999924,25.73866653,94,8719,24000,present,https://rfcx-streams-production.s3.eu-west-1.amazonaws.com/2024/05/12/2jm3bjkccty2/3e0646f8-4739-48b8-97b5-713ac2cf2889.flac?X-Amz-Algorithm=AWS4-HMAC-SHA256&X-Amz-Content-Sha256=UNSIGNED-PAYLOAD&X-Amz-Credential=AKIA45B7YWBX5HAZMGOU%2F20260223%2Feu-west-1%2Fs3%2Faws4_request&X-Amz-Date=20260223T003250Z&X-Amz-Expires=604800&X-Amz-Signature=74b107fe63bbafb206f4faea430af343c7beafaad0ce3a00b2df3edbacb66922&X-Amz-SignedHeaders=host&response-content-disposition=attachment%3B%20filename%3D3e0646f8-4739-48b8-97b5-713ac2cf2889.flac&x-id=GetObject,0.497590005,65444
LMRam-2024-05-11_19-00.WAV,2024 Baja Lago Mesa Redonda,2024,5,11,19,0,Agelaius tricolor,Courtship Song,29.48266602,30.42133331,94,8719,24000,present,https://rfcx-streams-production.s3.eu-west-1.amazonaws.com/2024/05/12/2jm3bjkccty2/85a53747-b7ab-40d5-b5bb-67f4f90afd9d.flac?X-Amz-Algorithm=AWS4-HMAC-SHA256&X-Amz-Content-Sha256=UNSIGNED-PAYLOAD&X-Amz-Credential=AKIA45B7YWBX5HAZMGOU%2F20260223%2Feu-west-1%2Fs3%2Faws4_request&X-Amz-Date=20260223T003239Z&X-Amz-Expires=604800&X-Amz-Signature=933126e4258ab3bd7285f834858cd8a527e47d09f315219a6135e1a4ec589cce&X-Amz-SignedHeaders=host&response-content-disposition=attachment%3B%20filename%3D85a53747-b7ab-40d5-b5bb-67f4f90afd9d.flac&x-id=GetObject,0.47542569,65444
LMRam-2024-05-11_19-20.WAV,2024 Baja Lago Mesa Redonda,2024,5,11,19,20,Agelaius tricolor,Courtship Song,18.84799957,19.78666687,94,8719,24000,present,https://rfcx-streams-production.s3.eu-west-1.amazonaws.com/2024/05/12/2jm3bjkccty2/ba0a8717-68b5-4ea9-98e0-ab593fd081f8.flac?X-Amz-Algorithm=AWS4-HMAC-SHA256&X-Amz-Content-Sha256=UNSIGNED-PAYLOAD&X-Amz-Credential=AKIA45B7YWBX5HAZMGOU%2F20260223%2Feu-west-1%2Fs3%2Faws4_request&X-Amz-Date=20260223T003250Z&X-Amz-Expires=604800&X-Amz-Signature=f3bb9e43fbdb10974bace717e2cf7b4d8b5491a5b31e8f4e801d645b33a1ce7e&X-Amz-SignedHeaders=host&response-content-disposition=attachment%3B%20filename%3Dba0a8717-68b5-4ea9-98e0-ab593fd081f8.flac&x-id=GetObject,0.40858531,65444
LMRam-2024-05-11_19-40.WAV,2024 Baja Lago Mesa Redonda,2024,5,11,19,40,Agelaius tricolor,Courtship Song,35.46666718,36.40533447,94,8719,24000,present,https://rfcx-streams-production.s3.eu-west-1.amazonaws.com/2024/05/12/2jm3bjkccty2/d24e6da0-d0a9-4574-aba3-824cad76bba9.flac?X-Amz-Algorithm=AWS4-HMAC-SHA256&X-Amz-Content-Sha256=UNSIGNED-PAYLOAD&X-Amz-Credential=AKIA45B7YWBX5HAZMGOU%2F20260223%2Feu-west-1%2Fs3%2Faws4_request&X-Amz-Date=20260223T003250Z&X-Amz-Expires=604800&X-Amz-Signature=7a0c24e805ee8426b5bfd549eb1eee72c0631e7ff3d8fecba025db30c4b21fd9&X-Amz-SignedHeaders=host&response-content-disposition=attachment%3B%20filename%3Dd24e6da0-d0a9-4574-aba3-824cad76bba9.flac&x-id=GetObject,0.438913643,65444
LMRam-2024-05-12_05-40.WAV,2024 Baja Lago Mesa Redonda,2024,5,12,5,40,Agelaius tricolor,Courtship Song,44.70399857,45.64266586,94,8719,24000,present,https://rfcx-streams-production.s3.eu-west-1.amazonaws.com/2024/05/12/2jm3bjkccty2/d3da9ddc-e362-4306-9d3f-a536aaa01c98.flac?X-Amz-Algorithm=AWS4-HMAC-SHA256&X-Amz-Content-Sha256=UNSIGNED-PAYLOAD&X-Amz-Credential=AKIA45B7YWBX5HAZMGOU%2F20260223%2Feu-west-1%2Fs3%2Faws4_request&X-Amz-Date=20260223T003250Z&X-Amz-Expires=604800&X-Amz-Signature=90603b9a266869ffb31837c4496d29100895f2dfe9e0ca5dc2ac58b1fecbee2e&X-Amz-SignedHeaders=host&response-content-disposition=attachment%3B%20filename%3Dd3da9ddc-e362-4306-9d3f-a536aaa01c98.flac&x-id=GetObject,0.376291484,65444
LMRam-2024-05-12_06-20.WAV,2024 Baja Lago Mesa Redonda,2024,5,12,6,20,Agelaius tricolor,Courtship Song,41.15733337,42.09600067,94,8719,24000,present,https://rfcx-streams-production.s3.eu-west-1.amazonaws.com/2024/05/12/2jm3bjkccty2/137a415c-f71e-4f14-9b0e-91cdf63efd1e.flac?X-Amz-Algorithm=AWS4-HMAC-SHA256&X-Amz-Content-Sha256=UNSIGNED-PAYLOAD&X-Amz-Credential=AKIA45B7YWBX5HAZMGOU%2F20260223%2Feu-west-1%2Fs3%2Faws4_request&X-Amz-Date=20260223T003239Z&X-Amz-Expires=604800&X-Amz-Signature=fe8adb597ee8bc1e4458383da63383133c5361642d7b9ab6b084d1baedffd4a9&X-Amz-SignedHeaders=host&response-content-disposition=attachment%3B%20filename%3D137a415c-f71e-4f14-9b0e-91cdf63efd1e.flac&x-id=GetObject,0.440678537,65444
LMRam-2024-05-12_06-40.WAV,2024 Baja Lago Mesa Redonda,2024,5,12,6,40,Agelaius tricolor,Courtship Song,10.49600029,11.43466663,94,8719,24000,present,https://rfcx-streams-production.s3.eu-west-1.amazonaws.com/2024/05/12/2jm3bjkccty2/0d683587-fa99-408c-b4db-541333c0e78b.flac?X-Amz-Algorithm=AWS4-HMAC-SHA256&X-Amz-Content-Sha256=UNSIGNED-PAYLOAD&X-Amz-Credential=AKIA45B7YWBX5HAZMGOU%2F20260223%2Feu-west-1%2Fs3%2Faws4_request&X-Amz-Date=20260223T003250Z&X-Amz-Expires=604800&X-Amz-Signature=0b2e4ee9d4121133fe15758c45befe3f802a0a69dbc67dd0ae521f6e2b1ef59e&X-Amz-SignedHeaders=host&response-content-disposition=attachment%3B%20filename%3D0d683587-fa99-408c-b4db-541333c0e78b.flac&x-id=GetObject,0.322728813,65444
LMRam-2024-05-12_07-00.WAV,2024 Baja Lago Mesa Redonda,2024,5,12,7,0,Agelaius tricolor,Courtship Song,40.21866608,41.15733337,94,8719,24000,present,https://rfcx-streams-production.s3.eu-west-1.amazonaws.com/2024/05/12/2jm3bjkccty2/4e299849-1dbb-4bf1-a9b0-d083a3819da5.flac?X-Amz-Algorithm=AWS4-HMAC-SHA256&X-Amz-Content-Sha256=UNSIGNED-PAYLOAD&X-Amz-Credential=AKIA45B7YWBX5HAZMGOU%2F20260223%2Feu-west-1%2Fs3%2Faws4_request&X-Amz-Date=20260223T003239Z&X-Amz-Expires=604800&X-Amz-Signature=dbbacbec82d2941c5a74ea41140c5829f596e46ac0e28ffb310809df5e4683c1&X-Amz-SignedHeaders=host&response-content-disposition=attachment%3B%20filename%3D4e299849-1dbb-4bf1-a9b0-d083a3819da5.flac&x-id=GetObject,0.306113899,65444
LMRam-2024-05-12_07-20.WAV,2024 Baja Lago Mesa Redonda,2024,5,12,7,20,Agelaius tricolor,Courtship Song,57.62666702,58.56533432,94,8719,24000,present,https://rfcx-streams-production.s3.eu-west-1.amazonaws.com/2024/05/12/2jm3bjkccty2/46659a5a-11c8-4df0-954a-ac1c3bbe8f88.flac?X-Amz-Algorithm=AWS4-HMAC-SHA256&X-Amz-Content-Sha256=UNSIGNED-PAYLOAD&X-Amz-Credential=AKIA45B7YWBX5HAZMGOU%2F20260223%2Feu-west-1%2Fs3%2Faws4_request&X-Amz-Date=20260223T003250Z&X-Amz-Expires=604800&X-Amz-Signature=3c7619495d9b09b5b37b7264e0fb548b639d14d77780bac705da01ff1e8eb01c&X-Amz-SignedHeaders=host&response-content-disposition=attachment%3B%20filename%3D46659a5a-11c8-4df0-954a-ac1c3bbe8f88.flac&x-id=GetObject,0.414467126,65444
LMRam-2024-05-12_08-00.WAV,2024 Baja Lago Mesa Redonda,2024,5,12,8,0,Agelaius tricolor,Courtship Song,44.96533203,45.90399933,94,8719,24000,present,https://rfcx-streams-production.s3.eu-west-1.amazonaws.com/2024/05/12/2jm3bjkccty2/772f7ba5-a6f0-4c48-8b85-72ca8281c3d8.flac?X-Amz-Algorithm=AWS4-HMAC-SHA256&X-Amz-Content-Sha256=UNSIGNED-PAYLOAD&X-Amz-Credential=AKIA45B7YWBX5HAZMGOU%2F20260223%2Feu-west-1%2Fs3%2Faws4_request&X-Amz-Date=20260223T003250Z&X-Amz-Expires=604800&X-Amz-Signature=1df4f20841895f1440e25cc0ed1f0c8706ee0cfb62f77e46bbd051e169b2bf20&X-Amz-SignedHeaders=host&response-content-disposition=attachment%3B%20filename%3D772f7ba5-a6f0-4c48-8b85-72ca8281c3d8.flac&x-id=GetObject,0.388221174,65444
LMRam-2024-05-12_08-40.WAV,2024 Baja Lago Mesa Redonda,2024,5,12,8,40,Agelaius tricolor,Courtship Song,15.71733379,16.65600014,94,8719,24000,present,https://rfcx-streams-production.s3.eu-west-1.amazonaws.com/2024/05/12/2jm3bjkccty2/7ade7c8e-efc4-4742-a418-4bb1db8a1888.flac?X-Amz-Algorithm=AWS4-HMAC-SHA256&X-Amz-Content-Sha256=UNSIGNED-PAYLOAD&X-Amz-Credential=AKIA45B7YWBX5HAZMGOU%2F20260223%2Feu-west-1%2Fs3%2Faws4_request&X-Amz-Date=20260223T003250Z&X-Amz-Expires=604800&X-Amz-Signature=c1a96bf28381cd15a3b79ba6f1375f30ab5314db5df373621c4a0fc83bea0e3b&X-Amz-SignedHeaders=host&response-content-disposition=attachment%3B%20filename%3D7ade7c8e-efc4-4742-a418-4bb1db8a1888.flac&x-id=GetObject,0.478414118,65444
LMRam-2024-05-12_09-00.WAV,2024 Baja Lago Mesa Redonda,2024,5,12,9,0,Agelaius tricolor,Courtship Song,0.032000002,0.970666647,94,8719,24000,present,https://rfcx-streams-production.s3.eu-west-1.amazonaws.com/2024/05/12/2jm3bjkccty2/7ba38485-e6ba-4a2a-aa0d-fe04720ad9d1.flac?X-Amz-Algorithm=AWS4-HMAC-SHA256&X-Amz-Content-Sha256=UNSIGNED-PAYLOAD&X-Amz-Credential=AKIA45B7YWBX5HAZMGOU%2F20260223%2Feu-west-1%2Fs3%2Faws4_request&X-Amz-Date=20260223T003250Z&X-Amz-Expires=604800&X-Amz-Signature=95d588cbc94e977751ebe5d545f5ce902c97360d964ea1802d7a37ffdf1e28fb&X-Amz-SignedHeaders=host&response-content-disposition=attachment%3B%20filename%3D7ba38485-e6ba-4a2a-aa0d-fe04720ad9d1.flac&x-id=GetObject,0.414015144,65444
LMRam-2024-05-12_09-20.WAV,2024 Baja Lago Mesa Redonda,2024,5,12,9,20,Agelaius tricolor,Courtship Song,51.39733505,52.33599854,94,8719,24000,present,https://rfcx-streams-production.s3.eu-west-1.amazonaws.com/2024/05/12/2jm3bjkccty2/47bd49f1-bf10-4fde-b306-9ebd4b7c3bb7.flac?X-Amz-Algorithm=AWS4-HMAC-SHA256&X-Amz-Content-Sha256=UNSIGNED-PAYLOAD&X-Amz-Credential=AKIA45B7YWBX5HAZMGOU%2F20260223%2Feu-west-1%2Fs3%2Faws4_request&X-Amz-Date=20260223T003239Z&X-Amz-Expires=604800&X-Amz-Signature=b43361ab55fdf1945fb3c68774f390c9b639332ce22969a04c8c6a450a75c8b7&X-Amz-SignedHeaders=host&response-content-disposition=attachment%3B%20filename%3D47bd49f1-bf10-4fde-b306-9ebd4b7c3bb7.flac&x-id=GetObject,0.414323032,65444
LMRam-2024-05-12_09-40.WAV,2024 Baja Lago Mesa Redonda,2024,5,12,9,40,Agelaius tricolor,Courtship Song,50.12799835,51.06666565,94,8719,24000,present,https://rfcx-streams-production.s3.eu-west-1.amazonaws.com/2024/05/12/2jm3bjkccty2/e5098c45-0954-499a-8a31-d05d02277c8d.flac?X-Amz-Algorithm=AWS4-HMAC-SHA256&X-Amz-Content-Sha256=UNSIGNED-PAYLOAD&X-Amz-Credential=AKIA45B7YWBX5HAZMGOU%2F20260223%2Feu-west-1%2Fs3%2Faws4_request&X-Amz-Date=20260223T003250Z&X-Amz-Expires=604800&X-Amz-Signature=eede5cc62369152954d0d80bfd037c4cb374996904fc0ae4d6884b11b7bb4cc1&X-Amz-SignedHeaders=host&response-content-disposition=attachment%3B%20filename%3De5098c45-0954-499a-8a31-d05d02277c8d.flac&x-id=GetObject,0.452193081,65444
LMRam-2024-05-12_10-40.WAV,2024 Baja Lago Mesa Redonda,2024,5,12,10,40,Agelaius tricolor,Courtship Song,53.08800125,54.02666855,94,8719,24000,present,https://rfcx-streams-production.s3.eu-west-1.amazonaws.com/2024/05/12/2jm3bjkccty2/4e3368f2-4da8-47ea-a28c-911e245674c7.flac?X-Amz-Algorithm=AWS4-HMAC-SHA256&X-Amz-Content-Sha256=UNSIGNED-PAYLOAD&X-Amz-Credential=AKIA45B7YWBX5HAZMGOU%2F20260223%2Feu-west-1%2Fs3%2Faws4_request&X-Amz-Date=20260223T003239Z&X-Amz-Expires=604800&X-Amz-Signature=c5a4302f883c34124b80af2f00c197ee397b400d7dbe977bd8a390825a91f663&X-Amz-SignedHeaders=host&response-content-disposition=attachment%3B%20filename%3D4e3368f2-4da8-47ea-a28c-911e245674c7.flac&x-id=GetObject,0.501261652,65444
LMRam-2024-05-12_11-20.WAV,2024 Baja Lago Mesa Redonda,2024,5,12,11,20,Agelaius tricolor,Courtship Song,1.024000049,1.962666631,94,8719,24000,present,https://rfcx-streams-production.s3.eu-west-1.amazonaws.com/2024/05/12/2jm3bjkccty2/1f2d0d7a-a695-4213-b650-93e0016025e2.flac?X-Amz-Algorithm=AWS4-HMAC-SHA256&X-Amz-Content-Sha256=UNSIGNED-PAYLOAD&X-Amz-Credential=AKIA45B7YWBX5HAZMGOU%2F20260223%2Feu-west-1%2Fs3%2Faws4_request&X-Amz-Date=20260223T003250Z&X-Amz-Expires=604800&X-Amz-Signature=a024b7766bea85e229544ce80158a4de5da980b4c9c2e7a541d5f65d75787652&X-Amz-SignedHeaders=host&response-content-disposition=attachment%3B%20filename%3D1f2d0d7a-a695-4213-b650-93e0016025e2.flac&x-id=GetObject,0.351827979,65444
LMRam-2024-05-12_12-00.WAV,2024 Baja Lago Mesa Redonda,2024,5,12,12,0,Agelaius tricolor,Courtship Song,19.93600082,20.87466621,94,8719,24000,present,https://rfcx-streams-production.s3.eu-west-1.amazonaws.com/2024/05/12/2jm3bjkccty2/bb6cc66f-02ad-45f3-8c2e-104e17fcca07.flac?X-Amz-Algorithm=AWS4-HMAC-SHA256&X-Amz-Content-Sha256=UNSIGNED-PAYLOAD&X-Amz-Credential=AKIA45B7YWBX5HAZMGOU%2F20260223%2Feu-west-1%2Fs3%2Faws4_request&X-Amz-Date=20260223T003250Z&X-Amz-Expires=604800&X-Amz-Signature=e7ba058475e32f70c19217ff0eb7e5889b7b8915f78aaf4c22114cc653de5f08&X-Amz-SignedHeaders=host&response-content-disposition=attachment%3B%20filename%3Dbb6cc66f-02ad-45f3-8c2e-104e17fcca07.flac&x-id=GetObject,0.414233863,65444
LMRam-2024-05-12_12-40.WAV,2024 Baja Lago Mesa Redonda,2024,5,12,12,40,Agelaius tricolor,Courtship Song,12.88000011,13.81866646,94,8719,24000,present,https://rfcx-streams-production.s3.eu-west-1.amazonaws.com/2024/05/12/2jm3bjkccty2/a046e15b-3a7a-4242-a00f-0109bfdbba07.flac?X-Amz-Algorithm=AWS4-HMAC-SHA256&X-Amz-Content-Sha256=UNSIGNED-PAYLOAD&X-Amz-Credential=AKIA45B7YWBX5HAZMGOU%2F20260223%2Feu-west-1%2Fs3%2Faws4_request&X-Amz-Date=20260223T003250Z&X-Amz-Expires=604800&X-Amz-Signature=f7459d0bbeaa05df09bdf8fe9caf372672f2a08149da1f30f5a9ed0feecf8b2b&X-Amz-SignedHeaders=host&response-content-disposition=attachment%3B%20filename%3Da046e15b-3a7a-4242-a00f-0109bfdbba07.flac&x-id=GetObject,0.404567301,65444
LMRam-2024-05-12_13-00.WAV,2024 Baja Lago Mesa Redonda,2024,5,12,13,0,Agelaius tricolor,Courtship Song,37.63733292,38.57600021,94,8719,24000,present,https://rfcx-streams-production.s3.eu-west-1.amazonaws.com/2024/05/12/2jm3bjkccty2/2c6ce1ac-5fdd-487e-a68e-399ea002e764.flac?X-Amz-Algorithm=AWS4-HMAC-SHA256&X-Amz-Content-Sha256=UNSIGNED-PAYLOAD&X-Amz-Credential=AKIA45B7YWBX5HAZMGOU%2F20260223%2Feu-west-1%2Fs3%2Faws4_request&X-Amz-Date=20260223T003250Z&X-Amz-Expires=604800&X-Amz-Signature=c7922c21765fe2f8c3f64cf31e055e4143ad8c000ead5d20e034cc24d6065694&X-Amz-SignedHeaders=host&response-content-disposition=attachment%3B%20filename%3D2c6ce1ac-5fdd-487e-a68e-399ea002e764.flac&x-id=GetObject,0.435128033,65444
LMRam-2024-05-12_13-20.WAV,2024 Baja Lago Mesa Redonda,2024,5,12,13,20,Agelaius tricolor,Courtship Song,16.97066689,17.90933418,94,8719,24000,present,https://rfcx-streams-production.s3.eu-west-1.amazonaws.com/2024/05/12/2jm3bjkccty2/f4504ef4-1e54-4d72-adbf-aef3f289f583.flac?X-Amz-Algorithm=AWS4-HMAC-SHA256&X-Amz-Content-Sha256=UNSIGNED-PAYLOAD&X-Amz-Credential=AKIA45B7YWBX5HAZMGOU%2F20260223%2Feu-west-1%2Fs3%2Faws4_request&X-Amz-Date=20260223T003250Z&X-Amz-Expires=604800&X-Amz-Signature=7b995bae73a9852515d0795464ff88166bbc639dc4672f027274e14f59918f99&X-Amz-SignedHeaders=host&response-content-disposition=attachment%3B%20filename%3Df4504ef4-1e54-4d72-adbf-aef3f289f583.flac&x-id=GetObject,0.443142772,65444
LMRam-2024-05-12_13-40.WAV,2024 Baja Lago Mesa Redonda,2024,5,12,13,40,Agelaius tricolor,Courtship Song,19.73333359,20.67200089,94,8719,24000,present,https://rfcx-streams-production.s3.eu-west-1.amazonaws.com/2024/05/12/2jm3bjkccty2/69f5c3de-c404-49f3-b4c0-b48bb94acedd.flac?X-Amz-Algorithm=AWS4-HMAC-SHA256&X-Amz-Content-Sha256=UNSIGNED-PAYLOAD&X-Amz-Credential=AKIA45B7YWBX5HAZMGOU%2F20260223%2Feu-west-1%2Fs3%2Faws4_request&X-Amz-Date=20260223T003239Z&X-Amz-Expires=604800&X-Amz-Signature=901902d8b7bab800dbe5deabbd1cf5d0a2a0e37665d56e951b60721fcc9c8531&X-Amz-SignedHeaders=host&response-content-disposition=attachment%3B%20filename%3D69f5c3de-c404-49f3-b4c0-b48bb94acedd.flac&x-id=GetObject,0.40421468,65444
LMRam-2024-05-12_14-00.WAV,2024 Baja Lago Mesa Redonda,2024,5,12,14,0,Agelaius tricolor,Courtship Song,17.87733269,18.81599998,94,8719,24000,present,https://rfcx-streams-production.s3.eu-west-1.amazonaws.com/2024/05/12/2jm3bjkccty2/8909ad5f-f57f-4c16-adcf-6f5562655182.flac?X-Amz-Algorithm=AWS4-HMAC-SHA256&X-Amz-Content-Sha256=UNSIGNED-PAYLOAD&X-Amz-Credential=AKIA45B7YWBX5HAZMGOU%2F20260223%2Feu-west-1%2Fs3%2Faws4_request&X-Amz-Date=20260223T003250Z&X-Amz-Expires=604800&X-Amz-Signature=cf1a29ef46d798ed735af856d41b1d20be2e5896d4e053c59c5b3402e43ff3bd&X-Amz-SignedHeaders=host&response-content-disposition=attachment%3B%20filename%3D8909ad5f-f57f-4c16-adcf-6f5562655182.flac&x-id=GetObject,0.380970418,65444
LMRam-2024-05-12_14-20.WAV,2024 Baja Lago Mesa Redonda,2024,5,12,14,20,Agelaius tricolor,Courtship Song,35.64799881,36.58666611,94,8719,24000,present,https://rfcx-streams-production.s3.eu-west-1.amazonaws.com/2024/05/12/2jm3bjkccty2/c4630ce6-1aab-4a2d-a86b-fc05bd336fbf.flac?X-Amz-Algorithm=AWS4-HMAC-SHA256&X-Amz-Content-Sha256=UNSIGNED-PAYLOAD&X-Amz-Credential=AKIA45B7YWBX5HAZMGOU%2F20260223%2Feu-west-1%2Fs3%2Faws4_request&X-Amz-Date=20260223T003239Z&X-Amz-Expires=604800&X-Amz-Signature=afe3ecdf60ea6cd6733702833ff223bc5559d136e2313e095c65896bdbdcf59f&X-Amz-SignedHeaders=host&response-content-disposition=attachment%3B%20filename%3Dc4630ce6-1aab-4a2d-a86b-fc05bd336fbf.flac&x-id=GetObject,0.565458357,65444
LMRam-2024-05-12_16-00.WAV,2024 Baja Lago Mesa Redonda,2024,5,12,16,0,Agelaius tricolor,Courtship Song,43.85066605,44.78933334,94,8719,24000,present,https://rfcx-streams-production.s3.eu-west-1.amazonaws.com/2024/05/12/2jm3bjkccty2/83b9ca1f-d84e-41bc-ade8-2c724f30ac4c.flac?X-Amz-Algorithm=AWS4-HMAC-SHA256&X-Amz-Content-Sha256=UNSIGNED-PAYLOAD&X-Amz-Credential=AKIA45B7YWBX5HAZMGOU%2F20260223%2Feu-west-1%2Fs3%2Faws4_request&X-Amz-Date=20260223T003250Z&X-Amz-Expires=604800&X-Amz-Signature=138edd72dde4248db0a07681e3dfdc008998915288ccf9b15aeb1ef0524baef5&X-Amz-SignedHeaders=host&response-content-disposition=attachment%3B%20filename%3D83b9ca1f-d84e-41bc-ade8-2c724f30ac4c.flac&x-id=GetObject,0.336732417,65444
LMRam-2024-05-12_16-40.WAV,2024 Baja Lago Mesa Redonda,2024,5,12,16,40,Agelaius tricolor,Courtship Song,14.69333363,15.63199997,94,8719,24000,present,https://rfcx-streams-production.s3.eu-west-1.amazonaws.com/2024/05/12/2jm3bjkccty2/f7b93ae5-7dcb-49c4-863a-07ecea112fa6.flac?X-Amz-Algorithm=AWS4-HMAC-SHA256&X-Amz-Content-Sha256=UNSIGNED-PAYLOAD&X-Amz-Credential=AKIA45B7YWBX5HAZMGOU%2F20260223%2Feu-west-1%2Fs3%2Faws4_request&X-Amz-Date=20260223T003250Z&X-Amz-Expires=604800&X-Amz-Signature=0305151aa5b99e8c21a57ca4194cd06a6045b13240fdd2f3b2cfa23a8d0f6e78&X-Amz-SignedHeaders=host&response-content-disposition=attachment%3B%20filename%3Df7b93ae5-7dcb-49c4-863a-07ecea112fa6.flac&x-id=GetObject,0.443192452,65444
LMRam-2024-05-12_18-00.WAV,2024 Baja Lago Mesa Redonda,2024,5,12,18,0,Agelaius tricolor,Courtship Song,42.42133331,43.36000061,94,8719,24000,present,https://rfcx-streams-production.s3.eu-west-1.amazonaws.com/2024/05/13/2jm3bjkccty2/2ed63a93-b2d4-4fac-a0f9-9cce69de7128.flac?X-Amz-Algorithm=AWS4-HMAC-SHA256&X-Amz-Content-Sha256=UNSIGNED-PAYLOAD&X-Amz-Credential=AKIA45B7YWBX5HAZMGOU%2F20260223%2Feu-west-1%2Fs3%2Faws4_request&X-Amz-Date=20260223T003239Z&X-Amz-Expires=604800&X-Amz-Signature=9d8fa8e144ce63b5feb5d63a17cda2717159e4c2ae17a683ca7d20140260c1b8&X-Amz-SignedHeaders=host&response-content-disposition=attachment%3B%20filename%3D2ed63a93-b2d4-4fac-a0f9-9cce69de7128.flac&x-id=GetObject,0.487524539,65444
LMRam-2024-05-12_18-40.WAV,2024 Baja Lago Mesa Redonda,2024,5,12,18,40,Agelaius tricolor,Courtship Song,36.85866547,37.79733276,94,8719,24000,present,https://rfcx-streams-production.s3.eu-west-1.amazonaws.com/2024/05/13/2jm3bjkccty2/6b62422e-ef8e-4f9a-9292-0f4c4b2975d9.flac?X-Amz-Algorithm=AWS4-HMAC-SHA256&X-Amz-Content-Sha256=UNSIGNED-PAYLOAD&X-Amz-Credential=AKIA45B7YWBX5HAZMGOU%2F20260223%2Feu-west-1%2Fs3%2Faws4_request&X-Amz-Date=20260223T003250Z&X-Amz-Expires=604800&X-Amz-Signature=f07e242f65cbf305b48b6733c8e6c64bb1f51843b738c0f7135630efe425a3e4&X-Amz-SignedHeaders=host&response-content-disposition=attachment%3B%20filename%3D6b62422e-ef8e-4f9a-9292-0f4c4b2975d9.flac&x-id=GetObject,0.501377642,65444
LMRam-2024-05-12_19-00.WAV,2024 Baja Lago Mesa Redonda,2024,5,12,19,0,Agelaius tricolor,Courtship Song,37.39199829,38.33066559,94,8719,24000,present,https://rfcx-streams-production.s3.eu-west-1.amazonaws.com/2024/05/13/2jm3bjkccty2/e31dc1a4-701d-42c4-96f0-960623152fae.flac?X-Amz-Algorithm=AWS4-HMAC-SHA256&X-Amz-Content-Sha256=UNSIGNED-PAYLOAD&X-Amz-Credential=AKIA45B7YWBX5HAZMGOU%2F20260223%2Feu-west-1%2Fs3%2Faws4_request&X-Amz-Date=20260223T003250Z&X-Amz-Expires=604800&X-Amz-Signature=e891bff98084615b8b6fd27dbd56a0e63d141fe54709ee123056e5ea1db58893&X-Amz-SignedHeaders=host&response-content-disposition=attachment%3B%20filename%3De31dc1a4-701d-42c4-96f0-960623152fae.flac&x-id=GetObject,0.422096431,65444
LMRam-2024-05-12_19-20.WAV,2024 Baja Lago Mesa Redonda,2024,5,12,19,20,Agelaius tricolor,Courtship Song,46.33599854,47.27466583,94,8719,24000,present,https://rfcx-streams-production.s3.eu-west-1.amazonaws.com/2024/05/13/2jm3bjkccty2/18ee48b1-629f-4bf6-800b-75d60b8ed533.flac?X-Amz-Algorithm=AWS4-HMAC-SHA256&X-Amz-Content-Sha256=UNSIGNED-PAYLOAD&X-Amz-Credential=AKIA45B7YWBX5HAZMGOU%2F20260223%2Feu-west-1%2Fs3%2Faws4_request&X-Amz-Date=20260223T003250Z&X-Amz-Expires=604800&X-Amz-Signature=44cea4e51543387a2e2d2ed4abc352389b0a7bda9e494306ae1104b92bf9238f&X-Amz-SignedHeaders=host&response-content-disposition=attachment%3B%20filename%3D18ee48b1-629f-4bf6-800b-75d60b8ed533.flac&x-id=GetObject,0.405534118,65444
LMRam-2024-05-13_06-00.WAV,2024 Baja Lago Mesa Redonda,2024,5,13,6,0,Agelaius tricolor,Courtship Song,54.30400085,55.24266815,94,8719,24000,present,https://rfcx-streams-production.s3.eu-west-1.amazonaws.com/2024/05/13/2jm3bjkccty2/23ca343c-064a-490e-bdca-876326537059.flac?X-Amz-Algorithm=AWS4-HMAC-SHA256&X-Amz-Content-Sha256=UNSIGNED-PAYLOAD&X-Amz-Credential=AKIA45B7YWBX5HAZMGOU%2F20260223%2Feu-west-1%2Fs3%2Faws4_request&X-Amz-Date=20260223T003239Z&X-Amz-Expires=604800&X-Amz-Signature=fdf0e504f503efb0c3c4426677690df185741425b4305d9410841f1d8afaa76c&X-Amz-SignedHeaders=host&response-content-disposition=attachment%3B%20filename%3D23ca343c-064a-490e-bdca-876326537059.flac&x-id=GetObject,0.39030239,65444
LMRam-2024-05-13_06-40.WAV,2024 Baja Lago Mesa Redonda,2024,5,13,6,40,Agelaius tricolor,Courtship Song,34,34.9386673,94,8719,24000,present,https://rfcx-streams-production.s3.eu-west-1.amazonaws.com/2024/05/13/2jm3bjkccty2/2b717003-1afa-4fab-bf49-9397867bd650.flac?X-Amz-Algorithm=AWS4-HMAC-SHA256&X-Amz-Content-Sha256=UNSIGNED-PAYLOAD&X-Amz-Credential=AKIA45B7YWBX5HAZMGOU%2F20260223%2Feu-west-1%2Fs3%2Faws4_request&X-Amz-Date=20260223T003250Z&X-Amz-Expires=604800&X-Amz-Signature=1ec068cc69f3d725f424a7be3cd8e0a6fb70653f10426a4d50a67f0536a68a82&X-Amz-SignedHeaders=host&response-content-disposition=attachment%3B%20filename%3D2b717003-1afa-4fab-bf49-9397867bd650.flac&x-id=GetObject,0.474981368,65444
LMRam-2024-05-13_10-40.WAV,2024 Baja Lago Mesa Redonda,2024,5,13,10,40,Agelaius tricolor,Courtship Song,37.16799927,38.10666656,94,8719,24000,present,https://rfcx-streams-production.s3.eu-west-1.amazonaws.com/2024/05/13/2jm3bjkccty2/6b584b9c-337a-4dcd-ada9-aa08baf6187f.flac?X-Amz-Algorithm=AWS4-HMAC-SHA256&X-Amz-Content-Sha256=UNSIGNED-PAYLOAD&X-Amz-Credential=AKIA45B7YWBX5HAZMGOU%2F20260223%2Feu-west-1%2Fs3%2Faws4_request&X-Amz-Date=20260223T003239Z&X-Amz-Expires=604800&X-Amz-Signature=f9a0bfce83e86744b73940314616167f569743278163ef95ba680c6313280ad8&X-Amz-SignedHeaders=host&response-content-disposition=attachment%3B%20filename%3D6b584b9c-337a-4dcd-ada9-aa08baf6187f.flac&x-id=GetObject,0.363152623,65444
LMRam-2024-05-13_11-00.WAV,2024 Baja Lago Mesa Redonda,2024,5,13,11,0,Agelaius tricolor,Courtship Song,22.3093338,23.24799919,94,8719,24000,present,https://rfcx-streams-production.s3.eu-west-1.amazonaws.com/2024/05/13/2jm3bjkccty2/b86534d4-a20e-42a2-8f8c-b8ef70143b6b.flac?X-Amz-Algorithm=AWS4-HMAC-SHA256&X-Amz-Content-Sha256=UNSIGNED-PAYLOAD&X-Amz-Credential=AKIA45B7YWBX5HAZMGOU%2F20260223%2Feu-west-1%2Fs3%2Faws4_request&X-Amz-Date=20260223T003250Z&X-Amz-Expires=604800&X-Amz-Signature=e69ef43c7f5cd5cdbfb2046db5fc0d2f8e2eb18d3eb7786a9bf917ff3dd035a1&X-Amz-SignedHeaders=host&response-content-disposition=attachment%3B%20filename%3Db86534d4-a20e-42a2-8f8c-b8ef70143b6b.flac&x-id=GetObject,0.290403128,65444
LMRam-2024-05-13_14-40.WAV,2024 Baja Lago Mesa Redonda,2024,5,13,14,40,Agelaius tricolor,Courtship Song,16.85866737,17.79733276,94,8719,24000,present,https://rfcx-streams-production.s3.eu-west-1.amazonaws.com/2024/05/13/2jm3bjkccty2/f677e23a-1e30-4b4e-955f-0fe3ae851924.flac?X-Amz-Algorithm=AWS4-HMAC-SHA256&X-Amz-Content-Sha256=UNSIGNED-PAYLOAD&X-Amz-Credential=AKIA45B7YWBX5HAZMGOU%2F20260223%2Feu-west-1%2Fs3%2Faws4_request&X-Amz-Date=20260223T003250Z&X-Amz-Expires=604800&X-Amz-Signature=955004c0751187ab239561bdf56f5e147ded8b8a4a273302c877d15b484b0221&X-Amz-SignedHeaders=host&response-content-disposition=attachment%3B%20filename%3Df677e23a-1e30-4b4e-955f-0fe3ae851924.flac&x-id=GetObject,0.58506161,65444
LMRam-2024-05-13_15-20.WAV,2024 Baja Lago Mesa Redonda,2024,5,13,15,20,Agelaius tricolor,Courtship Song,31.59466743,32.53333282,94,8719,24000,present,https://rfcx-streams-production.s3.eu-west-1.amazonaws.com/2024/05/13/2jm3bjkccty2/52adc7e5-a19d-49c9-810c-f09d00a8b8d8.flac?X-Amz-Algorithm=AWS4-HMAC-SHA256&X-Amz-Content-Sha256=UNSIGNED-PAYLOAD&X-Amz-Credential=AKIA45B7YWBX5HAZMGOU%2F20260223%2Feu-west-1%2Fs3%2Faws4_request&X-Amz-Date=20260223T003250Z&X-Amz-Expires=604800&X-Amz-Signature=935c65f0342caf8b274dc5bcf3104140d84d0a0120235f662502b6e71b9104d4&X-Amz-SignedHeaders=host&response-content-disposition=attachment%3B%20filename%3D52adc7e5-a19d-49c9-810c-f09d00a8b8d8.flac&x-id=GetObject,0.524859786,65444
LMRam-2024-05-13_16-00.WAV,2024 Baja Lago Mesa Redonda,2024,5,13,16,0,Agelaius tricolor,Courtship Song,4.037333488,4.975999832,94,8719,24000,present,https://rfcx-streams-production.s3.eu-west-1.amazonaws.com/2024/05/13/2jm3bjkccty2/e8ddb0be-8978-46d8-b2ef-10ac9cdf3bd3.flac?X-Amz-Algorithm=AWS4-HMAC-SHA256&X-Amz-Content-Sha256=UNSIGNED-PAYLOAD&X-Amz-Credential=AKIA45B7YWBX5HAZMGOU%2F20260223%2Feu-west-1%2Fs3%2Faws4_request&X-Amz-Date=20260223T003250Z&X-Amz-Expires=604800&X-Amz-Signature=59ea86d88a418aebd0d924ba23a1e3498c7c9cc3689980f2fc8c11afde0212c7&X-Amz-SignedHeaders=host&response-content-disposition=attachment%3B%20filename%3De8ddb0be-8978-46d8-b2ef-10ac9cdf3bd3.flac&x-id=GetObject,0.585442781,65444
LMRam-2024-05-13_17-20.WAV,2024 Baja Lago Mesa Redonda,2024,5,13,17,20,Agelaius tricolor,Courtship Song,20.68266678,21.62133408,94,8719,24000,present,https://rfcx-streams-production.s3.eu-west-1.amazonaws.com/2024/05/14/2jm3bjkccty2/1b1a8586-de7d-4edf-8630-efcf9d8d289a.flac?X-Amz-Algorithm=AWS4-HMAC-SHA256&X-Amz-Content-Sha256=UNSIGNED-PAYLOAD&X-Amz-Credential=AKIA45B7YWBX5HAZMGOU%2F20260223%2Feu-west-1%2Fs3%2Faws4_request&X-Amz-Date=20260223T003250Z&X-Amz-Expires=604800&X-Amz-Signature=76cddfa9ff31e13951025c8e69fd150968db3325d94f879a013056e1429412ba&X-Amz-SignedHeaders=host&response-content-disposition=attachment%3B%20filename%3D1b1a8586-de7d-4edf-8630-efcf9d8d289a.flac&x-id=GetObject,0.434831649,65444
LMRam-2024-05-13_18-40.WAV,2024 Baja Lago Mesa Redonda,2024,5,13,18,40,Agelaius tricolor,Courtship Song,46.10666656,47.04533386,94,8719,24000,present,https://rfcx-streams-production.s3.eu-west-1.amazonaws.com/2024/05/14/2jm3bjkccty2/32e33d9e-5ee9-4506-bd7e-0b4e5f761d2f.flac?X-Amz-Algorithm=AWS4-HMAC-SHA256&X-Amz-Content-Sha256=UNSIGNED-PAYLOAD&X-Amz-Credential=AKIA45B7YWBX5HAZMGOU%2F20260223%2Feu-west-1%2Fs3%2Faws4_request&X-Amz-Date=20260223T003250Z&X-Amz-Expires=604800&X-Amz-Signature=07656a9eea616b979ddf5900469e682af7d89216a09ff4c7e48b91fc829deb37&X-Amz-SignedHeaders=host&response-content-disposition=attachment%3B%20filename%3D32e33d9e-5ee9-4506-bd7e-0b4e5f761d2f.flac&x-id=GetObject,0.561665475,65444
LMRam-2024-05-13_19-20.WAV,2024 Baja Lago Mesa Redonda,2024,5,13,19,20,Agelaius tricolor,Courtship Song,0.991999984,1.930666685,94,8719,24000,present,https://rfcx-streams-production.s3.eu-west-1.amazonaws.com/2024/05/14/2jm3bjkccty2/36bafed3-9d36-40ff-ae4c-d83e1e4d6e30.flac?X-Amz-Algorithm=AWS4-HMAC-SHA256&X-Amz-Content-Sha256=UNSIGNED-PAYLOAD&X-Amz-Credential=AKIA45B7YWBX5HAZMGOU%2F20260223%2Feu-west-1%2Fs3%2Faws4_request&X-Amz-Date=20260223T003250Z&X-Amz-Expires=604800&X-Amz-Signature=ab853fb804069b3c43881d09022b07a535ca5b911fb0fadeda403a23bf8568eb&X-Amz-SignedHeaders=host&response-content-disposition=attachment%3B%20filename%3D36bafed3-9d36-40ff-ae4c-d83e1e4d6e30.flac&x-id=GetObject,0.451247841,65444
LMRam-2024-05-13_19-40.WAV,2024 Baja Lago Mesa Redonda,2024,5,13,19,40,Agelaius tricolor,Courtship Song,32.41600037,33.35466766,94,8719,24000,present,https://rfcx-streams-production.s3.eu-west-1.amazonaws.com/2024/05/14/2jm3bjkccty2/00a12574-6b27-41e2-968b-327918300a3a.flac?X-Amz-Algorithm=AWS4-HMAC-SHA256&X-Amz-Content-Sha256=UNSIGNED-PAYLOAD&X-Amz-Credential=AKIA45B7YWBX5HAZMGOU%2F20260223%2Feu-west-1%2Fs3%2Faws4_request&X-Amz-Date=20260223T003250Z&X-Amz-Expires=604800&X-Amz-Signature=4f0ca00fd7ce482dd10919367112a3a4f5d5fa42eb7616f9a0798c8d5ca654f0&X-Amz-SignedHeaders=host&response-content-disposition=attachment%3B%20filename%3D00a12574-6b27-41e2-968b-327918300a3a.flac&x-id=GetObject,0.412996739,65444
LMRam-2024-05-14_06-40.WAV,2024 Baja Lago Mesa Redonda,2024,5,14,6,40,Agelaius tricolor,Courtship Song,47.90933228,48.84799957,94,8719,24000,present,https://rfcx-streams-production.s3.eu-west-1.amazonaws.com/2024/05/14/2jm3bjkccty2/19a3f108-54ee-4e47-8d60-a6bd9b8de78a.flac?X-Amz-Algorithm=AWS4-HMAC-SHA256&X-Amz-Content-Sha256=UNSIGNED-PAYLOAD&X-Amz-Credential=AKIA45B7YWBX5HAZMGOU%2F20260223%2Feu-west-1%2Fs3%2Faws4_request&X-Amz-Date=20260223T003250Z&X-Amz-Expires=604800&X-Amz-Signature=852453f19c5d148368e4912b7ab2afc22c8901bedba0b8ffa24949e13900255a&X-Amz-SignedHeaders=host&response-content-disposition=attachment%3B%20filename%3D19a3f108-54ee-4e47-8d60-a6bd9b8de78a.flac&x-id=GetObject,0.486870676,65444
LMRam-2024-05-14_07-00.WAV,2024 Baja Lago Mesa Redonda,2024,5,14,7,0,Agelaius tricolor,Courtship Song,50.39466476,51.33333206,94,8719,24000,present,https://rfcx-streams-production.s3.eu-west-1.amazonaws.com/2024/05/14/2jm3bjkccty2/a1b653b6-5a7e-479a-8bc6-2cce67cd98b1.flac?X-Amz-Algorithm=AWS4-HMAC-SHA256&X-Amz-Content-Sha256=UNSIGNED-PAYLOAD&X-Amz-Credential=AKIA45B7YWBX5HAZMGOU%2F20260223%2Feu-west-1%2Fs3%2Faws4_request&X-Amz-Date=20260223T003250Z&X-Amz-Expires=604800&X-Amz-Signature=dad460c4d718b6c81de92307119750157a63036f84e3972d039f19a13f0a5456&X-Amz-SignedHeaders=host&response-content-disposition=attachment%3B%20filename%3Da1b653b6-5a7e-479a-8bc6-2cce67cd98b1.flac&x-id=GetObject,0.413270622,65444
LMRam-2024-05-14_09-20.WAV,2024 Baja Lago Mesa Redonda,2024,5,14,9,20,Agelaius tricolor,Courtship Song,46.48533249,47.42399979,94,8719,24000,present,https://rfcx-streams-production.s3.eu-west-1.amazonaws.com/2024/05/14/2jm3bjkccty2/8be6bdd0-3433-4c90-b009-bde31098b471.flac?X-Amz-Algorithm=AWS4-HMAC-SHA256&X-Amz-Content-Sha256=UNSIGNED-PAYLOAD&X-Amz-Credential=AKIA45B7YWBX5HAZMGOU%2F20260223%2Feu-west-1%2Fs3%2Faws4_request&X-Amz-Date=20260223T003250Z&X-Amz-Expires=604800&X-Amz-Signature=c468cc0b3ac489aafa92f41f9963d2dc939a251662ae2f298ab6b78620ceadff&X-Amz-SignedHeaders=host&response-content-disposition=attachment%3B%20filename%3D8be6bdd0-3433-4c90-b009-bde31098b471.flac&x-id=GetObject,0.297123045,65444
LMRam-2024-05-14_10-00.WAV,2024 Baja Lago Mesa Redonda,2024,5,14,10,0,Agelaius tricolor,Courtship Song,26.4640007,27.40266609,94,8719,24000,present,https://rfcx-streams-production.s3.eu-west-1.amazonaws.com/2024/05/14/2jm3bjkccty2/bd8cdadc-c320-4403-8d59-73b404557c80.flac?X-Amz-Algorithm=AWS4-HMAC-SHA256&X-Amz-Content-Sha256=UNSIGNED-PAYLOAD&X-Amz-Credential=AKIA45B7YWBX5HAZMGOU%2F20260223%2Feu-west-1%2Fs3%2Faws4_request&X-Amz-Date=20260223T003250Z&X-Amz-Expires=604800&X-Amz-Signature=4d990636be5a22d7f6b78d22a095f4eee7fb19387b674553ba46bab2d4d92477&X-Amz-SignedHeaders=host&response-content-disposition=attachment%3B%20filename%3Dbd8cdadc-c320-4403-8d59-73b404557c80.flac&x-id=GetObject,0.317707568,65444
LMRam-2024-05-14_11-20.WAV,2024 Baja Lago Mesa Redonda,2024,5,14,11,20,Agelaius tricolor,Courtship Song,26.86400032,27.80266762,94,8719,24000,present,https://rfcx-streams-production.s3.eu-west-1.amazonaws.com/2024/05/14/2jm3bjkccty2/55f58a03-d438-4115-b192-003fb1a7f295.flac?X-Amz-Algorithm=AWS4-HMAC-SHA256&X-Amz-Content-Sha256=UNSIGNED-PAYLOAD&X-Amz-Credential=AKIA45B7YWBX5HAZMGOU%2F20260223%2Feu-west-1%2Fs3%2Faws4_request&X-Amz-Date=20260223T003250Z&X-Amz-Expires=604800&X-Amz-Signature=b692ce13dceffb08a5f331c943d019f45b5718a1ff7aea0c6530dab23486e207&X-Amz-SignedHeaders=host&response-content-disposition=attachment%3B%20filename%3D55f58a03-d438-4115-b192-003fb1a7f295.flac&x-id=GetObject,0.374939471,65444
LMRam-2024-05-14_12-00.WAV,2024 Baja Lago Mesa Redonda,2024,5,14,12,0,Agelaius tricolor,Courtship Song,37.62133408,38.56000137,94,8719,24000,present,https://rfcx-streams-production.s3.eu-west-1.amazonaws.com/2024/05/14/2jm3bjkccty2/43e39bd7-6e20-43e2-8dc3-eb957aacfce8.flac?X-Amz-Algorithm=AWS4-HMAC-SHA256&X-Amz-Content-Sha256=UNSIGNED-PAYLOAD&X-Amz-Credential=AKIA45B7YWBX5HAZMGOU%2F20260223%2Feu-west-1%2Fs3%2Faws4_request&X-Amz-Date=20260223T003250Z&X-Amz-Expires=604800&X-Amz-Signature=2bba853c1f7358dc95199683b8bfec2c53a017f8024de4c93c25992cb9ee52e4&X-Amz-SignedHeaders=host&response-content-disposition=attachment%3B%20filename%3D43e39bd7-6e20-43e2-8dc3-eb957aacfce8.flac&x-id=GetObject,0.544592381,65444
LMRam-2024-05-14_15-40.WAV,2024 Baja Lago Mesa Redonda,2024,5,14,15,40,Agelaius tricolor,Courtship Song,5.317333221,6.256000042,94,8719,24000,present,https://rfcx-streams-production.s3.eu-west-1.amazonaws.com/2024/05/14/2jm3bjkccty2/c017aaf6-9fe2-4cb6-bf83-6ec74caec74b.flac?X-Amz-Algorithm=AWS4-HMAC-SHA256&X-Amz-Content-Sha256=UNSIGNED-PAYLOAD&X-Amz-Credential=AKIA45B7YWBX5HAZMGOU%2F20260223%2Feu-west-1%2Fs3%2Faws4_request&X-Amz-Date=20260223T003239Z&X-Amz-Expires=604800&X-Amz-Signature=75968ca20e039a0dd3d622f2ed634e53383c664c96a82ba068319f21739f324a&X-Amz-SignedHeaders=host&response-content-disposition=attachment%3B%20filename%3Dc017aaf6-9fe2-4cb6-bf83-6ec74caec74b.flac&x-id=GetObject,0.429876208,65444
LMRam-2024-05-14_19-00.WAV,2024 Baja Lago Mesa Redonda,2024,5,14,19,0,Agelaius tricolor,Courtship Song,8.640000343,9.578666687,94,8719,24000,present,https://rfcx-streams-production.s3.eu-west-1.amazonaws.com/2024/05/15/2jm3bjkccty2/4de049dd-404c-44ff-b98f-096d3274612b.flac?X-Amz-Algorithm=AWS4-HMAC-SHA256&X-Amz-Content-Sha256=UNSIGNED-PAYLOAD&X-Amz-Credential=AKIA45B7YWBX5HAZMGOU%2F20260223%2Feu-west-1%2Fs3%2Faws4_request&X-Amz-Date=20260223T003250Z&X-Amz-Expires=604800&X-Amz-Signature=5c16caf721f344725e3da8ce50b9e8bd151ec27454b0254bb5a7db4461fab364&X-Amz-SignedHeaders=host&response-content-disposition=attachment%3B%20filename%3D4de049dd-404c-44ff-b98f-096d3274612b.flac&x-id=GetObject,0.351594985,65444
LMRam-2024-05-14_19-20.WAV,2024 Baja Lago Mesa Redonda,2024,5,14,19,20,Agelaius tricolor,Courtship Song,27.12533379,28.06399918,94,8719,24000,present,https://rfcx-streams-production.s3.eu-west-1.amazonaws.com/2024/05/15/2jm3bjkccty2/938ffa46-e63c-4769-bda8-0ebe998a20b1.flac?X-Amz-Algorithm=AWS4-HMAC-SHA256&X-Amz-Content-Sha256=UNSIGNED-PAYLOAD&X-Amz-Credential=AKIA45B7YWBX5HAZMGOU%2F20260223%2Feu-west-1%2Fs3%2Faws4_request&X-Amz-Date=20260223T003250Z&X-Amz-Expires=604800&X-Amz-Signature=c0971ef6298b7294401c4a9f01ad23a811958e1b2051f998d323fb73d924acbb&X-Amz-SignedHeaders=host&response-content-disposition=attachment%3B%20filename%3D938ffa46-e63c-4769-bda8-0ebe998a20b1.flac&x-id=GetObject,0.399756998,65444
LMRam-2024-05-15_05-40.WAV,2024 Baja Lago Mesa Redonda,2024,5,15,5,40,Agelaius tricolor,Courtship Song,50.50666809,51.44533157,94,8719,24000,present,https://rfcx-streams-production.s3.eu-west-1.amazonaws.com/2024/05/15/2jm3bjkccty2/021f805d-eac7-4252-8f19-f9562aaa301a.flac?X-Amz-Algorithm=AWS4-HMAC-SHA256&X-Amz-Content-Sha256=UNSIGNED-PAYLOAD&X-Amz-Credential=AKIA45B7YWBX5HAZMGOU%2F20260223%2Feu-west-1%2Fs3%2Faws4_request&X-Amz-Date=20260223T003250Z&X-Amz-Expires=604800&X-Amz-Signature=7596c73e93891bcec431ef82c365e2255abe573739279fd982f4844ea8588609&X-Amz-SignedHeaders=host&response-content-disposition=attachment%3B%20filename%3D021f805d-eac7-4252-8f19-f9562aaa301a.flac&x-id=GetObject,0.41574651,65444
LMRam-2024-05-15_06-00.WAV,2024 Baja Lago Mesa Redonda,2024,5,15,6,0,Agelaius tricolor,Courtship Song,32.7519989,33.6906662,94,8719,24000,present,https://rfcx-streams-production.s3.eu-west-1.amazonaws.com/2024/05/15/2jm3bjkccty2/53c07d03-6b8a-4dbe-90f9-debde9dbdf48.flac?X-Amz-Algorithm=AWS4-HMAC-SHA256&X-Amz-Content-Sha256=UNSIGNED-PAYLOAD&X-Amz-Credential=AKIA45B7YWBX5HAZMGOU%2F20260223%2Feu-west-1%2Fs3%2Faws4_request&X-Amz-Date=20260223T003250Z&X-Amz-Expires=604800&X-Amz-Signature=1dbef80b8c835e34fa56089d097ce88b3f0f0232ce072a71940b2155cc024cf8&X-Amz-SignedHeaders=host&response-content-disposition=attachment%3B%20filename%3D53c07d03-6b8a-4dbe-90f9-debde9dbdf48.flac&x-id=GetObject,0.392194599,65444
LMRam-2024-05-15_06-20.WAV,2024 Baja Lago Mesa Redonda,2024,5,15,6,20,Agelaius tricolor,Courtship Song,32.92266846,33.86133194,94,8719,24000,present,https://rfcx-streams-production.s3.eu-west-1.amazonaws.com/2024/05/15/2jm3bjkccty2/e2efcde4-bfe4-456f-9faf-c9836670205c.flac?X-Amz-Algorithm=AWS4-HMAC-SHA256&X-Amz-Content-Sha256=UNSIGNED-PAYLOAD&X-Amz-Credential=AKIA45B7YWBX5HAZMGOU%2F20260223%2Feu-west-1%2Fs3%2Faws4_request&X-Amz-Date=20260223T003250Z&X-Amz-Expires=604800&X-Amz-Signature=185fcc05ff3ea83bca5e3e52d7a58090c7a949d7d569d270508acec628b45857&X-Amz-SignedHeaders=host&response-content-disposition=attachment%3B%20filename%3De2efcde4-bfe4-456f-9faf-c9836670205c.flac&x-id=GetObject,0.429973185,65444
LMRam-2024-05-15_08-20.WAV,2024 Baja Lago Mesa Redonda,2024,5,15,8,20,Agelaius tricolor,Courtship Song,39.91466522,40.85333252,94,8719,24000,present,https://rfcx-streams-production.s3.eu-west-1.amazonaws.com/2024/05/15/2jm3bjkccty2/a7f6e858-4ad4-492d-8abc-3b64321c7d51.flac?X-Amz-Algorithm=AWS4-HMAC-SHA256&X-Amz-Content-Sha256=UNSIGNED-PAYLOAD&X-Amz-Credential=AKIA45B7YWBX5HAZMGOU%2F20260223%2Feu-west-1%2Fs3%2Faws4_request&X-Amz-Date=20260223T003250Z&X-Amz-Expires=604800&X-Amz-Signature=32b90d8a767b56910a9c650f184be317f1d204107557a4713c65299b17be7d85&X-Amz-SignedHeaders=host&response-content-disposition=attachment%3B%20filename%3Da7f6e858-4ad4-492d-8abc-3b64321c7d51.flac&x-id=GetObject,0.442220658,65444
LMRam-2024-05-15_08-40.WAV,2024 Baja Lago Mesa Redonda,2024,5,15,8,40,Agelaius tricolor,Courtship Song,1.349333286,2.288000107,94,8719,24000,present,https://rfcx-streams-production.s3.eu-west-1.amazonaws.com/2024/05/15/2jm3bjkccty2/f72a2a98-42c1-49b4-9345-8e07f699b557.flac?X-Amz-Algorithm=AWS4-HMAC-SHA256&X-Amz-Content-Sha256=UNSIGNED-PAYLOAD&X-Amz-Credential=AKIA45B7YWBX5HAZMGOU%2F20260223%2Feu-west-1%2Fs3%2Faws4_request&X-Amz-Date=20260223T003250Z&X-Amz-Expires=604800&X-Amz-Signature=b2ddf3920d82e2e2475e52661c2434ec5b4f418a40a81489adfe5d74243894fd&X-Amz-SignedHeaders=host&response-content-disposition=attachment%3B%20filename%3Df72a2a98-42c1-49b4-9345-8e07f699b557.flac&x-id=GetObject,0.405260623,65444
LMRam-2024-05-15_09-00.WAV,2024 Baja Lago Mesa Redonda,2024,5,15,9,0,Agelaius tricolor,Courtship Song,24.71999931,25.65866661,94,8719,24000,present,https://rfcx-streams-production.s3.eu-west-1.amazonaws.com/2024/05/15/2jm3bjkccty2/ee64c757-57ba-40f7-83da-b9ae4807012e.flac?X-Amz-Algorithm=AWS4-HMAC-SHA256&X-Amz-Content-Sha256=UNSIGNED-PAYLOAD&X-Amz-Credential=AKIA45B7YWBX5HAZMGOU%2F20260223%2Feu-west-1%2Fs3%2Faws4_request&X-Amz-Date=20260223T003250Z&X-Amz-Expires=604800&X-Amz-Signature=258bfce5bf9f548e81277243a9e03a3ad7fcf5c4c28c9e97b87538fd7e5fb725&X-Amz-SignedHeaders=host&response-content-disposition=attachment%3B%20filename%3Dee64c757-57ba-40f7-83da-b9ae4807012e.flac&x-id=GetObject,0.369825661,65444
LMRam-2024-05-15_09-20.WAV,2024 Baja Lago Mesa Redonda,2024,5,15,9,20,Agelaius tricolor,Courtship Song,50.08000183,51.01866531,94,8719,24000,present,https://rfcx-streams-production.s3.eu-west-1.amazonaws.com/2024/05/15/2jm3bjkccty2/e835c5de-bb2f-4607-a461-152b47bd00ba.flac?X-Amz-Algorithm=AWS4-HMAC-SHA256&X-Amz-Content-Sha256=UNSIGNED-PAYLOAD&X-Amz-Credential=AKIA45B7YWBX5HAZMGOU%2F20260223%2Feu-west-1%2Fs3%2Faws4_request&X-Amz-Date=20260223T003250Z&X-Amz-Expires=604800&X-Amz-Signature=d15d73d98fe0d365026de99c145a745ee7fc8471404ae22aa07d03ce8d97d6be&X-Amz-SignedHeaders=host&response-content-disposition=attachment%3B%20filename%3De835c5de-bb2f-4607-a461-152b47bd00ba.flac&x-id=GetObject,0.605786979,65444
LMRam-2024-05-15_10-00.WAV,2024 Baja Lago Mesa Redonda,2024,5,15,10,0,Agelaius tricolor,Courtship Song,45.03466797,45.97333145,94,8719,24000,present,https://rfcx-streams-production.s3.eu-west-1.amazonaws.com/2024/05/15/2jm3bjkccty2/dcab9c55-39f3-4036-a595-e2c1d509cbff.flac?X-Amz-Algorithm=AWS4-HMAC-SHA256&X-Amz-Content-Sha256=UNSIGNED-PAYLOAD&X-Amz-Credential=AKIA45B7YWBX5HAZMGOU%2F20260223%2Feu-west-1%2Fs3%2Faws4_request&X-Amz-Date=20260223T003250Z&X-Amz-Expires=604800&X-Amz-Signature=822720c2226c202e223bbe4e4048fd20df3b334fe9e72a0c02e20328f9f08187&X-Amz-SignedHeaders=host&response-content-disposition=attachment%3B%20filename%3Ddcab9c55-39f3-4036-a595-e2c1d509cbff.flac&x-id=GetObject,0.467801988,65444
LMRam-2024-05-15_10-20.WAV,2024 Baja Lago Mesa Redonda,2024,5,15,10,20,Agelaius tricolor,Courtship Song,7.343999863,8.282666206,94,8719,24000,present,https://rfcx-streams-production.s3.eu-west-1.amazonaws.com/2024/05/15/2jm3bjkccty2/8ffefab8-667c-4440-ae54-398f3f269be1.flac?X-Amz-Algorithm=AWS4-HMAC-SHA256&X-Amz-Content-Sha256=UNSIGNED-PAYLOAD&X-Amz-Credential=AKIA45B7YWBX5HAZMGOU%2F20260223%2Feu-west-1%2Fs3%2Faws4_request&X-Amz-Date=20260223T003250Z&X-Amz-Expires=604800&X-Amz-Signature=aca704761b1bcf1444aa0b5a7afa732b16a1934b068fee300da375493dda0420&X-Amz-SignedHeaders=host&response-content-disposition=attachment%3B%20filename%3D8ffefab8-667c-4440-ae54-398f3f269be1.flac&x-id=GetObject,0.455607861,65444
LMRam-2024-05-15_14-00.WAV,2024 Baja Lago Mesa Redonda,2024,5,15,14,0,Agelaius tricolor,Courtship Song,32.60800171,33.54666519,94,8719,24000,present,https://rfcx-streams-production.s3.eu-west-1.amazonaws.com/2024/05/15/2jm3bjkccty2/32019cb0-8d11-4a3c-b5e5-52269d599a37.flac?X-Amz-Algorithm=AWS4-HMAC-SHA256&X-Amz-Content-Sha256=UNSIGNED-PAYLOAD&X-Amz-Credential=AKIA45B7YWBX5HAZMGOU%2F20260223%2Feu-west-1%2Fs3%2Faws4_request&X-Amz-Date=20260223T003250Z&X-Amz-Expires=604800&X-Amz-Signature=5215d7bf8a25f8bd0ae6e95067bf302a3e98093a632dd9bda466f8a3901c2c3d&X-Amz-SignedHeaders=host&response-content-disposition=attachment%3B%20filename%3D32019cb0-8d11-4a3c-b5e5-52269d599a37.flac&x-id=GetObject,0.573116601,65444
LMRam-2024-05-15_14-20.WAV,2024 Baja Lago Mesa Redonda,2024,5,15,14,20,Agelaius tricolor,Courtship Song,46.48533249,47.42399979,94,8719,24000,present,https://rfcx-streams-production.s3.eu-west-1.amazonaws.com/2024/05/15/2jm3bjkccty2/7d844125-51b5-47e9-969f-0c6669f3f042.flac?X-Amz-Algorithm=AWS4-HMAC-SHA256&X-Amz-Content-Sha256=UNSIGNED-PAYLOAD&X-Amz-Credential=AKIA45B7YWBX5HAZMGOU%2F20260223%2Feu-west-1%2Fs3%2Faws4_request&X-Amz-Date=20260223T003239Z&X-Amz-Expires=604800&X-Amz-Signature=714ef833d2c3092d40ff05a43d7883b5f22d21196f4b92c2df96cc6692ddf6db&X-Amz-SignedHeaders=host&response-content-disposition=attachment%3B%20filename%3D7d844125-51b5-47e9-969f-0c6669f3f042.flac&x-id=GetObject,0.398566306,65444
LMRam-2024-05-15_15-00.WAV,2024 Baja Lago Mesa Redonda,2024,5,15,15,0,Agelaius tricolor,Courtship Song,50.05333328,50.99200058,94,8719,24000,present,https://rfcx-streams-production.s3.eu-west-1.amazonaws.com/2024/05/15/2jm3bjkccty2/192cc3b2-e838-45c9-ac02-ace44446ec53.flac?X-Amz-Algorithm=AWS4-HMAC-SHA256&X-Amz-Content-Sha256=UNSIGNED-PAYLOAD&X-Amz-Credential=AKIA45B7YWBX5HAZMGOU%2F20260223%2Feu-west-1%2Fs3%2Faws4_request&X-Amz-Date=20260223T003250Z&X-Amz-Expires=604800&X-Amz-Signature=ec63302416d890eebf6f53f61e29c56a10b3e2d84eed7972cf913e83e58dfe54&X-Amz-SignedHeaders=host&response-content-disposition=attachment%3B%20filename%3D192cc3b2-e838-45c9-ac02-ace44446ec53.flac&x-id=GetObject,0.392548144,65444
LMRam-2024-05-15_15-20.WAV,2024 Baja Lago Mesa Redonda,2024,5,15,15,20,Agelaius tricolor,Courtship Song,12.6293335,13.56799984,94,8719,24000,present,https://rfcx-streams-production.s3.eu-west-1.amazonaws.com/2024/05/15/2jm3bjkccty2/9c68c3d8-86f4-42e2-ac96-ecceb094cec8.flac?X-Amz-Algorithm=AWS4-HMAC-SHA256&X-Amz-Content-Sha256=UNSIGNED-PAYLOAD&X-Amz-Credential=AKIA45B7YWBX5HAZMGOU%2F20260223%2Feu-west-1%2Fs3%2Faws4_request&X-Amz-Date=20260223T003250Z&X-Amz-Expires=604800&X-Amz-Signature=4db803c64aabd4cd4c5911628f1c445ccc08af21f031d7c8f885920d83ae7a75&X-Amz-SignedHeaders=host&response-content-disposition=attachment%3B%20filename%3D9c68c3d8-86f4-42e2-ac96-ecceb094cec8.flac&x-id=GetObject,0.396314055,65444
LMRam-2024-05-15_16-00.WAV,2024 Baja Lago Mesa Redonda,2024,5,15,16,0,Agelaius tricolor,Courtship Song,30.70400047,31.64266586,94,8719,24000,present,https://rfcx-streams-production.s3.eu-west-1.amazonaws.com/2024/05/15/2jm3bjkccty2/a2bca3bc-2fac-49bc-8aef-1fd46afb13f1.flac?X-Amz-Algorithm=AWS4-HMAC-SHA256&X-Amz-Content-Sha256=UNSIGNED-PAYLOAD&X-Amz-Credential=AKIA45B7YWBX5HAZMGOU%2F20260223%2Feu-west-1%2Fs3%2Faws4_request&X-Amz-Date=20260223T003250Z&X-Amz-Expires=604800&X-Amz-Signature=888c513d1a587412890c9e1c7dbd5e804dcb48273c34def65b47e124d654f26c&X-Amz-SignedHeaders=host&response-content-disposition=attachment%3B%20filename%3Da2bca3bc-2fac-49bc-8aef-1fd46afb13f1.flac&x-id=GetObject,0.491741627,65444
LMRam-2024-05-15_16-40.WAV,2024 Baja Lago Mesa Redonda,2024,5,15,16,40,Agelaius tricolor,Courtship Song,27.95199966,28.89066696,94,8719,24000,present,https://rfcx-streams-production.s3.eu-west-1.amazonaws.com/2024/05/15/2jm3bjkccty2/6b84ec1d-91d1-43c4-9af3-d32a3e200f4a.flac?X-Amz-Algorithm=AWS4-HMAC-SHA256&X-Amz-Content-Sha256=UNSIGNED-PAYLOAD&X-Amz-Credential=AKIA45B7YWBX5HAZMGOU%2F20260223%2Feu-west-1%2Fs3%2Faws4_request&X-Amz-Date=20260223T003250Z&X-Amz-Expires=604800&X-Amz-Signature=7d4c77fa29a1b08ddd4e70d4e9ce99f356e7a577ea5e9b69a9f553c24cc34bc8&X-Amz-SignedHeaders=host&response-content-disposition=attachment%3B%20filename%3D6b84ec1d-91d1-43c4-9af3-d32a3e200f4a.flac&x-id=GetObject,0.419577122,65444
LMRam-2024-05-15_17-00.WAV,2024 Baja Lago Mesa Redonda,2024,5,15,17,0,Agelaius tricolor,Courtship Song,46.38933182,47.32799911,94,8719,24000,present,https://rfcx-streams-production.s3.eu-west-1.amazonaws.com/2024/05/16/2jm3bjkccty2/72df5654-ee02-4110-be5c-c52c9a372adb.flac?X-Amz-Algorithm=AWS4-HMAC-SHA256&X-Amz-Content-Sha256=UNSIGNED-PAYLOAD&X-Amz-Credential=AKIA45B7YWBX5HAZMGOU%2F20260223%2Feu-west-1%2Fs3%2Faws4_request&X-Amz-Date=20260223T003250Z&X-Amz-Expires=604800&X-Amz-Signature=85d2cfaa01848533ea0f89a57891da55cd0a5d7c485c808994fdf60d1f5460e8&X-Amz-SignedHeaders=host&response-content-disposition=attachment%3B%20filename%3D72df5654-ee02-4110-be5c-c52c9a372adb.flac&x-id=GetObject,0.505806386,65444
LMRam-2024-05-16_07-40.WAV,2024 Baja Lago Mesa Redonda,2024,5,16,7,40,Agelaius tricolor,Courtship Song,47.75999832,48.69866562,94,8719,24000,present,https://rfcx-streams-production.s3.eu-west-1.amazonaws.com/2024/05/16/2jm3bjkccty2/cb9cadd7-8276-4847-8056-1ae2a4c56053.flac?X-Amz-Algorithm=AWS4-HMAC-SHA256&X-Amz-Content-Sha256=UNSIGNED-PAYLOAD&X-Amz-Credential=AKIA45B7YWBX5HAZMGOU%2F20260223%2Feu-west-1%2Fs3%2Faws4_request&X-Amz-Date=20260223T003250Z&X-Amz-Expires=604800&X-Amz-Signature=696db450b9f86603c75fd2bf7640d06b78a59810fd80147a04bb5e1bfa0e1b46&X-Amz-SignedHeaders=host&response-content-disposition=attachment%3B%20filename%3Dcb9cadd7-8276-4847-8056-1ae2a4c56053.flac&x-id=GetObject,0.398650289,65444
LMRam-2024-05-16_08-00.WAV,2024 Baja Lago Mesa Redonda,2024,5,16,8,0,Agelaius tricolor,Courtship Song,42.38399887,43.32266617,94,8719,24000,present,https://rfcx-streams-production.s3.eu-west-1.amazonaws.com/2024/05/16/2jm3bjkccty2/66fed005-08ae-4902-9b29-c6cbe46862f1.flac?X-Amz-Algorithm=AWS4-HMAC-SHA256&X-Amz-Content-Sha256=UNSIGNED-PAYLOAD&X-Amz-Credential=AKIA45B7YWBX5HAZMGOU%2F20260223%2Feu-west-1%2Fs3%2Faws4_request&X-Amz-Date=20260223T003239Z&X-Amz-Expires=604800&X-Amz-Signature=1f7899bc6b89ba78b0da8d5ffddc9ee0d41b861e3b789f1af460c5571cca3b73&X-Amz-SignedHeaders=host&response-content-disposition=attachment%3B%20filename%3D66fed005-08ae-4902-9b29-c6cbe46862f1.flac&x-id=GetObject,0.37019065,65444
LMRam-2024-05-16_08-20.WAV,2024 Baja Lago Mesa Redonda,2024,5,16,8,20,Agelaius tricolor,Courtship Song,30.55999947,31.49866676,94,8719,24000,present,https://rfcx-streams-production.s3.eu-west-1.amazonaws.com/2024/05/16/2jm3bjkccty2/e8f469bf-3a42-4bb2-8dcd-75d543993d22.flac?X-Amz-Algorithm=AWS4-HMAC-SHA256&X-Amz-Content-Sha256=UNSIGNED-PAYLOAD&X-Amz-Credential=AKIA45B7YWBX5HAZMGOU%2F20260223%2Feu-west-1%2Fs3%2Faws4_request&X-Amz-Date=20260223T003250Z&X-Amz-Expires=604800&X-Amz-Signature=045d0dbb4be007a458cee56f7acb35b34d46ccf0c5efdd8ef8644e364de887cf&X-Amz-SignedHeaders=host&response-content-disposition=attachment%3B%20filename%3De8f469bf-3a42-4bb2-8dcd-75d543993d22.flac&x-id=GetObject,0.440623909,65444
LMRam-2024-05-16_08-40.WAV,2024 Baja Lago Mesa Redonda,2024,5,16,8,40,Agelaius tricolor,Courtship Song,30.34133339,31.28000069,94,8719,24000,present,https://rfcx-streams-production.s3.eu-west-1.amazonaws.com/2024/05/16/2jm3bjkccty2/96b9d330-e6a8-4045-955b-dcd6e4943a19.flac?X-Amz-Algorithm=AWS4-HMAC-SHA256&X-Amz-Content-Sha256=UNSIGNED-PAYLOAD&X-Amz-Credential=AKIA45B7YWBX5HAZMGOU%2F20260223%2Feu-west-1%2Fs3%2Faws4_request&X-Amz-Date=20260223T003250Z&X-Amz-Expires=604800&X-Amz-Signature=663f777a2ccbf5193dba3aabdf761fa21babe2f49c82352e25883f1c6fe8c0fa&X-Amz-SignedHeaders=host&response-content-disposition=attachment%3B%20filename%3D96b9d330-e6a8-4045-955b-dcd6e4943a19.flac&x-id=GetObject,0.389411032,65444
LMRam-2024-05-16_09-00.WAV,2024 Baja Lago Mesa Redonda,2024,5,16,9,0,Agelaius tricolor,Courtship Song,45.88800049,46.82666779,94,8719,24000,present,https://rfcx-streams-production.s3.eu-west-1.amazonaws.com/2024/05/16/2jm3bjkccty2/86cb75f6-029b-452a-9ac9-c2add7dc05c4.flac?X-Amz-Algorithm=AWS4-HMAC-SHA256&X-Amz-Content-Sha256=UNSIGNED-PAYLOAD&X-Amz-Credential=AKIA45B7YWBX5HAZMGOU%2F20260223%2Feu-west-1%2Fs3%2Faws4_request&X-Amz-Date=20260223T003250Z&X-Amz-Expires=604800&X-Amz-Signature=cd2ee5910f03b6d7b7bfcac580a62400fa331ad607ed081b6483e5a262467a84&X-Amz-SignedHeaders=host&response-content-disposition=attachment%3B%20filename%3D86cb75f6-029b-452a-9ac9-c2add7dc05c4.flac&x-id=GetObject,0.463121325,65444
LMRam-2024-05-16_10-00.WAV,2024 Baja Lago Mesa Redonda,2024,5,16,10,0,Agelaius tricolor,Courtship Song,51.66400146,52.60266495,94,8719,24000,present,https://rfcx-streams-production.s3.eu-west-1.amazonaws.com/2024/05/16/2jm3bjkccty2/2369b298-8859-4068-8697-980a5e1d49e0.flac?X-Amz-Algorithm=AWS4-HMAC-SHA256&X-Amz-Content-Sha256=UNSIGNED-PAYLOAD&X-Amz-Credential=AKIA45B7YWBX5HAZMGOU%2F20260223%2Feu-west-1%2Fs3%2Faws4_request&X-Amz-Date=20260223T003250Z&X-Amz-Expires=604800&X-Amz-Signature=f22805c042711a861677266c7b5b256a707e7536bca9bf954c2986b762c0d45d&X-Amz-SignedHeaders=host&response-content-disposition=attachment%3B%20filename%3D2369b298-8859-4068-8697-980a5e1d49e0.flac&x-id=GetObject,0.520894527,65444
LMRam-2024-05-16_11-40.WAV,2024 Baja Lago Mesa Redonda,2024,5,16,11,40,Agelaius tricolor,Courtship Song,15.42399979,16.36266708,94,8719,24000,present,https://rfcx-streams-production.s3.eu-west-1.amazonaws.com/2024/05/16/2jm3bjkccty2/31748782-cc39-4df6-89a7-4f5b81c2e56d.flac?X-Amz-Algorithm=AWS4-HMAC-SHA256&X-Amz-Content-Sha256=UNSIGNED-PAYLOAD&X-Amz-Credential=AKIA45B7YWBX5HAZMGOU%2F20260223%2Feu-west-1%2Fs3%2Faws4_request&X-Amz-Date=20260223T003250Z&X-Amz-Expires=604800&X-Amz-Signature=3d086e816677890c618e29509f361e67f00e623758a275e8bc05aa630c543c11&X-Amz-SignedHeaders=host&response-content-disposition=attachment%3B%20filename%3D31748782-cc39-4df6-89a7-4f5b81c2e56d.flac&x-id=GetObject,0.398209423,65444
LMRam-2024-05-16_16-20.WAV,2024 Baja Lago Mesa Redonda,2024,5,16,16,20,Agelaius tricolor,Courtship Song,38.27199936,39.21066666,94,8719,24000,present,https://rfcx-streams-production.s3.eu-west-1.amazonaws.com/2024/05/16/2jm3bjkccty2/7861b407-22d2-4d26-8afe-e27dad07c93f.flac?X-Amz-Algorithm=AWS4-HMAC-SHA256&X-Amz-Content-Sha256=UNSIGNED-PAYLOAD&X-Amz-Credential=AKIA45B7YWBX5HAZMGOU%2F20260223%2Feu-west-1%2Fs3%2Faws4_request&X-Amz-Date=20260223T003250Z&X-Amz-Expires=604800&X-Amz-Signature=db9b953a18b214c79351d0434da5b4710a4ef615337c9a59076210ca656a4911&X-Amz-SignedHeaders=host&response-content-disposition=attachment%3B%20filename%3D7861b407-22d2-4d26-8afe-e27dad07c93f.flac&x-id=GetObject,0.521208227,65444
LMRam-2024-05-17_06-20.WAV,2024 Baja Lago Mesa Redonda,2024,5,17,6,20,Agelaius tricolor,Courtship Song,26.43199921,27.3706665,94,8719,24000,present,https://rfcx-streams-production.s3.eu-west-1.amazonaws.com/2024/05/17/2jm3bjkccty2/34ee2299-9ac9-4cc8-ae71-f7ca85cdc804.flac?X-Amz-Algorithm=AWS4-HMAC-SHA256&X-Amz-Content-Sha256=UNSIGNED-PAYLOAD&X-Amz-Credential=AKIA45B7YWBX5HAZMGOU%2F20260223%2Feu-west-1%2Fs3%2Faws4_request&X-Amz-Date=20260223T003239Z&X-Amz-Expires=604800&X-Amz-Signature=bbd1ff84ea6d657e4c20a070244eefcd33918db50e2582df2aacf5151b28fadd&X-Amz-SignedHeaders=host&response-content-disposition=attachment%3B%20filename%3D34ee2299-9ac9-4cc8-ae71-f7ca85cdc804.flac&x-id=GetObject,0.4296,65444
LMRam-2024-05-17_08-40.WAV,2024 Baja Lago Mesa Redonda,2024,5,17,8,40,Agelaius tricolor,Courtship Song,39.22133255,40.15999985,94,8719,24000,present,https://rfcx-streams-production.s3.eu-west-1.amazonaws.com/2024/05/17/2jm3bjkccty2/e6bb625a-18fb-4fdf-9e31-bdf6273cbdc5.flac?X-Amz-Algorithm=AWS4-HMAC-SHA256&X-Amz-Content-Sha256=UNSIGNED-PAYLOAD&X-Amz-Credential=AKIA45B7YWBX5HAZMGOU%2F20260223%2Feu-west-1%2Fs3%2Faws4_request&X-Amz-Date=20260223T003250Z&X-Amz-Expires=604800&X-Amz-Signature=379c5edf16473f6bf2d6d88c80a3ad224402358ce2ffa0413e67ba496a1bd123&X-Amz-SignedHeaders=host&response-content-disposition=attachment%3B%20filename%3De6bb625a-18fb-4fdf-9e31-bdf6273cbdc5.flac&x-id=GetObject,0.502989292,65444
LMRam-2024-05-17_09-00.WAV,2024 Baja Lago Mesa Redonda,2024,5,17,9,0,Agelaius tricolor,Courtship Song,35.7120018,36.65066528,94,8719,24000,present,https://rfcx-streams-production.s3.eu-west-1.amazonaws.com/2024/05/17/2jm3bjkccty2/06ad0648-71c4-4552-befe-655f4236d85e.flac?X-Amz-Algorithm=AWS4-HMAC-SHA256&X-Amz-Content-Sha256=UNSIGNED-PAYLOAD&X-Amz-Credential=AKIA45B7YWBX5HAZMGOU%2F20260223%2Feu-west-1%2Fs3%2Faws4_request&X-Amz-Date=20260223T003250Z&X-Amz-Expires=604800&X-Amz-Signature=1f23e75224015675bcf3f64f0d000227efb438369818abb6aec7dde615ef3b7a&X-Amz-SignedHeaders=host&response-content-disposition=attachment%3B%20filename%3D06ad0648-71c4-4552-befe-655f4236d85e.flac&x-id=GetObject,0.500095427,65444
LMRam-2024-05-17_12-40.WAV,2024 Baja Lago Mesa Redonda,2024,5,17,12,40,Agelaius tricolor,Courtship Song,13.46666622,14.40533352,94,8719,24000,present,https://rfcx-streams-production.s3.eu-west-1.amazonaws.com/2024/05/17/2jm3bjkccty2/b65f9387-458c-4217-9f9b-511526b8438c.flac?X-Amz-Algorithm=AWS4-HMAC-SHA256&X-Amz-Content-Sha256=UNSIGNED-PAYLOAD&X-Amz-Credential=AKIA45B7YWBX5HAZMGOU%2F20260223%2Feu-west-1%2Fs3%2Faws4_request&X-Amz-Date=20260223T003250Z&X-Amz-Expires=604800&X-Amz-Signature=8486f3aa22ccb4b75d6a2f773d18f60333892432f0dde905db538963d6d94f31&X-Amz-SignedHeaders=host&response-content-disposition=attachment%3B%20filename%3Db65f9387-458c-4217-9f9b-511526b8438c.flac&x-id=GetObject,0.534395158,65444
LMRam-2024-05-17_14-00.WAV,2024 Baja Lago Mesa Redonda,2024,5,17,14,0,Agelaius tricolor,Courtship Song,1.35466671,2.293333292,94,8719,24000,present,https://rfcx-streams-production.s3.eu-west-1.amazonaws.com/2024/05/17/2jm3bjkccty2/f4f46dd3-a464-4289-a9cc-f59313089e16.flac?X-Amz-Algorithm=AWS4-HMAC-SHA256&X-Amz-Content-Sha256=UNSIGNED-PAYLOAD&X-Amz-Credential=AKIA45B7YWBX5HAZMGOU%2F20260223%2Feu-west-1%2Fs3%2Faws4_request&X-Amz-Date=20260223T003250Z&X-Amz-Expires=604800&X-Amz-Signature=f29b2e8fd8cfe6380cd28ddefe8dc53e2e32f4388b86bb54b1fada74c3da2012&X-Amz-SignedHeaders=host&response-content-disposition=attachment%3B%20filename%3Df4f46dd3-a464-4289-a9cc-f59313089e16.flac&x-id=GetObject,0.523989201,65444
LMRam-2024-05-18_06-20.WAV,2024 Baja Lago Mesa Redonda,2024,5,18,6,20,Agelaius tricolor,Courtship Song,55.41333389,56.35200119,94,8719,24000,present,https://rfcx-streams-production.s3.eu-west-1.amazonaws.com/2024/05/18/2jm3bjkccty2/be03f94d-436b-4305-8219-da9ca39c7397.flac?X-Amz-Algorithm=AWS4-HMAC-SHA256&X-Amz-Content-Sha256=UNSIGNED-PAYLOAD&X-Amz-Credential=AKIA45B7YWBX5HAZMGOU%2F20260223%2Feu-west-1%2Fs3%2Faws4_request&X-Amz-Date=20260223T003250Z&X-Amz-Expires=604800&X-Amz-Signature=7297fca998972905839f999299ceb334d3b4c9b82e29474db26a731b7693da4f&X-Amz-SignedHeaders=host&response-content-disposition=attachment%3B%20filename%3Dbe03f94d-436b-4305-8219-da9ca39c7397.flac&x-id=GetObject,0.507226765,65444
LMRam-2024-05-18_08-00.WAV,2024 Baja Lago Mesa Redonda,2024,5,18,8,0,Agelaius tricolor,Courtship Song,13.05599976,13.99466705,94,8719,24000,present,https://rfcx-streams-production.s3.eu-west-1.amazonaws.com/2024/05/18/2jm3bjkccty2/7ae98c13-94d7-4885-9f46-3b9d6e9b506f.flac?X-Amz-Algorithm=AWS4-HMAC-SHA256&X-Amz-Content-Sha256=UNSIGNED-PAYLOAD&X-Amz-Credential=AKIA45B7YWBX5HAZMGOU%2F20260223%2Feu-west-1%2Fs3%2Faws4_request&X-Amz-Date=20260223T003250Z&X-Amz-Expires=604800&X-Amz-Signature=00f48e8b8875e87bbbec659cea34a1674a2d96875eafa0fdb5f2fc4cdadfcd41&X-Amz-SignedHeaders=host&response-content-disposition=attachment%3B%20filename%3D7ae98c13-94d7-4885-9f46-3b9d6e9b506f.flac&x-id=GetObject,0.435692847,65444
LMRam-2024-05-18_08-20.WAV,2024 Baja Lago Mesa Redonda,2024,5,18,8,20,Agelaius tricolor,Courtship Song,55.45600128,56.39466476,94,8719,24000,present,https://rfcx-streams-production.s3.eu-west-1.amazonaws.com/2024/05/18/2jm3bjkccty2/9064cfaf-3ced-483d-93d3-7d5289713c37.flac?X-Amz-Algorithm=AWS4-HMAC-SHA256&X-Amz-Content-Sha256=UNSIGNED-PAYLOAD&X-Amz-Credential=AKIA45B7YWBX5HAZMGOU%2F20260223%2Feu-west-1%2Fs3%2Faws4_request&X-Amz-Date=20260223T003250Z&X-Amz-Expires=604800&X-Amz-Signature=b661df543a302c4b3e8dc51cfccd5feb5f2e4d50c96d6dbce3bb9d7350672c79&X-Amz-SignedHeaders=host&response-content-disposition=attachment%3B%20filename%3D9064cfaf-3ced-483d-93d3-7d5289713c37.flac&x-id=GetObject,0.590454638,65444
LMRam-2024-05-19_11-00.WAV,2024 Baja Lago Mesa Redonda,2024,5,19,11,0,Agelaius tricolor,Courtship Song,37.04533386,37.98400116,94,8719,24000,present,https://rfcx-streams-production.s3.eu-west-1.amazonaws.com/2024/05/19/2jm3bjkccty2/e30682e3-6726-430b-8030-a72381ac463f.flac?X-Amz-Algorithm=AWS4-HMAC-SHA256&X-Amz-Content-Sha256=UNSIGNED-PAYLOAD&X-Amz-Credential=AKIA45B7YWBX5HAZMGOU%2F20260223%2Feu-west-1%2Fs3%2Faws4_request&X-Amz-Date=20260223T003250Z&X-Amz-Expires=604800&X-Amz-Signature=f3e8979492dfff1a9e0c36fc819ef1a8fa09b3a79b82f6942fa491cb6211cb00&X-Amz-SignedHeaders=host&response-content-disposition=attachment%3B%20filename%3De30682e3-6726-430b-8030-a72381ac463f.flac&x-id=GetObject,0.474786669,65444
LMRam-2024-05-19_17-20.WAV,2024 Baja Lago Mesa Redonda,2024,5,19,17,20,Agelaius tricolor,Courtship Song,29.5359993,30.4746666,94,8719,24000,present,https://rfcx-streams-production.s3.eu-west-1.amazonaws.com/2024/05/20/2jm3bjkccty2/6f5af977-5fd5-422f-ae37-517340a46772.flac?X-Amz-Algorithm=AWS4-HMAC-SHA256&X-Amz-Content-Sha256=UNSIGNED-PAYLOAD&X-Amz-Credential=AKIA45B7YWBX5HAZMGOU%2F20260223%2Feu-west-1%2Fs3%2Faws4_request&X-Amz-Date=20260223T003239Z&X-Amz-Expires=604800&X-Amz-Signature=218005261210ae13f811a5c5b202a37c9c8d09df4748291552f10f3ad034e8f2&X-Amz-SignedHeaders=host&response-content-disposition=attachment%3B%20filename%3D6f5af977-5fd5-422f-ae37-517340a46772.flac&x-id=GetObject,0.441341221,65444
LMRam-2024-05-20_05-40.WAV,2024 Baja Lago Mesa Redonda,2024,5,20,5,40,Agelaius tricolor,Courtship Song,53.77066803,54.70933151,94,8719,24000,present,https://rfcx-streams-production.s3.eu-west-1.amazonaws.com/2024/05/20/2jm3bjkccty2/0d423754-0a11-4741-91c4-0d7a6d83304b.flac?X-Amz-Algorithm=AWS4-HMAC-SHA256&X-Amz-Content-Sha256=UNSIGNED-PAYLOAD&X-Amz-Credential=AKIA45B7YWBX5HAZMGOU%2F20260223%2Feu-west-1%2Fs3%2Faws4_request&X-Amz-Date=20260223T003249Z&X-Amz-Expires=604800&X-Amz-Signature=4baa27a38834b324d522febc93be060135c79f4d9565aa9010cf44b28f73dab1&X-Amz-SignedHeaders=host&response-content-disposition=attachment%3B%20filename%3D0d423754-0a11-4741-91c4-0d7a6d83304b.flac&x-id=GetObject,0.361351907,65444
LMRam-2024-05-20_11-40.WAV,2024 Baja Lago Mesa Redonda,2024,5,20,11,40,Agelaius tricolor,Courtship Song,20.89066696,21.82933426,94,8719,24000,present,https://rfcx-streams-production.s3.eu-west-1.amazonaws.com/2024/05/20/2jm3bjkccty2/c77784a9-61b6-4ed1-9160-3d778ee8dd7a.flac?X-Amz-Algorithm=AWS4-HMAC-SHA256&X-Amz-Content-Sha256=UNSIGNED-PAYLOAD&X-Amz-Credential=AKIA45B7YWBX5HAZMGOU%2F20260223%2Feu-west-1%2Fs3%2Faws4_request&X-Amz-Date=20260223T003249Z&X-Amz-Expires=604800&X-Amz-Signature=304ac04c3435dc905ab67039820ad73e7501920e61b0b7a26fd59e835a44bf7c&X-Amz-SignedHeaders=host&response-content-disposition=attachment%3B%20filename%3Dc77784a9-61b6-4ed1-9160-3d778ee8dd7a.flac&x-id=GetObject,0.34028393,65444
LMRam-2024-05-20_19-40.WAV,2024 Baja Lago Mesa Redonda,2024,5,20,19,40,Agelaius tricolor,Courtship Song,39.70666504,40.64533234,94,8719,24000,present,https://rfcx-streams-production.s3.eu-west-1.amazonaws.com/2024/05/21/2jm3bjkccty2/ed6ece43-fb9b-4e0d-a0c2-37a7b9ad0a28.flac?X-Amz-Algorithm=AWS4-HMAC-SHA256&X-Amz-Content-Sha256=UNSIGNED-PAYLOAD&X-Amz-Credential=AKIA45B7YWBX5HAZMGOU%2F20260223%2Feu-west-1%2Fs3%2Faws4_request&X-Amz-Date=20260223T003239Z&X-Amz-Expires=604800&X-Amz-Signature=89d07c3b3b9b09469f30842c6a17130d358047040020974ab46c3892688bdedf&X-Amz-SignedHeaders=host&response-content-disposition=attachment%3B%20filename%3Ded6ece43-fb9b-4e0d-a0c2-37a7b9ad0a28.flac&x-id=GetObject,0.309417844,65444
LMRam-2024-05-20_20-00.WAV,2024 Baja Lago Mesa Redonda,2024,5,20,20,0,Agelaius tricolor,Courtship Song,57.98400116,58.92266846,94,8719,24000,present,https://rfcx-streams-production.s3.eu-west-1.amazonaws.com/2024/05/21/2jm3bjkccty2/d912e423-2be3-450f-8f12-ac6dd88bae11.flac?X-Amz-Algorithm=AWS4-HMAC-SHA256&X-Amz-Content-Sha256=UNSIGNED-PAYLOAD&X-Amz-Credential=AKIA45B7YWBX5HAZMGOU%2F20260223%2Feu-west-1%2Fs3%2Faws4_request&X-Amz-Date=20260223T003249Z&X-Amz-Expires=604800&X-Amz-Signature=7cdd3bc1ad3bc7682c233d995778f9a7126d784e72f200095ed3f8c20c707c4b&X-Amz-SignedHeaders=host&response-content-disposition=attachment%3B%20filename%3Dd912e423-2be3-450f-8f12-ac6dd88bae11.flac&x-id=GetObject,0.437562525,65444
LMRam-2024-05-21_05-20.WAV,2024 Baja Lago Mesa Redonda,2024,5,21,5,20,Agelaius tricolor,Courtship Song,56.61333466,57.55199814,94,8719,24000,present,https://rfcx-streams-production.s3.eu-west-1.amazonaws.com/2024/05/21/2jm3bjkccty2/6c17ed1f-94ea-4a2e-8f55-0deb7448a55b.flac?X-Amz-Algorithm=AWS4-HMAC-SHA256&X-Amz-Content-Sha256=UNSIGNED-PAYLOAD&X-Amz-Credential=AKIA45B7YWBX5HAZMGOU%2F20260223%2Feu-west-1%2Fs3%2Faws4_request&X-Amz-Date=20260223T003240Z&X-Amz-Expires=604800&X-Amz-Signature=ac7897cf9b655f4e7eaa82a5fcc65c1931cdc0598726b15818b2f32b1017c42c&X-Amz-SignedHeaders=host&response-content-disposition=attachment%3B%20filename%3D6c17ed1f-94ea-4a2e-8f55-0deb7448a55b.flac&x-id=GetObject,0.313464373,65444
LMRam-2024-05-21_11-20.WAV,2024 Baja Lago Mesa Redonda,2024,5,21,11,20,Agelaius tricolor,Courtship Song,41.20533371,42.14400101,94,8719,24000,present,https://rfcx-streams-production.s3.eu-west-1.amazonaws.com/2024/05/21/2jm3bjkccty2/7514b3da-b599-4c97-8df2-f7a1f7b94d00.flac?X-Amz-Algorithm=AWS4-HMAC-SHA256&X-Amz-Content-Sha256=UNSIGNED-PAYLOAD&X-Amz-Credential=AKIA45B7YWBX5HAZMGOU%2F20260223%2Feu-west-1%2Fs3%2Faws4_request&X-Amz-Date=20260223T003249Z&X-Amz-Expires=604800&X-Amz-Signature=d341f5c167cf4751b778ac637c817bb27133448f88968c64094ae8ef8bc24491&X-Amz-SignedHeaders=host&response-content-disposition=attachment%3B%20filename%3D7514b3da-b599-4c97-8df2-f7a1f7b94d00.flac&x-id=GetObject,0.40933302,65444
LMRam-2024-05-22_05-40.WAV,2024 Baja Lago Mesa Redonda,2024,5,22,5,40,Agelaius tricolor,Courtship Song,24.72533417,25.66399956,94,8719,24000,present,https://rfcx-streams-production.s3.eu-west-1.amazonaws.com/2024/05/22/2jm3bjkccty2/c8c447db-0ded-435e-9cd6-e4030da7ec83.flac?X-Amz-Algorithm=AWS4-HMAC-SHA256&X-Amz-Content-Sha256=UNSIGNED-PAYLOAD&X-Amz-Credential=AKIA45B7YWBX5HAZMGOU%2F20260223%2Feu-west-1%2Fs3%2Faws4_request&X-Amz-Date=20260223T003249Z&X-Amz-Expires=604800&X-Amz-Signature=7dc4df30567a58c9f6fa307389694b38a3859204b648ff126f8d3e08ac37686d&X-Amz-SignedHeaders=host&response-content-disposition=attachment%3B%20filename%3Dc8c447db-0ded-435e-9cd6-e4030da7ec83.flac&x-id=GetObject,0.499258399,65444
LMRam-2024-05-22_06-00.WAV,2024 Baja Lago Mesa Redonda,2024,5,22,6,0,Agelaius tricolor,Courtship Song,35.30133438,36.24000168,94,8719,24000,present,https://rfcx-streams-production.s3.eu-west-1.amazonaws.com/2024/05/22/2jm3bjkccty2/7ce15297-5b0a-4762-9de7-7bfd35e467be.flac?X-Amz-Algorithm=AWS4-HMAC-SHA256&X-Amz-Content-Sha256=UNSIGNED-PAYLOAD&X-Amz-Credential=AKIA45B7YWBX5HAZMGOU%2F20260223%2Feu-west-1%2Fs3%2Faws4_request&X-Amz-Date=20260223T003249Z&X-Amz-Expires=604800&X-Amz-Signature=b2e07e054a49a6958255c344580e625f35d1cf01ff1358294bf20940a04f4081&X-Amz-SignedHeaders=host&response-content-disposition=attachment%3B%20filename%3D7ce15297-5b0a-4762-9de7-7bfd35e467be.flac&x-id=GetObject,0.529851913,65444
LMRam-2024-05-22_07-40.WAV,2024 Baja Lago Mesa Redonda,2024,5,22,7,40,Agelaius tricolor,Courtship Song,50.66666794,51.60533524,94,8719,24000,present,https://rfcx-streams-production.s3.eu-west-1.amazonaws.com/2024/05/22/2jm3bjkccty2/d734e7e4-7a93-4220-aaf7-204ae291d1e6.flac?X-Amz-Algorithm=AWS4-HMAC-SHA256&X-Amz-Content-Sha256=UNSIGNED-PAYLOAD&X-Amz-Credential=AKIA45B7YWBX5HAZMGOU%2F20260223%2Feu-west-1%2Fs3%2Faws4_request&X-Amz-Date=20260223T003249Z&X-Amz-Expires=604800&X-Amz-Signature=9daf67e6078f3857bee232f92db20df7bf6a7dcf9dc75880f10ac09b61b1bde1&X-Amz-SignedHeaders=host&response-content-disposition=attachment%3B%20filename%3Dd734e7e4-7a93-4220-aaf7-204ae291d1e6.flac&x-id=GetObject,0.47469461,65444
LMRam-2024-05-22_08-20.WAV,2024 Baja Lago Mesa Redonda,2024,5,22,8,20,Agelaius tricolor,Courtship Song,12.3253336,13.26399994,94,8719,24000,present,https://rfcx-streams-production.s3.eu-west-1.amazonaws.com/2024/05/22/2jm3bjkccty2/ef7ff049-b80c-4529-adec-f15d51c26598.flac?X-Amz-Algorithm=AWS4-HMAC-SHA256&X-Amz-Content-Sha256=UNSIGNED-PAYLOAD&X-Amz-Credential=AKIA45B7YWBX5HAZMGOU%2F20260223%2Feu-west-1%2Fs3%2Faws4_request&X-Amz-Date=20260223T003249Z&X-Amz-Expires=604800&X-Amz-Signature=f6e222eccb42095b65e2151ba4e700688f07b1c059671fbb49d315d493bb14ec&X-Amz-SignedHeaders=host&response-content-disposition=attachment%3B%20filename%3Def7ff049-b80c-4529-adec-f15d51c26598.flac&x-id=GetObject,0.53342557,65444
LMRam-2024-05-23_05-40.WAV,2024 Baja Lago Mesa Redonda,2024,5,23,5,40,Agelaius tricolor,Courtship Song,19.5253334,20.4640007,94,8719,24000,present,https://rfcx-streams-production.s3.eu-west-1.amazonaws.com/2024/05/23/2jm3bjkccty2/66f5dacf-a485-4824-a4fb-99f8e485a43e.flac?X-Amz-Algorithm=AWS4-HMAC-SHA256&X-Amz-Content-Sha256=UNSIGNED-PAYLOAD&X-Amz-Credential=AKIA45B7YWBX5HAZMGOU%2F20260223%2Feu-west-1%2Fs3%2Faws4_request&X-Amz-Date=20260223T003240Z&X-Amz-Expires=604800&X-Amz-Signature=6a7f61a82f4aee8a79fc20c199cef140680fa3a888fc5b39fa4f5cb5560e2ab4&X-Amz-SignedHeaders=host&response-content-disposition=attachment%3B%20filename%3D66f5dacf-a485-4824-a4fb-99f8e485a43e.flac&x-id=GetObject,0.400896132,65444
LMRam-2024-05-23_08-20.WAV,2024 Baja Lago Mesa Redonda,2024,5,23,8,20,Agelaius tricolor,Courtship Song,22.17066574,23.10933304,94,8719,24000,present,https://rfcx-streams-production.s3.eu-west-1.amazonaws.com/2024/05/23/2jm3bjkccty2/8bbfa3e1-7f92-4364-9ae5-830e2eeb75e6.flac?X-Amz-Algorithm=AWS4-HMAC-SHA256&X-Amz-Content-Sha256=UNSIGNED-PAYLOAD&X-Amz-Credential=AKIA45B7YWBX5HAZMGOU%2F20260223%2Feu-west-1%2Fs3%2Faws4_request&X-Amz-Date=20260223T003249Z&X-Amz-Expires=604800&X-Amz-Signature=82db23851f0da2fe5a6b1237222d8e78c4c32c3d379399cb3d97fa8db8e71d5e&X-Amz-SignedHeaders=host&response-content-disposition=attachment%3B%20filename%3D8bbfa3e1-7f92-4364-9ae5-830e2eeb75e6.flac&x-id=GetObject,0.476299882,65444
LMRam-2024-05-23_11-20.WAV,2024 Baja Lago Mesa Redonda,2024,5,23,11,20,Agelaius tricolor,Courtship Song,17.19466591,18.13333321,94,8719,24000,present,https://rfcx-streams-production.s3.eu-west-1.amazonaws.com/2024/05/23/2jm3bjkccty2/feb4ff86-e287-4b98-890e-b5f292fe42a5.flac?X-Amz-Algorithm=AWS4-HMAC-SHA256&X-Amz-Content-Sha256=UNSIGNED-PAYLOAD&X-Amz-Credential=AKIA45B7YWBX5HAZMGOU%2F20260223%2Feu-west-1%2Fs3%2Faws4_request&X-Amz-Date=20260223T003249Z&X-Amz-Expires=604800&X-Amz-Signature=cbc59d8f89867929db47ceebb3f3953715788763a3c0afa86cdb5399af287aae&X-Amz-SignedHeaders=host&response-content-disposition=attachment%3B%20filename%3Dfeb4ff86-e287-4b98-890e-b5f292fe42a5.flac&x-id=GetObject,0.514015436,65444
LMRam-2024-05-23_12-00.WAV,2024 Baja Lago Mesa Redonda,2024,5,23,12,0,Agelaius tricolor,Courtship Song,57.41333389,58.35200119,94,8719,24000,present,https://rfcx-streams-production.s3.eu-west-1.amazonaws.com/2024/05/23/2jm3bjkccty2/a3ffb009-3046-4761-b238-fb48257cd630.flac?X-Amz-Algorithm=AWS4-HMAC-SHA256&X-Amz-Content-Sha256=UNSIGNED-PAYLOAD&X-Amz-Credential=AKIA45B7YWBX5HAZMGOU%2F20260223%2Feu-west-1%2Fs3%2Faws4_request&X-Amz-Date=20260223T003240Z&X-Amz-Expires=604800&X-Amz-Signature=f01144faa71ecab05040576b6bfd92ab2f55ca497ff73549bbdb34f90325a4f6&X-Amz-SignedHeaders=host&response-content-disposition=attachment%3B%20filename%3Da3ffb009-3046-4761-b238-fb48257cd630.flac&x-id=GetObject,0.466175646,65444
LMRam-2024-05-24_05-40.WAV,2024 Baja Lago Mesa Redonda,2024,5,24,5,40,Agelaius tricolor,Courtship Song,56.22399902,57.16266632,94,8719,24000,present,https://rfcx-streams-production.s3.eu-west-1.amazonaws.com/2024/05/24/2jm3bjkccty2/b438c2bf-adf1-42ae-8f7e-5a41dfec6603.flac?X-Amz-Algorithm=AWS4-HMAC-SHA256&X-Amz-Content-Sha256=UNSIGNED-PAYLOAD&X-Amz-Credential=AKIA45B7YWBX5HAZMGOU%2F20260223%2Feu-west-1%2Fs3%2Faws4_request&X-Amz-Date=20260223T003240Z&X-Amz-Expires=604800&X-Amz-Signature=5b277617563a8beb18ef2bc13d4dc669cdcf20b74c9b730d15ae6f4dc5112584&X-Amz-SignedHeaders=host&response-content-disposition=attachment%3B%20filename%3Db438c2bf-adf1-42ae-8f7e-5a41dfec6603.flac&x-id=GetObject,0.448890686,65444
LMRam-2024-05-24_06-00.WAV,2024 Baja Lago Mesa Redonda,2024,5,24,6,0,Agelaius tricolor,Courtship Song,7.589333534,8.527999878,94,8719,24000,present,https://rfcx-streams-production.s3.eu-west-1.amazonaws.com/2024/05/24/2jm3bjkccty2/54f4ef50-262a-4e7c-802c-88e8d64879d6.flac?X-Amz-Algorithm=AWS4-HMAC-SHA256&X-Amz-Content-Sha256=UNSIGNED-PAYLOAD&X-Amz-Credential=AKIA45B7YWBX5HAZMGOU%2F20260223%2Feu-west-1%2Fs3%2Faws4_request&X-Amz-Date=20260223T003249Z&X-Amz-Expires=604800&X-Amz-Signature=a833f42bb47c561156ba7e9fe944d12a34480bd7df19e1f076ed80b2d2bff5cc&X-Amz-SignedHeaders=host&response-content-disposition=attachment%3B%20filename%3D54f4ef50-262a-4e7c-802c-88e8d64879d6.flac&x-id=GetObject,0.45791319,65444
LMRam-2024-05-25_09-40.WAV,2024 Baja Lago Mesa Redonda,2024,5,25,9,40,Agelaius tricolor,Courtship Song,39.26933289,40.20800018,94,8719,24000,present,https://rfcx-streams-production.s3.eu-west-1.amazonaws.com/2024/05/25/2jm3bjkccty2/5a34dbfd-91e0-41e2-9cd8-191dc2c49c00.flac?X-Amz-Algorithm=AWS4-HMAC-SHA256&X-Amz-Content-Sha256=UNSIGNED-PAYLOAD&X-Amz-Credential=AKIA45B7YWBX5HAZMGOU%2F20260223%2Feu-west-1%2Fs3%2Faws4_request&X-Amz-Date=20260223T003249Z&X-Amz-Expires=604800&X-Amz-Signature=4e4a5e3a9dbe72e47a8d9ff57f416d07a75e080a2bab76693b14c323d8358498&X-Amz-SignedHeaders=host&response-content-disposition=attachment%3B%20filename%3D5a34dbfd-91e0-41e2-9cd8-191dc2c49c00.flac&x-id=GetObject,0.329530507,65444
LMRam-2024-05-25_14-00.WAV,2024 Baja Lago Mesa Redonda,2024,5,25,14,0,Agelaius tricolor,Courtship Song,55.29600143,56.23466492,94,8719,24000,present,https://rfcx-streams-production.s3.eu-west-1.amazonaws.com/2024/05/25/2jm3bjkccty2/c093ee8d-64c0-4033-8bcc-c88b76efef46.flac?X-Amz-Algorithm=AWS4-HMAC-SHA256&X-Amz-Content-Sha256=UNSIGNED-PAYLOAD&X-Amz-Credential=AKIA45B7YWBX5HAZMGOU%2F20260223%2Feu-west-1%2Fs3%2Faws4_request&X-Amz-Date=20260223T003249Z&X-Amz-Expires=604800&X-Amz-Signature=877c5cd172d192b05f76cfcf62389677ce2f3c7d8f20138a229b0b5c568b2168&X-Amz-SignedHeaders=host&response-content-disposition=attachment%3B%20filename%3Dc093ee8d-64c0-4033-8bcc-c88b76efef46.flac&x-id=GetObject,0.514573872,65444
LMRam-2024-05-27_19-00.WAV,2024 Baja Lago Mesa Redonda,2024,5,27,19,0,Agelaius tricolor,Courtship Song,14.08533287,15.02400017,94,8719,24000,present,https://rfcx-streams-production.s3.eu-west-1.amazonaws.com/2024/05/28/2jm3bjkccty2/f72734f6-2814-44c2-8531-8bce485b4fd3.flac?X-Amz-Algorithm=AWS4-HMAC-SHA256&X-Amz-Content-Sha256=UNSIGNED-PAYLOAD&X-Amz-Credential=AKIA45B7YWBX5HAZMGOU%2F20260223%2Feu-west-1%2Fs3%2Faws4_request&X-Amz-Date=20260223T003248Z&X-Amz-Expires=604800&X-Amz-Signature=51255447648d070ad7c2f615008788f91f65c5c00cab205e0a149c8d99bf28bc&X-Amz-SignedHeaders=host&response-content-disposition=attachment%3B%20filename%3Df72734f6-2814-44c2-8531-8bce485b4fd3.flac&x-id=GetObject,0.373057097,65444
LMRam-2024-05-28_08-40.WAV,2024 Baja Lago Mesa Redonda,2024,5,28,8,40,Agelaius tricolor,Courtship Song,7.205333233,8.144000053,94,8719,24000,present,https://rfcx-streams-production.s3.eu-west-1.amazonaws.com/2024/05/28/2jm3bjkccty2/354adb39-adc9-42c3-a03c-1effead9c75c.flac?X-Amz-Algorithm=AWS4-HMAC-SHA256&X-Amz-Content-Sha256=UNSIGNED-PAYLOAD&X-Amz-Credential=AKIA45B7YWBX5HAZMGOU%2F20260223%2Feu-west-1%2Fs3%2Faws4_request&X-Amz-Date=20260223T003248Z&X-Amz-Expires=604800&X-Amz-Signature=ce8b9d0201ea297e4740fd2f8ac2825fccb19f852234260c0c247ad375ecea41&X-Amz-SignedHeaders=host&response-content-disposition=attachment%3B%20filename%3D354adb39-adc9-42c3-a03c-1effead9c75c.flac&x-id=GetObject,0.397161335,65444
LMRam-2024-05-28_15-20.WAV,2024 Baja Lago Mesa Redonda,2024,5,28,15,20,Agelaius tricolor,Courtship Song,29.49866676,30.43733406,94,8719,24000,present,https://rfcx-streams-production.s3.eu-west-1.amazonaws.com/2024/05/28/2jm3bjkccty2/ec0b4fb6-1847-405d-a953-827d006027c2.flac?X-Amz-Algorithm=AWS4-HMAC-SHA256&X-Amz-Content-Sha256=UNSIGNED-PAYLOAD&X-Amz-Credential=AKIA45B7YWBX5HAZMGOU%2F20260223%2Feu-west-1%2Fs3%2Faws4_request&X-Amz-Date=20260223T003248Z&X-Amz-Expires=604800&X-Amz-Signature=c6d5dfbd91f18099fd99521effaef6720eabeed184daff89af7d0ea9190da7af&X-Amz-SignedHeaders=host&response-content-disposition=attachment%3B%20filename%3Dec0b4fb6-1847-405d-a953-827d006027c2.flac&x-id=GetObject,0.356415927,65444
LMRam-2024-05-29_06-20.WAV,2024 Baja Lago Mesa Redonda,2024,5,29,6,20,Agelaius tricolor,Courtship Song,5.168000221,6.106666565,94,8719,24000,present,https://rfcx-streams-production.s3.eu-west-1.amazonaws.com/2024/05/29/2jm3bjkccty2/ac183bab-dacd-4c47-84fb-703bb71e9b93.flac?X-Amz-Algorithm=AWS4-HMAC-SHA256&X-Amz-Content-Sha256=UNSIGNED-PAYLOAD&X-Amz-Credential=AKIA45B7YWBX5HAZMGOU%2F20260223%2Feu-west-1%2Fs3%2Faws4_request&X-Amz-Date=20260223T003248Z&X-Amz-Expires=604800&X-Amz-Signature=ccc3076e2b380825dc8c14bdd8974c5fc526f77cb5dc17dddb4d0f7383a27f4d&X-Amz-SignedHeaders=host&response-content-disposition=attachment%3B%20filename%3Dac183bab-dacd-4c47-84fb-703bb71e9b93.flac&x-id=GetObject,0.425334781,65444
LMRam-2024-05-29_07-00.WAV,2024 Baja Lago Mesa Redonda,2024,5,29,7,0,Agelaius tricolor,Courtship Song,41.80266571,42.74133301,94,8719,24000,present,https://rfcx-streams-production.s3.eu-west-1.amazonaws.com/2024/05/29/2jm3bjkccty2/d3878f94-c0b4-46fc-bfd9-e7965894b66e.flac?X-Amz-Algorithm=AWS4-HMAC-SHA256&X-Amz-Content-Sha256=UNSIGNED-PAYLOAD&X-Amz-Credential=AKIA45B7YWBX5HAZMGOU%2F20260223%2Feu-west-1%2Fs3%2Faws4_request&X-Amz-Date=20260223T003240Z&X-Amz-Expires=604800&X-Amz-Signature=05e7f793a74fb35dbb4288c358e6816686225a4ff978fd93f7633ff2a95a514d&X-Amz-SignedHeaders=host&response-content-disposition=attachment%3B%20filename%3Dd3878f94-c0b4-46fc-bfd9-e7965894b66e.flac&x-id=GetObject,0.311093181,65444
LMRam-2024-05-29_07-20.WAV,2024 Baja Lago Mesa Redonda,2024,5,29,7,20,Agelaius tricolor,Courtship Song,53.42933273,54.36800003,94,8719,24000,present,https://rfcx-streams-production.s3.eu-west-1.amazonaws.com/2024/05/29/2jm3bjkccty2/b2a5ecd4-325b-4aba-84a4-4be5ab7e0547.flac?X-Amz-Algorithm=AWS4-HMAC-SHA256&X-Amz-Content-Sha256=UNSIGNED-PAYLOAD&X-Amz-Credential=AKIA45B7YWBX5HAZMGOU%2F20260223%2Feu-west-1%2Fs3%2Faws4_request&X-Amz-Date=20260223T003248Z&X-Amz-Expires=604800&X-Amz-Signature=0c7eb93816d2c6b4536a92e5722b008882c81ac010abb4984ccdca80b1bd78ba&X-Amz-SignedHeaders=host&response-content-disposition=attachment%3B%20filename%3Db2a5ecd4-325b-4aba-84a4-4be5ab7e0547.flac&x-id=GetObject,0.393189281,65444
LMRam-2024-05-29_15-40.WAV,2024 Baja Lago Mesa Redonda,2024,5,29,15,40,Agelaius tricolor,Courtship Song,58.01599884,58.95466614,94,8719,24000,present,https://rfcx-streams-production.s3.eu-west-1.amazonaws.com/2024/05/29/2jm3bjkccty2/0d6ae3cd-b68c-4516-bbec-71cd533422af.flac?X-Amz-Algorithm=AWS4-HMAC-SHA256&X-Amz-Content-Sha256=UNSIGNED-PAYLOAD&X-Amz-Credential=AKIA45B7YWBX5HAZMGOU%2F20260223%2Feu-west-1%2Fs3%2Faws4_request&X-Amz-Date=20260223T003248Z&X-Amz-Expires=604800&X-Amz-Signature=56c0b241d70ba39e55df83445c316570eeaf4e29e3e466bce3cecddf6b09e096&X-Amz-SignedHeaders=host&response-content-disposition=attachment%3B%20filename%3D0d6ae3cd-b68c-4516-bbec-71cd533422af.flac&x-id=GetObject,0.450877607,65444
LMRam-2024-05-29_16-40.WAV,2024 Baja Lago Mesa Redonda,2024,5,29,16,40,Agelaius tricolor,Courtship Song,40.04800034,40.98666763,94,8719,24000,present,https://rfcx-streams-production.s3.eu-west-1.amazonaws.com/2024/05/29/2jm3bjkccty2/e0de60a4-bfe8-4653-81e1-792a9d445e4c.flac?X-Amz-Algorithm=AWS4-HMAC-SHA256&X-Amz-Content-Sha256=UNSIGNED-PAYLOAD&X-Amz-Credential=AKIA45B7YWBX5HAZMGOU%2F20260223%2Feu-west-1%2Fs3%2Faws4_request&X-Amz-Date=20260223T003248Z&X-Amz-Expires=604800&X-Amz-Signature=90e0a0c5aa99efab2dd3efee67095ce3e4ccd786e5c5361473c0b960c72329fe&X-Amz-SignedHeaders=host&response-content-disposition=attachment%3B%20filename%3De0de60a4-bfe8-4653-81e1-792a9d445e4c.flac&x-id=GetObject,0.453858316,65444
LMRam-2024-05-29_17-00.WAV,2024 Baja Lago Mesa Redonda,2024,5,29,17,0,Agelaius tricolor,Courtship Song,15.32800007,16.26666641,94,8719,24000,present,https://rfcx-streams-production.s3.eu-west-1.amazonaws.com/2024/05/30/2jm3bjkccty2/cda56d26-27d7-4ab9-bce3-414ab4571e19.flac?X-Amz-Algorithm=AWS4-HMAC-SHA256&X-Amz-Content-Sha256=UNSIGNED-PAYLOAD&X-Amz-Credential=AKIA45B7YWBX5HAZMGOU%2F20260223%2Feu-west-1%2Fs3%2Faws4_request&X-Amz-Date=20260223T003248Z&X-Amz-Expires=604800&X-Amz-Signature=117c93a214682f747328bdb1bdc6b16ac2c4065c180dc4e3530f51e4a25f31fa&X-Amz-SignedHeaders=host&response-content-disposition=attachment%3B%20filename%3Dcda56d26-27d7-4ab9-bce3-414ab4571e19.flac&x-id=GetObject,0.353269696,65444
LMRam-2024-05-29_18-20.WAV,2024 Baja Lago Mesa Redonda,2024,5,29,18,20,Agelaius tricolor,Courtship Song,32.0320015,32.97066498,94,8719,24000,present,https://rfcx-streams-production.s3.eu-west-1.amazonaws.com/2024/05/30/2jm3bjkccty2/460d97e6-4ee3-49ee-86d1-15cc7165cc6a.flac?X-Amz-Algorithm=AWS4-HMAC-SHA256&X-Amz-Content-Sha256=UNSIGNED-PAYLOAD&X-Amz-Credential=AKIA45B7YWBX5HAZMGOU%2F20260223%2Feu-west-1%2Fs3%2Faws4_request&X-Amz-Date=20260223T003248Z&X-Amz-Expires=604800&X-Amz-Signature=ec71475fa1bf498bc52c407090801471a8bbf6b44665b7a78ecdeb1cd6cc9a6d&X-Amz-SignedHeaders=host&response-content-disposition=attachment%3B%20filename%3D460d97e6-4ee3-49ee-86d1-15cc7165cc6a.flac&x-id=GetObject,0.466802418,65444
LMRam-2024-05-29_19-00.WAV,2024 Baja Lago Mesa Redonda,2024,5,29,19,0,Agelaius tricolor,Courtship Song,12.9119997,13.850667,94,8719,24000,present,https://rfcx-streams-production.s3.eu-west-1.amazonaws.com/2024/05/30/2jm3bjkccty2/b69d20d2-7628-4615-8fda-c95019c4d70c.flac?X-Amz-Algorithm=AWS4-HMAC-SHA256&X-Amz-Content-Sha256=UNSIGNED-PAYLOAD&X-Amz-Credential=AKIA45B7YWBX5HAZMGOU%2F20260223%2Feu-west-1%2Fs3%2Faws4_request&X-Amz-Date=20260223T003248Z&X-Amz-Expires=604800&X-Amz-Signature=2ee91ad8733a42aa65f42cf6d25cb5231fba112414e4bacc235b8163b10d836f&X-Amz-SignedHeaders=host&response-content-disposition=attachment%3B%20filename%3Db69d20d2-7628-4615-8fda-c95019c4d70c.flac&x-id=GetObject,0.372500002,65444
LMRam-2024-05-29_19-20.WAV,2024 Baja Lago Mesa Redonda,2024,5,29,19,20,Agelaius tricolor,Courtship Song,48.93333435,49.87200165,94,8719,24000,present,https://rfcx-streams-production.s3.eu-west-1.amazonaws.com/2024/05/30/2jm3bjkccty2/ff51ede6-a2da-437b-a4a8-e2718dc20709.flac?X-Amz-Algorithm=AWS4-HMAC-SHA256&X-Amz-Content-Sha256=UNSIGNED-PAYLOAD&X-Amz-Credential=AKIA45B7YWBX5HAZMGOU%2F20260223%2Feu-west-1%2Fs3%2Faws4_request&X-Amz-Date=20260223T003240Z&X-Amz-Expires=604800&X-Amz-Signature=a13b65eaab09e2a3254993c4dbe6ed8cf1c6a8d91361f9af7e7f9f937e3f9bfc&X-Amz-SignedHeaders=host&response-content-disposition=attachment%3B%20filename%3Dff51ede6-a2da-437b-a4a8-e2718dc20709.flac&x-id=GetObject,0.366878539,65444
LMRam-2024-05-30_06-00.WAV,2024 Baja Lago Mesa Redonda,2024,5,30,6,0,Agelaius tricolor,Courtship Song,7.210666656,8.149333,94,8719,24000,present,https://rfcx-streams-production.s3.eu-west-1.amazonaws.com/2024/05/30/2jm3bjkccty2/bbf9fa54-31c1-47cb-8eed-e166db76e66a.flac?X-Amz-Algorithm=AWS4-HMAC-SHA256&X-Amz-Content-Sha256=UNSIGNED-PAYLOAD&X-Amz-Credential=AKIA45B7YWBX5HAZMGOU%2F20260223%2Feu-west-1%2Fs3%2Faws4_request&X-Amz-Date=20260223T003248Z&X-Amz-Expires=604800&X-Amz-Signature=6181bf6f4e717fa674d2c50535a37874195c19bf3d526425b25d1eb01f49dcda&X-Amz-SignedHeaders=host&response-content-disposition=attachment%3B%20filename%3Dbbf9fa54-31c1-47cb-8eed-e166db76e66a.flac&x-id=GetObject,0.48932749,65444
LMRam-2024-05-30_06-20.WAV,2024 Baja Lago Mesa Redonda,2024,5,30,6,20,Agelaius tricolor,Courtship Song,37.0613327,38,94,8719,24000,present,https://rfcx-streams-production.s3.eu-west-1.amazonaws.com/2024/05/30/2jm3bjkccty2/894255fd-c92a-4236-9df8-39ee19095c05.flac?X-Amz-Algorithm=AWS4-HMAC-SHA256&X-Amz-Content-Sha256=UNSIGNED-PAYLOAD&X-Amz-Credential=AKIA45B7YWBX5HAZMGOU%2F20260223%2Feu-west-1%2Fs3%2Faws4_request&X-Amz-Date=20260223T003248Z&X-Amz-Expires=604800&X-Amz-Signature=194278d3cf4bd02f7f26ac3b86c5a5f23c9b1e1a2a8b044a0719930d871a0162&X-Amz-SignedHeaders=host&response-content-disposition=attachment%3B%20filename%3D894255fd-c92a-4236-9df8-39ee19095c05.flac&x-id=GetObject,0.299585104,65444
LMRam-2024-05-30_06-40.WAV,2024 Baja Lago Mesa Redonda,2024,5,30,6,40,Agelaius tricolor,Courtship Song,46.3093338,47.2480011,94,8719,24000,present,https://rfcx-streams-production.s3.eu-west-1.amazonaws.com/2024/05/30/2jm3bjkccty2/71ec532f-cc23-4f96-88c8-80574c49fd48.flac?X-Amz-Algorithm=AWS4-HMAC-SHA256&X-Amz-Content-Sha256=UNSIGNED-PAYLOAD&X-Amz-Credential=AKIA45B7YWBX5HAZMGOU%2F20260223%2Feu-west-1%2Fs3%2Faws4_request&X-Amz-Date=20260223T003248Z&X-Amz-Expires=604800&X-Amz-Signature=42fc580cb241d7f7066a460ad5c24b2d5fc011a807fef8c433acfddbb5265492&X-Amz-SignedHeaders=host&response-content-disposition=attachment%3B%20filename%3D71ec532f-cc23-4f96-88c8-80574c49fd48.flac&x-id=GetObject,0.39153406,65444
LMRam-2024-05-30_07-00.WAV,2024 Baja Lago Mesa Redonda,2024,5,30,7,0,Agelaius tricolor,Courtship Song,30.21866608,31.15733337,94,8719,24000,present,https://rfcx-streams-production.s3.eu-west-1.amazonaws.com/2024/05/30/2jm3bjkccty2/c4cca9d9-0292-4877-8a61-cc08641ac192.flac?X-Amz-Algorithm=AWS4-HMAC-SHA256&X-Amz-Content-Sha256=UNSIGNED-PAYLOAD&X-Amz-Credential=AKIA45B7YWBX5HAZMGOU%2F20260223%2Feu-west-1%2Fs3%2Faws4_request&X-Amz-Date=20260223T003248Z&X-Amz-Expires=604800&X-Amz-Signature=02b324697f875868c77ddcb5ac93a7893fcf0b5d7aec0c783ccfa10b890b142b&X-Amz-SignedHeaders=host&response-content-disposition=attachment%3B%20filename%3Dc4cca9d9-0292-4877-8a61-cc08641ac192.flac&x-id=GetObject,0.376193702,65444
LMRam-2024-05-30_07-20.WAV,2024 Baja Lago Mesa Redonda,2024,5,30,7,20,Agelaius tricolor,Courtship Song,27.71733284,28.65600014,94,8719,24000,present,https://rfcx-streams-production.s3.eu-west-1.amazonaws.com/2024/05/30/2jm3bjkccty2/e0525bc8-488a-4a2c-b276-62633a22a023.flac?X-Amz-Algorithm=AWS4-HMAC-SHA256&X-Amz-Content-Sha256=UNSIGNED-PAYLOAD&X-Amz-Credential=AKIA45B7YWBX5HAZMGOU%2F20260223%2Feu-west-1%2Fs3%2Faws4_request&X-Amz-Date=20260223T003248Z&X-Amz-Expires=604800&X-Amz-Signature=35a2f6013615b226a65a23b727caf8c165231a399e0147bdd7eb8ce8856e4837&X-Amz-SignedHeaders=host&response-content-disposition=attachment%3B%20filename%3De0525bc8-488a-4a2c-b276-62633a22a023.flac&x-id=GetObject,0.356357515,65444
LMRam-2024-05-30_07-40.WAV,2024 Baja Lago Mesa Redonda,2024,5,30,7,40,Agelaius tricolor,Courtship Song,36.82133484,37.75999832,94,8719,24000,present,https://rfcx-streams-production.s3.eu-west-1.amazonaws.com/2024/05/30/2jm3bjkccty2/ddb7e2be-bd3e-4725-9a8c-0444b23c11e9.flac?X-Amz-Algorithm=AWS4-HMAC-SHA256&X-Amz-Content-Sha256=UNSIGNED-PAYLOAD&X-Amz-Credential=AKIA45B7YWBX5HAZMGOU%2F20260223%2Feu-west-1%2Fs3%2Faws4_request&X-Amz-Date=20260223T003248Z&X-Amz-Expires=604800&X-Amz-Signature=d63d4bcb11ed2cece12c699c0b5e0120ea2f7cb016c7b9f2210c09fe5453bf51&X-Amz-SignedHeaders=host&response-content-disposition=attachment%3B%20filename%3Dddb7e2be-bd3e-4725-9a8c-0444b23c11e9.flac&x-id=GetObject,0.400153846,65444
LMRam-2024-05-30_08-00.WAV,2024 Baja Lago Mesa Redonda,2024,5,30,8,0,Agelaius tricolor,Courtship Song,47.74399948,48.68266678,94,8719,24000,present,https://rfcx-streams-production.s3.eu-west-1.amazonaws.com/2024/05/30/2jm3bjkccty2/0cdc4376-82e5-4af8-9096-2903948244dd.flac?X-Amz-Algorithm=AWS4-HMAC-SHA256&X-Amz-Content-Sha256=UNSIGNED-PAYLOAD&X-Amz-Credential=AKIA45B7YWBX5HAZMGOU%2F20260223%2Feu-west-1%2Fs3%2Faws4_request&X-Amz-Date=20260223T003248Z&X-Amz-Expires=604800&X-Amz-Signature=ec95b91727a1bde8008b95c00af8d95fb7a1c64096f63d528c2148363aa7e3d5&X-Amz-SignedHeaders=host&response-content-disposition=attachment%3B%20filename%3D0cdc4376-82e5-4af8-9096-2903948244dd.flac&x-id=GetObject,0.4813582,65444
LMRam-2024-05-30_08-20.WAV,2024 Baja Lago Mesa Redonda,2024,5,30,8,20,Agelaius tricolor,Courtship Song,33.05599976,33.99466705,94,8719,24000,present,https://rfcx-streams-production.s3.eu-west-1.amazonaws.com/2024/05/30/2jm3bjkccty2/7041010b-2581-490e-8a69-d69cd8641dde.flac?X-Amz-Algorithm=AWS4-HMAC-SHA256&X-Amz-Content-Sha256=UNSIGNED-PAYLOAD&X-Amz-Credential=AKIA45B7YWBX5HAZMGOU%2F20260223%2Feu-west-1%2Fs3%2Faws4_request&X-Amz-Date=20260223T003248Z&X-Amz-Expires=604800&X-Amz-Signature=9f870dab820ee7e061ec83075f0cb21fc22097f91f00943c25478402b4948c23&X-Amz-SignedHeaders=host&response-content-disposition=attachment%3B%20filename%3D7041010b-2581-490e-8a69-d69cd8641dde.flac&x-id=GetObject,0.29413107,65444
LMRam-2024-05-30_08-40.WAV,2024 Baja Lago Mesa Redonda,2024,5,30,8,40,Agelaius tricolor,Courtship Song,57.79199982,58.73066711,94,8719,24000,present,https://rfcx-streams-production.s3.eu-west-1.amazonaws.com/2024/05/30/2jm3bjkccty2/fa99e0eb-8ea3-482f-ac1f-a0f43c5f8add.flac?X-Amz-Algorithm=AWS4-HMAC-SHA256&X-Amz-Content-Sha256=UNSIGNED-PAYLOAD&X-Amz-Credential=AKIA45B7YWBX5HAZMGOU%2F20260223%2Feu-west-1%2Fs3%2Faws4_request&X-Amz-Date=20260223T003248Z&X-Amz-Expires=604800&X-Amz-Signature=0bfb48070fa76bd05abad617625d6e8cd4fa3bf78fcb0c3f05fdd34d61ddfc8b&X-Amz-SignedHeaders=host&response-content-disposition=attachment%3B%20filename%3Dfa99e0eb-8ea3-482f-ac1f-a0f43c5f8add.flac&x-id=GetObject,0.400010169,65444
LMRam-2024-05-30_09-40.WAV,2024 Baja Lago Mesa Redonda,2024,5,30,9,40,Agelaius tricolor,Courtship Song,56.72000122,57.65866852,94,8719,24000,present,https://rfcx-streams-production.s3.eu-west-1.amazonaws.com/2024/05/30/2jm3bjkccty2/bfe1c442-fc9f-433e-bcec-4b87cccc2c90.flac?X-Amz-Algorithm=AWS4-HMAC-SHA256&X-Amz-Content-Sha256=UNSIGNED-PAYLOAD&X-Amz-Credential=AKIA45B7YWBX5HAZMGOU%2F20260223%2Feu-west-1%2Fs3%2Faws4_request&X-Amz-Date=20260223T003240Z&X-Amz-Expires=604800&X-Amz-Signature=da250f0f3f5e694236b0241fe13fef325e0d69220b20f6e5174b6390506d46e3&X-Amz-SignedHeaders=host&response-content-disposition=attachment%3B%20filename%3Dbfe1c442-fc9f-433e-bcec-4b87cccc2c90.flac&x-id=GetObject,0.411980301,65444
LMRam-2024-05-30_10-00.WAV,2024 Baja Lago Mesa Redonda,2024,5,30,10,0,Agelaius tricolor,Courtship Song,43.45066833,44.38933182,94,8719,24000,present,https://rfcx-streams-production.s3.eu-west-1.amazonaws.com/2024/05/30/2jm3bjkccty2/8c5863de-2cf5-458f-9c38-5c923bcde11a.flac?X-Amz-Algorithm=AWS4-HMAC-SHA256&X-Amz-Content-Sha256=UNSIGNED-PAYLOAD&X-Amz-Credential=AKIA45B7YWBX5HAZMGOU%2F20260223%2Feu-west-1%2Fs3%2Faws4_request&X-Amz-Date=20260223T003248Z&X-Amz-Expires=604800&X-Amz-Signature=9747eb78872d4f309b33ef2b642e5e86601b46f0f4d957ac6e2feec261e8bc93&X-Amz-SignedHeaders=host&response-content-disposition=attachment%3B%20filename%3D8c5863de-2cf5-458f-9c38-5c923bcde11a.flac&x-id=GetObject,0.356988728,65444
LMRam-2024-05-30_11-20.WAV,2024 Baja Lago Mesa Redonda,2024,5,30,11,20,Agelaius tricolor,Courtship Song,41.9679985,42.9066658,94,8719,24000,present,https://rfcx-streams-production.s3.eu-west-1.amazonaws.com/2024/05/30/2jm3bjkccty2/59902460-471d-46e0-89db-26eb7cdb86e0.flac?X-Amz-Algorithm=AWS4-HMAC-SHA256&X-Amz-Content-Sha256=UNSIGNED-PAYLOAD&X-Amz-Credential=AKIA45B7YWBX5HAZMGOU%2F20260223%2Feu-west-1%2Fs3%2Faws4_request&X-Amz-Date=20260223T003248Z&X-Amz-Expires=604800&X-Amz-Signature=e5b3e44acec0a25522f979041baf79473add199db89a16951d4e1d714c51d916&X-Amz-SignedHeaders=host&response-content-disposition=attachment%3B%20filename%3D59902460-471d-46e0-89db-26eb7cdb86e0.flac&x-id=GetObject,0.278578281,65444
LMRam-2024-05-30_11-40.WAV,2024 Baja Lago Mesa Redonda,2024,5,30,11,40,Agelaius tricolor,Courtship Song,13.90933323,14.84799957,94,8719,24000,present,https://rfcx-streams-production.s3.eu-west-1.amazonaws.com/2024/05/30/2jm3bjkccty2/10099a64-fe08-422e-aa2e-b5cfeaa823f5.flac?X-Amz-Algorithm=AWS4-HMAC-SHA256&X-Amz-Content-Sha256=UNSIGNED-PAYLOAD&X-Amz-Credential=AKIA45B7YWBX5HAZMGOU%2F20260223%2Feu-west-1%2Fs3%2Faws4_request&X-Amz-Date=20260223T003248Z&X-Amz-Expires=604800&X-Amz-Signature=0f5d8c91084031195ce5033d3f9f35679cf1ccfd7cad17eff1b773f3ace9eea5&X-Amz-SignedHeaders=host&response-content-disposition=attachment%3B%20filename%3D10099a64-fe08-422e-aa2e-b5cfeaa823f5.flac&x-id=GetObject,0.466585845,65444
LMRam-2024-05-30_12-00.WAV,2024 Baja Lago Mesa Redonda,2024,5,30,12,0,Agelaius tricolor,Courtship Song,29.17866707,30.11733246,94,8719,24000,present,https://rfcx-streams-production.s3.eu-west-1.amazonaws.com/2024/05/30/2jm3bjkccty2/337f187a-f7e9-4977-b4c7-2b7d4c997c33.flac?X-Amz-Algorithm=AWS4-HMAC-SHA256&X-Amz-Content-Sha256=UNSIGNED-PAYLOAD&X-Amz-Credential=AKIA45B7YWBX5HAZMGOU%2F20260223%2Feu-west-1%2Fs3%2Faws4_request&X-Amz-Date=20260223T003248Z&X-Amz-Expires=604800&X-Amz-Signature=d0ad224482f413fe39560cda4cc9c9a0c6297315ac0d70ef901478d36d8e0e72&X-Amz-SignedHeaders=host&response-content-disposition=attachment%3B%20filename%3D337f187a-f7e9-4977-b4c7-2b7d4c997c33.flac&x-id=GetObject,0.385014504,65444
LMRam-2024-05-30_12-20.WAV,2024 Baja Lago Mesa Redonda,2024,5,30,12,20,Agelaius tricolor,Courtship Song,32.72533417,33.66400146,94,8719,24000,present,https://rfcx-streams-production.s3.eu-west-1.amazonaws.com/2024/05/30/2jm3bjkccty2/bc029db1-ddb7-4968-bfbb-7249e47af496.flac?X-Amz-Algorithm=AWS4-HMAC-SHA256&X-Amz-Content-Sha256=UNSIGNED-PAYLOAD&X-Amz-Credential=AKIA45B7YWBX5HAZMGOU%2F20260223%2Feu-west-1%2Fs3%2Faws4_request&X-Amz-Date=20260223T003240Z&X-Amz-Expires=604800&X-Amz-Signature=df6c18b3e5e765aafd25d0f427c739dc578f23bc84ddf2eefda45a4cf55da4de&X-Amz-SignedHeaders=host&response-content-disposition=attachment%3B%20filename%3Dbc029db1-ddb7-4968-bfbb-7249e47af496.flac&x-id=GetObject,0.364296436,65444
LMRam-2024-05-30_16-40.WAV,2024 Baja Lago Mesa Redonda,2024,5,30,16,40,Agelaius tricolor,Courtship Song,24.54933357,25.48800087,94,8719,24000,present,https://rfcx-streams-production.s3.eu-west-1.amazonaws.com/2024/05/30/2jm3bjkccty2/f8d70b19-d30f-44a5-8a84-fe8625965cf4.flac?X-Amz-Algorithm=AWS4-HMAC-SHA256&X-Amz-Content-Sha256=UNSIGNED-PAYLOAD&X-Amz-Credential=AKIA45B7YWBX5HAZMGOU%2F20260223%2Feu-west-1%2Fs3%2Faws4_request&X-Amz-Date=20260223T003248Z&X-Amz-Expires=604800&X-Amz-Signature=3a67c6bcfdd5e383aad803f0494fd2a5010d364b61bff5ff6e57d67db9ad3f2b&X-Amz-SignedHeaders=host&response-content-disposition=attachment%3B%20filename%3Df8d70b19-d30f-44a5-8a84-fe8625965cf4.flac&x-id=GetObject,0.406635791,65444
LMRam-2024-05-30_17-00.WAV,2024 Baja Lago Mesa Redonda,2024,5,30,17,0,Agelaius tricolor,Courtship Song,55.81866837,56.75733185,94,8719,24000,present,https://rfcx-streams-production.s3.eu-west-1.amazonaws.com/2024/05/31/2jm3bjkccty2/f7a01380-16fe-4c22-b4e7-9769cc6e0e94.flac?X-Amz-Algorithm=AWS4-HMAC-SHA256&X-Amz-Content-Sha256=UNSIGNED-PAYLOAD&X-Amz-Credential=AKIA45B7YWBX5HAZMGOU%2F20260223%2Feu-west-1%2Fs3%2Faws4_request&X-Amz-Date=20260223T003248Z&X-Amz-Expires=604800&X-Amz-Signature=2e56a37de77a6c83d22d83a0d4bd027ebfb8263288d86e75e851bb8b0490176c&X-Amz-SignedHeaders=host&response-content-disposition=attachment%3B%20filename%3Df7a01380-16fe-4c22-b4e7-9769cc6e0e94.flac&x-id=GetObject,0.394042462,65444
LMRam-2024-05-30_17-20.WAV,2024 Baja Lago Mesa Redonda,2024,5,30,17,20,Agelaius tricolor,Courtship Song,44.70399857,45.64266586,94,8719,24000,present,https://rfcx-streams-production.s3.eu-west-1.amazonaws.com/2024/05/31/2jm3bjkccty2/fa1ede74-127d-488e-8224-947f041becb1.flac?X-Amz-Algorithm=AWS4-HMAC-SHA256&X-Amz-Content-Sha256=UNSIGNED-PAYLOAD&X-Amz-Credential=AKIA45B7YWBX5HAZMGOU%2F20260223%2Feu-west-1%2Fs3%2Faws4_request&X-Amz-Date=20260223T003248Z&X-Amz-Expires=604800&X-Amz-Signature=5b23e04bd89b78e9f72c66c4dc3075cdb11aca0a0ecb0274ffdd5d4bb2f6f5c9&X-Amz-SignedHeaders=host&response-content-disposition=attachment%3B%20filename%3Dfa1ede74-127d-488e-8224-947f041becb1.flac&x-id=GetObject,0.300784945,65444
LMRam-2024-05-30_18-00.WAV,2024 Baja Lago Mesa Redonda,2024,5,30,18,0,Agelaius tricolor,Courtship Song,35.66933441,36.60800171,94,8719,24000,present,https://rfcx-streams-production.s3.eu-west-1.amazonaws.com/2024/05/31/2jm3bjkccty2/8bc0ca16-ed67-461b-b3b8-eb1dfd293c1e.flac?X-Amz-Algorithm=AWS4-HMAC-SHA256&X-Amz-Content-Sha256=UNSIGNED-PAYLOAD&X-Amz-Credential=AKIA45B7YWBX5HAZMGOU%2F20260223%2Feu-west-1%2Fs3%2Faws4_request&X-Amz-Date=20260223T003248Z&X-Amz-Expires=604800&X-Amz-Signature=482f90f82ae7bb0993c021349812776969eed5002de6f2822d6013fd570b711b&X-Amz-SignedHeaders=host&response-content-disposition=attachment%3B%20filename%3D8bc0ca16-ed67-461b-b3b8-eb1dfd293c1e.flac&x-id=GetObject,0.356176615,65444
LMRam-2024-05-30_18-20.WAV,2024 Baja Lago Mesa Redonda,2024,5,30,18,20,Agelaius tricolor,Courtship Song,0.016000001,0.954666674,94,8719,24000,present,https://rfcx-streams-production.s3.eu-west-1.amazonaws.com/2024/05/31/2jm3bjkccty2/4208c2cc-6a58-405a-b2fe-28e67a910237.flac?X-Amz-Algorithm=AWS4-HMAC-SHA256&X-Amz-Content-Sha256=UNSIGNED-PAYLOAD&X-Amz-Credential=AKIA45B7YWBX5HAZMGOU%2F20260223%2Feu-west-1%2Fs3%2Faws4_request&X-Amz-Date=20260223T003248Z&X-Amz-Expires=604800&X-Amz-Signature=6517fdc18b5bbbcf79d80ee4246de155a551bdda9314bd3e8413654e33abddca&X-Amz-SignedHeaders=host&response-content-disposition=attachment%3B%20filename%3D4208c2cc-6a58-405a-b2fe-28e67a910237.flac&x-id=GetObject,0.348627955,65444
LMRam-2024-05-31_06-00.WAV,2024 Baja Lago Mesa Redonda,2024,5,31,6,0,Agelaius tricolor,Courtship Song,36.96533203,37.90399933,94,8719,24000,present,https://rfcx-streams-production.s3.eu-west-1.amazonaws.com/2024/05/31/2jm3bjkccty2/2afb5be9-81e4-4c11-a40a-8d34230e910d.flac?X-Amz-Algorithm=AWS4-HMAC-SHA256&X-Amz-Content-Sha256=UNSIGNED-PAYLOAD&X-Amz-Credential=AKIA45B7YWBX5HAZMGOU%2F20260223%2Feu-west-1%2Fs3%2Faws4_request&X-Amz-Date=20260223T003248Z&X-Amz-Expires=604800&X-Amz-Signature=50d15c6ca8d0fc1ea75ff30c773ebd409c0840f8d0d8216549569da037cf46ff&X-Amz-SignedHeaders=host&response-content-disposition=attachment%3B%20filename%3D2afb5be9-81e4-4c11-a40a-8d34230e910d.flac&x-id=GetObject,0.380559474,65444
LMRam-2024-05-31_06-20.WAV,2024 Baja Lago Mesa Redonda,2024,5,31,6,20,Agelaius tricolor,Courtship Song,21.12533379,22.06399918,94,8719,24000,present,https://rfcx-streams-production.s3.eu-west-1.amazonaws.com/2024/05/31/2jm3bjkccty2/bcb90699-3a31-4ab1-b867-81cc3ad5a49d.flac?X-Amz-Algorithm=AWS4-HMAC-SHA256&X-Amz-Content-Sha256=UNSIGNED-PAYLOAD&X-Amz-Credential=AKIA45B7YWBX5HAZMGOU%2F20260223%2Feu-west-1%2Fs3%2Faws4_request&X-Amz-Date=20260223T003248Z&X-Amz-Expires=604800&X-Amz-Signature=024e4c4beefa6e37d3fc4ac698c5495976aa5974cbad36781428831e6aed64c3&X-Amz-SignedHeaders=host&response-content-disposition=attachment%3B%20filename%3Dbcb90699-3a31-4ab1-b867-81cc3ad5a49d.flac&x-id=GetObject,0.438873768,65444
LMRam-2024-05-31_06-40.WAV,2024 Baja Lago Mesa Redonda,2024,5,31,6,40,Agelaius tricolor,Courtship Song,17.30666733,18.24533272,94,8719,24000,present,https://rfcx-streams-production.s3.eu-west-1.amazonaws.com/2024/05/31/2jm3bjkccty2/fa2733e8-3271-4b5a-93b2-79e73c39a8df.flac?X-Amz-Algorithm=AWS4-HMAC-SHA256&X-Amz-Content-Sha256=UNSIGNED-PAYLOAD&X-Amz-Credential=AKIA45B7YWBX5HAZMGOU%2F20260223%2Feu-west-1%2Fs3%2Faws4_request&X-Amz-Date=20260223T003248Z&X-Amz-Expires=604800&X-Amz-Signature=265aebf3825edfceae3b7b2098977fd8c5860f5c0103e8f7f13a9380315eb048&X-Amz-SignedHeaders=host&response-content-disposition=attachment%3B%20filename%3Dfa2733e8-3271-4b5a-93b2-79e73c39a8df.flac&x-id=GetObject,0.344819903,65444
LMRam-2024-05-31_07-00.WAV,2024 Baja Lago Mesa Redonda,2024,5,31,7,0,Agelaius tricolor,Courtship Song,2.736000061,3.674666643,94,8719,24000,present,https://rfcx-streams-production.s3.eu-west-1.amazonaws.com/2024/05/31/2jm3bjkccty2/8c244521-da96-48fa-9559-e964a6aee56e.flac?X-Amz-Algorithm=AWS4-HMAC-SHA256&X-Amz-Content-Sha256=UNSIGNED-PAYLOAD&X-Amz-Credential=AKIA45B7YWBX5HAZMGOU%2F20260223%2Feu-west-1%2Fs3%2Faws4_request&X-Amz-Date=20260223T003248Z&X-Amz-Expires=604800&X-Amz-Signature=f0ce2cfbf8daed27bbdbf18a8279c7f80c82ea24f2721f9dcf1694473498a32f&X-Amz-SignedHeaders=host&response-content-disposition=attachment%3B%20filename%3D8c244521-da96-48fa-9559-e964a6aee56e.flac&x-id=GetObject,0.460020065,65444
LMRam-2024-05-31_07-20.WAV,2024 Baja Lago Mesa Redonda,2024,5,31,7,20,Agelaius tricolor,Courtship Song,9.744000435,10.68266678,94,8719,24000,present,https://rfcx-streams-production.s3.eu-west-1.amazonaws.com/2024/05/31/2jm3bjkccty2/6ae18e16-2802-439c-bb6e-ea30e35bef37.flac?X-Amz-Algorithm=AWS4-HMAC-SHA256&X-Amz-Content-Sha256=UNSIGNED-PAYLOAD&X-Amz-Credential=AKIA45B7YWBX5HAZMGOU%2F20260223%2Feu-west-1%2Fs3%2Faws4_request&X-Amz-Date=20260223T003248Z&X-Amz-Expires=604800&X-Amz-Signature=43a01029e51b461c0af62cd1efccbf68c89cc6dcb1a84af2960eb06d4c78c708&X-Amz-SignedHeaders=host&response-content-disposition=attachment%3B%20filename%3D6ae18e16-2802-439c-bb6e-ea30e35bef37.flac&x-id=GetObject,0.310811162,65444
LMRam-2024-05-31_07-40.WAV,2024 Baja Lago Mesa Redonda,2024,5,31,7,40,Agelaius tricolor,Courtship Song,35.20000076,36.13866806,94,8719,24000,present,https://rfcx-streams-production.s3.eu-west-1.amazonaws.com/2024/05/31/2jm3bjkccty2/57cdd3a1-8f12-4d28-9501-094c8f75791a.flac?X-Amz-Algorithm=AWS4-HMAC-SHA256&X-Amz-Content-Sha256=UNSIGNED-PAYLOAD&X-Amz-Credential=AKIA45B7YWBX5HAZMGOU%2F20260223%2Feu-west-1%2Fs3%2Faws4_request&X-Amz-Date=20260223T003248Z&X-Amz-Expires=604800&X-Amz-Signature=044f5c73cb022cf4b3fda2adf7bbe38b634c3faf986add0b3b90ff188f563429&X-Amz-SignedHeaders=host&response-content-disposition=attachment%3B%20filename%3D57cdd3a1-8f12-4d28-9501-094c8f75791a.flac&x-id=GetObject,0.37922436,65444
LMRam-2024-05-31_08-00.WAV,2024 Baja Lago Mesa Redonda,2024,5,31,8,0,Agelaius tricolor,Courtship Song,35.47733307,36.41600037,94,8719,24000,present,https://rfcx-streams-production.s3.eu-west-1.amazonaws.com/2024/05/31/2jm3bjkccty2/62666d5f-b678-4ff5-ae07-caab2e2a5527.flac?X-Amz-Algorithm=AWS4-HMAC-SHA256&X-Amz-Content-Sha256=UNSIGNED-PAYLOAD&X-Amz-Credential=AKIA45B7YWBX5HAZMGOU%2F20260223%2Feu-west-1%2Fs3%2Faws4_request&X-Amz-Date=20260223T003248Z&X-Amz-Expires=604800&X-Amz-Signature=f501e058efa877719eb218b45066b15598d1c841fb645011d4dbda9937f40acc&X-Amz-SignedHeaders=host&response-content-disposition=attachment%3B%20filename%3D62666d5f-b678-4ff5-ae07-caab2e2a5527.flac&x-id=GetObject,0.346631199,65444
LMRam-2024-05-31_09-20.WAV,2024 Baja Lago Mesa Redonda,2024,5,31,9,20,Agelaius tricolor,Courtship Song,8.485333443,9.423999786,94,8719,24000,present,https://rfcx-streams-production.s3.eu-west-1.amazonaws.com/2024/05/31/2jm3bjkccty2/15fe43b9-10ad-40f2-aeb9-a1f03f6eb16c.flac?X-Amz-Algorithm=AWS4-HMAC-SHA256&X-Amz-Content-Sha256=UNSIGNED-PAYLOAD&X-Amz-Credential=AKIA45B7YWBX5HAZMGOU%2F20260223%2Feu-west-1%2Fs3%2Faws4_request&X-Amz-Date=20260223T003248Z&X-Amz-Expires=604800&X-Amz-Signature=0d5b7e41e0e2f77cc28c8212d27781f9fd8da151bff316d23db01e5d69726519&X-Amz-SignedHeaders=host&response-content-disposition=attachment%3B%20filename%3D15fe43b9-10ad-40f2-aeb9-a1f03f6eb16c.flac&x-id=GetObject,0.281173319,65444
LMRam-2024-05-31_09-40.WAV,2024 Baja Lago Mesa Redonda,2024,5,31,9,40,Agelaius tricolor,Courtship Song,36.19733429,37.13600159,94,8719,24000,present,https://rfcx-streams-production.s3.eu-west-1.amazonaws.com/2024/05/31/2jm3bjkccty2/0554efda-592c-4268-a464-12a28bc47b51.flac?X-Amz-Algorithm=AWS4-HMAC-SHA256&X-Amz-Content-Sha256=UNSIGNED-PAYLOAD&X-Amz-Credential=AKIA45B7YWBX5HAZMGOU%2F20260223%2Feu-west-1%2Fs3%2Faws4_request&X-Amz-Date=20260223T003248Z&X-Amz-Expires=604800&X-Amz-Signature=fdd47e66b7d34e9426d561726d8d4af94224f173f33231206aee504b4fe4f264&X-Amz-SignedHeaders=host&response-content-disposition=attachment%3B%20filename%3D0554efda-592c-4268-a464-12a28bc47b51.flac&x-id=GetObject,0.346503556,65444
LMRam-2024-05-31_11-20.WAV,2024 Baja Lago Mesa Redonda,2024,5,31,11,20,Agelaius tricolor,Courtship Song,9.429333687,10.36800003,94,8719,24000,present,https://rfcx-streams-production.s3.eu-west-1.amazonaws.com/2024/05/31/2jm3bjkccty2/954b9047-ed4c-43d1-a467-4af3acd141a8.flac?X-Amz-Algorithm=AWS4-HMAC-SHA256&X-Amz-Content-Sha256=UNSIGNED-PAYLOAD&X-Amz-Credential=AKIA45B7YWBX5HAZMGOU%2F20260223%2Feu-west-1%2Fs3%2Faws4_request&X-Amz-Date=20260223T003248Z&X-Amz-Expires=604800&X-Amz-Signature=638b3eda30596efd119e9ade0c18b3b322895fb5edd57e45d99be564bff6b811&X-Amz-SignedHeaders=host&response-content-disposition=attachment%3B%20filename%3D954b9047-ed4c-43d1-a467-4af3acd141a8.flac&x-id=GetObject,0.442049921,65444
LMRam-2024-05-31_11-40.WAV,2024 Baja Lago Mesa Redonda,2024,5,31,11,40,Agelaius tricolor,Courtship Song,6.778666496,7.717333317,94,8719,24000,present,https://rfcx-streams-production.s3.eu-west-1.amazonaws.com/2024/05/31/2jm3bjkccty2/8411362d-e51e-4a9e-aeb4-63eeb6ee40e7.flac?X-Amz-Algorithm=AWS4-HMAC-SHA256&X-Amz-Content-Sha256=UNSIGNED-PAYLOAD&X-Amz-Credential=AKIA45B7YWBX5HAZMGOU%2F20260223%2Feu-west-1%2Fs3%2Faws4_request&X-Amz-Date=20260223T003248Z&X-Amz-Expires=604800&X-Amz-Signature=4dc5aba6d3fea520b8d81a1cd7dc4d6d195b74db99a721929c5e6908fe5a4af6&X-Amz-SignedHeaders=host&response-content-disposition=attachment%3B%20filename%3D8411362d-e51e-4a9e-aeb4-63eeb6ee40e7.flac&x-id=GetObject,0.398880184,65444
LMRam-2024-05-31_12-00.WAV,2024 Baja Lago Mesa Redonda,2024,5,31,12,0,Agelaius tricolor,Courtship Song,19.48266602,20.42133331,94,8719,24000,present,https://rfcx-streams-production.s3.eu-west-1.amazonaws.com/2024/05/31/2jm3bjkccty2/9573e24b-f7cf-47cf-b81f-8929d24849f2.flac?X-Amz-Algorithm=AWS4-HMAC-SHA256&X-Amz-Content-Sha256=UNSIGNED-PAYLOAD&X-Amz-Credential=AKIA45B7YWBX5HAZMGOU%2F20260223%2Feu-west-1%2Fs3%2Faws4_request&X-Amz-Date=20260223T003248Z&X-Amz-Expires=604800&X-Amz-Signature=e2a64e621a24984765b24d86be9800a65642a50f5adade5cdd48854fd3543657&X-Amz-SignedHeaders=host&response-content-disposition=attachment%3B%20filename%3D9573e24b-f7cf-47cf-b81f-8929d24849f2.flac&x-id=GetObject,0.426497221,65444
LMRam-2024-05-31_13-00.WAV,2024 Baja Lago Mesa Redonda,2024,5,31,13,0,Agelaius tricolor,Courtship Song,55.29600143,56.23466492,94,8719,24000,present,https://rfcx-streams-production.s3.eu-west-1.amazonaws.com/2024/05/31/2jm3bjkccty2/2f0a69e4-cba2-4643-bdfd-a15117335f7f.flac?X-Amz-Algorithm=AWS4-HMAC-SHA256&X-Amz-Content-Sha256=UNSIGNED-PAYLOAD&X-Amz-Credential=AKIA45B7YWBX5HAZMGOU%2F20260223%2Feu-west-1%2Fs3%2Faws4_request&X-Amz-Date=20260223T003248Z&X-Amz-Expires=604800&X-Amz-Signature=9a218bfa5205f9ff5c62c7184b3bed25b2e1069a26c1c8fe7bfec3d44de36f38&X-Amz-SignedHeaders=host&response-content-disposition=attachment%3B%20filename%3D2f0a69e4-cba2-4643-bdfd-a15117335f7f.flac&x-id=GetObject,0.360156745,65444
LMRam-2024-05-31_13-40.WAV,2024 Baja Lago Mesa Redonda,2024,5,31,13,40,Agelaius tricolor,Courtship Song,3.871999979,4.810666561,94,8719,24000,present,https://rfcx-streams-production.s3.eu-west-1.amazonaws.com/2024/05/31/2jm3bjkccty2/6c069f68-e8e9-4dbb-8cb8-72e71bd36f6d.flac?X-Amz-Algorithm=AWS4-HMAC-SHA256&X-Amz-Content-Sha256=UNSIGNED-PAYLOAD&X-Amz-Credential=AKIA45B7YWBX5HAZMGOU%2F20260223%2Feu-west-1%2Fs3%2Faws4_request&X-Amz-Date=20260223T003248Z&X-Amz-Expires=604800&X-Amz-Signature=ad4525c9ca6046ec0d9a25721a517cba2bd6fc0c9dd7aa69733efc011aac08df&X-Amz-SignedHeaders=host&response-content-disposition=attachment%3B%20filename%3D6c069f68-e8e9-4dbb-8cb8-72e71bd36f6d.flac&x-id=GetObject,0.504889071,65444
LMRam-2024-05-31_15-00.WAV,2024 Baja Lago Mesa Redonda,2024,5,31,15,0,Agelaius tricolor,Courtship Song,27.8239994,28.7626667,94,8719,24000,present,https://rfcx-streams-production.s3.eu-west-1.amazonaws.com/2024/05/31/2jm3bjkccty2/65391e91-0faa-4982-be48-b420afc0a76e.flac?X-Amz-Algorithm=AWS4-HMAC-SHA256&X-Amz-Content-Sha256=UNSIGNED-PAYLOAD&X-Amz-Credential=AKIA45B7YWBX5HAZMGOU%2F20260223%2Feu-west-1%2Fs3%2Faws4_request&X-Amz-Date=20260223T003248Z&X-Amz-Expires=604800&X-Amz-Signature=091eca8db5f62a5022dc16688c8e172a8dec427a6ab501f9c8fbddd0f9645bb1&X-Amz-SignedHeaders=host&response-content-disposition=attachment%3B%20filename%3D65391e91-0faa-4982-be48-b420afc0a76e.flac&x-id=GetObject,0.417567223,65444
LMRam-2024-05-31_16-20.WAV,2024 Baja Lago Mesa Redonda,2024,5,31,16,20,Agelaius tricolor,Courtship Song,57.17866516,58.11733246,94,8719,24000,present,https://rfcx-streams-production.s3.eu-west-1.amazonaws.com/2024/05/31/2jm3bjkccty2/b4c489dd-b631-4449-926a-f0b064418ef5.flac?X-Amz-Algorithm=AWS4-HMAC-SHA256&X-Amz-Content-Sha256=UNSIGNED-PAYLOAD&X-Amz-Credential=AKIA45B7YWBX5HAZMGOU%2F20260223%2Feu-west-1%2Fs3%2Faws4_request&X-Amz-Date=20260223T003248Z&X-Amz-Expires=604800&X-Amz-Signature=4d853e79031e5a54b86774cba019f15387a2d12a84b14adf1af17d4c6e01c90b&X-Amz-SignedHeaders=host&response-content-disposition=attachment%3B%20filename%3Db4c489dd-b631-4449-926a-f0b064418ef5.flac&x-id=GetObject,0.561420023,65444
LMRam-2024-05-31_17-00.WAV,2024 Baja Lago Mesa Redonda,2024,5,31,17,0,Agelaius tricolor,Courtship Song,4.517333508,5.455999851,94,8719,24000,present,https://rfcx-streams-production.s3.eu-west-1.amazonaws.com/2024/06/01/2jm3bjkccty2/8a71d3a5-9ce4-4750-a14e-418438495840.flac?X-Amz-Algorithm=AWS4-HMAC-SHA256&X-Amz-Content-Sha256=UNSIGNED-PAYLOAD&X-Amz-Credential=AKIA45B7YWBX5HAZMGOU%2F20260223%2Feu-west-1%2Fs3%2Faws4_request&X-Amz-Date=20260223T003248Z&X-Amz-Expires=604800&X-Amz-Signature=64b71f96427b5da59d978b1b41af7dbe822c3351f8c6c81265d553b0705f017f&X-Amz-SignedHeaders=host&response-content-disposition=attachment%3B%20filename%3D8a71d3a5-9ce4-4750-a14e-418438495840.flac&x-id=GetObject,0.38218233,65444
LMRam-2024-05-31_17-20.WAV,2024 Baja Lago Mesa Redonda,2024,5,31,17,20,Agelaius tricolor,Courtship Song,39.82933426,40.76800156,94,8719,24000,present,https://rfcx-streams-production.s3.eu-west-1.amazonaws.com/2024/06/01/2jm3bjkccty2/f7f59679-bdb6-4548-b4af-9c47163d2781.flac?X-Amz-Algorithm=AWS4-HMAC-SHA256&X-Amz-Content-Sha256=UNSIGNED-PAYLOAD&X-Amz-Credential=AKIA45B7YWBX5HAZMGOU%2F20260223%2Feu-west-1%2Fs3%2Faws4_request&X-Amz-Date=20260223T003248Z&X-Amz-Expires=604800&X-Amz-Signature=d2c66301383c5c4a31f6f0fa4e3737b76dda9ea2ced432db4457cb66cde30244&X-Amz-SignedHeaders=host&response-content-disposition=attachment%3B%20filename%3Df7f59679-bdb6-4548-b4af-9c47163d2781.flac&x-id=GetObject,0.494785398,65444
LMRam-2024-05-31_17-40.WAV,2024 Baja Lago Mesa Redonda,2024,5,31,17,40,Agelaius tricolor,Courtship Song,34.60800171,35.54666519,94,8719,24000,present,https://rfcx-streams-production.s3.eu-west-1.amazonaws.com/2024/06/01/2jm3bjkccty2/7497ecd4-d7d5-45bf-8ded-93b29384b204.flac?X-Amz-Algorithm=AWS4-HMAC-SHA256&X-Amz-Content-Sha256=UNSIGNED-PAYLOAD&X-Amz-Credential=AKIA45B7YWBX5HAZMGOU%2F20260223%2Feu-west-1%2Fs3%2Faws4_request&X-Amz-Date=20260223T003248Z&X-Amz-Expires=604800&X-Amz-Signature=22383633b9ebe82eb01c217b8229f9aebd6200f262d87994b3de725e02735a35&X-Amz-SignedHeaders=host&response-content-disposition=attachment%3B%20filename%3D7497ecd4-d7d5-45bf-8ded-93b29384b204.flac&x-id=GetObject,0.368992925,65444
LMRam-2024-05-31_18-00.WAV,2024 Baja Lago Mesa Redonda,2024,5,31,18,0,Agelaius tricolor,Courtship Song,58.41066742,59.34933472,94,8719,24000,present,https://rfcx-streams-production.s3.eu-west-1.amazonaws.com/2024/06/01/2jm3bjkccty2/1a70d73c-6d73-4329-b199-dca954a2c45e.flac?X-Amz-Algorithm=AWS4-HMAC-SHA256&X-Amz-Content-Sha256=UNSIGNED-PAYLOAD&X-Amz-Credential=AKIA45B7YWBX5HAZMGOU%2F20260223%2Feu-west-1%2Fs3%2Faws4_request&X-Amz-Date=20260223T003248Z&X-Amz-Expires=604800&X-Amz-Signature=4661c079fb6a5efed1681ecf8ce914a94e5682d2fac489c329c2bca9acc84373&X-Amz-SignedHeaders=host&response-content-disposition=attachment%3B%20filename%3D1a70d73c-6d73-4329-b199-dca954a2c45e.flac&x-id=GetObject,0.321223676,65444
LMRam-2024-05-31_18-20.WAV,2024 Baja Lago Mesa Redonda,2024,5,31,18,20,Agelaius tricolor,Courtship Song,17.23200035,18.17066574,94,8719,24000,present,https://rfcx-streams-production.s3.eu-west-1.amazonaws.com/2024/06/01/2jm3bjkccty2/2c81cca9-5a58-40b0-b35a-1a9d0f93752b.flac?X-Amz-Algorithm=AWS4-HMAC-SHA256&X-Amz-Content-Sha256=UNSIGNED-PAYLOAD&X-Amz-Credential=AKIA45B7YWBX5HAZMGOU%2F20260223%2Feu-west-1%2Fs3%2Faws4_request&X-Amz-Date=20260223T003248Z&X-Amz-Expires=604800&X-Amz-Signature=141377b1daaa5c9f38e7cb73ed9bc34d6ef75beed2bb5fd81c202c37bea91051&X-Amz-SignedHeaders=host&response-content-disposition=attachment%3B%20filename%3D2c81cca9-5a58-40b0-b35a-1a9d0f93752b.flac&x-id=GetObject,0.360509247,65444
LMRam-2024-05-31_18-40.WAV,2024 Baja Lago Mesa Redonda,2024,5,31,18,40,Agelaius tricolor,Courtship Song,13.53066635,14.46933365,94,8719,24000,present,https://rfcx-streams-production.s3.eu-west-1.amazonaws.com/2024/06/01/2jm3bjkccty2/8a1ee5a9-94ad-4c18-9d4a-369d36ec9b1f.flac?X-Amz-Algorithm=AWS4-HMAC-SHA256&X-Amz-Content-Sha256=UNSIGNED-PAYLOAD&X-Amz-Credential=AKIA45B7YWBX5HAZMGOU%2F20260223%2Feu-west-1%2Fs3%2Faws4_request&X-Amz-Date=20260223T003248Z&X-Amz-Expires=604800&X-Amz-Signature=a747500830bfa4107bcf56c837088a267de80f268798342f004a8d1c49ca8c83&X-Amz-SignedHeaders=host&response-content-disposition=attachment%3B%20filename%3D8a1ee5a9-94ad-4c18-9d4a-369d36ec9b1f.flac&x-id=GetObject,0.489605397,65444
LMRam-2024-05-31_19-20.WAV,2024 Baja Lago Mesa Redonda,2024,5,31,19,20,Agelaius tricolor,Courtship Song,14.3039999,15.24266624,94,8719,24000,present,https://rfcx-streams-production.s3.eu-west-1.amazonaws.com/2024/06/01/2jm3bjkccty2/8458bbcf-6eda-4599-80c7-f4c0a10259d7.flac?X-Amz-Algorithm=AWS4-HMAC-SHA256&X-Amz-Content-Sha256=UNSIGNED-PAYLOAD&X-Amz-Credential=AKIA45B7YWBX5HAZMGOU%2F20260223%2Feu-west-1%2Fs3%2Faws4_request&X-Amz-Date=20260223T003248Z&X-Amz-Expires=604800&X-Amz-Signature=cc668f9df2be800910b16d6cb511deb4e657e34168c1bc1fcc229dd64f81b78e&X-Amz-SignedHeaders=host&response-content-disposition=attachment%3B%20filename%3D8458bbcf-6eda-4599-80c7-f4c0a10259d7.flac&x-id=GetObject,0.373707414,65444
LMRam-2024-06-01_05-20.WAV,2024 Baja Lago Mesa Redonda,2024,6,1,5,20,Agelaius tricolor,Courtship Song,15.87733364,16.81599998,94,8719,24000,present,https://rfcx-streams-production.s3.eu-west-1.amazonaws.com/2024/06/01/2jm3bjkccty2/94dd493c-bfb9-4170-95cf-2e4eca45a62d.flac?X-Amz-Algorithm=AWS4-HMAC-SHA256&X-Amz-Content-Sha256=UNSIGNED-PAYLOAD&X-Amz-Credential=AKIA45B7YWBX5HAZMGOU%2F20260223%2Feu-west-1%2Fs3%2Faws4_request&X-Amz-Date=20260223T003248Z&X-Amz-Expires=604800&X-Amz-Signature=2e578b318ea431feb24aecc07bcee942e1d2e88d7c6687d3e235152602df3d1a&X-Amz-SignedHeaders=host&response-content-disposition=attachment%3B%20filename%3D94dd493c-bfb9-4170-95cf-2e4eca45a62d.flac&x-id=GetObject,0.291205347,65444
LMRam-2024-06-01_06-00.WAV,2024 Baja Lago Mesa Redonda,2024,6,1,6,0,Agelaius tricolor,Courtship Song,6.512000084,7.450666904,94,8719,24000,present,https://rfcx-streams-production.s3.eu-west-1.amazonaws.com/2024/06/01/2jm3bjkccty2/33eed532-d229-4636-9a53-0a0504342a58.flac?X-Amz-Algorithm=AWS4-HMAC-SHA256&X-Amz-Content-Sha256=UNSIGNED-PAYLOAD&X-Amz-Credential=AKIA45B7YWBX5HAZMGOU%2F20260223%2Feu-west-1%2Fs3%2Faws4_request&X-Amz-Date=20260223T003248Z&X-Amz-Expires=604800&X-Amz-Signature=40700e924e20aed38a37b2cc84fcd37138cc45dbdf44fadbcc1786a051b7b79a&X-Amz-SignedHeaders=host&response-content-disposition=attachment%3B%20filename%3D33eed532-d229-4636-9a53-0a0504342a58.flac&x-id=GetObject,0.335665435,65444
LMRam-2024-06-01_06-40.WAV,2024 Baja Lago Mesa Redonda,2024,6,1,6,40,Agelaius tricolor,Courtship Song,34.18133163,35.11999893,94,8719,24000,present,https://rfcx-streams-production.s3.eu-west-1.amazonaws.com/2024/06/01/2jm3bjkccty2/4becb305-78db-4317-9d56-d7b4adaef298.flac?X-Amz-Algorithm=AWS4-HMAC-SHA256&X-Amz-Content-Sha256=UNSIGNED-PAYLOAD&X-Amz-Credential=AKIA45B7YWBX5HAZMGOU%2F20260223%2Feu-west-1%2Fs3%2Faws4_request&X-Amz-Date=20260223T003248Z&X-Amz-Expires=604800&X-Amz-Signature=97435002d27dd3c42f3a68c537cdeda8dcd7f9dcd77cf67affefe2df0cdf998b&X-Amz-SignedHeaders=host&response-content-disposition=attachment%3B%20filename%3D4becb305-78db-4317-9d56-d7b4adaef298.flac&x-id=GetObject,0.410261929,65444
LMRam-2024-06-01_07-00.WAV,2024 Baja Lago Mesa Redonda,2024,6,1,7,0,Agelaius tricolor,Courtship Song,28.41066742,29.34933281,94,8719,24000,present,https://rfcx-streams-production.s3.eu-west-1.amazonaws.com/2024/06/01/2jm3bjkccty2/912dc4f7-e4e4-4b77-810a-f49e92464be9.flac?X-Amz-Algorithm=AWS4-HMAC-SHA256&X-Amz-Content-Sha256=UNSIGNED-PAYLOAD&X-Amz-Credential=AKIA45B7YWBX5HAZMGOU%2F20260223%2Feu-west-1%2Fs3%2Faws4_request&X-Amz-Date=20260223T003248Z&X-Amz-Expires=604800&X-Amz-Signature=ea1f8e31a094b79c53475fb22fc69e9ba237bc50bc480a15ccb89642e28a8d34&X-Amz-SignedHeaders=host&response-content-disposition=attachment%3B%20filename%3D912dc4f7-e4e4-4b77-810a-f49e92464be9.flac&x-id=GetObject,0.431306243,65444
LMRam-2024-06-01_07-20.WAV,2024 Baja Lago Mesa Redonda,2024,6,1,7,20,Agelaius tricolor,Courtship Song,14.86933327,15.80799961,94,8719,24000,present,https://rfcx-streams-production.s3.eu-west-1.amazonaws.com/2024/06/01/2jm3bjkccty2/b44905ac-364f-4a06-9a32-08cc2473fb36.flac?X-Amz-Algorithm=AWS4-HMAC-SHA256&X-Amz-Content-Sha256=UNSIGNED-PAYLOAD&X-Amz-Credential=AKIA45B7YWBX5HAZMGOU%2F20260223%2Feu-west-1%2Fs3%2Faws4_request&X-Amz-Date=20260223T003248Z&X-Amz-Expires=604800&X-Amz-Signature=dd11459cc3896ad6b123bf9957fb6e77c2f7d55adb2be110cd623ba4b52493ab&X-Amz-SignedHeaders=host&response-content-disposition=attachment%3B%20filename%3Db44905ac-364f-4a06-9a32-08cc2473fb36.flac&x-id=GetObject,0.340120226,65444
LMRam-2024-06-01_07-40.WAV,2024 Baja Lago Mesa Redonda,2024,6,1,7,40,Agelaius tricolor,Courtship Song,5.29066658,6.229333401,94,8719,24000,present,https://rfcx-streams-production.s3.eu-west-1.amazonaws.com/2024/06/01/2jm3bjkccty2/0e702fe0-31ff-4797-aecd-85cdf0c8d7f5.flac?X-Amz-Algorithm=AWS4-HMAC-SHA256&X-Amz-Content-Sha256=UNSIGNED-PAYLOAD&X-Amz-Credential=AKIA45B7YWBX5HAZMGOU%2F20260223%2Feu-west-1%2Fs3%2Faws4_request&X-Amz-Date=20260223T003248Z&X-Amz-Expires=604800&X-Amz-Signature=661f86ae7b4a9e9e2f73077719a7eea39824f98dc5716fe7cfc1c3347d60157e&X-Amz-SignedHeaders=host&response-content-disposition=attachment%3B%20filename%3D0e702fe0-31ff-4797-aecd-85cdf0c8d7f5.flac&x-id=GetObject,0.382371664,65444
LMRam-2024-06-01_09-00.WAV,2024 Baja Lago Mesa Redonda,2024,6,1,9,0,Agelaius tricolor,Courtship Song,44.53333282,45.47200012,94,8719,24000,present,https://rfcx-streams-production.s3.eu-west-1.amazonaws.com/2024/06/01/2jm3bjkccty2/89ae9cc7-0d59-4f73-9f2d-55a19b2bc225.flac?X-Amz-Algorithm=AWS4-HMAC-SHA256&X-Amz-Content-Sha256=UNSIGNED-PAYLOAD&X-Amz-Credential=AKIA45B7YWBX5HAZMGOU%2F20260223%2Feu-west-1%2Fs3%2Faws4_request&X-Amz-Date=20260223T003248Z&X-Amz-Expires=604800&X-Amz-Signature=9acdc36a303b852911ec3fb9c52e3835c48ea6303d9a9706f73b27522636bbc5&X-Amz-SignedHeaders=host&response-content-disposition=attachment%3B%20filename%3D89ae9cc7-0d59-4f73-9f2d-55a19b2bc225.flac&x-id=GetObject,0.356397569,65444
LMRam-2024-06-01_11-40.WAV,2024 Baja Lago Mesa Redonda,2024,6,1,11,40,Agelaius tricolor,Courtship Song,34.06399918,35.00266647,94,8719,24000,present,https://rfcx-streams-production.s3.eu-west-1.amazonaws.com/2024/06/01/2jm3bjkccty2/5d867252-96e8-4ddb-8e15-6c97a6aa7462.flac?X-Amz-Algorithm=AWS4-HMAC-SHA256&X-Amz-Content-Sha256=UNSIGNED-PAYLOAD&X-Amz-Credential=AKIA45B7YWBX5HAZMGOU%2F20260223%2Feu-west-1%2Fs3%2Faws4_request&X-Amz-Date=20260223T003248Z&X-Amz-Expires=604800&X-Amz-Signature=d8e4624ac9a2551526ceb0ef495fc0845e34dca2090d2e7853c17357a4068ba4&X-Amz-SignedHeaders=host&response-content-disposition=attachment%3B%20filename%3D5d867252-96e8-4ddb-8e15-6c97a6aa7462.flac&x-id=GetObject,0.434437096,65444
LMRam-2024-06-01_12-40.WAV,2024 Baja Lago Mesa Redonda,2024,6,1,12,40,Agelaius tricolor,Courtship Song,10.92800045,11.86666679,94,8719,24000,present,https://rfcx-streams-production.s3.eu-west-1.amazonaws.com/2024/06/01/2jm3bjkccty2/432700c1-3582-4b75-98ce-fda2e32bc3c4.flac?X-Amz-Algorithm=AWS4-HMAC-SHA256&X-Amz-Content-Sha256=UNSIGNED-PAYLOAD&X-Amz-Credential=AKIA45B7YWBX5HAZMGOU%2F20260223%2Feu-west-1%2Fs3%2Faws4_request&X-Amz-Date=20260223T003248Z&X-Amz-Expires=604800&X-Amz-Signature=21e208e800fdd407902da0998aadebe807d258c67fb7fffff9133466c21d193f&X-Amz-SignedHeaders=host&response-content-disposition=attachment%3B%20filename%3D432700c1-3582-4b75-98ce-fda2e32bc3c4.flac&x-id=GetObject,0.437878728,65444
LMRam-2024-06-01_13-00.WAV,2024 Baja Lago Mesa Redonda,2024,6,1,13,0,Agelaius tricolor,Courtship Song,9.445333481,10.38399982,94,8719,24000,present,https://rfcx-streams-production.s3.eu-west-1.amazonaws.com/2024/06/01/2jm3bjkccty2/2fcd7be4-01d2-47f1-a567-7c842f045ae2.flac?X-Amz-Algorithm=AWS4-HMAC-SHA256&X-Amz-Content-Sha256=UNSIGNED-PAYLOAD&X-Amz-Credential=AKIA45B7YWBX5HAZMGOU%2F20260223%2Feu-west-1%2Fs3%2Faws4_request&X-Amz-Date=20260223T003248Z&X-Amz-Expires=604800&X-Amz-Signature=3f24c55346aecce1a858bd9341647c652b860d401cbf0344edef9983bf0f004f&X-Amz-SignedHeaders=host&response-content-disposition=attachment%3B%20filename%3D2fcd7be4-01d2-47f1-a567-7c842f045ae2.flac&x-id=GetObject,0.416131645,65444
LMRam-2024-06-01_13-20.WAV,2024 Baja Lago Mesa Redonda,2024,6,1,13,20,Agelaius tricolor,Courtship Song,42.20800018,43.14666748,94,8719,24000,present,https://rfcx-streams-production.s3.eu-west-1.amazonaws.com/2024/06/01/2jm3bjkccty2/6ce77cda-6e08-49a2-ac2d-27f30ec568d5.flac?X-Amz-Algorithm=AWS4-HMAC-SHA256&X-Amz-Content-Sha256=UNSIGNED-PAYLOAD&X-Amz-Credential=AKIA45B7YWBX5HAZMGOU%2F20260223%2Feu-west-1%2Fs3%2Faws4_request&X-Amz-Date=20260223T003248Z&X-Amz-Expires=604800&X-Amz-Signature=2bfd956db6834494af2914b0ffea41d5095c87724255c6392c77f96a95194fad&X-Amz-SignedHeaders=host&response-content-disposition=attachment%3B%20filename%3D6ce77cda-6e08-49a2-ac2d-27f30ec568d5.flac&x-id=GetObject,0.398500562,65444
LMRam-2024-06-01_13-40.WAV,2024 Baja Lago Mesa Redonda,2024,6,1,13,40,Agelaius tricolor,Courtship Song,49.86666489,50.80533218,94,8719,24000,present,https://rfcx-streams-production.s3.eu-west-1.amazonaws.com/2024/06/01/2jm3bjkccty2/4f21c72c-1181-4e23-b550-10bb570174cc.flac?X-Amz-Algorithm=AWS4-HMAC-SHA256&X-Amz-Content-Sha256=UNSIGNED-PAYLOAD&X-Amz-Credential=AKIA45B7YWBX5HAZMGOU%2F20260223%2Feu-west-1%2Fs3%2Faws4_request&X-Amz-Date=20260223T003248Z&X-Amz-Expires=604800&X-Amz-Signature=9e94a6aa17d87247c83b954540e2d02cb0d4884d524c57c0858f893ac106c68d&X-Amz-SignedHeaders=host&response-content-disposition=attachment%3B%20filename%3D4f21c72c-1181-4e23-b550-10bb570174cc.flac&x-id=GetObject,0.623934925,65444
LMRam-2024-06-01_14-20.WAV,2024 Baja Lago Mesa Redonda,2024,6,1,14,20,Agelaius tricolor,Courtship Song,35.65866852,36.597332,94,8719,24000,present,https://rfcx-streams-production.s3.eu-west-1.amazonaws.com/2024/06/01/2jm3bjkccty2/81593850-b547-40db-8b4d-07ef2998877d.flac?X-Amz-Algorithm=AWS4-HMAC-SHA256&X-Amz-Content-Sha256=UNSIGNED-PAYLOAD&X-Amz-Credential=AKIA45B7YWBX5HAZMGOU%2F20260223%2Feu-west-1%2Fs3%2Faws4_request&X-Amz-Date=20260223T003248Z&X-Amz-Expires=604800&X-Amz-Signature=c0c9b55e4cd456c91d86d312f44a13f67ce1c49d3bc724a9be579a852a73ff56&X-Amz-SignedHeaders=host&response-content-disposition=attachment%3B%20filename%3D81593850-b547-40db-8b4d-07ef2998877d.flac&x-id=GetObject,0.498815298,65444
LMRam-2024-06-01_14-40.WAV,2024 Baja Lago Mesa Redonda,2024,6,1,14,40,Agelaius tricolor,Courtship Song,57.44533157,58.38399887,94,8719,24000,present,https://rfcx-streams-production.s3.eu-west-1.amazonaws.com/2024/06/01/2jm3bjkccty2/4041b11a-b131-4cb9-b6ea-2106cec21150.flac?X-Amz-Algorithm=AWS4-HMAC-SHA256&X-Amz-Content-Sha256=UNSIGNED-PAYLOAD&X-Amz-Credential=AKIA45B7YWBX5HAZMGOU%2F20260223%2Feu-west-1%2Fs3%2Faws4_request&X-Amz-Date=20260223T003248Z&X-Amz-Expires=604800&X-Amz-Signature=91a52a1e4b2dd0afe8aaeb43ad848ffc0375fe138b5a71ad0758f1eeabd98c9f&X-Amz-SignedHeaders=host&response-content-disposition=attachment%3B%20filename%3D4041b11a-b131-4cb9-b6ea-2106cec21150.flac&x-id=GetObject,0.540736973,65444
LMRam-2024-06-01_16-20.WAV,2024 Baja Lago Mesa Redonda,2024,6,1,16,20,Agelaius tricolor,Courtship Song,47.17866516,48.11733246,94,8719,24000,present,https://rfcx-streams-production.s3.eu-west-1.amazonaws.com/2024/06/01/2jm3bjkccty2/5c35d46f-f92c-4799-bc82-92357263010e.flac?X-Amz-Algorithm=AWS4-HMAC-SHA256&X-Amz-Content-Sha256=UNSIGNED-PAYLOAD&X-Amz-Credential=AKIA45B7YWBX5HAZMGOU%2F20260223%2Feu-west-1%2Fs3%2Faws4_request&X-Amz-Date=20260223T003248Z&X-Amz-Expires=604800&X-Amz-Signature=7a47084a34cbc27d270efbb4b2f07e01c17758815fc8dd8c2cbd25899e761e75&X-Amz-SignedHeaders=host&response-content-disposition=attachment%3B%20filename%3D5c35d46f-f92c-4799-bc82-92357263010e.flac&x-id=GetObject,0.547080398,65444
LMRam-2024-06-01_16-40.WAV,2024 Baja Lago Mesa Redonda,2024,6,1,16,40,Agelaius tricolor,Courtship Song,57.83466721,58.7733345,94,8719,24000,present,https://rfcx-streams-production.s3.eu-west-1.amazonaws.com/2024/06/01/2jm3bjkccty2/42732564-56f7-447f-9855-df2a56abb609.flac?X-Amz-Algorithm=AWS4-HMAC-SHA256&X-Amz-Content-Sha256=UNSIGNED-PAYLOAD&X-Amz-Credential=AKIA45B7YWBX5HAZMGOU%2F20260223%2Feu-west-1%2Fs3%2Faws4_request&X-Amz-Date=20260223T003248Z&X-Amz-Expires=604800&X-Amz-Signature=59c48fdff459c387c48c5ecee94a6bcc3fd51fcb595235ff5ca33ac9c49b359d&X-Amz-SignedHeaders=host&response-content-disposition=attachment%3B%20filename%3D42732564-56f7-447f-9855-df2a56abb609.flac&x-id=GetObject,0.538065076,65444
LMRam-2024-06-01_18-20.WAV,2024 Baja Lago Mesa Redonda,2024,6,1,18,20,Agelaius tricolor,Courtship Song,48,48.9386673,94,8719,24000,present,https://rfcx-streams-production.s3.eu-west-1.amazonaws.com/2024/06/02/2jm3bjkccty2/c318ea40-cbe7-4c8e-8d71-1379ec833641.flac?X-Amz-Algorithm=AWS4-HMAC-SHA256&X-Amz-Content-Sha256=UNSIGNED-PAYLOAD&X-Amz-Credential=AKIA45B7YWBX5HAZMGOU%2F20260223%2Feu-west-1%2Fs3%2Faws4_request&X-Amz-Date=20260223T003248Z&X-Amz-Expires=604800&X-Amz-Signature=ad9806edc829923206b4217350cfc821741e71c4aae4cd864785f810a42ef9bf&X-Amz-SignedHeaders=host&response-content-disposition=attachment%3B%20filename%3Dc318ea40-cbe7-4c8e-8d71-1379ec833641.flac&x-id=GetObject,0.495087504,65444
LMRam-2024-06-02_05-20.WAV,2024 Baja Lago Mesa Redonda,2024,6,2,5,20,Agelaius tricolor,Courtship Song,44.26666641,45.20533371,94,8719,24000,present,https://rfcx-streams-production.s3.eu-west-1.amazonaws.com/2024/06/02/2jm3bjkccty2/b5d4feeb-ce88-4f92-bd64-05d9117b9e91.flac?X-Amz-Algorithm=AWS4-HMAC-SHA256&X-Amz-Content-Sha256=UNSIGNED-PAYLOAD&X-Amz-Credential=AKIA45B7YWBX5HAZMGOU%2F20260223%2Feu-west-1%2Fs3%2Faws4_request&X-Amz-Date=20260223T003248Z&X-Amz-Expires=604800&X-Amz-Signature=0aa9af53ea417f0d2b9fc816e17d5e1b7223cd5b22634e1c5f0908c8085eedcf&X-Amz-SignedHeaders=host&response-content-disposition=attachment%3B%20filename%3Db5d4feeb-ce88-4f92-bd64-05d9117b9e91.flac&x-id=GetObject,0.433333933,65444
LMRam-2024-06-02_06-00.WAV,2024 Baja Lago Mesa Redonda,2024,6,2,6,0,Agelaius tricolor,Courtship Song,29.57333374,30.51199913,94,8719,24000,present,https://rfcx-streams-production.s3.eu-west-1.amazonaws.com/2024/06/02/2jm3bjkccty2/a2d107e5-e4b0-4743-b170-cbb70ca1fcee.flac?X-Amz-Algorithm=AWS4-HMAC-SHA256&X-Amz-Content-Sha256=UNSIGNED-PAYLOAD&X-Amz-Credential=AKIA45B7YWBX5HAZMGOU%2F20260223%2Feu-west-1%2Fs3%2Faws4_request&X-Amz-Date=20260223T003248Z&X-Amz-Expires=604800&X-Amz-Signature=4ff56c34716c4a7f9b6ba009836f422e24e3a6e96a95550f25bb6949af68b072&X-Amz-SignedHeaders=host&response-content-disposition=attachment%3B%20filename%3Da2d107e5-e4b0-4743-b170-cbb70ca1fcee.flac&x-id=GetObject,0.358187199,65444
LMRam-2024-06-02_06-40.WAV,2024 Baja Lago Mesa Redonda,2024,6,2,6,40,Agelaius tricolor,Courtship Song,10.3253336,11.26399994,94,8719,24000,present,https://rfcx-streams-production.s3.eu-west-1.amazonaws.com/2024/06/02/2jm3bjkccty2/e6d256ae-0cad-4dfb-bbfa-232627b6b8e1.flac?X-Amz-Algorithm=AWS4-HMAC-SHA256&X-Amz-Content-Sha256=UNSIGNED-PAYLOAD&X-Amz-Credential=AKIA45B7YWBX5HAZMGOU%2F20260223%2Feu-west-1%2Fs3%2Faws4_request&X-Amz-Date=20260223T003248Z&X-Amz-Expires=604800&X-Amz-Signature=69b39dcb15bf5412f90b1aa9ca3f64facf8e2108eef64a18beb17c81c7cb472b&X-Amz-SignedHeaders=host&response-content-disposition=attachment%3B%20filename%3De6d256ae-0cad-4dfb-bbfa-232627b6b8e1.flac&x-id=GetObject,0.44249624,65444
LMRam-2024-06-02_07-40.WAV,2024 Baja Lago Mesa Redonda,2024,6,2,7,40,Agelaius tricolor,Courtship Song,47.14666748,48.08533478,94,8719,24000,present,https://rfcx-streams-production.s3.eu-west-1.amazonaws.com/2024/06/02/2jm3bjkccty2/532fe40c-d755-4ac3-90be-376647b14c6d.flac?X-Amz-Algorithm=AWS4-HMAC-SHA256&X-Amz-Content-Sha256=UNSIGNED-PAYLOAD&X-Amz-Credential=AKIA45B7YWBX5HAZMGOU%2F20260223%2Feu-west-1%2Fs3%2Faws4_request&X-Amz-Date=20260223T003248Z&X-Amz-Expires=604800&X-Amz-Signature=0f98593c98490a32d295276ab8271172a8905a78d101dcf34e4edc1e5304d5e6&X-Amz-SignedHeaders=host&response-content-disposition=attachment%3B%20filename%3D532fe40c-d755-4ac3-90be-376647b14c6d.flac&x-id=GetObject,0.398457825,65444
LMRam-2024-06-02_10-00.WAV,2024 Baja Lago Mesa Redonda,2024,6,2,10,0,Agelaius tricolor,Courtship Song,7.690666676,8.629333496,94,8719,24000,present,https://rfcx-streams-production.s3.eu-west-1.amazonaws.com/2024/06/02/2jm3bjkccty2/bc87ca67-65b4-4575-897a-f71d37eea669.flac?X-Amz-Algorithm=AWS4-HMAC-SHA256&X-Amz-Content-Sha256=UNSIGNED-PAYLOAD&X-Amz-Credential=AKIA45B7YWBX5HAZMGOU%2F20260223%2Feu-west-1%2Fs3%2Faws4_request&X-Amz-Date=20260223T003248Z&X-Amz-Expires=604800&X-Amz-Signature=aeb526155113bfb3b369fe5525ec46d72119c15b7c5c3f6941e2fb5d53394e65&X-Amz-SignedHeaders=host&response-content-disposition=attachment%3B%20filename%3Dbc87ca67-65b4-4575-897a-f71d37eea669.flac&x-id=GetObject,0.426011741,65444
LMRam-2024-06-02_17-20.WAV,2024 Baja Lago Mesa Redonda,2024,6,2,17,20,Agelaius tricolor,Courtship Song,21.2373333,22.1760006,94,8719,24000,present,https://rfcx-streams-production.s3.eu-west-1.amazonaws.com/2024/06/03/2jm3bjkccty2/0fe2c93d-7c1c-432d-9303-2735899590ff.flac?X-Amz-Algorithm=AWS4-HMAC-SHA256&X-Amz-Content-Sha256=UNSIGNED-PAYLOAD&X-Amz-Credential=AKIA45B7YWBX5HAZMGOU%2F20260223%2Feu-west-1%2Fs3%2Faws4_request&X-Amz-Date=20260223T003248Z&X-Amz-Expires=604800&X-Amz-Signature=1c5822c45a37abacaad5ba4d56a6974e3147c70435a1041099251d4f13bedc29&X-Amz-SignedHeaders=host&response-content-disposition=attachment%3B%20filename%3D0fe2c93d-7c1c-432d-9303-2735899590ff.flac&x-id=GetObject,0.421550572,65444
LMRam-2024-06-03_05-20.WAV,2024 Baja Lago Mesa Redonda,2024,6,3,5,20,Agelaius tricolor,Courtship Song,47.63733292,48.57600021,94,8719,24000,present,https://rfcx-streams-production.s3.eu-west-1.amazonaws.com/2024/06/03/2jm3bjkccty2/d891eeaa-75a0-4a2f-b856-9124dd539fe5.flac?X-Amz-Algorithm=AWS4-HMAC-SHA256&X-Amz-Content-Sha256=UNSIGNED-PAYLOAD&X-Amz-Credential=AKIA45B7YWBX5HAZMGOU%2F20260223%2Feu-west-1%2Fs3%2Faws4_request&X-Amz-Date=20260223T003248Z&X-Amz-Expires=604800&X-Amz-Signature=252efc456aa8ceda97e3979b8293e35d0277e51008dcd7f4b97f60bd345e990a&X-Amz-SignedHeaders=host&response-content-disposition=attachment%3B%20filename%3Dd891eeaa-75a0-4a2f-b856-9124dd539fe5.flac&x-id=GetObject,0.440650553,65444
LMRam-2024-06-03_06-20.WAV,2024 Baja Lago Mesa Redonda,2024,6,3,6,20,Agelaius tricolor,Courtship Song,38.15999985,39.09866714,94,8719,24000,present,https://rfcx-streams-production.s3.eu-west-1.amazonaws.com/2024/06/03/2jm3bjkccty2/d53e3b24-0651-408b-9dc5-831bb9f2c46b.flac?X-Amz-Algorithm=AWS4-HMAC-SHA256&X-Amz-Content-Sha256=UNSIGNED-PAYLOAD&X-Amz-Credential=AKIA45B7YWBX5HAZMGOU%2F20260223%2Feu-west-1%2Fs3%2Faws4_request&X-Amz-Date=20260223T003248Z&X-Amz-Expires=604800&X-Amz-Signature=1624d2ec09fb4a934e1de15973988364845a6fd7f0475c4073f5c5e6551c12f6&X-Amz-SignedHeaders=host&response-content-disposition=attachment%3B%20filename%3Dd53e3b24-0651-408b-9dc5-831bb9f2c46b.flac&x-id=GetObject,0.435433239,65444
LMRam-2024-06-03_12-20.WAV,2024 Baja Lago Mesa Redonda,2024,6,3,12,20,Agelaius tricolor,Courtship Song,0.101333335,1.039999962,94,8719,24000,present,https://rfcx-streams-production.s3.eu-west-1.amazonaws.com/2024/06/03/2jm3bjkccty2/159f845c-f9e0-49e7-bfd4-21d519e51712.flac?X-Amz-Algorithm=AWS4-HMAC-SHA256&X-Amz-Content-Sha256=UNSIGNED-PAYLOAD&X-Amz-Credential=AKIA45B7YWBX5HAZMGOU%2F20260223%2Feu-west-1%2Fs3%2Faws4_request&X-Amz-Date=20260223T003248Z&X-Amz-Expires=604800&X-Amz-Signature=c656436afb04b522fbfdd863c27e21e2824d2de758e4e860e47444480d86283f&X-Amz-SignedHeaders=host&response-content-disposition=attachment%3B%20filename%3D159f845c-f9e0-49e7-bfd4-21d519e51712.flac&x-id=GetObject,0.461547524,65444
LMRam-2024-06-03_19-20.WAV,2024 Baja Lago Mesa Redonda,2024,6,3,19,20,Agelaius tricolor,Courtship Song,54.81066513,55.74933243,94,8719,24000,present,https://rfcx-streams-production.s3.eu-west-1.amazonaws.com/2024/06/04/2jm3bjkccty2/d1772850-8e42-4aed-b2da-bec8c9a40036.flac?X-Amz-Algorithm=AWS4-HMAC-SHA256&X-Amz-Content-Sha256=UNSIGNED-PAYLOAD&X-Amz-Credential=AKIA45B7YWBX5HAZMGOU%2F20260223%2Feu-west-1%2Fs3%2Faws4_request&X-Amz-Date=20260223T003248Z&X-Amz-Expires=604800&X-Amz-Signature=594c2887920ff6beb72e7883a8e6c598840de23e2dcc268525996702c9cd9158&X-Amz-SignedHeaders=host&response-content-disposition=attachment%3B%20filename%3Dd1772850-8e42-4aed-b2da-bec8c9a40036.flac&x-id=GetObject,0.443206251,65444
LMRam-2024-06-05_06-40.WAV,2024 Baja Lago Mesa Redonda,2024,6,5,6,40,Agelaius tricolor,Courtship Song,18.43199921,19.3706665,94,8719,24000,present,https://rfcx-streams-production.s3.eu-west-1.amazonaws.com/2024/06/05/2jm3bjkccty2/add39dac-8eb4-4e83-a7cd-2d9019a7343f.flac?X-Amz-Algorithm=AWS4-HMAC-SHA256&X-Amz-Content-Sha256=UNSIGNED-PAYLOAD&X-Amz-Credential=AKIA45B7YWBX5HAZMGOU%2F20260223%2Feu-west-1%2Fs3%2Faws4_request&X-Amz-Date=20260223T003247Z&X-Amz-Expires=604800&X-Amz-Signature=7b545c26cd391e0d273c2dfa0c4c0b518a4419670baea6e8b6088eba1269ec44&X-Amz-SignedHeaders=host&response-content-disposition=attachment%3B%20filename%3Dadd39dac-8eb4-4e83-a7cd-2d9019a7343f.flac&x-id=GetObject,0.439060152,65444
LMRam-2024-06-05_11-00.WAV,2024 Baja Lago Mesa Redonda,2024,6,5,11,0,Agelaius tricolor,Courtship Song,53.86133194,54.79999924,94,8719,24000,present,https://rfcx-streams-production.s3.eu-west-1.amazonaws.com/2024/06/05/2jm3bjkccty2/2b87abc3-f189-42a8-971f-391a72bfab63.flac?X-Amz-Algorithm=AWS4-HMAC-SHA256&X-Amz-Content-Sha256=UNSIGNED-PAYLOAD&X-Amz-Credential=AKIA45B7YWBX5HAZMGOU%2F20260223%2Feu-west-1%2Fs3%2Faws4_request&X-Amz-Date=20260223T003247Z&X-Amz-Expires=604800&X-Amz-Signature=1c3c0c05837a1d93b281b519e119c92d3ebe5fc7b4c64f9ab3b12aa45b244de6&X-Amz-SignedHeaders=host&response-content-disposition=attachment%3B%20filename%3D2b87abc3-f189-42a8-971f-391a72bfab63.flac&x-id=GetObject,0.434308946,65444
LMRam-2024-06-05_17-40.WAV,2024 Baja Lago Mesa Redonda,2024,6,5,17,40,Agelaius tricolor,Courtship Song,27.27466583,28.21333313,94,8719,24000,present,https://rfcx-streams-production.s3.eu-west-1.amazonaws.com/2024/06/06/2jm3bjkccty2/965781f7-5dbb-4281-8252-e501cb262fbc.flac?X-Amz-Algorithm=AWS4-HMAC-SHA256&X-Amz-Content-Sha256=UNSIGNED-PAYLOAD&X-Amz-Credential=AKIA45B7YWBX5HAZMGOU%2F20260223%2Feu-west-1%2Fs3%2Faws4_request&X-Amz-Date=20260223T003247Z&X-Amz-Expires=604800&X-Amz-Signature=2759162dc81158fe6844e9051335bfb273f009728d2cf28960de524ad8954711&X-Amz-SignedHeaders=host&response-content-disposition=attachment%3B%20filename%3D965781f7-5dbb-4281-8252-e501cb262fbc.flac&x-id=GetObject,0.43520087,65444
