recording,site,year,month,day,hour,minute,species,songtype,x1,x2,y1,y2,frequency,validated,url,score,site_id
ConAam-2022-06-01_08-30.WAV,2022 Conaway North A,2022,6,1,8,30,Agelaius tricolor,Simple Call 2,32.27733231,32.67200089,375,21656,24000,present,https://rfcx-streams-production.s3.eu-west-1.amazonaws.com/2022/06/01/82sjidqz9yro/49c77ac2-d6f3-4e15-afac-8f24b749c471.flac?X-Amz-Algorithm=AWS4-HMAC-SHA256&X-Amz-Content-Sha256=UNSIGNED-PAYLOAD&X-Amz-Credential=AKIA45B7YWBX5HAZMGOU%2F20260223%2Feu-west-1%2Fs3%2Faws4_request&X-Amz-Date=20260223T001933Z&X-Amz-Expires=604800&X-Amz-Signature=d0b4ef908199383af7e207ee46f943b5d9f6149d3f618f4ea4207e732c590799&X-Amz-SignedHeaders=host&response-content-disposition=attachment%3B%20filename%3D49c77ac2-d6f3-4e15-afac-8f24b749c471.flac&x-id=GetObject,0.456595868,34113
ConAam-2022-06-01_12-00.WAV,2022 Conaway North A,2022,6,1,12,0,Agelaius tricolor,Simple Call 2,48.51733398,48.91199875,375,21656,24000,present,https://rfcx-streams-production.s3.eu-west-1.amazonaws.com/2022/06/01/82sjidqz9yro/17c37ff3-3fd7-4d68-95b9-36dc15a4df33.flac?X-Amz-Algorithm=AWS4-HMAC-SHA256&X-Amz-Content-Sha256=UNSIGNED-PAYLOAD&X-Amz-Credential=AKIA45B7YWBX5HAZMGOU%2F20260223%2Feu-west-1%2Fs3%2Faws4_request&X-Amz-Date=20260223T001933Z&X-Amz-Expires=604800&X-Amz-Signature=1c72cf74beb0939708ad9a606a9013845805a7debd11310b21c41c69b7d9f84c&X-Amz-SignedHeaders=host&response-content-disposition=attachment%3B%20filename%3D17c37ff3-3fd7-4d68-95b9-36dc15a4df33.flac&x-id=GetObject,0.40001449,34113
ConAam-2022-06-01_12-20.WAV,2022 Conaway North A,2022,6,1,12,20,Agelaius tricolor,Simple Call 2,47.62133408,48.01599884,375,21656,24000,present,https://rfcx-streams-production.s3.eu-west-1.amazonaws.com/2022/06/01/82sjidqz9yro/9aacaf0a-ecfe-47d3-b3df-009a07a46337.flac?X-Amz-Algorithm=AWS4-HMAC-SHA256&X-Amz-Content-Sha256=UNSIGNED-PAYLOAD&X-Amz-Credential=AKIA45B7YWBX5HAZMGOU%2F20260223%2Feu-west-1%2Fs3%2Faws4_request&X-Amz-Date=20260223T001933Z&X-Amz-Expires=604800&X-Amz-Signature=103127efd571f3675230cf9ce81566800c8309de42a6fd8d508a906d40e292dc&X-Amz-SignedHeaders=host&response-content-disposition=attachment%3B%20filename%3D9aacaf0a-ecfe-47d3-b3df-009a07a46337.flac&x-id=GetObject,0.408351302,34113
ConAam-2022-06-01_13-00.WAV,2022 Conaway North A,2022,6,1,13,0,Agelaius tricolor,Simple Call 2,32.31466675,32.70933151,375,21656,24000,present,https://rfcx-streams-production.s3.eu-west-1.amazonaws.com/2022/06/01/82sjidqz9yro/49e3053f-df2c-41c2-a571-3d563392bf54.flac?X-Amz-Algorithm=AWS4-HMAC-SHA256&X-Amz-Content-Sha256=UNSIGNED-PAYLOAD&X-Amz-Credential=AKIA45B7YWBX5HAZMGOU%2F20260223%2Feu-west-1%2Fs3%2Faws4_request&X-Amz-Date=20260223T001933Z&X-Amz-Expires=604800&X-Amz-Signature=f6293b48b37b31b9a5455552355a1020378909c474eb279081eda625989f0928&X-Amz-SignedHeaders=host&response-content-disposition=attachment%3B%20filename%3D49e3053f-df2c-41c2-a571-3d563392bf54.flac&x-id=GetObject,0.407367408,34113
ConAam-2022-06-01_13-30.WAV,2022 Conaway North A,2022,6,1,13,30,Agelaius tricolor,Simple Call 2,2.485333443,2.880000114,375,21656,24000,present,https://rfcx-streams-production.s3.eu-west-1.amazonaws.com/2022/06/01/82sjidqz9yro/0ed0ac3e-5e91-4a1c-acc3-325b47de373b.flac?X-Amz-Algorithm=AWS4-HMAC-SHA256&X-Amz-Content-Sha256=UNSIGNED-PAYLOAD&X-Amz-Credential=AKIA45B7YWBX5HAZMGOU%2F20260223%2Feu-west-1%2Fs3%2Faws4_request&X-Amz-Date=20260223T001933Z&X-Amz-Expires=604800&X-Amz-Signature=d1268fd63e8217fff7cacedf93c1f1af3e7a55d0528a171c455602eb40ecd63f&X-Amz-SignedHeaders=host&response-content-disposition=attachment%3B%20filename%3D0ed0ac3e-5e91-4a1c-acc3-325b47de373b.flac&x-id=GetObject,0.407746464,34113
ConAam-2022-06-01_15-50.WAV,2022 Conaway North A,2022,6,1,15,50,Agelaius tricolor,Simple Call 2,13.01333332,13.40799999,375,21656,24000,present,https://rfcx-streams-production.s3.eu-west-1.amazonaws.com/2022/06/01/82sjidqz9yro/b1453e30-8da2-4e07-9613-f9c188132c9e.flac?X-Amz-Algorithm=AWS4-HMAC-SHA256&X-Amz-Content-Sha256=UNSIGNED-PAYLOAD&X-Amz-Credential=AKIA45B7YWBX5HAZMGOU%2F20260223%2Feu-west-1%2Fs3%2Faws4_request&X-Amz-Date=20260223T001933Z&X-Amz-Expires=604800&X-Amz-Signature=3b858b82e60b5cd80d18840ba65bae4fc4bd1bcb948936d4bae084d19bfa187c&X-Amz-SignedHeaders=host&response-content-disposition=attachment%3B%20filename%3Db1453e30-8da2-4e07-9613-f9c188132c9e.flac&x-id=GetObject,0.443057686,34113
ConAam-2022-06-01_16-00.WAV,2022 Conaway North A,2022,6,1,16,0,Agelaius tricolor,Simple Call 2,7.184000015,7.578666687,375,21656,24000,present,https://rfcx-streams-production.s3.eu-west-1.amazonaws.com/2022/06/01/82sjidqz9yro/b083c569-623a-4404-b667-d57cb684cd1f.flac?X-Amz-Algorithm=AWS4-HMAC-SHA256&X-Amz-Content-Sha256=UNSIGNED-PAYLOAD&X-Amz-Credential=AKIA45B7YWBX5HAZMGOU%2F20260223%2Feu-west-1%2Fs3%2Faws4_request&X-Amz-Date=20260223T001933Z&X-Amz-Expires=604800&X-Amz-Signature=74fc037066224016257902fea9cdc24d572eab2f05725c2da5c976b9fc95ab5a&X-Amz-SignedHeaders=host&response-content-disposition=attachment%3B%20filename%3Db083c569-623a-4404-b667-d57cb684cd1f.flac&x-id=GetObject,0.437644511,34113
ConAam-2022-06-01_17-20.WAV,2022 Conaway North A,2022,6,1,17,20,Agelaius tricolor,Simple Call 2,47.95199966,48.34666824,375,21656,24000,present,https://rfcx-streams-production.s3.eu-west-1.amazonaws.com/2022/06/02/82sjidqz9yro/a3dd30ca-5238-4079-9d40-0e3d2cf5623b.flac?X-Amz-Algorithm=AWS4-HMAC-SHA256&X-Amz-Content-Sha256=UNSIGNED-PAYLOAD&X-Amz-Credential=AKIA45B7YWBX5HAZMGOU%2F20260223%2Feu-west-1%2Fs3%2Faws4_request&X-Amz-Date=20260223T001933Z&X-Amz-Expires=604800&X-Amz-Signature=56896e8209d64e174145829c1864dd5e19a82246571fcedb62a65fcd4c89e00e&X-Amz-SignedHeaders=host&response-content-disposition=attachment%3B%20filename%3Da3dd30ca-5238-4079-9d40-0e3d2cf5623b.flac&x-id=GetObject,0.470057279,34113
ConAam-2022-06-01_18-10.WAV,2022 Conaway North A,2022,6,1,18,10,Agelaius tricolor,Simple Call 2,39.9679985,40.36266708,375,21656,24000,present,https://rfcx-streams-production.s3.eu-west-1.amazonaws.com/2022/06/02/82sjidqz9yro/b7f53fc2-e422-4b52-a8b2-499c5af6fd29.flac?X-Amz-Algorithm=AWS4-HMAC-SHA256&X-Amz-Content-Sha256=UNSIGNED-PAYLOAD&X-Amz-Credential=AKIA45B7YWBX5HAZMGOU%2F20260223%2Feu-west-1%2Fs3%2Faws4_request&X-Amz-Date=20260223T001933Z&X-Amz-Expires=604800&X-Amz-Signature=622466434695f437a1a6d44c914f93f89f5b29598ccc8241de1b2442782bf990&X-Amz-SignedHeaders=host&response-content-disposition=attachment%3B%20filename%3Db7f53fc2-e422-4b52-a8b2-499c5af6fd29.flac&x-id=GetObject,0.431861639,34113
ConAam-2022-06-01_18-30.WAV,2022 Conaway North A,2022,6,1,18,30,Agelaius tricolor,Simple Call 2,15.87733364,16.27199936,375,21656,24000,present,https://rfcx-streams-production.s3.eu-west-1.amazonaws.com/2022/06/02/82sjidqz9yro/2f882e17-05d3-4b5b-80c0-8b14e08ce84b.flac?X-Amz-Algorithm=AWS4-HMAC-SHA256&X-Amz-Content-Sha256=UNSIGNED-PAYLOAD&X-Amz-Credential=AKIA45B7YWBX5HAZMGOU%2F20260223%2Feu-west-1%2Fs3%2Faws4_request&X-Amz-Date=20260223T001933Z&X-Amz-Expires=604800&X-Amz-Signature=ffdb4b6be6c7c1c110703d9b6f25ab20e36618ace9c5a64909206516c6977272&X-Amz-SignedHeaders=host&response-content-disposition=attachment%3B%20filename%3D2f882e17-05d3-4b5b-80c0-8b14e08ce84b.flac&x-id=GetObject,0.46807909,34113
ConAam-2022-06-02_05-20.WAV,2022 Conaway North A,2022,6,2,5,20,Agelaius tricolor,Simple Call 2,21.5359993,21.93066597,375,21656,24000,present,https://rfcx-streams-production.s3.eu-west-1.amazonaws.com/2022/06/02/82sjidqz9yro/0de3bc2f-3dc4-4d51-ace2-56cc654f8cea.flac?X-Amz-Algorithm=AWS4-HMAC-SHA256&X-Amz-Content-Sha256=UNSIGNED-PAYLOAD&X-Amz-Credential=AKIA45B7YWBX5HAZMGOU%2F20260223%2Feu-west-1%2Fs3%2Faws4_request&X-Amz-Date=20260223T001933Z&X-Amz-Expires=604800&X-Amz-Signature=b33ea9f460f8f85a7df2768d3ceae019eaf3bb2c7c7ac88300046df6752fece0&X-Amz-SignedHeaders=host&response-content-disposition=attachment%3B%20filename%3D0de3bc2f-3dc4-4d51-ace2-56cc654f8cea.flac&x-id=GetObject,0.421640515,34113
ConAam-2022-06-02_05-30.WAV,2022 Conaway North A,2022,6,2,5,30,Agelaius tricolor,Simple Call 2,39.19466782,39.58933258,375,21656,24000,present,https://rfcx-streams-production.s3.eu-west-1.amazonaws.com/2022/06/02/82sjidqz9yro/8b2b8f52-d68d-4e2d-a5d5-e23a52b708df.flac?X-Amz-Algorithm=AWS4-HMAC-SHA256&X-Amz-Content-Sha256=UNSIGNED-PAYLOAD&X-Amz-Credential=AKIA45B7YWBX5HAZMGOU%2F20260223%2Feu-west-1%2Fs3%2Faws4_request&X-Amz-Date=20260223T001933Z&X-Amz-Expires=604800&X-Amz-Signature=050ad3280115a240b75d8939048479459ab860ce1cc4930aea758b13e64ed73d&X-Amz-SignedHeaders=host&response-content-disposition=attachment%3B%20filename%3D8b2b8f52-d68d-4e2d-a5d5-e23a52b708df.flac&x-id=GetObject,0.460595995,34113
ConAam-2022-06-02_06-30.WAV,2022 Conaway North A,2022,6,2,6,30,Agelaius tricolor,Simple Call 2,42.70933151,43.10400009,375,21656,24000,present,https://rfcx-streams-production.s3.eu-west-1.amazonaws.com/2022/06/02/82sjidqz9yro/fa7963ba-1a64-43f1-8541-a25da91324c1.flac?X-Amz-Algorithm=AWS4-HMAC-SHA256&X-Amz-Content-Sha256=UNSIGNED-PAYLOAD&X-Amz-Credential=AKIA45B7YWBX5HAZMGOU%2F20260223%2Feu-west-1%2Fs3%2Faws4_request&X-Amz-Date=20260223T001933Z&X-Amz-Expires=604800&X-Amz-Signature=f1b7ccf8692ceb8fd0a89af64718e5b2e2bb9f0e8ead0e87fa71002ca0350240&X-Amz-SignedHeaders=host&response-content-disposition=attachment%3B%20filename%3Dfa7963ba-1a64-43f1-8541-a25da91324c1.flac&x-id=GetObject,0.47492674,34113
ConAam-2022-06-02_06-40.WAV,2022 Conaway North A,2022,6,2,6,40,Agelaius tricolor,Simple Call 2,27.31200027,27.70666695,375,21656,24000,present,https://rfcx-streams-production.s3.eu-west-1.amazonaws.com/2022/06/02/82sjidqz9yro/b55cd0bb-df51-4d9a-9652-4977c683b19c.flac?X-Amz-Algorithm=AWS4-HMAC-SHA256&X-Amz-Content-Sha256=UNSIGNED-PAYLOAD&X-Amz-Credential=AKIA45B7YWBX5HAZMGOU%2F20260223%2Feu-west-1%2Fs3%2Faws4_request&X-Amz-Date=20260223T001934Z&X-Amz-Expires=604800&X-Amz-Signature=f589475a5985667aa731d05ac2c887939921f27adc3e11383f743c2c0e9a5c09&X-Amz-SignedHeaders=host&response-content-disposition=attachment%3B%20filename%3Db55cd0bb-df51-4d9a-9652-4977c683b19c.flac&x-id=GetObject,0.409247786,34113
ConAam-2022-06-02_06-50.WAV,2022 Conaway North A,2022,6,2,6,50,Agelaius tricolor,Simple Call 2,45.32266617,45.71733475,375,21656,24000,present,https://rfcx-streams-production.s3.eu-west-1.amazonaws.com/2022/06/02/82sjidqz9yro/559d564e-d2ea-45b8-9d51-9a7dace9658e.flac?X-Amz-Algorithm=AWS4-HMAC-SHA256&X-Amz-Content-Sha256=UNSIGNED-PAYLOAD&X-Amz-Credential=AKIA45B7YWBX5HAZMGOU%2F20260223%2Feu-west-1%2Fs3%2Faws4_request&X-Amz-Date=20260223T001933Z&X-Amz-Expires=604800&X-Amz-Signature=a00e74105d4d65551bac516a56e710856ec36cf237861b5b7c981c739aaa9123&X-Amz-SignedHeaders=host&response-content-disposition=attachment%3B%20filename%3D559d564e-d2ea-45b8-9d51-9a7dace9658e.flac&x-id=GetObject,0.469647229,34113
ConAam-2022-06-02_07-30.WAV,2022 Conaway North A,2022,6,2,7,30,Agelaius tricolor,Simple Call 2,26.05866623,26.4533329,375,21656,24000,present,https://rfcx-streams-production.s3.eu-west-1.amazonaws.com/2022/06/02/82sjidqz9yro/70798652-b7f4-454a-b31c-2664a27e054d.flac?X-Amz-Algorithm=AWS4-HMAC-SHA256&X-Amz-Content-Sha256=UNSIGNED-PAYLOAD&X-Amz-Credential=AKIA45B7YWBX5HAZMGOU%2F20260223%2Feu-west-1%2Fs3%2Faws4_request&X-Amz-Date=20260223T001933Z&X-Amz-Expires=604800&X-Amz-Signature=6f118463e5c89b5f923991a38de94c1a088fa7eade74a76a560e83c7414fc39a&X-Amz-SignedHeaders=host&response-content-disposition=attachment%3B%20filename%3D70798652-b7f4-454a-b31c-2664a27e054d.flac&x-id=GetObject,0.437252104,34113
ConAam-2022-06-02_07-50.WAV,2022 Conaway North A,2022,6,2,7,50,Agelaius tricolor,Simple Call 2,11.31200027,11.70666695,375,21656,24000,present,https://rfcx-streams-production.s3.eu-west-1.amazonaws.com/2022/06/02/82sjidqz9yro/d0cac35e-d00c-4b79-a647-d185bab5bed8.flac?X-Amz-Algorithm=AWS4-HMAC-SHA256&X-Amz-Content-Sha256=UNSIGNED-PAYLOAD&X-Amz-Credential=AKIA45B7YWBX5HAZMGOU%2F20260223%2Feu-west-1%2Fs3%2Faws4_request&X-Amz-Date=20260223T001933Z&X-Amz-Expires=604800&X-Amz-Signature=b06db6f7ac36fe9557c20d75b510a9f4959f0ccfa54bf6fa90a4e151ca494b8d&X-Amz-SignedHeaders=host&response-content-disposition=attachment%3B%20filename%3Dd0cac35e-d00c-4b79-a647-d185bab5bed8.flac&x-id=GetObject,0.423400015,34113
ConAam-2022-06-02_08-10.WAV,2022 Conaway North A,2022,6,2,8,10,Agelaius tricolor,Simple Call 2,1.845333338,2.24000001,375,21656,24000,present,https://rfcx-streams-production.s3.eu-west-1.amazonaws.com/2022/06/02/82sjidqz9yro/fdde7ed0-483c-4c49-bd13-3629ff096f29.flac?X-Amz-Algorithm=AWS4-HMAC-SHA256&X-Amz-Content-Sha256=UNSIGNED-PAYLOAD&X-Amz-Credential=AKIA45B7YWBX5HAZMGOU%2F20260223%2Feu-west-1%2Fs3%2Faws4_request&X-Amz-Date=20260223T001933Z&X-Amz-Expires=604800&X-Amz-Signature=40be33b7f20608f0d313f2bc8ef553072f7544578b6693ba82b6497b1fd9f0f0&X-Amz-SignedHeaders=host&response-content-disposition=attachment%3B%20filename%3Dfdde7ed0-483c-4c49-bd13-3629ff096f29.flac&x-id=GetObject,0.44859311,34113
ConAam-2022-06-02_08-30.WAV,2022 Conaway North A,2022,6,2,8,30,Agelaius tricolor,Simple Call 2,24.52799988,24.92266655,375,21656,24000,present,https://rfcx-streams-production.s3.eu-west-1.amazonaws.com/2022/06/02/82sjidqz9yro/0a6254c2-2750-4b08-b501-01b5bb944126.flac?X-Amz-Algorithm=AWS4-HMAC-SHA256&X-Amz-Content-Sha256=UNSIGNED-PAYLOAD&X-Amz-Credential=AKIA45B7YWBX5HAZMGOU%2F20260223%2Feu-west-1%2Fs3%2Faws4_request&X-Amz-Date=20260223T001933Z&X-Amz-Expires=604800&X-Amz-Signature=a14b3647ea6573a1821c73d56a3f9ac71e8161308b0f222f91873003945e5acb&X-Amz-SignedHeaders=host&response-content-disposition=attachment%3B%20filename%3D0a6254c2-2750-4b08-b501-01b5bb944126.flac&x-id=GetObject,0.441047966,34113
ConAam-2022-06-02_09-20.WAV,2022 Conaway North A,2022,6,2,9,20,Agelaius tricolor,Simple Call 2,3.519999981,3.914666653,375,21656,24000,present,https://rfcx-streams-production.s3.eu-west-1.amazonaws.com/2022/06/02/82sjidqz9yro/acb10ca8-6006-4ebc-8616-76a6d115833f.flac?X-Amz-Algorithm=AWS4-HMAC-SHA256&X-Amz-Content-Sha256=UNSIGNED-PAYLOAD&X-Amz-Credential=AKIA45B7YWBX5HAZMGOU%2F20260223%2Feu-west-1%2Fs3%2Faws4_request&X-Amz-Date=20260223T001933Z&X-Amz-Expires=604800&X-Amz-Signature=28b628adaa1b486b9dbf98a4616db8d57c7476eb4b275c971ee2952e9a5e48e1&X-Amz-SignedHeaders=host&response-content-disposition=attachment%3B%20filename%3Dacb10ca8-6006-4ebc-8616-76a6d115833f.flac&x-id=GetObject,0.428478181,34113
ConAam-2022-06-02_09-40.WAV,2022 Conaway North A,2022,6,2,9,40,Agelaius tricolor,Simple Call 2,1.205333352,1.600000024,375,21656,24000,present,https://rfcx-streams-production.s3.eu-west-1.amazonaws.com/2022/06/02/82sjidqz9yro/c4bd9048-7d1b-454c-95f0-01ff3ce775dd.flac?X-Amz-Algorithm=AWS4-HMAC-SHA256&X-Amz-Content-Sha256=UNSIGNED-PAYLOAD&X-Amz-Credential=AKIA45B7YWBX5HAZMGOU%2F20260223%2Feu-west-1%2Fs3%2Faws4_request&X-Amz-Date=20260223T001933Z&X-Amz-Expires=604800&X-Amz-Signature=aff3c7a768d06fae2653567ff3654b95e95dee700ea8ce6713bf131bd19e694f&X-Amz-SignedHeaders=host&response-content-disposition=attachment%3B%20filename%3Dc4bd9048-7d1b-454c-95f0-01ff3ce775dd.flac&x-id=GetObject,0.419949174,34113
ConAam-2022-06-02_10-10.WAV,2022 Conaway North A,2022,6,2,10,10,Agelaius tricolor,Simple Call 2,45.70133209,46.09600067,375,21656,24000,present,https://rfcx-streams-production.s3.eu-west-1.amazonaws.com/2022/06/02/82sjidqz9yro/53c57099-6266-4642-8824-efad3e1dae32.flac?X-Amz-Algorithm=AWS4-HMAC-SHA256&X-Amz-Content-Sha256=UNSIGNED-PAYLOAD&X-Amz-Credential=AKIA45B7YWBX5HAZMGOU%2F20260223%2Feu-west-1%2Fs3%2Faws4_request&X-Amz-Date=20260223T001933Z&X-Amz-Expires=604800&X-Amz-Signature=03b521904d6ac4b177217af9fc0af26edf81bf295c14385a46853ec52d05f4ba&X-Amz-SignedHeaders=host&response-content-disposition=attachment%3B%20filename%3D53c57099-6266-4642-8824-efad3e1dae32.flac&x-id=GetObject,0.441667557,34113
ConAam-2022-06-02_10-40.WAV,2022 Conaway North A,2022,6,2,10,40,Agelaius tricolor,Simple Call 2,6.949333191,7.343999863,375,21656,24000,present,https://rfcx-streams-production.s3.eu-west-1.amazonaws.com/2022/06/02/82sjidqz9yro/ed4ce031-7f09-4299-b292-b05d226def10.flac?X-Amz-Algorithm=AWS4-HMAC-SHA256&X-Amz-Content-Sha256=UNSIGNED-PAYLOAD&X-Amz-Credential=AKIA45B7YWBX5HAZMGOU%2F20260223%2Feu-west-1%2Fs3%2Faws4_request&X-Amz-Date=20260223T001933Z&X-Amz-Expires=604800&X-Amz-Signature=88f90fedd03e655492f5fff69ac8dc49a71e215be45a9ba427f8fc342d085cff&X-Amz-SignedHeaders=host&response-content-disposition=attachment%3B%20filename%3Ded4ce031-7f09-4299-b292-b05d226def10.flac&x-id=GetObject,0.421070218,34113
ConAam-2022-06-02_10-50.WAV,2022 Conaway North A,2022,6,2,10,50,Agelaius tricolor,Simple Call 2,58.35733414,58.7519989,375,21656,24000,present,https://rfcx-streams-production.s3.eu-west-1.amazonaws.com/2022/06/02/82sjidqz9yro/3e3821ef-cb21-4e9f-8e02-2d1f73cfbc83.flac?X-Amz-Algorithm=AWS4-HMAC-SHA256&X-Amz-Content-Sha256=UNSIGNED-PAYLOAD&X-Amz-Credential=AKIA45B7YWBX5HAZMGOU%2F20260223%2Feu-west-1%2Fs3%2Faws4_request&X-Amz-Date=20260223T001933Z&X-Amz-Expires=604800&X-Amz-Signature=9146929f7b2d0ac8f313eb7dbae5ea5ddd026cf316a1cda9f72531b798362da1&X-Amz-SignedHeaders=host&response-content-disposition=attachment%3B%20filename%3D3e3821ef-cb21-4e9f-8e02-2d1f73cfbc83.flac&x-id=GetObject,0.439754993,34113
ConAam-2022-06-02_11-00.WAV,2022 Conaway North A,2022,6,2,11,0,Agelaius tricolor,Simple Call 2,30.79999924,31.19466591,375,21656,24000,present,https://rfcx-streams-production.s3.eu-west-1.amazonaws.com/2022/06/02/82sjidqz9yro/00e6428f-392d-4be3-a918-a522eb2a22c7.flac?X-Amz-Algorithm=AWS4-HMAC-SHA256&X-Amz-Content-Sha256=UNSIGNED-PAYLOAD&X-Amz-Credential=AKIA45B7YWBX5HAZMGOU%2F20260223%2Feu-west-1%2Fs3%2Faws4_request&X-Amz-Date=20260223T001933Z&X-Amz-Expires=604800&X-Amz-Signature=abd8d61d4e4d38a39e71d19882299b5cb90a623c6d9c85e9fb12dcbc5413a0c0&X-Amz-SignedHeaders=host&response-content-disposition=attachment%3B%20filename%3D00e6428f-392d-4be3-a918-a522eb2a22c7.flac&x-id=GetObject,0.416251063,34113
ConAam-2022-06-02_11-10.WAV,2022 Conaway North A,2022,6,2,11,10,Agelaius tricolor,Simple Call 2,39.41333389,39.80799866,375,21656,24000,present,https://rfcx-streams-production.s3.eu-west-1.amazonaws.com/2022/06/02/82sjidqz9yro/ab70725c-d9ba-4180-beba-a04b2a9f9b6d.flac?X-Amz-Algorithm=AWS4-HMAC-SHA256&X-Amz-Content-Sha256=UNSIGNED-PAYLOAD&X-Amz-Credential=AKIA45B7YWBX5HAZMGOU%2F20260223%2Feu-west-1%2Fs3%2Faws4_request&X-Amz-Date=20260223T001933Z&X-Amz-Expires=604800&X-Amz-Signature=743478cc813187e9daaee4aa967af51bd3cc37a14de16aea64c0cba160e948f4&X-Amz-SignedHeaders=host&response-content-disposition=attachment%3B%20filename%3Dab70725c-d9ba-4180-beba-a04b2a9f9b6d.flac&x-id=GetObject,0.438401073,34113
ConAam-2022-06-02_11-20.WAV,2022 Conaway North A,2022,6,2,11,20,Agelaius tricolor,Simple Call 2,52.3093338,52.70399857,375,21656,24000,present,https://rfcx-streams-production.s3.eu-west-1.amazonaws.com/2022/06/02/82sjidqz9yro/57b362de-16c9-47af-a753-2ba20c5bbaa1.flac?X-Amz-Algorithm=AWS4-HMAC-SHA256&X-Amz-Content-Sha256=UNSIGNED-PAYLOAD&X-Amz-Credential=AKIA45B7YWBX5HAZMGOU%2F20260223%2Feu-west-1%2Fs3%2Faws4_request&X-Amz-Date=20260223T001933Z&X-Amz-Expires=604800&X-Amz-Signature=a62144a66368ec3ac039074098f866082bcc6329383e04726d2749c3db405bb1&X-Amz-SignedHeaders=host&response-content-disposition=attachment%3B%20filename%3D57b362de-16c9-47af-a753-2ba20c5bbaa1.flac&x-id=GetObject,0.436751068,34113
ConAam-2022-06-02_11-30.WAV,2022 Conaway North A,2022,6,2,11,30,Agelaius tricolor,Simple Call 2,6.122666836,6.517333508,375,21656,24000,present,https://rfcx-streams-production.s3.eu-west-1.amazonaws.com/2022/06/02/82sjidqz9yro/57de63a4-e1bd-4435-b841-19ce13dd8084.flac?X-Amz-Algorithm=AWS4-HMAC-SHA256&X-Amz-Content-Sha256=UNSIGNED-PAYLOAD&X-Amz-Credential=AKIA45B7YWBX5HAZMGOU%2F20260223%2Feu-west-1%2Fs3%2Faws4_request&X-Amz-Date=20260223T001933Z&X-Amz-Expires=604800&X-Amz-Signature=4fa69bd6c07304742e07dc6debb541f1c31fabc732f02a3805124f13f3c53fd2&X-Amz-SignedHeaders=host&response-content-disposition=attachment%3B%20filename%3D57de63a4-e1bd-4435-b841-19ce13dd8084.flac&x-id=GetObject,0.459706068,34113
ConAam-2022-06-02_11-40.WAV,2022 Conaway North A,2022,6,2,11,40,Agelaius tricolor,Simple Call 2,50.24000168,50.63466644,375,21656,24000,present,https://rfcx-streams-production.s3.eu-west-1.amazonaws.com/2022/06/02/82sjidqz9yro/56228675-5932-4f99-924e-573e18f0e2bb.flac?X-Amz-Algorithm=AWS4-HMAC-SHA256&X-Amz-Content-Sha256=UNSIGNED-PAYLOAD&X-Amz-Credential=AKIA45B7YWBX5HAZMGOU%2F20260223%2Feu-west-1%2Fs3%2Faws4_request&X-Amz-Date=20260223T001933Z&X-Amz-Expires=604800&X-Amz-Signature=3f54d12e3e3d677a3f0daf7f2d085c7d08b5f0c4eb57caf2876e9c0f6aad738b&X-Amz-SignedHeaders=host&response-content-disposition=attachment%3B%20filename%3D56228675-5932-4f99-924e-573e18f0e2bb.flac&x-id=GetObject,0.458227515,34113
ConAam-2022-06-02_12-00.WAV,2022 Conaway North A,2022,6,2,12,0,Agelaius tricolor,Simple Call 2,31.01866722,31.41333389,375,21656,24000,present,https://rfcx-streams-production.s3.eu-west-1.amazonaws.com/2022/06/02/82sjidqz9yro/a545eebb-3006-4b56-8255-d6ba2944d581.flac?X-Amz-Algorithm=AWS4-HMAC-SHA256&X-Amz-Content-Sha256=UNSIGNED-PAYLOAD&X-Amz-Credential=AKIA45B7YWBX5HAZMGOU%2F20260223%2Feu-west-1%2Fs3%2Faws4_request&X-Amz-Date=20260223T001933Z&X-Amz-Expires=604800&X-Amz-Signature=a4d9864828aa42257076554410e562a8f2dd59aed16198c68af920b9f7e39793&X-Amz-SignedHeaders=host&response-content-disposition=attachment%3B%20filename%3Da545eebb-3006-4b56-8255-d6ba2944d581.flac&x-id=GetObject,0.412276953,34113
ConAam-2022-06-02_12-10.WAV,2022 Conaway North A,2022,6,2,12,10,Agelaius tricolor,Simple Call 2,29.19466591,29.58933258,375,21656,24000,present,https://rfcx-streams-production.s3.eu-west-1.amazonaws.com/2022/06/02/82sjidqz9yro/b5ec7bca-0ee6-4db2-87f0-406e92d0b933.flac?X-Amz-Algorithm=AWS4-HMAC-SHA256&X-Amz-Content-Sha256=UNSIGNED-PAYLOAD&X-Amz-Credential=AKIA45B7YWBX5HAZMGOU%2F20260223%2Feu-west-1%2Fs3%2Faws4_request&X-Amz-Date=20260223T001933Z&X-Amz-Expires=604800&X-Amz-Signature=6dda077f450b9f6a291149075738bf1bd9da70b37ca18c813505051b87d2d035&X-Amz-SignedHeaders=host&response-content-disposition=attachment%3B%20filename%3Db5ec7bca-0ee6-4db2-87f0-406e92d0b933.flac&x-id=GetObject,0.401894003,34113
ConAam-2022-06-02_12-20.WAV,2022 Conaway North A,2022,6,2,12,20,Agelaius tricolor,Simple Call 2,4.863999844,5.258666515,375,21656,24000,present,https://rfcx-streams-production.s3.eu-west-1.amazonaws.com/2022/06/02/82sjidqz9yro/787861f1-27ae-4855-be27-4357a11ccbfa.flac?X-Amz-Algorithm=AWS4-HMAC-SHA256&X-Amz-Content-Sha256=UNSIGNED-PAYLOAD&X-Amz-Credential=AKIA45B7YWBX5HAZMGOU%2F20260223%2Feu-west-1%2Fs3%2Faws4_request&X-Amz-Date=20260223T001933Z&X-Amz-Expires=604800&X-Amz-Signature=91b67f3f4cfe4ddc41709642d2655340dc0279306a3f72da52ec33bfa2dabb9a&X-Amz-SignedHeaders=host&response-content-disposition=attachment%3B%20filename%3D787861f1-27ae-4855-be27-4357a11ccbfa.flac&x-id=GetObject,0.406369179,34113
ConAam-2022-06-02_12-30.WAV,2022 Conaway North A,2022,6,2,12,30,Agelaius tricolor,Simple Call 2,11.57333374,11.96800041,375,21656,24000,present,https://rfcx-streams-production.s3.eu-west-1.amazonaws.com/2022/06/02/82sjidqz9yro/960d5be4-7ef8-4fb3-8be5-a196ccfc3e1e.flac?X-Amz-Algorithm=AWS4-HMAC-SHA256&X-Amz-Content-Sha256=UNSIGNED-PAYLOAD&X-Amz-Credential=AKIA45B7YWBX5HAZMGOU%2F20260223%2Feu-west-1%2Fs3%2Faws4_request&X-Amz-Date=20260223T001933Z&X-Amz-Expires=604800&X-Amz-Signature=18ea266414aa249df258275ea8423dbd50a6e21c86e6c08da581a62b0c2c86e0&X-Amz-SignedHeaders=host&response-content-disposition=attachment%3B%20filename%3D960d5be4-7ef8-4fb3-8be5-a196ccfc3e1e.flac&x-id=GetObject,0.488136649,34113
ConAam-2022-06-02_12-40.WAV,2022 Conaway North A,2022,6,2,12,40,Agelaius tricolor,Simple Call 2,37.61600113,38.01066589,375,21656,24000,present,https://rfcx-streams-production.s3.eu-west-1.amazonaws.com/2022/06/02/82sjidqz9yro/3a5c24b1-ce07-4b55-90a7-dbc551ebf8c2.flac?X-Amz-Algorithm=AWS4-HMAC-SHA256&X-Amz-Content-Sha256=UNSIGNED-PAYLOAD&X-Amz-Credential=AKIA45B7YWBX5HAZMGOU%2F20260223%2Feu-west-1%2Fs3%2Faws4_request&X-Amz-Date=20260223T001933Z&X-Amz-Expires=604800&X-Amz-Signature=0856f93366653e0ca46260bedaef3f50f359f202133305fd1bd02007966287f9&X-Amz-SignedHeaders=host&response-content-disposition=attachment%3B%20filename%3D3a5c24b1-ce07-4b55-90a7-dbc551ebf8c2.flac&x-id=GetObject,0.445059687,34113
ConAam-2022-06-02_12-50.WAV,2022 Conaway North A,2022,6,2,12,50,Agelaius tricolor,Simple Call 2,23.61066628,24.00533295,375,21656,24000,present,https://rfcx-streams-production.s3.eu-west-1.amazonaws.com/2022/06/02/82sjidqz9yro/b6d48bca-d9c7-4cf8-ac19-b90108d86017.flac?X-Amz-Algorithm=AWS4-HMAC-SHA256&X-Amz-Content-Sha256=UNSIGNED-PAYLOAD&X-Amz-Credential=AKIA45B7YWBX5HAZMGOU%2F20260223%2Feu-west-1%2Fs3%2Faws4_request&X-Amz-Date=20260223T001933Z&X-Amz-Expires=604800&X-Amz-Signature=008e3be8d7c3b1794f1327c43bac523c0bd2094942a6961ee61970aee83b3e25&X-Amz-SignedHeaders=host&response-content-disposition=attachment%3B%20filename%3Db6d48bca-d9c7-4cf8-ac19-b90108d86017.flac&x-id=GetObject,0.453008503,34113
ConAam-2022-06-02_13-00.WAV,2022 Conaway North A,2022,6,2,13,0,Agelaius tricolor,Simple Call 2,21.02400017,21.41866684,375,21656,24000,present,https://rfcx-streams-production.s3.eu-west-1.amazonaws.com/2022/06/02/82sjidqz9yro/d3efd166-038a-482b-a74b-e297df8bc987.flac?X-Amz-Algorithm=AWS4-HMAC-SHA256&X-Amz-Content-Sha256=UNSIGNED-PAYLOAD&X-Amz-Credential=AKIA45B7YWBX5HAZMGOU%2F20260223%2Feu-west-1%2Fs3%2Faws4_request&X-Amz-Date=20260223T001933Z&X-Amz-Expires=604800&X-Amz-Signature=0e8167ef6f11d7b92239b957559122839cd1e30fa033d6e7b4edbf49d3968f2c&X-Amz-SignedHeaders=host&response-content-disposition=attachment%3B%20filename%3Dd3efd166-038a-482b-a74b-e297df8bc987.flac&x-id=GetObject,0.450049043,34113
ConAam-2022-06-02_13-10.WAV,2022 Conaway North A,2022,6,2,13,10,Agelaius tricolor,Simple Call 2,5.952000141,6.346666813,375,21656,24000,present,https://rfcx-streams-production.s3.eu-west-1.amazonaws.com/2022/06/02/82sjidqz9yro/b6f2b43d-2886-4362-8c07-3d0e35c82634.flac?X-Amz-Algorithm=AWS4-HMAC-SHA256&X-Amz-Content-Sha256=UNSIGNED-PAYLOAD&X-Amz-Credential=AKIA45B7YWBX5HAZMGOU%2F20260223%2Feu-west-1%2Fs3%2Faws4_request&X-Amz-Date=20260223T001933Z&X-Amz-Expires=604800&X-Amz-Signature=bb3eef3a128a0cc5b92bf8a6d6e372ae67c3b2afcdd9d140190f15713fa44ac1&X-Amz-SignedHeaders=host&response-content-disposition=attachment%3B%20filename%3Db6f2b43d-2886-4362-8c07-3d0e35c82634.flac&x-id=GetObject,0.444172531,34113
ConAam-2022-06-02_13-20.WAV,2022 Conaway North A,2022,6,2,13,20,Agelaius tricolor,Simple Call 2,55.8133316,56.20800018,375,21656,24000,present,https://rfcx-streams-production.s3.eu-west-1.amazonaws.com/2022/06/02/82sjidqz9yro/60b399ef-77d0-4bb6-ba0d-8005fb3daf82.flac?X-Amz-Algorithm=AWS4-HMAC-SHA256&X-Amz-Content-Sha256=UNSIGNED-PAYLOAD&X-Amz-Credential=AKIA45B7YWBX5HAZMGOU%2F20260223%2Feu-west-1%2Fs3%2Faws4_request&X-Amz-Date=20260223T001933Z&X-Amz-Expires=604800&X-Amz-Signature=d8bdaed346f6edc903adc412359d001db536a6eb4eb52b77e9471f2002b4a37c&X-Amz-SignedHeaders=host&response-content-disposition=attachment%3B%20filename%3D60b399ef-77d0-4bb6-ba0d-8005fb3daf82.flac&x-id=GetObject,0.411840975,34113
ConAam-2022-06-02_13-30.WAV,2022 Conaway North A,2022,6,2,13,30,Agelaius tricolor,Simple Call 2,10.93866634,11.33333302,375,21656,24000,present,https://rfcx-streams-production.s3.eu-west-1.amazonaws.com/2022/06/02/82sjidqz9yro/a06e8c70-0f9d-4f15-9ff1-3c3bca8c9c21.flac?X-Amz-Algorithm=AWS4-HMAC-SHA256&X-Amz-Content-Sha256=UNSIGNED-PAYLOAD&X-Amz-Credential=AKIA45B7YWBX5HAZMGOU%2F20260223%2Feu-west-1%2Fs3%2Faws4_request&X-Amz-Date=20260223T001933Z&X-Amz-Expires=604800&X-Amz-Signature=555be125665e6918fb2c5b7a5b8ffbda473ad32741abbc84be31cc5310b9420d&X-Amz-SignedHeaders=host&response-content-disposition=attachment%3B%20filename%3Da06e8c70-0f9d-4f15-9ff1-3c3bca8c9c21.flac&x-id=GetObject,0.457518011,34113
ConAam-2022-06-02_13-40.WAV,2022 Conaway North A,2022,6,2,13,40,Agelaius tricolor,Simple Call 2,21.50933266,21.90399933,375,21656,24000,present,https://rfcx-streams-production.s3.eu-west-1.amazonaws.com/2022/06/02/82sjidqz9yro/b97abc96-a8df-4fcb-a3b2-9712667f0d6e.flac?X-Amz-Algorithm=AWS4-HMAC-SHA256&X-Amz-Content-Sha256=UNSIGNED-PAYLOAD&X-Amz-Credential=AKIA45B7YWBX5HAZMGOU%2F20260223%2Feu-west-1%2Fs3%2Faws4_request&X-Amz-Date=20260223T001933Z&X-Amz-Expires=604800&X-Amz-Signature=99291318d941184c4c79d36494ad75062a7dfc76d19c17302a4824d928c47b43&X-Amz-SignedHeaders=host&response-content-disposition=attachment%3B%20filename%3Db97abc96-a8df-4fcb-a3b2-9712667f0d6e.flac&x-id=GetObject,0.475173771,34113
ConAam-2022-06-02_13-50.WAV,2022 Conaway North A,2022,6,2,13,50,Agelaius tricolor,Simple Call 2,14.22933292,14.6239996,375,21656,24000,present,https://rfcx-streams-production.s3.eu-west-1.amazonaws.com/2022/06/02/82sjidqz9yro/e1ac17fd-d652-469a-8da2-efa436f0c7e9.flac?X-Amz-Algorithm=AWS4-HMAC-SHA256&X-Amz-Content-Sha256=UNSIGNED-PAYLOAD&X-Amz-Credential=AKIA45B7YWBX5HAZMGOU%2F20260223%2Feu-west-1%2Fs3%2Faws4_request&X-Amz-Date=20260223T001933Z&X-Amz-Expires=604800&X-Amz-Signature=a6c06b03e0ece95c3e0214c84ea03b90d7e743dc1e498cf5f8e358a2472c4d6a&X-Amz-SignedHeaders=host&response-content-disposition=attachment%3B%20filename%3De1ac17fd-d652-469a-8da2-efa436f0c7e9.flac&x-id=GetObject,0.474183828,34113
ConAam-2022-06-02_14-00.WAV,2022 Conaway North A,2022,6,2,14,0,Agelaius tricolor,Simple Call 2,49.2266655,49.62133408,375,21656,24000,present,https://rfcx-streams-production.s3.eu-west-1.amazonaws.com/2022/06/02/82sjidqz9yro/9b38222a-ad01-4ee9-9f03-e43bab487335.flac?X-Amz-Algorithm=AWS4-HMAC-SHA256&X-Amz-Content-Sha256=UNSIGNED-PAYLOAD&X-Amz-Credential=AKIA45B7YWBX5HAZMGOU%2F20260223%2Feu-west-1%2Fs3%2Faws4_request&X-Amz-Date=20260223T001933Z&X-Amz-Expires=604800&X-Amz-Signature=1470351c4604881ced8dbdb646fd2cbe9fe8f9853d8d0a6c0c3a8e1c185dcf8d&X-Amz-SignedHeaders=host&response-content-disposition=attachment%3B%20filename%3D9b38222a-ad01-4ee9-9f03-e43bab487335.flac&x-id=GetObject,0.482353717,34113
ConAam-2022-06-02_14-10.WAV,2022 Conaway North A,2022,6,2,14,10,Agelaius tricolor,Simple Call 2,52.43199921,52.82666779,375,21656,24000,present,https://rfcx-streams-production.s3.eu-west-1.amazonaws.com/2022/06/02/82sjidqz9yro/c497372d-6dd7-459e-a000-3df9d7e7e65d.flac?X-Amz-Algorithm=AWS4-HMAC-SHA256&X-Amz-Content-Sha256=UNSIGNED-PAYLOAD&X-Amz-Credential=AKIA45B7YWBX5HAZMGOU%2F20260223%2Feu-west-1%2Fs3%2Faws4_request&X-Amz-Date=20260223T001933Z&X-Amz-Expires=604800&X-Amz-Signature=c8b629128fd4c3ea7742a878795e57270f27151f21814141051935ffdf5a76a1&X-Amz-SignedHeaders=host&response-content-disposition=attachment%3B%20filename%3Dc497372d-6dd7-459e-a000-3df9d7e7e65d.flac&x-id=GetObject,0.42441684,34113
ConAam-2022-06-02_14-30.WAV,2022 Conaway North A,2022,6,2,14,30,Agelaius tricolor,Simple Call 2,19.2373333,19.63199997,375,21656,24000,present,https://rfcx-streams-production.s3.eu-west-1.amazonaws.com/2022/06/02/82sjidqz9yro/21429da5-41d3-4641-a4a6-453788bf206f.flac?X-Amz-Algorithm=AWS4-HMAC-SHA256&X-Amz-Content-Sha256=UNSIGNED-PAYLOAD&X-Amz-Credential=AKIA45B7YWBX5HAZMGOU%2F20260223%2Feu-west-1%2Fs3%2Faws4_request&X-Amz-Date=20260223T001933Z&X-Amz-Expires=604800&X-Amz-Signature=114b46bacd35d916184f7f195226a609f82b05d518df86a3aa58a49032627c40&X-Amz-SignedHeaders=host&response-content-disposition=attachment%3B%20filename%3D21429da5-41d3-4641-a4a6-453788bf206f.flac&x-id=GetObject,0.411814392,34113
ConAam-2022-06-02_15-00.WAV,2022 Conaway North A,2022,6,2,15,0,Agelaius tricolor,Simple Call 2,14.6133337,15.00800037,375,21656,24000,present,https://rfcx-streams-production.s3.eu-west-1.amazonaws.com/2022/06/02/82sjidqz9yro/827cda0e-de38-4fea-bc7c-4eec541fbcf0.flac?X-Amz-Algorithm=AWS4-HMAC-SHA256&X-Amz-Content-Sha256=UNSIGNED-PAYLOAD&X-Amz-Credential=AKIA45B7YWBX5HAZMGOU%2F20260223%2Feu-west-1%2Fs3%2Faws4_request&X-Amz-Date=20260223T001933Z&X-Amz-Expires=604800&X-Amz-Signature=1da0ee5d35a5dad20d892814c2a47f19c2a5491d0a28665defeea367b931dc3f&X-Amz-SignedHeaders=host&response-content-disposition=attachment%3B%20filename%3D827cda0e-de38-4fea-bc7c-4eec541fbcf0.flac&x-id=GetObject,0.492488563,34113
ConAam-2022-06-02_15-30.WAV,2022 Conaway North A,2022,6,2,15,30,Agelaius tricolor,Simple Call 2,29.57333374,29.96800041,375,21656,24000,present,https://rfcx-streams-production.s3.eu-west-1.amazonaws.com/2022/06/02/82sjidqz9yro/f65c877b-bb59-4477-9777-99c64b3f38c3.flac?X-Amz-Algorithm=AWS4-HMAC-SHA256&X-Amz-Content-Sha256=UNSIGNED-PAYLOAD&X-Amz-Credential=AKIA45B7YWBX5HAZMGOU%2F20260223%2Feu-west-1%2Fs3%2Faws4_request&X-Amz-Date=20260223T001933Z&X-Amz-Expires=604800&X-Amz-Signature=4c4ec7698bd5a499e260026d11248959b124e4cfe463831484f246b1cec21858&X-Amz-SignedHeaders=host&response-content-disposition=attachment%3B%20filename%3Df65c877b-bb59-4477-9777-99c64b3f38c3.flac&x-id=GetObject,0.444265425,34113
ConAam-2022-06-02_15-40.WAV,2022 Conaway North A,2022,6,2,15,40,Agelaius tricolor,Simple Call 2,54.4640007,54.85866547,375,21656,24000,present,https://rfcx-streams-production.s3.eu-west-1.amazonaws.com/2022/06/02/82sjidqz9yro/9ea95350-8bee-415e-9831-f1547e591b0e.flac?X-Amz-Algorithm=AWS4-HMAC-SHA256&X-Amz-Content-Sha256=UNSIGNED-PAYLOAD&X-Amz-Credential=AKIA45B7YWBX5HAZMGOU%2F20260223%2Feu-west-1%2Fs3%2Faws4_request&X-Amz-Date=20260223T001933Z&X-Amz-Expires=604800&X-Amz-Signature=52b9f09cb37c244935778237e382ff4631adbc6b07a0cfa22fd578eac2875e7e&X-Amz-SignedHeaders=host&response-content-disposition=attachment%3B%20filename%3D9ea95350-8bee-415e-9831-f1547e591b0e.flac&x-id=GetObject,0.41910395,34113
ConAam-2022-06-02_15-50.WAV,2022 Conaway North A,2022,6,2,15,50,Agelaius tricolor,Simple Call 2,32.7733345,33.16799927,375,21656,24000,present,https://rfcx-streams-production.s3.eu-west-1.amazonaws.com/2022/06/02/82sjidqz9yro/265053ed-949b-41ab-8e94-93541d9edaa2.flac?X-Amz-Algorithm=AWS4-HMAC-SHA256&X-Amz-Content-Sha256=UNSIGNED-PAYLOAD&X-Amz-Credential=AKIA45B7YWBX5HAZMGOU%2F20260223%2Feu-west-1%2Fs3%2Faws4_request&X-Amz-Date=20260223T001933Z&X-Amz-Expires=604800&X-Amz-Signature=49ee108f5f1bd0bc3817509efb9614f4cdc7f26ef574b7d7e342df91a8465c61&X-Amz-SignedHeaders=host&response-content-disposition=attachment%3B%20filename%3D265053ed-949b-41ab-8e94-93541d9edaa2.flac&x-id=GetObject,0.494962901,34113
ConAam-2022-06-02_16-00.WAV,2022 Conaway North A,2022,6,2,16,0,Agelaius tricolor,Simple Call 2,20.3306675,20.72533417,375,21656,24000,present,https://rfcx-streams-production.s3.eu-west-1.amazonaws.com/2022/06/02/82sjidqz9yro/53a851d9-c5b1-461f-96d9-7c5aba7f6509.flac?X-Amz-Algorithm=AWS4-HMAC-SHA256&X-Amz-Content-Sha256=UNSIGNED-PAYLOAD&X-Amz-Credential=AKIA45B7YWBX5HAZMGOU%2F20260223%2Feu-west-1%2Fs3%2Faws4_request&X-Amz-Date=20260223T001933Z&X-Amz-Expires=604800&X-Amz-Signature=e451cf9a05e6c2428c6c0dc7bf4fbbd7ff5420e756daf6cdd7344d0f6cc893cc&X-Amz-SignedHeaders=host&response-content-disposition=attachment%3B%20filename%3D53a851d9-c5b1-461f-96d9-7c5aba7f6509.flac&x-id=GetObject,0.426931173,34113
ConAam-2022-06-02_16-10.WAV,2022 Conaway North A,2022,6,2,16,10,Agelaius tricolor,Simple Call 2,0.885333359,1.279999971,375,21656,24000,present,https://rfcx-streams-production.s3.eu-west-1.amazonaws.com/2022/06/02/82sjidqz9yro/a66d15bd-8301-4fd6-b0af-98644c700658.flac?X-Amz-Algorithm=AWS4-HMAC-SHA256&X-Amz-Content-Sha256=UNSIGNED-PAYLOAD&X-Amz-Credential=AKIA45B7YWBX5HAZMGOU%2F20260223%2Feu-west-1%2Fs3%2Faws4_request&X-Amz-Date=20260223T001933Z&X-Amz-Expires=604800&X-Amz-Signature=0f0cae745cbef0baffde75491973fca44674a99e097a019154eaa804eb1fc78b&X-Amz-SignedHeaders=host&response-content-disposition=attachment%3B%20filename%3Da66d15bd-8301-4fd6-b0af-98644c700658.flac&x-id=GetObject,0.462745517,34113
ConAam-2022-06-02_16-40.WAV,2022 Conaway North A,2022,6,2,16,40,Agelaius tricolor,Simple Call 2,2.095999956,2.490666628,375,21656,24000,present,https://rfcx-streams-production.s3.eu-west-1.amazonaws.com/2022/06/02/82sjidqz9yro/4e9b7e80-c4cc-4a58-b46a-63233aa10513.flac?X-Amz-Algorithm=AWS4-HMAC-SHA256&X-Amz-Content-Sha256=UNSIGNED-PAYLOAD&X-Amz-Credential=AKIA45B7YWBX5HAZMGOU%2F20260223%2Feu-west-1%2Fs3%2Faws4_request&X-Amz-Date=20260223T001933Z&X-Amz-Expires=604800&X-Amz-Signature=23b483932c4b298bed17441749a55fd0962dc7db6c1616669567b6e5d98b490e&X-Amz-SignedHeaders=host&response-content-disposition=attachment%3B%20filename%3D4e9b7e80-c4cc-4a58-b46a-63233aa10513.flac&x-id=GetObject,0.456324458,34113
ConAam-2022-06-02_16-50.WAV,2022 Conaway North A,2022,6,2,16,50,Agelaius tricolor,Simple Call 2,1.685333371,2.079999924,375,21656,24000,present,https://rfcx-streams-production.s3.eu-west-1.amazonaws.com/2022/06/02/82sjidqz9yro/7eab7965-b0b4-4fd7-82cb-fab366b178c7.flac?X-Amz-Algorithm=AWS4-HMAC-SHA256&X-Amz-Content-Sha256=UNSIGNED-PAYLOAD&X-Amz-Credential=AKIA45B7YWBX5HAZMGOU%2F20260223%2Feu-west-1%2Fs3%2Faws4_request&X-Amz-Date=20260223T001933Z&X-Amz-Expires=604800&X-Amz-Signature=a8f48f275bd364835b9cb5aff95aae2bd6d41d491563b2c82a2863c3fca8fb5c&X-Amz-SignedHeaders=host&response-content-disposition=attachment%3B%20filename%3D7eab7965-b0b4-4fd7-82cb-fab366b178c7.flac&x-id=GetObject,0.469963014,34113
ConAam-2022-06-02_17-10.WAV,2022 Conaway North A,2022,6,2,17,10,Agelaius tricolor,Simple Call 2,26.03733253,26.43199921,375,21656,24000,present,https://rfcx-streams-production.s3.eu-west-1.amazonaws.com/2022/06/03/82sjidqz9yro/5e61ccd2-6e65-448a-9e89-2057d001b79c.flac?X-Amz-Algorithm=AWS4-HMAC-SHA256&X-Amz-Content-Sha256=UNSIGNED-PAYLOAD&X-Amz-Credential=AKIA45B7YWBX5HAZMGOU%2F20260223%2Feu-west-1%2Fs3%2Faws4_request&X-Amz-Date=20260223T001933Z&X-Amz-Expires=604800&X-Amz-Signature=2549983585534adca3ebafa6db024bbb56937bbf032d8d319dd40bb016c6d34a&X-Amz-SignedHeaders=host&response-content-disposition=attachment%3B%20filename%3D5e61ccd2-6e65-448a-9e89-2057d001b79c.flac&x-id=GetObject,0.485738844,34113
ConAam-2022-06-02_17-20.WAV,2022 Conaway North A,2022,6,2,17,20,Agelaius tricolor,Simple Call 2,45.78666687,46.18133163,375,21656,24000,present,https://rfcx-streams-production.s3.eu-west-1.amazonaws.com/2022/06/03/82sjidqz9yro/f7914f9b-5fec-4cd6-8a0b-1c1ff9d71709.flac?X-Amz-Algorithm=AWS4-HMAC-SHA256&X-Amz-Content-Sha256=UNSIGNED-PAYLOAD&X-Amz-Credential=AKIA45B7YWBX5HAZMGOU%2F20260223%2Feu-west-1%2Fs3%2Faws4_request&X-Amz-Date=20260223T001933Z&X-Amz-Expires=604800&X-Amz-Signature=8122bfa2e055ed36fbe72d2d7765da5183346ee648291e901bb6019690652f64&X-Amz-SignedHeaders=host&response-content-disposition=attachment%3B%20filename%3Df7914f9b-5fec-4cd6-8a0b-1c1ff9d71709.flac&x-id=GetObject,0.480419517,34113
ConAam-2022-06-02_17-30.WAV,2022 Conaway North A,2022,6,2,17,30,Agelaius tricolor,Simple Call 2,16.44799995,16.84266663,375,21656,24000,present,https://rfcx-streams-production.s3.eu-west-1.amazonaws.com/2022/06/03/82sjidqz9yro/6d61e784-e9b5-406d-bd09-99fbbbd9fc96.flac?X-Amz-Algorithm=AWS4-HMAC-SHA256&X-Amz-Content-Sha256=UNSIGNED-PAYLOAD&X-Amz-Credential=AKIA45B7YWBX5HAZMGOU%2F20260223%2Feu-west-1%2Fs3%2Faws4_request&X-Amz-Date=20260223T001933Z&X-Amz-Expires=604800&X-Amz-Signature=be5d0e07aac60c4781407ffa2ecfa53cc96247b9eaaeed4aa5da5a43803e1580&X-Amz-SignedHeaders=host&response-content-disposition=attachment%3B%20filename%3D6d61e784-e9b5-406d-bd09-99fbbbd9fc96.flac&x-id=GetObject,0.437342107,34113
ConAam-2022-06-02_17-40.WAV,2022 Conaway North A,2022,6,2,17,40,Agelaius tricolor,Simple Call 2,3.509333372,3.904000044,375,21656,24000,present,https://rfcx-streams-production.s3.eu-west-1.amazonaws.com/2022/06/03/82sjidqz9yro/55bee2e6-4be8-4986-8642-da8f10c407e0.flac?X-Amz-Algorithm=AWS4-HMAC-SHA256&X-Amz-Content-Sha256=UNSIGNED-PAYLOAD&X-Amz-Credential=AKIA45B7YWBX5HAZMGOU%2F20260223%2Feu-west-1%2Fs3%2Faws4_request&X-Amz-Date=20260223T001933Z&X-Amz-Expires=604800&X-Amz-Signature=36d7ce1be686c351ad2d79c1430a41974247ecc843bcd31c228400db58a60cb1&X-Amz-SignedHeaders=host&response-content-disposition=attachment%3B%20filename%3D55bee2e6-4be8-4986-8642-da8f10c407e0.flac&x-id=GetObject,0.503639281,34113
ConAam-2022-06-02_17-50.WAV,2022 Conaway North A,2022,6,2,17,50,Agelaius tricolor,Simple Call 2,47.62666702,48.02133179,375,21656,24000,present,https://rfcx-streams-production.s3.eu-west-1.amazonaws.com/2022/06/03/82sjidqz9yro/273ae70f-6b60-4551-9163-706256a16891.flac?X-Amz-Algorithm=AWS4-HMAC-SHA256&X-Amz-Content-Sha256=UNSIGNED-PAYLOAD&X-Amz-Credential=AKIA45B7YWBX5HAZMGOU%2F20260223%2Feu-west-1%2Fs3%2Faws4_request&X-Amz-Date=20260223T001933Z&X-Amz-Expires=604800&X-Amz-Signature=b50d9b5f7ffa98853d34ee1a442ed091a296fa43b52dd139109aa0abfef26f66&X-Amz-SignedHeaders=host&response-content-disposition=attachment%3B%20filename%3D273ae70f-6b60-4551-9163-706256a16891.flac&x-id=GetObject,0.459299803,34113
ConAam-2022-06-02_18-00.WAV,2022 Conaway North A,2022,6,2,18,0,Agelaius tricolor,Simple Call 2,7.104000092,7.498666763,375,21656,24000,present,https://rfcx-streams-production.s3.eu-west-1.amazonaws.com/2022/06/03/82sjidqz9yro/cdff3b57-92d6-45da-8f96-889ae1eef327.flac?X-Amz-Algorithm=AWS4-HMAC-SHA256&X-Amz-Content-Sha256=UNSIGNED-PAYLOAD&X-Amz-Credential=AKIA45B7YWBX5HAZMGOU%2F20260223%2Feu-west-1%2Fs3%2Faws4_request&X-Amz-Date=20260223T001933Z&X-Amz-Expires=604800&X-Amz-Signature=c7b0e0f173ccb8ff06f475ae013d8cdc792bd14a334869d665173a074789ff11&X-Amz-SignedHeaders=host&response-content-disposition=attachment%3B%20filename%3Dcdff3b57-92d6-45da-8f96-889ae1eef327.flac&x-id=GetObject,0.478927076,34113
ConAam-2022-06-02_18-10.WAV,2022 Conaway North A,2022,6,2,18,10,Agelaius tricolor,Simple Call 2,22.1439991,22.53866577,375,21656,24000,present,https://rfcx-streams-production.s3.eu-west-1.amazonaws.com/2022/06/03/82sjidqz9yro/11214b84-8928-47ea-bc50-76e613cd730e.flac?X-Amz-Algorithm=AWS4-HMAC-SHA256&X-Amz-Content-Sha256=UNSIGNED-PAYLOAD&X-Amz-Credential=AKIA45B7YWBX5HAZMGOU%2F20260223%2Feu-west-1%2Fs3%2Faws4_request&X-Amz-Date=20260223T001933Z&X-Amz-Expires=604800&X-Amz-Signature=57bbf465479c8f15eecf6702901e51c2485a7073bd35b34d23cf29567b2ec93d&X-Amz-SignedHeaders=host&response-content-disposition=attachment%3B%20filename%3D11214b84-8928-47ea-bc50-76e613cd730e.flac&x-id=GetObject,0.458852917,34113
ConAam-2022-06-02_18-20.WAV,2022 Conaway North A,2022,6,2,18,20,Agelaius tricolor,Simple Call 2,16.52799988,16.92266655,375,21656,24000,present,https://rfcx-streams-production.s3.eu-west-1.amazonaws.com/2022/06/03/82sjidqz9yro/120ff781-6d4e-405a-8967-c3e08d4e76a2.flac?X-Amz-Algorithm=AWS4-HMAC-SHA256&X-Amz-Content-Sha256=UNSIGNED-PAYLOAD&X-Amz-Credential=AKIA45B7YWBX5HAZMGOU%2F20260223%2Feu-west-1%2Fs3%2Faws4_request&X-Amz-Date=20260223T001933Z&X-Amz-Expires=604800&X-Amz-Signature=52b38907a7e828bda8b3919d3c3ea089c9d38e1976b0cdf9bc56b05bdceb0dfe&X-Amz-SignedHeaders=host&response-content-disposition=attachment%3B%20filename%3D120ff781-6d4e-405a-8967-c3e08d4e76a2.flac&x-id=GetObject,0.493751913,34113
ConAam-2022-06-02_18-30.WAV,2022 Conaway North A,2022,6,2,18,30,Agelaius tricolor,Simple Call 2,54.17066574,54.56533432,375,21656,24000,present,https://rfcx-streams-production.s3.eu-west-1.amazonaws.com/2022/06/03/82sjidqz9yro/2724c28b-3c1b-4ccd-a241-dcd6b90ab027.flac?X-Amz-Algorithm=AWS4-HMAC-SHA256&X-Amz-Content-Sha256=UNSIGNED-PAYLOAD&X-Amz-Credential=AKIA45B7YWBX5HAZMGOU%2F20260223%2Feu-west-1%2Fs3%2Faws4_request&X-Amz-Date=20260223T001933Z&X-Amz-Expires=604800&X-Amz-Signature=6f18ab18dc3cac47cf911815e66266bc240758230b69eb21618634b2a83d867b&X-Amz-SignedHeaders=host&response-content-disposition=attachment%3B%20filename%3D2724c28b-3c1b-4ccd-a241-dcd6b90ab027.flac&x-id=GetObject,0.455314159,34113
ConAam-2022-06-02_18-40.WAV,2022 Conaway North A,2022,6,2,18,40,Agelaius tricolor,Simple Call 2,20.49066734,20.88533401,375,21656,24000,present,https://rfcx-streams-production.s3.eu-west-1.amazonaws.com/2022/06/03/82sjidqz9yro/8881d5fb-ba63-49c1-9b54-1e3c8d23df84.flac?X-Amz-Algorithm=AWS4-HMAC-SHA256&X-Amz-Content-Sha256=UNSIGNED-PAYLOAD&X-Amz-Credential=AKIA45B7YWBX5HAZMGOU%2F20260223%2Feu-west-1%2Fs3%2Faws4_request&X-Amz-Date=20260223T001933Z&X-Amz-Expires=604800&X-Amz-Signature=067e7eb639a7e4eda43baec3c1d9f9af7ad40b03ac3af0085c1227bf2ca25167&X-Amz-SignedHeaders=host&response-content-disposition=attachment%3B%20filename%3D8881d5fb-ba63-49c1-9b54-1e3c8d23df84.flac&x-id=GetObject,0.479107916,34113
ConAam-2022-06-02_18-50.WAV,2022 Conaway North A,2022,6,2,18,50,Agelaius tricolor,Simple Call 2,7.226666451,7.621333122,375,21656,24000,present,https://rfcx-streams-production.s3.eu-west-1.amazonaws.com/2022/06/03/82sjidqz9yro/a1dbe020-212e-4754-8cf2-63c2843e768c.flac?X-Amz-Algorithm=AWS4-HMAC-SHA256&X-Amz-Content-Sha256=UNSIGNED-PAYLOAD&X-Amz-Credential=AKIA45B7YWBX5HAZMGOU%2F20260223%2Feu-west-1%2Fs3%2Faws4_request&X-Amz-Date=20260223T001933Z&X-Amz-Expires=604800&X-Amz-Signature=11d4d68ef70f70d23fdb239fa7c807a6b23b0fb10947475e92606e5f451565cb&X-Amz-SignedHeaders=host&response-content-disposition=attachment%3B%20filename%3Da1dbe020-212e-4754-8cf2-63c2843e768c.flac&x-id=GetObject,0.401521087,34113
ConAam-2022-06-02_19-00.WAV,2022 Conaway North A,2022,6,2,19,0,Agelaius tricolor,Simple Call 2,43.14666748,43.54133224,375,21656,24000,present,https://rfcx-streams-production.s3.eu-west-1.amazonaws.com/2022/06/03/82sjidqz9yro/c6ffed80-d6b7-498b-ab56-1619d64bb256.flac?X-Amz-Algorithm=AWS4-HMAC-SHA256&X-Amz-Content-Sha256=UNSIGNED-PAYLOAD&X-Amz-Credential=AKIA45B7YWBX5HAZMGOU%2F20260223%2Feu-west-1%2Fs3%2Faws4_request&X-Amz-Date=20260223T001933Z&X-Amz-Expires=604800&X-Amz-Signature=fbadf07a7a33e54a60cd364d1f982df79cdd7f184d22a499e1d2f5632473e720&X-Amz-SignedHeaders=host&response-content-disposition=attachment%3B%20filename%3Dc6ffed80-d6b7-498b-ab56-1619d64bb256.flac&x-id=GetObject,0.437934607,34113
ConAam-2022-06-02_19-10.WAV,2022 Conaway North A,2022,6,2,19,10,Agelaius tricolor,Simple Call 2,34.50133514,34.89599991,375,21656,24000,present,https://rfcx-streams-production.s3.eu-west-1.amazonaws.com/2022/06/03/82sjidqz9yro/6dd18567-69b3-4a61-903c-9913264eb3e0.flac?X-Amz-Algorithm=AWS4-HMAC-SHA256&X-Amz-Content-Sha256=UNSIGNED-PAYLOAD&X-Amz-Credential=AKIA45B7YWBX5HAZMGOU%2F20260223%2Feu-west-1%2Fs3%2Faws4_request&X-Amz-Date=20260223T001933Z&X-Amz-Expires=604800&X-Amz-Signature=41a71ff1552fc3705da338fe143617a90fcedcce648438315585fe1edfaa3871&X-Amz-SignedHeaders=host&response-content-disposition=attachment%3B%20filename%3D6dd18567-69b3-4a61-903c-9913264eb3e0.flac&x-id=GetObject,0.408040732,34113
ConAam-2022-06-02_19-50.WAV,2022 Conaway North A,2022,6,2,19,50,Agelaius tricolor,Simple Call 2,3.263999939,3.658666611,375,21656,24000,present,https://rfcx-streams-production.s3.eu-west-1.amazonaws.com/2022/06/03/82sjidqz9yro/06512fa8-480a-4cdc-a0db-a027d2d5d96c.flac?X-Amz-Algorithm=AWS4-HMAC-SHA256&X-Amz-Content-Sha256=UNSIGNED-PAYLOAD&X-Amz-Credential=AKIA45B7YWBX5HAZMGOU%2F20260223%2Feu-west-1%2Fs3%2Faws4_request&X-Amz-Date=20260223T001933Z&X-Amz-Expires=604800&X-Amz-Signature=ab1e2aaea2461b9a8ba4106582f9cb997e5e0c1de11b9f654cc3b0d9c798b9a0&X-Amz-SignedHeaders=host&response-content-disposition=attachment%3B%20filename%3D06512fa8-480a-4cdc-a0db-a027d2d5d96c.flac&x-id=GetObject,0.451134771,34113
ConAam-2022-06-03_05-30.WAV,2022 Conaway North A,2022,6,3,5,30,Agelaius tricolor,Simple Call 2,42.14933395,42.54399872,375,21656,24000,present,https://rfcx-streams-production.s3.eu-west-1.amazonaws.com/2022/06/03/82sjidqz9yro/9170a598-b005-4011-8744-827eac096bff.flac?X-Amz-Algorithm=AWS4-HMAC-SHA256&X-Amz-Content-Sha256=UNSIGNED-PAYLOAD&X-Amz-Credential=AKIA45B7YWBX5HAZMGOU%2F20260223%2Feu-west-1%2Fs3%2Faws4_request&X-Amz-Date=20260223T001933Z&X-Amz-Expires=604800&X-Amz-Signature=3fae9eebcf6a91cbf20914e4df3cea3bfb4e4005270b094c5350bc32d1a891e6&X-Amz-SignedHeaders=host&response-content-disposition=attachment%3B%20filename%3D9170a598-b005-4011-8744-827eac096bff.flac&x-id=GetObject,0.439585745,34113
ConAam-2022-06-03_05-40.WAV,2022 Conaway North A,2022,6,3,5,40,Agelaius tricolor,Simple Call 2,11.5253334,11.92000008,375,21656,24000,present,https://rfcx-streams-production.s3.eu-west-1.amazonaws.com/2022/06/03/82sjidqz9yro/d01125b9-7c48-453a-93ec-ac2dcce8d485.flac?X-Amz-Algorithm=AWS4-HMAC-SHA256&X-Amz-Content-Sha256=UNSIGNED-PAYLOAD&X-Amz-Credential=AKIA45B7YWBX5HAZMGOU%2F20260223%2Feu-west-1%2Fs3%2Faws4_request&X-Amz-Date=20260223T001933Z&X-Amz-Expires=604800&X-Amz-Signature=072cc005fdcf66069adef1a7042224a8d657e413af71fa1bf849c707c55589f3&X-Amz-SignedHeaders=host&response-content-disposition=attachment%3B%20filename%3Dd01125b9-7c48-453a-93ec-ac2dcce8d485.flac&x-id=GetObject,0.477622509,34113
ConAam-2022-06-03_05-50.WAV,2022 Conaway North A,2022,6,3,5,50,Agelaius tricolor,Simple Call 2,1.919999957,2.314666748,375,21656,24000,present,https://rfcx-streams-production.s3.eu-west-1.amazonaws.com/2022/06/03/82sjidqz9yro/5024c160-5022-4435-9dbf-7fa194837f61.flac?X-Amz-Algorithm=AWS4-HMAC-SHA256&X-Amz-Content-Sha256=UNSIGNED-PAYLOAD&X-Amz-Credential=AKIA45B7YWBX5HAZMGOU%2F20260223%2Feu-west-1%2Fs3%2Faws4_request&X-Amz-Date=20260223T001933Z&X-Amz-Expires=604800&X-Amz-Signature=76b26dfac83a6cc51a395ccae2f2bfa02d27979d32fe6ece004fb0ab63da225a&X-Amz-SignedHeaders=host&response-content-disposition=attachment%3B%20filename%3D5024c160-5022-4435-9dbf-7fa194837f61.flac&x-id=GetObject,0.490439802,34113
ConAam-2022-06-03_06-00.WAV,2022 Conaway North A,2022,6,3,6,0,Agelaius tricolor,Simple Call 2,25.28533363,25.68000031,375,21656,24000,present,https://rfcx-streams-production.s3.eu-west-1.amazonaws.com/2022/06/03/82sjidqz9yro/0962a68b-02f9-404f-bbc5-196c9373fa5a.flac?X-Amz-Algorithm=AWS4-HMAC-SHA256&X-Amz-Content-Sha256=UNSIGNED-PAYLOAD&X-Amz-Credential=AKIA45B7YWBX5HAZMGOU%2F20260223%2Feu-west-1%2Fs3%2Faws4_request&X-Amz-Date=20260223T001933Z&X-Amz-Expires=604800&X-Amz-Signature=ac9ad5c80cbe66b57c99abca27ac35e3667d40a5455ab3da34f11c5d7ab1d040&X-Amz-SignedHeaders=host&response-content-disposition=attachment%3B%20filename%3D0962a68b-02f9-404f-bbc5-196c9373fa5a.flac&x-id=GetObject,0.470755965,34113
ConAam-2022-06-03_06-10.WAV,2022 Conaway North A,2022,6,3,6,10,Agelaius tricolor,Simple Call 2,42.87466812,43.26933289,375,21656,24000,present,https://rfcx-streams-production.s3.eu-west-1.amazonaws.com/2022/06/03/82sjidqz9yro/d76ba8f0-8444-471b-9ac0-6aa01b6f438a.flac?X-Amz-Algorithm=AWS4-HMAC-SHA256&X-Amz-Content-Sha256=UNSIGNED-PAYLOAD&X-Amz-Credential=AKIA45B7YWBX5HAZMGOU%2F20260223%2Feu-west-1%2Fs3%2Faws4_request&X-Amz-Date=20260223T001933Z&X-Amz-Expires=604800&X-Amz-Signature=dd682ceba4fd5628f61834dcf6afc9c71b8bed09c353a99bbadb3ec171d5d90d&X-Amz-SignedHeaders=host&response-content-disposition=attachment%3B%20filename%3Dd76ba8f0-8444-471b-9ac0-6aa01b6f438a.flac&x-id=GetObject,0.441723913,34113
ConAam-2022-06-03_06-30.WAV,2022 Conaway North A,2022,6,3,6,30,Agelaius tricolor,Simple Call 2,22.85866737,23.25333405,375,21656,24000,present,https://rfcx-streams-production.s3.eu-west-1.amazonaws.com/2022/06/03/82sjidqz9yro/ec4ff015-c1be-4f62-8263-2f506f2259f6.flac?X-Amz-Algorithm=AWS4-HMAC-SHA256&X-Amz-Content-Sha256=UNSIGNED-PAYLOAD&X-Amz-Credential=AKIA45B7YWBX5HAZMGOU%2F20260223%2Feu-west-1%2Fs3%2Faws4_request&X-Amz-Date=20260223T001933Z&X-Amz-Expires=604800&X-Amz-Signature=ee86d43e72bc2be4b1d9ece64ae130b73c2e7f0398382886333b50d68b8f9f73&X-Amz-SignedHeaders=host&response-content-disposition=attachment%3B%20filename%3Dec4ff015-c1be-4f62-8263-2f506f2259f6.flac&x-id=GetObject,0.440090775,34113
ConAam-2022-06-03_06-40.WAV,2022 Conaway North A,2022,6,3,6,40,Agelaius tricolor,Simple Call 2,5.674666882,6.069333553,375,21656,24000,present,https://rfcx-streams-production.s3.eu-west-1.amazonaws.com/2022/06/03/82sjidqz9yro/4f38b69e-f23c-403b-bfc0-cf2ee0a53c0a.flac?X-Amz-Algorithm=AWS4-HMAC-SHA256&X-Amz-Content-Sha256=UNSIGNED-PAYLOAD&X-Amz-Credential=AKIA45B7YWBX5HAZMGOU%2F20260223%2Feu-west-1%2Fs3%2Faws4_request&X-Amz-Date=20260223T001933Z&X-Amz-Expires=604800&X-Amz-Signature=b9d494e76ca361cc6cc13f2c609bc28100c0017626c7f518c1e23a005e737a03&X-Amz-SignedHeaders=host&response-content-disposition=attachment%3B%20filename%3D4f38b69e-f23c-403b-bfc0-cf2ee0a53c0a.flac&x-id=GetObject,0.451589465,34113
ConAam-2022-06-03_07-00.WAV,2022 Conaway North A,2022,6,3,7,0,Agelaius tricolor,Simple Call 2,13.48266697,13.87733364,375,21656,24000,present,https://rfcx-streams-production.s3.eu-west-1.amazonaws.com/2022/06/03/82sjidqz9yro/eccce5b6-324c-4dcf-9081-60bb49394434.flac?X-Amz-Algorithm=AWS4-HMAC-SHA256&X-Amz-Content-Sha256=UNSIGNED-PAYLOAD&X-Amz-Credential=AKIA45B7YWBX5HAZMGOU%2F20260223%2Feu-west-1%2Fs3%2Faws4_request&X-Amz-Date=20260223T001933Z&X-Amz-Expires=604800&X-Amz-Signature=ac787f47783c4ad26d4504fe72c7df1807e3b3e32aa723a7d85bfb87a2feaca4&X-Amz-SignedHeaders=host&response-content-disposition=attachment%3B%20filename%3Deccce5b6-324c-4dcf-9081-60bb49394434.flac&x-id=GetObject,0.46481216,34113
ConAam-2022-06-03_07-10.WAV,2022 Conaway North A,2022,6,3,7,10,Agelaius tricolor,Simple Call 2,9.658666611,10.05333328,375,21656,24000,present,https://rfcx-streams-production.s3.eu-west-1.amazonaws.com/2022/06/03/82sjidqz9yro/410a5249-8095-4b0f-b39e-da730f2886cd.flac?X-Amz-Algorithm=AWS4-HMAC-SHA256&X-Amz-Content-Sha256=UNSIGNED-PAYLOAD&X-Amz-Credential=AKIA45B7YWBX5HAZMGOU%2F20260223%2Feu-west-1%2Fs3%2Faws4_request&X-Amz-Date=20260223T001933Z&X-Amz-Expires=604800&X-Amz-Signature=013efda89c0aed997b04ed541fc4e3dcb67437b060dd0de017bbc88be40bb400&X-Amz-SignedHeaders=host&response-content-disposition=attachment%3B%20filename%3D410a5249-8095-4b0f-b39e-da730f2886cd.flac&x-id=GetObject,0.442975909,34113
ConAam-2022-06-03_07-20.WAV,2022 Conaway North A,2022,6,3,7,20,Agelaius tricolor,Simple Call 2,20.37333298,20.76799965,375,21656,24000,present,https://rfcx-streams-production.s3.eu-west-1.amazonaws.com/2022/06/03/82sjidqz9yro/72bd699f-52e9-4642-88a9-334e82381819.flac?X-Amz-Algorithm=AWS4-HMAC-SHA256&X-Amz-Content-Sha256=UNSIGNED-PAYLOAD&X-Amz-Credential=AKIA45B7YWBX5HAZMGOU%2F20260223%2Feu-west-1%2Fs3%2Faws4_request&X-Amz-Date=20260223T001933Z&X-Amz-Expires=604800&X-Amz-Signature=b4f716eed4fcf06177fe512d2c3822a9912d13f82f4aa36db587c7e59512b4e8&X-Amz-SignedHeaders=host&response-content-disposition=attachment%3B%20filename%3D72bd699f-52e9-4642-88a9-334e82381819.flac&x-id=GetObject,0.488290489,34113
ConAam-2022-06-03_07-30.WAV,2022 Conaway North A,2022,6,3,7,30,Agelaius tricolor,Simple Call 2,16.55466652,16.94933319,375,21656,24000,present,https://rfcx-streams-production.s3.eu-west-1.amazonaws.com/2022/06/03/82sjidqz9yro/f67684b4-9219-4acb-bcd2-59db3c7b2295.flac?X-Amz-Algorithm=AWS4-HMAC-SHA256&X-Amz-Content-Sha256=UNSIGNED-PAYLOAD&X-Amz-Credential=AKIA45B7YWBX5HAZMGOU%2F20260223%2Feu-west-1%2Fs3%2Faws4_request&X-Amz-Date=20260223T001933Z&X-Amz-Expires=604800&X-Amz-Signature=f0b17f6b0ac1d7af781b4ce7a35ba4a2a4bfcc1a8eb43c04504f64f66df10322&X-Amz-SignedHeaders=host&response-content-disposition=attachment%3B%20filename%3Df67684b4-9219-4acb-bcd2-59db3c7b2295.flac&x-id=GetObject,0.466364384,34113
ConAam-2022-06-03_07-40.WAV,2022 Conaway North A,2022,6,3,7,40,Agelaius tricolor,Simple Call 2,52.98666763,53.3813324,375,21656,24000,present,https://rfcx-streams-production.s3.eu-west-1.amazonaws.com/2022/06/03/82sjidqz9yro/2009e36a-b030-402e-a6e9-0a2e4b2bd3fa.flac?X-Amz-Algorithm=AWS4-HMAC-SHA256&X-Amz-Content-Sha256=UNSIGNED-PAYLOAD&X-Amz-Credential=AKIA45B7YWBX5HAZMGOU%2F20260223%2Feu-west-1%2Fs3%2Faws4_request&X-Amz-Date=20260223T001933Z&X-Amz-Expires=604800&X-Amz-Signature=3af74172ac5ae021e66de77ebc51baa65d62ca0c084c8857fb45e0bfcdc786ab&X-Amz-SignedHeaders=host&response-content-disposition=attachment%3B%20filename%3D2009e36a-b030-402e-a6e9-0a2e4b2bd3fa.flac&x-id=GetObject,0.493351012,34113
ConAam-2022-06-03_07-50.WAV,2022 Conaway North A,2022,6,3,7,50,Agelaius tricolor,Simple Call 2,14.7786665,15.17333317,375,21656,24000,present,https://rfcx-streams-production.s3.eu-west-1.amazonaws.com/2022/06/03/82sjidqz9yro/34ce9c91-f3d6-49f8-b8f0-403faa66b2a0.flac?X-Amz-Algorithm=AWS4-HMAC-SHA256&X-Amz-Content-Sha256=UNSIGNED-PAYLOAD&X-Amz-Credential=AKIA45B7YWBX5HAZMGOU%2F20260223%2Feu-west-1%2Fs3%2Faws4_request&X-Amz-Date=20260223T001933Z&X-Amz-Expires=604800&X-Amz-Signature=7e1f30664aafc9675aa8ecdb0b87217437ec6203686f137b9200a14d08c80e11&X-Amz-SignedHeaders=host&response-content-disposition=attachment%3B%20filename%3D34ce9c91-f3d6-49f8-b8f0-403faa66b2a0.flac&x-id=GetObject,0.436246186,34113
ConAam-2022-06-03_08-00.WAV,2022 Conaway North A,2022,6,3,8,0,Agelaius tricolor,Simple Call 2,59.34400177,59.73866653,375,21656,24000,present,https://rfcx-streams-production.s3.eu-west-1.amazonaws.com/2022/06/03/82sjidqz9yro/aad2b8ba-b183-4c19-9de1-0a7d4285f55b.flac?X-Amz-Algorithm=AWS4-HMAC-SHA256&X-Amz-Content-Sha256=UNSIGNED-PAYLOAD&X-Amz-Credential=AKIA45B7YWBX5HAZMGOU%2F20260223%2Feu-west-1%2Fs3%2Faws4_request&X-Amz-Date=20260223T001933Z&X-Amz-Expires=604800&X-Amz-Signature=cd5b1c93360cbf92c524d1787cd8b1b59443bec4c4f0a2ab96afede3d0f9c8b2&X-Amz-SignedHeaders=host&response-content-disposition=attachment%3B%20filename%3Daad2b8ba-b183-4c19-9de1-0a7d4285f55b.flac&x-id=GetObject,0.454042852,34113
ConAam-2022-06-03_08-10.WAV,2022 Conaway North A,2022,6,3,8,10,Agelaius tricolor,Simple Call 2,21.88800049,22.28266716,375,21656,24000,present,https://rfcx-streams-production.s3.eu-west-1.amazonaws.com/2022/06/03/82sjidqz9yro/44b2aa51-bda6-45f9-8418-c6940286d279.flac?X-Amz-Algorithm=AWS4-HMAC-SHA256&X-Amz-Content-Sha256=UNSIGNED-PAYLOAD&X-Amz-Credential=AKIA45B7YWBX5HAZMGOU%2F20260223%2Feu-west-1%2Fs3%2Faws4_request&X-Amz-Date=20260223T001933Z&X-Amz-Expires=604800&X-Amz-Signature=fe51993f4f23baca411caf6254a32be9f0f1923996904512b6d877da0d3c7331&X-Amz-SignedHeaders=host&response-content-disposition=attachment%3B%20filename%3D44b2aa51-bda6-45f9-8418-c6940286d279.flac&x-id=GetObject,0.474541217,34113
ConAam-2022-06-03_08-20.WAV,2022 Conaway North A,2022,6,3,8,20,Agelaius tricolor,Simple Call 2,2.27733326,2.671999931,375,21656,24000,present,https://rfcx-streams-production.s3.eu-west-1.amazonaws.com/2022/06/03/82sjidqz9yro/63673cab-f4ea-4909-85ac-856416817f63.flac?X-Amz-Algorithm=AWS4-HMAC-SHA256&X-Amz-Content-Sha256=UNSIGNED-PAYLOAD&X-Amz-Credential=AKIA45B7YWBX5HAZMGOU%2F20260223%2Feu-west-1%2Fs3%2Faws4_request&X-Amz-Date=20260223T001933Z&X-Amz-Expires=604800&X-Amz-Signature=7bd7e48f4336908cedc5fd8a2cd83fc266baa52e9473fee1213fe95d379d6207&X-Amz-SignedHeaders=host&response-content-disposition=attachment%3B%20filename%3D63673cab-f4ea-4909-85ac-856416817f63.flac&x-id=GetObject,0.489162117,34113
ConAam-2022-06-03_08-30.WAV,2022 Conaway North A,2022,6,3,8,30,Agelaius tricolor,Simple Call 2,38.00533295,38.40000153,375,21656,24000,present,https://rfcx-streams-production.s3.eu-west-1.amazonaws.com/2022/06/03/82sjidqz9yro/123609a3-f997-4163-913b-ab4d689d75b2.flac?X-Amz-Algorithm=AWS4-HMAC-SHA256&X-Amz-Content-Sha256=UNSIGNED-PAYLOAD&X-Amz-Credential=AKIA45B7YWBX5HAZMGOU%2F20260223%2Feu-west-1%2Fs3%2Faws4_request&X-Amz-Date=20260223T001933Z&X-Amz-Expires=604800&X-Amz-Signature=09198332e6924ca92368f0b1ff9fdf90a4671ef5ac45fa9d189c8056b12c9f07&X-Amz-SignedHeaders=host&response-content-disposition=attachment%3B%20filename%3D123609a3-f997-4163-913b-ab4d689d75b2.flac&x-id=GetObject,0.440571368,34113
ConAam-2022-06-03_08-40.WAV,2022 Conaway North A,2022,6,3,8,40,Agelaius tricolor,Simple Call 2,7.482666492,7.877333164,375,21656,24000,present,https://rfcx-streams-production.s3.eu-west-1.amazonaws.com/2022/06/03/82sjidqz9yro/8939a617-7e3b-4d74-a793-5dc46a4c7021.flac?X-Amz-Algorithm=AWS4-HMAC-SHA256&X-Amz-Content-Sha256=UNSIGNED-PAYLOAD&X-Amz-Credential=AKIA45B7YWBX5HAZMGOU%2F20260223%2Feu-west-1%2Fs3%2Faws4_request&X-Amz-Date=20260223T001933Z&X-Amz-Expires=604800&X-Amz-Signature=a154561b924ae493029a368c7f45fe2d6730e07207c1e70347b7bedcd6563967&X-Amz-SignedHeaders=host&response-content-disposition=attachment%3B%20filename%3D8939a617-7e3b-4d74-a793-5dc46a4c7021.flac&x-id=GetObject,0.450783283,34113
ConAam-2022-06-03_08-50.WAV,2022 Conaway North A,2022,6,3,8,50,Agelaius tricolor,Simple Call 2,48.23466492,48.6293335,375,21656,24000,present,https://rfcx-streams-production.s3.eu-west-1.amazonaws.com/2022/06/03/82sjidqz9yro/4fa074cc-62ad-430b-b04a-a3a92fffb5fc.flac?X-Amz-Algorithm=AWS4-HMAC-SHA256&X-Amz-Content-Sha256=UNSIGNED-PAYLOAD&X-Amz-Credential=AKIA45B7YWBX5HAZMGOU%2F20260223%2Feu-west-1%2Fs3%2Faws4_request&X-Amz-Date=20260223T001933Z&X-Amz-Expires=604800&X-Amz-Signature=3f0f8c2dc3088eb343d5f2d9313e662baa82f8d080fa6a6b69bf9176e57d3191&X-Amz-SignedHeaders=host&response-content-disposition=attachment%3B%20filename%3D4fa074cc-62ad-430b-b04a-a3a92fffb5fc.flac&x-id=GetObject,0.427058131,34113
ConAam-2022-06-03_09-00.WAV,2022 Conaway North A,2022,6,3,9,0,Agelaius tricolor,Simple Call 2,46.57066727,46.96533203,375,21656,24000,present,https://rfcx-streams-production.s3.eu-west-1.amazonaws.com/2022/06/03/82sjidqz9yro/859668fe-c3f7-4e80-a293-8b8524d88aff.flac?X-Amz-Algorithm=AWS4-HMAC-SHA256&X-Amz-Content-Sha256=UNSIGNED-PAYLOAD&X-Amz-Credential=AKIA45B7YWBX5HAZMGOU%2F20260223%2Feu-west-1%2Fs3%2Faws4_request&X-Amz-Date=20260223T001933Z&X-Amz-Expires=604800&X-Amz-Signature=7a237698f04e174bd56c72c161e29b365042ec2966a6e795c967ec8b3519d573&X-Amz-SignedHeaders=host&response-content-disposition=attachment%3B%20filename%3D859668fe-c3f7-4e80-a293-8b8524d88aff.flac&x-id=GetObject,0.417221159,34113
ConAam-2022-06-03_09-10.WAV,2022 Conaway North A,2022,6,3,9,10,Agelaius tricolor,Simple Call 2,53.52000046,53.91466522,375,21656,24000,present,https://rfcx-streams-production.s3.eu-west-1.amazonaws.com/2022/06/03/82sjidqz9yro/a4f0918e-ec77-47aa-870d-42de7a50f331.flac?X-Amz-Algorithm=AWS4-HMAC-SHA256&X-Amz-Content-Sha256=UNSIGNED-PAYLOAD&X-Amz-Credential=AKIA45B7YWBX5HAZMGOU%2F20260223%2Feu-west-1%2Fs3%2Faws4_request&X-Amz-Date=20260223T001933Z&X-Amz-Expires=604800&X-Amz-Signature=b4bb74765cb91fab088f02e089d25092938de0686edeea928e81d9426d17fcf6&X-Amz-SignedHeaders=host&response-content-disposition=attachment%3B%20filename%3Da4f0918e-ec77-47aa-870d-42de7a50f331.flac&x-id=GetObject,0.465585202,34113
ConAam-2022-06-03_09-20.WAV,2022 Conaway North A,2022,6,3,9,20,Agelaius tricolor,Simple Call 2,10.27200031,10.66666698,375,21656,24000,present,https://rfcx-streams-production.s3.eu-west-1.amazonaws.com/2022/06/03/82sjidqz9yro/bad9bc5d-2ce6-4895-89f0-01057f043f59.flac?X-Amz-Algorithm=AWS4-HMAC-SHA256&X-Amz-Content-Sha256=UNSIGNED-PAYLOAD&X-Amz-Credential=AKIA45B7YWBX5HAZMGOU%2F20260223%2Feu-west-1%2Fs3%2Faws4_request&X-Amz-Date=20260223T001933Z&X-Amz-Expires=604800&X-Amz-Signature=16748c87d7843ce89288606f33d887729e71d09d6efdab54da07823c28b0242a&X-Amz-SignedHeaders=host&response-content-disposition=attachment%3B%20filename%3Dbad9bc5d-2ce6-4895-89f0-01057f043f59.flac&x-id=GetObject,0.460211456,34113
ConAam-2022-06-03_09-30.WAV,2022 Conaway North A,2022,6,3,9,30,Agelaius tricolor,Simple Call 2,34.25600052,34.65066528,375,21656,24000,present,https://rfcx-streams-production.s3.eu-west-1.amazonaws.com/2022/06/03/82sjidqz9yro/c729c6a2-c60c-4822-9f9e-302d38a48435.flac?X-Amz-Algorithm=AWS4-HMAC-SHA256&X-Amz-Content-Sha256=UNSIGNED-PAYLOAD&X-Amz-Credential=AKIA45B7YWBX5HAZMGOU%2F20260223%2Feu-west-1%2Fs3%2Faws4_request&X-Amz-Date=20260223T001933Z&X-Amz-Expires=604800&X-Amz-Signature=1ac0a65b557c83c78ba0d365774bdeaa66e90ef6b8ad93ae59b947bfc68690bc&X-Amz-SignedHeaders=host&response-content-disposition=attachment%3B%20filename%3Dc729c6a2-c60c-4822-9f9e-302d38a48435.flac&x-id=GetObject,0.439569592,34113
ConAam-2022-06-03_09-40.WAV,2022 Conaway North A,2022,6,3,9,40,Agelaius tricolor,Simple Call 2,51.89866638,52.29333496,375,21656,24000,present,https://rfcx-streams-production.s3.eu-west-1.amazonaws.com/2022/06/03/82sjidqz9yro/d0c6b80b-04e9-4eb3-be21-29a237f81a14.flac?X-Amz-Algorithm=AWS4-HMAC-SHA256&X-Amz-Content-Sha256=UNSIGNED-PAYLOAD&X-Amz-Credential=AKIA45B7YWBX5HAZMGOU%2F20260223%2Feu-west-1%2Fs3%2Faws4_request&X-Amz-Date=20260223T001933Z&X-Amz-Expires=604800&X-Amz-Signature=6ee64d29ff4b7807830c78d976a66edb2046456585b91ea2dd0dc0faf31ce1be&X-Amz-SignedHeaders=host&response-content-disposition=attachment%3B%20filename%3Dd0c6b80b-04e9-4eb3-be21-29a237f81a14.flac&x-id=GetObject,0.429557443,34113
ConAam-2022-06-03_09-50.WAV,2022 Conaway North A,2022,6,3,9,50,Agelaius tricolor,Simple Call 2,16.74133301,17.13599968,375,21656,24000,present,https://rfcx-streams-production.s3.eu-west-1.amazonaws.com/2022/06/03/82sjidqz9yro/3a03ee71-d24a-4a9c-85c3-841eb0eb005d.flac?X-Amz-Algorithm=AWS4-HMAC-SHA256&X-Amz-Content-Sha256=UNSIGNED-PAYLOAD&X-Amz-Credential=AKIA45B7YWBX5HAZMGOU%2F20260223%2Feu-west-1%2Fs3%2Faws4_request&X-Amz-Date=20260223T001933Z&X-Amz-Expires=604800&X-Amz-Signature=76a0abc0a1e82dbab5cd0923a802ad7cb00bc9e03eae01d544ffaaf389233bbb&X-Amz-SignedHeaders=host&response-content-disposition=attachment%3B%20filename%3D3a03ee71-d24a-4a9c-85c3-841eb0eb005d.flac&x-id=GetObject,0.412719846,34113
ConAam-2022-06-03_10-00.WAV,2022 Conaway North A,2022,6,3,10,0,Agelaius tricolor,Simple Call 2,55.05599976,55.45066833,375,21656,24000,present,https://rfcx-streams-production.s3.eu-west-1.amazonaws.com/2022/06/03/82sjidqz9yro/561e4d3c-762c-48ea-a10f-9c6dd60ac05f.flac?X-Amz-Algorithm=AWS4-HMAC-SHA256&X-Amz-Content-Sha256=UNSIGNED-PAYLOAD&X-Amz-Credential=AKIA45B7YWBX5HAZMGOU%2F20260223%2Feu-west-1%2Fs3%2Faws4_request&X-Amz-Date=20260223T001933Z&X-Amz-Expires=604800&X-Amz-Signature=8eecf8bb2ecffa33687016aa555b858bd7e61bd90f9813000d951e1fac76479a&X-Amz-SignedHeaders=host&response-content-disposition=attachment%3B%20filename%3D561e4d3c-762c-48ea-a10f-9c6dd60ac05f.flac&x-id=GetObject,0.457173258,34113
ConAam-2022-06-03_10-10.WAV,2022 Conaway North A,2022,6,3,10,10,Agelaius tricolor,Simple Call 2,5.519999981,5.914666653,375,21656,24000,present,https://rfcx-streams-production.s3.eu-west-1.amazonaws.com/2022/06/03/82sjidqz9yro/8b8d0d4d-03fc-461c-8e56-2c4da79c3c50.flac?X-Amz-Algorithm=AWS4-HMAC-SHA256&X-Amz-Content-Sha256=UNSIGNED-PAYLOAD&X-Amz-Credential=AKIA45B7YWBX5HAZMGOU%2F20260223%2Feu-west-1%2Fs3%2Faws4_request&X-Amz-Date=20260223T001933Z&X-Amz-Expires=604800&X-Amz-Signature=06cc288f5247802e7a3737c3bb4de502369a3bf45ec93d092ef3866df879d279&X-Amz-SignedHeaders=host&response-content-disposition=attachment%3B%20filename%3D8b8d0d4d-03fc-461c-8e56-2c4da79c3c50.flac&x-id=GetObject,0.477409989,34113
ConAam-2022-06-03_10-20.WAV,2022 Conaway North A,2022,6,3,10,20,Agelaius tricolor,Simple Call 2,55.30666733,55.70133209,375,21656,24000,present,https://rfcx-streams-production.s3.eu-west-1.amazonaws.com/2022/06/03/82sjidqz9yro/20f61520-15e6-4131-aa22-7bde25c71708.flac?X-Amz-Algorithm=AWS4-HMAC-SHA256&X-Amz-Content-Sha256=UNSIGNED-PAYLOAD&X-Amz-Credential=AKIA45B7YWBX5HAZMGOU%2F20260223%2Feu-west-1%2Fs3%2Faws4_request&X-Amz-Date=20260223T001933Z&X-Amz-Expires=604800&X-Amz-Signature=6432a98c7441b5dfe9ce97a5b30119755b423625458b387661fbb09b9af3202c&X-Amz-SignedHeaders=host&response-content-disposition=attachment%3B%20filename%3D20f61520-15e6-4131-aa22-7bde25c71708.flac&x-id=GetObject,0.446638763,34113
ConAam-2022-06-03_10-40.WAV,2022 Conaway North A,2022,6,3,10,40,Agelaius tricolor,Simple Call 2,5.072000027,5.466666698,375,21656,24000,present,https://rfcx-streams-production.s3.eu-west-1.amazonaws.com/2022/06/03/82sjidqz9yro/4a549a57-9978-4a1e-b21d-7118aa968516.flac?X-Amz-Algorithm=AWS4-HMAC-SHA256&X-Amz-Content-Sha256=UNSIGNED-PAYLOAD&X-Amz-Credential=AKIA45B7YWBX5HAZMGOU%2F20260223%2Feu-west-1%2Fs3%2Faws4_request&X-Amz-Date=20260223T001933Z&X-Amz-Expires=604800&X-Amz-Signature=9c566ce746789e2c35a9093633a29899ed173fe99a5540a970b5b80fe4275fd0&X-Amz-SignedHeaders=host&response-content-disposition=attachment%3B%20filename%3D4a549a57-9978-4a1e-b21d-7118aa968516.flac&x-id=GetObject,0.418462008,34113
ConAam-2022-06-03_11-00.WAV,2022 Conaway North A,2022,6,3,11,0,Agelaius tricolor,Simple Call 2,30.16533279,30.55999947,375,21656,24000,present,https://rfcx-streams-production.s3.eu-west-1.amazonaws.com/2022/06/03/82sjidqz9yro/fbe70b03-267e-4f1e-98ae-30158904f9ae.flac?X-Amz-Algorithm=AWS4-HMAC-SHA256&X-Amz-Content-Sha256=UNSIGNED-PAYLOAD&X-Amz-Credential=AKIA45B7YWBX5HAZMGOU%2F20260223%2Feu-west-1%2Fs3%2Faws4_request&X-Amz-Date=20260223T001933Z&X-Amz-Expires=604800&X-Amz-Signature=6454322e4cece370cf495f0bd380bca031bf95a2c9551112ef2c44d8577ef686&X-Amz-SignedHeaders=host&response-content-disposition=attachment%3B%20filename%3Dfbe70b03-267e-4f1e-98ae-30158904f9ae.flac&x-id=GetObject,0.458820015,34113
ConAam-2022-06-03_11-10.WAV,2022 Conaway North A,2022,6,3,11,10,Agelaius tricolor,Simple Call 2,9.957333565,10.35200024,375,21656,24000,present,https://rfcx-streams-production.s3.eu-west-1.amazonaws.com/2022/06/03/82sjidqz9yro/9cd684e6-3444-4aee-af53-427729634c9f.flac?X-Amz-Algorithm=AWS4-HMAC-SHA256&X-Amz-Content-Sha256=UNSIGNED-PAYLOAD&X-Amz-Credential=AKIA45B7YWBX5HAZMGOU%2F20260223%2Feu-west-1%2Fs3%2Faws4_request&X-Amz-Date=20260223T001933Z&X-Amz-Expires=604800&X-Amz-Signature=835088208298817a3625c6c8a766c2ebd33b2eb82dd00558598d32800b45edea&X-Amz-SignedHeaders=host&response-content-disposition=attachment%3B%20filename%3D9cd684e6-3444-4aee-af53-427729634c9f.flac&x-id=GetObject,0.458699107,34113
ConAam-2022-06-03_11-20.WAV,2022 Conaway North A,2022,6,3,11,20,Agelaius tricolor,Simple Call 2,38.17066574,38.56533432,375,21656,24000,present,https://rfcx-streams-production.s3.eu-west-1.amazonaws.com/2022/06/03/82sjidqz9yro/150ae5ce-596e-4dbe-88f8-8a66b08645ef.flac?X-Amz-Algorithm=AWS4-HMAC-SHA256&X-Amz-Content-Sha256=UNSIGNED-PAYLOAD&X-Amz-Credential=AKIA45B7YWBX5HAZMGOU%2F20260223%2Feu-west-1%2Fs3%2Faws4_request&X-Amz-Date=20260223T001933Z&X-Amz-Expires=604800&X-Amz-Signature=5ece5bb8b49ae11e89f951fe76c61db4a36de77e6f53b30fb77910041c61d97d&X-Amz-SignedHeaders=host&response-content-disposition=attachment%3B%20filename%3D150ae5ce-596e-4dbe-88f8-8a66b08645ef.flac&x-id=GetObject,0.453807861,34113
ConAam-2022-06-03_11-30.WAV,2022 Conaway North A,2022,6,3,11,30,Agelaius tricolor,Simple Call 2,1.807999969,2.202666759,375,21656,24000,present,https://rfcx-streams-production.s3.eu-west-1.amazonaws.com/2022/06/03/82sjidqz9yro/a1542d19-e27b-487e-94fb-8d5ebdd7be43.flac?X-Amz-Algorithm=AWS4-HMAC-SHA256&X-Amz-Content-Sha256=UNSIGNED-PAYLOAD&X-Amz-Credential=AKIA45B7YWBX5HAZMGOU%2F20260223%2Feu-west-1%2Fs3%2Faws4_request&X-Amz-Date=20260223T001933Z&X-Amz-Expires=604800&X-Amz-Signature=d25ab2323542a5a63d712801be967e98e27c2f7d8698b119d4585e0a133d0eae&X-Amz-SignedHeaders=host&response-content-disposition=attachment%3B%20filename%3Da1542d19-e27b-487e-94fb-8d5ebdd7be43.flac&x-id=GetObject,0.453745425,34113
ConAam-2022-06-03_11-40.WAV,2022 Conaway North A,2022,6,3,11,40,Agelaius tricolor,Simple Call 2,0.256000012,0.650666654,375,21656,24000,present,https://rfcx-streams-production.s3.eu-west-1.amazonaws.com/2022/06/03/82sjidqz9yro/9fbd5af3-1088-4c38-89c7-e7c347344298.flac?X-Amz-Algorithm=AWS4-HMAC-SHA256&X-Amz-Content-Sha256=UNSIGNED-PAYLOAD&X-Amz-Credential=AKIA45B7YWBX5HAZMGOU%2F20260223%2Feu-west-1%2Fs3%2Faws4_request&X-Amz-Date=20260223T001933Z&X-Amz-Expires=604800&X-Amz-Signature=b522b8eafb2695ddb22e490ef3579ef76c5395f2214a42ce291f3ef2c3efb203&X-Amz-SignedHeaders=host&response-content-disposition=attachment%3B%20filename%3D9fbd5af3-1088-4c38-89c7-e7c347344298.flac&x-id=GetObject,0.4282206,34113
ConAam-2022-06-03_11-50.WAV,2022 Conaway North A,2022,6,3,11,50,Agelaius tricolor,Simple Call 2,37.5359993,37.93066788,375,21656,24000,present,https://rfcx-streams-production.s3.eu-west-1.amazonaws.com/2022/06/03/82sjidqz9yro/5956afca-53bc-4fc0-9c7e-1ee9a82e1a75.flac?X-Amz-Algorithm=AWS4-HMAC-SHA256&X-Amz-Content-Sha256=UNSIGNED-PAYLOAD&X-Amz-Credential=AKIA45B7YWBX5HAZMGOU%2F20260223%2Feu-west-1%2Fs3%2Faws4_request&X-Amz-Date=20260223T001933Z&X-Amz-Expires=604800&X-Amz-Signature=c4ef953b14e0a06aab178cf2d2ead46ce1be5a1a7149a660fb89198dd61de35f&X-Amz-SignedHeaders=host&response-content-disposition=attachment%3B%20filename%3D5956afca-53bc-4fc0-9c7e-1ee9a82e1a75.flac&x-id=GetObject,0.413806528,34113
ConAam-2022-06-03_12-00.WAV,2022 Conaway North A,2022,6,3,12,0,Agelaius tricolor,Simple Call 2,13.6906662,14.08533287,375,21656,24000,present,https://rfcx-streams-production.s3.eu-west-1.amazonaws.com/2022/06/03/82sjidqz9yro/fb1d2e98-d68a-42ee-8e26-38be3146dbad.flac?X-Amz-Algorithm=AWS4-HMAC-SHA256&X-Amz-Content-Sha256=UNSIGNED-PAYLOAD&X-Amz-Credential=AKIA45B7YWBX5HAZMGOU%2F20260223%2Feu-west-1%2Fs3%2Faws4_request&X-Amz-Date=20260223T001933Z&X-Amz-Expires=604800&X-Amz-Signature=0bca6249587a19718d92836383267b024112ccb50d0cec980e79b521657c104f&X-Amz-SignedHeaders=host&response-content-disposition=attachment%3B%20filename%3Dfb1d2e98-d68a-42ee-8e26-38be3146dbad.flac&x-id=GetObject,0.456718624,34113
ConAam-2022-06-03_12-10.WAV,2022 Conaway North A,2022,6,3,12,10,Agelaius tricolor,Simple Call 2,29.32266617,29.71733284,375,21656,24000,present,https://rfcx-streams-production.s3.eu-west-1.amazonaws.com/2022/06/03/82sjidqz9yro/043194ee-bcc5-4faa-a316-6b00515e7a65.flac?X-Amz-Algorithm=AWS4-HMAC-SHA256&X-Amz-Content-Sha256=UNSIGNED-PAYLOAD&X-Amz-Credential=AKIA45B7YWBX5HAZMGOU%2F20260223%2Feu-west-1%2Fs3%2Faws4_request&X-Amz-Date=20260223T001933Z&X-Amz-Expires=604800&X-Amz-Signature=b0788d2fc30ce6855f4f3a89a1ad3305357d65c25b13d4d148adb4a74794bb2a&X-Amz-SignedHeaders=host&response-content-disposition=attachment%3B%20filename%3D043194ee-bcc5-4faa-a316-6b00515e7a65.flac&x-id=GetObject,0.480612278,34113
ConAam-2022-06-03_12-20.WAV,2022 Conaway North A,2022,6,3,12,20,Agelaius tricolor,Simple Call 2,39.62666702,40.02133179,375,21656,24000,present,https://rfcx-streams-production.s3.eu-west-1.amazonaws.com/2022/06/03/82sjidqz9yro/fed842e8-960f-4929-b826-96f851c5190f.flac?X-Amz-Algorithm=AWS4-HMAC-SHA256&X-Amz-Content-Sha256=UNSIGNED-PAYLOAD&X-Amz-Credential=AKIA45B7YWBX5HAZMGOU%2F20260223%2Feu-west-1%2Fs3%2Faws4_request&X-Amz-Date=20260223T001933Z&X-Amz-Expires=604800&X-Amz-Signature=9161b80df838d0e315175d69c23a8cfed4d4865343143f7314080ef3d7f07c07&X-Amz-SignedHeaders=host&response-content-disposition=attachment%3B%20filename%3Dfed842e8-960f-4929-b826-96f851c5190f.flac&x-id=GetObject,0.456977546,34113
ConAam-2022-06-03_12-30.WAV,2022 Conaway North A,2022,6,3,12,30,Agelaius tricolor,Simple Call 2,12.89066696,13.28533363,375,21656,24000,present,https://rfcx-streams-production.s3.eu-west-1.amazonaws.com/2022/06/03/82sjidqz9yro/9c1e7ce2-e21c-478b-8cb8-ac569fd2ad16.flac?X-Amz-Algorithm=AWS4-HMAC-SHA256&X-Amz-Content-Sha256=UNSIGNED-PAYLOAD&X-Amz-Credential=AKIA45B7YWBX5HAZMGOU%2F20260223%2Feu-west-1%2Fs3%2Faws4_request&X-Amz-Date=20260223T001933Z&X-Amz-Expires=604800&X-Amz-Signature=6187c8ee9ab1832b2cf8a0a96816b32c09783b667210c5dd924076b13798cc0f&X-Amz-SignedHeaders=host&response-content-disposition=attachment%3B%20filename%3D9c1e7ce2-e21c-478b-8cb8-ac569fd2ad16.flac&x-id=GetObject,0.425142884,34113
ConAam-2022-06-03_12-40.WAV,2022 Conaway North A,2022,6,3,12,40,Agelaius tricolor,Simple Call 2,38.99200058,39.38666534,375,21656,24000,present,https://rfcx-streams-production.s3.eu-west-1.amazonaws.com/2022/06/03/82sjidqz9yro/1e8995e0-c3ad-443b-9e3c-2bc9a022949e.flac?X-Amz-Algorithm=AWS4-HMAC-SHA256&X-Amz-Content-Sha256=UNSIGNED-PAYLOAD&X-Amz-Credential=AKIA45B7YWBX5HAZMGOU%2F20260223%2Feu-west-1%2Fs3%2Faws4_request&X-Amz-Date=20260223T001933Z&X-Amz-Expires=604800&X-Amz-Signature=92c2120f60416b488c42cf7e59323fe05aa3edacaf50a958c874003eba4429c6&X-Amz-SignedHeaders=host&response-content-disposition=attachment%3B%20filename%3D1e8995e0-c3ad-443b-9e3c-2bc9a022949e.flac&x-id=GetObject,0.463353902,34113
ConAam-2022-06-03_12-50.WAV,2022 Conaway North A,2022,6,3,12,50,Agelaius tricolor,Simple Call 2,12.52799988,12.92266655,375,21656,24000,present,https://rfcx-streams-production.s3.eu-west-1.amazonaws.com/2022/06/03/82sjidqz9yro/ea063aca-d2f9-47fd-a382-d475f54026d9.flac?X-Amz-Algorithm=AWS4-HMAC-SHA256&X-Amz-Content-Sha256=UNSIGNED-PAYLOAD&X-Amz-Credential=AKIA45B7YWBX5HAZMGOU%2F20260223%2Feu-west-1%2Fs3%2Faws4_request&X-Amz-Date=20260223T001933Z&X-Amz-Expires=604800&X-Amz-Signature=8d5d0932894746a8cce11f242d2e71e9d3b1b17c7d5933251f4ae35b79a052e8&X-Amz-SignedHeaders=host&response-content-disposition=attachment%3B%20filename%3Dea063aca-d2f9-47fd-a382-d475f54026d9.flac&x-id=GetObject,0.449889243,34113
ConAam-2022-06-03_13-00.WAV,2022 Conaway North A,2022,6,3,13,0,Agelaius tricolor,Simple Call 2,55.13600159,55.53066635,375,21656,24000,present,https://rfcx-streams-production.s3.eu-west-1.amazonaws.com/2022/06/03/82sjidqz9yro/1c65f3d2-6266-45f7-b0e7-2adcee0f4465.flac?X-Amz-Algorithm=AWS4-HMAC-SHA256&X-Amz-Content-Sha256=UNSIGNED-PAYLOAD&X-Amz-Credential=AKIA45B7YWBX5HAZMGOU%2F20260223%2Feu-west-1%2Fs3%2Faws4_request&X-Amz-Date=20260223T001933Z&X-Amz-Expires=604800&X-Amz-Signature=cc1c92a7f1a736b2641aa1fdf89272fd98540f67f994382f700d8c2c32c03a83&X-Amz-SignedHeaders=host&response-content-disposition=attachment%3B%20filename%3D1c65f3d2-6266-45f7-b0e7-2adcee0f4465.flac&x-id=GetObject,0.411731988,34113
ConAam-2022-06-03_13-10.WAV,2022 Conaway North A,2022,6,3,13,10,Agelaius tricolor,Simple Call 2,56.09066772,56.48533249,375,21656,24000,present,https://rfcx-streams-production.s3.eu-west-1.amazonaws.com/2022/06/03/82sjidqz9yro/0e24e96f-7b23-486f-8b2c-cdab4c1901db.flac?X-Amz-Algorithm=AWS4-HMAC-SHA256&X-Amz-Content-Sha256=UNSIGNED-PAYLOAD&X-Amz-Credential=AKIA45B7YWBX5HAZMGOU%2F20260223%2Feu-west-1%2Fs3%2Faws4_request&X-Amz-Date=20260223T001933Z&X-Amz-Expires=604800&X-Amz-Signature=cd8e50b6dde93ac50654705fa0954588437c4ca2d8441a552f4fe717e5da05ce&X-Amz-SignedHeaders=host&response-content-disposition=attachment%3B%20filename%3D0e24e96f-7b23-486f-8b2c-cdab4c1901db.flac&x-id=GetObject,0.421602547,34113
ConAam-2022-06-03_13-20.WAV,2022 Conaway North A,2022,6,3,13,20,Agelaius tricolor,Simple Call 2,22.87466621,23.26933289,375,21656,24000,present,https://rfcx-streams-production.s3.eu-west-1.amazonaws.com/2022/06/03/82sjidqz9yro/ea253bae-01bc-4320-99b3-9245222dc990.flac?X-Amz-Algorithm=AWS4-HMAC-SHA256&X-Amz-Content-Sha256=UNSIGNED-PAYLOAD&X-Amz-Credential=AKIA45B7YWBX5HAZMGOU%2F20260223%2Feu-west-1%2Fs3%2Faws4_request&X-Amz-Date=20260223T001933Z&X-Amz-Expires=604800&X-Amz-Signature=8e00206ed53a9753616fddfbe51f28a5310b0c62bee34354bfac30eb9642d631&X-Amz-SignedHeaders=host&response-content-disposition=attachment%3B%20filename%3Dea253bae-01bc-4320-99b3-9245222dc990.flac&x-id=GetObject,0.412702143,34113
ConAam-2022-06-03_13-30.WAV,2022 Conaway North A,2022,6,3,13,30,Agelaius tricolor,Simple Call 2,33.56800079,33.96266556,375,21656,24000,present,https://rfcx-streams-production.s3.eu-west-1.amazonaws.com/2022/06/03/82sjidqz9yro/4733fa9d-cd66-49d6-a3d0-f29ff183fd08.flac?X-Amz-Algorithm=AWS4-HMAC-SHA256&X-Amz-Content-Sha256=UNSIGNED-PAYLOAD&X-Amz-Credential=AKIA45B7YWBX5HAZMGOU%2F20260223%2Feu-west-1%2Fs3%2Faws4_request&X-Amz-Date=20260223T001933Z&X-Amz-Expires=604800&X-Amz-Signature=f13b6d993d83b9c1d75965c474d7496f31654d85b6fb57535210948367cef5a5&X-Amz-SignedHeaders=host&response-content-disposition=attachment%3B%20filename%3D4733fa9d-cd66-49d6-a3d0-f29ff183fd08.flac&x-id=GetObject,0.462975711,34113
ConAam-2022-06-03_13-40.WAV,2022 Conaway North A,2022,6,3,13,40,Agelaius tricolor,Simple Call 2,49.94666672,50.34133148,375,21656,24000,present,https://rfcx-streams-production.s3.eu-west-1.amazonaws.com/2022/06/03/82sjidqz9yro/c8bad829-c687-4847-92a0-cec24c39cbf2.flac?X-Amz-Algorithm=AWS4-HMAC-SHA256&X-Amz-Content-Sha256=UNSIGNED-PAYLOAD&X-Amz-Credential=AKIA45B7YWBX5HAZMGOU%2F20260223%2Feu-west-1%2Fs3%2Faws4_request&X-Amz-Date=20260223T001933Z&X-Amz-Expires=604800&X-Amz-Signature=d96f478aead0020279af93827a0a23e93be148a29f8f378de0d8522a74f6da96&X-Amz-SignedHeaders=host&response-content-disposition=attachment%3B%20filename%3Dc8bad829-c687-4847-92a0-cec24c39cbf2.flac&x-id=GetObject,0.456720442,34113
ConAam-2022-06-03_13-50.WAV,2022 Conaway North A,2022,6,3,13,50,Agelaius tricolor,Simple Call 2,27.30133247,27.69599915,375,21656,24000,present,https://rfcx-streams-production.s3.eu-west-1.amazonaws.com/2022/06/03/82sjidqz9yro/42f1efbe-2cc7-446f-8a95-7cedb92ee8d3.flac?X-Amz-Algorithm=AWS4-HMAC-SHA256&X-Amz-Content-Sha256=UNSIGNED-PAYLOAD&X-Amz-Credential=AKIA45B7YWBX5HAZMGOU%2F20260223%2Feu-west-1%2Fs3%2Faws4_request&X-Amz-Date=20260223T001933Z&X-Amz-Expires=604800&X-Amz-Signature=a0b2f2d69370e98bd25aada690d0c43f0862a88b0c7dc1ef52e979196bb5fcc0&X-Amz-SignedHeaders=host&response-content-disposition=attachment%3B%20filename%3D42f1efbe-2cc7-446f-8a95-7cedb92ee8d3.flac&x-id=GetObject,0.450659633,34113
ConAam-2022-06-03_14-00.WAV,2022 Conaway North A,2022,6,3,14,0,Agelaius tricolor,Simple Call 2,55.8133316,56.20800018,375,21656,24000,present,https://rfcx-streams-production.s3.eu-west-1.amazonaws.com/2022/06/03/82sjidqz9yro/e3c10c75-0254-42ff-954f-23e6674ec58f.flac?X-Amz-Algorithm=AWS4-HMAC-SHA256&X-Amz-Content-Sha256=UNSIGNED-PAYLOAD&X-Amz-Credential=AKIA45B7YWBX5HAZMGOU%2F20260223%2Feu-west-1%2Fs3%2Faws4_request&X-Amz-Date=20260223T001933Z&X-Amz-Expires=604800&X-Amz-Signature=0a25a1ac21b7fd1c499e79052535a4bdbb75f27e9749d52129ff8891d6bfb76e&X-Amz-SignedHeaders=host&response-content-disposition=attachment%3B%20filename%3De3c10c75-0254-42ff-954f-23e6674ec58f.flac&x-id=GetObject,0.40467003,34113
ConAam-2022-06-03_14-10.WAV,2022 Conaway North A,2022,6,3,14,10,Agelaius tricolor,Simple Call 2,18.22933388,18.62400055,375,21656,24000,present,https://rfcx-streams-production.s3.eu-west-1.amazonaws.com/2022/06/03/82sjidqz9yro/52f45373-677f-475a-881c-2489573d3248.flac?X-Amz-Algorithm=AWS4-HMAC-SHA256&X-Amz-Content-Sha256=UNSIGNED-PAYLOAD&X-Amz-Credential=AKIA45B7YWBX5HAZMGOU%2F20260223%2Feu-west-1%2Fs3%2Faws4_request&X-Amz-Date=20260223T001933Z&X-Amz-Expires=604800&X-Amz-Signature=cfca2e2f59dc518e745f5c01b7e850018f05a3a17a992b0ea9a2edc44b611457&X-Amz-SignedHeaders=host&response-content-disposition=attachment%3B%20filename%3D52f45373-677f-475a-881c-2489573d3248.flac&x-id=GetObject,0.466200322,34113
ConAam-2022-06-03_14-20.WAV,2022 Conaway North A,2022,6,3,14,20,Agelaius tricolor,Simple Call 2,46.08533478,46.47999954,375,21656,24000,present,https://rfcx-streams-production.s3.eu-west-1.amazonaws.com/2022/06/03/82sjidqz9yro/2e850e47-f891-47e2-87c9-c1690416f1b7.flac?X-Amz-Algorithm=AWS4-HMAC-SHA256&X-Amz-Content-Sha256=UNSIGNED-PAYLOAD&X-Amz-Credential=AKIA45B7YWBX5HAZMGOU%2F20260223%2Feu-west-1%2Fs3%2Faws4_request&X-Amz-Date=20260223T001933Z&X-Amz-Expires=604800&X-Amz-Signature=ae3d04d076fe03e83d7fdcecf1e6fadc2fdffc7498ed6f7d6aa610445642cf6f&X-Amz-SignedHeaders=host&response-content-disposition=attachment%3B%20filename%3D2e850e47-f891-47e2-87c9-c1690416f1b7.flac&x-id=GetObject,0.407295465,34113
ConAam-2022-06-03_14-30.WAV,2022 Conaway North A,2022,6,3,14,30,Agelaius tricolor,Simple Call 2,17.96800041,18.36266708,375,21656,24000,present,https://rfcx-streams-production.s3.eu-west-1.amazonaws.com/2022/06/03/82sjidqz9yro/62ce2443-0268-41b7-afae-f5951c4bac19.flac?X-Amz-Algorithm=AWS4-HMAC-SHA256&X-Amz-Content-Sha256=UNSIGNED-PAYLOAD&X-Amz-Credential=AKIA45B7YWBX5HAZMGOU%2F20260223%2Feu-west-1%2Fs3%2Faws4_request&X-Amz-Date=20260223T001933Z&X-Amz-Expires=604800&X-Amz-Signature=ed2a1f06834230ff953a38c2747b6046c35b0b958470012a92e088f2f310aa72&X-Amz-SignedHeaders=host&response-content-disposition=attachment%3B%20filename%3D62ce2443-0268-41b7-afae-f5951c4bac19.flac&x-id=GetObject,0.488208532,34113
ConAam-2022-06-03_14-40.WAV,2022 Conaway North A,2022,6,3,14,40,Agelaius tricolor,Simple Call 2,54.29866791,54.69333267,375,21656,24000,present,https://rfcx-streams-production.s3.eu-west-1.amazonaws.com/2022/06/03/82sjidqz9yro/a008f8a3-4552-4065-ba1f-1dcd8efbb5f7.flac?X-Amz-Algorithm=AWS4-HMAC-SHA256&X-Amz-Content-Sha256=UNSIGNED-PAYLOAD&X-Amz-Credential=AKIA45B7YWBX5HAZMGOU%2F20260223%2Feu-west-1%2Fs3%2Faws4_request&X-Amz-Date=20260223T001933Z&X-Amz-Expires=604800&X-Amz-Signature=67b2733b98b661ede507bbda3d4ac24b7080823e86760dab4264509f9765ebc4&X-Amz-SignedHeaders=host&response-content-disposition=attachment%3B%20filename%3Da008f8a3-4552-4065-ba1f-1dcd8efbb5f7.flac&x-id=GetObject,0.402166635,34113
ConAam-2022-06-03_14-50.WAV,2022 Conaway North A,2022,6,3,14,50,Agelaius tricolor,Simple Call 2,39.85599899,40.25066757,375,21656,24000,present,https://rfcx-streams-production.s3.eu-west-1.amazonaws.com/2022/06/03/82sjidqz9yro/0b360681-858e-4776-8d8b-aa6d2a283b41.flac?X-Amz-Algorithm=AWS4-HMAC-SHA256&X-Amz-Content-Sha256=UNSIGNED-PAYLOAD&X-Amz-Credential=AKIA45B7YWBX5HAZMGOU%2F20260223%2Feu-west-1%2Fs3%2Faws4_request&X-Amz-Date=20260223T001933Z&X-Amz-Expires=604800&X-Amz-Signature=1068e220334c316087b04e2195c5912db4a9019726670746dc258fcf76122674&X-Amz-SignedHeaders=host&response-content-disposition=attachment%3B%20filename%3D0b360681-858e-4776-8d8b-aa6d2a283b41.flac&x-id=GetObject,0.459622979,34113
ConAam-2022-06-03_15-00.WAV,2022 Conaway North A,2022,6,3,15,0,Agelaius tricolor,Simple Call 2,30.67733383,31.0720005,375,21656,24000,present,https://rfcx-streams-production.s3.eu-west-1.amazonaws.com/2022/06/03/82sjidqz9yro/9f1882a3-4e08-43ca-b377-f7384dbfe978.flac?X-Amz-Algorithm=AWS4-HMAC-SHA256&X-Amz-Content-Sha256=UNSIGNED-PAYLOAD&X-Amz-Credential=AKIA45B7YWBX5HAZMGOU%2F20260223%2Feu-west-1%2Fs3%2Faws4_request&X-Amz-Date=20260223T001933Z&X-Amz-Expires=604800&X-Amz-Signature=d86ed52182983133461ae831ecc84e21879fd89e7f531e8fa8ce1bb52dd5cf82&X-Amz-SignedHeaders=host&response-content-disposition=attachment%3B%20filename%3D9f1882a3-4e08-43ca-b377-f7384dbfe978.flac&x-id=GetObject,0.447058022,34113
ConAam-2022-06-03_15-40.WAV,2022 Conaway North A,2022,6,3,15,40,Agelaius tricolor,Simple Call 2,47.98400116,48.37866592,375,21656,24000,present,https://rfcx-streams-production.s3.eu-west-1.amazonaws.com/2022/06/03/82sjidqz9yro/2063873b-2e85-4cba-bf8a-81df019df667.flac?X-Amz-Algorithm=AWS4-HMAC-SHA256&X-Amz-Content-Sha256=UNSIGNED-PAYLOAD&X-Amz-Credential=AKIA45B7YWBX5HAZMGOU%2F20260223%2Feu-west-1%2Fs3%2Faws4_request&X-Amz-Date=20260223T001933Z&X-Amz-Expires=604800&X-Amz-Signature=8205056d3a1b3d2e04fa882b5c80010447b3d711598c539fbf875c41fa3698b1&X-Amz-SignedHeaders=host&response-content-disposition=attachment%3B%20filename%3D2063873b-2e85-4cba-bf8a-81df019df667.flac&x-id=GetObject,0.488772422,34113
ConAam-2022-06-03_15-50.WAV,2022 Conaway North A,2022,6,3,15,50,Agelaius tricolor,Simple Call 2,22.6186676,23.01333427,375,21656,24000,present,https://rfcx-streams-production.s3.eu-west-1.amazonaws.com/2022/06/03/82sjidqz9yro/dfb75750-5f9d-4318-ac6b-85daf04d8fa6.flac?X-Amz-Algorithm=AWS4-HMAC-SHA256&X-Amz-Content-Sha256=UNSIGNED-PAYLOAD&X-Amz-Credential=AKIA45B7YWBX5HAZMGOU%2F20260223%2Feu-west-1%2Fs3%2Faws4_request&X-Amz-Date=20260223T001933Z&X-Amz-Expires=604800&X-Amz-Signature=c5326b877f253fd5bece0d413ee734f76a788d4486023c1650466dcec67ce421&X-Amz-SignedHeaders=host&response-content-disposition=attachment%3B%20filename%3Ddfb75750-5f9d-4318-ac6b-85daf04d8fa6.flac&x-id=GetObject,0.433605224,34113
ConAam-2022-06-03_16-00.WAV,2022 Conaway North A,2022,6,3,16,0,Agelaius tricolor,Simple Call 2,5.717333317,6.111999989,375,21656,24000,present,https://rfcx-streams-production.s3.eu-west-1.amazonaws.com/2022/06/03/82sjidqz9yro/935aefe9-40df-422a-a71f-1b1f227ca9be.flac?X-Amz-Algorithm=AWS4-HMAC-SHA256&X-Amz-Content-Sha256=UNSIGNED-PAYLOAD&X-Amz-Credential=AKIA45B7YWBX5HAZMGOU%2F20260223%2Feu-west-1%2Fs3%2Faws4_request&X-Amz-Date=20260223T001933Z&X-Amz-Expires=604800&X-Amz-Signature=4dfaec8bbd575f28100190d6d6927d9ade1ac541334c032a95a3a08e6ddd279b&X-Amz-SignedHeaders=host&response-content-disposition=attachment%3B%20filename%3D935aefe9-40df-422a-a71f-1b1f227ca9be.flac&x-id=GetObject,0.465614229,34113
ConAam-2022-06-03_16-10.WAV,2022 Conaway North A,2022,6,3,16,10,Agelaius tricolor,Simple Call 2,56.26666641,56.66133499,375,21656,24000,present,https://rfcx-streams-production.s3.eu-west-1.amazonaws.com/2022/06/03/82sjidqz9yro/bc54dd01-857a-4527-85d6-35da5a51fdc2.flac?X-Amz-Algorithm=AWS4-HMAC-SHA256&X-Amz-Content-Sha256=UNSIGNED-PAYLOAD&X-Amz-Credential=AKIA45B7YWBX5HAZMGOU%2F20260223%2Feu-west-1%2Fs3%2Faws4_request&X-Amz-Date=20260223T001933Z&X-Amz-Expires=604800&X-Amz-Signature=3d7ec561d960e35b4054891c56b9b437d45f5a1bec6197bdb87ccb8cb8e5d025&X-Amz-SignedHeaders=host&response-content-disposition=attachment%3B%20filename%3Dbc54dd01-857a-4527-85d6-35da5a51fdc2.flac&x-id=GetObject,0.404169172,34113
ConAam-2022-06-03_16-40.WAV,2022 Conaway North A,2022,6,3,16,40,Agelaius tricolor,Simple Call 2,0.725333333,1.120000005,375,21656,24000,present,https://rfcx-streams-production.s3.eu-west-1.amazonaws.com/2022/06/03/82sjidqz9yro/81db0c54-d7ce-45dc-bb94-0223a85471a4.flac?X-Amz-Algorithm=AWS4-HMAC-SHA256&X-Amz-Content-Sha256=UNSIGNED-PAYLOAD&X-Amz-Credential=AKIA45B7YWBX5HAZMGOU%2F20260223%2Feu-west-1%2Fs3%2Faws4_request&X-Amz-Date=20260223T001933Z&X-Amz-Expires=604800&X-Amz-Signature=53428cdde0879437724886de76fc948d2b150bdc3048b4bfe84c69425f28c1e0&X-Amz-SignedHeaders=host&response-content-disposition=attachment%3B%20filename%3D81db0c54-d7ce-45dc-bb94-0223a85471a4.flac&x-id=GetObject,0.41660136,34113
ConAam-2022-06-03_17-00.WAV,2022 Conaway North A,2022,6,3,17,0,Agelaius tricolor,Simple Call 2,24.53866577,24.93333244,375,21656,24000,present,https://rfcx-streams-production.s3.eu-west-1.amazonaws.com/2022/06/04/82sjidqz9yro/bab2646d-5479-47b5-aa2b-3585ae6ae332.flac?X-Amz-Algorithm=AWS4-HMAC-SHA256&X-Amz-Content-Sha256=UNSIGNED-PAYLOAD&X-Amz-Credential=AKIA45B7YWBX5HAZMGOU%2F20260223%2Feu-west-1%2Fs3%2Faws4_request&X-Amz-Date=20260223T001933Z&X-Amz-Expires=604800&X-Amz-Signature=ddd1bef134d5faf8b6e3ca1350b96ffabcf44026c66af994c1c9fc68accdbe51&X-Amz-SignedHeaders=host&response-content-disposition=attachment%3B%20filename%3Dbab2646d-5479-47b5-aa2b-3585ae6ae332.flac&x-id=GetObject,0.470478386,34113
ConAam-2022-06-03_17-10.WAV,2022 Conaway North A,2022,6,3,17,10,Agelaius tricolor,Simple Call 2,5.375999928,5.770666599,375,21656,24000,present,https://rfcx-streams-production.s3.eu-west-1.amazonaws.com/2022/06/04/82sjidqz9yro/7e9b064b-6aa1-4511-a42d-b8d391f3561a.flac?X-Amz-Algorithm=AWS4-HMAC-SHA256&X-Amz-Content-Sha256=UNSIGNED-PAYLOAD&X-Amz-Credential=AKIA45B7YWBX5HAZMGOU%2F20260223%2Feu-west-1%2Fs3%2Faws4_request&X-Amz-Date=20260223T001933Z&X-Amz-Expires=604800&X-Amz-Signature=3bb6aa75bb5b67255e944c2c5de203ead52d505190aad5c5155e9ca4fba13764&X-Amz-SignedHeaders=host&response-content-disposition=attachment%3B%20filename%3D7e9b064b-6aa1-4511-a42d-b8d391f3561a.flac&x-id=GetObject,0.495010763,34113
ConAam-2022-06-03_17-20.WAV,2022 Conaway North A,2022,6,3,17,20,Agelaius tricolor,Simple Call 2,17.94666672,18.34133339,375,21656,24000,present,https://rfcx-streams-production.s3.eu-west-1.amazonaws.com/2022/06/04/82sjidqz9yro/e6a75451-5f52-4250-afb4-bfb43271f767.flac?X-Amz-Algorithm=AWS4-HMAC-SHA256&X-Amz-Content-Sha256=UNSIGNED-PAYLOAD&X-Amz-Credential=AKIA45B7YWBX5HAZMGOU%2F20260223%2Feu-west-1%2Fs3%2Faws4_request&X-Amz-Date=20260223T001933Z&X-Amz-Expires=604800&X-Amz-Signature=a7f525aa2e1665737a12d1a7974c8c2a266cbd5a55aec61abd9945f5d098dd4f&X-Amz-SignedHeaders=host&response-content-disposition=attachment%3B%20filename%3De6a75451-5f52-4250-afb4-bfb43271f767.flac&x-id=GetObject,0.456332266,34113
ConAam-2022-06-03_17-30.WAV,2022 Conaway North A,2022,6,3,17,30,Agelaius tricolor,Simple Call 2,50.35200119,50.74666595,375,21656,24000,present,https://rfcx-streams-production.s3.eu-west-1.amazonaws.com/2022/06/04/82sjidqz9yro/0e4ee11b-f6bb-4121-a458-76272c23c595.flac?X-Amz-Algorithm=AWS4-HMAC-SHA256&X-Amz-Content-Sha256=UNSIGNED-PAYLOAD&X-Amz-Credential=AKIA45B7YWBX5HAZMGOU%2F20260223%2Feu-west-1%2Fs3%2Faws4_request&X-Amz-Date=20260223T001933Z&X-Amz-Expires=604800&X-Amz-Signature=f9cc7e24c0b84944c62f062a0dec9b937f61f65e9c9338381101faaedac8cbe9&X-Amz-SignedHeaders=host&response-content-disposition=attachment%3B%20filename%3D0e4ee11b-f6bb-4121-a458-76272c23c595.flac&x-id=GetObject,0.460505694,34113
ConAam-2022-06-03_17-40.WAV,2022 Conaway North A,2022,6,3,17,40,Agelaius tricolor,Simple Call 2,43.0613327,43.45600128,375,21656,24000,present,https://rfcx-streams-production.s3.eu-west-1.amazonaws.com/2022/06/04/82sjidqz9yro/f5c75920-f04d-4a28-9806-2bdfb8990b49.flac?X-Amz-Algorithm=AWS4-HMAC-SHA256&X-Amz-Content-Sha256=UNSIGNED-PAYLOAD&X-Amz-Credential=AKIA45B7YWBX5HAZMGOU%2F20260223%2Feu-west-1%2Fs3%2Faws4_request&X-Amz-Date=20260223T001933Z&X-Amz-Expires=604800&X-Amz-Signature=8f15242e068abc28b568370c7ae0df7972fbb4ac43bceefeb7a989d2a90e6f09&X-Amz-SignedHeaders=host&response-content-disposition=attachment%3B%20filename%3Df5c75920-f04d-4a28-9806-2bdfb8990b49.flac&x-id=GetObject,0.464849681,34113
ConAam-2022-06-03_18-00.WAV,2022 Conaway North A,2022,6,3,18,0,Agelaius tricolor,Simple Call 2,45.402668,45.79733276,375,21656,24000,present,https://rfcx-streams-production.s3.eu-west-1.amazonaws.com/2022/06/04/82sjidqz9yro/0543c46d-7974-4762-9e35-2e4143aadf0b.flac?X-Amz-Algorithm=AWS4-HMAC-SHA256&X-Amz-Content-Sha256=UNSIGNED-PAYLOAD&X-Amz-Credential=AKIA45B7YWBX5HAZMGOU%2F20260223%2Feu-west-1%2Fs3%2Faws4_request&X-Amz-Date=20260223T001933Z&X-Amz-Expires=604800&X-Amz-Signature=6ba122dfa1a86d6892fa3260974bcdc050f9e80238c92b8e8de258d3f8b769b3&X-Amz-SignedHeaders=host&response-content-disposition=attachment%3B%20filename%3D0543c46d-7974-4762-9e35-2e4143aadf0b.flac&x-id=GetObject,0.41347754,34113
ConAam-2022-06-03_18-10.WAV,2022 Conaway North A,2022,6,3,18,10,Agelaius tricolor,Simple Call 2,20.12266731,20.51733398,375,21656,24000,present,https://rfcx-streams-production.s3.eu-west-1.amazonaws.com/2022/06/04/82sjidqz9yro/bf15844f-b4f8-4a30-a234-08cbceaf2e29.flac?X-Amz-Algorithm=AWS4-HMAC-SHA256&X-Amz-Content-Sha256=UNSIGNED-PAYLOAD&X-Amz-Credential=AKIA45B7YWBX5HAZMGOU%2F20260223%2Feu-west-1%2Fs3%2Faws4_request&X-Amz-Date=20260223T001933Z&X-Amz-Expires=604800&X-Amz-Signature=7b9b628d4ac00011ab7a1669755d85a541d7973054732f3e3221654c61d73d77&X-Amz-SignedHeaders=host&response-content-disposition=attachment%3B%20filename%3Dbf15844f-b4f8-4a30-a234-08cbceaf2e29.flac&x-id=GetObject,0.441512704,34113
ConAam-2022-06-03_18-20.WAV,2022 Conaway North A,2022,6,3,18,20,Agelaius tricolor,Simple Call 2,27.87733269,28.27199936,375,21656,24000,present,https://rfcx-streams-production.s3.eu-west-1.amazonaws.com/2022/06/04/82sjidqz9yro/d73e5b2a-eeb5-43b9-95c6-9bfcb02f50dc.flac?X-Amz-Algorithm=AWS4-HMAC-SHA256&X-Amz-Content-Sha256=UNSIGNED-PAYLOAD&X-Amz-Credential=AKIA45B7YWBX5HAZMGOU%2F20260223%2Feu-west-1%2Fs3%2Faws4_request&X-Amz-Date=20260223T001933Z&X-Amz-Expires=604800&X-Amz-Signature=c8e72fc08eee186c9a983e7501c014a38f3ae7d632355b688172ed83fb73047f&X-Amz-SignedHeaders=host&response-content-disposition=attachment%3B%20filename%3Dd73e5b2a-eeb5-43b9-95c6-9bfcb02f50dc.flac&x-id=GetObject,0.450100601,34113
ConAam-2022-06-03_18-30.WAV,2022 Conaway North A,2022,6,3,18,30,Agelaius tricolor,Simple Call 2,23.06666756,23.46133423,375,21656,24000,present,https://rfcx-streams-production.s3.eu-west-1.amazonaws.com/2022/06/04/82sjidqz9yro/29993bf0-8426-402d-a9e4-4afb06f99a53.flac?X-Amz-Algorithm=AWS4-HMAC-SHA256&X-Amz-Content-Sha256=UNSIGNED-PAYLOAD&X-Amz-Credential=AKIA45B7YWBX5HAZMGOU%2F20260223%2Feu-west-1%2Fs3%2Faws4_request&X-Amz-Date=20260223T001933Z&X-Amz-Expires=604800&X-Amz-Signature=3ac0a50d056eb084eae0d994623b9702fcab93bf075047b7529da9d0db2e27a3&X-Amz-SignedHeaders=host&response-content-disposition=attachment%3B%20filename%3D29993bf0-8426-402d-a9e4-4afb06f99a53.flac&x-id=GetObject,0.449886233,34113
ConAam-2022-06-03_18-40.WAV,2022 Conaway North A,2022,6,3,18,40,Agelaius tricolor,Simple Call 2,31.42399979,31.81866646,375,21656,24000,present,https://rfcx-streams-production.s3.eu-west-1.amazonaws.com/2022/06/04/82sjidqz9yro/a0b2524f-817c-4bf0-b2d1-0862261fb90d.flac?X-Amz-Algorithm=AWS4-HMAC-SHA256&X-Amz-Content-Sha256=UNSIGNED-PAYLOAD&X-Amz-Credential=AKIA45B7YWBX5HAZMGOU%2F20260223%2Feu-west-1%2Fs3%2Faws4_request&X-Amz-Date=20260223T001933Z&X-Amz-Expires=604800&X-Amz-Signature=1c73863e223b738015710ad811ad99420efb4c424fc041f295fe8c6b37bfecac&X-Amz-SignedHeaders=host&response-content-disposition=attachment%3B%20filename%3Da0b2524f-817c-4bf0-b2d1-0862261fb90d.flac&x-id=GetObject,0.477784991,34113
ConAam-2022-06-03_18-50.WAV,2022 Conaway North A,2022,6,3,18,50,Agelaius tricolor,Simple Call 2,53.77066803,54.16533279,375,21656,24000,present,https://rfcx-streams-production.s3.eu-west-1.amazonaws.com/2022/06/04/82sjidqz9yro/7bd83756-6cab-4231-9444-acb761409cb4.flac?X-Amz-Algorithm=AWS4-HMAC-SHA256&X-Amz-Content-Sha256=UNSIGNED-PAYLOAD&X-Amz-Credential=AKIA45B7YWBX5HAZMGOU%2F20260223%2Feu-west-1%2Fs3%2Faws4_request&X-Amz-Date=20260223T001933Z&X-Amz-Expires=604800&X-Amz-Signature=f1c4922f372fe936fdf9b4c65dc5fb758555cc0680bdfc3d4207a84e98c69780&X-Amz-SignedHeaders=host&response-content-disposition=attachment%3B%20filename%3D7bd83756-6cab-4231-9444-acb761409cb4.flac&x-id=GetObject,0.435861886,34113
ConAam-2022-06-03_19-00.WAV,2022 Conaway North A,2022,6,3,19,0,Agelaius tricolor,Simple Call 2,50.72000122,51.11466599,375,21656,24000,present,https://rfcx-streams-production.s3.eu-west-1.amazonaws.com/2022/06/04/82sjidqz9yro/b5dcff95-1321-43f9-a1c6-edd619c03758.flac?X-Amz-Algorithm=AWS4-HMAC-SHA256&X-Amz-Content-Sha256=UNSIGNED-PAYLOAD&X-Amz-Credential=AKIA45B7YWBX5HAZMGOU%2F20260223%2Feu-west-1%2Fs3%2Faws4_request&X-Amz-Date=20260223T001933Z&X-Amz-Expires=604800&X-Amz-Signature=99c51dff0cc7aa66f88ac7d89214a4e2395c7a5c71c089c5aea1e6a0a8814bc0&X-Amz-SignedHeaders=host&response-content-disposition=attachment%3B%20filename%3Db5dcff95-1321-43f9-a1c6-edd619c03758.flac&x-id=GetObject,0.473117679,34113
ConAam-2022-06-03_19-10.WAV,2022 Conaway North A,2022,6,3,19,10,Agelaius tricolor,Simple Call 2,51.88266754,52.27733231,375,21656,24000,present,https://rfcx-streams-production.s3.eu-west-1.amazonaws.com/2022/06/04/82sjidqz9yro/90cc36b3-1422-4aae-aae0-6adcedd3d1f9.flac?X-Amz-Algorithm=AWS4-HMAC-SHA256&X-Amz-Content-Sha256=UNSIGNED-PAYLOAD&X-Amz-Credential=AKIA45B7YWBX5HAZMGOU%2F20260223%2Feu-west-1%2Fs3%2Faws4_request&X-Amz-Date=20260223T001933Z&X-Amz-Expires=604800&X-Amz-Signature=53105cde46d6e142084cda100b3cfd5b1d7c6e9d927f0c370ffa5583541b2093&X-Amz-SignedHeaders=host&response-content-disposition=attachment%3B%20filename%3D90cc36b3-1422-4aae-aae0-6adcedd3d1f9.flac&x-id=GetObject,0.416278839,34113
ConAam-2022-06-03_19-20.WAV,2022 Conaway North A,2022,6,3,19,20,Agelaius tricolor,Simple Call 2,4.842666626,5.237333298,375,21656,24000,present,https://rfcx-streams-production.s3.eu-west-1.amazonaws.com/2022/06/04/82sjidqz9yro/64fac549-8e36-41e5-bac0-e0f9e32e4c02.flac?X-Amz-Algorithm=AWS4-HMAC-SHA256&X-Amz-Content-Sha256=UNSIGNED-PAYLOAD&X-Amz-Credential=AKIA45B7YWBX5HAZMGOU%2F20260223%2Feu-west-1%2Fs3%2Faws4_request&X-Amz-Date=20260223T001933Z&X-Amz-Expires=604800&X-Amz-Signature=066006c67d1224b8a41bad868dc5e77a691e10eb95c18d6e393d47d30a8fb8a3&X-Amz-SignedHeaders=host&response-content-disposition=attachment%3B%20filename%3D64fac549-8e36-41e5-bac0-e0f9e32e4c02.flac&x-id=GetObject,0.485779047,34113
ConAam-2022-06-03_19-30.WAV,2022 Conaway North A,2022,6,3,19,30,Agelaius tricolor,Simple Call 2,56.11199951,56.50666809,375,21656,24000,present,https://rfcx-streams-production.s3.eu-west-1.amazonaws.com/2022/06/04/82sjidqz9yro/1e5b732b-ef55-4c59-9f97-0125019ed706.flac?X-Amz-Algorithm=AWS4-HMAC-SHA256&X-Amz-Content-Sha256=UNSIGNED-PAYLOAD&X-Amz-Credential=AKIA45B7YWBX5HAZMGOU%2F20260223%2Feu-west-1%2Fs3%2Faws4_request&X-Amz-Date=20260223T001933Z&X-Amz-Expires=604800&X-Amz-Signature=545503a8bfeb17ae784b4c296747066fc36412c3fef6f92ef3df9660f4b51971&X-Amz-SignedHeaders=host&response-content-disposition=attachment%3B%20filename%3D1e5b732b-ef55-4c59-9f97-0125019ed706.flac&x-id=GetObject,0.511519969,34113
ConAam-2022-06-03_19-40.WAV,2022 Conaway North A,2022,6,3,19,40,Agelaius tricolor,Simple Call 2,58.40533447,58.79999924,375,21656,24000,present,https://rfcx-streams-production.s3.eu-west-1.amazonaws.com/2022/06/04/82sjidqz9yro/a84886f9-516b-42c2-8661-3b2983fa8734.flac?X-Amz-Algorithm=AWS4-HMAC-SHA256&X-Amz-Content-Sha256=UNSIGNED-PAYLOAD&X-Amz-Credential=AKIA45B7YWBX5HAZMGOU%2F20260223%2Feu-west-1%2Fs3%2Faws4_request&X-Amz-Date=20260223T001933Z&X-Amz-Expires=604800&X-Amz-Signature=31aae1ec602435aa991e760b04228dd9120fcc5efa60a38c89bbecc2c48957fa&X-Amz-SignedHeaders=host&response-content-disposition=attachment%3B%20filename%3Da84886f9-516b-42c2-8661-3b2983fa8734.flac&x-id=GetObject,0.54008919,34113
ConAam-2022-06-03_19-50.WAV,2022 Conaway North A,2022,6,3,19,50,Agelaius tricolor,Simple Call 2,23.29599953,23.6906662,375,21656,24000,present,https://rfcx-streams-production.s3.eu-west-1.amazonaws.com/2022/06/04/82sjidqz9yro/81c8d0b9-8385-449f-ad3e-3200b1512b5e.flac?X-Amz-Algorithm=AWS4-HMAC-SHA256&X-Amz-Content-Sha256=UNSIGNED-PAYLOAD&X-Amz-Credential=AKIA45B7YWBX5HAZMGOU%2F20260223%2Feu-west-1%2Fs3%2Faws4_request&X-Amz-Date=20260223T001933Z&X-Amz-Expires=604800&X-Amz-Signature=2bde6f816fbbefd647156c70a2c44c5e4dc35e349868fb6f413251563e195217&X-Amz-SignedHeaders=host&response-content-disposition=attachment%3B%20filename%3D81c8d0b9-8385-449f-ad3e-3200b1512b5e.flac&x-id=GetObject,0.562073708,34113
ConAam-2022-06-03_20-00.WAV,2022 Conaway North A,2022,6,3,20,0,Agelaius tricolor,Simple Call 2,51.07733154,51.47200012,375,21656,24000,present,https://rfcx-streams-production.s3.eu-west-1.amazonaws.com/2022/06/04/82sjidqz9yro/470a16ac-dcd4-487f-b6e6-5af94ae72d28.flac?X-Amz-Algorithm=AWS4-HMAC-SHA256&X-Amz-Content-Sha256=UNSIGNED-PAYLOAD&X-Amz-Credential=AKIA45B7YWBX5HAZMGOU%2F20260223%2Feu-west-1%2Fs3%2Faws4_request&X-Amz-Date=20260223T001933Z&X-Amz-Expires=604800&X-Amz-Signature=82221f43631e3f1ff7ce671f6167e91180fd9855e2e1f57b35a86d6771448e4a&X-Amz-SignedHeaders=host&response-content-disposition=attachment%3B%20filename%3D470a16ac-dcd4-487f-b6e6-5af94ae72d28.flac&x-id=GetObject,0.480046511,34113
ConAam-2022-06-03_20-10.WAV,2022 Conaway North A,2022,6,3,20,10,Agelaius tricolor,Simple Call 2,49.02399826,49.41866684,375,21656,24000,present,https://rfcx-streams-production.s3.eu-west-1.amazonaws.com/2022/06/04/82sjidqz9yro/535937cd-79c8-4014-bf1e-d00fb0b913ec.flac?X-Amz-Algorithm=AWS4-HMAC-SHA256&X-Amz-Content-Sha256=UNSIGNED-PAYLOAD&X-Amz-Credential=AKIA45B7YWBX5HAZMGOU%2F20260223%2Feu-west-1%2Fs3%2Faws4_request&X-Amz-Date=20260223T001933Z&X-Amz-Expires=604800&X-Amz-Signature=3230cb74bfa12aa4764c6343e2e5718311f46ec08df834288e3f3fc1c25bd22f&X-Amz-SignedHeaders=host&response-content-disposition=attachment%3B%20filename%3D535937cd-79c8-4014-bf1e-d00fb0b913ec.flac&x-id=GetObject,0.484499276,34113
ConAam-2022-06-03_20-20.WAV,2022 Conaway North A,2022,6,3,20,20,Agelaius tricolor,Simple Call 2,17.87733269,18.27199936,375,21656,24000,present,https://rfcx-streams-production.s3.eu-west-1.amazonaws.com/2022/06/04/82sjidqz9yro/09fbe099-46d0-4d5f-ae86-a8f9e43de536.flac?X-Amz-Algorithm=AWS4-HMAC-SHA256&X-Amz-Content-Sha256=UNSIGNED-PAYLOAD&X-Amz-Credential=AKIA45B7YWBX5HAZMGOU%2F20260223%2Feu-west-1%2Fs3%2Faws4_request&X-Amz-Date=20260223T001933Z&X-Amz-Expires=604800&X-Amz-Signature=a616b4ba0b59c4ab28a14971269a5ca8b2170d6ece21cc1a2a0d37423192e642&X-Amz-SignedHeaders=host&response-content-disposition=attachment%3B%20filename%3D09fbe099-46d0-4d5f-ae86-a8f9e43de536.flac&x-id=GetObject,0.423771828,34113
ConAam-2022-06-03_20-30.WAV,2022 Conaway North A,2022,6,3,20,30,Agelaius tricolor,Simple Call 2,47.77600098,48.17066574,375,21656,24000,present,https://rfcx-streams-production.s3.eu-west-1.amazonaws.com/2022/06/04/82sjidqz9yro/8cfb9ece-da21-4867-8461-cacaf171cfc6.flac?X-Amz-Algorithm=AWS4-HMAC-SHA256&X-Amz-Content-Sha256=UNSIGNED-PAYLOAD&X-Amz-Credential=AKIA45B7YWBX5HAZMGOU%2F20260223%2Feu-west-1%2Fs3%2Faws4_request&X-Amz-Date=20260223T001933Z&X-Amz-Expires=604800&X-Amz-Signature=fc3e718f2d7d21bbbef44c5f8bc49b97525c597c631334f1a6f3d776730d9d86&X-Amz-SignedHeaders=host&response-content-disposition=attachment%3B%20filename%3D8cfb9ece-da21-4867-8461-cacaf171cfc6.flac&x-id=GetObject,0.430840552,34113
ConAam-2022-06-03_20-40.WAV,2022 Conaway North A,2022,6,3,20,40,Agelaius tricolor,Simple Call 2,3.994666576,4.389333248,375,21656,24000,present,https://rfcx-streams-production.s3.eu-west-1.amazonaws.com/2022/06/04/82sjidqz9yro/924c33d6-da12-46a5-8c11-fa2e409fdfbf.flac?X-Amz-Algorithm=AWS4-HMAC-SHA256&X-Amz-Content-Sha256=UNSIGNED-PAYLOAD&X-Amz-Credential=AKIA45B7YWBX5HAZMGOU%2F20260223%2Feu-west-1%2Fs3%2Faws4_request&X-Amz-Date=20260223T001933Z&X-Amz-Expires=604800&X-Amz-Signature=096145eb03492f279d5e8f98f8273acb38e6db316ff0a19a0762586776e4f9f1&X-Amz-SignedHeaders=host&response-content-disposition=attachment%3B%20filename%3D924c33d6-da12-46a5-8c11-fa2e409fdfbf.flac&x-id=GetObject,0.443061739,34113
ConAam-2022-06-04_05-20.WAV,2022 Conaway North A,2022,6,4,5,20,Agelaius tricolor,Simple Call 2,19.40266609,19.79733276,375,21656,24000,present,https://rfcx-streams-production.s3.eu-west-1.amazonaws.com/2022/06/04/82sjidqz9yro/0dfaf4c5-8760-43fe-921f-d824a16da1d4.flac?X-Amz-Algorithm=AWS4-HMAC-SHA256&X-Amz-Content-Sha256=UNSIGNED-PAYLOAD&X-Amz-Credential=AKIA45B7YWBX5HAZMGOU%2F20260223%2Feu-west-1%2Fs3%2Faws4_request&X-Amz-Date=20260223T001933Z&X-Amz-Expires=604800&X-Amz-Signature=129d4a5906c25f6d0c16d2d2ae4dd64bb034c87b04bfe8af2190131e81be2e0a&X-Amz-SignedHeaders=host&response-content-disposition=attachment%3B%20filename%3D0dfaf4c5-8760-43fe-921f-d824a16da1d4.flac&x-id=GetObject,0.487971187,34113
ConAam-2022-06-04_05-30.WAV,2022 Conaway North A,2022,6,4,5,30,Agelaius tricolor,Simple Call 2,34.10666656,34.50133514,375,21656,24000,present,https://rfcx-streams-production.s3.eu-west-1.amazonaws.com/2022/06/04/82sjidqz9yro/2b0b01fa-7f98-4971-a68f-1499a00229c9.flac?X-Amz-Algorithm=AWS4-HMAC-SHA256&X-Amz-Content-Sha256=UNSIGNED-PAYLOAD&X-Amz-Credential=AKIA45B7YWBX5HAZMGOU%2F20260223%2Feu-west-1%2Fs3%2Faws4_request&X-Amz-Date=20260223T001933Z&X-Amz-Expires=604800&X-Amz-Signature=c2dfd6caefd06559f6dfc89f549a6b1a2d1a18746579075b50bfc3afb113ce6d&X-Amz-SignedHeaders=host&response-content-disposition=attachment%3B%20filename%3D2b0b01fa-7f98-4971-a68f-1499a00229c9.flac&x-id=GetObject,0.477682441,34113
ConAam-2022-06-04_05-40.WAV,2022 Conaway North A,2022,6,4,5,40,Agelaius tricolor,Simple Call 2,20.59199905,20.98666573,375,21656,24000,present,https://rfcx-streams-production.s3.eu-west-1.amazonaws.com/2022/06/04/82sjidqz9yro/eb4ab0b1-110b-4088-8d67-558531f57ad2.flac?X-Amz-Algorithm=AWS4-HMAC-SHA256&X-Amz-Content-Sha256=UNSIGNED-PAYLOAD&X-Amz-Credential=AKIA45B7YWBX5HAZMGOU%2F20260223%2Feu-west-1%2Fs3%2Faws4_request&X-Amz-Date=20260223T001933Z&X-Amz-Expires=604800&X-Amz-Signature=4db33b80ca688e92f6488ace21c5e6e266d873da3625097b7bf22672313373cc&X-Amz-SignedHeaders=host&response-content-disposition=attachment%3B%20filename%3Deb4ab0b1-110b-4088-8d67-558531f57ad2.flac&x-id=GetObject,0.467108488,34113
ConAam-2022-06-04_05-50.WAV,2022 Conaway North A,2022,6,4,5,50,Agelaius tricolor,Simple Call 2,30.65600014,31.05066681,375,21656,24000,present,https://rfcx-streams-production.s3.eu-west-1.amazonaws.com/2022/06/04/82sjidqz9yro/23d4e185-bc64-494e-932f-93a82c54ba9d.flac?X-Amz-Algorithm=AWS4-HMAC-SHA256&X-Amz-Content-Sha256=UNSIGNED-PAYLOAD&X-Amz-Credential=AKIA45B7YWBX5HAZMGOU%2F20260223%2Feu-west-1%2Fs3%2Faws4_request&X-Amz-Date=20260223T001933Z&X-Amz-Expires=604800&X-Amz-Signature=09129eef2d5d89a315cc8e8444c4c813accff427a269d05b3e4a945c742cf9c9&X-Amz-SignedHeaders=host&response-content-disposition=attachment%3B%20filename%3D23d4e185-bc64-494e-932f-93a82c54ba9d.flac&x-id=GetObject,0.401371837,34113
ConAam-2022-06-04_06-00.WAV,2022 Conaway North A,2022,6,4,6,0,Agelaius tricolor,Simple Call 2,43.14666748,43.54133224,375,21656,24000,present,https://rfcx-streams-production.s3.eu-west-1.amazonaws.com/2022/06/04/82sjidqz9yro/c3aaf692-baf6-433c-9367-745ac593081d.flac?X-Amz-Algorithm=AWS4-HMAC-SHA256&X-Amz-Content-Sha256=UNSIGNED-PAYLOAD&X-Amz-Credential=AKIA45B7YWBX5HAZMGOU%2F20260223%2Feu-west-1%2Fs3%2Faws4_request&X-Amz-Date=20260223T001933Z&X-Amz-Expires=604800&X-Amz-Signature=871622664a67499f12507cfa5b43031a82bf9730639f1c1899b0c714a0ab399e&X-Amz-SignedHeaders=host&response-content-disposition=attachment%3B%20filename%3Dc3aaf692-baf6-433c-9367-745ac593081d.flac&x-id=GetObject,0.415270001,34113
ConAam-2022-06-04_06-10.WAV,2022 Conaway North A,2022,6,4,6,10,Agelaius tricolor,Simple Call 2,48.01599884,48.41066742,375,21656,24000,present,https://rfcx-streams-production.s3.eu-west-1.amazonaws.com/2022/06/04/82sjidqz9yro/db7f7ce5-00a4-456a-96a4-448116f13eb7.flac?X-Amz-Algorithm=AWS4-HMAC-SHA256&X-Amz-Content-Sha256=UNSIGNED-PAYLOAD&X-Amz-Credential=AKIA45B7YWBX5HAZMGOU%2F20260223%2Feu-west-1%2Fs3%2Faws4_request&X-Amz-Date=20260223T001933Z&X-Amz-Expires=604800&X-Amz-Signature=79d3e75fecc2dfad89383a7cfdb4cc315b4aeaae0d93646adb1850fd8910bf8f&X-Amz-SignedHeaders=host&response-content-disposition=attachment%3B%20filename%3Ddb7f7ce5-00a4-456a-96a4-448116f13eb7.flac&x-id=GetObject,0.419030339,34113
ConAam-2022-06-04_06-20.WAV,2022 Conaway North A,2022,6,4,6,20,Agelaius tricolor,Simple Call 2,12.54399967,12.93866634,375,21656,24000,present,https://rfcx-streams-production.s3.eu-west-1.amazonaws.com/2022/06/04/82sjidqz9yro/86a23085-de56-4d75-8000-95b7ddefe30c.flac?X-Amz-Algorithm=AWS4-HMAC-SHA256&X-Amz-Content-Sha256=UNSIGNED-PAYLOAD&X-Amz-Credential=AKIA45B7YWBX5HAZMGOU%2F20260223%2Feu-west-1%2Fs3%2Faws4_request&X-Amz-Date=20260223T001933Z&X-Amz-Expires=604800&X-Amz-Signature=612271573ba96257bcf7a8711805bfe3af4adebf0fe2edfe5699abbf80063d55&X-Amz-SignedHeaders=host&response-content-disposition=attachment%3B%20filename%3D86a23085-de56-4d75-8000-95b7ddefe30c.flac&x-id=GetObject,0.470443994,34113
ConAam-2022-06-04_06-30.WAV,2022 Conaway North A,2022,6,4,6,30,Agelaius tricolor,Simple Call 2,31.31733322,31.71199989,375,21656,24000,present,https://rfcx-streams-production.s3.eu-west-1.amazonaws.com/2022/06/04/82sjidqz9yro/74275727-3488-46e9-a724-c7b7e4b14705.flac?X-Amz-Algorithm=AWS4-HMAC-SHA256&X-Amz-Content-Sha256=UNSIGNED-PAYLOAD&X-Amz-Credential=AKIA45B7YWBX5HAZMGOU%2F20260223%2Feu-west-1%2Fs3%2Faws4_request&X-Amz-Date=20260223T001934Z&X-Amz-Expires=604800&X-Amz-Signature=5da27d7dac455f7ee87134fc009473833f5016ec820d5a53e3dd9bee2cd8b07a&X-Amz-SignedHeaders=host&response-content-disposition=attachment%3B%20filename%3D74275727-3488-46e9-a724-c7b7e4b14705.flac&x-id=GetObject,0.403397709,34113
ConAam-2022-06-04_06-40.WAV,2022 Conaway North A,2022,6,4,6,40,Agelaius tricolor,Simple Call 2,56.76266479,57.15733337,375,21656,24000,present,https://rfcx-streams-production.s3.eu-west-1.amazonaws.com/2022/06/04/82sjidqz9yro/58b0de8a-ae9a-4bd3-8a9e-c81d9de0a4ef.flac?X-Amz-Algorithm=AWS4-HMAC-SHA256&X-Amz-Content-Sha256=UNSIGNED-PAYLOAD&X-Amz-Credential=AKIA45B7YWBX5HAZMGOU%2F20260223%2Feu-west-1%2Fs3%2Faws4_request&X-Amz-Date=20260223T001933Z&X-Amz-Expires=604800&X-Amz-Signature=2a1514f8774c35a53b8927640197b287366714ea25f81493749c2c5180878b6b&X-Amz-SignedHeaders=host&response-content-disposition=attachment%3B%20filename%3D58b0de8a-ae9a-4bd3-8a9e-c81d9de0a4ef.flac&x-id=GetObject,0.488760918,34113
ConAam-2022-06-04_06-50.WAV,2022 Conaway North A,2022,6,4,6,50,Agelaius tricolor,Simple Call 2,28.44799995,28.84266663,375,21656,24000,present,https://rfcx-streams-production.s3.eu-west-1.amazonaws.com/2022/06/04/82sjidqz9yro/e62f21da-8b94-438f-9994-ee2c0423fb3d.flac?X-Amz-Algorithm=AWS4-HMAC-SHA256&X-Amz-Content-Sha256=UNSIGNED-PAYLOAD&X-Amz-Credential=AKIA45B7YWBX5HAZMGOU%2F20260223%2Feu-west-1%2Fs3%2Faws4_request&X-Amz-Date=20260223T001933Z&X-Amz-Expires=604800&X-Amz-Signature=b83e32f24d6f20c6a39beaa975faaee3f407a72607815345785ebb2636e5c12e&X-Amz-SignedHeaders=host&response-content-disposition=attachment%3B%20filename%3De62f21da-8b94-438f-9994-ee2c0423fb3d.flac&x-id=GetObject,0.443593889,34113
ConAam-2022-06-04_07-00.WAV,2022 Conaway North A,2022,6,4,7,0,Agelaius tricolor,Simple Call 2,3.983999968,4.378666878,375,21656,24000,present,https://rfcx-streams-production.s3.eu-west-1.amazonaws.com/2022/06/04/82sjidqz9yro/4fc16713-593c-47e5-84e3-2e2b28e23f16.flac?X-Amz-Algorithm=AWS4-HMAC-SHA256&X-Amz-Content-Sha256=UNSIGNED-PAYLOAD&X-Amz-Credential=AKIA45B7YWBX5HAZMGOU%2F20260223%2Feu-west-1%2Fs3%2Faws4_request&X-Amz-Date=20260223T001934Z&X-Amz-Expires=604800&X-Amz-Signature=fbe64ac28c603cd93fd7d19b9af502007f8d23a4778ba473368249f18ce6929b&X-Amz-SignedHeaders=host&response-content-disposition=attachment%3B%20filename%3D4fc16713-593c-47e5-84e3-2e2b28e23f16.flac&x-id=GetObject,0.462150276,34113
ConAam-2022-06-04_07-10.WAV,2022 Conaway North A,2022,6,4,7,10,Agelaius tricolor,Simple Call 2,20.96533394,21.36000061,375,21656,24000,present,https://rfcx-streams-production.s3.eu-west-1.amazonaws.com/2022/06/04/82sjidqz9yro/3b0804d6-5267-442a-8317-617e601b2988.flac?X-Amz-Algorithm=AWS4-HMAC-SHA256&X-Amz-Content-Sha256=UNSIGNED-PAYLOAD&X-Amz-Credential=AKIA45B7YWBX5HAZMGOU%2F20260223%2Feu-west-1%2Fs3%2Faws4_request&X-Amz-Date=20260223T001933Z&X-Amz-Expires=604800&X-Amz-Signature=44ab5587686e2547a215e3c14da716f788896fd55f445506e49961c3ed2f2b80&X-Amz-SignedHeaders=host&response-content-disposition=attachment%3B%20filename%3D3b0804d6-5267-442a-8317-617e601b2988.flac&x-id=GetObject,0.471314281,34113
ConAam-2022-06-04_07-20.WAV,2022 Conaway North A,2022,6,4,7,20,Agelaius tricolor,Simple Call 2,18.56533241,18.95999908,375,21656,24000,present,https://rfcx-streams-production.s3.eu-west-1.amazonaws.com/2022/06/04/82sjidqz9yro/de39d35a-77b8-40aa-9715-4416951b9838.flac?X-Amz-Algorithm=AWS4-HMAC-SHA256&X-Amz-Content-Sha256=UNSIGNED-PAYLOAD&X-Amz-Credential=AKIA45B7YWBX5HAZMGOU%2F20260223%2Feu-west-1%2Fs3%2Faws4_request&X-Amz-Date=20260223T001933Z&X-Amz-Expires=604800&X-Amz-Signature=918eb147e1882a39ef98627292289c53aaa95852b7c7f34ef9dacc8756d513aa&X-Amz-SignedHeaders=host&response-content-disposition=attachment%3B%20filename%3Dde39d35a-77b8-40aa-9715-4416951b9838.flac&x-id=GetObject,0.417484164,34113
ConAam-2022-06-04_07-40.WAV,2022 Conaway North A,2022,6,4,7,40,Agelaius tricolor,Simple Call 2,34.0320015,34.42666626,375,21656,24000,present,https://rfcx-streams-production.s3.eu-west-1.amazonaws.com/2022/06/04/82sjidqz9yro/a66f8177-7690-474f-b288-6c56a4bd939c.flac?X-Amz-Algorithm=AWS4-HMAC-SHA256&X-Amz-Content-Sha256=UNSIGNED-PAYLOAD&X-Amz-Credential=AKIA45B7YWBX5HAZMGOU%2F20260223%2Feu-west-1%2Fs3%2Faws4_request&X-Amz-Date=20260223T001933Z&X-Amz-Expires=604800&X-Amz-Signature=37cbb7510f142afc057089dc7848fa833290d1f72bda027f5096010ac18695e7&X-Amz-SignedHeaders=host&response-content-disposition=attachment%3B%20filename%3Da66f8177-7690-474f-b288-6c56a4bd939c.flac&x-id=GetObject,0.462792188,34113
ConAam-2022-06-04_07-50.WAV,2022 Conaway North A,2022,6,4,7,50,Agelaius tricolor,Simple Call 2,22.36800003,22.7626667,375,21656,24000,present,https://rfcx-streams-production.s3.eu-west-1.amazonaws.com/2022/06/04/82sjidqz9yro/7e6dc576-ab32-46b9-bea9-68c1c8f85346.flac?X-Amz-Algorithm=AWS4-HMAC-SHA256&X-Amz-Content-Sha256=UNSIGNED-PAYLOAD&X-Amz-Credential=AKIA45B7YWBX5HAZMGOU%2F20260223%2Feu-west-1%2Fs3%2Faws4_request&X-Amz-Date=20260223T001933Z&X-Amz-Expires=604800&X-Amz-Signature=075e0e7701ca5b5079e0c97fe5ca25498a3966c809b0b3d67f00672ff668ac73&X-Amz-SignedHeaders=host&response-content-disposition=attachment%3B%20filename%3D7e6dc576-ab32-46b9-bea9-68c1c8f85346.flac&x-id=GetObject,0.434137642,34113
ConAam-2022-06-04_08-20.WAV,2022 Conaway North A,2022,6,4,8,20,Agelaius tricolor,Simple Call 2,4.410666466,4.805333138,375,21656,24000,present,https://rfcx-streams-production.s3.eu-west-1.amazonaws.com/2022/06/04/82sjidqz9yro/8eed034e-4c87-419e-ad01-16f47e97c5a8.flac?X-Amz-Algorithm=AWS4-HMAC-SHA256&X-Amz-Content-Sha256=UNSIGNED-PAYLOAD&X-Amz-Credential=AKIA45B7YWBX5HAZMGOU%2F20260223%2Feu-west-1%2Fs3%2Faws4_request&X-Amz-Date=20260223T001933Z&X-Amz-Expires=604800&X-Amz-Signature=1464f71230a49d7995dc454b56f202e982a4d51469d16d1b25bf9699473b756a&X-Amz-SignedHeaders=host&response-content-disposition=attachment%3B%20filename%3D8eed034e-4c87-419e-ad01-16f47e97c5a8.flac&x-id=GetObject,0.43626219,34113
ConAam-2022-06-04_08-40.WAV,2022 Conaway North A,2022,6,4,8,40,Agelaius tricolor,Simple Call 2,46.20800018,46.60266495,375,21656,24000,present,https://rfcx-streams-production.s3.eu-west-1.amazonaws.com/2022/06/04/82sjidqz9yro/54eb2158-3e3b-4715-aa4f-507ed147826d.flac?X-Amz-Algorithm=AWS4-HMAC-SHA256&X-Amz-Content-Sha256=UNSIGNED-PAYLOAD&X-Amz-Credential=AKIA45B7YWBX5HAZMGOU%2F20260223%2Feu-west-1%2Fs3%2Faws4_request&X-Amz-Date=20260223T001933Z&X-Amz-Expires=604800&X-Amz-Signature=207101547502b815a360129f19479ca00e4dd7b2d0278a9a3318a3ec88c1ede4&X-Amz-SignedHeaders=host&response-content-disposition=attachment%3B%20filename%3D54eb2158-3e3b-4715-aa4f-507ed147826d.flac&x-id=GetObject,0.401414335,34113
ConAam-2022-06-04_09-10.WAV,2022 Conaway North A,2022,6,4,9,10,Agelaius tricolor,Simple Call 2,44.3093338,44.70399857,375,21656,24000,present,https://rfcx-streams-production.s3.eu-west-1.amazonaws.com/2022/06/04/82sjidqz9yro/ba87e4aa-ec9f-4405-9711-7ffabe1e9388.flac?X-Amz-Algorithm=AWS4-HMAC-SHA256&X-Amz-Content-Sha256=UNSIGNED-PAYLOAD&X-Amz-Credential=AKIA45B7YWBX5HAZMGOU%2F20260223%2Feu-west-1%2Fs3%2Faws4_request&X-Amz-Date=20260223T001934Z&X-Amz-Expires=604800&X-Amz-Signature=0e93881d4d1178236e0d475e456b70c3f1696b3f4a5449000c0d6933c54da7d1&X-Amz-SignedHeaders=host&response-content-disposition=attachment%3B%20filename%3Dba87e4aa-ec9f-4405-9711-7ffabe1e9388.flac&x-id=GetObject,0.432008952,34113
ConAam-2022-06-04_10-50.WAV,2022 Conaway North A,2022,6,4,10,50,Agelaius tricolor,Simple Call 2,46.37866592,46.7733345,375,21656,24000,present,https://rfcx-streams-production.s3.eu-west-1.amazonaws.com/2022/06/04/82sjidqz9yro/9e2edb90-80e2-4597-af17-6f4563a81072.flac?X-Amz-Algorithm=AWS4-HMAC-SHA256&X-Amz-Content-Sha256=UNSIGNED-PAYLOAD&X-Amz-Credential=AKIA45B7YWBX5HAZMGOU%2F20260223%2Feu-west-1%2Fs3%2Faws4_request&X-Amz-Date=20260223T001933Z&X-Amz-Expires=604800&X-Amz-Signature=1c05c57ed5e4614d9d0ba0b0678964471456378f351f3560edde5809e53d1e75&X-Amz-SignedHeaders=host&response-content-disposition=attachment%3B%20filename%3D9e2edb90-80e2-4597-af17-6f4563a81072.flac&x-id=GetObject,0.441443473,34113
ConAam-2022-06-04_11-00.WAV,2022 Conaway North A,2022,6,4,11,0,Agelaius tricolor,Simple Call 2,32.05333328,32.44800186,375,21656,24000,present,https://rfcx-streams-production.s3.eu-west-1.amazonaws.com/2022/06/04/82sjidqz9yro/3128b2cb-32dc-4dc0-befd-e80d4d2349b3.flac?X-Amz-Algorithm=AWS4-HMAC-SHA256&X-Amz-Content-Sha256=UNSIGNED-PAYLOAD&X-Amz-Credential=AKIA45B7YWBX5HAZMGOU%2F20260223%2Feu-west-1%2Fs3%2Faws4_request&X-Amz-Date=20260223T001934Z&X-Amz-Expires=604800&X-Amz-Signature=bbd764b0f4e290385b5b554fb757cd47540ced3e1348d9297c8c31a99b16c585&X-Amz-SignedHeaders=host&response-content-disposition=attachment%3B%20filename%3D3128b2cb-32dc-4dc0-befd-e80d4d2349b3.flac&x-id=GetObject,0.447763145,34113
ConAam-2022-06-04_11-10.WAV,2022 Conaway North A,2022,6,4,11,10,Agelaius tricolor,Simple Call 2,39.01866531,39.41333389,375,21656,24000,present,https://rfcx-streams-production.s3.eu-west-1.amazonaws.com/2022/06/04/82sjidqz9yro/f4d5fc59-6796-40e9-b92b-adbda2b40167.flac?X-Amz-Algorithm=AWS4-HMAC-SHA256&X-Amz-Content-Sha256=UNSIGNED-PAYLOAD&X-Amz-Credential=AKIA45B7YWBX5HAZMGOU%2F20260223%2Feu-west-1%2Fs3%2Faws4_request&X-Amz-Date=20260223T001934Z&X-Amz-Expires=604800&X-Amz-Signature=8953515cf15c4c6ec6958134e42af3a2a5c09bfd411f0e3712d99e994b3a7de2&X-Amz-SignedHeaders=host&response-content-disposition=attachment%3B%20filename%3Df4d5fc59-6796-40e9-b92b-adbda2b40167.flac&x-id=GetObject,0.424043834,34113
ConAam-2022-06-04_12-40.WAV,2022 Conaway North A,2022,6,4,12,40,Agelaius tricolor,Simple Call 2,14.67733288,15.07199955,375,21656,24000,present,https://rfcx-streams-production.s3.eu-west-1.amazonaws.com/2022/06/04/82sjidqz9yro/f8f8c9fa-3357-4d7e-9b0b-54bcb6fcb97a.flac?X-Amz-Algorithm=AWS4-HMAC-SHA256&X-Amz-Content-Sha256=UNSIGNED-PAYLOAD&X-Amz-Credential=AKIA45B7YWBX5HAZMGOU%2F20260223%2Feu-west-1%2Fs3%2Faws4_request&X-Amz-Date=20260223T001933Z&X-Amz-Expires=604800&X-Amz-Signature=5a4f8a4ee47fcd8842ccbb855b20c030717eb230ff72ca1048c657c20d7ad759&X-Amz-SignedHeaders=host&response-content-disposition=attachment%3B%20filename%3Df8f8c9fa-3357-4d7e-9b0b-54bcb6fcb97a.flac&x-id=GetObject,0.448237509,34113
ConAam-2022-06-04_12-50.WAV,2022 Conaway North A,2022,6,4,12,50,Agelaius tricolor,Simple Call 2,57.67466736,58.06933212,375,21656,24000,present,https://rfcx-streams-production.s3.eu-west-1.amazonaws.com/2022/06/04/82sjidqz9yro/1f668cd6-e8c4-44f6-be24-778e75875757.flac?X-Amz-Algorithm=AWS4-HMAC-SHA256&X-Amz-Content-Sha256=UNSIGNED-PAYLOAD&X-Amz-Credential=AKIA45B7YWBX5HAZMGOU%2F20260223%2Feu-west-1%2Fs3%2Faws4_request&X-Amz-Date=20260223T001934Z&X-Amz-Expires=604800&X-Amz-Signature=fb4c63b113bae5fea65c18e82328d7d939c8d5d7c83af9bfea07448b3fa5eb5d&X-Amz-SignedHeaders=host&response-content-disposition=attachment%3B%20filename%3D1f668cd6-e8c4-44f6-be24-778e75875757.flac&x-id=GetObject,0.472503006,34113
ConAam-2022-06-04_13-10.WAV,2022 Conaway North A,2022,6,4,13,10,Agelaius tricolor,Simple Call 2,36.95466614,37.34933472,375,21656,24000,present,https://rfcx-streams-production.s3.eu-west-1.amazonaws.com/2022/06/04/82sjidqz9yro/4b77eb9b-4563-4224-9360-9832ad89a54b.flac?X-Amz-Algorithm=AWS4-HMAC-SHA256&X-Amz-Content-Sha256=UNSIGNED-PAYLOAD&X-Amz-Credential=AKIA45B7YWBX5HAZMGOU%2F20260223%2Feu-west-1%2Fs3%2Faws4_request&X-Amz-Date=20260223T001934Z&X-Amz-Expires=604800&X-Amz-Signature=af7a85d142ce2cf4c2e43fb64001c10fbbffe87fe0f3b83925a517e731b088d2&X-Amz-SignedHeaders=host&response-content-disposition=attachment%3B%20filename%3D4b77eb9b-4563-4224-9360-9832ad89a54b.flac&x-id=GetObject,0.427580059,34113
ConAam-2022-06-04_14-00.WAV,2022 Conaway North A,2022,6,4,14,0,Agelaius tricolor,Simple Call 2,6.437333107,6.831999779,375,21656,24000,present,https://rfcx-streams-production.s3.eu-west-1.amazonaws.com/2022/06/04/82sjidqz9yro/9213f708-fdd5-4edf-9829-bf5c190dbbfa.flac?X-Amz-Algorithm=AWS4-HMAC-SHA256&X-Amz-Content-Sha256=UNSIGNED-PAYLOAD&X-Amz-Credential=AKIA45B7YWBX5HAZMGOU%2F20260223%2Feu-west-1%2Fs3%2Faws4_request&X-Amz-Date=20260223T001934Z&X-Amz-Expires=604800&X-Amz-Signature=78426cde9a71a529e905c4201aa00da72174d08dcb1d53dc55819266cce5674b&X-Amz-SignedHeaders=host&response-content-disposition=attachment%3B%20filename%3D9213f708-fdd5-4edf-9829-bf5c190dbbfa.flac&x-id=GetObject,0.446529299,34113
ConAam-2022-06-04_14-20.WAV,2022 Conaway North A,2022,6,4,14,20,Agelaius tricolor,Simple Call 2,37.42933273,37.82400131,375,21656,24000,present,https://rfcx-streams-production.s3.eu-west-1.amazonaws.com/2022/06/04/82sjidqz9yro/5a93a704-12eb-4c09-a59f-5a2f0a4628d6.flac?X-Amz-Algorithm=AWS4-HMAC-SHA256&X-Amz-Content-Sha256=UNSIGNED-PAYLOAD&X-Amz-Credential=AKIA45B7YWBX5HAZMGOU%2F20260223%2Feu-west-1%2Fs3%2Faws4_request&X-Amz-Date=20260223T001934Z&X-Amz-Expires=604800&X-Amz-Signature=b1efcd806b033328578d3e1a3ce780ca88c94d5e932bef2a195fc40a45d11554&X-Amz-SignedHeaders=host&response-content-disposition=attachment%3B%20filename%3D5a93a704-12eb-4c09-a59f-5a2f0a4628d6.flac&x-id=GetObject,0.437459648,34113
ConAam-2022-06-04_15-50.WAV,2022 Conaway North A,2022,6,4,15,50,Agelaius tricolor,Simple Call 2,35.54133224,35.93600082,375,21656,24000,present,https://rfcx-streams-production.s3.eu-west-1.amazonaws.com/2022/06/04/82sjidqz9yro/054b9ee0-6fba-4424-b8e4-25b2a7e2ea4e.flac?X-Amz-Algorithm=AWS4-HMAC-SHA256&X-Amz-Content-Sha256=UNSIGNED-PAYLOAD&X-Amz-Credential=AKIA45B7YWBX5HAZMGOU%2F20260223%2Feu-west-1%2Fs3%2Faws4_request&X-Amz-Date=20260223T001933Z&X-Amz-Expires=604800&X-Amz-Signature=9836872f8803c4fd387a8498de31e081ea7328a2e77777d4af408f55b31746bd&X-Amz-SignedHeaders=host&response-content-disposition=attachment%3B%20filename%3D054b9ee0-6fba-4424-b8e4-25b2a7e2ea4e.flac&x-id=GetObject,0.460314333,34113
ConAam-2022-06-04_16-30.WAV,2022 Conaway North A,2022,6,4,16,30,Agelaius tricolor,Simple Call 2,19.64266586,20.03733253,375,21656,24000,present,https://rfcx-streams-production.s3.eu-west-1.amazonaws.com/2022/06/04/82sjidqz9yro/94235996-8462-487a-ae02-e079dab12de6.flac?X-Amz-Algorithm=AWS4-HMAC-SHA256&X-Amz-Content-Sha256=UNSIGNED-PAYLOAD&X-Amz-Credential=AKIA45B7YWBX5HAZMGOU%2F20260223%2Feu-west-1%2Fs3%2Faws4_request&X-Amz-Date=20260223T001933Z&X-Amz-Expires=604800&X-Amz-Signature=f6498aa813d2c28793e3e0b52af79245ff7611c012a959afba5ef308d5e9e8c6&X-Amz-SignedHeaders=host&response-content-disposition=attachment%3B%20filename%3D94235996-8462-487a-ae02-e079dab12de6.flac&x-id=GetObject,0.466867328,34113
ConAam-2022-06-05_05-30.WAV,2022 Conaway North A,2022,6,5,5,30,Agelaius tricolor,Simple Call 2,28.82133293,29.2159996,375,21656,24000,present,https://rfcx-streams-production.s3.eu-west-1.amazonaws.com/2022/06/05/82sjidqz9yro/5e792044-4130-4655-8c4c-173c5ecec006.flac?X-Amz-Algorithm=AWS4-HMAC-SHA256&X-Amz-Content-Sha256=UNSIGNED-PAYLOAD&X-Amz-Credential=AKIA45B7YWBX5HAZMGOU%2F20260223%2Feu-west-1%2Fs3%2Faws4_request&X-Amz-Date=20260223T001934Z&X-Amz-Expires=604800&X-Amz-Signature=095497ac348fe8b1faabec366bef9b201cc190097297c9f2127d6a6cd962e219&X-Amz-SignedHeaders=host&response-content-disposition=attachment%3B%20filename%3D5e792044-4130-4655-8c4c-173c5ecec006.flac&x-id=GetObject,0.442437559,34113
ConAam-2022-06-05_06-00.WAV,2022 Conaway North A,2022,6,5,6,0,Agelaius tricolor,Simple Call 2,54.23466492,54.6293335,375,21656,24000,present,https://rfcx-streams-production.s3.eu-west-1.amazonaws.com/2022/06/05/82sjidqz9yro/89fae5d5-4482-4936-971e-18a80aa720d5.flac?X-Amz-Algorithm=AWS4-HMAC-SHA256&X-Amz-Content-Sha256=UNSIGNED-PAYLOAD&X-Amz-Credential=AKIA45B7YWBX5HAZMGOU%2F20260223%2Feu-west-1%2Fs3%2Faws4_request&X-Amz-Date=20260223T001934Z&X-Amz-Expires=604800&X-Amz-Signature=4926e0682fdbfea5fab08a74720af8e7219aeddfaba4181779fe4076b05a2abf&X-Amz-SignedHeaders=host&response-content-disposition=attachment%3B%20filename%3D89fae5d5-4482-4936-971e-18a80aa720d5.flac&x-id=GetObject,0.46805492,34113
ConAam-2022-06-05_06-10.WAV,2022 Conaway North A,2022,6,5,6,10,Agelaius tricolor,Simple Call 2,1.237333298,1.631999969,375,21656,24000,present,https://rfcx-streams-production.s3.eu-west-1.amazonaws.com/2022/06/05/82sjidqz9yro/9e995dbe-32ec-4f0c-b36f-742001eedf6c.flac?X-Amz-Algorithm=AWS4-HMAC-SHA256&X-Amz-Content-Sha256=UNSIGNED-PAYLOAD&X-Amz-Credential=AKIA45B7YWBX5HAZMGOU%2F20260223%2Feu-west-1%2Fs3%2Faws4_request&X-Amz-Date=20260223T001934Z&X-Amz-Expires=604800&X-Amz-Signature=ef09e281d8d5ed814e2e098c6cc2dbde35d7aaa64630ab9b8d10f360a7e73acf&X-Amz-SignedHeaders=host&response-content-disposition=attachment%3B%20filename%3D9e995dbe-32ec-4f0c-b36f-742001eedf6c.flac&x-id=GetObject,0.4111996,34113
ConAam-2022-06-05_06-20.WAV,2022 Conaway North A,2022,6,5,6,20,Agelaius tricolor,Simple Call 2,16.74133301,17.13599968,375,21656,24000,present,https://rfcx-streams-production.s3.eu-west-1.amazonaws.com/2022/06/05/82sjidqz9yro/23452db6-4f65-4383-9bb1-6af2fd968c86.flac?X-Amz-Algorithm=AWS4-HMAC-SHA256&X-Amz-Content-Sha256=UNSIGNED-PAYLOAD&X-Amz-Credential=AKIA45B7YWBX5HAZMGOU%2F20260223%2Feu-west-1%2Fs3%2Faws4_request&X-Amz-Date=20260223T001934Z&X-Amz-Expires=604800&X-Amz-Signature=0368249f1e4dfb14257d9583877d0dfb3b2e26d4d0772ac00ab41e3b3ac32dc2&X-Amz-SignedHeaders=host&response-content-disposition=attachment%3B%20filename%3D23452db6-4f65-4383-9bb1-6af2fd968c86.flac&x-id=GetObject,0.416060865,34113
ConAam-2022-06-05_06-40.WAV,2022 Conaway North A,2022,6,5,6,40,Agelaius tricolor,Simple Call 2,4.464000225,4.858666897,375,21656,24000,present,https://rfcx-streams-production.s3.eu-west-1.amazonaws.com/2022/06/05/82sjidqz9yro/feceb6bc-7ed0-4104-a47a-73ba6c435bae.flac?X-Amz-Algorithm=AWS4-HMAC-SHA256&X-Amz-Content-Sha256=UNSIGNED-PAYLOAD&X-Amz-Credential=AKIA45B7YWBX5HAZMGOU%2F20260223%2Feu-west-1%2Fs3%2Faws4_request&X-Amz-Date=20260223T001934Z&X-Amz-Expires=604800&X-Amz-Signature=4ec1e602d9663ace4b72b68476412c2c60ba5da1a58e4e4b3cb935639b598d2c&X-Amz-SignedHeaders=host&response-content-disposition=attachment%3B%20filename%3Dfeceb6bc-7ed0-4104-a47a-73ba6c435bae.flac&x-id=GetObject,0.420820922,34113
ConAam-2022-06-05_07-30.WAV,2022 Conaway North A,2022,6,5,7,30,Agelaius tricolor,Simple Call 2,8.06400013,8.458666801,375,21656,24000,present,https://rfcx-streams-production.s3.eu-west-1.amazonaws.com/2022/06/05/82sjidqz9yro/5a056d78-d4ea-43a5-9b9f-9df10a913c36.flac?X-Amz-Algorithm=AWS4-HMAC-SHA256&X-Amz-Content-Sha256=UNSIGNED-PAYLOAD&X-Amz-Credential=AKIA45B7YWBX5HAZMGOU%2F20260223%2Feu-west-1%2Fs3%2Faws4_request&X-Amz-Date=20260223T001934Z&X-Amz-Expires=604800&X-Amz-Signature=05ac23b53b00aa4aad0520aed8fa3602599cbf674f4872f14aa7ad5163376386&X-Amz-SignedHeaders=host&response-content-disposition=attachment%3B%20filename%3D5a056d78-d4ea-43a5-9b9f-9df10a913c36.flac&x-id=GetObject,0.417352796,34113
ConAam-2022-06-05_08-40.WAV,2022 Conaway North A,2022,6,5,8,40,Agelaius tricolor,Simple Call 2,21.8239994,22.21866608,375,21656,24000,present,https://rfcx-streams-production.s3.eu-west-1.amazonaws.com/2022/06/05/82sjidqz9yro/cfff271d-1496-49d1-8acb-9820453fd40b.flac?X-Amz-Algorithm=AWS4-HMAC-SHA256&X-Amz-Content-Sha256=UNSIGNED-PAYLOAD&X-Amz-Credential=AKIA45B7YWBX5HAZMGOU%2F20260223%2Feu-west-1%2Fs3%2Faws4_request&X-Amz-Date=20260223T001934Z&X-Amz-Expires=604800&X-Amz-Signature=561f308a79b518c9e18a26e4e556fee9a6b4ac954b9f906b9bb8f4c8284b6106&X-Amz-SignedHeaders=host&response-content-disposition=attachment%3B%20filename%3Dcfff271d-1496-49d1-8acb-9820453fd40b.flac&x-id=GetObject,0.543239951,34113
ConAam-2022-06-05_08-50.WAV,2022 Conaway North A,2022,6,5,8,50,Agelaius tricolor,Simple Call 2,37.56266785,37.95733261,375,21656,24000,present,https://rfcx-streams-production.s3.eu-west-1.amazonaws.com/2022/06/05/82sjidqz9yro/6a35fa13-613a-421c-a211-47a8fe6421e2.flac?X-Amz-Algorithm=AWS4-HMAC-SHA256&X-Amz-Content-Sha256=UNSIGNED-PAYLOAD&X-Amz-Credential=AKIA45B7YWBX5HAZMGOU%2F20260223%2Feu-west-1%2Fs3%2Faws4_request&X-Amz-Date=20260223T001934Z&X-Amz-Expires=604800&X-Amz-Signature=5023077a96c258bafdeb1d758a545afb480bc763838ec538bbdaf128d27f4ed0&X-Amz-SignedHeaders=host&response-content-disposition=attachment%3B%20filename%3D6a35fa13-613a-421c-a211-47a8fe6421e2.flac&x-id=GetObject,0.407522351,34113
ConAam-2022-06-05_09-00.WAV,2022 Conaway North A,2022,6,5,9,0,Agelaius tricolor,Simple Call 2,40.72533417,41.11999893,375,21656,24000,present,https://rfcx-streams-production.s3.eu-west-1.amazonaws.com/2022/06/05/82sjidqz9yro/134394a5-107d-49fc-a94c-8fb7cc09167b.flac?X-Amz-Algorithm=AWS4-HMAC-SHA256&X-Amz-Content-Sha256=UNSIGNED-PAYLOAD&X-Amz-Credential=AKIA45B7YWBX5HAZMGOU%2F20260223%2Feu-west-1%2Fs3%2Faws4_request&X-Amz-Date=20260223T001934Z&X-Amz-Expires=604800&X-Amz-Signature=12a03a631ae0669ae0b057fb888b986e14bad98880547a87fba79f67d49e664a&X-Amz-SignedHeaders=host&response-content-disposition=attachment%3B%20filename%3D134394a5-107d-49fc-a94c-8fb7cc09167b.flac&x-id=GetObject,0.414618343,34113
ConAam-2022-06-05_10-30.WAV,2022 Conaway North A,2022,6,5,10,30,Agelaius tricolor,Simple Call 2,25.5466671,25.94133377,375,21656,24000,present,https://rfcx-streams-production.s3.eu-west-1.amazonaws.com/2022/06/05/82sjidqz9yro/ec2f41a9-033e-44fd-917d-ba1d9292da97.flac?X-Amz-Algorithm=AWS4-HMAC-SHA256&X-Amz-Content-Sha256=UNSIGNED-PAYLOAD&X-Amz-Credential=AKIA45B7YWBX5HAZMGOU%2F20260223%2Feu-west-1%2Fs3%2Faws4_request&X-Amz-Date=20260223T001934Z&X-Amz-Expires=604800&X-Amz-Signature=795639a75e4e7c0e9b53d3c10adeb16dc1855fcd49fb6fb16308caa6054de0bd&X-Amz-SignedHeaders=host&response-content-disposition=attachment%3B%20filename%3Dec2f41a9-033e-44fd-917d-ba1d9292da97.flac&x-id=GetObject,0.439887285,34113
ConAam-2022-06-05_10-40.WAV,2022 Conaway North A,2022,6,5,10,40,Agelaius tricolor,Simple Call 2,22.63466644,23.02933311,375,21656,24000,present,https://rfcx-streams-production.s3.eu-west-1.amazonaws.com/2022/06/05/82sjidqz9yro/0eb8b8a8-fd06-439a-ad4b-e3f9ca5bfa4d.flac?X-Amz-Algorithm=AWS4-HMAC-SHA256&X-Amz-Content-Sha256=UNSIGNED-PAYLOAD&X-Amz-Credential=AKIA45B7YWBX5HAZMGOU%2F20260223%2Feu-west-1%2Fs3%2Faws4_request&X-Amz-Date=20260223T001934Z&X-Amz-Expires=604800&X-Amz-Signature=270d300e887e018c7e2884c02735cb89efcf9edb74f7bbcef5059bf599c07bd2&X-Amz-SignedHeaders=host&response-content-disposition=attachment%3B%20filename%3D0eb8b8a8-fd06-439a-ad4b-e3f9ca5bfa4d.flac&x-id=GetObject,0.415998161,34113
ConAam-2022-06-05_11-10.WAV,2022 Conaway North A,2022,6,5,11,10,Agelaius tricolor,Simple Call 2,11.62666702,12.02133369,375,21656,24000,present,https://rfcx-streams-production.s3.eu-west-1.amazonaws.com/2022/06/05/82sjidqz9yro/f7b94f34-c6ef-4368-8426-fa2fa33a6921.flac?X-Amz-Algorithm=AWS4-HMAC-SHA256&X-Amz-Content-Sha256=UNSIGNED-PAYLOAD&X-Amz-Credential=AKIA45B7YWBX5HAZMGOU%2F20260223%2Feu-west-1%2Fs3%2Faws4_request&X-Amz-Date=20260223T001934Z&X-Amz-Expires=604800&X-Amz-Signature=4b803985aac4d6010a437c3ccff966228ffe4c1c861d2ac2245487809bfd5cfb&X-Amz-SignedHeaders=host&response-content-disposition=attachment%3B%20filename%3Df7b94f34-c6ef-4368-8426-fa2fa33a6921.flac&x-id=GetObject,0.459739417,34113
ConAam-2022-06-05_11-40.WAV,2022 Conaway North A,2022,6,5,11,40,Agelaius tricolor,Simple Call 2,33.90933228,34.30400085,375,21656,24000,present,https://rfcx-streams-production.s3.eu-west-1.amazonaws.com/2022/06/05/82sjidqz9yro/569539f2-40ed-49bf-8aef-555b24c6b39f.flac?X-Amz-Algorithm=AWS4-HMAC-SHA256&X-Amz-Content-Sha256=UNSIGNED-PAYLOAD&X-Amz-Credential=AKIA45B7YWBX5HAZMGOU%2F20260223%2Feu-west-1%2Fs3%2Faws4_request&X-Amz-Date=20260223T001934Z&X-Amz-Expires=604800&X-Amz-Signature=ffff58ce0990112f086aa1a7b46e95ce5b38e3db5d18dc048ecaedda0d0fcfb9&X-Amz-SignedHeaders=host&response-content-disposition=attachment%3B%20filename%3D569539f2-40ed-49bf-8aef-555b24c6b39f.flac&x-id=GetObject,0.442449093,34113
ConAam-2022-06-05_12-00.WAV,2022 Conaway North A,2022,6,5,12,0,Agelaius tricolor,Simple Call 2,13.00800037,13.40266705,375,21656,24000,present,https://rfcx-streams-production.s3.eu-west-1.amazonaws.com/2022/06/05/82sjidqz9yro/09b6e3f4-784c-4a37-bad2-f3efcdc97265.flac?X-Amz-Algorithm=AWS4-HMAC-SHA256&X-Amz-Content-Sha256=UNSIGNED-PAYLOAD&X-Amz-Credential=AKIA45B7YWBX5HAZMGOU%2F20260223%2Feu-west-1%2Fs3%2Faws4_request&X-Amz-Date=20260223T001934Z&X-Amz-Expires=604800&X-Amz-Signature=6f5a0f3ce1247ff4485752e943decbe2a4db7bfe3c053cc3451c7206124f7b02&X-Amz-SignedHeaders=host&response-content-disposition=attachment%3B%20filename%3D09b6e3f4-784c-4a37-bad2-f3efcdc97265.flac&x-id=GetObject,0.40864265,34113
ConAam-2022-06-05_12-20.WAV,2022 Conaway North A,2022,6,5,12,20,Agelaius tricolor,Simple Call 2,14.24533367,14.64000034,375,21656,24000,present,https://rfcx-streams-production.s3.eu-west-1.amazonaws.com/2022/06/05/82sjidqz9yro/8e0a0c24-b36b-417b-895e-462d7c049be6.flac?X-Amz-Algorithm=AWS4-HMAC-SHA256&X-Amz-Content-Sha256=UNSIGNED-PAYLOAD&X-Amz-Credential=AKIA45B7YWBX5HAZMGOU%2F20260223%2Feu-west-1%2Fs3%2Faws4_request&X-Amz-Date=20260223T001934Z&X-Amz-Expires=604800&X-Amz-Signature=bd431c0bd29fc44be0f6b4766a6f9c6e3c3bf96c8e78c456d1d94a9acff96c65&X-Amz-SignedHeaders=host&response-content-disposition=attachment%3B%20filename%3D8e0a0c24-b36b-417b-895e-462d7c049be6.flac&x-id=GetObject,0.463521004,34113
ConAam-2022-06-05_12-50.WAV,2022 Conaway North A,2022,6,5,12,50,Agelaius tricolor,Simple Call 2,48.85333252,49.2480011,375,21656,24000,present,https://rfcx-streams-production.s3.eu-west-1.amazonaws.com/2022/06/05/82sjidqz9yro/09071224-e44e-43e2-9aaf-de9642194c3a.flac?X-Amz-Algorithm=AWS4-HMAC-SHA256&X-Amz-Content-Sha256=UNSIGNED-PAYLOAD&X-Amz-Credential=AKIA45B7YWBX5HAZMGOU%2F20260223%2Feu-west-1%2Fs3%2Faws4_request&X-Amz-Date=20260223T001934Z&X-Amz-Expires=604800&X-Amz-Signature=cfabc7c9dcc62da4f1811ebf90514a1a0abc505846c8a10f7fa04a5206086a43&X-Amz-SignedHeaders=host&response-content-disposition=attachment%3B%20filename%3D09071224-e44e-43e2-9aaf-de9642194c3a.flac&x-id=GetObject,0.417158961,34113
ConAam-2022-06-05_13-00.WAV,2022 Conaway North A,2022,6,5,13,0,Agelaius tricolor,Simple Call 2,50.17066574,50.56533432,375,21656,24000,present,https://rfcx-streams-production.s3.eu-west-1.amazonaws.com/2022/06/05/82sjidqz9yro/99fd1731-1f1c-472e-8cca-99453126beb2.flac?X-Amz-Algorithm=AWS4-HMAC-SHA256&X-Amz-Content-Sha256=UNSIGNED-PAYLOAD&X-Amz-Credential=AKIA45B7YWBX5HAZMGOU%2F20260223%2Feu-west-1%2Fs3%2Faws4_request&X-Amz-Date=20260223T001934Z&X-Amz-Expires=604800&X-Amz-Signature=48fd95c961296c0b70d2377ed3b58e666d645092b4b766523b4291281611e6e1&X-Amz-SignedHeaders=host&response-content-disposition=attachment%3B%20filename%3D99fd1731-1f1c-472e-8cca-99453126beb2.flac&x-id=GetObject,0.488369375,34113
ConAam-2022-06-05_13-10.WAV,2022 Conaway North A,2022,6,5,13,10,Agelaius tricolor,Simple Call 2,9.333333015,9.727999687,375,21656,24000,present,https://rfcx-streams-production.s3.eu-west-1.amazonaws.com/2022/06/05/82sjidqz9yro/0b84a3c8-2ee5-4bcd-be8b-451d2290a8bd.flac?X-Amz-Algorithm=AWS4-HMAC-SHA256&X-Amz-Content-Sha256=UNSIGNED-PAYLOAD&X-Amz-Credential=AKIA45B7YWBX5HAZMGOU%2F20260223%2Feu-west-1%2Fs3%2Faws4_request&X-Amz-Date=20260223T001934Z&X-Amz-Expires=604800&X-Amz-Signature=b54579425fe49abce92b50bc56d434ca66213963ec3e93cc2a81377bdbc17d34&X-Amz-SignedHeaders=host&response-content-disposition=attachment%3B%20filename%3D0b84a3c8-2ee5-4bcd-be8b-451d2290a8bd.flac&x-id=GetObject,0.417274505,34113
ConAam-2022-06-05_13-40.WAV,2022 Conaway North A,2022,6,5,13,40,Agelaius tricolor,Simple Call 2,10.58666706,10.98133373,375,21656,24000,present,https://rfcx-streams-production.s3.eu-west-1.amazonaws.com/2022/06/05/82sjidqz9yro/d17529ad-bea9-4a56-bb22-3dc73d70bb26.flac?X-Amz-Algorithm=AWS4-HMAC-SHA256&X-Amz-Content-Sha256=UNSIGNED-PAYLOAD&X-Amz-Credential=AKIA45B7YWBX5HAZMGOU%2F20260223%2Feu-west-1%2Fs3%2Faws4_request&X-Amz-Date=20260223T001934Z&X-Amz-Expires=604800&X-Amz-Signature=ff8083ab466e06f5ca472f04c1c5aaf3c73026c1b1607a9d947bab8005326b81&X-Amz-SignedHeaders=host&response-content-disposition=attachment%3B%20filename%3Dd17529ad-bea9-4a56-bb22-3dc73d70bb26.flac&x-id=GetObject,0.401494086,34113
ConAam-2022-06-05_14-10.WAV,2022 Conaway North A,2022,6,5,14,10,Agelaius tricolor,Simple Call 2,41.77066803,42.16533279,375,21656,24000,present,https://rfcx-streams-production.s3.eu-west-1.amazonaws.com/2022/06/05/82sjidqz9yro/2a649d80-38ba-4bb3-8406-30993a2a523e.flac?X-Amz-Algorithm=AWS4-HMAC-SHA256&X-Amz-Content-Sha256=UNSIGNED-PAYLOAD&X-Amz-Credential=AKIA45B7YWBX5HAZMGOU%2F20260223%2Feu-west-1%2Fs3%2Faws4_request&X-Amz-Date=20260223T001934Z&X-Amz-Expires=604800&X-Amz-Signature=0ad9432c6e1aaf1486b5305bb8b55d368c44bcf3d3e0a2efb176423db620915d&X-Amz-SignedHeaders=host&response-content-disposition=attachment%3B%20filename%3D2a649d80-38ba-4bb3-8406-30993a2a523e.flac&x-id=GetObject,0.461074233,34113
ConAam-2022-06-05_14-40.WAV,2022 Conaway North A,2022,6,5,14,40,Agelaius tricolor,Simple Call 2,27.60533333,28,375,21656,24000,present,https://rfcx-streams-production.s3.eu-west-1.amazonaws.com/2022/06/05/82sjidqz9yro/a6b9de38-3dae-475f-95b4-a68bf2001a2f.flac?X-Amz-Algorithm=AWS4-HMAC-SHA256&X-Amz-Content-Sha256=UNSIGNED-PAYLOAD&X-Amz-Credential=AKIA45B7YWBX5HAZMGOU%2F20260223%2Feu-west-1%2Fs3%2Faws4_request&X-Amz-Date=20260223T001934Z&X-Amz-Expires=604800&X-Amz-Signature=ea102a450a64ac822df46153f3a9e6cd35f7127e3f6be8cdb96415b8d774baf8&X-Amz-SignedHeaders=host&response-content-disposition=attachment%3B%20filename%3Da6b9de38-3dae-475f-95b4-a68bf2001a2f.flac&x-id=GetObject,0.407888591,34113
ConAam-2022-06-05_15-00.WAV,2022 Conaway North A,2022,6,5,15,0,Agelaius tricolor,Simple Call 2,31.80800056,32.20266724,375,21656,24000,present,https://rfcx-streams-production.s3.eu-west-1.amazonaws.com/2022/06/05/82sjidqz9yro/c1763d50-0f79-4e2f-b162-a44b2a124006.flac?X-Amz-Algorithm=AWS4-HMAC-SHA256&X-Amz-Content-Sha256=UNSIGNED-PAYLOAD&X-Amz-Credential=AKIA45B7YWBX5HAZMGOU%2F20260223%2Feu-west-1%2Fs3%2Faws4_request&X-Amz-Date=20260223T001934Z&X-Amz-Expires=604800&X-Amz-Signature=5b97c115555509e753ed4ad73e0d525487101c3659e2ca6e1bced12e16a18b37&X-Amz-SignedHeaders=host&response-content-disposition=attachment%3B%20filename%3Dc1763d50-0f79-4e2f-b162-a44b2a124006.flac&x-id=GetObject,0.473118037,34113
ConAam-2022-06-05_15-50.WAV,2022 Conaway North A,2022,6,5,15,50,Agelaius tricolor,Simple Call 2,19.00266647,19.39733315,375,21656,24000,present,https://rfcx-streams-production.s3.eu-west-1.amazonaws.com/2022/06/05/82sjidqz9yro/f8b44f78-dda1-46a5-be0d-89a9b13843d1.flac?X-Amz-Algorithm=AWS4-HMAC-SHA256&X-Amz-Content-Sha256=UNSIGNED-PAYLOAD&X-Amz-Credential=AKIA45B7YWBX5HAZMGOU%2F20260223%2Feu-west-1%2Fs3%2Faws4_request&X-Amz-Date=20260223T001934Z&X-Amz-Expires=604800&X-Amz-Signature=d0f33c1f988ab31a20b93afa0b10c72efc7351897ab53f46c747d2252553bed5&X-Amz-SignedHeaders=host&response-content-disposition=attachment%3B%20filename%3Df8b44f78-dda1-46a5-be0d-89a9b13843d1.flac&x-id=GetObject,0.413838476,34113
ConAam-2022-06-05_16-20.WAV,2022 Conaway North A,2022,6,5,16,20,Agelaius tricolor,Simple Call 2,52.44800186,52.84266663,375,21656,24000,present,https://rfcx-streams-production.s3.eu-west-1.amazonaws.com/2022/06/05/82sjidqz9yro/f4cb0c5a-97b2-4b58-8e44-b64b54459e6a.flac?X-Amz-Algorithm=AWS4-HMAC-SHA256&X-Amz-Content-Sha256=UNSIGNED-PAYLOAD&X-Amz-Credential=AKIA45B7YWBX5HAZMGOU%2F20260223%2Feu-west-1%2Fs3%2Faws4_request&X-Amz-Date=20260223T001934Z&X-Amz-Expires=604800&X-Amz-Signature=e3bf550424ccb5d18beea323cecbe62cc6f254e85846265d6d67f09a4783b6d6&X-Amz-SignedHeaders=host&response-content-disposition=attachment%3B%20filename%3Df4cb0c5a-97b2-4b58-8e44-b64b54459e6a.flac&x-id=GetObject,0.525386572,34113
ConAam-2022-06-05_16-30.WAV,2022 Conaway North A,2022,6,5,16,30,Agelaius tricolor,Simple Call 2,14.9333334,15.32800007,375,21656,24000,present,https://rfcx-streams-production.s3.eu-west-1.amazonaws.com/2022/06/05/82sjidqz9yro/9a11844e-1e21-439b-ba30-40339102764d.flac?X-Amz-Algorithm=AWS4-HMAC-SHA256&X-Amz-Content-Sha256=UNSIGNED-PAYLOAD&X-Amz-Credential=AKIA45B7YWBX5HAZMGOU%2F20260223%2Feu-west-1%2Fs3%2Faws4_request&X-Amz-Date=20260223T001934Z&X-Amz-Expires=604800&X-Amz-Signature=d5f0126e3ea32f52b72f64b7832d565f434ca6da157de90c09cbc1226f91664f&X-Amz-SignedHeaders=host&response-content-disposition=attachment%3B%20filename%3D9a11844e-1e21-439b-ba30-40339102764d.flac&x-id=GetObject,0.449032068,34113
ConAam-2022-06-05_17-10.WAV,2022 Conaway North A,2022,6,5,17,10,Agelaius tricolor,Simple Call 2,11.86133289,12.25599957,375,21656,24000,present,https://rfcx-streams-production.s3.eu-west-1.amazonaws.com/2022/06/06/82sjidqz9yro/23ade417-b13f-4645-99ed-0553ad8db4e8.flac?X-Amz-Algorithm=AWS4-HMAC-SHA256&X-Amz-Content-Sha256=UNSIGNED-PAYLOAD&X-Amz-Credential=AKIA45B7YWBX5HAZMGOU%2F20260223%2Feu-west-1%2Fs3%2Faws4_request&X-Amz-Date=20260223T001934Z&X-Amz-Expires=604800&X-Amz-Signature=0b3e72612e9016fe3a75b394c2090f8d63b5fe8b91f39d5cbab11ed9d2e84dd1&X-Amz-SignedHeaders=host&response-content-disposition=attachment%3B%20filename%3D23ade417-b13f-4645-99ed-0553ad8db4e8.flac&x-id=GetObject,0.477405131,34113
ConAam-2022-06-05_17-40.WAV,2022 Conaway North A,2022,6,5,17,40,Agelaius tricolor,Simple Call 2,4.426666737,4.821333408,375,21656,24000,present,https://rfcx-streams-production.s3.eu-west-1.amazonaws.com/2022/06/06/82sjidqz9yro/34a164d8-bd5d-4840-9d07-ac6485bbdca5.flac?X-Amz-Algorithm=AWS4-HMAC-SHA256&X-Amz-Content-Sha256=UNSIGNED-PAYLOAD&X-Amz-Credential=AKIA45B7YWBX5HAZMGOU%2F20260223%2Feu-west-1%2Fs3%2Faws4_request&X-Amz-Date=20260223T001934Z&X-Amz-Expires=604800&X-Amz-Signature=1cbf918534fcbded51fad6df3db559acb8e802664d4ce3cea6292fbd167337aa&X-Amz-SignedHeaders=host&response-content-disposition=attachment%3B%20filename%3D34a164d8-bd5d-4840-9d07-ac6485bbdca5.flac&x-id=GetObject,0.471113801,34113
ConAam-2022-06-05_17-50.WAV,2022 Conaway North A,2022,6,5,17,50,Agelaius tricolor,Simple Call 2,20.23466682,20.6293335,375,21656,24000,present,https://rfcx-streams-production.s3.eu-west-1.amazonaws.com/2022/06/06/82sjidqz9yro/76035741-65d2-4974-a84e-e1897bb5c11f.flac?X-Amz-Algorithm=AWS4-HMAC-SHA256&X-Amz-Content-Sha256=UNSIGNED-PAYLOAD&X-Amz-Credential=AKIA45B7YWBX5HAZMGOU%2F20260223%2Feu-west-1%2Fs3%2Faws4_request&X-Amz-Date=20260223T001934Z&X-Amz-Expires=604800&X-Amz-Signature=8ef6ae4a89be5df694e4ac3b20c51b8cfe29bd0370bfd6bd0795ca6bc3321031&X-Amz-SignedHeaders=host&response-content-disposition=attachment%3B%20filename%3D76035741-65d2-4974-a84e-e1897bb5c11f.flac&x-id=GetObject,0.412952334,34113
ConAam-2022-06-05_18-00.WAV,2022 Conaway North A,2022,6,5,18,0,Agelaius tricolor,Simple Call 2,47.39199829,47.78666687,375,21656,24000,present,https://rfcx-streams-production.s3.eu-west-1.amazonaws.com/2022/06/06/82sjidqz9yro/4422323f-138c-4015-9060-a1cb1ef53228.flac?X-Amz-Algorithm=AWS4-HMAC-SHA256&X-Amz-Content-Sha256=UNSIGNED-PAYLOAD&X-Amz-Credential=AKIA45B7YWBX5HAZMGOU%2F20260223%2Feu-west-1%2Fs3%2Faws4_request&X-Amz-Date=20260223T001934Z&X-Amz-Expires=604800&X-Amz-Signature=c9a38ab173627c418e26b6db5a4e4c770f05c60a8d313c325fa0309ad86f3631&X-Amz-SignedHeaders=host&response-content-disposition=attachment%3B%20filename%3D4422323f-138c-4015-9060-a1cb1ef53228.flac&x-id=GetObject,0.451721132,34113
ConAam-2022-06-05_18-20.WAV,2022 Conaway North A,2022,6,5,18,20,Agelaius tricolor,Simple Call 2,0.650666654,1.045333385,375,21656,24000,present,https://rfcx-streams-production.s3.eu-west-1.amazonaws.com/2022/06/06/82sjidqz9yro/55500a75-ad1a-45b1-91c0-1cc65a6850d8.flac?X-Amz-Algorithm=AWS4-HMAC-SHA256&X-Amz-Content-Sha256=UNSIGNED-PAYLOAD&X-Amz-Credential=AKIA45B7YWBX5HAZMGOU%2F20260223%2Feu-west-1%2Fs3%2Faws4_request&X-Amz-Date=20260223T001934Z&X-Amz-Expires=604800&X-Amz-Signature=fb954ce14d866a601f075cedc98fdd5005b5e1a551054faa0cb0f4a7a4f70fb4&X-Amz-SignedHeaders=host&response-content-disposition=attachment%3B%20filename%3D55500a75-ad1a-45b1-91c0-1cc65a6850d8.flac&x-id=GetObject,0.404653579,34113
ConAam-2022-06-05_18-50.WAV,2022 Conaway North A,2022,6,5,18,50,Agelaius tricolor,Simple Call 2,24.59733391,24.99200058,375,21656,24000,present,https://rfcx-streams-production.s3.eu-west-1.amazonaws.com/2022/06/06/82sjidqz9yro/9ff21ba8-3477-4276-a1db-4202a1b57df7.flac?X-Amz-Algorithm=AWS4-HMAC-SHA256&X-Amz-Content-Sha256=UNSIGNED-PAYLOAD&X-Amz-Credential=AKIA45B7YWBX5HAZMGOU%2F20260223%2Feu-west-1%2Fs3%2Faws4_request&X-Amz-Date=20260223T001934Z&X-Amz-Expires=604800&X-Amz-Signature=3b3ceff9b8f4144a30060d835358145d3de0df5aeb2b2ee1a37e85d7b5839971&X-Amz-SignedHeaders=host&response-content-disposition=attachment%3B%20filename%3D9ff21ba8-3477-4276-a1db-4202a1b57df7.flac&x-id=GetObject,0.412100077,34113
ConAam-2022-06-05_19-00.WAV,2022 Conaway North A,2022,6,5,19,0,Agelaius tricolor,Simple Call 2,3.967999935,4.362666607,375,21656,24000,present,https://rfcx-streams-production.s3.eu-west-1.amazonaws.com/2022/06/06/82sjidqz9yro/0dd05ca3-7bf1-49ba-8e02-99c2602774ff.flac?X-Amz-Algorithm=AWS4-HMAC-SHA256&X-Amz-Content-Sha256=UNSIGNED-PAYLOAD&X-Amz-Credential=AKIA45B7YWBX5HAZMGOU%2F20260223%2Feu-west-1%2Fs3%2Faws4_request&X-Amz-Date=20260223T001934Z&X-Amz-Expires=604800&X-Amz-Signature=17aeaa96be129bfe56dd6c6a51a2d20cac31762741f3b6c62d7c7149ae5b5650&X-Amz-SignedHeaders=host&response-content-disposition=attachment%3B%20filename%3D0dd05ca3-7bf1-49ba-8e02-99c2602774ff.flac&x-id=GetObject,0.40883854,34113
ConAam-2022-06-05_19-30.WAV,2022 Conaway North A,2022,6,5,19,30,Agelaius tricolor,Simple Call 2,25.89866638,26.29333305,375,21656,24000,present,https://rfcx-streams-production.s3.eu-west-1.amazonaws.com/2022/06/06/82sjidqz9yro/f54c5a15-b536-4e67-be6b-f88dcd5a48d3.flac?X-Amz-Algorithm=AWS4-HMAC-SHA256&X-Amz-Content-Sha256=UNSIGNED-PAYLOAD&X-Amz-Credential=AKIA45B7YWBX5HAZMGOU%2F20260223%2Feu-west-1%2Fs3%2Faws4_request&X-Amz-Date=20260223T001934Z&X-Amz-Expires=604800&X-Amz-Signature=6dcaa26dce8d8c26cc91ef05ea61c34543d1d88a3a2fdb544403f4fd42a51eb5&X-Amz-SignedHeaders=host&response-content-disposition=attachment%3B%20filename%3Df54c5a15-b536-4e67-be6b-f88dcd5a48d3.flac&x-id=GetObject,0.517549336,34113
ConAam-2022-06-05_19-40.WAV,2022 Conaway North A,2022,6,5,19,40,Agelaius tricolor,Simple Call 2,32.13866806,32.53333282,375,21656,24000,present,https://rfcx-streams-production.s3.eu-west-1.amazonaws.com/2022/06/06/82sjidqz9yro/202e8318-a540-4a06-92a7-6558d8473b09.flac?X-Amz-Algorithm=AWS4-HMAC-SHA256&X-Amz-Content-Sha256=UNSIGNED-PAYLOAD&X-Amz-Credential=AKIA45B7YWBX5HAZMGOU%2F20260223%2Feu-west-1%2Fs3%2Faws4_request&X-Amz-Date=20260223T001934Z&X-Amz-Expires=604800&X-Amz-Signature=cce3b5bc2223ed6b89ecb22827327712c776a4c5c013af3974ff90a7413d8645&X-Amz-SignedHeaders=host&response-content-disposition=attachment%3B%20filename%3D202e8318-a540-4a06-92a7-6558d8473b09.flac&x-id=GetObject,0.497484237,34113
ConAam-2022-06-05_19-50.WAV,2022 Conaway North A,2022,6,5,19,50,Agelaius tricolor,Simple Call 2,0.026666667,0.421333343,375,21656,24000,present,https://rfcx-streams-production.s3.eu-west-1.amazonaws.com/2022/06/06/82sjidqz9yro/d1ce61cc-7485-4b1d-8c0d-b4080b1749c0.flac?X-Amz-Algorithm=AWS4-HMAC-SHA256&X-Amz-Content-Sha256=UNSIGNED-PAYLOAD&X-Amz-Credential=AKIA45B7YWBX5HAZMGOU%2F20260223%2Feu-west-1%2Fs3%2Faws4_request&X-Amz-Date=20260223T001934Z&X-Amz-Expires=604800&X-Amz-Signature=d7d4a2f44a45566feb8865abc0baf473cddcec0f29283f83ebb6dc2f614a4c53&X-Amz-SignedHeaders=host&response-content-disposition=attachment%3B%20filename%3Dd1ce61cc-7485-4b1d-8c0d-b4080b1749c0.flac&x-id=GetObject,0.463287354,34113
ConAam-2022-06-05_20-00.WAV,2022 Conaway North A,2022,6,5,20,0,Agelaius tricolor,Simple Call 2,49.48266602,49.87733459,375,21656,24000,present,https://rfcx-streams-production.s3.eu-west-1.amazonaws.com/2022/06/06/82sjidqz9yro/0f01d867-b698-403b-af71-9589ac5630c7.flac?X-Amz-Algorithm=AWS4-HMAC-SHA256&X-Amz-Content-Sha256=UNSIGNED-PAYLOAD&X-Amz-Credential=AKIA45B7YWBX5HAZMGOU%2F20260223%2Feu-west-1%2Fs3%2Faws4_request&X-Amz-Date=20260223T001934Z&X-Amz-Expires=604800&X-Amz-Signature=ce571c29c6729030759394fec3e39db381194221f80f761f59dff2f37ac33b72&X-Amz-SignedHeaders=host&response-content-disposition=attachment%3B%20filename%3D0f01d867-b698-403b-af71-9589ac5630c7.flac&x-id=GetObject,0.411257207,34113
ConAam-2022-06-05_20-10.WAV,2022 Conaway North A,2022,6,5,20,10,Agelaius tricolor,Simple Call 2,48.46933365,48.86399841,375,21656,24000,present,https://rfcx-streams-production.s3.eu-west-1.amazonaws.com/2022/06/06/82sjidqz9yro/6c8c1c29-666f-48f1-9534-474dc79d0504.flac?X-Amz-Algorithm=AWS4-HMAC-SHA256&X-Amz-Content-Sha256=UNSIGNED-PAYLOAD&X-Amz-Credential=AKIA45B7YWBX5HAZMGOU%2F20260223%2Feu-west-1%2Fs3%2Faws4_request&X-Amz-Date=20260223T001934Z&X-Amz-Expires=604800&X-Amz-Signature=2b4446340cfd46cdd03e790fd1ce5513658f1e581998a706874445743046fa93&X-Amz-SignedHeaders=host&response-content-disposition=attachment%3B%20filename%3D6c8c1c29-666f-48f1-9534-474dc79d0504.flac&x-id=GetObject,0.458126605,34113
ConAam-2022-06-06_05-50.WAV,2022 Conaway North A,2022,6,6,5,50,Agelaius tricolor,Simple Call 2,57.64266586,58.03733444,375,21656,24000,present,https://rfcx-streams-production.s3.eu-west-1.amazonaws.com/2022/06/06/82sjidqz9yro/a70fcd33-5d5f-4356-996d-859dd72f6ca7.flac?X-Amz-Algorithm=AWS4-HMAC-SHA256&X-Amz-Content-Sha256=UNSIGNED-PAYLOAD&X-Amz-Credential=AKIA45B7YWBX5HAZMGOU%2F20260223%2Feu-west-1%2Fs3%2Faws4_request&X-Amz-Date=20260223T001934Z&X-Amz-Expires=604800&X-Amz-Signature=04cc3b098fbd6a4851301afd41b38ed65925d12e84cb5dd6c5e136fade97246e&X-Amz-SignedHeaders=host&response-content-disposition=attachment%3B%20filename%3Da70fcd33-5d5f-4356-996d-859dd72f6ca7.flac&x-id=GetObject,0.407836437,34113
ConAam-2022-06-06_06-10.WAV,2022 Conaway North A,2022,6,6,6,10,Agelaius tricolor,Simple Call 2,3.039999962,3.434666634,375,21656,24000,present,https://rfcx-streams-production.s3.eu-west-1.amazonaws.com/2022/06/06/82sjidqz9yro/37bcf1e8-273e-4e20-bb62-85e08647743a.flac?X-Amz-Algorithm=AWS4-HMAC-SHA256&X-Amz-Content-Sha256=UNSIGNED-PAYLOAD&X-Amz-Credential=AKIA45B7YWBX5HAZMGOU%2F20260223%2Feu-west-1%2Fs3%2Faws4_request&X-Amz-Date=20260223T001934Z&X-Amz-Expires=604800&X-Amz-Signature=3afa5e0d3eb21ad388c36fb3e6d2497b0d0a1481736f44afbf55d377a75f73a1&X-Amz-SignedHeaders=host&response-content-disposition=attachment%3B%20filename%3D37bcf1e8-273e-4e20-bb62-85e08647743a.flac&x-id=GetObject,0.427717119,34113
ConAam-2022-06-06_06-40.WAV,2022 Conaway North A,2022,6,6,6,40,Agelaius tricolor,Simple Call 2,22.83733368,23.23200035,375,21656,24000,present,https://rfcx-streams-production.s3.eu-west-1.amazonaws.com/2022/06/06/82sjidqz9yro/6dc26687-ed7d-46ef-a8df-8a7a26802646.flac?X-Amz-Algorithm=AWS4-HMAC-SHA256&X-Amz-Content-Sha256=UNSIGNED-PAYLOAD&X-Amz-Credential=AKIA45B7YWBX5HAZMGOU%2F20260223%2Feu-west-1%2Fs3%2Faws4_request&X-Amz-Date=20260223T001934Z&X-Amz-Expires=604800&X-Amz-Signature=66819d8df9b7d06fc5e8cdec987632081adfd31bef3d33010b89a7f37af7bb5a&X-Amz-SignedHeaders=host&response-content-disposition=attachment%3B%20filename%3D6dc26687-ed7d-46ef-a8df-8a7a26802646.flac&x-id=GetObject,0.453103185,34113
ConAam-2022-06-06_06-50.WAV,2022 Conaway North A,2022,6,6,6,50,Agelaius tricolor,Simple Call 2,0.021333333,0.416000009,375,21656,24000,present,https://rfcx-streams-production.s3.eu-west-1.amazonaws.com/2022/06/06/82sjidqz9yro/565ae9dd-4069-4f58-9ce5-825c16fb5de1.flac?X-Amz-Algorithm=AWS4-HMAC-SHA256&X-Amz-Content-Sha256=UNSIGNED-PAYLOAD&X-Amz-Credential=AKIA45B7YWBX5HAZMGOU%2F20260223%2Feu-west-1%2Fs3%2Faws4_request&X-Amz-Date=20260223T001934Z&X-Amz-Expires=604800&X-Amz-Signature=1ddd246f5eaf1aeac34f6faf53e7423026f3b5bfb7c47fab8b364cea23f4ac8f&X-Amz-SignedHeaders=host&response-content-disposition=attachment%3B%20filename%3D565ae9dd-4069-4f58-9ce5-825c16fb5de1.flac&x-id=GetObject,0.424304992,34113
ConAam-2022-06-06_07-20.WAV,2022 Conaway North A,2022,6,6,7,20,Agelaius tricolor,Simple Call 2,46.38933182,46.7840004,375,21656,24000,present,https://rfcx-streams-production.s3.eu-west-1.amazonaws.com/2022/06/06/82sjidqz9yro/dddc8e90-2d9f-44da-a6ad-3a0761055134.flac?X-Amz-Algorithm=AWS4-HMAC-SHA256&X-Amz-Content-Sha256=UNSIGNED-PAYLOAD&X-Amz-Credential=AKIA45B7YWBX5HAZMGOU%2F20260223%2Feu-west-1%2Fs3%2Faws4_request&X-Amz-Date=20260223T001934Z&X-Amz-Expires=604800&X-Amz-Signature=bf6de1da119a148f0e0a93e1f9d2e9890135a4bf237e26627d45f6d14f578f5d&X-Amz-SignedHeaders=host&response-content-disposition=attachment%3B%20filename%3Ddddc8e90-2d9f-44da-a6ad-3a0761055134.flac&x-id=GetObject,0.418399125,34113
ConAam-2022-06-06_08-00.WAV,2022 Conaway North A,2022,6,6,8,0,Agelaius tricolor,Simple Call 2,17.58399963,17.97866631,375,21656,24000,present,https://rfcx-streams-production.s3.eu-west-1.amazonaws.com/2022/06/06/82sjidqz9yro/6d1342ac-6aaa-48a1-ae6e-d6cc6f901c59.flac?X-Amz-Algorithm=AWS4-HMAC-SHA256&X-Amz-Content-Sha256=UNSIGNED-PAYLOAD&X-Amz-Credential=AKIA45B7YWBX5HAZMGOU%2F20260223%2Feu-west-1%2Fs3%2Faws4_request&X-Amz-Date=20260223T001934Z&X-Amz-Expires=604800&X-Amz-Signature=581702bcba7c2dfcc1b6cd839176b85d9f4c54ce909f3485df8f53e59ebdb155&X-Amz-SignedHeaders=host&response-content-disposition=attachment%3B%20filename%3D6d1342ac-6aaa-48a1-ae6e-d6cc6f901c59.flac&x-id=GetObject,0.445512205,34113
ConAam-2022-06-06_08-10.WAV,2022 Conaway North A,2022,6,6,8,10,Agelaius tricolor,Simple Call 2,27.10400009,27.49866676,375,21656,24000,present,https://rfcx-streams-production.s3.eu-west-1.amazonaws.com/2022/06/06/82sjidqz9yro/7e0a6f5f-a436-4bb9-b9cf-d3ce084a7785.flac?X-Amz-Algorithm=AWS4-HMAC-SHA256&X-Amz-Content-Sha256=UNSIGNED-PAYLOAD&X-Amz-Credential=AKIA45B7YWBX5HAZMGOU%2F20260223%2Feu-west-1%2Fs3%2Faws4_request&X-Amz-Date=20260223T001934Z&X-Amz-Expires=604800&X-Amz-Signature=7ecdc0cd4e66e168038db316d68a998973221bae714455a7d67a478387a93306&X-Amz-SignedHeaders=host&response-content-disposition=attachment%3B%20filename%3D7e0a6f5f-a436-4bb9-b9cf-d3ce084a7785.flac&x-id=GetObject,0.445021212,34113
ConAam-2022-06-06_08-20.WAV,2022 Conaway North A,2022,6,6,8,20,Agelaius tricolor,Simple Call 2,18.18666649,18.58133316,375,21656,24000,present,https://rfcx-streams-production.s3.eu-west-1.amazonaws.com/2022/06/06/82sjidqz9yro/bb59bb3a-8440-42fb-81ed-91414a00667c.flac?X-Amz-Algorithm=AWS4-HMAC-SHA256&X-Amz-Content-Sha256=UNSIGNED-PAYLOAD&X-Amz-Credential=AKIA45B7YWBX5HAZMGOU%2F20260223%2Feu-west-1%2Fs3%2Faws4_request&X-Amz-Date=20260223T001934Z&X-Amz-Expires=604800&X-Amz-Signature=06de9a7d755c66883c4bb97712d9fe9ffa634259d82c81f5d71723d819d59cd2&X-Amz-SignedHeaders=host&response-content-disposition=attachment%3B%20filename%3Dbb59bb3a-8440-42fb-81ed-91414a00667c.flac&x-id=GetObject,0.420703113,34113
ConAam-2022-06-06_08-30.WAV,2022 Conaway North A,2022,6,6,8,30,Agelaius tricolor,Simple Call 2,33.02933502,33.42399979,375,21656,24000,present,https://rfcx-streams-production.s3.eu-west-1.amazonaws.com/2022/06/06/82sjidqz9yro/7f7650e8-4d39-4fc6-b3a1-9ef6e8179fb4.flac?X-Amz-Algorithm=AWS4-HMAC-SHA256&X-Amz-Content-Sha256=UNSIGNED-PAYLOAD&X-Amz-Credential=AKIA45B7YWBX5HAZMGOU%2F20260223%2Feu-west-1%2Fs3%2Faws4_request&X-Amz-Date=20260223T001934Z&X-Amz-Expires=604800&X-Amz-Signature=2c41f7a15fa33d614ca510ef0d9b7387784d644fcd693be2ae7f2aa6d8c31b97&X-Amz-SignedHeaders=host&response-content-disposition=attachment%3B%20filename%3D7f7650e8-4d39-4fc6-b3a1-9ef6e8179fb4.flac&x-id=GetObject,0.420955032,34113
ConAam-2022-06-06_09-00.WAV,2022 Conaway North A,2022,6,6,9,0,Agelaius tricolor,Simple Call 2,18.96533394,19.36000061,375,21656,24000,present,https://rfcx-streams-production.s3.eu-west-1.amazonaws.com/2022/06/06/82sjidqz9yro/759d9eaf-a042-447c-899f-d84cd327d135.flac?X-Amz-Algorithm=AWS4-HMAC-SHA256&X-Amz-Content-Sha256=UNSIGNED-PAYLOAD&X-Amz-Credential=AKIA45B7YWBX5HAZMGOU%2F20260223%2Feu-west-1%2Fs3%2Faws4_request&X-Amz-Date=20260223T001934Z&X-Amz-Expires=604800&X-Amz-Signature=88d764f984c2cf8e1966df11534a9462084697094f83470c32299de2d06b99d1&X-Amz-SignedHeaders=host&response-content-disposition=attachment%3B%20filename%3D759d9eaf-a042-447c-899f-d84cd327d135.flac&x-id=GetObject,0.440385878,34113
ConAam-2022-06-06_09-30.WAV,2022 Conaway North A,2022,6,6,9,30,Agelaius tricolor,Simple Call 2,29.57333374,29.96800041,375,21656,24000,present,https://rfcx-streams-production.s3.eu-west-1.amazonaws.com/2022/06/06/82sjidqz9yro/a11a7a4c-f0ac-4384-806f-672cc7e2afe0.flac?X-Amz-Algorithm=AWS4-HMAC-SHA256&X-Amz-Content-Sha256=UNSIGNED-PAYLOAD&X-Amz-Credential=AKIA45B7YWBX5HAZMGOU%2F20260223%2Feu-west-1%2Fs3%2Faws4_request&X-Amz-Date=20260223T001934Z&X-Amz-Expires=604800&X-Amz-Signature=79296285b0d1c306c67efb42b4c5d9e94dd013d95b6ef860159590974934695a&X-Amz-SignedHeaders=host&response-content-disposition=attachment%3B%20filename%3Da11a7a4c-f0ac-4384-806f-672cc7e2afe0.flac&x-id=GetObject,0.40339765,34113
ConAam-2022-06-06_10-00.WAV,2022 Conaway North A,2022,6,6,10,0,Agelaius tricolor,Simple Call 2,57.82933426,58.22399902,375,21656,24000,present,https://rfcx-streams-production.s3.eu-west-1.amazonaws.com/2022/06/06/82sjidqz9yro/3a9f7a9d-243f-4bc1-8b33-edee683c9f9e.flac?X-Amz-Algorithm=AWS4-HMAC-SHA256&X-Amz-Content-Sha256=UNSIGNED-PAYLOAD&X-Amz-Credential=AKIA45B7YWBX5HAZMGOU%2F20260223%2Feu-west-1%2Fs3%2Faws4_request&X-Amz-Date=20260223T001934Z&X-Amz-Expires=604800&X-Amz-Signature=625a03692f22dad70427844e74cb492aa1ee61498e6b04b90a84a53116f8c5e4&X-Amz-SignedHeaders=host&response-content-disposition=attachment%3B%20filename%3D3a9f7a9d-243f-4bc1-8b33-edee683c9f9e.flac&x-id=GetObject,0.41811648,34113
ConAam-2022-06-06_10-20.WAV,2022 Conaway North A,2022,6,6,10,20,Agelaius tricolor,Simple Call 2,5.258666515,5.653333187,375,21656,24000,present,https://rfcx-streams-production.s3.eu-west-1.amazonaws.com/2022/06/06/82sjidqz9yro/2efb4821-aa63-41f0-8aaf-1cc067d9c6de.flac?X-Amz-Algorithm=AWS4-HMAC-SHA256&X-Amz-Content-Sha256=UNSIGNED-PAYLOAD&X-Amz-Credential=AKIA45B7YWBX5HAZMGOU%2F20260223%2Feu-west-1%2Fs3%2Faws4_request&X-Amz-Date=20260223T001934Z&X-Amz-Expires=604800&X-Amz-Signature=7833c81d4791a7a101c670ec65cd0ada1fff886fb9c2944f4c4a79db43b6c5ec&X-Amz-SignedHeaders=host&response-content-disposition=attachment%3B%20filename%3D2efb4821-aa63-41f0-8aaf-1cc067d9c6de.flac&x-id=GetObject,0.401136726,34113
ConAam-2022-06-06_11-00.WAV,2022 Conaway North A,2022,6,6,11,0,Agelaius tricolor,Simple Call 2,32.53866577,32.93333435,375,21656,24000,present,https://rfcx-streams-production.s3.eu-west-1.amazonaws.com/2022/06/06/82sjidqz9yro/f42228a2-5f8b-4264-aee5-f5581d539495.flac?X-Amz-Algorithm=AWS4-HMAC-SHA256&X-Amz-Content-Sha256=UNSIGNED-PAYLOAD&X-Amz-Credential=AKIA45B7YWBX5HAZMGOU%2F20260223%2Feu-west-1%2Fs3%2Faws4_request&X-Amz-Date=20260223T001934Z&X-Amz-Expires=604800&X-Amz-Signature=40bec7be81eb5f261b78a31663509f97452c75499d35707c8439088cbd63bc44&X-Amz-SignedHeaders=host&response-content-disposition=attachment%3B%20filename%3Df42228a2-5f8b-4264-aee5-f5581d539495.flac&x-id=GetObject,0.456627548,34113
ConAam-2022-06-06_11-10.WAV,2022 Conaway North A,2022,6,6,11,10,Agelaius tricolor,Simple Call 2,10.86400032,11.25866699,375,21656,24000,present,https://rfcx-streams-production.s3.eu-west-1.amazonaws.com/2022/06/06/82sjidqz9yro/bf2eefb7-8c71-4a84-902b-4ee5aa6d81b3.flac?X-Amz-Algorithm=AWS4-HMAC-SHA256&X-Amz-Content-Sha256=UNSIGNED-PAYLOAD&X-Amz-Credential=AKIA45B7YWBX5HAZMGOU%2F20260223%2Feu-west-1%2Fs3%2Faws4_request&X-Amz-Date=20260223T001934Z&X-Amz-Expires=604800&X-Amz-Signature=bcf68f71eae703b640fa776087a9eb0d5615301c72263d22609ce63202087626&X-Amz-SignedHeaders=host&response-content-disposition=attachment%3B%20filename%3Dbf2eefb7-8c71-4a84-902b-4ee5aa6d81b3.flac&x-id=GetObject,0.459841281,34113
ConAam-2022-06-06_11-30.WAV,2022 Conaway North A,2022,6,6,11,30,Agelaius tricolor,Simple Call 2,44.68266678,45.07733154,375,21656,24000,present,https://rfcx-streams-production.s3.eu-west-1.amazonaws.com/2022/06/06/82sjidqz9yro/1a43b133-70fe-4e5d-9d39-ba7727188ab9.flac?X-Amz-Algorithm=AWS4-HMAC-SHA256&X-Amz-Content-Sha256=UNSIGNED-PAYLOAD&X-Amz-Credential=AKIA45B7YWBX5HAZMGOU%2F20260223%2Feu-west-1%2Fs3%2Faws4_request&X-Amz-Date=20260223T001934Z&X-Amz-Expires=604800&X-Amz-Signature=74c13e42ce8a625c60337ea6fb59c53752ce713c0d5f780abcc7c0a0a4c39fc3&X-Amz-SignedHeaders=host&response-content-disposition=attachment%3B%20filename%3D1a43b133-70fe-4e5d-9d39-ba7727188ab9.flac&x-id=GetObject,0.43663767,34113
ConAam-2022-06-06_11-40.WAV,2022 Conaway North A,2022,6,6,11,40,Agelaius tricolor,Simple Call 2,58.53866577,58.93333435,375,21656,24000,present,https://rfcx-streams-production.s3.eu-west-1.amazonaws.com/2022/06/06/82sjidqz9yro/09f4e15a-03c4-47e4-be26-f31bc80888c3.flac?X-Amz-Algorithm=AWS4-HMAC-SHA256&X-Amz-Content-Sha256=UNSIGNED-PAYLOAD&X-Amz-Credential=AKIA45B7YWBX5HAZMGOU%2F20260223%2Feu-west-1%2Fs3%2Faws4_request&X-Amz-Date=20260223T001934Z&X-Amz-Expires=604800&X-Amz-Signature=96bfe9085ba0298dfe2494968b32c9a32739e3794ae8137c4f87874984629191&X-Amz-SignedHeaders=host&response-content-disposition=attachment%3B%20filename%3D09f4e15a-03c4-47e4-be26-f31bc80888c3.flac&x-id=GetObject,0.425438404,34113
ConAam-2022-06-06_11-50.WAV,2022 Conaway North A,2022,6,6,11,50,Agelaius tricolor,Simple Call 2,21.10400009,21.49866676,375,21656,24000,present,https://rfcx-streams-production.s3.eu-west-1.amazonaws.com/2022/06/06/82sjidqz9yro/245116d6-dc85-4ca4-ad01-9a87f57a882a.flac?X-Amz-Algorithm=AWS4-HMAC-SHA256&X-Amz-Content-Sha256=UNSIGNED-PAYLOAD&X-Amz-Credential=AKIA45B7YWBX5HAZMGOU%2F20260223%2Feu-west-1%2Fs3%2Faws4_request&X-Amz-Date=20260223T001934Z&X-Amz-Expires=604800&X-Amz-Signature=be9cc1fdef61c911466f95a76961f1e98a2952e87d246cba881310288ee0409a&X-Amz-SignedHeaders=host&response-content-disposition=attachment%3B%20filename%3D245116d6-dc85-4ca4-ad01-9a87f57a882a.flac&x-id=GetObject,0.436618716,34113
ConAam-2022-06-06_12-00.WAV,2022 Conaway North A,2022,6,6,12,0,Agelaius tricolor,Simple Call 2,25.54133415,25.93600082,375,21656,24000,present,https://rfcx-streams-production.s3.eu-west-1.amazonaws.com/2022/06/06/82sjidqz9yro/d4f26dae-4ebc-4625-858c-813b5ff7dcfd.flac?X-Amz-Algorithm=AWS4-HMAC-SHA256&X-Amz-Content-Sha256=UNSIGNED-PAYLOAD&X-Amz-Credential=AKIA45B7YWBX5HAZMGOU%2F20260223%2Feu-west-1%2Fs3%2Faws4_request&X-Amz-Date=20260223T001934Z&X-Amz-Expires=604800&X-Amz-Signature=49cb2227ea9d2c837e6019e670099bc92a4b4c5017c4a3a68c48e3fc1dafa0f9&X-Amz-SignedHeaders=host&response-content-disposition=attachment%3B%20filename%3Dd4f26dae-4ebc-4625-858c-813b5ff7dcfd.flac&x-id=GetObject,0.436093569,34113
ConAam-2022-06-06_12-10.WAV,2022 Conaway North A,2022,6,6,12,10,Agelaius tricolor,Simple Call 2,32.40533447,32.79999924,375,21656,24000,present,https://rfcx-streams-production.s3.eu-west-1.amazonaws.com/2022/06/06/82sjidqz9yro/586c20ce-ab10-4400-82b3-d60e0a20b5f1.flac?X-Amz-Algorithm=AWS4-HMAC-SHA256&X-Amz-Content-Sha256=UNSIGNED-PAYLOAD&X-Amz-Credential=AKIA45B7YWBX5HAZMGOU%2F20260223%2Feu-west-1%2Fs3%2Faws4_request&X-Amz-Date=20260223T001934Z&X-Amz-Expires=604800&X-Amz-Signature=6973f9800c1780a33c532a1a4dc51b4e0e2b5b897e880f918eef1a0c0f713348&X-Amz-SignedHeaders=host&response-content-disposition=attachment%3B%20filename%3D586c20ce-ab10-4400-82b3-d60e0a20b5f1.flac&x-id=GetObject,0.508398712,34113
ConAam-2022-06-06_12-30.WAV,2022 Conaway North A,2022,6,6,12,30,Agelaius tricolor,Simple Call 2,13.18400002,13.57866669,375,21656,24000,present,https://rfcx-streams-production.s3.eu-west-1.amazonaws.com/2022/06/06/82sjidqz9yro/8972cb90-b9c5-4a33-8d3d-3511e5a6cde0.flac?X-Amz-Algorithm=AWS4-HMAC-SHA256&X-Amz-Content-Sha256=UNSIGNED-PAYLOAD&X-Amz-Credential=AKIA45B7YWBX5HAZMGOU%2F20260223%2Feu-west-1%2Fs3%2Faws4_request&X-Amz-Date=20260223T001934Z&X-Amz-Expires=604800&X-Amz-Signature=82864ddd0c765b7937ac8bc4a3dab54d427d251e15ab65f2893899c47b13c1fc&X-Amz-SignedHeaders=host&response-content-disposition=attachment%3B%20filename%3D8972cb90-b9c5-4a33-8d3d-3511e5a6cde0.flac&x-id=GetObject,0.509727478,34113
ConAam-2022-06-06_12-40.WAV,2022 Conaway North A,2022,6,6,12,40,Agelaius tricolor,Simple Call 2,10.9119997,11.30666637,375,21656,24000,present,https://rfcx-streams-production.s3.eu-west-1.amazonaws.com/2022/06/06/82sjidqz9yro/feae6180-248b-4ce8-b311-cf6ad116cb6e.flac?X-Amz-Algorithm=AWS4-HMAC-SHA256&X-Amz-Content-Sha256=UNSIGNED-PAYLOAD&X-Amz-Credential=AKIA45B7YWBX5HAZMGOU%2F20260223%2Feu-west-1%2Fs3%2Faws4_request&X-Amz-Date=20260223T001934Z&X-Amz-Expires=604800&X-Amz-Signature=4c59add3c6d0a50fa26c05cbc4b5e9e352eed31d1bded8515ce5503422816ad3&X-Amz-SignedHeaders=host&response-content-disposition=attachment%3B%20filename%3Dfeae6180-248b-4ce8-b311-cf6ad116cb6e.flac&x-id=GetObject,0.493810683,34113
ConAam-2022-06-06_12-50.WAV,2022 Conaway North A,2022,6,6,12,50,Agelaius tricolor,Simple Call 2,5.253333569,5.647999763,375,21656,24000,present,https://rfcx-streams-production.s3.eu-west-1.amazonaws.com/2022/06/06/82sjidqz9yro/149e61da-548d-49b5-a7a0-1433ef8a8cf0.flac?X-Amz-Algorithm=AWS4-HMAC-SHA256&X-Amz-Content-Sha256=UNSIGNED-PAYLOAD&X-Amz-Credential=AKIA45B7YWBX5HAZMGOU%2F20260223%2Feu-west-1%2Fs3%2Faws4_request&X-Amz-Date=20260223T001934Z&X-Amz-Expires=604800&X-Amz-Signature=694dadb0250a578b7cf5e7957b8867ddaaa5d4f2ea00f957c7ce87d02626cebb&X-Amz-SignedHeaders=host&response-content-disposition=attachment%3B%20filename%3D149e61da-548d-49b5-a7a0-1433ef8a8cf0.flac&x-id=GetObject,0.483852416,34113
ConAam-2022-06-06_13-10.WAV,2022 Conaway North A,2022,6,6,13,10,Agelaius tricolor,Simple Call 2,12.21333313,12.6079998,375,21656,24000,present,https://rfcx-streams-production.s3.eu-west-1.amazonaws.com/2022/06/06/82sjidqz9yro/35b1c3cc-fad4-47db-80d5-439272a852db.flac?X-Amz-Algorithm=AWS4-HMAC-SHA256&X-Amz-Content-Sha256=UNSIGNED-PAYLOAD&X-Amz-Credential=AKIA45B7YWBX5HAZMGOU%2F20260223%2Feu-west-1%2Fs3%2Faws4_request&X-Amz-Date=20260223T001934Z&X-Amz-Expires=604800&X-Amz-Signature=7afd639279bb2a19b77a9f771fcf6ec4177de1f84c551c3b23e53d8cf94e8b39&X-Amz-SignedHeaders=host&response-content-disposition=attachment%3B%20filename%3D35b1c3cc-fad4-47db-80d5-439272a852db.flac&x-id=GetObject,0.480668962,34113
ConAam-2022-06-06_13-30.WAV,2022 Conaway North A,2022,6,6,13,30,Agelaius tricolor,Simple Call 2,5.781333447,6.176000118,375,21656,24000,present,https://rfcx-streams-production.s3.eu-west-1.amazonaws.com/2022/06/06/82sjidqz9yro/88faaf5d-99f7-4725-95f0-0eeb4a8dae86.flac?X-Amz-Algorithm=AWS4-HMAC-SHA256&X-Amz-Content-Sha256=UNSIGNED-PAYLOAD&X-Amz-Credential=AKIA45B7YWBX5HAZMGOU%2F20260223%2Feu-west-1%2Fs3%2Faws4_request&X-Amz-Date=20260223T001934Z&X-Amz-Expires=604800&X-Amz-Signature=9f09e3bb0b1132d58f551193fd15ade441757baece0e7cc1d43b16e0ea13146e&X-Amz-SignedHeaders=host&response-content-disposition=attachment%3B%20filename%3D88faaf5d-99f7-4725-95f0-0eeb4a8dae86.flac&x-id=GetObject,0.445916235,34113
ConAam-2022-06-06_13-50.WAV,2022 Conaway North A,2022,6,6,13,50,Agelaius tricolor,Simple Call 2,58.92266846,59.31733322,375,21656,24000,present,https://rfcx-streams-production.s3.eu-west-1.amazonaws.com/2022/06/06/82sjidqz9yro/a0bb9070-2ec3-439a-a327-a5d0100c7b84.flac?X-Amz-Algorithm=AWS4-HMAC-SHA256&X-Amz-Content-Sha256=UNSIGNED-PAYLOAD&X-Amz-Credential=AKIA45B7YWBX5HAZMGOU%2F20260223%2Feu-west-1%2Fs3%2Faws4_request&X-Amz-Date=20260223T001934Z&X-Amz-Expires=604800&X-Amz-Signature=d55f7c8e0f4d4b366c32b45e992f2a483b471515595363b4164b75c9b7423c18&X-Amz-SignedHeaders=host&response-content-disposition=attachment%3B%20filename%3Da0bb9070-2ec3-439a-a327-a5d0100c7b84.flac&x-id=GetObject,0.473665833,34113
ConAam-2022-06-06_14-00.WAV,2022 Conaway North A,2022,6,6,14,0,Agelaius tricolor,Simple Call 2,2.92266655,3.317333221,375,21656,24000,present,https://rfcx-streams-production.s3.eu-west-1.amazonaws.com/2022/06/06/82sjidqz9yro/cfe852e6-b1e6-4a11-93fd-21c4e604be34.flac?X-Amz-Algorithm=AWS4-HMAC-SHA256&X-Amz-Content-Sha256=UNSIGNED-PAYLOAD&X-Amz-Credential=AKIA45B7YWBX5HAZMGOU%2F20260223%2Feu-west-1%2Fs3%2Faws4_request&X-Amz-Date=20260223T001934Z&X-Amz-Expires=604800&X-Amz-Signature=476f2dbb4bd7c7f4862c9dbe348ab301aeb6d1a55d5d765d6c719cad77fc75cf&X-Amz-SignedHeaders=host&response-content-disposition=attachment%3B%20filename%3Dcfe852e6-b1e6-4a11-93fd-21c4e604be34.flac&x-id=GetObject,0.422412306,34113
ConAam-2022-06-06_14-10.WAV,2022 Conaway North A,2022,6,6,14,10,Agelaius tricolor,Simple Call 2,4.282666683,4.677333355,375,21656,24000,present,https://rfcx-streams-production.s3.eu-west-1.amazonaws.com/2022/06/06/82sjidqz9yro/b913ac61-80ab-4afd-8c42-285c343349a6.flac?X-Amz-Algorithm=AWS4-HMAC-SHA256&X-Amz-Content-Sha256=UNSIGNED-PAYLOAD&X-Amz-Credential=AKIA45B7YWBX5HAZMGOU%2F20260223%2Feu-west-1%2Fs3%2Faws4_request&X-Amz-Date=20260223T001934Z&X-Amz-Expires=604800&X-Amz-Signature=3ff71e003e39bf23c3a1b62306d3178f2948b34ee851a1645d86ba3697df2b85&X-Amz-SignedHeaders=host&response-content-disposition=attachment%3B%20filename%3Db913ac61-80ab-4afd-8c42-285c343349a6.flac&x-id=GetObject,0.418471187,34113
ConAam-2022-06-06_14-20.WAV,2022 Conaway North A,2022,6,6,14,20,Agelaius tricolor,Simple Call 2,7.296000004,7.690666676,375,21656,24000,present,https://rfcx-streams-production.s3.eu-west-1.amazonaws.com/2022/06/06/82sjidqz9yro/8388551b-2b71-4b46-99fb-bcdf70c8b231.flac?X-Amz-Algorithm=AWS4-HMAC-SHA256&X-Amz-Content-Sha256=UNSIGNED-PAYLOAD&X-Amz-Credential=AKIA45B7YWBX5HAZMGOU%2F20260223%2Feu-west-1%2Fs3%2Faws4_request&X-Amz-Date=20260223T001934Z&X-Amz-Expires=604800&X-Amz-Signature=43380044d035e81476e5c6e989ba0f9255e9e242cff6f66c8fe8932c03b5599a&X-Amz-SignedHeaders=host&response-content-disposition=attachment%3B%20filename%3D8388551b-2b71-4b46-99fb-bcdf70c8b231.flac&x-id=GetObject,0.40048179,34113
ConAam-2022-06-06_14-30.WAV,2022 Conaway North A,2022,6,6,14,30,Agelaius tricolor,Simple Call 2,43.20533371,43.59999847,375,21656,24000,present,https://rfcx-streams-production.s3.eu-west-1.amazonaws.com/2022/06/06/82sjidqz9yro/8ad47572-d096-4380-860f-bfa67ff30e0b.flac?X-Amz-Algorithm=AWS4-HMAC-SHA256&X-Amz-Content-Sha256=UNSIGNED-PAYLOAD&X-Amz-Credential=AKIA45B7YWBX5HAZMGOU%2F20260223%2Feu-west-1%2Fs3%2Faws4_request&X-Amz-Date=20260223T001934Z&X-Amz-Expires=604800&X-Amz-Signature=e576d6af016d222e9b790929e053661eb5754668b71062f77f8a7121245f1cb3&X-Amz-SignedHeaders=host&response-content-disposition=attachment%3B%20filename%3D8ad47572-d096-4380-860f-bfa67ff30e0b.flac&x-id=GetObject,0.450563848,34113
ConAam-2022-06-06_14-40.WAV,2022 Conaway North A,2022,6,6,14,40,Agelaius tricolor,Simple Call 2,12.98133373,13.3760004,375,21656,24000,present,https://rfcx-streams-production.s3.eu-west-1.amazonaws.com/2022/06/06/82sjidqz9yro/3cc16610-7359-451c-a67e-d04a6abbd849.flac?X-Amz-Algorithm=AWS4-HMAC-SHA256&X-Amz-Content-Sha256=UNSIGNED-PAYLOAD&X-Amz-Credential=AKIA45B7YWBX5HAZMGOU%2F20260223%2Feu-west-1%2Fs3%2Faws4_request&X-Amz-Date=20260223T001934Z&X-Amz-Expires=604800&X-Amz-Signature=b50932ce9fd795575224ad83cd87c738080996653f97f78b2a68ee4aafcdaa84&X-Amz-SignedHeaders=host&response-content-disposition=attachment%3B%20filename%3D3cc16610-7359-451c-a67e-d04a6abbd849.flac&x-id=GetObject,0.450066686,34113
ConAam-2022-06-06_14-50.WAV,2022 Conaway North A,2022,6,6,14,50,Agelaius tricolor,Simple Call 2,1.072000027,1.466666698,375,21656,24000,present,https://rfcx-streams-production.s3.eu-west-1.amazonaws.com/2022/06/06/82sjidqz9yro/bbc5e8eb-7296-4bd3-8349-a6ad07416229.flac?X-Amz-Algorithm=AWS4-HMAC-SHA256&X-Amz-Content-Sha256=UNSIGNED-PAYLOAD&X-Amz-Credential=AKIA45B7YWBX5HAZMGOU%2F20260223%2Feu-west-1%2Fs3%2Faws4_request&X-Amz-Date=20260223T001934Z&X-Amz-Expires=604800&X-Amz-Signature=929823a0176d8c7c8b994728f7157c02d71d48c5f2c6e959b9193d333827812d&X-Amz-SignedHeaders=host&response-content-disposition=attachment%3B%20filename%3Dbbc5e8eb-7296-4bd3-8349-a6ad07416229.flac&x-id=GetObject,0.446411312,34113
ConAam-2022-06-06_15-00.WAV,2022 Conaway North A,2022,6,6,15,0,Agelaius tricolor,Simple Call 2,6.634666443,7.029333115,375,21656,24000,present,https://rfcx-streams-production.s3.eu-west-1.amazonaws.com/2022/06/06/82sjidqz9yro/443df382-eb13-4bfa-9d14-83191d4d1e9b.flac?X-Amz-Algorithm=AWS4-HMAC-SHA256&X-Amz-Content-Sha256=UNSIGNED-PAYLOAD&X-Amz-Credential=AKIA45B7YWBX5HAZMGOU%2F20260223%2Feu-west-1%2Fs3%2Faws4_request&X-Amz-Date=20260223T001934Z&X-Amz-Expires=604800&X-Amz-Signature=4054e030bfcdddfe7c7d2c0080e24815c40435d3187b497102ec499b424fef58&X-Amz-SignedHeaders=host&response-content-disposition=attachment%3B%20filename%3D443df382-eb13-4bfa-9d14-83191d4d1e9b.flac&x-id=GetObject,0.403330505,34113
ConAam-2022-06-06_15-20.WAV,2022 Conaway North A,2022,6,6,15,20,Agelaius tricolor,Simple Call 2,15.72266674,16.11733246,375,21656,24000,present,https://rfcx-streams-production.s3.eu-west-1.amazonaws.com/2022/06/06/82sjidqz9yro/4469e574-7fc5-411c-8414-e1fa3ef947f4.flac?X-Amz-Algorithm=AWS4-HMAC-SHA256&X-Amz-Content-Sha256=UNSIGNED-PAYLOAD&X-Amz-Credential=AKIA45B7YWBX5HAZMGOU%2F20260223%2Feu-west-1%2Fs3%2Faws4_request&X-Amz-Date=20260223T001934Z&X-Amz-Expires=604800&X-Amz-Signature=f75798db26d5f5a8efcde47c01d57506d5959365e564b41646a4dd9ad8435cbb&X-Amz-SignedHeaders=host&response-content-disposition=attachment%3B%20filename%3D4469e574-7fc5-411c-8414-e1fa3ef947f4.flac&x-id=GetObject,0.465600461,34113
ConAam-2022-06-06_15-30.WAV,2022 Conaway North A,2022,6,6,15,30,Agelaius tricolor,Simple Call 2,51.23733521,51.63199997,375,21656,24000,present,https://rfcx-streams-production.s3.eu-west-1.amazonaws.com/2022/06/06/82sjidqz9yro/caaf90fa-5ecd-46a8-8c34-fcfd681baff9.flac?X-Amz-Algorithm=AWS4-HMAC-SHA256&X-Amz-Content-Sha256=UNSIGNED-PAYLOAD&X-Amz-Credential=AKIA45B7YWBX5HAZMGOU%2F20260223%2Feu-west-1%2Fs3%2Faws4_request&X-Amz-Date=20260223T001934Z&X-Amz-Expires=604800&X-Amz-Signature=279b1bdb4ac0dfd633b78b1030afbea33c6afa7057db965209b5863d2eb9e014&X-Amz-SignedHeaders=host&response-content-disposition=attachment%3B%20filename%3Dcaaf90fa-5ecd-46a8-8c34-fcfd681baff9.flac&x-id=GetObject,0.422637731,34113
ConAam-2022-06-06_15-50.WAV,2022 Conaway North A,2022,6,6,15,50,Agelaius tricolor,Simple Call 2,10.36266708,10.75733376,375,21656,24000,present,https://rfcx-streams-production.s3.eu-west-1.amazonaws.com/2022/06/06/82sjidqz9yro/c7d0e372-7a35-42f4-bf3a-a864ad3e8140.flac?X-Amz-Algorithm=AWS4-HMAC-SHA256&X-Amz-Content-Sha256=UNSIGNED-PAYLOAD&X-Amz-Credential=AKIA45B7YWBX5HAZMGOU%2F20260223%2Feu-west-1%2Fs3%2Faws4_request&X-Amz-Date=20260223T001934Z&X-Amz-Expires=604800&X-Amz-Signature=4091a0e9ad67d1385c41226dd6b72226ab3ae2a09c0d6a6155475e1b98ceced7&X-Amz-SignedHeaders=host&response-content-disposition=attachment%3B%20filename%3Dc7d0e372-7a35-42f4-bf3a-a864ad3e8140.flac&x-id=GetObject,0.53632617,34113
ConAam-2022-06-06_16-00.WAV,2022 Conaway North A,2022,6,6,16,0,Agelaius tricolor,Simple Call 2,49.77066803,50.16533279,375,21656,24000,present,https://rfcx-streams-production.s3.eu-west-1.amazonaws.com/2022/06/06/82sjidqz9yro/9c1910f1-3f73-4013-ad05-ad80971269ed.flac?X-Amz-Algorithm=AWS4-HMAC-SHA256&X-Amz-Content-Sha256=UNSIGNED-PAYLOAD&X-Amz-Credential=AKIA45B7YWBX5HAZMGOU%2F20260223%2Feu-west-1%2Fs3%2Faws4_request&X-Amz-Date=20260223T001934Z&X-Amz-Expires=604800&X-Amz-Signature=ff2cfb4115dd40a6c919918ba3b57f211b4d30aecf2d63071af45aed8c90ed84&X-Amz-SignedHeaders=host&response-content-disposition=attachment%3B%20filename%3D9c1910f1-3f73-4013-ad05-ad80971269ed.flac&x-id=GetObject,0.420742124,34113
ConAam-2022-06-06_16-10.WAV,2022 Conaway North A,2022,6,6,16,10,Agelaius tricolor,Simple Call 2,27.14666748,27.54133415,375,21656,24000,present,https://rfcx-streams-production.s3.eu-west-1.amazonaws.com/2022/06/06/82sjidqz9yro/23dd7e65-85b3-4b05-966d-ebe47998f62e.flac?X-Amz-Algorithm=AWS4-HMAC-SHA256&X-Amz-Content-Sha256=UNSIGNED-PAYLOAD&X-Amz-Credential=AKIA45B7YWBX5HAZMGOU%2F20260223%2Feu-west-1%2Fs3%2Faws4_request&X-Amz-Date=20260223T001934Z&X-Amz-Expires=604800&X-Amz-Signature=c1c69f6da39139aeef3fcae97056f3ac07d792a9fadc898f28f53523052c74ad&X-Amz-SignedHeaders=host&response-content-disposition=attachment%3B%20filename%3D23dd7e65-85b3-4b05-966d-ebe47998f62e.flac&x-id=GetObject,0.463033468,34113
ConAam-2022-06-06_16-20.WAV,2022 Conaway North A,2022,6,6,16,20,Agelaius tricolor,Simple Call 2,49.25333405,49.64799881,375,21656,24000,present,https://rfcx-streams-production.s3.eu-west-1.amazonaws.com/2022/06/06/82sjidqz9yro/39bde659-9461-47e4-8995-b6838fa3e0a0.flac?X-Amz-Algorithm=AWS4-HMAC-SHA256&X-Amz-Content-Sha256=UNSIGNED-PAYLOAD&X-Amz-Credential=AKIA45B7YWBX5HAZMGOU%2F20260223%2Feu-west-1%2Fs3%2Faws4_request&X-Amz-Date=20260223T001934Z&X-Amz-Expires=604800&X-Amz-Signature=d4e462744f0c133ccbbdba0253c0150c84b364b74b84b0c2323866102340b599&X-Amz-SignedHeaders=host&response-content-disposition=attachment%3B%20filename%3D39bde659-9461-47e4-8995-b6838fa3e0a0.flac&x-id=GetObject,0.556678951,34113
ConAam-2022-06-06_16-30.WAV,2022 Conaway North A,2022,6,6,16,30,Agelaius tricolor,Simple Call 2,54.6186676,55.01333237,375,21656,24000,present,https://rfcx-streams-production.s3.eu-west-1.amazonaws.com/2022/06/06/82sjidqz9yro/5c65d2f1-ca79-4899-8943-bc08f3ba1dd0.flac?X-Amz-Algorithm=AWS4-HMAC-SHA256&X-Amz-Content-Sha256=UNSIGNED-PAYLOAD&X-Amz-Credential=AKIA45B7YWBX5HAZMGOU%2F20260223%2Feu-west-1%2Fs3%2Faws4_request&X-Amz-Date=20260223T001934Z&X-Amz-Expires=604800&X-Amz-Signature=2241559807a14e5e834154fa62a002f75253eb070649c5afffa333dc4e6ab10b&X-Amz-SignedHeaders=host&response-content-disposition=attachment%3B%20filename%3D5c65d2f1-ca79-4899-8943-bc08f3ba1dd0.flac&x-id=GetObject,0.51689297,34113
ConAam-2022-06-06_16-40.WAV,2022 Conaway North A,2022,6,6,16,40,Agelaius tricolor,Simple Call 2,42.23466492,42.6293335,375,21656,24000,present,https://rfcx-streams-production.s3.eu-west-1.amazonaws.com/2022/06/06/82sjidqz9yro/07d1d850-1e97-409e-b3aa-76b9dab63827.flac?X-Amz-Algorithm=AWS4-HMAC-SHA256&X-Amz-Content-Sha256=UNSIGNED-PAYLOAD&X-Amz-Credential=AKIA45B7YWBX5HAZMGOU%2F20260223%2Feu-west-1%2Fs3%2Faws4_request&X-Amz-Date=20260223T001934Z&X-Amz-Expires=604800&X-Amz-Signature=907b5d895cfa821b932c8887debd6efa2dfcae77be48b9201897680231672b03&X-Amz-SignedHeaders=host&response-content-disposition=attachment%3B%20filename%3D07d1d850-1e97-409e-b3aa-76b9dab63827.flac&x-id=GetObject,0.546094179,34113
ConAam-2022-06-06_16-50.WAV,2022 Conaway North A,2022,6,6,16,50,Agelaius tricolor,Simple Call 2,45.94133377,46.33599854,375,21656,24000,present,https://rfcx-streams-production.s3.eu-west-1.amazonaws.com/2022/06/06/82sjidqz9yro/2cf5c60f-a1e0-4e2f-868e-06ed15624ea3.flac?X-Amz-Algorithm=AWS4-HMAC-SHA256&X-Amz-Content-Sha256=UNSIGNED-PAYLOAD&X-Amz-Credential=AKIA45B7YWBX5HAZMGOU%2F20260223%2Feu-west-1%2Fs3%2Faws4_request&X-Amz-Date=20260223T001934Z&X-Amz-Expires=604800&X-Amz-Signature=b2fd7f542c1c3b9b61bbbba51c77c687af38f4a1ca3f89066d81b1aa5a083188&X-Amz-SignedHeaders=host&response-content-disposition=attachment%3B%20filename%3D2cf5c60f-a1e0-4e2f-868e-06ed15624ea3.flac&x-id=GetObject,0.520132005,34113
ConAam-2022-06-06_17-00.WAV,2022 Conaway North A,2022,6,6,17,0,Agelaius tricolor,Simple Call 2,41.84000015,42.23466492,375,21656,24000,present,https://rfcx-streams-production.s3.eu-west-1.amazonaws.com/2022/06/07/82sjidqz9yro/95578e0b-1f4f-4bf5-89cc-fb40dd24f039.flac?X-Amz-Algorithm=AWS4-HMAC-SHA256&X-Amz-Content-Sha256=UNSIGNED-PAYLOAD&X-Amz-Credential=AKIA45B7YWBX5HAZMGOU%2F20260223%2Feu-west-1%2Fs3%2Faws4_request&X-Amz-Date=20260223T001934Z&X-Amz-Expires=604800&X-Amz-Signature=f2eb2d75dfc3c58c2be44de1b4fcd419d2d2441b49bf8280a67193fdc1471d29&X-Amz-SignedHeaders=host&response-content-disposition=attachment%3B%20filename%3D95578e0b-1f4f-4bf5-89cc-fb40dd24f039.flac&x-id=GetObject,0.444737434,34113
ConAam-2022-06-06_17-10.WAV,2022 Conaway North A,2022,6,6,17,10,Agelaius tricolor,Simple Call 2,32.67733383,33.0719986,375,21656,24000,present,https://rfcx-streams-production.s3.eu-west-1.amazonaws.com/2022/06/07/82sjidqz9yro/6b141e46-bef9-42ed-8776-e5a8ec6b4f1b.flac?X-Amz-Algorithm=AWS4-HMAC-SHA256&X-Amz-Content-Sha256=UNSIGNED-PAYLOAD&X-Amz-Credential=AKIA45B7YWBX5HAZMGOU%2F20260223%2Feu-west-1%2Fs3%2Faws4_request&X-Amz-Date=20260223T001934Z&X-Amz-Expires=604800&X-Amz-Signature=7edee71d048f093f69fa5be89978b5c17a025bd7f5126764c033bd10423fbb1e&X-Amz-SignedHeaders=host&response-content-disposition=attachment%3B%20filename%3D6b141e46-bef9-42ed-8776-e5a8ec6b4f1b.flac&x-id=GetObject,0.428552508,34113
ConAam-2022-06-06_17-20.WAV,2022 Conaway North A,2022,6,6,17,20,Agelaius tricolor,Simple Call 2,23.0613327,23.45599937,375,21656,24000,present,https://rfcx-streams-production.s3.eu-west-1.amazonaws.com/2022/06/07/82sjidqz9yro/e6e8347d-0b8d-4fa1-b066-5608b11b324e.flac?X-Amz-Algorithm=AWS4-HMAC-SHA256&X-Amz-Content-Sha256=UNSIGNED-PAYLOAD&X-Amz-Credential=AKIA45B7YWBX5HAZMGOU%2F20260223%2Feu-west-1%2Fs3%2Faws4_request&X-Amz-Date=20260223T001934Z&X-Amz-Expires=604800&X-Amz-Signature=d9d1b8e4345081a0d5b1cc68a3585a845af053c4a5058b0dbe30aa307095fda2&X-Amz-SignedHeaders=host&response-content-disposition=attachment%3B%20filename%3De6e8347d-0b8d-4fa1-b066-5608b11b324e.flac&x-id=GetObject,0.455102444,34113
ConAam-2022-06-06_17-30.WAV,2022 Conaway North A,2022,6,6,17,30,Agelaius tricolor,Simple Call 2,4.165333271,4.559999943,375,21656,24000,present,https://rfcx-streams-production.s3.eu-west-1.amazonaws.com/2022/06/07/82sjidqz9yro/458d8fed-2001-4b81-b2a8-4f9d27dbff93.flac?X-Amz-Algorithm=AWS4-HMAC-SHA256&X-Amz-Content-Sha256=UNSIGNED-PAYLOAD&X-Amz-Credential=AKIA45B7YWBX5HAZMGOU%2F20260223%2Feu-west-1%2Fs3%2Faws4_request&X-Amz-Date=20260223T001934Z&X-Amz-Expires=604800&X-Amz-Signature=08884a90f7fbae2ff054163da464559f1712e16bac9ad0a6ca9f16b580df7533&X-Amz-SignedHeaders=host&response-content-disposition=attachment%3B%20filename%3D458d8fed-2001-4b81-b2a8-4f9d27dbff93.flac&x-id=GetObject,0.417749971,34113
ConAam-2022-06-06_17-40.WAV,2022 Conaway North A,2022,6,6,17,40,Agelaius tricolor,Simple Call 2,20.53866577,20.93333244,375,21656,24000,present,https://rfcx-streams-production.s3.eu-west-1.amazonaws.com/2022/06/07/82sjidqz9yro/0269c007-1d0e-43aa-9960-291be2f29de2.flac?X-Amz-Algorithm=AWS4-HMAC-SHA256&X-Amz-Content-Sha256=UNSIGNED-PAYLOAD&X-Amz-Credential=AKIA45B7YWBX5HAZMGOU%2F20260223%2Feu-west-1%2Fs3%2Faws4_request&X-Amz-Date=20260223T001934Z&X-Amz-Expires=604800&X-Amz-Signature=fd1022dbca0fec0cae4476affe99f74097163163be6024bd6e0bd076135bade2&X-Amz-SignedHeaders=host&response-content-disposition=attachment%3B%20filename%3D0269c007-1d0e-43aa-9960-291be2f29de2.flac&x-id=GetObject,0.413587838,34113
ConAam-2022-06-06_17-50.WAV,2022 Conaway North A,2022,6,6,17,50,Agelaius tricolor,Simple Call 2,27.82933426,28.22400093,375,21656,24000,present,https://rfcx-streams-production.s3.eu-west-1.amazonaws.com/2022/06/07/82sjidqz9yro/79711404-762e-48eb-8b24-1d0fbd666a78.flac?X-Amz-Algorithm=AWS4-HMAC-SHA256&X-Amz-Content-Sha256=UNSIGNED-PAYLOAD&X-Amz-Credential=AKIA45B7YWBX5HAZMGOU%2F20260223%2Feu-west-1%2Fs3%2Faws4_request&X-Amz-Date=20260223T001934Z&X-Amz-Expires=604800&X-Amz-Signature=b949137d3651faaf0d220d68f108818617ed4f4f5c38dc03b1addbe8973c3b9d&X-Amz-SignedHeaders=host&response-content-disposition=attachment%3B%20filename%3D79711404-762e-48eb-8b24-1d0fbd666a78.flac&x-id=GetObject,0.460341185,34113
ConAam-2022-06-06_18-00.WAV,2022 Conaway North A,2022,6,6,18,0,Agelaius tricolor,Simple Call 2,36.51200104,36.9066658,375,21656,24000,present,https://rfcx-streams-production.s3.eu-west-1.amazonaws.com/2022/06/07/82sjidqz9yro/4c3b7138-e975-489e-a84d-1cc13ff139e8.flac?X-Amz-Algorithm=AWS4-HMAC-SHA256&X-Amz-Content-Sha256=UNSIGNED-PAYLOAD&X-Amz-Credential=AKIA45B7YWBX5HAZMGOU%2F20260223%2Feu-west-1%2Fs3%2Faws4_request&X-Amz-Date=20260223T001934Z&X-Amz-Expires=604800&X-Amz-Signature=bd052d04cb9aaecb2a97ae764df1f4fe69760d6b689df5187c4579e180423951&X-Amz-SignedHeaders=host&response-content-disposition=attachment%3B%20filename%3D4c3b7138-e975-489e-a84d-1cc13ff139e8.flac&x-id=GetObject,0.433273703,34113
ConAam-2022-06-06_18-10.WAV,2022 Conaway North A,2022,6,6,18,10,Agelaius tricolor,Simple Call 2,23.71199989,24.10666656,375,21656,24000,present,https://rfcx-streams-production.s3.eu-west-1.amazonaws.com/2022/06/07/82sjidqz9yro/520fd1b2-f833-4ed7-989c-87df41bad7ce.flac?X-Amz-Algorithm=AWS4-HMAC-SHA256&X-Amz-Content-Sha256=UNSIGNED-PAYLOAD&X-Amz-Credential=AKIA45B7YWBX5HAZMGOU%2F20260223%2Feu-west-1%2Fs3%2Faws4_request&X-Amz-Date=20260223T001934Z&X-Amz-Expires=604800&X-Amz-Signature=7c960524eff4993137e17d8e759394d5ccfaeb6aed12949362e5129f0c650f85&X-Amz-SignedHeaders=host&response-content-disposition=attachment%3B%20filename%3D520fd1b2-f833-4ed7-989c-87df41bad7ce.flac&x-id=GetObject,0.451813221,34113
ConAam-2022-06-06_18-20.WAV,2022 Conaway North A,2022,6,6,18,20,Agelaius tricolor,Simple Call 2,51.48266602,51.87733459,375,21656,24000,present,https://rfcx-streams-production.s3.eu-west-1.amazonaws.com/2022/06/07/82sjidqz9yro/10310830-d07f-4818-b66b-0802148c33d6.flac?X-Amz-Algorithm=AWS4-HMAC-SHA256&X-Amz-Content-Sha256=UNSIGNED-PAYLOAD&X-Amz-Credential=AKIA45B7YWBX5HAZMGOU%2F20260223%2Feu-west-1%2Fs3%2Faws4_request&X-Amz-Date=20260223T001934Z&X-Amz-Expires=604800&X-Amz-Signature=21e3165adc1943b9ffedbe5c1fa4f038c28d521938ed4e74f3e616450ca5de89&X-Amz-SignedHeaders=host&response-content-disposition=attachment%3B%20filename%3D10310830-d07f-4818-b66b-0802148c33d6.flac&x-id=GetObject,0.581758499,34113
ConAam-2022-06-06_18-40.WAV,2022 Conaway North A,2022,6,6,18,40,Agelaius tricolor,Simple Call 2,8.938666344,9.333333015,375,21656,24000,present,https://rfcx-streams-production.s3.eu-west-1.amazonaws.com/2022/06/07/82sjidqz9yro/1007ba26-9523-47ba-a68c-758ec420712b.flac?X-Amz-Algorithm=AWS4-HMAC-SHA256&X-Amz-Content-Sha256=UNSIGNED-PAYLOAD&X-Amz-Credential=AKIA45B7YWBX5HAZMGOU%2F20260223%2Feu-west-1%2Fs3%2Faws4_request&X-Amz-Date=20260223T001934Z&X-Amz-Expires=604800&X-Amz-Signature=7b8728e99c7397843ddbf89e8bbc70cd703283a0b48f6a3b8b8aedc342ec3587&X-Amz-SignedHeaders=host&response-content-disposition=attachment%3B%20filename%3D1007ba26-9523-47ba-a68c-758ec420712b.flac&x-id=GetObject,0.404536158,34113
ConAam-2022-06-06_18-50.WAV,2022 Conaway North A,2022,6,6,18,50,Agelaius tricolor,Simple Call 2,15.63199997,16.02666664,375,21656,24000,present,https://rfcx-streams-production.s3.eu-west-1.amazonaws.com/2022/06/07/82sjidqz9yro/1482ac91-2a38-4b2c-aa20-9e7c63c1d206.flac?X-Amz-Algorithm=AWS4-HMAC-SHA256&X-Amz-Content-Sha256=UNSIGNED-PAYLOAD&X-Amz-Credential=AKIA45B7YWBX5HAZMGOU%2F20260223%2Feu-west-1%2Fs3%2Faws4_request&X-Amz-Date=20260223T001934Z&X-Amz-Expires=604800&X-Amz-Signature=fff31cbaa32799b705fa16222953137d041ee465bc6ca882e14d910ee8f6ae21&X-Amz-SignedHeaders=host&response-content-disposition=attachment%3B%20filename%3D1482ac91-2a38-4b2c-aa20-9e7c63c1d206.flac&x-id=GetObject,0.488018215,34113
ConAam-2022-06-06_19-00.WAV,2022 Conaway North A,2022,6,6,19,0,Agelaius tricolor,Simple Call 2,5.136000156,5.530666828,375,21656,24000,present,https://rfcx-streams-production.s3.eu-west-1.amazonaws.com/2022/06/07/82sjidqz9yro/92c4473f-0507-4a2a-8b96-2f1f00a207e0.flac?X-Amz-Algorithm=AWS4-HMAC-SHA256&X-Amz-Content-Sha256=UNSIGNED-PAYLOAD&X-Amz-Credential=AKIA45B7YWBX5HAZMGOU%2F20260223%2Feu-west-1%2Fs3%2Faws4_request&X-Amz-Date=20260223T001934Z&X-Amz-Expires=604800&X-Amz-Signature=9c2f55834ace06cce06b31e034ebab1c9aad26bff351bbb82decdcace0145714&X-Amz-SignedHeaders=host&response-content-disposition=attachment%3B%20filename%3D92c4473f-0507-4a2a-8b96-2f1f00a207e0.flac&x-id=GetObject,0.456790864,34113
ConAam-2022-06-06_19-10.WAV,2022 Conaway North A,2022,6,6,19,10,Agelaius tricolor,Simple Call 2,4.741333485,5.136000156,375,21656,24000,present,https://rfcx-streams-production.s3.eu-west-1.amazonaws.com/2022/06/07/82sjidqz9yro/ddb51896-7fa5-4ba2-8d5d-16ae7bbd712b.flac?X-Amz-Algorithm=AWS4-HMAC-SHA256&X-Amz-Content-Sha256=UNSIGNED-PAYLOAD&X-Amz-Credential=AKIA45B7YWBX5HAZMGOU%2F20260223%2Feu-west-1%2Fs3%2Faws4_request&X-Amz-Date=20260223T001934Z&X-Amz-Expires=604800&X-Amz-Signature=c0d71bd584fa3717b370adc52360053862a6a1a454764d43e5d3eae82201837a&X-Amz-SignedHeaders=host&response-content-disposition=attachment%3B%20filename%3Dddb51896-7fa5-4ba2-8d5d-16ae7bbd712b.flac&x-id=GetObject,0.506637812,34113
ConAam-2022-06-06_19-30.WAV,2022 Conaway North A,2022,6,6,19,30,Agelaius tricolor,Simple Call 2,15.81333351,16.20800018,375,21656,24000,present,https://rfcx-streams-production.s3.eu-west-1.amazonaws.com/2022/06/07/82sjidqz9yro/a907443e-68c5-4e0b-9dd8-d8c739d950e9.flac?X-Amz-Algorithm=AWS4-HMAC-SHA256&X-Amz-Content-Sha256=UNSIGNED-PAYLOAD&X-Amz-Credential=AKIA45B7YWBX5HAZMGOU%2F20260223%2Feu-west-1%2Fs3%2Faws4_request&X-Amz-Date=20260223T001934Z&X-Amz-Expires=604800&X-Amz-Signature=ed27582c0daf5d3deac52373fd0c761fb0d13faf1172f3d649f3a8927deb6634&X-Amz-SignedHeaders=host&response-content-disposition=attachment%3B%20filename%3Da907443e-68c5-4e0b-9dd8-d8c739d950e9.flac&x-id=GetObject,0.456894696,34113
ConAam-2022-06-06_19-40.WAV,2022 Conaway North A,2022,6,6,19,40,Agelaius tricolor,Simple Call 2,57.98400116,58.37866592,375,21656,24000,present,https://rfcx-streams-production.s3.eu-west-1.amazonaws.com/2022/06/07/82sjidqz9yro/feca814c-f82a-47c9-bd49-f1c40e0c61a1.flac?X-Amz-Algorithm=AWS4-HMAC-SHA256&X-Amz-Content-Sha256=UNSIGNED-PAYLOAD&X-Amz-Credential=AKIA45B7YWBX5HAZMGOU%2F20260223%2Feu-west-1%2Fs3%2Faws4_request&X-Amz-Date=20260223T001934Z&X-Amz-Expires=604800&X-Amz-Signature=be859ec254c4ea890f217aeaf4e30fe8dae3e18f89daa463f1bf51e60c6ac498&X-Amz-SignedHeaders=host&response-content-disposition=attachment%3B%20filename%3Dfeca814c-f82a-47c9-bd49-f1c40e0c61a1.flac&x-id=GetObject,0.468477845,34113
ConAam-2022-06-06_19-50.WAV,2022 Conaway North A,2022,6,6,19,50,Agelaius tricolor,Simple Call 2,57.67466736,58.06933212,375,21656,24000,present,https://rfcx-streams-production.s3.eu-west-1.amazonaws.com/2022/06/07/82sjidqz9yro/fd053226-1b78-4336-bc70-fb181c2122ba.flac?X-Amz-Algorithm=AWS4-HMAC-SHA256&X-Amz-Content-Sha256=UNSIGNED-PAYLOAD&X-Amz-Credential=AKIA45B7YWBX5HAZMGOU%2F20260223%2Feu-west-1%2Fs3%2Faws4_request&X-Amz-Date=20260223T001934Z&X-Amz-Expires=604800&X-Amz-Signature=057d291e16d7291e992b969320819f88fee33f106341eeac89f424345568bc98&X-Amz-SignedHeaders=host&response-content-disposition=attachment%3B%20filename%3Dfd053226-1b78-4336-bc70-fb181c2122ba.flac&x-id=GetObject,0.442337215,34113
ConAam-2022-06-06_20-00.WAV,2022 Conaway North A,2022,6,6,20,0,Agelaius tricolor,Simple Call 2,48.9280014,49.32266617,375,21656,24000,present,https://rfcx-streams-production.s3.eu-west-1.amazonaws.com/2022/06/07/82sjidqz9yro/37241b1d-f563-4205-a724-8edcc953919b.flac?X-Amz-Algorithm=AWS4-HMAC-SHA256&X-Amz-Content-Sha256=UNSIGNED-PAYLOAD&X-Amz-Credential=AKIA45B7YWBX5HAZMGOU%2F20260223%2Feu-west-1%2Fs3%2Faws4_request&X-Amz-Date=20260223T001934Z&X-Amz-Expires=604800&X-Amz-Signature=a63bc0c256864880f68bbf43fa93ba8bb0bf7925b6df5ff4835cac3f78cfd4f2&X-Amz-SignedHeaders=host&response-content-disposition=attachment%3B%20filename%3D37241b1d-f563-4205-a724-8edcc953919b.flac&x-id=GetObject,0.614777446,34113
ConAam-2022-06-06_20-20.WAV,2022 Conaway North A,2022,6,6,20,20,Agelaius tricolor,Simple Call 2,57.22133255,57.61600113,375,21656,24000,present,https://rfcx-streams-production.s3.eu-west-1.amazonaws.com/2022/06/07/82sjidqz9yro/8001c37f-fe33-4cb9-a98f-a9735702e776.flac?X-Amz-Algorithm=AWS4-HMAC-SHA256&X-Amz-Content-Sha256=UNSIGNED-PAYLOAD&X-Amz-Credential=AKIA45B7YWBX5HAZMGOU%2F20260223%2Feu-west-1%2Fs3%2Faws4_request&X-Amz-Date=20260223T001934Z&X-Amz-Expires=604800&X-Amz-Signature=5baada435f12e25161a71c4275760f0e537da387069415a2d92f96d798dbd40e&X-Amz-SignedHeaders=host&response-content-disposition=attachment%3B%20filename%3D8001c37f-fe33-4cb9-a98f-a9735702e776.flac&x-id=GetObject,0.454023033,34113
ConAam-2022-06-07_05-20.WAV,2022 Conaway North A,2022,6,7,5,20,Agelaius tricolor,Simple Call 2,11.04533291,11.43999958,375,21656,24000,present,https://rfcx-streams-production.s3.eu-west-1.amazonaws.com/2022/06/07/82sjidqz9yro/e4a69c60-1cb2-47c8-b162-0ffe5b023b0c.flac?X-Amz-Algorithm=AWS4-HMAC-SHA256&X-Amz-Content-Sha256=UNSIGNED-PAYLOAD&X-Amz-Credential=AKIA45B7YWBX5HAZMGOU%2F20260223%2Feu-west-1%2Fs3%2Faws4_request&X-Amz-Date=20260223T001934Z&X-Amz-Expires=604800&X-Amz-Signature=7d5d44ed2568bfbc5750173eee6d80c11ff7fac847aa59bdedac4b2d517750ad&X-Amz-SignedHeaders=host&response-content-disposition=attachment%3B%20filename%3De4a69c60-1cb2-47c8-b162-0ffe5b023b0c.flac&x-id=GetObject,0.541864097,34113
ConAam-2022-06-07_05-30.WAV,2022 Conaway North A,2022,6,7,5,30,Agelaius tricolor,Simple Call 2,51.73866653,52.13333511,375,21656,24000,present,https://rfcx-streams-production.s3.eu-west-1.amazonaws.com/2022/06/07/82sjidqz9yro/5d494900-8cdb-43ca-89e8-82eb0f51f666.flac?X-Amz-Algorithm=AWS4-HMAC-SHA256&X-Amz-Content-Sha256=UNSIGNED-PAYLOAD&X-Amz-Credential=AKIA45B7YWBX5HAZMGOU%2F20260223%2Feu-west-1%2Fs3%2Faws4_request&X-Amz-Date=20260223T001934Z&X-Amz-Expires=604800&X-Amz-Signature=b2a027fb2a8bb1ca3f87341fa28fdd29665101303550e00d352ad9f116f06cdf&X-Amz-SignedHeaders=host&response-content-disposition=attachment%3B%20filename%3D5d494900-8cdb-43ca-89e8-82eb0f51f666.flac&x-id=GetObject,0.450945824,34113
ConAam-2022-06-07_05-40.WAV,2022 Conaway North A,2022,6,7,5,40,Agelaius tricolor,Simple Call 2,40.9066658,41.30133438,375,21656,24000,present,https://rfcx-streams-production.s3.eu-west-1.amazonaws.com/2022/06/07/82sjidqz9yro/48d8ca93-8423-4e01-83b1-4ef75006e3df.flac?X-Amz-Algorithm=AWS4-HMAC-SHA256&X-Amz-Content-Sha256=UNSIGNED-PAYLOAD&X-Amz-Credential=AKIA45B7YWBX5HAZMGOU%2F20260223%2Feu-west-1%2Fs3%2Faws4_request&X-Amz-Date=20260223T001934Z&X-Amz-Expires=604800&X-Amz-Signature=1314549134db86e7ad460dca9c2409ea8ca8d5513159ada27267745d561d5af4&X-Amz-SignedHeaders=host&response-content-disposition=attachment%3B%20filename%3D48d8ca93-8423-4e01-83b1-4ef75006e3df.flac&x-id=GetObject,0.449911594,34113
ConAam-2022-06-07_05-50.WAV,2022 Conaway North A,2022,6,7,5,50,Agelaius tricolor,Simple Call 2,14.73066711,15.12533379,375,21656,24000,present,https://rfcx-streams-production.s3.eu-west-1.amazonaws.com/2022/06/07/82sjidqz9yro/a7e895b3-4c83-42ac-bb6f-1f7b3a2a748b.flac?X-Amz-Algorithm=AWS4-HMAC-SHA256&X-Amz-Content-Sha256=UNSIGNED-PAYLOAD&X-Amz-Credential=AKIA45B7YWBX5HAZMGOU%2F20260223%2Feu-west-1%2Fs3%2Faws4_request&X-Amz-Date=20260223T001934Z&X-Amz-Expires=604800&X-Amz-Signature=d42ec9559322e71bff023acb5d1dc11ae6903687c329971ae70684ef884d4204&X-Amz-SignedHeaders=host&response-content-disposition=attachment%3B%20filename%3Da7e895b3-4c83-42ac-bb6f-1f7b3a2a748b.flac&x-id=GetObject,0.410080463,34113
ConAam-2022-06-07_06-00.WAV,2022 Conaway North A,2022,6,7,6,0,Agelaius tricolor,Simple Call 2,8.746666908,9.14133358,375,21656,24000,present,https://rfcx-streams-production.s3.eu-west-1.amazonaws.com/2022/06/07/82sjidqz9yro/5270fbf0-9198-4131-9d0a-0c9f114e59c5.flac?X-Amz-Algorithm=AWS4-HMAC-SHA256&X-Amz-Content-Sha256=UNSIGNED-PAYLOAD&X-Amz-Credential=AKIA45B7YWBX5HAZMGOU%2F20260223%2Feu-west-1%2Fs3%2Faws4_request&X-Amz-Date=20260223T001934Z&X-Amz-Expires=604800&X-Amz-Signature=4a78c8036feb439f8f62ee00ceaca3db9a75c4ca21b92d9214017378a9635634&X-Amz-SignedHeaders=host&response-content-disposition=attachment%3B%20filename%3D5270fbf0-9198-4131-9d0a-0c9f114e59c5.flac&x-id=GetObject,0.456542969,34113
ConAam-2022-06-07_06-10.WAV,2022 Conaway North A,2022,6,7,6,10,Agelaius tricolor,Simple Call 2,13.73866653,14.13333321,375,21656,24000,present,https://rfcx-streams-production.s3.eu-west-1.amazonaws.com/2022/06/07/82sjidqz9yro/f8f802fa-35c8-4560-bda8-41aeda4cc402.flac?X-Amz-Algorithm=AWS4-HMAC-SHA256&X-Amz-Content-Sha256=UNSIGNED-PAYLOAD&X-Amz-Credential=AKIA45B7YWBX5HAZMGOU%2F20260223%2Feu-west-1%2Fs3%2Faws4_request&X-Amz-Date=20260223T001934Z&X-Amz-Expires=604800&X-Amz-Signature=5e6694f79dacd34c9df0973aea266cf3a62b3d133ee3f07796c3852d73bfec00&X-Amz-SignedHeaders=host&response-content-disposition=attachment%3B%20filename%3Df8f802fa-35c8-4560-bda8-41aeda4cc402.flac&x-id=GetObject,0.576779187,34113
ConAam-2022-06-07_06-20.WAV,2022 Conaway North A,2022,6,7,6,20,Agelaius tricolor,Simple Call 2,19.16799927,19.56266594,375,21656,24000,present,https://rfcx-streams-production.s3.eu-west-1.amazonaws.com/2022/06/07/82sjidqz9yro/b3f2d90e-31da-4228-9966-d3addf89e83c.flac?X-Amz-Algorithm=AWS4-HMAC-SHA256&X-Amz-Content-Sha256=UNSIGNED-PAYLOAD&X-Amz-Credential=AKIA45B7YWBX5HAZMGOU%2F20260223%2Feu-west-1%2Fs3%2Faws4_request&X-Amz-Date=20260223T001934Z&X-Amz-Expires=604800&X-Amz-Signature=e6c406c0a7dca16fd7908ab54cb575acc82a9f04b54856712724bf901ed0feba&X-Amz-SignedHeaders=host&response-content-disposition=attachment%3B%20filename%3Db3f2d90e-31da-4228-9966-d3addf89e83c.flac&x-id=GetObject,0.539947867,34113
ConAam-2022-06-07_06-30.WAV,2022 Conaway North A,2022,6,7,6,30,Agelaius tricolor,Simple Call 2,56.42666626,56.82133484,375,21656,24000,present,https://rfcx-streams-production.s3.eu-west-1.amazonaws.com/2022/06/07/82sjidqz9yro/97dec510-5b1a-4d38-bc6d-98a39d19af2e.flac?X-Amz-Algorithm=AWS4-HMAC-SHA256&X-Amz-Content-Sha256=UNSIGNED-PAYLOAD&X-Amz-Credential=AKIA45B7YWBX5HAZMGOU%2F20260223%2Feu-west-1%2Fs3%2Faws4_request&X-Amz-Date=20260223T001934Z&X-Amz-Expires=604800&X-Amz-Signature=74df5493f4cf9f3dfde57b8e8a27ddeda7dfc79fc7257459db7e99154ab4c256&X-Amz-SignedHeaders=host&response-content-disposition=attachment%3B%20filename%3D97dec510-5b1a-4d38-bc6d-98a39d19af2e.flac&x-id=GetObject,0.424075395,34113
ConAam-2022-06-07_06-40.WAV,2022 Conaway North A,2022,6,7,6,40,Agelaius tricolor,Simple Call 2,22.13866615,22.53333282,375,21656,24000,present,https://rfcx-streams-production.s3.eu-west-1.amazonaws.com/2022/06/07/82sjidqz9yro/8ecec5bd-9771-47b1-ab97-d931f4d87761.flac?X-Amz-Algorithm=AWS4-HMAC-SHA256&X-Amz-Content-Sha256=UNSIGNED-PAYLOAD&X-Amz-Credential=AKIA45B7YWBX5HAZMGOU%2F20260223%2Feu-west-1%2Fs3%2Faws4_request&X-Amz-Date=20260223T001934Z&X-Amz-Expires=604800&X-Amz-Signature=2d4accd73e1e525375a5d86fa09cc1aef817da1a7591ed230cc384b4d1039a6b&X-Amz-SignedHeaders=host&response-content-disposition=attachment%3B%20filename%3D8ecec5bd-9771-47b1-ab97-d931f4d87761.flac&x-id=GetObject,0.438152432,34113
ConAam-2022-06-07_06-50.WAV,2022 Conaway North A,2022,6,7,6,50,Agelaius tricolor,Simple Call 2,18.88533401,19.28000069,375,21656,24000,present,https://rfcx-streams-production.s3.eu-west-1.amazonaws.com/2022/06/07/82sjidqz9yro/ed6e22c5-fe62-4b92-a84c-956851e42948.flac?X-Amz-Algorithm=AWS4-HMAC-SHA256&X-Amz-Content-Sha256=UNSIGNED-PAYLOAD&X-Amz-Credential=AKIA45B7YWBX5HAZMGOU%2F20260223%2Feu-west-1%2Fs3%2Faws4_request&X-Amz-Date=20260223T001934Z&X-Amz-Expires=604800&X-Amz-Signature=6ff1b24479c177091f77d0dc1c5c9a711077790f9ed0e9e9e1644c0536c183a6&X-Amz-SignedHeaders=host&response-content-disposition=attachment%3B%20filename%3Ded6e22c5-fe62-4b92-a84c-956851e42948.flac&x-id=GetObject,0.465049475,34113
ConAam-2022-06-07_07-00.WAV,2022 Conaway North A,2022,6,7,7,0,Agelaius tricolor,Simple Call 2,58.29866791,58.69333267,375,21656,24000,present,https://rfcx-streams-production.s3.eu-west-1.amazonaws.com/2022/06/07/82sjidqz9yro/8fd79d32-ee43-44ae-b943-9405d1aa1113.flac?X-Amz-Algorithm=AWS4-HMAC-SHA256&X-Amz-Content-Sha256=UNSIGNED-PAYLOAD&X-Amz-Credential=AKIA45B7YWBX5HAZMGOU%2F20260223%2Feu-west-1%2Fs3%2Faws4_request&X-Amz-Date=20260223T001934Z&X-Amz-Expires=604800&X-Amz-Signature=e6c34e6c53f5dd16a3da86ddfd4f68d30579f858e522e7ce69a8ad5ea0758c91&X-Amz-SignedHeaders=host&response-content-disposition=attachment%3B%20filename%3D8fd79d32-ee43-44ae-b943-9405d1aa1113.flac&x-id=GetObject,0.412918717,34113
ConAam-2022-06-07_07-10.WAV,2022 Conaway North A,2022,6,7,7,10,Agelaius tricolor,Simple Call 2,49.42933273,49.82400131,375,21656,24000,present,https://rfcx-streams-production.s3.eu-west-1.amazonaws.com/2022/06/07/82sjidqz9yro/b99fefe8-9ad3-434d-bbda-7f047c67862a.flac?X-Amz-Algorithm=AWS4-HMAC-SHA256&X-Amz-Content-Sha256=UNSIGNED-PAYLOAD&X-Amz-Credential=AKIA45B7YWBX5HAZMGOU%2F20260223%2Feu-west-1%2Fs3%2Faws4_request&X-Amz-Date=20260223T001934Z&X-Amz-Expires=604800&X-Amz-Signature=e0819bac9fec097629301a9b4378451a70806abae5891d1fc271424f44ee1ba6&X-Amz-SignedHeaders=host&response-content-disposition=attachment%3B%20filename%3Db99fefe8-9ad3-434d-bbda-7f047c67862a.flac&x-id=GetObject,0.41943568,34113
ConAam-2022-06-07_07-30.WAV,2022 Conaway North A,2022,6,7,7,30,Agelaius tricolor,Simple Call 2,15.04533291,15.43999958,375,21656,24000,present,https://rfcx-streams-production.s3.eu-west-1.amazonaws.com/2022/06/07/82sjidqz9yro/7d5ad824-5fbe-47a7-86d2-0b3f9a735219.flac?X-Amz-Algorithm=AWS4-HMAC-SHA256&X-Amz-Content-Sha256=UNSIGNED-PAYLOAD&X-Amz-Credential=AKIA45B7YWBX5HAZMGOU%2F20260223%2Feu-west-1%2Fs3%2Faws4_request&X-Amz-Date=20260223T001934Z&X-Amz-Expires=604800&X-Amz-Signature=07005aeda2f28ec732d856ab3989108f360fcbdc0e2d11cd9a8f876bf9fb42ae&X-Amz-SignedHeaders=host&response-content-disposition=attachment%3B%20filename%3D7d5ad824-5fbe-47a7-86d2-0b3f9a735219.flac&x-id=GetObject,0.419470549,34113
ConAam-2022-06-07_08-00.WAV,2022 Conaway North A,2022,6,7,8,0,Agelaius tricolor,Simple Call 2,1.888000011,2.282666683,375,21656,24000,present,https://rfcx-streams-production.s3.eu-west-1.amazonaws.com/2022/06/07/82sjidqz9yro/920a3216-54d0-458a-9944-d785d2667481.flac?X-Amz-Algorithm=AWS4-HMAC-SHA256&X-Amz-Content-Sha256=UNSIGNED-PAYLOAD&X-Amz-Credential=AKIA45B7YWBX5HAZMGOU%2F20260223%2Feu-west-1%2Fs3%2Faws4_request&X-Amz-Date=20260223T001934Z&X-Amz-Expires=604800&X-Amz-Signature=d54056eb011d32eef643bd32535bc3f1a6744197c2a82500d73c6965780e60f7&X-Amz-SignedHeaders=host&response-content-disposition=attachment%3B%20filename%3D920a3216-54d0-458a-9944-d785d2667481.flac&x-id=GetObject,0.428430796,34113
ConAam-2022-06-07_08-10.WAV,2022 Conaway North A,2022,6,7,8,10,Agelaius tricolor,Simple Call 2,27.0826664,27.47733307,375,21656,24000,present,https://rfcx-streams-production.s3.eu-west-1.amazonaws.com/2022/06/07/82sjidqz9yro/51a6e797-66d8-42c3-88a8-c7935f760e01.flac?X-Amz-Algorithm=AWS4-HMAC-SHA256&X-Amz-Content-Sha256=UNSIGNED-PAYLOAD&X-Amz-Credential=AKIA45B7YWBX5HAZMGOU%2F20260223%2Feu-west-1%2Fs3%2Faws4_request&X-Amz-Date=20260223T001934Z&X-Amz-Expires=604800&X-Amz-Signature=5d30b751ca704bbcdcf5f79af52aff1c2e6bfc742e1c088b895f803cceae931a&X-Amz-SignedHeaders=host&response-content-disposition=attachment%3B%20filename%3D51a6e797-66d8-42c3-88a8-c7935f760e01.flac&x-id=GetObject,0.437210858,34113
ConAam-2022-06-07_08-20.WAV,2022 Conaway North A,2022,6,7,8,20,Agelaius tricolor,Simple Call 2,39.48266602,39.87733459,375,21656,24000,present,https://rfcx-streams-production.s3.eu-west-1.amazonaws.com/2022/06/07/82sjidqz9yro/567d9dec-6e74-4917-bd52-3d2ac10c4329.flac?X-Amz-Algorithm=AWS4-HMAC-SHA256&X-Amz-Content-Sha256=UNSIGNED-PAYLOAD&X-Amz-Credential=AKIA45B7YWBX5HAZMGOU%2F20260223%2Feu-west-1%2Fs3%2Faws4_request&X-Amz-Date=20260223T001934Z&X-Amz-Expires=604800&X-Amz-Signature=c4d3325e4196e7d0b9ec67017a845e4107e665f231653eae9e6b54c0bf866c29&X-Amz-SignedHeaders=host&response-content-disposition=attachment%3B%20filename%3D567d9dec-6e74-4917-bd52-3d2ac10c4329.flac&x-id=GetObject,0.537223041,34113
ConAam-2022-06-07_09-30.WAV,2022 Conaway North A,2022,6,7,9,30,Agelaius tricolor,Simple Call 2,45.27999878,45.67466736,375,21656,24000,present,https://rfcx-streams-production.s3.eu-west-1.amazonaws.com/2022/06/07/82sjidqz9yro/12b42725-e003-4d49-be65-8cf0a39b034f.flac?X-Amz-Algorithm=AWS4-HMAC-SHA256&X-Amz-Content-Sha256=UNSIGNED-PAYLOAD&X-Amz-Credential=AKIA45B7YWBX5HAZMGOU%2F20260223%2Feu-west-1%2Fs3%2Faws4_request&X-Amz-Date=20260223T001934Z&X-Amz-Expires=604800&X-Amz-Signature=d91e6b6356548d1784246b8ee27ee35226a8a780c83ef01d7878c67885fc5cef&X-Amz-SignedHeaders=host&response-content-disposition=attachment%3B%20filename%3D12b42725-e003-4d49-be65-8cf0a39b034f.flac&x-id=GetObject,0.475922436,34113
ConAam-2022-06-07_10-20.WAV,2022 Conaway North A,2022,6,7,10,20,Agelaius tricolor,Simple Call 2,16.56533241,16.95999908,375,21656,24000,present,https://rfcx-streams-production.s3.eu-west-1.amazonaws.com/2022/06/07/82sjidqz9yro/a4fd32ba-ce23-4aeb-b923-b9a9b2a4a78c.flac?X-Amz-Algorithm=AWS4-HMAC-SHA256&X-Amz-Content-Sha256=UNSIGNED-PAYLOAD&X-Amz-Credential=AKIA45B7YWBX5HAZMGOU%2F20260223%2Feu-west-1%2Fs3%2Faws4_request&X-Amz-Date=20260223T001934Z&X-Amz-Expires=604800&X-Amz-Signature=8bef3f6f71ce033b268f58735a24ffe83c6de9a562a1e4f8a5175c1a02c90ffc&X-Amz-SignedHeaders=host&response-content-disposition=attachment%3B%20filename%3Da4fd32ba-ce23-4aeb-b923-b9a9b2a4a78c.flac&x-id=GetObject,0.475729853,34113
ConAam-2022-06-07_11-10.WAV,2022 Conaway North A,2022,6,7,11,10,Agelaius tricolor,Simple Call 2,58.31999969,58.71466827,375,21656,24000,present,https://rfcx-streams-production.s3.eu-west-1.amazonaws.com/2022/06/07/82sjidqz9yro/6a90d5aa-b939-418b-a807-754603185fe1.flac?X-Amz-Algorithm=AWS4-HMAC-SHA256&X-Amz-Content-Sha256=UNSIGNED-PAYLOAD&X-Amz-Credential=AKIA45B7YWBX5HAZMGOU%2F20260223%2Feu-west-1%2Fs3%2Faws4_request&X-Amz-Date=20260223T001934Z&X-Amz-Expires=604800&X-Amz-Signature=27de8df7454e268300623f85d2ced1aef9482a5022ca66e9154ff6b93d2c1603&X-Amz-SignedHeaders=host&response-content-disposition=attachment%3B%20filename%3D6a90d5aa-b939-418b-a807-754603185fe1.flac&x-id=GetObject,0.506319106,34113
ConAam-2022-06-07_12-00.WAV,2022 Conaway North A,2022,6,7,12,0,Agelaius tricolor,Simple Call 2,14.06400013,14.4586668,375,21656,24000,present,https://rfcx-streams-production.s3.eu-west-1.amazonaws.com/2022/06/07/82sjidqz9yro/3eba56bc-e1b2-4d82-a6fd-389dd28fbbfd.flac?X-Amz-Algorithm=AWS4-HMAC-SHA256&X-Amz-Content-Sha256=UNSIGNED-PAYLOAD&X-Amz-Credential=AKIA45B7YWBX5HAZMGOU%2F20260223%2Feu-west-1%2Fs3%2Faws4_request&X-Amz-Date=20260223T001934Z&X-Amz-Expires=604800&X-Amz-Signature=b1dd35f19f3b0abf39e1b2474d57203fbd66e66069b93c619fe08df4627cbbf4&X-Amz-SignedHeaders=host&response-content-disposition=attachment%3B%20filename%3D3eba56bc-e1b2-4d82-a6fd-389dd28fbbfd.flac&x-id=GetObject,0.475630969,34113
ConAam-2022-06-07_12-20.WAV,2022 Conaway North A,2022,6,7,12,20,Agelaius tricolor,Simple Call 2,41.98933411,42.38399887,375,21656,24000,present,https://rfcx-streams-production.s3.eu-west-1.amazonaws.com/2022/06/07/82sjidqz9yro/413b5470-155a-41ca-bbb9-8153128a3758.flac?X-Amz-Algorithm=AWS4-HMAC-SHA256&X-Amz-Content-Sha256=UNSIGNED-PAYLOAD&X-Amz-Credential=AKIA45B7YWBX5HAZMGOU%2F20260223%2Feu-west-1%2Fs3%2Faws4_request&X-Amz-Date=20260223T001934Z&X-Amz-Expires=604800&X-Amz-Signature=a698de553748a69a14e62982eb878f33e596808af190db079ede5bdb3ab63f7e&X-Amz-SignedHeaders=host&response-content-disposition=attachment%3B%20filename%3D413b5470-155a-41ca-bbb9-8153128a3758.flac&x-id=GetObject,0.54587239,34113
ConAam-2022-06-07_12-30.WAV,2022 Conaway North A,2022,6,7,12,30,Agelaius tricolor,Simple Call 2,43.46666718,43.86133194,375,21656,24000,present,https://rfcx-streams-production.s3.eu-west-1.amazonaws.com/2022/06/07/82sjidqz9yro/0c47be26-5ace-47e7-b38d-49cba7a14c25.flac?X-Amz-Algorithm=AWS4-HMAC-SHA256&X-Amz-Content-Sha256=UNSIGNED-PAYLOAD&X-Amz-Credential=AKIA45B7YWBX5HAZMGOU%2F20260223%2Feu-west-1%2Fs3%2Faws4_request&X-Amz-Date=20260223T001934Z&X-Amz-Expires=604800&X-Amz-Signature=ddaf9fda1c08e622a20237a72fd25f9787fbaf54f2853c9b899aa9e21baabfa4&X-Amz-SignedHeaders=host&response-content-disposition=attachment%3B%20filename%3D0c47be26-5ace-47e7-b38d-49cba7a14c25.flac&x-id=GetObject,0.459681273,34113
ConAam-2022-06-07_12-40.WAV,2022 Conaway North A,2022,6,7,12,40,Agelaius tricolor,Simple Call 2,12.27733326,12.67199993,375,21656,24000,present,https://rfcx-streams-production.s3.eu-west-1.amazonaws.com/2022/06/07/82sjidqz9yro/38ded234-d7e2-482d-8ec9-553ac5dc416f.flac?X-Amz-Algorithm=AWS4-HMAC-SHA256&X-Amz-Content-Sha256=UNSIGNED-PAYLOAD&X-Amz-Credential=AKIA45B7YWBX5HAZMGOU%2F20260223%2Feu-west-1%2Fs3%2Faws4_request&X-Amz-Date=20260223T001934Z&X-Amz-Expires=604800&X-Amz-Signature=cb97fcf81b04d0bc97deaa54cfc1127df85a24920942c1f7dab67af51f96d247&X-Amz-SignedHeaders=host&response-content-disposition=attachment%3B%20filename%3D38ded234-d7e2-482d-8ec9-553ac5dc416f.flac&x-id=GetObject,0.438719422,34113
ConAam-2022-06-07_13-00.WAV,2022 Conaway North A,2022,6,7,13,0,Agelaius tricolor,Simple Call 2,49.05599976,49.45066833,375,21656,24000,present,https://rfcx-streams-production.s3.eu-west-1.amazonaws.com/2022/06/07/82sjidqz9yro/4eb9eda6-5283-4b11-9f09-bd5f56e03cc5.flac?X-Amz-Algorithm=AWS4-HMAC-SHA256&X-Amz-Content-Sha256=UNSIGNED-PAYLOAD&X-Amz-Credential=AKIA45B7YWBX5HAZMGOU%2F20260223%2Feu-west-1%2Fs3%2Faws4_request&X-Amz-Date=20260223T001934Z&X-Amz-Expires=604800&X-Amz-Signature=ef7bc16c39e7a662c852ec786b00997b7ef07180afb0b70a0f060a971f09f3f9&X-Amz-SignedHeaders=host&response-content-disposition=attachment%3B%20filename%3D4eb9eda6-5283-4b11-9f09-bd5f56e03cc5.flac&x-id=GetObject,0.407066047,34113
ConAam-2022-06-07_13-20.WAV,2022 Conaway North A,2022,6,7,13,20,Agelaius tricolor,Simple Call 2,36.0320015,36.42666626,375,21656,24000,present,https://rfcx-streams-production.s3.eu-west-1.amazonaws.com/2022/06/07/82sjidqz9yro/8d23a4ea-04d6-4337-8049-381df108e65f.flac?X-Amz-Algorithm=AWS4-HMAC-SHA256&X-Amz-Content-Sha256=UNSIGNED-PAYLOAD&X-Amz-Credential=AKIA45B7YWBX5HAZMGOU%2F20260223%2Feu-west-1%2Fs3%2Faws4_request&X-Amz-Date=20260223T001934Z&X-Amz-Expires=604800&X-Amz-Signature=e136889ba4195b32cd3cc5be450701498513024fbccb392eeaf8b3b4ffab37fa&X-Amz-SignedHeaders=host&response-content-disposition=attachment%3B%20filename%3D8d23a4ea-04d6-4337-8049-381df108e65f.flac&x-id=GetObject,0.425461829,34113
ConAam-2022-06-07_13-30.WAV,2022 Conaway North A,2022,6,7,13,30,Agelaius tricolor,Simple Call 2,12.40533352,12.80000019,375,21656,24000,present,https://rfcx-streams-production.s3.eu-west-1.amazonaws.com/2022/06/07/82sjidqz9yro/c344c4fa-50b4-4caf-abdf-f52f5d84fcb7.flac?X-Amz-Algorithm=AWS4-HMAC-SHA256&X-Amz-Content-Sha256=UNSIGNED-PAYLOAD&X-Amz-Credential=AKIA45B7YWBX5HAZMGOU%2F20260223%2Feu-west-1%2Fs3%2Faws4_request&X-Amz-Date=20260223T001934Z&X-Amz-Expires=604800&X-Amz-Signature=e07d8e745487923d8f022f787283c5d01f4e8d92e0d5f648666fb76ef7c26124&X-Amz-SignedHeaders=host&response-content-disposition=attachment%3B%20filename%3Dc344c4fa-50b4-4caf-abdf-f52f5d84fcb7.flac&x-id=GetObject,0.471114695,34113
ConAam-2022-06-07_14-10.WAV,2022 Conaway North A,2022,6,7,14,10,Agelaius tricolor,Simple Call 2,21.55200005,21.94666672,375,21656,24000,present,https://rfcx-streams-production.s3.eu-west-1.amazonaws.com/2022/06/07/82sjidqz9yro/a6973583-e454-4ebd-800d-b0113ec88889.flac?X-Amz-Algorithm=AWS4-HMAC-SHA256&X-Amz-Content-Sha256=UNSIGNED-PAYLOAD&X-Amz-Credential=AKIA45B7YWBX5HAZMGOU%2F20260223%2Feu-west-1%2Fs3%2Faws4_request&X-Amz-Date=20260223T001934Z&X-Amz-Expires=604800&X-Amz-Signature=ab5c6b556f22b2ae1c4c00b084aae139ff8e434cd63d38164fac9438a4e4242e&X-Amz-SignedHeaders=host&response-content-disposition=attachment%3B%20filename%3Da6973583-e454-4ebd-800d-b0113ec88889.flac&x-id=GetObject,0.415308863,34113
ConAam-2022-06-07_15-00.WAV,2022 Conaway North A,2022,6,7,15,0,Agelaius tricolor,Simple Call 2,6.874666691,7.269333363,375,21656,24000,present,https://rfcx-streams-production.s3.eu-west-1.amazonaws.com/2022/06/07/82sjidqz9yro/3b06760f-1544-41a0-9da0-6e91a5e2ee13.flac?X-Amz-Algorithm=AWS4-HMAC-SHA256&X-Amz-Content-Sha256=UNSIGNED-PAYLOAD&X-Amz-Credential=AKIA45B7YWBX5HAZMGOU%2F20260223%2Feu-west-1%2Fs3%2Faws4_request&X-Amz-Date=20260223T001934Z&X-Amz-Expires=604800&X-Amz-Signature=f9777313cf8226552beeb975ed4e24253edd00047f3807a284a038fd69e60d39&X-Amz-SignedHeaders=host&response-content-disposition=attachment%3B%20filename%3D3b06760f-1544-41a0-9da0-6e91a5e2ee13.flac&x-id=GetObject,0.469793141,34113
ConAam-2022-06-07_15-20.WAV,2022 Conaway North A,2022,6,7,15,20,Agelaius tricolor,Simple Call 2,29.76533318,30.15999985,375,21656,24000,present,https://rfcx-streams-production.s3.eu-west-1.amazonaws.com/2022/06/07/82sjidqz9yro/be55dd93-93e0-45fc-a772-9ab7b718b541.flac?X-Amz-Algorithm=AWS4-HMAC-SHA256&X-Amz-Content-Sha256=UNSIGNED-PAYLOAD&X-Amz-Credential=AKIA45B7YWBX5HAZMGOU%2F20260223%2Feu-west-1%2Fs3%2Faws4_request&X-Amz-Date=20260223T001935Z&X-Amz-Expires=604800&X-Amz-Signature=3155f402e24e7eee766968cb120170efea9e7f611d52244d9ee18a283eef3ac3&X-Amz-SignedHeaders=host&response-content-disposition=attachment%3B%20filename%3Dbe55dd93-93e0-45fc-a772-9ab7b718b541.flac&x-id=GetObject,0.52866751,34113
ConAam-2022-06-07_15-30.WAV,2022 Conaway North A,2022,6,7,15,30,Agelaius tricolor,Simple Call 2,8.810667038,9.20533371,375,21656,24000,present,https://rfcx-streams-production.s3.eu-west-1.amazonaws.com/2022/06/07/82sjidqz9yro/41aa7507-6e97-4b23-9583-668bca8c7c42.flac?X-Amz-Algorithm=AWS4-HMAC-SHA256&X-Amz-Content-Sha256=UNSIGNED-PAYLOAD&X-Amz-Credential=AKIA45B7YWBX5HAZMGOU%2F20260223%2Feu-west-1%2Fs3%2Faws4_request&X-Amz-Date=20260223T001934Z&X-Amz-Expires=604800&X-Amz-Signature=6e849157048580eba53af774da51d53468838b3a3f6c26aa9499af7d8cefa2e7&X-Amz-SignedHeaders=host&response-content-disposition=attachment%3B%20filename%3D41aa7507-6e97-4b23-9583-668bca8c7c42.flac&x-id=GetObject,0.577162385,34113
ConAam-2022-06-07_15-40.WAV,2022 Conaway North A,2022,6,7,15,40,Agelaius tricolor,Simple Call 2,5.962666512,6.357333183,375,21656,24000,present,https://rfcx-streams-production.s3.eu-west-1.amazonaws.com/2022/06/07/82sjidqz9yro/40004602-c1b9-4bd5-af54-13cba55f072d.flac?X-Amz-Algorithm=AWS4-HMAC-SHA256&X-Amz-Content-Sha256=UNSIGNED-PAYLOAD&X-Amz-Credential=AKIA45B7YWBX5HAZMGOU%2F20260223%2Feu-west-1%2Fs3%2Faws4_request&X-Amz-Date=20260223T001934Z&X-Amz-Expires=604800&X-Amz-Signature=bf5ef801ecf3a73a0ee57dd3517967e1c5863d5360bbfa25f9de67ba3e54de67&X-Amz-SignedHeaders=host&response-content-disposition=attachment%3B%20filename%3D40004602-c1b9-4bd5-af54-13cba55f072d.flac&x-id=GetObject,0.432258457,34113
ConAam-2022-06-07_15-50.WAV,2022 Conaway North A,2022,6,7,15,50,Agelaius tricolor,Simple Call 2,32.4746666,32.86933517,375,21656,24000,present,https://rfcx-streams-production.s3.eu-west-1.amazonaws.com/2022/06/07/82sjidqz9yro/1ba9c079-5d07-409d-aff0-a9131f3a9757.flac?X-Amz-Algorithm=AWS4-HMAC-SHA256&X-Amz-Content-Sha256=UNSIGNED-PAYLOAD&X-Amz-Credential=AKIA45B7YWBX5HAZMGOU%2F20260223%2Feu-west-1%2Fs3%2Faws4_request&X-Amz-Date=20260223T001934Z&X-Amz-Expires=604800&X-Amz-Signature=55c0e13f4821c1592486bd7c31a4d4be3a450336e3d6053db7213482b449c3ae&X-Amz-SignedHeaders=host&response-content-disposition=attachment%3B%20filename%3D1ba9c079-5d07-409d-aff0-a9131f3a9757.flac&x-id=GetObject,0.511391938,34113
ConAam-2022-06-07_16-00.WAV,2022 Conaway North A,2022,6,7,16,0,Agelaius tricolor,Simple Call 2,10.6293335,11.02400017,375,21656,24000,present,https://rfcx-streams-production.s3.eu-west-1.amazonaws.com/2022/06/07/82sjidqz9yro/66d66097-004c-4be2-ad5c-8d767f295cf9.flac?X-Amz-Algorithm=AWS4-HMAC-SHA256&X-Amz-Content-Sha256=UNSIGNED-PAYLOAD&X-Amz-Credential=AKIA45B7YWBX5HAZMGOU%2F20260223%2Feu-west-1%2Fs3%2Faws4_request&X-Amz-Date=20260223T001934Z&X-Amz-Expires=604800&X-Amz-Signature=c3e8753c1c7dff8e3f70fe9185aa2911c656a50f5f35014531bc17d227556213&X-Amz-SignedHeaders=host&response-content-disposition=attachment%3B%20filename%3D66d66097-004c-4be2-ad5c-8d767f295cf9.flac&x-id=GetObject,0.454183251,34113
ConAam-2022-06-07_16-30.WAV,2022 Conaway North A,2022,6,7,16,30,Agelaius tricolor,Simple Call 2,56.80533218,57.20000076,375,21656,24000,present,https://rfcx-streams-production.s3.eu-west-1.amazonaws.com/2022/06/07/82sjidqz9yro/da23fab0-3c19-4136-bb73-09c421639b8d.flac?X-Amz-Algorithm=AWS4-HMAC-SHA256&X-Amz-Content-Sha256=UNSIGNED-PAYLOAD&X-Amz-Credential=AKIA45B7YWBX5HAZMGOU%2F20260223%2Feu-west-1%2Fs3%2Faws4_request&X-Amz-Date=20260223T001934Z&X-Amz-Expires=604800&X-Amz-Signature=c6761591293fb05c191e777fbe3f0782f0177a3364e3635129070fd7b6611b41&X-Amz-SignedHeaders=host&response-content-disposition=attachment%3B%20filename%3Dda23fab0-3c19-4136-bb73-09c421639b8d.flac&x-id=GetObject,0.49702093,34113
ConAam-2022-06-07_16-50.WAV,2022 Conaway North A,2022,6,7,16,50,Agelaius tricolor,Simple Call 2,58.67733383,59.0719986,375,21656,24000,present,https://rfcx-streams-production.s3.eu-west-1.amazonaws.com/2022/06/07/82sjidqz9yro/e3dabf8f-2f0a-42e0-9c5d-e6114d5b35e7.flac?X-Amz-Algorithm=AWS4-HMAC-SHA256&X-Amz-Content-Sha256=UNSIGNED-PAYLOAD&X-Amz-Credential=AKIA45B7YWBX5HAZMGOU%2F20260223%2Feu-west-1%2Fs3%2Faws4_request&X-Amz-Date=20260223T001934Z&X-Amz-Expires=604800&X-Amz-Signature=dfe402e42369cec3506ff607aa209cd670977cf13ab1e720e0afcc30e99ec30c&X-Amz-SignedHeaders=host&response-content-disposition=attachment%3B%20filename%3De3dabf8f-2f0a-42e0-9c5d-e6114d5b35e7.flac&x-id=GetObject,0.498718858,34113
ConAam-2022-06-07_17-10.WAV,2022 Conaway North A,2022,6,7,17,10,Agelaius tricolor,Simple Call 2,44.9066658,45.30133438,375,21656,24000,present,https://rfcx-streams-production.s3.eu-west-1.amazonaws.com/2022/06/08/82sjidqz9yro/1f7976ba-8307-4c53-aa40-63c9f245751a.flac?X-Amz-Algorithm=AWS4-HMAC-SHA256&X-Amz-Content-Sha256=UNSIGNED-PAYLOAD&X-Amz-Credential=AKIA45B7YWBX5HAZMGOU%2F20260223%2Feu-west-1%2Fs3%2Faws4_request&X-Amz-Date=20260223T001934Z&X-Amz-Expires=604800&X-Amz-Signature=1bda06dff3e8507341a82b74bbecf0c4e5154d74f602d2d41ec30982da07b2d6&X-Amz-SignedHeaders=host&response-content-disposition=attachment%3B%20filename%3D1f7976ba-8307-4c53-aa40-63c9f245751a.flac&x-id=GetObject,0.405200422,34113
ConAam-2022-06-07_17-20.WAV,2022 Conaway North A,2022,6,7,17,20,Agelaius tricolor,Simple Call 2,56.92266846,57.31733322,375,21656,24000,present,https://rfcx-streams-production.s3.eu-west-1.amazonaws.com/2022/06/08/82sjidqz9yro/45ddea1c-ca6c-4614-9961-76b84b0342f2.flac?X-Amz-Algorithm=AWS4-HMAC-SHA256&X-Amz-Content-Sha256=UNSIGNED-PAYLOAD&X-Amz-Credential=AKIA45B7YWBX5HAZMGOU%2F20260223%2Feu-west-1%2Fs3%2Faws4_request&X-Amz-Date=20260223T001934Z&X-Amz-Expires=604800&X-Amz-Signature=5cf26fd6573ece29ec17e4d1f12f78e5122befb98e44b251eb66d02cfebebe3f&X-Amz-SignedHeaders=host&response-content-disposition=attachment%3B%20filename%3D45ddea1c-ca6c-4614-9961-76b84b0342f2.flac&x-id=GetObject,0.497287214,34113
ConAam-2022-06-07_17-30.WAV,2022 Conaway North A,2022,6,7,17,30,Agelaius tricolor,Simple Call 2,9.855999947,10.25066662,375,21656,24000,present,https://rfcx-streams-production.s3.eu-west-1.amazonaws.com/2022/06/08/82sjidqz9yro/c3fb2eed-5cda-4474-8486-1772b6ad9cc7.flac?X-Amz-Algorithm=AWS4-HMAC-SHA256&X-Amz-Content-Sha256=UNSIGNED-PAYLOAD&X-Amz-Credential=AKIA45B7YWBX5HAZMGOU%2F20260223%2Feu-west-1%2Fs3%2Faws4_request&X-Amz-Date=20260223T001934Z&X-Amz-Expires=604800&X-Amz-Signature=1b140a203c3f5ff308407c04ef2135364627b923d8355cba2660d258ec31257c&X-Amz-SignedHeaders=host&response-content-disposition=attachment%3B%20filename%3Dc3fb2eed-5cda-4474-8486-1772b6ad9cc7.flac&x-id=GetObject,0.502200663,34113
ConAam-2022-06-07_17-40.WAV,2022 Conaway North A,2022,6,7,17,40,Agelaius tricolor,Simple Call 2,23.88266754,24.27733421,375,21656,24000,present,https://rfcx-streams-production.s3.eu-west-1.amazonaws.com/2022/06/08/82sjidqz9yro/124657c3-3530-4faf-91f8-07d6c6e9e4d5.flac?X-Amz-Algorithm=AWS4-HMAC-SHA256&X-Amz-Content-Sha256=UNSIGNED-PAYLOAD&X-Amz-Credential=AKIA45B7YWBX5HAZMGOU%2F20260223%2Feu-west-1%2Fs3%2Faws4_request&X-Amz-Date=20260223T001934Z&X-Amz-Expires=604800&X-Amz-Signature=d2eaf6d1bcff8baed27a02fa8d0a14722c73c2db26827252460c047c2dcff977&X-Amz-SignedHeaders=host&response-content-disposition=attachment%3B%20filename%3D124657c3-3530-4faf-91f8-07d6c6e9e4d5.flac&x-id=GetObject,0.436439872,34113
ConAam-2022-06-07_17-50.WAV,2022 Conaway North A,2022,6,7,17,50,Agelaius tricolor,Simple Call 2,46.69333267,47.08800125,375,21656,24000,present,https://rfcx-streams-production.s3.eu-west-1.amazonaws.com/2022/06/08/82sjidqz9yro/9b77c986-a80c-4280-a3e5-d1e29f5170ac.flac?X-Amz-Algorithm=AWS4-HMAC-SHA256&X-Amz-Content-Sha256=UNSIGNED-PAYLOAD&X-Amz-Credential=AKIA45B7YWBX5HAZMGOU%2F20260223%2Feu-west-1%2Fs3%2Faws4_request&X-Amz-Date=20260223T001934Z&X-Amz-Expires=604800&X-Amz-Signature=b4d064710c5efdde7c04f3c5943809ba0fd0698f2685d5456c17f8c87b19bb51&X-Amz-SignedHeaders=host&response-content-disposition=attachment%3B%20filename%3D9b77c986-a80c-4280-a3e5-d1e29f5170ac.flac&x-id=GetObject,0.412416816,34113
ConAam-2022-06-07_18-10.WAV,2022 Conaway North A,2022,6,7,18,10,Agelaius tricolor,Simple Call 2,9.904000282,10.29866695,375,21656,24000,present,https://rfcx-streams-production.s3.eu-west-1.amazonaws.com/2022/06/08/82sjidqz9yro/490d92eb-acd7-4c3f-b9c0-0a55f5458a4e.flac?X-Amz-Algorithm=AWS4-HMAC-SHA256&X-Amz-Content-Sha256=UNSIGNED-PAYLOAD&X-Amz-Credential=AKIA45B7YWBX5HAZMGOU%2F20260223%2Feu-west-1%2Fs3%2Faws4_request&X-Amz-Date=20260223T001934Z&X-Amz-Expires=604800&X-Amz-Signature=abc8b52ec1e118b795e551ba60fbbff969d442b804951e72e55a76e25fc2a300&X-Amz-SignedHeaders=host&response-content-disposition=attachment%3B%20filename%3D490d92eb-acd7-4c3f-b9c0-0a55f5458a4e.flac&x-id=GetObject,0.470529526,34113
ConAam-2022-06-07_18-20.WAV,2022 Conaway North A,2022,6,7,18,20,Agelaius tricolor,Simple Call 2,32.40000153,32.79466629,375,21656,24000,present,https://rfcx-streams-production.s3.eu-west-1.amazonaws.com/2022/06/08/82sjidqz9yro/6a86a157-c9bc-4ce6-9bb7-aad3b135affa.flac?X-Amz-Algorithm=AWS4-HMAC-SHA256&X-Amz-Content-Sha256=UNSIGNED-PAYLOAD&X-Amz-Credential=AKIA45B7YWBX5HAZMGOU%2F20260223%2Feu-west-1%2Fs3%2Faws4_request&X-Amz-Date=20260223T001934Z&X-Amz-Expires=604800&X-Amz-Signature=10dfcedaa027bc8cc48668f372698cd530021032d1822d7023e605e200429180&X-Amz-SignedHeaders=host&response-content-disposition=attachment%3B%20filename%3D6a86a157-c9bc-4ce6-9bb7-aad3b135affa.flac&x-id=GetObject,0.404208541,34113
ConAam-2022-06-08_05-30.WAV,2022 Conaway North A,2022,6,8,5,30,Agelaius tricolor,Simple Call 2,10.48533344,10.88000011,375,21656,24000,present,https://rfcx-streams-production.s3.eu-west-1.amazonaws.com/2022/06/08/82sjidqz9yro/11503258-e7bd-47a8-8e6b-41038da07630.flac?X-Amz-Algorithm=AWS4-HMAC-SHA256&X-Amz-Content-Sha256=UNSIGNED-PAYLOAD&X-Amz-Credential=AKIA45B7YWBX5HAZMGOU%2F20260223%2Feu-west-1%2Fs3%2Faws4_request&X-Amz-Date=20260223T001934Z&X-Amz-Expires=604800&X-Amz-Signature=299ac168330f19d0c2c28e3d74e31019886696d2973a9f42049a336ba8c2c394&X-Amz-SignedHeaders=host&response-content-disposition=attachment%3B%20filename%3D11503258-e7bd-47a8-8e6b-41038da07630.flac&x-id=GetObject,0.40073669,34113
ConAam-2022-06-08_06-00.WAV,2022 Conaway North A,2022,6,8,6,0,Agelaius tricolor,Simple Call 2,34.80533218,35.20000076,375,21656,24000,present,https://rfcx-streams-production.s3.eu-west-1.amazonaws.com/2022/06/08/82sjidqz9yro/67ef595d-7d7e-4b5c-9d31-1ec632d88685.flac?X-Amz-Algorithm=AWS4-HMAC-SHA256&X-Amz-Content-Sha256=UNSIGNED-PAYLOAD&X-Amz-Credential=AKIA45B7YWBX5HAZMGOU%2F20260223%2Feu-west-1%2Fs3%2Faws4_request&X-Amz-Date=20260223T001934Z&X-Amz-Expires=604800&X-Amz-Signature=08571025af5d7eb8747ed693e519b56e4146faf25856da5fca818501dc2cc99b&X-Amz-SignedHeaders=host&response-content-disposition=attachment%3B%20filename%3D67ef595d-7d7e-4b5c-9d31-1ec632d88685.flac&x-id=GetObject,0.402410626,34113
ConAam-2022-06-08_06-10.WAV,2022 Conaway North A,2022,6,8,6,10,Agelaius tricolor,Simple Call 2,6.92266655,7.317333221,375,21656,24000,present,https://rfcx-streams-production.s3.eu-west-1.amazonaws.com/2022/06/08/82sjidqz9yro/63000b83-6dac-4062-ab5f-bb06aa224b9f.flac?X-Amz-Algorithm=AWS4-HMAC-SHA256&X-Amz-Content-Sha256=UNSIGNED-PAYLOAD&X-Amz-Credential=AKIA45B7YWBX5HAZMGOU%2F20260223%2Feu-west-1%2Fs3%2Faws4_request&X-Amz-Date=20260223T001934Z&X-Amz-Expires=604800&X-Amz-Signature=0de5d8befcbcf1947c22ff945f3b9f46c020a6a7ca3dac3d109a6d15eb47a246&X-Amz-SignedHeaders=host&response-content-disposition=attachment%3B%20filename%3D63000b83-6dac-4062-ab5f-bb06aa224b9f.flac&x-id=GetObject,0.43878442,34113
ConAam-2022-06-08_06-20.WAV,2022 Conaway North A,2022,6,8,6,20,Agelaius tricolor,Simple Call 2,15.87733364,16.27199936,375,21656,24000,present,https://rfcx-streams-production.s3.eu-west-1.amazonaws.com/2022/06/08/82sjidqz9yro/5c63be31-083b-4231-b3ae-b6db5826e3f2.flac?X-Amz-Algorithm=AWS4-HMAC-SHA256&X-Amz-Content-Sha256=UNSIGNED-PAYLOAD&X-Amz-Credential=AKIA45B7YWBX5HAZMGOU%2F20260223%2Feu-west-1%2Fs3%2Faws4_request&X-Amz-Date=20260223T001934Z&X-Amz-Expires=604800&X-Amz-Signature=6074a0a5b65b2b059d1f0594666ff1d45266b3cc1d0650c9e7b361d1a9e1e443&X-Amz-SignedHeaders=host&response-content-disposition=attachment%3B%20filename%3D5c63be31-083b-4231-b3ae-b6db5826e3f2.flac&x-id=GetObject,0.408239365,34113
ConAam-2022-06-08_06-30.WAV,2022 Conaway North A,2022,6,8,6,30,Agelaius tricolor,Simple Call 2,57.33866501,57.73333359,375,21656,24000,present,https://rfcx-streams-production.s3.eu-west-1.amazonaws.com/2022/06/08/82sjidqz9yro/59fc01b2-3e9f-4ec2-8695-85ebe281c606.flac?X-Amz-Algorithm=AWS4-HMAC-SHA256&X-Amz-Content-Sha256=UNSIGNED-PAYLOAD&X-Amz-Credential=AKIA45B7YWBX5HAZMGOU%2F20260223%2Feu-west-1%2Fs3%2Faws4_request&X-Amz-Date=20260223T001934Z&X-Amz-Expires=604800&X-Amz-Signature=220d26747643d155a00f74b09906ce778e265f3e162b1799ed3a287b01866ef3&X-Amz-SignedHeaders=host&response-content-disposition=attachment%3B%20filename%3D59fc01b2-3e9f-4ec2-8695-85ebe281c606.flac&x-id=GetObject,0.44739154,34113
ConAam-2022-06-08_06-40.WAV,2022 Conaway North A,2022,6,8,6,40,Agelaius tricolor,Simple Call 2,3.279999971,3.674666643,375,21656,24000,present,https://rfcx-streams-production.s3.eu-west-1.amazonaws.com/2022/06/08/82sjidqz9yro/ef57a578-f78e-412f-885c-527235a48c9a.flac?X-Amz-Algorithm=AWS4-HMAC-SHA256&X-Amz-Content-Sha256=UNSIGNED-PAYLOAD&X-Amz-Credential=AKIA45B7YWBX5HAZMGOU%2F20260223%2Feu-west-1%2Fs3%2Faws4_request&X-Amz-Date=20260223T001934Z&X-Amz-Expires=604800&X-Amz-Signature=cd9998a5e676c393a00cb23dca1a1f06c8e9d9dc612b0864696dc806324d8f5c&X-Amz-SignedHeaders=host&response-content-disposition=attachment%3B%20filename%3Def57a578-f78e-412f-885c-527235a48c9a.flac&x-id=GetObject,0.451341301,34113
ConAam-2022-06-08_06-50.WAV,2022 Conaway North A,2022,6,8,6,50,Agelaius tricolor,Simple Call 2,16.61333275,17.00799942,375,21656,24000,present,https://rfcx-streams-production.s3.eu-west-1.amazonaws.com/2022/06/08/82sjidqz9yro/911bbea3-b215-427a-9f7a-7d387567a316.flac?X-Amz-Algorithm=AWS4-HMAC-SHA256&X-Amz-Content-Sha256=UNSIGNED-PAYLOAD&X-Amz-Credential=AKIA45B7YWBX5HAZMGOU%2F20260223%2Feu-west-1%2Fs3%2Faws4_request&X-Amz-Date=20260223T001934Z&X-Amz-Expires=604800&X-Amz-Signature=8d91c7374cfaf768b26aeb118c6c289474af8b06033e1b98cdab4b82444b7152&X-Amz-SignedHeaders=host&response-content-disposition=attachment%3B%20filename%3D911bbea3-b215-427a-9f7a-7d387567a316.flac&x-id=GetObject,0.418276995,34113
ConAam-2022-06-08_07-30.WAV,2022 Conaway North A,2022,6,8,7,30,Agelaius tricolor,Simple Call 2,3.994666576,4.389333248,375,21656,24000,present,https://rfcx-streams-production.s3.eu-west-1.amazonaws.com/2022/06/08/82sjidqz9yro/fa6a5c08-6ea7-4d65-81e8-44063e08d978.flac?X-Amz-Algorithm=AWS4-HMAC-SHA256&X-Amz-Content-Sha256=UNSIGNED-PAYLOAD&X-Amz-Credential=AKIA45B7YWBX5HAZMGOU%2F20260223%2Feu-west-1%2Fs3%2Faws4_request&X-Amz-Date=20260223T001934Z&X-Amz-Expires=604800&X-Amz-Signature=cc098de35cb747f474aa60073175c2ece306987585b33705eecf06913549dcc7&X-Amz-SignedHeaders=host&response-content-disposition=attachment%3B%20filename%3Dfa6a5c08-6ea7-4d65-81e8-44063e08d978.flac&x-id=GetObject,0.4462713,34113
ConAam-2022-06-08_07-40.WAV,2022 Conaway North A,2022,6,8,7,40,Agelaius tricolor,Simple Call 2,6.122666836,6.517333508,375,21656,24000,present,https://rfcx-streams-production.s3.eu-west-1.amazonaws.com/2022/06/08/82sjidqz9yro/7de5f90f-51c1-416e-8f99-d6d55b007467.flac?X-Amz-Algorithm=AWS4-HMAC-SHA256&X-Amz-Content-Sha256=UNSIGNED-PAYLOAD&X-Amz-Credential=AKIA45B7YWBX5HAZMGOU%2F20260223%2Feu-west-1%2Fs3%2Faws4_request&X-Amz-Date=20260223T001934Z&X-Amz-Expires=604800&X-Amz-Signature=74ffa46025a9da02c14d79e30072543dadde7bfc4a6c5e66f8472a757bc4a44c&X-Amz-SignedHeaders=host&response-content-disposition=attachment%3B%20filename%3D7de5f90f-51c1-416e-8f99-d6d55b007467.flac&x-id=GetObject,0.456566572,34113
ConAam-2022-06-08_07-50.WAV,2022 Conaway North A,2022,6,8,7,50,Agelaius tricolor,Simple Call 2,43.82933426,44.22399902,375,21656,24000,present,https://rfcx-streams-production.s3.eu-west-1.amazonaws.com/2022/06/08/82sjidqz9yro/37414ead-5329-4cc6-b155-b96731b0b097.flac?X-Amz-Algorithm=AWS4-HMAC-SHA256&X-Amz-Content-Sha256=UNSIGNED-PAYLOAD&X-Amz-Credential=AKIA45B7YWBX5HAZMGOU%2F20260223%2Feu-west-1%2Fs3%2Faws4_request&X-Amz-Date=20260223T001934Z&X-Amz-Expires=604800&X-Amz-Signature=bf24a838759007083dbf1aab42ed4228b354f1bd67080b6b46b3042d4ac1b4c6&X-Amz-SignedHeaders=host&response-content-disposition=attachment%3B%20filename%3D37414ead-5329-4cc6-b155-b96731b0b097.flac&x-id=GetObject,0.479194522,34113
ConAam-2022-06-08_08-00.WAV,2022 Conaway North A,2022,6,8,8,0,Agelaius tricolor,Simple Call 2,4.58133316,4.975999832,375,21656,24000,present,https://rfcx-streams-production.s3.eu-west-1.amazonaws.com/2022/06/08/82sjidqz9yro/f90f4b5a-e20e-4017-85f8-7ecd6e564381.flac?X-Amz-Algorithm=AWS4-HMAC-SHA256&X-Amz-Content-Sha256=UNSIGNED-PAYLOAD&X-Amz-Credential=AKIA45B7YWBX5HAZMGOU%2F20260223%2Feu-west-1%2Fs3%2Faws4_request&X-Amz-Date=20260223T001934Z&X-Amz-Expires=604800&X-Amz-Signature=d59efde444b964cb7042da3b31c6c4d9dbdd3eb1a77445dc4f3708bcfdb0f9de&X-Amz-SignedHeaders=host&response-content-disposition=attachment%3B%20filename%3Df90f4b5a-e20e-4017-85f8-7ecd6e564381.flac&x-id=GetObject,0.430064648,34113
ConAam-2022-06-08_09-00.WAV,2022 Conaway North A,2022,6,8,9,0,Agelaius tricolor,Simple Call 2,1.066666722,1.461333275,375,21656,24000,present,https://rfcx-streams-production.s3.eu-west-1.amazonaws.com/2022/06/08/82sjidqz9yro/232b8bb2-77af-48b8-9d2d-9f2fe4e4883c.flac?X-Amz-Algorithm=AWS4-HMAC-SHA256&X-Amz-Content-Sha256=UNSIGNED-PAYLOAD&X-Amz-Credential=AKIA45B7YWBX5HAZMGOU%2F20260223%2Feu-west-1%2Fs3%2Faws4_request&X-Amz-Date=20260223T001934Z&X-Amz-Expires=604800&X-Amz-Signature=f3831689dc6b13c439082110e2f518fff17c3d4c5b2b06d9228e3f51df6c922f&X-Amz-SignedHeaders=host&response-content-disposition=attachment%3B%20filename%3D232b8bb2-77af-48b8-9d2d-9f2fe4e4883c.flac&x-id=GetObject,0.420634627,34113
ConAam-2022-06-08_10-20.WAV,2022 Conaway North A,2022,6,8,10,20,Agelaius tricolor,Simple Call 2,0.570666671,0.965333343,375,21656,24000,present,https://rfcx-streams-production.s3.eu-west-1.amazonaws.com/2022/06/08/82sjidqz9yro/6fc2ecbd-feff-4341-b413-20429e31f883.flac?X-Amz-Algorithm=AWS4-HMAC-SHA256&X-Amz-Content-Sha256=UNSIGNED-PAYLOAD&X-Amz-Credential=AKIA45B7YWBX5HAZMGOU%2F20260223%2Feu-west-1%2Fs3%2Faws4_request&X-Amz-Date=20260223T001934Z&X-Amz-Expires=604800&X-Amz-Signature=55f411c311f3b6f7dc8fe724a858004eb4df7b86a367256a8f0ce76563779b99&X-Amz-SignedHeaders=host&response-content-disposition=attachment%3B%20filename%3D6fc2ecbd-feff-4341-b413-20429e31f883.flac&x-id=GetObject,0.555123448,34113
ConAam-2022-06-08_10-30.WAV,2022 Conaway North A,2022,6,8,10,30,Agelaius tricolor,Simple Call 2,0.085333332,0.479999989,375,21656,24000,present,https://rfcx-streams-production.s3.eu-west-1.amazonaws.com/2022/06/08/82sjidqz9yro/c40d2f10-4ccf-4944-bea2-d5cdf9da5975.flac?X-Amz-Algorithm=AWS4-HMAC-SHA256&X-Amz-Content-Sha256=UNSIGNED-PAYLOAD&X-Amz-Credential=AKIA45B7YWBX5HAZMGOU%2F20260223%2Feu-west-1%2Fs3%2Faws4_request&X-Amz-Date=20260223T001934Z&X-Amz-Expires=604800&X-Amz-Signature=746f7ca5faf14bfb3589937b87e1abbe2f647b1d1c20982c8cdef4cea7f72b3a&X-Amz-SignedHeaders=host&response-content-disposition=attachment%3B%20filename%3Dc40d2f10-4ccf-4944-bea2-d5cdf9da5975.flac&x-id=GetObject,0.432347596,34113
ConAam-2022-06-08_10-50.WAV,2022 Conaway North A,2022,6,8,10,50,Agelaius tricolor,Simple Call 2,16.38933372,16.7840004,375,21656,24000,present,https://rfcx-streams-production.s3.eu-west-1.amazonaws.com/2022/06/08/82sjidqz9yro/c8f0c9ee-3e9d-4e4a-a7e3-235803e89226.flac?X-Amz-Algorithm=AWS4-HMAC-SHA256&X-Amz-Content-Sha256=UNSIGNED-PAYLOAD&X-Amz-Credential=AKIA45B7YWBX5HAZMGOU%2F20260223%2Feu-west-1%2Fs3%2Faws4_request&X-Amz-Date=20260223T001934Z&X-Amz-Expires=604800&X-Amz-Signature=1e448cdfbf3684483e73d332b016ae656d24a4c3d2e106a1a4c62b0341745a49&X-Amz-SignedHeaders=host&response-content-disposition=attachment%3B%20filename%3Dc8f0c9ee-3e9d-4e4a-a7e3-235803e89226.flac&x-id=GetObject,0.449513882,34113
ConAam-2022-06-08_11-00.WAV,2022 Conaway North A,2022,6,8,11,0,Agelaius tricolor,Simple Call 2,26.43199921,26.82666588,375,21656,24000,present,https://rfcx-streams-production.s3.eu-west-1.amazonaws.com/2022/06/08/82sjidqz9yro/ab92a63b-059b-4fb7-b342-f765ec9269b6.flac?X-Amz-Algorithm=AWS4-HMAC-SHA256&X-Amz-Content-Sha256=UNSIGNED-PAYLOAD&X-Amz-Credential=AKIA45B7YWBX5HAZMGOU%2F20260223%2Feu-west-1%2Fs3%2Faws4_request&X-Amz-Date=20260223T001934Z&X-Amz-Expires=604800&X-Amz-Signature=cad54c93f65960a650e30bfb7f0bdc1b7c442482b323631c75c6c7ed70316131&X-Amz-SignedHeaders=host&response-content-disposition=attachment%3B%20filename%3Dab92a63b-059b-4fb7-b342-f765ec9269b6.flac&x-id=GetObject,0.505991518,34113
ConAam-2022-06-08_11-10.WAV,2022 Conaway North A,2022,6,8,11,10,Agelaius tricolor,Simple Call 2,18.09600067,18.49066734,375,21656,24000,present,https://rfcx-streams-production.s3.eu-west-1.amazonaws.com/2022/06/08/82sjidqz9yro/ed95e4ee-1a85-42c2-9a08-e9dd433cb828.flac?X-Amz-Algorithm=AWS4-HMAC-SHA256&X-Amz-Content-Sha256=UNSIGNED-PAYLOAD&X-Amz-Credential=AKIA45B7YWBX5HAZMGOU%2F20260223%2Feu-west-1%2Fs3%2Faws4_request&X-Amz-Date=20260223T001934Z&X-Amz-Expires=604800&X-Amz-Signature=9ac907bc9c9ce02dd74d642d09d88f41caaf4fee3e8cae732c2fa9b1dc0a0ceb&X-Amz-SignedHeaders=host&response-content-disposition=attachment%3B%20filename%3Ded95e4ee-1a85-42c2-9a08-e9dd433cb828.flac&x-id=GetObject,0.462595731,34113
ConAam-2022-06-08_11-20.WAV,2022 Conaway North A,2022,6,8,11,20,Agelaius tricolor,Simple Call 2,10.44799995,10.84266663,375,21656,24000,present,https://rfcx-streams-production.s3.eu-west-1.amazonaws.com/2022/06/08/82sjidqz9yro/f553d6dd-5050-4472-a497-6570b817d175.flac?X-Amz-Algorithm=AWS4-HMAC-SHA256&X-Amz-Content-Sha256=UNSIGNED-PAYLOAD&X-Amz-Credential=AKIA45B7YWBX5HAZMGOU%2F20260223%2Feu-west-1%2Fs3%2Faws4_request&X-Amz-Date=20260223T001934Z&X-Amz-Expires=604800&X-Amz-Signature=756db6849371e5254bc8575facaa2d48c2f9e7f480122c59a560492b7b8dbc85&X-Amz-SignedHeaders=host&response-content-disposition=attachment%3B%20filename%3Df553d6dd-5050-4472-a497-6570b817d175.flac&x-id=GetObject,0.423483342,34113
ConAam-2022-06-08_11-30.WAV,2022 Conaway North A,2022,6,8,11,30,Agelaius tricolor,Simple Call 2,47.47200012,47.86666489,375,21656,24000,present,https://rfcx-streams-production.s3.eu-west-1.amazonaws.com/2022/06/08/82sjidqz9yro/2afcc175-8efc-4891-8374-34ce3c34f04b.flac?X-Amz-Algorithm=AWS4-HMAC-SHA256&X-Amz-Content-Sha256=UNSIGNED-PAYLOAD&X-Amz-Credential=AKIA45B7YWBX5HAZMGOU%2F20260223%2Feu-west-1%2Fs3%2Faws4_request&X-Amz-Date=20260223T001934Z&X-Amz-Expires=604800&X-Amz-Signature=c271c129746a2fe17dce5d3ab2d65b6edef39e728cdd6a528d0f845633ba72cd&X-Amz-SignedHeaders=host&response-content-disposition=attachment%3B%20filename%3D2afcc175-8efc-4891-8374-34ce3c34f04b.flac&x-id=GetObject,0.465024859,34113
ConAam-2022-06-08_11-40.WAV,2022 Conaway North A,2022,6,8,11,40,Agelaius tricolor,Simple Call 2,26.11733246,26.51199913,375,21656,24000,present,https://rfcx-streams-production.s3.eu-west-1.amazonaws.com/2022/06/08/82sjidqz9yro/6ed4e65d-8300-44d9-af61-312dd8ca1d7d.flac?X-Amz-Algorithm=AWS4-HMAC-SHA256&X-Amz-Content-Sha256=UNSIGNED-PAYLOAD&X-Amz-Credential=AKIA45B7YWBX5HAZMGOU%2F20260223%2Feu-west-1%2Fs3%2Faws4_request&X-Amz-Date=20260223T001934Z&X-Amz-Expires=604800&X-Amz-Signature=7dac8da05e259baa005bfdda0500a210d40f631a7d181ad62f2bc8e37dc3f017&X-Amz-SignedHeaders=host&response-content-disposition=attachment%3B%20filename%3D6ed4e65d-8300-44d9-af61-312dd8ca1d7d.flac&x-id=GetObject,0.447865635,34113
ConAam-2022-06-08_11-50.WAV,2022 Conaway North A,2022,6,8,11,50,Agelaius tricolor,Simple Call 2,39.29600143,39.6906662,375,21656,24000,present,https://rfcx-streams-production.s3.eu-west-1.amazonaws.com/2022/06/08/82sjidqz9yro/c0285584-695b-477b-91c5-1f0efbce610e.flac?X-Amz-Algorithm=AWS4-HMAC-SHA256&X-Amz-Content-Sha256=UNSIGNED-PAYLOAD&X-Amz-Credential=AKIA45B7YWBX5HAZMGOU%2F20260223%2Feu-west-1%2Fs3%2Faws4_request&X-Amz-Date=20260223T001934Z&X-Amz-Expires=604800&X-Amz-Signature=367e92da4ee485c300ba11aef36b55046078df0e93db26d2cf71bb7aed651e76&X-Amz-SignedHeaders=host&response-content-disposition=attachment%3B%20filename%3Dc0285584-695b-477b-91c5-1f0efbce610e.flac&x-id=GetObject,0.459880233,34113
ConAam-2022-06-08_12-10.WAV,2022 Conaway North A,2022,6,8,12,10,Agelaius tricolor,Simple Call 2,33.65333176,34.04800034,375,21656,24000,present,https://rfcx-streams-production.s3.eu-west-1.amazonaws.com/2022/06/08/82sjidqz9yro/945f5923-a905-4a58-bf6f-f7538685b047.flac?X-Amz-Algorithm=AWS4-HMAC-SHA256&X-Amz-Content-Sha256=UNSIGNED-PAYLOAD&X-Amz-Credential=AKIA45B7YWBX5HAZMGOU%2F20260223%2Feu-west-1%2Fs3%2Faws4_request&X-Amz-Date=20260223T001934Z&X-Amz-Expires=604800&X-Amz-Signature=4c54a3c07eaf0c818054b5b581dc3605a110b4ff0f1e227e5ef2735270464c6e&X-Amz-SignedHeaders=host&response-content-disposition=attachment%3B%20filename%3D945f5923-a905-4a58-bf6f-f7538685b047.flac&x-id=GetObject,0.449712068,34113
ConAam-2022-06-08_12-20.WAV,2022 Conaway North A,2022,6,8,12,20,Agelaius tricolor,Simple Call 2,0.282666653,0.677333355,375,21656,24000,present,https://rfcx-streams-production.s3.eu-west-1.amazonaws.com/2022/06/08/82sjidqz9yro/574cecae-1ea6-4043-b854-856a85b5d325.flac?X-Amz-Algorithm=AWS4-HMAC-SHA256&X-Amz-Content-Sha256=UNSIGNED-PAYLOAD&X-Amz-Credential=AKIA45B7YWBX5HAZMGOU%2F20260223%2Feu-west-1%2Fs3%2Faws4_request&X-Amz-Date=20260223T001934Z&X-Amz-Expires=604800&X-Amz-Signature=a8b0cfa0d15fa891512d2c6276326116719fe0ff7c60375f2023e9a4f1238634&X-Amz-SignedHeaders=host&response-content-disposition=attachment%3B%20filename%3D574cecae-1ea6-4043-b854-856a85b5d325.flac&x-id=GetObject,0.596489906,34113
ConAam-2022-06-08_12-30.WAV,2022 Conaway North A,2022,6,8,12,30,Agelaius tricolor,Simple Call 2,11.85599995,12.25066662,375,21656,24000,present,https://rfcx-streams-production.s3.eu-west-1.amazonaws.com/2022/06/08/82sjidqz9yro/81b02492-d0ff-45e6-b952-e06aa8b3443a.flac?X-Amz-Algorithm=AWS4-HMAC-SHA256&X-Amz-Content-Sha256=UNSIGNED-PAYLOAD&X-Amz-Credential=AKIA45B7YWBX5HAZMGOU%2F20260223%2Feu-west-1%2Fs3%2Faws4_request&X-Amz-Date=20260223T001934Z&X-Amz-Expires=604800&X-Amz-Signature=48d7b0be1c18b99a62c248d398d03fc207f878cbd160a14aa1e1c06271ae807c&X-Amz-SignedHeaders=host&response-content-disposition=attachment%3B%20filename%3D81b02492-d0ff-45e6-b952-e06aa8b3443a.flac&x-id=GetObject,0.494544744,34113
ConAam-2022-06-08_12-40.WAV,2022 Conaway North A,2022,6,8,12,40,Agelaius tricolor,Simple Call 2,12.66133308,13.05599976,375,21656,24000,present,https://rfcx-streams-production.s3.eu-west-1.amazonaws.com/2022/06/08/82sjidqz9yro/edd70e37-d835-447b-b8ec-6eafd8b04d56.flac?X-Amz-Algorithm=AWS4-HMAC-SHA256&X-Amz-Content-Sha256=UNSIGNED-PAYLOAD&X-Amz-Credential=AKIA45B7YWBX5HAZMGOU%2F20260223%2Feu-west-1%2Fs3%2Faws4_request&X-Amz-Date=20260223T001934Z&X-Amz-Expires=604800&X-Amz-Signature=840ae43125088593dc26373e1a53e22402cf5f69340125428c39e372f215cb6a&X-Amz-SignedHeaders=host&response-content-disposition=attachment%3B%20filename%3Dedd70e37-d835-447b-b8ec-6eafd8b04d56.flac&x-id=GetObject,0.457592636,34113
ConAam-2022-06-08_12-50.WAV,2022 Conaway North A,2022,6,8,12,50,Agelaius tricolor,Simple Call 2,1.178666711,1.573333383,375,21656,24000,present,https://rfcx-streams-production.s3.eu-west-1.amazonaws.com/2022/06/08/82sjidqz9yro/57333185-144d-4272-8b76-d70eafffe7af.flac?X-Amz-Algorithm=AWS4-HMAC-SHA256&X-Amz-Content-Sha256=UNSIGNED-PAYLOAD&X-Amz-Credential=AKIA45B7YWBX5HAZMGOU%2F20260223%2Feu-west-1%2Fs3%2Faws4_request&X-Amz-Date=20260223T001934Z&X-Amz-Expires=604800&X-Amz-Signature=ceab2e10e1a76bf756fede990262a1889ef1428968a222c55489cece1799cff8&X-Amz-SignedHeaders=host&response-content-disposition=attachment%3B%20filename%3D57333185-144d-4272-8b76-d70eafffe7af.flac&x-id=GetObject,0.479578167,34113
ConAam-2022-06-08_13-20.WAV,2022 Conaway North A,2022,6,8,13,20,Agelaius tricolor,Simple Call 2,27.64800072,28.04266739,375,21656,24000,present,https://rfcx-streams-production.s3.eu-west-1.amazonaws.com/2022/06/08/82sjidqz9yro/32fbd425-8e05-46b9-8060-730639fe59cd.flac?X-Amz-Algorithm=AWS4-HMAC-SHA256&X-Amz-Content-Sha256=UNSIGNED-PAYLOAD&X-Amz-Credential=AKIA45B7YWBX5HAZMGOU%2F20260223%2Feu-west-1%2Fs3%2Faws4_request&X-Amz-Date=20260223T001934Z&X-Amz-Expires=604800&X-Amz-Signature=927cfb094004f53b09e10bd8598f401cd2f0abdc1ddd7384a759ea509b0f78af&X-Amz-SignedHeaders=host&response-content-disposition=attachment%3B%20filename%3D32fbd425-8e05-46b9-8060-730639fe59cd.flac&x-id=GetObject,0.546654999,34113
ConAam-2022-06-08_13-30.WAV,2022 Conaway North A,2022,6,8,13,30,Agelaius tricolor,Simple Call 2,27.0933342,27.48800087,375,21656,24000,present,https://rfcx-streams-production.s3.eu-west-1.amazonaws.com/2022/06/08/82sjidqz9yro/7ceb8563-f784-4a2a-bce7-4d0e5fac3b6a.flac?X-Amz-Algorithm=AWS4-HMAC-SHA256&X-Amz-Content-Sha256=UNSIGNED-PAYLOAD&X-Amz-Credential=AKIA45B7YWBX5HAZMGOU%2F20260223%2Feu-west-1%2Fs3%2Faws4_request&X-Amz-Date=20260223T001934Z&X-Amz-Expires=604800&X-Amz-Signature=9e5ad3d4a8fcc41256c576856a31eaf59bc54057027c957e8cfb91cadf38cd2f&X-Amz-SignedHeaders=host&response-content-disposition=attachment%3B%20filename%3D7ceb8563-f784-4a2a-bce7-4d0e5fac3b6a.flac&x-id=GetObject,0.536528587,34113
ConAam-2022-06-08_14-00.WAV,2022 Conaway North A,2022,6,8,14,0,Agelaius tricolor,Simple Call 2,35.58399963,35.97866821,375,21656,24000,present,https://rfcx-streams-production.s3.eu-west-1.amazonaws.com/2022/06/08/82sjidqz9yro/4d6669fb-8417-40bd-a11b-c4fdc210ef35.flac?X-Amz-Algorithm=AWS4-HMAC-SHA256&X-Amz-Content-Sha256=UNSIGNED-PAYLOAD&X-Amz-Credential=AKIA45B7YWBX5HAZMGOU%2F20260223%2Feu-west-1%2Fs3%2Faws4_request&X-Amz-Date=20260223T001934Z&X-Amz-Expires=604800&X-Amz-Signature=f47357fe1f0098bcf23f65ecdb0c1dfdee38c82fdacc5991d22c5a9cfa87dea9&X-Amz-SignedHeaders=host&response-content-disposition=attachment%3B%20filename%3D4d6669fb-8417-40bd-a11b-c4fdc210ef35.flac&x-id=GetObject,0.434455067,34113
ConAam-2022-06-08_14-10.WAV,2022 Conaway North A,2022,6,8,14,10,Agelaius tricolor,Simple Call 2,54.18133163,54.57600021,375,21656,24000,present,https://rfcx-streams-production.s3.eu-west-1.amazonaws.com/2022/06/08/82sjidqz9yro/35e57a18-067f-4d42-8a7a-5dfdc0dcdb5c.flac?X-Amz-Algorithm=AWS4-HMAC-SHA256&X-Amz-Content-Sha256=UNSIGNED-PAYLOAD&X-Amz-Credential=AKIA45B7YWBX5HAZMGOU%2F20260223%2Feu-west-1%2Fs3%2Faws4_request&X-Amz-Date=20260223T001934Z&X-Amz-Expires=604800&X-Amz-Signature=e72a3f50d6a2e990d2e536f07d23e8ab616d39dc57b8d59e7fce27fd053667f1&X-Amz-SignedHeaders=host&response-content-disposition=attachment%3B%20filename%3D35e57a18-067f-4d42-8a7a-5dfdc0dcdb5c.flac&x-id=GetObject,0.483190596,34113
ConAam-2022-06-08_14-20.WAV,2022 Conaway North A,2022,6,8,14,20,Agelaius tricolor,Simple Call 2,6.656000137,7.050666809,375,21656,24000,present,https://rfcx-streams-production.s3.eu-west-1.amazonaws.com/2022/06/08/82sjidqz9yro/7ba051f2-9077-4361-a7e1-e1156bab0d66.flac?X-Amz-Algorithm=AWS4-HMAC-SHA256&X-Amz-Content-Sha256=UNSIGNED-PAYLOAD&X-Amz-Credential=AKIA45B7YWBX5HAZMGOU%2F20260223%2Feu-west-1%2Fs3%2Faws4_request&X-Amz-Date=20260223T001934Z&X-Amz-Expires=604800&X-Amz-Signature=3166f5fe70612dcff56a1b9167a8dd7ba74780130b5a17543750621decc65dac&X-Amz-SignedHeaders=host&response-content-disposition=attachment%3B%20filename%3D7ba051f2-9077-4361-a7e1-e1156bab0d66.flac&x-id=GetObject,0.491689503,34113
ConAam-2022-06-08_15-10.WAV,2022 Conaway North A,2022,6,8,15,10,Agelaius tricolor,Simple Call 2,20.17066574,20.56533241,375,21656,24000,present,https://rfcx-streams-production.s3.eu-west-1.amazonaws.com/2022/06/08/82sjidqz9yro/b11ecec2-b524-4538-9758-3ace14ff5121.flac?X-Amz-Algorithm=AWS4-HMAC-SHA256&X-Amz-Content-Sha256=UNSIGNED-PAYLOAD&X-Amz-Credential=AKIA45B7YWBX5HAZMGOU%2F20260223%2Feu-west-1%2Fs3%2Faws4_request&X-Amz-Date=20260223T001934Z&X-Amz-Expires=604800&X-Amz-Signature=051f1a906b7483012a4c5b585a5ef9d449ad97ec2500920994019e1a0522b932&X-Amz-SignedHeaders=host&response-content-disposition=attachment%3B%20filename%3Db11ecec2-b524-4538-9758-3ace14ff5121.flac&x-id=GetObject,0.424082428,34113
ConAam-2022-06-08_15-30.WAV,2022 Conaway North A,2022,6,8,15,30,Agelaius tricolor,Simple Call 2,49.82933426,50.22399902,375,21656,24000,present,https://rfcx-streams-production.s3.eu-west-1.amazonaws.com/2022/06/08/82sjidqz9yro/d6e285c2-2801-4d12-9862-abbca0f7821f.flac?X-Amz-Algorithm=AWS4-HMAC-SHA256&X-Amz-Content-Sha256=UNSIGNED-PAYLOAD&X-Amz-Credential=AKIA45B7YWBX5HAZMGOU%2F20260223%2Feu-west-1%2Fs3%2Faws4_request&X-Amz-Date=20260223T001934Z&X-Amz-Expires=604800&X-Amz-Signature=cce440043363542b02c21b8e37401c5edb67720b770e011e6a176c8ce620b70b&X-Amz-SignedHeaders=host&response-content-disposition=attachment%3B%20filename%3Dd6e285c2-2801-4d12-9862-abbca0f7821f.flac&x-id=GetObject,0.411420584,34113
ConAam-2022-06-08_15-40.WAV,2022 Conaway North A,2022,6,8,15,40,Agelaius tricolor,Simple Call 2,50.58666611,50.98133469,375,21656,24000,present,https://rfcx-streams-production.s3.eu-west-1.amazonaws.com/2022/06/08/82sjidqz9yro/36994d91-48b0-44c8-9ec9-e22cb7990aa6.flac?X-Amz-Algorithm=AWS4-HMAC-SHA256&X-Amz-Content-Sha256=UNSIGNED-PAYLOAD&X-Amz-Credential=AKIA45B7YWBX5HAZMGOU%2F20260223%2Feu-west-1%2Fs3%2Faws4_request&X-Amz-Date=20260223T001934Z&X-Amz-Expires=604800&X-Amz-Signature=bae74a511acd2d4a872a58834350652156ef6bfcd2bfa643e9280e31830f6996&X-Amz-SignedHeaders=host&response-content-disposition=attachment%3B%20filename%3D36994d91-48b0-44c8-9ec9-e22cb7990aa6.flac&x-id=GetObject,0.422703981,34113
ConAam-2022-06-08_15-50.WAV,2022 Conaway North A,2022,6,8,15,50,Agelaius tricolor,Simple Call 2,48.41066742,48.80533218,375,21656,24000,present,https://rfcx-streams-production.s3.eu-west-1.amazonaws.com/2022/06/08/82sjidqz9yro/d13caa75-f7aa-4464-8db0-44ca95247f7b.flac?X-Amz-Algorithm=AWS4-HMAC-SHA256&X-Amz-Content-Sha256=UNSIGNED-PAYLOAD&X-Amz-Credential=AKIA45B7YWBX5HAZMGOU%2F20260223%2Feu-west-1%2Fs3%2Faws4_request&X-Amz-Date=20260223T001934Z&X-Amz-Expires=604800&X-Amz-Signature=4eeff2195db0f57228b8258bd1d8d97b920203158706fcb0a9eaae5ac2eb0de1&X-Amz-SignedHeaders=host&response-content-disposition=attachment%3B%20filename%3Dd13caa75-f7aa-4464-8db0-44ca95247f7b.flac&x-id=GetObject,0.470211804,34113
ConAam-2022-06-08_16-00.WAV,2022 Conaway North A,2022,6,8,16,0,Agelaius tricolor,Simple Call 2,3.317333221,3.711999893,375,21656,24000,present,https://rfcx-streams-production.s3.eu-west-1.amazonaws.com/2022/06/08/82sjidqz9yro/894ba3dc-49d5-4c6f-9203-ef40c093a3ca.flac?X-Amz-Algorithm=AWS4-HMAC-SHA256&X-Amz-Content-Sha256=UNSIGNED-PAYLOAD&X-Amz-Credential=AKIA45B7YWBX5HAZMGOU%2F20260223%2Feu-west-1%2Fs3%2Faws4_request&X-Amz-Date=20260223T001934Z&X-Amz-Expires=604800&X-Amz-Signature=e1b74a1449bf46d35e8429dc583bb362d837cfee23c4f2d2836ae64ad2a399dc&X-Amz-SignedHeaders=host&response-content-disposition=attachment%3B%20filename%3D894ba3dc-49d5-4c6f-9203-ef40c093a3ca.flac&x-id=GetObject,0.43996796,34113
ConAam-2022-06-08_16-10.WAV,2022 Conaway North A,2022,6,8,16,10,Agelaius tricolor,Simple Call 2,20.11733246,20.51199913,375,21656,24000,present,https://rfcx-streams-production.s3.eu-west-1.amazonaws.com/2022/06/08/82sjidqz9yro/1a62386e-79ba-47e9-bf82-ae752dac3fe8.flac?X-Amz-Algorithm=AWS4-HMAC-SHA256&X-Amz-Content-Sha256=UNSIGNED-PAYLOAD&X-Amz-Credential=AKIA45B7YWBX5HAZMGOU%2F20260223%2Feu-west-1%2Fs3%2Faws4_request&X-Amz-Date=20260223T001934Z&X-Amz-Expires=604800&X-Amz-Signature=6840b060210e879411e43c643ec4177ae77c15f4a726be1291942ba9e3dfa569&X-Amz-SignedHeaders=host&response-content-disposition=attachment%3B%20filename%3D1a62386e-79ba-47e9-bf82-ae752dac3fe8.flac&x-id=GetObject,0.535814464,34113
ConAam-2022-06-08_16-20.WAV,2022 Conaway North A,2022,6,8,16,20,Agelaius tricolor,Simple Call 2,21.14133263,21.5359993,375,21656,24000,present,https://rfcx-streams-production.s3.eu-west-1.amazonaws.com/2022/06/08/82sjidqz9yro/07faff5b-d1fe-4730-a590-b5e536806532.flac?X-Amz-Algorithm=AWS4-HMAC-SHA256&X-Amz-Content-Sha256=UNSIGNED-PAYLOAD&X-Amz-Credential=AKIA45B7YWBX5HAZMGOU%2F20260223%2Feu-west-1%2Fs3%2Faws4_request&X-Amz-Date=20260223T001934Z&X-Amz-Expires=604800&X-Amz-Signature=508091953fba82fc49223aee220cae50378f0e3a97983783d42a792e176c6946&X-Amz-SignedHeaders=host&response-content-disposition=attachment%3B%20filename%3D07faff5b-d1fe-4730-a590-b5e536806532.flac&x-id=GetObject,0.491611898,34113
ConAam-2022-06-08_16-30.WAV,2022 Conaway North A,2022,6,8,16,30,Agelaius tricolor,Simple Call 2,5.930666447,6.325333118,375,21656,24000,present,https://rfcx-streams-production.s3.eu-west-1.amazonaws.com/2022/06/08/82sjidqz9yro/15fa9368-1163-4874-9b74-ee5325db7c94.flac?X-Amz-Algorithm=AWS4-HMAC-SHA256&X-Amz-Content-Sha256=UNSIGNED-PAYLOAD&X-Amz-Credential=AKIA45B7YWBX5HAZMGOU%2F20260223%2Feu-west-1%2Fs3%2Faws4_request&X-Amz-Date=20260223T001934Z&X-Amz-Expires=604800&X-Amz-Signature=48916afca389d8069a63e4c7973db61589d15b70027b866c6a1cd23fccc73c00&X-Amz-SignedHeaders=host&response-content-disposition=attachment%3B%20filename%3D15fa9368-1163-4874-9b74-ee5325db7c94.flac&x-id=GetObject,0.480065852,34113
ConAam-2022-06-08_16-40.WAV,2022 Conaway North A,2022,6,8,16,40,Agelaius tricolor,Simple Call 2,6.789333344,7.184000015,375,21656,24000,present,https://rfcx-streams-production.s3.eu-west-1.amazonaws.com/2022/06/08/82sjidqz9yro/951b5d18-026a-4aa8-9e70-a8b4859f30e4.flac?X-Amz-Algorithm=AWS4-HMAC-SHA256&X-Amz-Content-Sha256=UNSIGNED-PAYLOAD&X-Amz-Credential=AKIA45B7YWBX5HAZMGOU%2F20260223%2Feu-west-1%2Fs3%2Faws4_request&X-Amz-Date=20260223T001934Z&X-Amz-Expires=604800&X-Amz-Signature=fa33136bcefc460316f9da8ef621fab7c0678ca758262a22263b5ca21b9b65b5&X-Amz-SignedHeaders=host&response-content-disposition=attachment%3B%20filename%3D951b5d18-026a-4aa8-9e70-a8b4859f30e4.flac&x-id=GetObject,0.426662028,34113
ConAam-2022-06-08_16-50.WAV,2022 Conaway North A,2022,6,8,16,50,Agelaius tricolor,Simple Call 2,17.30666733,17.701334,375,21656,24000,present,https://rfcx-streams-production.s3.eu-west-1.amazonaws.com/2022/06/08/82sjidqz9yro/e610a27b-c6cb-4af4-8121-706d69867700.flac?X-Amz-Algorithm=AWS4-HMAC-SHA256&X-Amz-Content-Sha256=UNSIGNED-PAYLOAD&X-Amz-Credential=AKIA45B7YWBX5HAZMGOU%2F20260223%2Feu-west-1%2Fs3%2Faws4_request&X-Amz-Date=20260223T001934Z&X-Amz-Expires=604800&X-Amz-Signature=ba83e8cc5f6f4c3b4a64bafaf49f60f9510541230eb57eab01c759c304838d12&X-Amz-SignedHeaders=host&response-content-disposition=attachment%3B%20filename%3De610a27b-c6cb-4af4-8121-706d69867700.flac&x-id=GetObject,0.43449977,34113
ConAam-2022-06-08_17-00.WAV,2022 Conaway North A,2022,6,8,17,0,Agelaius tricolor,Simple Call 2,10.70400047,11.09866619,375,21656,24000,present,https://rfcx-streams-production.s3.eu-west-1.amazonaws.com/2022/06/09/82sjidqz9yro/5b2a935d-a5f3-4a57-a365-2655a87e575f.flac?X-Amz-Algorithm=AWS4-HMAC-SHA256&X-Amz-Content-Sha256=UNSIGNED-PAYLOAD&X-Amz-Credential=AKIA45B7YWBX5HAZMGOU%2F20260223%2Feu-west-1%2Fs3%2Faws4_request&X-Amz-Date=20260223T001934Z&X-Amz-Expires=604800&X-Amz-Signature=76e60907585e720df983afce4d2b5b5169022bba3b32c590a2f83346561018b7&X-Amz-SignedHeaders=host&response-content-disposition=attachment%3B%20filename%3D5b2a935d-a5f3-4a57-a365-2655a87e575f.flac&x-id=GetObject,0.401755273,34113
ConAam-2022-06-08_17-10.WAV,2022 Conaway North A,2022,6,8,17,10,Agelaius tricolor,Simple Call 2,34.61333466,35.00799942,375,21656,24000,present,https://rfcx-streams-production.s3.eu-west-1.amazonaws.com/2022/06/09/82sjidqz9yro/2bfef74d-04ae-488c-89b3-0a01fc2a8a6b.flac?X-Amz-Algorithm=AWS4-HMAC-SHA256&X-Amz-Content-Sha256=UNSIGNED-PAYLOAD&X-Amz-Credential=AKIA45B7YWBX5HAZMGOU%2F20260223%2Feu-west-1%2Fs3%2Faws4_request&X-Amz-Date=20260223T001934Z&X-Amz-Expires=604800&X-Amz-Signature=1352ec9d4cdb6213c8b4af1ad315c5e9aa2c9ce230c5f7eb50a38220c33d6d12&X-Amz-SignedHeaders=host&response-content-disposition=attachment%3B%20filename%3D2bfef74d-04ae-488c-89b3-0a01fc2a8a6b.flac&x-id=GetObject,0.454520136,34113
ConAam-2022-06-08_17-20.WAV,2022 Conaway North A,2022,6,8,17,20,Agelaius tricolor,Simple Call 2,53.19466782,53.58933258,375,21656,24000,present,https://rfcx-streams-production.s3.eu-west-1.amazonaws.com/2022/06/09/82sjidqz9yro/3ff95ce6-e7c3-404d-9889-fc808d6b16ef.flac?X-Amz-Algorithm=AWS4-HMAC-SHA256&X-Amz-Content-Sha256=UNSIGNED-PAYLOAD&X-Amz-Credential=AKIA45B7YWBX5HAZMGOU%2F20260223%2Feu-west-1%2Fs3%2Faws4_request&X-Amz-Date=20260223T001934Z&X-Amz-Expires=604800&X-Amz-Signature=6f39176dbf76fc20ab2f2a40be2633fe320b8f9cf781f57ca8472358a87b47f0&X-Amz-SignedHeaders=host&response-content-disposition=attachment%3B%20filename%3D3ff95ce6-e7c3-404d-9889-fc808d6b16ef.flac&x-id=GetObject,0.443650156,34113
ConAam-2022-06-08_17-30.WAV,2022 Conaway North A,2022,6,8,17,30,Agelaius tricolor,Simple Call 2,45.63199997,46.02666855,375,21656,24000,present,https://rfcx-streams-production.s3.eu-west-1.amazonaws.com/2022/06/09/82sjidqz9yro/f9f6d036-e3e9-4e69-8f0a-c49dad9fe825.flac?X-Amz-Algorithm=AWS4-HMAC-SHA256&X-Amz-Content-Sha256=UNSIGNED-PAYLOAD&X-Amz-Credential=AKIA45B7YWBX5HAZMGOU%2F20260223%2Feu-west-1%2Fs3%2Faws4_request&X-Amz-Date=20260223T001934Z&X-Amz-Expires=604800&X-Amz-Signature=d7d9d8f43eb67bf134371d6b8642e3a0d5085ececf6c5a016ca458f26fa49216&X-Amz-SignedHeaders=host&response-content-disposition=attachment%3B%20filename%3Df9f6d036-e3e9-4e69-8f0a-c49dad9fe825.flac&x-id=GetObject,0.461851835,34113
ConAam-2022-06-08_17-40.WAV,2022 Conaway North A,2022,6,8,17,40,Agelaius tricolor,Simple Call 2,3.263999939,3.658666611,375,21656,24000,present,https://rfcx-streams-production.s3.eu-west-1.amazonaws.com/2022/06/09/82sjidqz9yro/47a8f451-2784-4624-b326-43ddeeeaa921.flac?X-Amz-Algorithm=AWS4-HMAC-SHA256&X-Amz-Content-Sha256=UNSIGNED-PAYLOAD&X-Amz-Credential=AKIA45B7YWBX5HAZMGOU%2F20260223%2Feu-west-1%2Fs3%2Faws4_request&X-Amz-Date=20260223T001934Z&X-Amz-Expires=604800&X-Amz-Signature=ca5cc85a1d6f6dee6ab1a2151d9c58f8c502a18450ec81c9b807239da9780bc3&X-Amz-SignedHeaders=host&response-content-disposition=attachment%3B%20filename%3D47a8f451-2784-4624-b326-43ddeeeaa921.flac&x-id=GetObject,0.540512979,34113
ConAam-2022-06-08_17-50.WAV,2022 Conaway North A,2022,6,8,17,50,Agelaius tricolor,Simple Call 2,51.01866531,51.41333389,375,21656,24000,present,https://rfcx-streams-production.s3.eu-west-1.amazonaws.com/2022/06/09/82sjidqz9yro/8ff3154f-7e37-4299-a297-db768718dab8.flac?X-Amz-Algorithm=AWS4-HMAC-SHA256&X-Amz-Content-Sha256=UNSIGNED-PAYLOAD&X-Amz-Credential=AKIA45B7YWBX5HAZMGOU%2F20260223%2Feu-west-1%2Fs3%2Faws4_request&X-Amz-Date=20260223T001934Z&X-Amz-Expires=604800&X-Amz-Signature=3af0742b29d70a2aaaf93a56e84d4ba257d1f6376dd8c5dfd347d25f0967f81c&X-Amz-SignedHeaders=host&response-content-disposition=attachment%3B%20filename%3D8ff3154f-7e37-4299-a297-db768718dab8.flac&x-id=GetObject,0.433040857,34113
ConAam-2022-06-08_18-10.WAV,2022 Conaway North A,2022,6,8,18,10,Agelaius tricolor,Simple Call 2,56.40533447,56.79999924,375,21656,24000,present,https://rfcx-streams-production.s3.eu-west-1.amazonaws.com/2022/06/09/82sjidqz9yro/2d340da1-3e29-46ef-b087-6980d70baa78.flac?X-Amz-Algorithm=AWS4-HMAC-SHA256&X-Amz-Content-Sha256=UNSIGNED-PAYLOAD&X-Amz-Credential=AKIA45B7YWBX5HAZMGOU%2F20260223%2Feu-west-1%2Fs3%2Faws4_request&X-Amz-Date=20260223T001934Z&X-Amz-Expires=604800&X-Amz-Signature=30cc55d0d50ddc130d1bed5bc2b7552e6d5e63fd1d0798f8aa9100f0276c9760&X-Amz-SignedHeaders=host&response-content-disposition=attachment%3B%20filename%3D2d340da1-3e29-46ef-b087-6980d70baa78.flac&x-id=GetObject,0.438607603,34113
ConAam-2022-06-08_18-20.WAV,2022 Conaway North A,2022,6,8,18,20,Agelaius tricolor,Simple Call 2,0.517333329,0.912,375,21656,24000,present,https://rfcx-streams-production.s3.eu-west-1.amazonaws.com/2022/06/09/82sjidqz9yro/276874c6-60f1-447c-944b-55eacde7beb5.flac?X-Amz-Algorithm=AWS4-HMAC-SHA256&X-Amz-Content-Sha256=UNSIGNED-PAYLOAD&X-Amz-Credential=AKIA45B7YWBX5HAZMGOU%2F20260223%2Feu-west-1%2Fs3%2Faws4_request&X-Amz-Date=20260223T001934Z&X-Amz-Expires=604800&X-Amz-Signature=e98726fbd4c0211a457e8f6bfb29a8b5741db19b8f034597539dfd4744423ae0&X-Amz-SignedHeaders=host&response-content-disposition=attachment%3B%20filename%3D276874c6-60f1-447c-944b-55eacde7beb5.flac&x-id=GetObject,0.527523041,34113
ConAam-2022-06-08_19-00.WAV,2022 Conaway North A,2022,6,8,19,0,Agelaius tricolor,Simple Call 2,44.54399872,44.9386673,375,21656,24000,present,https://rfcx-streams-production.s3.eu-west-1.amazonaws.com/2022/06/09/82sjidqz9yro/727c463d-0c9d-4442-a54f-aa9c52446064.flac?X-Amz-Algorithm=AWS4-HMAC-SHA256&X-Amz-Content-Sha256=UNSIGNED-PAYLOAD&X-Amz-Credential=AKIA45B7YWBX5HAZMGOU%2F20260223%2Feu-west-1%2Fs3%2Faws4_request&X-Amz-Date=20260223T001934Z&X-Amz-Expires=604800&X-Amz-Signature=46be69eef2be6f9ef46f46a2b2bd70673d8e66eeac5d562e070374c46831fab6&X-Amz-SignedHeaders=host&response-content-disposition=attachment%3B%20filename%3D727c463d-0c9d-4442-a54f-aa9c52446064.flac&x-id=GetObject,0.480817169,34113
ConAam-2022-06-08_19-30.WAV,2022 Conaway North A,2022,6,8,19,30,Agelaius tricolor,Simple Call 2,8.677332878,9.07199955,375,21656,24000,present,https://rfcx-streams-production.s3.eu-west-1.amazonaws.com/2022/06/09/82sjidqz9yro/7a6a2297-53dd-449a-8610-e15897f98789.flac?X-Amz-Algorithm=AWS4-HMAC-SHA256&X-Amz-Content-Sha256=UNSIGNED-PAYLOAD&X-Amz-Credential=AKIA45B7YWBX5HAZMGOU%2F20260223%2Feu-west-1%2Fs3%2Faws4_request&X-Amz-Date=20260223T001934Z&X-Amz-Expires=604800&X-Amz-Signature=e92f31c56412fabe707898f1e671264c72dca5d63e1677c6cd769c75a8510ae8&X-Amz-SignedHeaders=host&response-content-disposition=attachment%3B%20filename%3D7a6a2297-53dd-449a-8610-e15897f98789.flac&x-id=GetObject,0.472131461,34113
ConAam-2022-06-09_05-30.WAV,2022 Conaway North A,2022,6,9,5,30,Agelaius tricolor,Simple Call 2,39.88266754,40.27733231,375,21656,24000,present,https://rfcx-streams-production.s3.eu-west-1.amazonaws.com/2022/06/09/82sjidqz9yro/a41e9fe9-7d48-413d-a613-74bda549c72f.flac?X-Amz-Algorithm=AWS4-HMAC-SHA256&X-Amz-Content-Sha256=UNSIGNED-PAYLOAD&X-Amz-Credential=AKIA45B7YWBX5HAZMGOU%2F20260223%2Feu-west-1%2Fs3%2Faws4_request&X-Amz-Date=20260223T001935Z&X-Amz-Expires=604800&X-Amz-Signature=b8ea3d2dde219aacc26cda359042dc1819951746737aeba0a2700f2bebae94f8&X-Amz-SignedHeaders=host&response-content-disposition=attachment%3B%20filename%3Da41e9fe9-7d48-413d-a613-74bda549c72f.flac&x-id=GetObject,0.432893991,34113
ConAam-2022-06-09_05-40.WAV,2022 Conaway North A,2022,6,9,5,40,Agelaius tricolor,Simple Call 2,12.37333298,12.76799965,375,21656,24000,present,https://rfcx-streams-production.s3.eu-west-1.amazonaws.com/2022/06/09/82sjidqz9yro/4f0478e9-6ff1-4655-9b4d-f22ace4f679c.flac?X-Amz-Algorithm=AWS4-HMAC-SHA256&X-Amz-Content-Sha256=UNSIGNED-PAYLOAD&X-Amz-Credential=AKIA45B7YWBX5HAZMGOU%2F20260223%2Feu-west-1%2Fs3%2Faws4_request&X-Amz-Date=20260223T001935Z&X-Amz-Expires=604800&X-Amz-Signature=15482305087f638134d5d1bef2fff666d30ca3ed4a9d258926c8be311f7f6d9e&X-Amz-SignedHeaders=host&response-content-disposition=attachment%3B%20filename%3D4f0478e9-6ff1-4655-9b4d-f22ace4f679c.flac&x-id=GetObject,0.47198832,34113
ConAam-2022-06-09_06-10.WAV,2022 Conaway North A,2022,6,9,6,10,Agelaius tricolor,Simple Call 2,31.37599945,31.77066612,375,21656,24000,present,https://rfcx-streams-production.s3.eu-west-1.amazonaws.com/2022/06/09/82sjidqz9yro/f695790d-e52c-4737-9450-20dc48d4ea5c.flac?X-Amz-Algorithm=AWS4-HMAC-SHA256&X-Amz-Content-Sha256=UNSIGNED-PAYLOAD&X-Amz-Credential=AKIA45B7YWBX5HAZMGOU%2F20260223%2Feu-west-1%2Fs3%2Faws4_request&X-Amz-Date=20260223T001934Z&X-Amz-Expires=604800&X-Amz-Signature=b83b27a1a3c9ac5dd56237d6ce2aff7ce252c4fe5764d083c8339897bef132c6&X-Amz-SignedHeaders=host&response-content-disposition=attachment%3B%20filename%3Df695790d-e52c-4737-9450-20dc48d4ea5c.flac&x-id=GetObject,0.477381974,34113
ConAam-2022-06-09_06-20.WAV,2022 Conaway North A,2022,6,9,6,20,Agelaius tricolor,Simple Call 2,59.26933289,59.66400146,375,21656,24000,present,https://rfcx-streams-production.s3.eu-west-1.amazonaws.com/2022/06/09/82sjidqz9yro/372c2d80-b47c-49f6-a495-8bc9f145afaf.flac?X-Amz-Algorithm=AWS4-HMAC-SHA256&X-Amz-Content-Sha256=UNSIGNED-PAYLOAD&X-Amz-Credential=AKIA45B7YWBX5HAZMGOU%2F20260223%2Feu-west-1%2Fs3%2Faws4_request&X-Amz-Date=20260223T001935Z&X-Amz-Expires=604800&X-Amz-Signature=80d4a9a54c5de6b916d83f6b4663ba2f0e6bf57c88f144a272867cfdfc060a69&X-Amz-SignedHeaders=host&response-content-disposition=attachment%3B%20filename%3D372c2d80-b47c-49f6-a495-8bc9f145afaf.flac&x-id=GetObject,0.40636754,34113
ConAam-2022-06-09_06-30.WAV,2022 Conaway North A,2022,6,9,6,30,Agelaius tricolor,Simple Call 2,0.143999994,0.538666666,375,21656,24000,present,https://rfcx-streams-production.s3.eu-west-1.amazonaws.com/2022/06/09/82sjidqz9yro/1541031f-37cb-491c-aef2-0335d2f66324.flac?X-Amz-Algorithm=AWS4-HMAC-SHA256&X-Amz-Content-Sha256=UNSIGNED-PAYLOAD&X-Amz-Credential=AKIA45B7YWBX5HAZMGOU%2F20260223%2Feu-west-1%2Fs3%2Faws4_request&X-Amz-Date=20260223T001935Z&X-Amz-Expires=604800&X-Amz-Signature=291ec8ca46424fd2a98d72f5e07775533130110ec7a3dc51e6a059bae18a48bb&X-Amz-SignedHeaders=host&response-content-disposition=attachment%3B%20filename%3D1541031f-37cb-491c-aef2-0335d2f66324.flac&x-id=GetObject,0.402460515,34113
ConAam-2022-06-09_06-40.WAV,2022 Conaway North A,2022,6,9,6,40,Agelaius tricolor,Simple Call 2,5.776000023,6.170666695,375,21656,24000,present,https://rfcx-streams-production.s3.eu-west-1.amazonaws.com/2022/06/09/82sjidqz9yro/0bd5b8d0-c9b8-4179-963e-0cdc626cb29c.flac?X-Amz-Algorithm=AWS4-HMAC-SHA256&X-Amz-Content-Sha256=UNSIGNED-PAYLOAD&X-Amz-Credential=AKIA45B7YWBX5HAZMGOU%2F20260223%2Feu-west-1%2Fs3%2Faws4_request&X-Amz-Date=20260223T001935Z&X-Amz-Expires=604800&X-Amz-Signature=1b55b99ef531ca59661d3074924f7ef12377e559391214c5bf4da527f3b47e50&X-Amz-SignedHeaders=host&response-content-disposition=attachment%3B%20filename%3D0bd5b8d0-c9b8-4179-963e-0cdc626cb29c.flac&x-id=GetObject,0.415688366,34113
ConAam-2022-06-09_06-50.WAV,2022 Conaway North A,2022,6,9,6,50,Agelaius tricolor,Simple Call 2,22.49600029,22.89066696,375,21656,24000,present,https://rfcx-streams-production.s3.eu-west-1.amazonaws.com/2022/06/09/82sjidqz9yro/3ab88689-65c5-4239-80ed-82a0c5d05440.flac?X-Amz-Algorithm=AWS4-HMAC-SHA256&X-Amz-Content-Sha256=UNSIGNED-PAYLOAD&X-Amz-Credential=AKIA45B7YWBX5HAZMGOU%2F20260223%2Feu-west-1%2Fs3%2Faws4_request&X-Amz-Date=20260223T001935Z&X-Amz-Expires=604800&X-Amz-Signature=f33c7c6c554c81881228e4d646e7ad96cee18f1835a5d20e7636565ae590d67e&X-Amz-SignedHeaders=host&response-content-disposition=attachment%3B%20filename%3D3ab88689-65c5-4239-80ed-82a0c5d05440.flac&x-id=GetObject,0.496298164,34113
ConAam-2022-06-09_07-10.WAV,2022 Conaway North A,2022,6,9,7,10,Agelaius tricolor,Simple Call 2,46.34133148,46.73600006,375,21656,24000,present,https://rfcx-streams-production.s3.eu-west-1.amazonaws.com/2022/06/09/82sjidqz9yro/9a734377-35d5-4fcd-94e1-288fd4505ae9.flac?X-Amz-Algorithm=AWS4-HMAC-SHA256&X-Amz-Content-Sha256=UNSIGNED-PAYLOAD&X-Amz-Credential=AKIA45B7YWBX5HAZMGOU%2F20260223%2Feu-west-1%2Fs3%2Faws4_request&X-Amz-Date=20260223T001934Z&X-Amz-Expires=604800&X-Amz-Signature=9790f96acd1c7ffa7d04b29a33cdc0c126f904b6941904e7a6fe672584345f36&X-Amz-SignedHeaders=host&response-content-disposition=attachment%3B%20filename%3D9a734377-35d5-4fcd-94e1-288fd4505ae9.flac&x-id=GetObject,0.538592696,34113
ConAam-2022-06-09_07-20.WAV,2022 Conaway North A,2022,6,9,7,20,Agelaius tricolor,Simple Call 2,6.501333237,6.895999908,375,21656,24000,present,https://rfcx-streams-production.s3.eu-west-1.amazonaws.com/2022/06/09/82sjidqz9yro/636b86c5-e633-4bc4-8549-b26b6c993af2.flac?X-Amz-Algorithm=AWS4-HMAC-SHA256&X-Amz-Content-Sha256=UNSIGNED-PAYLOAD&X-Amz-Credential=AKIA45B7YWBX5HAZMGOU%2F20260223%2Feu-west-1%2Fs3%2Faws4_request&X-Amz-Date=20260223T001934Z&X-Amz-Expires=604800&X-Amz-Signature=cbe1c56f44e5c5bfe188556a6041145b0b5ec25abeeadc9141d972025627b83e&X-Amz-SignedHeaders=host&response-content-disposition=attachment%3B%20filename%3D636b86c5-e633-4bc4-8549-b26b6c993af2.flac&x-id=GetObject,0.477758318,34113
ConAam-2022-06-09_07-40.WAV,2022 Conaway North A,2022,6,9,7,40,Agelaius tricolor,Simple Call 2,6.943999767,7.338666439,375,21656,24000,present,https://rfcx-streams-production.s3.eu-west-1.amazonaws.com/2022/06/09/82sjidqz9yro/06fb3401-2db5-4017-8a44-adc215a7add6.flac?X-Amz-Algorithm=AWS4-HMAC-SHA256&X-Amz-Content-Sha256=UNSIGNED-PAYLOAD&X-Amz-Credential=AKIA45B7YWBX5HAZMGOU%2F20260223%2Feu-west-1%2Fs3%2Faws4_request&X-Amz-Date=20260223T001935Z&X-Amz-Expires=604800&X-Amz-Signature=de00eaff236f19d136fb4545f278444f9ea5546add749bdd39553cb9ba3ecc57&X-Amz-SignedHeaders=host&response-content-disposition=attachment%3B%20filename%3D06fb3401-2db5-4017-8a44-adc215a7add6.flac&x-id=GetObject,0.524197817,34113
ConAam-2022-06-09_07-50.WAV,2022 Conaway North A,2022,6,9,7,50,Agelaius tricolor,Simple Call 2,2.085333347,2.480000019,375,21656,24000,present,https://rfcx-streams-production.s3.eu-west-1.amazonaws.com/2022/06/09/82sjidqz9yro/b1b2bafc-6431-4559-a143-42e1aa3597ef.flac?X-Amz-Algorithm=AWS4-HMAC-SHA256&X-Amz-Content-Sha256=UNSIGNED-PAYLOAD&X-Amz-Credential=AKIA45B7YWBX5HAZMGOU%2F20260223%2Feu-west-1%2Fs3%2Faws4_request&X-Amz-Date=20260223T001935Z&X-Amz-Expires=604800&X-Amz-Signature=58d56c15687bd5bd4926c507e80220353c31c0e8eb54cf7167233ac46216d7f9&X-Amz-SignedHeaders=host&response-content-disposition=attachment%3B%20filename%3Db1b2bafc-6431-4559-a143-42e1aa3597ef.flac&x-id=GetObject,0.445138782,34113
ConAam-2022-06-09_08-10.WAV,2022 Conaway North A,2022,6,9,8,10,Agelaius tricolor,Simple Call 2,0.448000014,0.842666686,375,21656,24000,present,https://rfcx-streams-production.s3.eu-west-1.amazonaws.com/2022/06/09/82sjidqz9yro/f2f16dd7-eff5-4ff3-b0b2-a79d9c707df2.flac?X-Amz-Algorithm=AWS4-HMAC-SHA256&X-Amz-Content-Sha256=UNSIGNED-PAYLOAD&X-Amz-Credential=AKIA45B7YWBX5HAZMGOU%2F20260223%2Feu-west-1%2Fs3%2Faws4_request&X-Amz-Date=20260223T001935Z&X-Amz-Expires=604800&X-Amz-Signature=664dcc67ad5fac5663158292b8a24ad61feb3dc2da4125a9248a76d7aa0346ab&X-Amz-SignedHeaders=host&response-content-disposition=attachment%3B%20filename%3Df2f16dd7-eff5-4ff3-b0b2-a79d9c707df2.flac&x-id=GetObject,0.439841479,34113
ConAam-2022-06-09_08-20.WAV,2022 Conaway North A,2022,6,9,8,20,Agelaius tricolor,Simple Call 2,30.84799957,31.24266624,375,21656,24000,present,https://rfcx-streams-production.s3.eu-west-1.amazonaws.com/2022/06/09/82sjidqz9yro/55bf15f8-3926-4628-90ca-11de57431815.flac?X-Amz-Algorithm=AWS4-HMAC-SHA256&X-Amz-Content-Sha256=UNSIGNED-PAYLOAD&X-Amz-Credential=AKIA45B7YWBX5HAZMGOU%2F20260223%2Feu-west-1%2Fs3%2Faws4_request&X-Amz-Date=20260223T001934Z&X-Amz-Expires=604800&X-Amz-Signature=44760cea17ac91ce1d0d86d04d41b50909ab43c067514a6ec713276e1ae0a276&X-Amz-SignedHeaders=host&response-content-disposition=attachment%3B%20filename%3D55bf15f8-3926-4628-90ca-11de57431815.flac&x-id=GetObject,0.490253717,34113
ConAam-2022-06-09_08-30.WAV,2022 Conaway North A,2022,6,9,8,30,Agelaius tricolor,Simple Call 2,32.98666763,33.3813324,375,21656,24000,present,https://rfcx-streams-production.s3.eu-west-1.amazonaws.com/2022/06/09/82sjidqz9yro/f545ef87-50b5-49a5-8099-eb7b9fb76a50.flac?X-Amz-Algorithm=AWS4-HMAC-SHA256&X-Amz-Content-Sha256=UNSIGNED-PAYLOAD&X-Amz-Credential=AKIA45B7YWBX5HAZMGOU%2F20260223%2Feu-west-1%2Fs3%2Faws4_request&X-Amz-Date=20260223T001935Z&X-Amz-Expires=604800&X-Amz-Signature=9940911c0559032f37b49f23a29bfe55e40b661f364c16662f13ea191785e0e5&X-Amz-SignedHeaders=host&response-content-disposition=attachment%3B%20filename%3Df545ef87-50b5-49a5-8099-eb7b9fb76a50.flac&x-id=GetObject,0.442007273,34113
ConAam-2022-06-09_08-50.WAV,2022 Conaway North A,2022,6,9,8,50,Agelaius tricolor,Simple Call 2,32.69866562,33.0933342,375,21656,24000,present,https://rfcx-streams-production.s3.eu-west-1.amazonaws.com/2022/06/09/82sjidqz9yro/63a50839-2bff-4059-b00b-d6d0449d70ca.flac?X-Amz-Algorithm=AWS4-HMAC-SHA256&X-Amz-Content-Sha256=UNSIGNED-PAYLOAD&X-Amz-Credential=AKIA45B7YWBX5HAZMGOU%2F20260223%2Feu-west-1%2Fs3%2Faws4_request&X-Amz-Date=20260223T001934Z&X-Amz-Expires=604800&X-Amz-Signature=d289738764081f00d64a9de25260aaf0ee18db1bf619fef84ab135ed4ba88eb8&X-Amz-SignedHeaders=host&response-content-disposition=attachment%3B%20filename%3D63a50839-2bff-4059-b00b-d6d0449d70ca.flac&x-id=GetObject,0.452614993,34113
ConAam-2022-06-09_09-00.WAV,2022 Conaway North A,2022,6,9,9,0,Agelaius tricolor,Simple Call 2,6.954666615,7.349333286,375,21656,24000,present,https://rfcx-streams-production.s3.eu-west-1.amazonaws.com/2022/06/09/82sjidqz9yro/9b928bd6-40ef-4d25-83e2-10a8d0d56f6f.flac?X-Amz-Algorithm=AWS4-HMAC-SHA256&X-Amz-Content-Sha256=UNSIGNED-PAYLOAD&X-Amz-Credential=AKIA45B7YWBX5HAZMGOU%2F20260223%2Feu-west-1%2Fs3%2Faws4_request&X-Amz-Date=20260223T001934Z&X-Amz-Expires=604800&X-Amz-Signature=4692558b94a1f45d1a3dd3b2db25a21cd21e58655426db0fb42614d5613ecb45&X-Amz-SignedHeaders=host&response-content-disposition=attachment%3B%20filename%3D9b928bd6-40ef-4d25-83e2-10a8d0d56f6f.flac&x-id=GetObject,0.567712784,34113
ConAam-2022-06-09_09-10.WAV,2022 Conaway North A,2022,6,9,9,10,Agelaius tricolor,Simple Call 2,7.205333233,7.599999905,375,21656,24000,present,https://rfcx-streams-production.s3.eu-west-1.amazonaws.com/2022/06/09/82sjidqz9yro/9db99924-6d7a-4e45-8f70-e7164d63f3d0.flac?X-Amz-Algorithm=AWS4-HMAC-SHA256&X-Amz-Content-Sha256=UNSIGNED-PAYLOAD&X-Amz-Credential=AKIA45B7YWBX5HAZMGOU%2F20260223%2Feu-west-1%2Fs3%2Faws4_request&X-Amz-Date=20260223T001934Z&X-Amz-Expires=604800&X-Amz-Signature=0e2a474a3b74f44bbf9dc12ef53a7fc016c4677821c325f4a87fc91a7d7cc4fe&X-Amz-SignedHeaders=host&response-content-disposition=attachment%3B%20filename%3D9db99924-6d7a-4e45-8f70-e7164d63f3d0.flac&x-id=GetObject,0.497129589,34113
ConAam-2022-06-09_09-20.WAV,2022 Conaway North A,2022,6,9,9,20,Agelaius tricolor,Simple Call 2,29.47733307,29.87199974,375,21656,24000,present,https://rfcx-streams-production.s3.eu-west-1.amazonaws.com/2022/06/09/82sjidqz9yro/a081a446-64ca-49a2-8610-3fbd22d771a2.flac?X-Amz-Algorithm=AWS4-HMAC-SHA256&X-Amz-Content-Sha256=UNSIGNED-PAYLOAD&X-Amz-Credential=AKIA45B7YWBX5HAZMGOU%2F20260223%2Feu-west-1%2Fs3%2Faws4_request&X-Amz-Date=20260223T001934Z&X-Amz-Expires=604800&X-Amz-Signature=dd061b6aa32f1269dfa429b244ac796f2cfcdd48251baba03a2387515fb484e9&X-Amz-SignedHeaders=host&response-content-disposition=attachment%3B%20filename%3Da081a446-64ca-49a2-8610-3fbd22d771a2.flac&x-id=GetObject,0.486724138,34113
ConAam-2022-06-09_09-30.WAV,2022 Conaway North A,2022,6,9,9,30,Agelaius tricolor,Simple Call 2,5.957333565,6.352000237,375,21656,24000,present,https://rfcx-streams-production.s3.eu-west-1.amazonaws.com/2022/06/09/82sjidqz9yro/97a692a3-7c2f-4d6d-9d7d-1b14401a3745.flac?X-Amz-Algorithm=AWS4-HMAC-SHA256&X-Amz-Content-Sha256=UNSIGNED-PAYLOAD&X-Amz-Credential=AKIA45B7YWBX5HAZMGOU%2F20260223%2Feu-west-1%2Fs3%2Faws4_request&X-Amz-Date=20260223T001935Z&X-Amz-Expires=604800&X-Amz-Signature=f0abcef1c8bdce54db3f931eef970ab8a3cbc38c55fd3029f3f5b86208aa94db&X-Amz-SignedHeaders=host&response-content-disposition=attachment%3B%20filename%3D97a692a3-7c2f-4d6d-9d7d-1b14401a3745.flac&x-id=GetObject,0.533268392,34113
ConAam-2022-06-09_09-40.WAV,2022 Conaway North A,2022,6,9,9,40,Agelaius tricolor,Simple Call 2,8.810667038,9.20533371,375,21656,24000,present,https://rfcx-streams-production.s3.eu-west-1.amazonaws.com/2022/06/09/82sjidqz9yro/eb6c0d1e-5587-441d-8f9e-ef2da9f2523f.flac?X-Amz-Algorithm=AWS4-HMAC-SHA256&X-Amz-Content-Sha256=UNSIGNED-PAYLOAD&X-Amz-Credential=AKIA45B7YWBX5HAZMGOU%2F20260223%2Feu-west-1%2Fs3%2Faws4_request&X-Amz-Date=20260223T001935Z&X-Amz-Expires=604800&X-Amz-Signature=659ae291d2fff9fb27cd0e6cb26657798d056fed63b1caf83f4a1b0ec7796960&X-Amz-SignedHeaders=host&response-content-disposition=attachment%3B%20filename%3Deb6c0d1e-5587-441d-8f9e-ef2da9f2523f.flac&x-id=GetObject,0.438345522,34113
ConAam-2022-06-09_09-50.WAV,2022 Conaway North A,2022,6,9,9,50,Agelaius tricolor,Simple Call 2,52.73066711,53.12533188,375,21656,24000,present,https://rfcx-streams-production.s3.eu-west-1.amazonaws.com/2022/06/09/82sjidqz9yro/555932d9-3679-4a64-a58d-77d958ff1429.flac?X-Amz-Algorithm=AWS4-HMAC-SHA256&X-Amz-Content-Sha256=UNSIGNED-PAYLOAD&X-Amz-Credential=AKIA45B7YWBX5HAZMGOU%2F20260223%2Feu-west-1%2Fs3%2Faws4_request&X-Amz-Date=20260223T001935Z&X-Amz-Expires=604800&X-Amz-Signature=4209f1546b8597af703e159143314f57a3e91aed117013b525030dc2817a3d29&X-Amz-SignedHeaders=host&response-content-disposition=attachment%3B%20filename%3D555932d9-3679-4a64-a58d-77d958ff1429.flac&x-id=GetObject,0.481575102,34113
ConAam-2022-06-09_10-00.WAV,2022 Conaway North A,2022,6,9,10,0,Agelaius tricolor,Simple Call 2,26.85866737,27.25333405,375,21656,24000,present,https://rfcx-streams-production.s3.eu-west-1.amazonaws.com/2022/06/09/82sjidqz9yro/1607acf8-2bca-482c-b702-f46c15710a4f.flac?X-Amz-Algorithm=AWS4-HMAC-SHA256&X-Amz-Content-Sha256=UNSIGNED-PAYLOAD&X-Amz-Credential=AKIA45B7YWBX5HAZMGOU%2F20260223%2Feu-west-1%2Fs3%2Faws4_request&X-Amz-Date=20260223T001935Z&X-Amz-Expires=604800&X-Amz-Signature=75f5d7923c7d4955d1a154fd986b1cb79e4d3f0eb36bcf580bfebdbad20f399d&X-Amz-SignedHeaders=host&response-content-disposition=attachment%3B%20filename%3D1607acf8-2bca-482c-b702-f46c15710a4f.flac&x-id=GetObject,0.434557378,34113
ConAam-2022-06-09_10-10.WAV,2022 Conaway North A,2022,6,9,10,10,Agelaius tricolor,Simple Call 2,27.86666679,28.26133347,375,21656,24000,present,https://rfcx-streams-production.s3.eu-west-1.amazonaws.com/2022/06/09/82sjidqz9yro/259dff96-5e2e-41ca-bfab-1fb815fade9f.flac?X-Amz-Algorithm=AWS4-HMAC-SHA256&X-Amz-Content-Sha256=UNSIGNED-PAYLOAD&X-Amz-Credential=AKIA45B7YWBX5HAZMGOU%2F20260223%2Feu-west-1%2Fs3%2Faws4_request&X-Amz-Date=20260223T001935Z&X-Amz-Expires=604800&X-Amz-Signature=66a4580fbf6d73ad6c20901a0230fdf3a408b9cd0d663c704e1c268d774cc83a&X-Amz-SignedHeaders=host&response-content-disposition=attachment%3B%20filename%3D259dff96-5e2e-41ca-bfab-1fb815fade9f.flac&x-id=GetObject,0.44493705,34113
ConAam-2022-06-09_10-20.WAV,2022 Conaway North A,2022,6,9,10,20,Agelaius tricolor,Simple Call 2,36.41066742,36.80533218,375,21656,24000,present,https://rfcx-streams-production.s3.eu-west-1.amazonaws.com/2022/06/09/82sjidqz9yro/40cd59fe-d41c-4e7a-9d86-267394b248cb.flac?X-Amz-Algorithm=AWS4-HMAC-SHA256&X-Amz-Content-Sha256=UNSIGNED-PAYLOAD&X-Amz-Credential=AKIA45B7YWBX5HAZMGOU%2F20260223%2Feu-west-1%2Fs3%2Faws4_request&X-Amz-Date=20260223T001935Z&X-Amz-Expires=604800&X-Amz-Signature=45c5e20aabc3589d482f0f6dd2c15b69e03dffe51f99239144a9ac97add3f996&X-Amz-SignedHeaders=host&response-content-disposition=attachment%3B%20filename%3D40cd59fe-d41c-4e7a-9d86-267394b248cb.flac&x-id=GetObject,0.468713164,34113
ConAam-2022-06-09_10-30.WAV,2022 Conaway North A,2022,6,9,10,30,Agelaius tricolor,Simple Call 2,34.13333511,34.52799988,375,21656,24000,present,https://rfcx-streams-production.s3.eu-west-1.amazonaws.com/2022/06/09/82sjidqz9yro/b386ba5f-9006-4120-bea3-fb65e91552ce.flac?X-Amz-Algorithm=AWS4-HMAC-SHA256&X-Amz-Content-Sha256=UNSIGNED-PAYLOAD&X-Amz-Credential=AKIA45B7YWBX5HAZMGOU%2F20260223%2Feu-west-1%2Fs3%2Faws4_request&X-Amz-Date=20260223T001935Z&X-Amz-Expires=604800&X-Amz-Signature=57120d897d544903088a9caac7ba77b6129da0b115eef8498124e0af2f1f2eac&X-Amz-SignedHeaders=host&response-content-disposition=attachment%3B%20filename%3Db386ba5f-9006-4120-bea3-fb65e91552ce.flac&x-id=GetObject,0.433146417,34113
ConAam-2022-06-09_10-40.WAV,2022 Conaway North A,2022,6,9,10,40,Agelaius tricolor,Simple Call 2,2.671999931,3.066666603,375,21656,24000,present,https://rfcx-streams-production.s3.eu-west-1.amazonaws.com/2022/06/09/82sjidqz9yro/9a04f599-4a04-45df-8cda-1fcb6df7e3f4.flac?X-Amz-Algorithm=AWS4-HMAC-SHA256&X-Amz-Content-Sha256=UNSIGNED-PAYLOAD&X-Amz-Credential=AKIA45B7YWBX5HAZMGOU%2F20260223%2Feu-west-1%2Fs3%2Faws4_request&X-Amz-Date=20260223T001934Z&X-Amz-Expires=604800&X-Amz-Signature=8530e3548378891818c35a0a6d58ac76cdc2f34d31bed8551c8a0277e78c9265&X-Amz-SignedHeaders=host&response-content-disposition=attachment%3B%20filename%3D9a04f599-4a04-45df-8cda-1fcb6df7e3f4.flac&x-id=GetObject,0.53538692,34113
ConAam-2022-06-09_10-50.WAV,2022 Conaway North A,2022,6,9,10,50,Agelaius tricolor,Simple Call 2,46.9386673,47.33333206,375,21656,24000,present,https://rfcx-streams-production.s3.eu-west-1.amazonaws.com/2022/06/09/82sjidqz9yro/5563abd1-4c32-4252-832d-891490308061.flac?X-Amz-Algorithm=AWS4-HMAC-SHA256&X-Amz-Content-Sha256=UNSIGNED-PAYLOAD&X-Amz-Credential=AKIA45B7YWBX5HAZMGOU%2F20260223%2Feu-west-1%2Fs3%2Faws4_request&X-Amz-Date=20260223T001934Z&X-Amz-Expires=604800&X-Amz-Signature=4f5f8649ed5950639c916819d9827a7d75a5d8886cc7c57e3450642e75b5f4c8&X-Amz-SignedHeaders=host&response-content-disposition=attachment%3B%20filename%3D5563abd1-4c32-4252-832d-891490308061.flac&x-id=GetObject,0.46916151,34113
ConAam-2022-06-09_11-00.WAV,2022 Conaway North A,2022,6,9,11,0,Agelaius tricolor,Simple Call 2,57.60533524,58,375,21656,24000,present,https://rfcx-streams-production.s3.eu-west-1.amazonaws.com/2022/06/09/82sjidqz9yro/5c8a28be-7da5-453f-8d2a-5baf4187bebf.flac?X-Amz-Algorithm=AWS4-HMAC-SHA256&X-Amz-Content-Sha256=UNSIGNED-PAYLOAD&X-Amz-Credential=AKIA45B7YWBX5HAZMGOU%2F20260223%2Feu-west-1%2Fs3%2Faws4_request&X-Amz-Date=20260223T001935Z&X-Amz-Expires=604800&X-Amz-Signature=b6ebc2bbc4768f8d65ded523083cd1b84e052f04d380483f2a4a42f71f7c2f1f&X-Amz-SignedHeaders=host&response-content-disposition=attachment%3B%20filename%3D5c8a28be-7da5-453f-8d2a-5baf4187bebf.flac&x-id=GetObject,0.512843013,34113
ConAam-2022-06-09_11-20.WAV,2022 Conaway North A,2022,6,9,11,20,Agelaius tricolor,Simple Call 2,45.97866821,46.37333298,375,21656,24000,present,https://rfcx-streams-production.s3.eu-west-1.amazonaws.com/2022/06/09/82sjidqz9yro/ba8966d5-f699-45e0-8a92-6e8bd9c6d807.flac?X-Amz-Algorithm=AWS4-HMAC-SHA256&X-Amz-Content-Sha256=UNSIGNED-PAYLOAD&X-Amz-Credential=AKIA45B7YWBX5HAZMGOU%2F20260223%2Feu-west-1%2Fs3%2Faws4_request&X-Amz-Date=20260223T001934Z&X-Amz-Expires=604800&X-Amz-Signature=9073933e16b66d978b239964909206f97e99291a84109df788ffbc0c6382ee25&X-Amz-SignedHeaders=host&response-content-disposition=attachment%3B%20filename%3Dba8966d5-f699-45e0-8a92-6e8bd9c6d807.flac&x-id=GetObject,0.500589371,34113
ConAam-2022-06-09_12-00.WAV,2022 Conaway North A,2022,6,9,12,0,Agelaius tricolor,Simple Call 2,31.30133247,31.69599915,375,21656,24000,present,https://rfcx-streams-production.s3.eu-west-1.amazonaws.com/2022/06/09/82sjidqz9yro/01541155-90fc-44fe-908e-a3534a121fe3.flac?X-Amz-Algorithm=AWS4-HMAC-SHA256&X-Amz-Content-Sha256=UNSIGNED-PAYLOAD&X-Amz-Credential=AKIA45B7YWBX5HAZMGOU%2F20260223%2Feu-west-1%2Fs3%2Faws4_request&X-Amz-Date=20260223T001935Z&X-Amz-Expires=604800&X-Amz-Signature=c06e24d16787c0327bcd2604d4bfe1bc42357609947a56ce5b392d82239f30ea&X-Amz-SignedHeaders=host&response-content-disposition=attachment%3B%20filename%3D01541155-90fc-44fe-908e-a3534a121fe3.flac&x-id=GetObject,0.485482454,34113
ConAam-2022-06-09_12-10.WAV,2022 Conaway North A,2022,6,9,12,10,Agelaius tricolor,Simple Call 2,56.72000122,57.11466599,375,21656,24000,present,https://rfcx-streams-production.s3.eu-west-1.amazonaws.com/2022/06/09/82sjidqz9yro/7e1fd5b2-757e-4db6-a7e2-b7f083d5ba72.flac?X-Amz-Algorithm=AWS4-HMAC-SHA256&X-Amz-Content-Sha256=UNSIGNED-PAYLOAD&X-Amz-Credential=AKIA45B7YWBX5HAZMGOU%2F20260223%2Feu-west-1%2Fs3%2Faws4_request&X-Amz-Date=20260223T001935Z&X-Amz-Expires=604800&X-Amz-Signature=1da2af784c9bf41830912ee3fd3154873a9aca1a575440492140fdfa1878e98f&X-Amz-SignedHeaders=host&response-content-disposition=attachment%3B%20filename%3D7e1fd5b2-757e-4db6-a7e2-b7f083d5ba72.flac&x-id=GetObject,0.420711935,34113
ConAam-2022-06-09_12-20.WAV,2022 Conaway North A,2022,6,9,12,20,Agelaius tricolor,Simple Call 2,0.394666672,0.789333344,375,21656,24000,present,https://rfcx-streams-production.s3.eu-west-1.amazonaws.com/2022/06/09/82sjidqz9yro/1ffda4a8-e7da-4b4e-9ebb-9800591ca562.flac?X-Amz-Algorithm=AWS4-HMAC-SHA256&X-Amz-Content-Sha256=UNSIGNED-PAYLOAD&X-Amz-Credential=AKIA45B7YWBX5HAZMGOU%2F20260223%2Feu-west-1%2Fs3%2Faws4_request&X-Amz-Date=20260223T001934Z&X-Amz-Expires=604800&X-Amz-Signature=ceb78e0a12c5a9ff382b94a88af8aefb61304c14a0862c311cbfd81498037ceb&X-Amz-SignedHeaders=host&response-content-disposition=attachment%3B%20filename%3D1ffda4a8-e7da-4b4e-9ebb-9800591ca562.flac&x-id=GetObject,0.51331836,34113
ConAam-2022-06-09_12-30.WAV,2022 Conaway North A,2022,6,9,12,30,Agelaius tricolor,Simple Call 2,41.18933487,41.58399963,375,21656,24000,present,https://rfcx-streams-production.s3.eu-west-1.amazonaws.com/2022/06/09/82sjidqz9yro/f97ad02c-3537-4de9-9873-b20ab7361992.flac?X-Amz-Algorithm=AWS4-HMAC-SHA256&X-Amz-Content-Sha256=UNSIGNED-PAYLOAD&X-Amz-Credential=AKIA45B7YWBX5HAZMGOU%2F20260223%2Feu-west-1%2Fs3%2Faws4_request&X-Amz-Date=20260223T001935Z&X-Amz-Expires=604800&X-Amz-Signature=2244f4a0b91a0a47539c9fddfcc2962e67eba2f664b3a48d4e557aea7ad31e41&X-Amz-SignedHeaders=host&response-content-disposition=attachment%3B%20filename%3Df97ad02c-3537-4de9-9873-b20ab7361992.flac&x-id=GetObject,0.473765045,34113
ConAam-2022-06-09_12-40.WAV,2022 Conaway North A,2022,6,9,12,40,Agelaius tricolor,Simple Call 2,22.34133339,22.73600006,375,21656,24000,present,https://rfcx-streams-production.s3.eu-west-1.amazonaws.com/2022/06/09/82sjidqz9yro/6310f96e-bdb1-44fe-802b-86df6ec8d513.flac?X-Amz-Algorithm=AWS4-HMAC-SHA256&X-Amz-Content-Sha256=UNSIGNED-PAYLOAD&X-Amz-Credential=AKIA45B7YWBX5HAZMGOU%2F20260223%2Feu-west-1%2Fs3%2Faws4_request&X-Amz-Date=20260223T001935Z&X-Amz-Expires=604800&X-Amz-Signature=ce9f0034c54a17c7185f358ac7a6af2f27c5c53f487e423e34a34ca3e120a21e&X-Amz-SignedHeaders=host&response-content-disposition=attachment%3B%20filename%3D6310f96e-bdb1-44fe-802b-86df6ec8d513.flac&x-id=GetObject,0.460038424,34113
ConAam-2022-06-09_12-50.WAV,2022 Conaway North A,2022,6,9,12,50,Agelaius tricolor,Simple Call 2,1.962666631,2.357333422,375,21656,24000,present,https://rfcx-streams-production.s3.eu-west-1.amazonaws.com/2022/06/09/82sjidqz9yro/7242d800-a024-4c5f-9851-3a29ce651900.flac?X-Amz-Algorithm=AWS4-HMAC-SHA256&X-Amz-Content-Sha256=UNSIGNED-PAYLOAD&X-Amz-Credential=AKIA45B7YWBX5HAZMGOU%2F20260223%2Feu-west-1%2Fs3%2Faws4_request&X-Amz-Date=20260223T001934Z&X-Amz-Expires=604800&X-Amz-Signature=c58c2ba47696e833da2372716c37afeedcc2da2e9856e6e88a5eeddc4a9df960&X-Amz-SignedHeaders=host&response-content-disposition=attachment%3B%20filename%3D7242d800-a024-4c5f-9851-3a29ce651900.flac&x-id=GetObject,0.498593867,34113
ConAam-2022-06-09_13-00.WAV,2022 Conaway North A,2022,6,9,13,0,Agelaius tricolor,Simple Call 2,45.18399811,45.57866669,375,21656,24000,present,https://rfcx-streams-production.s3.eu-west-1.amazonaws.com/2022/06/09/82sjidqz9yro/a297c19f-8176-46de-bfa3-6e48ffd29436.flac?X-Amz-Algorithm=AWS4-HMAC-SHA256&X-Amz-Content-Sha256=UNSIGNED-PAYLOAD&X-Amz-Credential=AKIA45B7YWBX5HAZMGOU%2F20260223%2Feu-west-1%2Fs3%2Faws4_request&X-Amz-Date=20260223T001935Z&X-Amz-Expires=604800&X-Amz-Signature=17c3e94031869c12cccd1fe83fe7f3056c3d154959c424f80c72fcb07e6ba1f0&X-Amz-SignedHeaders=host&response-content-disposition=attachment%3B%20filename%3Da297c19f-8176-46de-bfa3-6e48ffd29436.flac&x-id=GetObject,0.479611874,34113
ConAam-2022-06-09_13-10.WAV,2022 Conaway North A,2022,6,9,13,10,Agelaius tricolor,Simple Call 2,54.91199875,55.30666733,375,21656,24000,present,https://rfcx-streams-production.s3.eu-west-1.amazonaws.com/2022/06/09/82sjidqz9yro/4fc16fa1-07b6-475a-8374-44af349eea70.flac?X-Amz-Algorithm=AWS4-HMAC-SHA256&X-Amz-Content-Sha256=UNSIGNED-PAYLOAD&X-Amz-Credential=AKIA45B7YWBX5HAZMGOU%2F20260223%2Feu-west-1%2Fs3%2Faws4_request&X-Amz-Date=20260223T001935Z&X-Amz-Expires=604800&X-Amz-Signature=08fe90a99cac5f3a6bf3683c2388937fc90914fa80a8a22862272f6a15836d87&X-Amz-SignedHeaders=host&response-content-disposition=attachment%3B%20filename%3D4fc16fa1-07b6-475a-8374-44af349eea70.flac&x-id=GetObject,0.480460078,34113
ConAam-2022-06-09_13-20.WAV,2022 Conaway North A,2022,6,9,13,20,Agelaius tricolor,Simple Call 2,12.17066669,12.56533337,375,21656,24000,present,https://rfcx-streams-production.s3.eu-west-1.amazonaws.com/2022/06/09/82sjidqz9yro/c1661e04-755e-46c6-9b5d-3db3564bdb03.flac?X-Amz-Algorithm=AWS4-HMAC-SHA256&X-Amz-Content-Sha256=UNSIGNED-PAYLOAD&X-Amz-Credential=AKIA45B7YWBX5HAZMGOU%2F20260223%2Feu-west-1%2Fs3%2Faws4_request&X-Amz-Date=20260223T001935Z&X-Amz-Expires=604800&X-Amz-Signature=adabef9a79e1127919dedbd19ddff11b015ec63a7d528b971e691ecd242cc659&X-Amz-SignedHeaders=host&response-content-disposition=attachment%3B%20filename%3Dc1661e04-755e-46c6-9b5d-3db3564bdb03.flac&x-id=GetObject,0.511544883,34113
ConAam-2022-06-09_13-30.WAV,2022 Conaway North A,2022,6,9,13,30,Agelaius tricolor,Simple Call 2,55.98933411,56.38399887,375,21656,24000,present,https://rfcx-streams-production.s3.eu-west-1.amazonaws.com/2022/06/09/82sjidqz9yro/e5c6be27-81dc-4e9a-a950-70ec5c746c72.flac?X-Amz-Algorithm=AWS4-HMAC-SHA256&X-Amz-Content-Sha256=UNSIGNED-PAYLOAD&X-Amz-Credential=AKIA45B7YWBX5HAZMGOU%2F20260223%2Feu-west-1%2Fs3%2Faws4_request&X-Amz-Date=20260223T001934Z&X-Amz-Expires=604800&X-Amz-Signature=434121790c1642c2fedbb223a0e934853a26d78011a20c7181e9abf1e928a297&X-Amz-SignedHeaders=host&response-content-disposition=attachment%3B%20filename%3De5c6be27-81dc-4e9a-a950-70ec5c746c72.flac&x-id=GetObject,0.463235229,34113
ConAam-2022-06-09_13-40.WAV,2022 Conaway North A,2022,6,9,13,40,Agelaius tricolor,Simple Call 2,18.89599991,19.29066658,375,21656,24000,present,https://rfcx-streams-production.s3.eu-west-1.amazonaws.com/2022/06/09/82sjidqz9yro/09c38827-08ea-447a-9f55-631ac4e5702b.flac?X-Amz-Algorithm=AWS4-HMAC-SHA256&X-Amz-Content-Sha256=UNSIGNED-PAYLOAD&X-Amz-Credential=AKIA45B7YWBX5HAZMGOU%2F20260223%2Feu-west-1%2Fs3%2Faws4_request&X-Amz-Date=20260223T001934Z&X-Amz-Expires=604800&X-Amz-Signature=d751e648eb5b247fa5d82f399971ca38d73306fbfcea518abaa26fc6157c3fd1&X-Amz-SignedHeaders=host&response-content-disposition=attachment%3B%20filename%3D09c38827-08ea-447a-9f55-631ac4e5702b.flac&x-id=GetObject,0.519315064,34113
ConAam-2022-06-09_13-50.WAV,2022 Conaway North A,2022,6,9,13,50,Agelaius tricolor,Simple Call 2,15.20533371,15.60000038,375,21656,24000,present,https://rfcx-streams-production.s3.eu-west-1.amazonaws.com/2022/06/09/82sjidqz9yro/582e38dd-8d94-4747-b02f-95744d9b4d87.flac?X-Amz-Algorithm=AWS4-HMAC-SHA256&X-Amz-Content-Sha256=UNSIGNED-PAYLOAD&X-Amz-Credential=AKIA45B7YWBX5HAZMGOU%2F20260223%2Feu-west-1%2Fs3%2Faws4_request&X-Amz-Date=20260223T001934Z&X-Amz-Expires=604800&X-Amz-Signature=038ddf256a9f5d796543f15a56d4f96db7a1ced8a4b8e6714617ec57b41c2e42&X-Amz-SignedHeaders=host&response-content-disposition=attachment%3B%20filename%3D582e38dd-8d94-4747-b02f-95744d9b4d87.flac&x-id=GetObject,0.463344991,34113
ConAam-2022-06-09_14-00.WAV,2022 Conaway North A,2022,6,9,14,0,Agelaius tricolor,Simple Call 2,29.30666733,29.701334,375,21656,24000,present,https://rfcx-streams-production.s3.eu-west-1.amazonaws.com/2022/06/09/82sjidqz9yro/bc241c2a-2e64-45b1-8ea0-f717921e26a0.flac?X-Amz-Algorithm=AWS4-HMAC-SHA256&X-Amz-Content-Sha256=UNSIGNED-PAYLOAD&X-Amz-Credential=AKIA45B7YWBX5HAZMGOU%2F20260223%2Feu-west-1%2Fs3%2Faws4_request&X-Amz-Date=20260223T001934Z&X-Amz-Expires=604800&X-Amz-Signature=deb8bde4737cc5781216b3b7590e2afcde68d3f6faa66e8c2676981149c5ce15&X-Amz-SignedHeaders=host&response-content-disposition=attachment%3B%20filename%3Dbc241c2a-2e64-45b1-8ea0-f717921e26a0.flac&x-id=GetObject,0.460304648,34113
ConAam-2022-06-09_14-10.WAV,2022 Conaway North A,2022,6,9,14,10,Agelaius tricolor,Simple Call 2,22.67733383,23.0720005,375,21656,24000,present,https://rfcx-streams-production.s3.eu-west-1.amazonaws.com/2022/06/09/82sjidqz9yro/a97dd728-5fab-46e8-8e88-1807aa7acd65.flac?X-Amz-Algorithm=AWS4-HMAC-SHA256&X-Amz-Content-Sha256=UNSIGNED-PAYLOAD&X-Amz-Credential=AKIA45B7YWBX5HAZMGOU%2F20260223%2Feu-west-1%2Fs3%2Faws4_request&X-Amz-Date=20260223T001935Z&X-Amz-Expires=604800&X-Amz-Signature=95fd75121d31d5b4aed48f16e65316e7516175b6bc4f0a94089d336566e3236d&X-Amz-SignedHeaders=host&response-content-disposition=attachment%3B%20filename%3Da97dd728-5fab-46e8-8e88-1807aa7acd65.flac&x-id=GetObject,0.507551849,34113
ConAam-2022-06-09_14-20.WAV,2022 Conaway North A,2022,6,9,14,20,Agelaius tricolor,Simple Call 2,41.12533188,41.52000046,375,21656,24000,present,https://rfcx-streams-production.s3.eu-west-1.amazonaws.com/2022/06/09/82sjidqz9yro/db865b21-3585-439a-a533-f246b5653c6e.flac?X-Amz-Algorithm=AWS4-HMAC-SHA256&X-Amz-Content-Sha256=UNSIGNED-PAYLOAD&X-Amz-Credential=AKIA45B7YWBX5HAZMGOU%2F20260223%2Feu-west-1%2Fs3%2Faws4_request&X-Amz-Date=20260223T001935Z&X-Amz-Expires=604800&X-Amz-Signature=a97cfe76c3d678c40ec39a65725b5a475ab68041ccbfbaad1f5518314df5204f&X-Amz-SignedHeaders=host&response-content-disposition=attachment%3B%20filename%3Ddb865b21-3585-439a-a533-f246b5653c6e.flac&x-id=GetObject,0.514890552,34113
ConAam-2022-06-09_14-30.WAV,2022 Conaway North A,2022,6,9,14,30,Agelaius tricolor,Simple Call 2,8.117333412,8.512000084,375,21656,24000,present,https://rfcx-streams-production.s3.eu-west-1.amazonaws.com/2022/06/09/82sjidqz9yro/9945a123-00a0-4604-a9be-28c7e390ff47.flac?X-Amz-Algorithm=AWS4-HMAC-SHA256&X-Amz-Content-Sha256=UNSIGNED-PAYLOAD&X-Amz-Credential=AKIA45B7YWBX5HAZMGOU%2F20260223%2Feu-west-1%2Fs3%2Faws4_request&X-Amz-Date=20260223T001935Z&X-Amz-Expires=604800&X-Amz-Signature=6d6821e70a51ae6645f17d6161e141779b44a2232c42f81b92f65fb1f3ccbc2d&X-Amz-SignedHeaders=host&response-content-disposition=attachment%3B%20filename%3D9945a123-00a0-4604-a9be-28c7e390ff47.flac&x-id=GetObject,0.595511854,34113
ConAam-2022-06-09_14-40.WAV,2022 Conaway North A,2022,6,9,14,40,Agelaius tricolor,Simple Call 2,18.98666573,19.3813324,375,21656,24000,present,https://rfcx-streams-production.s3.eu-west-1.amazonaws.com/2022/06/09/82sjidqz9yro/cf9ec0e6-11c8-43d6-a001-90be83a71c27.flac?X-Amz-Algorithm=AWS4-HMAC-SHA256&X-Amz-Content-Sha256=UNSIGNED-PAYLOAD&X-Amz-Credential=AKIA45B7YWBX5HAZMGOU%2F20260223%2Feu-west-1%2Fs3%2Faws4_request&X-Amz-Date=20260223T001935Z&X-Amz-Expires=604800&X-Amz-Signature=1ca6d045276a5966f5c508a803b70a29cc21a04967dd412d2a008866f1bb40c4&X-Amz-SignedHeaders=host&response-content-disposition=attachment%3B%20filename%3Dcf9ec0e6-11c8-43d6-a001-90be83a71c27.flac&x-id=GetObject,0.467833102,34113
ConAam-2022-06-09_14-50.WAV,2022 Conaway North A,2022,6,9,14,50,Agelaius tricolor,Simple Call 2,22.35199928,22.74666595,375,21656,24000,present,https://rfcx-streams-production.s3.eu-west-1.amazonaws.com/2022/06/09/82sjidqz9yro/a2e166b2-1cf1-4177-a667-220ffd9b07ee.flac?X-Amz-Algorithm=AWS4-HMAC-SHA256&X-Amz-Content-Sha256=UNSIGNED-PAYLOAD&X-Amz-Credential=AKIA45B7YWBX5HAZMGOU%2F20260223%2Feu-west-1%2Fs3%2Faws4_request&X-Amz-Date=20260223T001934Z&X-Amz-Expires=604800&X-Amz-Signature=739a5e0e6b379ba63565304c6d9c5e02d91c952e1fd079e2787ad7f662aa53e3&X-Amz-SignedHeaders=host&response-content-disposition=attachment%3B%20filename%3Da2e166b2-1cf1-4177-a667-220ffd9b07ee.flac&x-id=GetObject,0.501828909,34113
ConAam-2022-06-09_15-00.WAV,2022 Conaway North A,2022,6,9,15,0,Agelaius tricolor,Simple Call 2,19.73333359,20.12800026,375,21656,24000,present,https://rfcx-streams-production.s3.eu-west-1.amazonaws.com/2022/06/09/82sjidqz9yro/466cdcd3-9bb3-4cd3-9613-3d886120286d.flac?X-Amz-Algorithm=AWS4-HMAC-SHA256&X-Amz-Content-Sha256=UNSIGNED-PAYLOAD&X-Amz-Credential=AKIA45B7YWBX5HAZMGOU%2F20260223%2Feu-west-1%2Fs3%2Faws4_request&X-Amz-Date=20260223T001934Z&X-Amz-Expires=604800&X-Amz-Signature=71cb5051bfe96eb6987f586b26810e24f500424e2ae0cef320a5c3ece73dbd2a&X-Amz-SignedHeaders=host&response-content-disposition=attachment%3B%20filename%3D466cdcd3-9bb3-4cd3-9613-3d886120286d.flac&x-id=GetObject,0.513641834,34113
ConAam-2022-06-09_15-10.WAV,2022 Conaway North A,2022,6,9,15,10,Agelaius tricolor,Simple Call 2,47.402668,47.79733276,375,21656,24000,present,https://rfcx-streams-production.s3.eu-west-1.amazonaws.com/2022/06/09/82sjidqz9yro/9c995e74-b989-4b5b-93d2-93a52010ee26.flac?X-Amz-Algorithm=AWS4-HMAC-SHA256&X-Amz-Content-Sha256=UNSIGNED-PAYLOAD&X-Amz-Credential=AKIA45B7YWBX5HAZMGOU%2F20260223%2Feu-west-1%2Fs3%2Faws4_request&X-Amz-Date=20260223T001935Z&X-Amz-Expires=604800&X-Amz-Signature=3a74be7f8879f2606f8ad8620ba2287416d6d07224195888ce2f2d852dbdfef2&X-Amz-SignedHeaders=host&response-content-disposition=attachment%3B%20filename%3D9c995e74-b989-4b5b-93d2-93a52010ee26.flac&x-id=GetObject,0.505045235,34113
ConAam-2022-06-09_15-20.WAV,2022 Conaway North A,2022,6,9,15,20,Agelaius tricolor,Simple Call 2,38.63999939,39.03466797,375,21656,24000,present,https://rfcx-streams-production.s3.eu-west-1.amazonaws.com/2022/06/09/82sjidqz9yro/3f525f0f-b3d0-4613-9294-4f204f917e09.flac?X-Amz-Algorithm=AWS4-HMAC-SHA256&X-Amz-Content-Sha256=UNSIGNED-PAYLOAD&X-Amz-Credential=AKIA45B7YWBX5HAZMGOU%2F20260223%2Feu-west-1%2Fs3%2Faws4_request&X-Amz-Date=20260223T001935Z&X-Amz-Expires=604800&X-Amz-Signature=3a57ce3dfa19e35fd6ae688092f7cee8000ff5bc85494a5f3faa82d2270ac1a6&X-Amz-SignedHeaders=host&response-content-disposition=attachment%3B%20filename%3D3f525f0f-b3d0-4613-9294-4f204f917e09.flac&x-id=GetObject,0.490006566,34113
ConAam-2022-06-09_15-30.WAV,2022 Conaway North A,2022,6,9,15,30,Agelaius tricolor,Simple Call 2,7.903999805,8.298666954,375,21656,24000,present,https://rfcx-streams-production.s3.eu-west-1.amazonaws.com/2022/06/09/82sjidqz9yro/55feb1ab-0f89-4091-896a-5c14f6f2da0d.flac?X-Amz-Algorithm=AWS4-HMAC-SHA256&X-Amz-Content-Sha256=UNSIGNED-PAYLOAD&X-Amz-Credential=AKIA45B7YWBX5HAZMGOU%2F20260223%2Feu-west-1%2Fs3%2Faws4_request&X-Amz-Date=20260223T001935Z&X-Amz-Expires=604800&X-Amz-Signature=a8c830ec17cb0baa14f9f8520aa56b593d92a76dc380f7f2478d96a1253a604a&X-Amz-SignedHeaders=host&response-content-disposition=attachment%3B%20filename%3D55feb1ab-0f89-4091-896a-5c14f6f2da0d.flac&x-id=GetObject,0.482328713,34113
ConAam-2022-06-09_15-40.WAV,2022 Conaway North A,2022,6,9,15,40,Agelaius tricolor,Simple Call 2,56.82666779,57.22133255,375,21656,24000,present,https://rfcx-streams-production.s3.eu-west-1.amazonaws.com/2022/06/09/82sjidqz9yro/d0e5ad04-668d-457d-a7e3-8320e392f7f7.flac?X-Amz-Algorithm=AWS4-HMAC-SHA256&X-Amz-Content-Sha256=UNSIGNED-PAYLOAD&X-Amz-Credential=AKIA45B7YWBX5HAZMGOU%2F20260223%2Feu-west-1%2Fs3%2Faws4_request&X-Amz-Date=20260223T001935Z&X-Amz-Expires=604800&X-Amz-Signature=bc30639e969119f1c5dc46982a399df2f6eee9936b1424c1a7af5e54a7eedabd&X-Amz-SignedHeaders=host&response-content-disposition=attachment%3B%20filename%3Dd0e5ad04-668d-457d-a7e3-8320e392f7f7.flac&x-id=GetObject,0.479564369,34113
ConAam-2022-06-09_15-50.WAV,2022 Conaway North A,2022,6,9,15,50,Agelaius tricolor,Simple Call 2,34.17599869,34.57066727,375,21656,24000,present,https://rfcx-streams-production.s3.eu-west-1.amazonaws.com/2022/06/09/82sjidqz9yro/392e45dd-e95b-415b-9c8c-6cbe74e98384.flac?X-Amz-Algorithm=AWS4-HMAC-SHA256&X-Amz-Content-Sha256=UNSIGNED-PAYLOAD&X-Amz-Credential=AKIA45B7YWBX5HAZMGOU%2F20260223%2Feu-west-1%2Fs3%2Faws4_request&X-Amz-Date=20260223T001935Z&X-Amz-Expires=604800&X-Amz-Signature=8b71762aff29ebc9d0b1bbf2980835127b593983de76d4d7310a6fd92e478c1c&X-Amz-SignedHeaders=host&response-content-disposition=attachment%3B%20filename%3D392e45dd-e95b-415b-9c8c-6cbe74e98384.flac&x-id=GetObject,0.504119158,34113
ConAam-2022-06-09_16-00.WAV,2022 Conaway North A,2022,6,9,16,0,Agelaius tricolor,Simple Call 2,0.282666653,0.677333355,375,21656,24000,present,https://rfcx-streams-production.s3.eu-west-1.amazonaws.com/2022/06/09/82sjidqz9yro/f4cb1003-ee3f-46ec-814b-a837dc393b93.flac?X-Amz-Algorithm=AWS4-HMAC-SHA256&X-Amz-Content-Sha256=UNSIGNED-PAYLOAD&X-Amz-Credential=AKIA45B7YWBX5HAZMGOU%2F20260223%2Feu-west-1%2Fs3%2Faws4_request&X-Amz-Date=20260223T001935Z&X-Amz-Expires=604800&X-Amz-Signature=51b41db7e59e0e347cf23262c19eccbfbb9f2f39d475b9601aa3dc6803e96121&X-Amz-SignedHeaders=host&response-content-disposition=attachment%3B%20filename%3Df4cb1003-ee3f-46ec-814b-a837dc393b93.flac&x-id=GetObject,0.457667083,34113
ConAam-2022-06-09_16-10.WAV,2022 Conaway North A,2022,6,9,16,10,Agelaius tricolor,Simple Call 2,56.99733353,57.39199829,375,21656,24000,present,https://rfcx-streams-production.s3.eu-west-1.amazonaws.com/2022/06/09/82sjidqz9yro/1de5deef-a8ac-45ed-aa12-d0776d426f60.flac?X-Amz-Algorithm=AWS4-HMAC-SHA256&X-Amz-Content-Sha256=UNSIGNED-PAYLOAD&X-Amz-Credential=AKIA45B7YWBX5HAZMGOU%2F20260223%2Feu-west-1%2Fs3%2Faws4_request&X-Amz-Date=20260223T001935Z&X-Amz-Expires=604800&X-Amz-Signature=e00195afcee83b68481e3ef16cf88c63d30e1d3509983f4725827e3bd80839f2&X-Amz-SignedHeaders=host&response-content-disposition=attachment%3B%20filename%3D1de5deef-a8ac-45ed-aa12-d0776d426f60.flac&x-id=GetObject,0.532904863,34113
ConAam-2022-06-09_16-20.WAV,2022 Conaway North A,2022,6,9,16,20,Agelaius tricolor,Simple Call 2,59.16266632,59.5573349,375,21656,24000,present,https://rfcx-streams-production.s3.eu-west-1.amazonaws.com/2022/06/09/82sjidqz9yro/fe77d503-0c6c-4c91-b6c3-2328c2b25cca.flac?X-Amz-Algorithm=AWS4-HMAC-SHA256&X-Amz-Content-Sha256=UNSIGNED-PAYLOAD&X-Amz-Credential=AKIA45B7YWBX5HAZMGOU%2F20260223%2Feu-west-1%2Fs3%2Faws4_request&X-Amz-Date=20260223T001935Z&X-Amz-Expires=604800&X-Amz-Signature=0171dcc04fba04422c7e8752cfa0cb5e069143740bf86d2a7a024d2c06fa451c&X-Amz-SignedHeaders=host&response-content-disposition=attachment%3B%20filename%3Dfe77d503-0c6c-4c91-b6c3-2328c2b25cca.flac&x-id=GetObject,0.457476109,34113
ConAam-2022-06-09_16-30.WAV,2022 Conaway North A,2022,6,9,16,30,Agelaius tricolor,Simple Call 2,9.706666946,10.10133362,375,21656,24000,present,https://rfcx-streams-production.s3.eu-west-1.amazonaws.com/2022/06/09/82sjidqz9yro/ef7c0919-b78a-4612-9af7-f2383ccc52dc.flac?X-Amz-Algorithm=AWS4-HMAC-SHA256&X-Amz-Content-Sha256=UNSIGNED-PAYLOAD&X-Amz-Credential=AKIA45B7YWBX5HAZMGOU%2F20260223%2Feu-west-1%2Fs3%2Faws4_request&X-Amz-Date=20260223T001935Z&X-Amz-Expires=604800&X-Amz-Signature=c7b9a7c643ac56b25ec4140f3b9c5d9893e4898a83fec6e34cee4a3d25941b5b&X-Amz-SignedHeaders=host&response-content-disposition=attachment%3B%20filename%3Def7c0919-b78a-4612-9af7-f2383ccc52dc.flac&x-id=GetObject,0.498774141,34113
ConAam-2022-06-09_16-40.WAV,2022 Conaway North A,2022,6,9,16,40,Agelaius tricolor,Simple Call 2,27.28000069,27.67466736,375,21656,24000,present,https://rfcx-streams-production.s3.eu-west-1.amazonaws.com/2022/06/09/82sjidqz9yro/38a114c0-0d20-4d8b-877c-792901836119.flac?X-Amz-Algorithm=AWS4-HMAC-SHA256&X-Amz-Content-Sha256=UNSIGNED-PAYLOAD&X-Amz-Credential=AKIA45B7YWBX5HAZMGOU%2F20260223%2Feu-west-1%2Fs3%2Faws4_request&X-Amz-Date=20260223T001934Z&X-Amz-Expires=604800&X-Amz-Signature=ef8fbe41b3bb722627b3f49037b0ab5c33051b5745ba281f8d96ea6f1ac490ca&X-Amz-SignedHeaders=host&response-content-disposition=attachment%3B%20filename%3D38a114c0-0d20-4d8b-877c-792901836119.flac&x-id=GetObject,0.462451637,34113
ConAam-2022-06-09_16-50.WAV,2022 Conaway North A,2022,6,9,16,50,Agelaius tricolor,Simple Call 2,10.84799957,11.24266624,375,21656,24000,present,https://rfcx-streams-production.s3.eu-west-1.amazonaws.com/2022/06/09/82sjidqz9yro/27f1b78d-a817-4bd8-84ff-a9fe20041c82.flac?X-Amz-Algorithm=AWS4-HMAC-SHA256&X-Amz-Content-Sha256=UNSIGNED-PAYLOAD&X-Amz-Credential=AKIA45B7YWBX5HAZMGOU%2F20260223%2Feu-west-1%2Fs3%2Faws4_request&X-Amz-Date=20260223T001935Z&X-Amz-Expires=604800&X-Amz-Signature=4026c539ecccf7edf8f2d00efae6ba4f2ee6c2a0315c72612c0b6a2bcc66c56b&X-Amz-SignedHeaders=host&response-content-disposition=attachment%3B%20filename%3D27f1b78d-a817-4bd8-84ff-a9fe20041c82.flac&x-id=GetObject,0.50502938,34113
ConAam-2022-06-09_17-00.WAV,2022 Conaway North A,2022,6,9,17,0,Agelaius tricolor,Simple Call 2,6.837333202,7.231999874,375,21656,24000,present,https://rfcx-streams-production.s3.eu-west-1.amazonaws.com/2022/06/10/82sjidqz9yro/2b039242-5497-4892-abbe-565ea6cb7f5f.flac?X-Amz-Algorithm=AWS4-HMAC-SHA256&X-Amz-Content-Sha256=UNSIGNED-PAYLOAD&X-Amz-Credential=AKIA45B7YWBX5HAZMGOU%2F20260223%2Feu-west-1%2Fs3%2Faws4_request&X-Amz-Date=20260223T001935Z&X-Amz-Expires=604800&X-Amz-Signature=b38ea32d83507885c385cee8e688c1ad5e1333effcaae33bdf23965470f40c42&X-Amz-SignedHeaders=host&response-content-disposition=attachment%3B%20filename%3D2b039242-5497-4892-abbe-565ea6cb7f5f.flac&x-id=GetObject,0.532506704,34113
ConAam-2022-06-09_17-10.WAV,2022 Conaway North A,2022,6,9,17,10,Agelaius tricolor,Simple Call 2,39.23733521,39.63199997,375,21656,24000,present,https://rfcx-streams-production.s3.eu-west-1.amazonaws.com/2022/06/10/82sjidqz9yro/6bf73e1d-8fbc-4f8b-b982-2c156a26e62b.flac?X-Amz-Algorithm=AWS4-HMAC-SHA256&X-Amz-Content-Sha256=UNSIGNED-PAYLOAD&X-Amz-Credential=AKIA45B7YWBX5HAZMGOU%2F20260223%2Feu-west-1%2Fs3%2Faws4_request&X-Amz-Date=20260223T001935Z&X-Amz-Expires=604800&X-Amz-Signature=9bf64d0f157a98e70a650c8558924dd646051d8a90b3f8ba5d1c833e6ba2477c&X-Amz-SignedHeaders=host&response-content-disposition=attachment%3B%20filename%3D6bf73e1d-8fbc-4f8b-b982-2c156a26e62b.flac&x-id=GetObject,0.462024659,34113
ConAam-2022-06-09_17-20.WAV,2022 Conaway North A,2022,6,9,17,20,Agelaius tricolor,Simple Call 2,7.872000217,8.266666412,375,21656,24000,present,https://rfcx-streams-production.s3.eu-west-1.amazonaws.com/2022/06/10/82sjidqz9yro/bed072dc-cfde-4ae3-a22a-19a3406c2d4a.flac?X-Amz-Algorithm=AWS4-HMAC-SHA256&X-Amz-Content-Sha256=UNSIGNED-PAYLOAD&X-Amz-Credential=AKIA45B7YWBX5HAZMGOU%2F20260223%2Feu-west-1%2Fs3%2Faws4_request&X-Amz-Date=20260223T001935Z&X-Amz-Expires=604800&X-Amz-Signature=0aacc15368499fc0681a5eef19a0aebd2a4be3bdf29e85c228d014444b2dab83&X-Amz-SignedHeaders=host&response-content-disposition=attachment%3B%20filename%3Dbed072dc-cfde-4ae3-a22a-19a3406c2d4a.flac&x-id=GetObject,0.4494403,34113
ConAam-2022-06-09_17-30.WAV,2022 Conaway North A,2022,6,9,17,30,Agelaius tricolor,Simple Call 2,7.9253335,8.319999695,375,21656,24000,present,https://rfcx-streams-production.s3.eu-west-1.amazonaws.com/2022/06/10/82sjidqz9yro/7e2c8905-3827-459b-9bce-dd509b15be6f.flac?X-Amz-Algorithm=AWS4-HMAC-SHA256&X-Amz-Content-Sha256=UNSIGNED-PAYLOAD&X-Amz-Credential=AKIA45B7YWBX5HAZMGOU%2F20260223%2Feu-west-1%2Fs3%2Faws4_request&X-Amz-Date=20260223T001935Z&X-Amz-Expires=604800&X-Amz-Signature=62c2a9b42935b090f91f130c2a8599ee4068225f5e052a0e82fb3fb683074c78&X-Amz-SignedHeaders=host&response-content-disposition=attachment%3B%20filename%3D7e2c8905-3827-459b-9bce-dd509b15be6f.flac&x-id=GetObject,0.507388473,34113
ConAam-2022-06-09_17-40.WAV,2022 Conaway North A,2022,6,9,17,40,Agelaius tricolor,Simple Call 2,18.13866615,18.53333282,375,21656,24000,present,https://rfcx-streams-production.s3.eu-west-1.amazonaws.com/2022/06/10/82sjidqz9yro/0bdc8238-0953-4372-bb69-e667b7342585.flac?X-Amz-Algorithm=AWS4-HMAC-SHA256&X-Amz-Content-Sha256=UNSIGNED-PAYLOAD&X-Amz-Credential=AKIA45B7YWBX5HAZMGOU%2F20260223%2Feu-west-1%2Fs3%2Faws4_request&X-Amz-Date=20260223T001935Z&X-Amz-Expires=604800&X-Amz-Signature=0b8f4374f381f7af7dae5a75051785b12589863d5fa578cabb5ef372c18a9c22&X-Amz-SignedHeaders=host&response-content-disposition=attachment%3B%20filename%3D0bdc8238-0953-4372-bb69-e667b7342585.flac&x-id=GetObject,0.419349819,34113
ConAam-2022-06-09_17-50.WAV,2022 Conaway North A,2022,6,9,17,50,Agelaius tricolor,Simple Call 2,0.432000011,0.826666653,375,21656,24000,present,https://rfcx-streams-production.s3.eu-west-1.amazonaws.com/2022/06/10/82sjidqz9yro/0c5e98c7-00c3-41aa-98fc-501d0a79127d.flac?X-Amz-Algorithm=AWS4-HMAC-SHA256&X-Amz-Content-Sha256=UNSIGNED-PAYLOAD&X-Amz-Credential=AKIA45B7YWBX5HAZMGOU%2F20260223%2Feu-west-1%2Fs3%2Faws4_request&X-Amz-Date=20260223T001935Z&X-Amz-Expires=604800&X-Amz-Signature=4a5e89e4e20eb693a799c20b0b78608dbb0498cc2645657a725e37b3bb9f0cc0&X-Amz-SignedHeaders=host&response-content-disposition=attachment%3B%20filename%3D0c5e98c7-00c3-41aa-98fc-501d0a79127d.flac&x-id=GetObject,0.474844217,34113
ConAam-2022-06-09_18-20.WAV,2022 Conaway North A,2022,6,9,18,20,Agelaius tricolor,Simple Call 2,32.76266479,33.15733337,375,21656,24000,present,https://rfcx-streams-production.s3.eu-west-1.amazonaws.com/2022/06/10/82sjidqz9yro/6a905116-82a3-4bcf-a66b-689a96aed51d.flac?X-Amz-Algorithm=AWS4-HMAC-SHA256&X-Amz-Content-Sha256=UNSIGNED-PAYLOAD&X-Amz-Credential=AKIA45B7YWBX5HAZMGOU%2F20260223%2Feu-west-1%2Fs3%2Faws4_request&X-Amz-Date=20260223T001935Z&X-Amz-Expires=604800&X-Amz-Signature=49a951018dcbba83797a06b8c8f61bf24fa1ce5cee6b47aa04237f521f67b0c8&X-Amz-SignedHeaders=host&response-content-disposition=attachment%3B%20filename%3D6a905116-82a3-4bcf-a66b-689a96aed51d.flac&x-id=GetObject,0.528256893,34113
ConAam-2022-06-09_18-30.WAV,2022 Conaway North A,2022,6,9,18,30,Agelaius tricolor,Simple Call 2,49.30666733,49.70133209,375,21656,24000,present,https://rfcx-streams-production.s3.eu-west-1.amazonaws.com/2022/06/10/82sjidqz9yro/3b8d4d32-a862-4529-aef9-0e214d582305.flac?X-Amz-Algorithm=AWS4-HMAC-SHA256&X-Amz-Content-Sha256=UNSIGNED-PAYLOAD&X-Amz-Credential=AKIA45B7YWBX5HAZMGOU%2F20260223%2Feu-west-1%2Fs3%2Faws4_request&X-Amz-Date=20260223T001935Z&X-Amz-Expires=604800&X-Amz-Signature=6c9f27440cb37bd5362a266b000f4a3a5527821d76ee6a8a6e618eaddba385fa&X-Amz-SignedHeaders=host&response-content-disposition=attachment%3B%20filename%3D3b8d4d32-a862-4529-aef9-0e214d582305.flac&x-id=GetObject,0.509283721,34113
ConAam-2022-06-09_18-40.WAV,2022 Conaway North A,2022,6,9,18,40,Agelaius tricolor,Simple Call 2,24.60266685,24.99733353,375,21656,24000,present,https://rfcx-streams-production.s3.eu-west-1.amazonaws.com/2022/06/10/82sjidqz9yro/a230d699-34c7-4f59-b83b-a327a20d1e42.flac?X-Amz-Algorithm=AWS4-HMAC-SHA256&X-Amz-Content-Sha256=UNSIGNED-PAYLOAD&X-Amz-Credential=AKIA45B7YWBX5HAZMGOU%2F20260223%2Feu-west-1%2Fs3%2Faws4_request&X-Amz-Date=20260223T001935Z&X-Amz-Expires=604800&X-Amz-Signature=e65af1f08824e2d427974d271c1202db6b633fa470f463b15f7e85c7f364b0c8&X-Amz-SignedHeaders=host&response-content-disposition=attachment%3B%20filename%3Da230d699-34c7-4f59-b83b-a327a20d1e42.flac&x-id=GetObject,0.550502658,34113
ConAam-2022-06-09_19-30.WAV,2022 Conaway North A,2022,6,9,19,30,Agelaius tricolor,Simple Call 2,49.62666702,50.02133179,375,21656,24000,present,https://rfcx-streams-production.s3.eu-west-1.amazonaws.com/2022/06/10/82sjidqz9yro/0505b036-0b56-4ec0-be0c-fc1364a14e8f.flac?X-Amz-Algorithm=AWS4-HMAC-SHA256&X-Amz-Content-Sha256=UNSIGNED-PAYLOAD&X-Amz-Credential=AKIA45B7YWBX5HAZMGOU%2F20260223%2Feu-west-1%2Fs3%2Faws4_request&X-Amz-Date=20260223T001935Z&X-Amz-Expires=604800&X-Amz-Signature=2a5706bcff5564b3a1ac3fb7e17f5ca74a5906d8a171b1ead07c45d971769974&X-Amz-SignedHeaders=host&response-content-disposition=attachment%3B%20filename%3D0505b036-0b56-4ec0-be0c-fc1364a14e8f.flac&x-id=GetObject,0.423408896,34113
ConAam-2022-06-09_19-50.WAV,2022 Conaway North A,2022,6,9,19,50,Agelaius tricolor,Simple Call 2,41.70666504,42.10133362,375,21656,24000,present,https://rfcx-streams-production.s3.eu-west-1.amazonaws.com/2022/06/10/82sjidqz9yro/16a25dc5-d32b-4f28-93b6-9892fe78c5f3.flac?X-Amz-Algorithm=AWS4-HMAC-SHA256&X-Amz-Content-Sha256=UNSIGNED-PAYLOAD&X-Amz-Credential=AKIA45B7YWBX5HAZMGOU%2F20260223%2Feu-west-1%2Fs3%2Faws4_request&X-Amz-Date=20260223T001935Z&X-Amz-Expires=604800&X-Amz-Signature=c4a7323a589d2cf8a8ef36f0443e471b01a36584c7d8a4f1a31dfbe941074565&X-Amz-SignedHeaders=host&response-content-disposition=attachment%3B%20filename%3D16a25dc5-d32b-4f28-93b6-9892fe78c5f3.flac&x-id=GetObject,0.406644315,34113
ConAam-2022-06-09_20-00.WAV,2022 Conaway North A,2022,6,9,20,0,Agelaius tricolor,Simple Call 2,15.81333351,16.20800018,375,21656,24000,present,https://rfcx-streams-production.s3.eu-west-1.amazonaws.com/2022/06/10/82sjidqz9yro/9fe13ae6-1c43-4871-8d96-2abaf570baf0.flac?X-Amz-Algorithm=AWS4-HMAC-SHA256&X-Amz-Content-Sha256=UNSIGNED-PAYLOAD&X-Amz-Credential=AKIA45B7YWBX5HAZMGOU%2F20260223%2Feu-west-1%2Fs3%2Faws4_request&X-Amz-Date=20260223T001935Z&X-Amz-Expires=604800&X-Amz-Signature=fd7ace22efbaecf0398267b2052bc8c6bbf5ea913d88e6977d4cacadc35dd10b&X-Amz-SignedHeaders=host&response-content-disposition=attachment%3B%20filename%3D9fe13ae6-1c43-4871-8d96-2abaf570baf0.flac&x-id=GetObject,0.439324945,34113
ConAam-2022-06-09_20-10.WAV,2022 Conaway North A,2022,6,9,20,10,Agelaius tricolor,Simple Call 2,45.0826683,45.47733307,375,21656,24000,present,https://rfcx-streams-production.s3.eu-west-1.amazonaws.com/2022/06/10/82sjidqz9yro/be1395ba-43da-41b0-ada4-e167363566f6.flac?X-Amz-Algorithm=AWS4-HMAC-SHA256&X-Amz-Content-Sha256=UNSIGNED-PAYLOAD&X-Amz-Credential=AKIA45B7YWBX5HAZMGOU%2F20260223%2Feu-west-1%2Fs3%2Faws4_request&X-Amz-Date=20260223T001935Z&X-Amz-Expires=604800&X-Amz-Signature=623fc1fd6a48f39bcf11ae2d6fdcf466ddc1f1f50f7c7977d203154d1242389a&X-Amz-SignedHeaders=host&response-content-disposition=attachment%3B%20filename%3Dbe1395ba-43da-41b0-ada4-e167363566f6.flac&x-id=GetObject,0.500039577,34113
ConAam-2022-06-09_20-20.WAV,2022 Conaway North A,2022,6,9,20,20,Agelaius tricolor,Simple Call 2,8.325333595,8.720000267,375,21656,24000,present,https://rfcx-streams-production.s3.eu-west-1.amazonaws.com/2022/06/10/82sjidqz9yro/bccab417-520a-4379-87f1-11b693f942c1.flac?X-Amz-Algorithm=AWS4-HMAC-SHA256&X-Amz-Content-Sha256=UNSIGNED-PAYLOAD&X-Amz-Credential=AKIA45B7YWBX5HAZMGOU%2F20260223%2Feu-west-1%2Fs3%2Faws4_request&X-Amz-Date=20260223T001935Z&X-Amz-Expires=604800&X-Amz-Signature=ba296686ffbf77e8f09a7be9cf5c57b8e244dbb0039aac156784498a599fcf9d&X-Amz-SignedHeaders=host&response-content-disposition=attachment%3B%20filename%3Dbccab417-520a-4379-87f1-11b693f942c1.flac&x-id=GetObject,0.506134212,34113
ConAam-2022-06-09_20-30.WAV,2022 Conaway North A,2022,6,9,20,30,Agelaius tricolor,Simple Call 2,47.12533188,47.52000046,375,21656,24000,present,https://rfcx-streams-production.s3.eu-west-1.amazonaws.com/2022/06/10/82sjidqz9yro/883c8147-2fbf-4617-8f1f-ceac0c9f6180.flac?X-Amz-Algorithm=AWS4-HMAC-SHA256&X-Amz-Content-Sha256=UNSIGNED-PAYLOAD&X-Amz-Credential=AKIA45B7YWBX5HAZMGOU%2F20260223%2Feu-west-1%2Fs3%2Faws4_request&X-Amz-Date=20260223T001935Z&X-Amz-Expires=604800&X-Amz-Signature=524633918a61e116d1cdc206a65879e857b5e8ee1a6c622e2303e56ee7fe033a&X-Amz-SignedHeaders=host&response-content-disposition=attachment%3B%20filename%3D883c8147-2fbf-4617-8f1f-ceac0c9f6180.flac&x-id=GetObject,0.407577306,34113
ConAam-2022-06-09_20-40.WAV,2022 Conaway North A,2022,6,9,20,40,Agelaius tricolor,Simple Call 2,33.64799881,34.04266739,375,21656,24000,present,https://rfcx-streams-production.s3.eu-west-1.amazonaws.com/2022/06/10/82sjidqz9yro/b2457b83-9118-428d-aec6-c9b6cf020a7e.flac?X-Amz-Algorithm=AWS4-HMAC-SHA256&X-Amz-Content-Sha256=UNSIGNED-PAYLOAD&X-Amz-Credential=AKIA45B7YWBX5HAZMGOU%2F20260223%2Feu-west-1%2Fs3%2Faws4_request&X-Amz-Date=20260223T001935Z&X-Amz-Expires=604800&X-Amz-Signature=7653999cd379589a2fee9c2e6a30a8c7c197527f715aa0833fee4c8f691055b9&X-Amz-SignedHeaders=host&response-content-disposition=attachment%3B%20filename%3Db2457b83-9118-428d-aec6-c9b6cf020a7e.flac&x-id=GetObject,0.438408703,34113
ConAam-2022-06-10_05-20.WAV,2022 Conaway North A,2022,6,10,5,20,Agelaius tricolor,Simple Call 2,36.7733345,37.16799927,375,21656,24000,present,https://rfcx-streams-production.s3.eu-west-1.amazonaws.com/2022/06/10/82sjidqz9yro/5466a573-7081-4aeb-b579-2d4f4cfc84e5.flac?X-Amz-Algorithm=AWS4-HMAC-SHA256&X-Amz-Content-Sha256=UNSIGNED-PAYLOAD&X-Amz-Credential=AKIA45B7YWBX5HAZMGOU%2F20260223%2Feu-west-1%2Fs3%2Faws4_request&X-Amz-Date=20260223T001935Z&X-Amz-Expires=604800&X-Amz-Signature=9f05fa6ba240575b9fb1d02f5ca7452a0af4950e02cb5a267d46bec8b7a642e9&X-Amz-SignedHeaders=host&response-content-disposition=attachment%3B%20filename%3D5466a573-7081-4aeb-b579-2d4f4cfc84e5.flac&x-id=GetObject,0.403379291,34113
ConAam-2022-06-10_05-30.WAV,2022 Conaway North A,2022,6,10,5,30,Agelaius tricolor,Simple Call 2,51.5573349,51.95199966,375,21656,24000,present,https://rfcx-streams-production.s3.eu-west-1.amazonaws.com/2022/06/10/82sjidqz9yro/43196569-2d93-43b1-9f61-dc7bebe3b2ab.flac?X-Amz-Algorithm=AWS4-HMAC-SHA256&X-Amz-Content-Sha256=UNSIGNED-PAYLOAD&X-Amz-Credential=AKIA45B7YWBX5HAZMGOU%2F20260223%2Feu-west-1%2Fs3%2Faws4_request&X-Amz-Date=20260223T001935Z&X-Amz-Expires=604800&X-Amz-Signature=479060e0ee31f78d8d1d38028a9baae15795d2d951bfb442a03a2731d9858793&X-Amz-SignedHeaders=host&response-content-disposition=attachment%3B%20filename%3D43196569-2d93-43b1-9f61-dc7bebe3b2ab.flac&x-id=GetObject,0.404906005,34113
ConAam-2022-06-10_05-40.WAV,2022 Conaway North A,2022,6,10,5,40,Agelaius tricolor,Simple Call 2,51.5359993,51.93066788,375,21656,24000,present,https://rfcx-streams-production.s3.eu-west-1.amazonaws.com/2022/06/10/82sjidqz9yro/80953584-ca17-4dc4-a65a-9c6723a4bcbe.flac?X-Amz-Algorithm=AWS4-HMAC-SHA256&X-Amz-Content-Sha256=UNSIGNED-PAYLOAD&X-Amz-Credential=AKIA45B7YWBX5HAZMGOU%2F20260223%2Feu-west-1%2Fs3%2Faws4_request&X-Amz-Date=20260223T001935Z&X-Amz-Expires=604800&X-Amz-Signature=aa96b9cb9a620dbdccdfbeb03f82adfba6a23107a3d9e0c591bd7510389972e8&X-Amz-SignedHeaders=host&response-content-disposition=attachment%3B%20filename%3D80953584-ca17-4dc4-a65a-9c6723a4bcbe.flac&x-id=GetObject,0.437203258,34113
ConAam-2022-06-10_05-50.WAV,2022 Conaway North A,2022,6,10,5,50,Agelaius tricolor,Simple Call 2,50.16533279,50.56000137,375,21656,24000,present,https://rfcx-streams-production.s3.eu-west-1.amazonaws.com/2022/06/10/82sjidqz9yro/b3cdadb9-c017-4247-9c13-e06a903af0b6.flac?X-Amz-Algorithm=AWS4-HMAC-SHA256&X-Amz-Content-Sha256=UNSIGNED-PAYLOAD&X-Amz-Credential=AKIA45B7YWBX5HAZMGOU%2F20260223%2Feu-west-1%2Fs3%2Faws4_request&X-Amz-Date=20260223T001935Z&X-Amz-Expires=604800&X-Amz-Signature=e6a842b80c38ccf73d717f76bc0b74a9a414cb13ec45a8c8b2ab000780b9e8ba&X-Amz-SignedHeaders=host&response-content-disposition=attachment%3B%20filename%3Db3cdadb9-c017-4247-9c13-e06a903af0b6.flac&x-id=GetObject,0.410341829,34113
ConAam-2022-06-10_06-00.WAV,2022 Conaway North A,2022,6,10,6,0,Agelaius tricolor,Simple Call 2,4.117333412,4.512000084,375,21656,24000,present,https://rfcx-streams-production.s3.eu-west-1.amazonaws.com/2022/06/10/82sjidqz9yro/bd543af3-4128-4a29-983b-ac01a72b7e20.flac?X-Amz-Algorithm=AWS4-HMAC-SHA256&X-Amz-Content-Sha256=UNSIGNED-PAYLOAD&X-Amz-Credential=AKIA45B7YWBX5HAZMGOU%2F20260223%2Feu-west-1%2Fs3%2Faws4_request&X-Amz-Date=20260223T001935Z&X-Amz-Expires=604800&X-Amz-Signature=d27bda5d60d4026c269caafa3d6265e141688680f1ad625d1dd5b031960956ab&X-Amz-SignedHeaders=host&response-content-disposition=attachment%3B%20filename%3Dbd543af3-4128-4a29-983b-ac01a72b7e20.flac&x-id=GetObject,0.453094929,34113
ConAam-2022-06-10_06-10.WAV,2022 Conaway North A,2022,6,10,6,10,Agelaius tricolor,Simple Call 2,39.41333389,39.80799866,375,21656,24000,present,https://rfcx-streams-production.s3.eu-west-1.amazonaws.com/2022/06/10/82sjidqz9yro/0414b1bc-b32f-4a6a-9a9a-dfc600f94d24.flac?X-Amz-Algorithm=AWS4-HMAC-SHA256&X-Amz-Content-Sha256=UNSIGNED-PAYLOAD&X-Amz-Credential=AKIA45B7YWBX5HAZMGOU%2F20260223%2Feu-west-1%2Fs3%2Faws4_request&X-Amz-Date=20260223T001935Z&X-Amz-Expires=604800&X-Amz-Signature=1344e960709a4d1cb75bfc9b15dd1a411a28959b12eead95eb000adfcc786f30&X-Amz-SignedHeaders=host&response-content-disposition=attachment%3B%20filename%3D0414b1bc-b32f-4a6a-9a9a-dfc600f94d24.flac&x-id=GetObject,0.51723057,34113
ConAam-2022-06-10_06-20.WAV,2022 Conaway North A,2022,6,10,6,20,Agelaius tricolor,Simple Call 2,17.86666679,18.26133347,375,21656,24000,present,https://rfcx-streams-production.s3.eu-west-1.amazonaws.com/2022/06/10/82sjidqz9yro/d8ec9a79-bc5b-4de4-bbd5-32ede8804bed.flac?X-Amz-Algorithm=AWS4-HMAC-SHA256&X-Amz-Content-Sha256=UNSIGNED-PAYLOAD&X-Amz-Credential=AKIA45B7YWBX5HAZMGOU%2F20260223%2Feu-west-1%2Fs3%2Faws4_request&X-Amz-Date=20260223T001935Z&X-Amz-Expires=604800&X-Amz-Signature=6666e092394b1579eb0f88ca9f1aa53edc05c7cfc3eb0cbb0743e1551f197b50&X-Amz-SignedHeaders=host&response-content-disposition=attachment%3B%20filename%3Dd8ec9a79-bc5b-4de4-bbd5-32ede8804bed.flac&x-id=GetObject,0.504167676,34113
ConAam-2022-06-10_06-30.WAV,2022 Conaway North A,2022,6,10,6,30,Agelaius tricolor,Simple Call 2,22.1546669,22.54933357,375,21656,24000,present,https://rfcx-streams-production.s3.eu-west-1.amazonaws.com/2022/06/10/82sjidqz9yro/3c9b7fde-99c0-4eeb-abbb-2c6c7e68ad38.flac?X-Amz-Algorithm=AWS4-HMAC-SHA256&X-Amz-Content-Sha256=UNSIGNED-PAYLOAD&X-Amz-Credential=AKIA45B7YWBX5HAZMGOU%2F20260223%2Feu-west-1%2Fs3%2Faws4_request&X-Amz-Date=20260223T001935Z&X-Amz-Expires=604800&X-Amz-Signature=402459e7ec1c1338d407dd53b11f6ffa47a9b324ef576c386f4d504f55cfae68&X-Amz-SignedHeaders=host&response-content-disposition=attachment%3B%20filename%3D3c9b7fde-99c0-4eeb-abbb-2c6c7e68ad38.flac&x-id=GetObject,0.494576603,34113
ConAam-2022-06-10_06-40.WAV,2022 Conaway North A,2022,6,10,6,40,Agelaius tricolor,Simple Call 2,44.98666763,45.3813324,375,21656,24000,present,https://rfcx-streams-production.s3.eu-west-1.amazonaws.com/2022/06/10/82sjidqz9yro/f9d41b45-77e9-414d-a097-1f492550adaf.flac?X-Amz-Algorithm=AWS4-HMAC-SHA256&X-Amz-Content-Sha256=UNSIGNED-PAYLOAD&X-Amz-Credential=AKIA45B7YWBX5HAZMGOU%2F20260223%2Feu-west-1%2Fs3%2Faws4_request&X-Amz-Date=20260223T001935Z&X-Amz-Expires=604800&X-Amz-Signature=e00beecdd69472039de1f8d924db4adb9152eca735f67eb06c6c73914d44965d&X-Amz-SignedHeaders=host&response-content-disposition=attachment%3B%20filename%3Df9d41b45-77e9-414d-a097-1f492550adaf.flac&x-id=GetObject,0.471789479,34113
ConAam-2022-06-10_06-50.WAV,2022 Conaway North A,2022,6,10,6,50,Agelaius tricolor,Simple Call 2,32.82666779,33.22133255,375,21656,24000,present,https://rfcx-streams-production.s3.eu-west-1.amazonaws.com/2022/06/10/82sjidqz9yro/e65b4081-0b64-4173-a750-3a26eae04827.flac?X-Amz-Algorithm=AWS4-HMAC-SHA256&X-Amz-Content-Sha256=UNSIGNED-PAYLOAD&X-Amz-Credential=AKIA45B7YWBX5HAZMGOU%2F20260223%2Feu-west-1%2Fs3%2Faws4_request&X-Amz-Date=20260223T001935Z&X-Amz-Expires=604800&X-Amz-Signature=2e5aba3bd46a93f8a768b50d5d4fb97eb452e9f13baf5e5cbad054e0535e1736&X-Amz-SignedHeaders=host&response-content-disposition=attachment%3B%20filename%3De65b4081-0b64-4173-a750-3a26eae04827.flac&x-id=GetObject,0.540519357,34113
ConAam-2022-06-10_07-00.WAV,2022 Conaway North A,2022,6,10,7,0,Agelaius tricolor,Simple Call 2,47.92533493,48.31999969,375,21656,24000,present,https://rfcx-streams-production.s3.eu-west-1.amazonaws.com/2022/06/10/82sjidqz9yro/768f854d-660c-44ce-ab64-8c3f3264acef.flac?X-Amz-Algorithm=AWS4-HMAC-SHA256&X-Amz-Content-Sha256=UNSIGNED-PAYLOAD&X-Amz-Credential=AKIA45B7YWBX5HAZMGOU%2F20260223%2Feu-west-1%2Fs3%2Faws4_request&X-Amz-Date=20260223T001935Z&X-Amz-Expires=604800&X-Amz-Signature=643b54831b2790ec8d3a4bae3925b30d20b8fc2db93badec8b6ffa85d9b607c2&X-Amz-SignedHeaders=host&response-content-disposition=attachment%3B%20filename%3D768f854d-660c-44ce-ab64-8c3f3264acef.flac&x-id=GetObject,0.538187981,34113
ConAam-2022-06-10_07-10.WAV,2022 Conaway North A,2022,6,10,7,10,Agelaius tricolor,Simple Call 2,42.24000168,42.63466644,375,21656,24000,present,https://rfcx-streams-production.s3.eu-west-1.amazonaws.com/2022/06/10/82sjidqz9yro/6ac08aac-d7aa-4b0b-977a-57ccad4a5755.flac?X-Amz-Algorithm=AWS4-HMAC-SHA256&X-Amz-Content-Sha256=UNSIGNED-PAYLOAD&X-Amz-Credential=AKIA45B7YWBX5HAZMGOU%2F20260223%2Feu-west-1%2Fs3%2Faws4_request&X-Amz-Date=20260223T001935Z&X-Amz-Expires=604800&X-Amz-Signature=a25cca0b3f44a4595068ff9e5aaf029833d008487d11095c70d44a8561796389&X-Amz-SignedHeaders=host&response-content-disposition=attachment%3B%20filename%3D6ac08aac-d7aa-4b0b-977a-57ccad4a5755.flac&x-id=GetObject,0.470323086,34113
ConAam-2022-06-10_07-20.WAV,2022 Conaway North A,2022,6,10,7,20,Agelaius tricolor,Simple Call 2,1.306666613,1.701333284,375,21656,24000,present,https://rfcx-streams-production.s3.eu-west-1.amazonaws.com/2022/06/10/82sjidqz9yro/f8205b12-2311-495f-b7af-c8f9276ee0bc.flac?X-Amz-Algorithm=AWS4-HMAC-SHA256&X-Amz-Content-Sha256=UNSIGNED-PAYLOAD&X-Amz-Credential=AKIA45B7YWBX5HAZMGOU%2F20260223%2Feu-west-1%2Fs3%2Faws4_request&X-Amz-Date=20260223T001935Z&X-Amz-Expires=604800&X-Amz-Signature=3d3a0341159567d5c6730c284c8c443cfe9e4b56d9e4ef867a66c538692f57f8&X-Amz-SignedHeaders=host&response-content-disposition=attachment%3B%20filename%3Df8205b12-2311-495f-b7af-c8f9276ee0bc.flac&x-id=GetObject,0.504261076,34113
ConAam-2022-06-10_07-30.WAV,2022 Conaway North A,2022,6,10,7,30,Agelaius tricolor,Simple Call 2,16.59733391,16.99200058,375,21656,24000,present,https://rfcx-streams-production.s3.eu-west-1.amazonaws.com/2022/06/10/82sjidqz9yro/5d09ace5-7646-4e3c-b376-f62ab681f95a.flac?X-Amz-Algorithm=AWS4-HMAC-SHA256&X-Amz-Content-Sha256=UNSIGNED-PAYLOAD&X-Amz-Credential=AKIA45B7YWBX5HAZMGOU%2F20260223%2Feu-west-1%2Fs3%2Faws4_request&X-Amz-Date=20260223T001935Z&X-Amz-Expires=604800&X-Amz-Signature=e5ec10096cb2ebe0c07b721ef930d37daab26f98e8943562746b1e4f28b5ab6a&X-Amz-SignedHeaders=host&response-content-disposition=attachment%3B%20filename%3D5d09ace5-7646-4e3c-b376-f62ab681f95a.flac&x-id=GetObject,0.622358203,34113
ConAam-2022-06-10_07-40.WAV,2022 Conaway North A,2022,6,10,7,40,Agelaius tricolor,Simple Call 2,44.94400024,45.33866501,375,21656,24000,present,https://rfcx-streams-production.s3.eu-west-1.amazonaws.com/2022/06/10/82sjidqz9yro/52437eb1-bc7c-47df-988a-1b7b5db326f9.flac?X-Amz-Algorithm=AWS4-HMAC-SHA256&X-Amz-Content-Sha256=UNSIGNED-PAYLOAD&X-Amz-Credential=AKIA45B7YWBX5HAZMGOU%2F20260223%2Feu-west-1%2Fs3%2Faws4_request&X-Amz-Date=20260223T001935Z&X-Amz-Expires=604800&X-Amz-Signature=17a5747de6075c617a69d97766e2f192a5367b050c9d5c9e9fecabf88e0a7a3e&X-Amz-SignedHeaders=host&response-content-disposition=attachment%3B%20filename%3D52437eb1-bc7c-47df-988a-1b7b5db326f9.flac&x-id=GetObject,0.479267687,34113
ConAam-2022-06-10_07-50.WAV,2022 Conaway North A,2022,6,10,7,50,Agelaius tricolor,Simple Call 2,43.11999893,43.51466751,375,21656,24000,present,https://rfcx-streams-production.s3.eu-west-1.amazonaws.com/2022/06/10/82sjidqz9yro/11bc00e5-331a-4835-96fe-373ae3e28f89.flac?X-Amz-Algorithm=AWS4-HMAC-SHA256&X-Amz-Content-Sha256=UNSIGNED-PAYLOAD&X-Amz-Credential=AKIA45B7YWBX5HAZMGOU%2F20260223%2Feu-west-1%2Fs3%2Faws4_request&X-Amz-Date=20260223T001935Z&X-Amz-Expires=604800&X-Amz-Signature=246bdbbe415712e09622e771b3977e5505a634330f2f02a74db7c8e752dff394&X-Amz-SignedHeaders=host&response-content-disposition=attachment%3B%20filename%3D11bc00e5-331a-4835-96fe-373ae3e28f89.flac&x-id=GetObject,0.488024265,34113
ConAam-2022-06-10_08-00.WAV,2022 Conaway North A,2022,6,10,8,0,Agelaius tricolor,Simple Call 2,1.343999982,1.738666654,375,21656,24000,present,https://rfcx-streams-production.s3.eu-west-1.amazonaws.com/2022/06/10/82sjidqz9yro/b1782e2f-4bb5-45b3-ae04-2f4e3f1be8c3.flac?X-Amz-Algorithm=AWS4-HMAC-SHA256&X-Amz-Content-Sha256=UNSIGNED-PAYLOAD&X-Amz-Credential=AKIA45B7YWBX5HAZMGOU%2F20260223%2Feu-west-1%2Fs3%2Faws4_request&X-Amz-Date=20260223T001935Z&X-Amz-Expires=604800&X-Amz-Signature=ff15f5d530367dc346ef6870faf7fd5314435cd88e842bd933d269d96e399d95&X-Amz-SignedHeaders=host&response-content-disposition=attachment%3B%20filename%3Db1782e2f-4bb5-45b3-ae04-2f4e3f1be8c3.flac&x-id=GetObject,0.476270437,34113
ConAam-2022-06-10_08-10.WAV,2022 Conaway North A,2022,6,10,8,10,Agelaius tricolor,Simple Call 2,48.89599991,49.29066849,375,21656,24000,present,https://rfcx-streams-production.s3.eu-west-1.amazonaws.com/2022/06/10/82sjidqz9yro/6b71c444-7d74-4ce5-b637-2519ac75ff03.flac?X-Amz-Algorithm=AWS4-HMAC-SHA256&X-Amz-Content-Sha256=UNSIGNED-PAYLOAD&X-Amz-Credential=AKIA45B7YWBX5HAZMGOU%2F20260223%2Feu-west-1%2Fs3%2Faws4_request&X-Amz-Date=20260223T001935Z&X-Amz-Expires=604800&X-Amz-Signature=b7344dc0f546cc44dff53a8264e8b7695d2171006a1b2fe20c529a909c74d8b1&X-Amz-SignedHeaders=host&response-content-disposition=attachment%3B%20filename%3D6b71c444-7d74-4ce5-b637-2519ac75ff03.flac&x-id=GetObject,0.485858351,34113
ConAam-2022-06-10_08-20.WAV,2022 Conaway North A,2022,6,10,8,20,Agelaius tricolor,Simple Call 2,15.26933289,15.66399956,375,21656,24000,present,https://rfcx-streams-production.s3.eu-west-1.amazonaws.com/2022/06/10/82sjidqz9yro/57122c80-bba9-4835-9645-4a225ceda740.flac?X-Amz-Algorithm=AWS4-HMAC-SHA256&X-Amz-Content-Sha256=UNSIGNED-PAYLOAD&X-Amz-Credential=AKIA45B7YWBX5HAZMGOU%2F20260223%2Feu-west-1%2Fs3%2Faws4_request&X-Amz-Date=20260223T001935Z&X-Amz-Expires=604800&X-Amz-Signature=4a933b6274463fc8d7c37dc0a7b42ab595fac9438c213741decdaccc94158db0&X-Amz-SignedHeaders=host&response-content-disposition=attachment%3B%20filename%3D57122c80-bba9-4835-9645-4a225ceda740.flac&x-id=GetObject,0.452846378,34113
ConAam-2022-06-10_08-40.WAV,2022 Conaway North A,2022,6,10,8,40,Agelaius tricolor,Simple Call 2,17.26399994,17.65866661,375,21656,24000,present,https://rfcx-streams-production.s3.eu-west-1.amazonaws.com/2022/06/10/82sjidqz9yro/c7129a2b-505e-430f-8ebc-936d5d84a964.flac?X-Amz-Algorithm=AWS4-HMAC-SHA256&X-Amz-Content-Sha256=UNSIGNED-PAYLOAD&X-Amz-Credential=AKIA45B7YWBX5HAZMGOU%2F20260223%2Feu-west-1%2Fs3%2Faws4_request&X-Amz-Date=20260223T001935Z&X-Amz-Expires=604800&X-Amz-Signature=1dfcb517b8ed385acf6d4b3214b3871b532a86045bd2bb24d12421e1e1fdc246&X-Amz-SignedHeaders=host&response-content-disposition=attachment%3B%20filename%3Dc7129a2b-505e-430f-8ebc-936d5d84a964.flac&x-id=GetObject,0.526850879,34113
ConAam-2022-06-10_08-50.WAV,2022 Conaway North A,2022,6,10,8,50,Agelaius tricolor,Simple Call 2,26.52266693,26.9173336,375,21656,24000,present,https://rfcx-streams-production.s3.eu-west-1.amazonaws.com/2022/06/10/82sjidqz9yro/e3aba277-ad7d-4a00-9de1-2989d49f9b5a.flac?X-Amz-Algorithm=AWS4-HMAC-SHA256&X-Amz-Content-Sha256=UNSIGNED-PAYLOAD&X-Amz-Credential=AKIA45B7YWBX5HAZMGOU%2F20260223%2Feu-west-1%2Fs3%2Faws4_request&X-Amz-Date=20260223T001935Z&X-Amz-Expires=604800&X-Amz-Signature=126f41c092925c0d31c12c32480f8fce08b0593441b1e84e1155b6af90f136d1&X-Amz-SignedHeaders=host&response-content-disposition=attachment%3B%20filename%3De3aba277-ad7d-4a00-9de1-2989d49f9b5a.flac&x-id=GetObject,0.47758171,34113
ConAam-2022-06-10_09-00.WAV,2022 Conaway North A,2022,6,10,9,0,Agelaius tricolor,Simple Call 2,49.59466553,49.98933411,375,21656,24000,present,https://rfcx-streams-production.s3.eu-west-1.amazonaws.com/2022/06/10/82sjidqz9yro/ed31c1ac-fd97-485d-9435-9cf9ae040d38.flac?X-Amz-Algorithm=AWS4-HMAC-SHA256&X-Amz-Content-Sha256=UNSIGNED-PAYLOAD&X-Amz-Credential=AKIA45B7YWBX5HAZMGOU%2F20260223%2Feu-west-1%2Fs3%2Faws4_request&X-Amz-Date=20260223T001935Z&X-Amz-Expires=604800&X-Amz-Signature=90607f3a92ba71d3ad0861961f54ca1f88d5abafe84a2fdd57f942a237135c3f&X-Amz-SignedHeaders=host&response-content-disposition=attachment%3B%20filename%3Ded31c1ac-fd97-485d-9435-9cf9ae040d38.flac&x-id=GetObject,0.492581993,34113
ConAam-2022-06-10_09-10.WAV,2022 Conaway North A,2022,6,10,9,10,Agelaius tricolor,Simple Call 2,26.42666626,26.82133293,375,21656,24000,present,https://rfcx-streams-production.s3.eu-west-1.amazonaws.com/2022/06/10/82sjidqz9yro/7b273e8c-36fb-4b80-909d-fd10b6848835.flac?X-Amz-Algorithm=AWS4-HMAC-SHA256&X-Amz-Content-Sha256=UNSIGNED-PAYLOAD&X-Amz-Credential=AKIA45B7YWBX5HAZMGOU%2F20260223%2Feu-west-1%2Fs3%2Faws4_request&X-Amz-Date=20260223T001935Z&X-Amz-Expires=604800&X-Amz-Signature=617ff3f3a2eb6bd1f9187a6fb66f1bb7dec24efb13a28d9a84e9f89a2a151faa&X-Amz-SignedHeaders=host&response-content-disposition=attachment%3B%20filename%3D7b273e8c-36fb-4b80-909d-fd10b6848835.flac&x-id=GetObject,0.479484648,34113
ConAam-2022-06-10_09-20.WAV,2022 Conaway North A,2022,6,10,9,20,Agelaius tricolor,Simple Call 2,22.36266708,22.75733376,375,21656,24000,present,https://rfcx-streams-production.s3.eu-west-1.amazonaws.com/2022/06/10/82sjidqz9yro/e5a97769-d889-40c4-a48c-921589e65c3a.flac?X-Amz-Algorithm=AWS4-HMAC-SHA256&X-Amz-Content-Sha256=UNSIGNED-PAYLOAD&X-Amz-Credential=AKIA45B7YWBX5HAZMGOU%2F20260223%2Feu-west-1%2Fs3%2Faws4_request&X-Amz-Date=20260223T001935Z&X-Amz-Expires=604800&X-Amz-Signature=5cc7b2317f345ad73adc5e753897e54fbfcdac2560b85e501bee00bd0faf8e68&X-Amz-SignedHeaders=host&response-content-disposition=attachment%3B%20filename%3De5a97769-d889-40c4-a48c-921589e65c3a.flac&x-id=GetObject,0.444122076,34113
ConAam-2022-06-10_09-40.WAV,2022 Conaway North A,2022,6,10,9,40,Agelaius tricolor,Simple Call 2,19.61599922,20.01066589,375,21656,24000,present,https://rfcx-streams-production.s3.eu-west-1.amazonaws.com/2022/06/10/82sjidqz9yro/ab75ac42-b23f-4435-a70c-fabf8f809d32.flac?X-Amz-Algorithm=AWS4-HMAC-SHA256&X-Amz-Content-Sha256=UNSIGNED-PAYLOAD&X-Amz-Credential=AKIA45B7YWBX5HAZMGOU%2F20260223%2Feu-west-1%2Fs3%2Faws4_request&X-Amz-Date=20260223T001935Z&X-Amz-Expires=604800&X-Amz-Signature=3bdd685521bd76a4a55ac7648027c402197663c5ce97c001cfb2e5fa302bf683&X-Amz-SignedHeaders=host&response-content-disposition=attachment%3B%20filename%3Dab75ac42-b23f-4435-a70c-fabf8f809d32.flac&x-id=GetObject,0.496647865,34113
ConAam-2022-06-10_09-50.WAV,2022 Conaway North A,2022,6,10,9,50,Agelaius tricolor,Simple Call 2,24.94933319,25.34399986,375,21656,24000,present,https://rfcx-streams-production.s3.eu-west-1.amazonaws.com/2022/06/10/82sjidqz9yro/adddad35-7e21-4eed-bfad-b08ce0d7e0ea.flac?X-Amz-Algorithm=AWS4-HMAC-SHA256&X-Amz-Content-Sha256=UNSIGNED-PAYLOAD&X-Amz-Credential=AKIA45B7YWBX5HAZMGOU%2F20260223%2Feu-west-1%2Fs3%2Faws4_request&X-Amz-Date=20260223T001935Z&X-Amz-Expires=604800&X-Amz-Signature=fe5ef51e646bd9047fe29aa77f58599fcba52f3e31ab8c75124ee9de020ef156&X-Amz-SignedHeaders=host&response-content-disposition=attachment%3B%20filename%3Dadddad35-7e21-4eed-bfad-b08ce0d7e0ea.flac&x-id=GetObject,0.421269774,34113
ConAam-2022-06-10_10-00.WAV,2022 Conaway North A,2022,6,10,10,0,Agelaius tricolor,Simple Call 2,29.31733322,29.71199989,375,21656,24000,present,https://rfcx-streams-production.s3.eu-west-1.amazonaws.com/2022/06/10/82sjidqz9yro/40d3e3c9-a7fb-419e-94e3-2e22caa51dbb.flac?X-Amz-Algorithm=AWS4-HMAC-SHA256&X-Amz-Content-Sha256=UNSIGNED-PAYLOAD&X-Amz-Credential=AKIA45B7YWBX5HAZMGOU%2F20260223%2Feu-west-1%2Fs3%2Faws4_request&X-Amz-Date=20260223T001935Z&X-Amz-Expires=604800&X-Amz-Signature=6971407d9f24fa502642638236e8639fdc8ede2ec74c5c42c564815ff4285979&X-Amz-SignedHeaders=host&response-content-disposition=attachment%3B%20filename%3D40d3e3c9-a7fb-419e-94e3-2e22caa51dbb.flac&x-id=GetObject,0.467208654,34113
ConAam-2022-06-10_10-10.WAV,2022 Conaway North A,2022,6,10,10,10,Agelaius tricolor,Simple Call 2,38.85866547,39.25333405,375,21656,24000,present,https://rfcx-streams-production.s3.eu-west-1.amazonaws.com/2022/06/10/82sjidqz9yro/9027f760-eeae-4495-bcbf-059f389012ad.flac?X-Amz-Algorithm=AWS4-HMAC-SHA256&X-Amz-Content-Sha256=UNSIGNED-PAYLOAD&X-Amz-Credential=AKIA45B7YWBX5HAZMGOU%2F20260223%2Feu-west-1%2Fs3%2Faws4_request&X-Amz-Date=20260223T001935Z&X-Amz-Expires=604800&X-Amz-Signature=bd06ff72577f231ed47dd2ccfc406b4f82464ce30493caed1897fb8e1a0d2386&X-Amz-SignedHeaders=host&response-content-disposition=attachment%3B%20filename%3D9027f760-eeae-4495-bcbf-059f389012ad.flac&x-id=GetObject,0.473157048,34113
ConAam-2022-06-10_10-20.WAV,2022 Conaway North A,2022,6,10,10,20,Agelaius tricolor,Simple Call 2,55.66400146,56.05866623,375,21656,24000,present,https://rfcx-streams-production.s3.eu-west-1.amazonaws.com/2022/06/10/82sjidqz9yro/5823a65f-1c81-42be-9078-c469e1603471.flac?X-Amz-Algorithm=AWS4-HMAC-SHA256&X-Amz-Content-Sha256=UNSIGNED-PAYLOAD&X-Amz-Credential=AKIA45B7YWBX5HAZMGOU%2F20260223%2Feu-west-1%2Fs3%2Faws4_request&X-Amz-Date=20260223T001935Z&X-Amz-Expires=604800&X-Amz-Signature=99569e725091c216480d144cdc74ec0ae0abcb8642a8f54dfe931f09311f83aa&X-Amz-SignedHeaders=host&response-content-disposition=attachment%3B%20filename%3D5823a65f-1c81-42be-9078-c469e1603471.flac&x-id=GetObject,0.501694679,34113
ConAam-2022-06-10_10-30.WAV,2022 Conaway North A,2022,6,10,10,30,Agelaius tricolor,Simple Call 2,19.34399986,19.73866653,375,21656,24000,present,https://rfcx-streams-production.s3.eu-west-1.amazonaws.com/2022/06/10/82sjidqz9yro/981b0fef-6c2c-4e51-8dd1-90036428b582.flac?X-Amz-Algorithm=AWS4-HMAC-SHA256&X-Amz-Content-Sha256=UNSIGNED-PAYLOAD&X-Amz-Credential=AKIA45B7YWBX5HAZMGOU%2F20260223%2Feu-west-1%2Fs3%2Faws4_request&X-Amz-Date=20260223T001935Z&X-Amz-Expires=604800&X-Amz-Signature=4ad7e1a85d5d04deab91ffcc8cbcb1691403263d3022f2de2050348a2f251d41&X-Amz-SignedHeaders=host&response-content-disposition=attachment%3B%20filename%3D981b0fef-6c2c-4e51-8dd1-90036428b582.flac&x-id=GetObject,0.420224667,34113
ConAam-2022-06-10_10-40.WAV,2022 Conaway North A,2022,6,10,10,40,Agelaius tricolor,Simple Call 2,25.80800056,26.20266724,375,21656,24000,present,https://rfcx-streams-production.s3.eu-west-1.amazonaws.com/2022/06/10/82sjidqz9yro/2dbdf64f-cac7-48ef-b8b9-c51330d51335.flac?X-Amz-Algorithm=AWS4-HMAC-SHA256&X-Amz-Content-Sha256=UNSIGNED-PAYLOAD&X-Amz-Credential=AKIA45B7YWBX5HAZMGOU%2F20260223%2Feu-west-1%2Fs3%2Faws4_request&X-Amz-Date=20260223T001935Z&X-Amz-Expires=604800&X-Amz-Signature=ed7a4d8a88d3b6daf9bcacd997d190872c6cd1d489f6851dfaef83aa8989edb0&X-Amz-SignedHeaders=host&response-content-disposition=attachment%3B%20filename%3D2dbdf64f-cac7-48ef-b8b9-c51330d51335.flac&x-id=GetObject,0.513653755,34113
ConAam-2022-06-10_10-50.WAV,2022 Conaway North A,2022,6,10,10,50,Agelaius tricolor,Simple Call 2,35.8453331,36.24000168,375,21656,24000,present,https://rfcx-streams-production.s3.eu-west-1.amazonaws.com/2022/06/10/82sjidqz9yro/7168195b-e2c6-47aa-8a88-6ce1647156d4.flac?X-Amz-Algorithm=AWS4-HMAC-SHA256&X-Amz-Content-Sha256=UNSIGNED-PAYLOAD&X-Amz-Credential=AKIA45B7YWBX5HAZMGOU%2F20260223%2Feu-west-1%2Fs3%2Faws4_request&X-Amz-Date=20260223T001935Z&X-Amz-Expires=604800&X-Amz-Signature=8e7ae1dc9f193c363dc653595930a72eaa8265b2601a5896a70949cd8de9dd84&X-Amz-SignedHeaders=host&response-content-disposition=attachment%3B%20filename%3D7168195b-e2c6-47aa-8a88-6ce1647156d4.flac&x-id=GetObject,0.485115528,34113
ConAam-2022-06-10_11-00.WAV,2022 Conaway North A,2022,6,10,11,0,Agelaius tricolor,Simple Call 2,56.19733429,56.59199905,375,21656,24000,present,https://rfcx-streams-production.s3.eu-west-1.amazonaws.com/2022/06/10/82sjidqz9yro/3d5fa9b6-4dbd-441b-8a78-8f308e8982b1.flac?X-Amz-Algorithm=AWS4-HMAC-SHA256&X-Amz-Content-Sha256=UNSIGNED-PAYLOAD&X-Amz-Credential=AKIA45B7YWBX5HAZMGOU%2F20260223%2Feu-west-1%2Fs3%2Faws4_request&X-Amz-Date=20260223T001935Z&X-Amz-Expires=604800&X-Amz-Signature=cf61d3dd393c7ca7ed0baf7f5d825d853be34da070ffd511519dcbb501503544&X-Amz-SignedHeaders=host&response-content-disposition=attachment%3B%20filename%3D3d5fa9b6-4dbd-441b-8a78-8f308e8982b1.flac&x-id=GetObject,0.504464626,34113
ConAam-2022-06-10_11-10.WAV,2022 Conaway North A,2022,6,10,11,10,Agelaius tricolor,Simple Call 2,28.68799973,29.0826664,375,21656,24000,present,https://rfcx-streams-production.s3.eu-west-1.amazonaws.com/2022/06/10/82sjidqz9yro/390f86ed-59e3-4dbb-bd26-95ecf0b71c66.flac?X-Amz-Algorithm=AWS4-HMAC-SHA256&X-Amz-Content-Sha256=UNSIGNED-PAYLOAD&X-Amz-Credential=AKIA45B7YWBX5HAZMGOU%2F20260223%2Feu-west-1%2Fs3%2Faws4_request&X-Amz-Date=20260223T001935Z&X-Amz-Expires=604800&X-Amz-Signature=f51be1f7a786e3ddbb699f8ab71fb29e314820f71251312a0635923b2fefc02a&X-Amz-SignedHeaders=host&response-content-disposition=attachment%3B%20filename%3D390f86ed-59e3-4dbb-bd26-95ecf0b71c66.flac&x-id=GetObject,0.526410401,34113
ConAam-2022-06-10_11-20.WAV,2022 Conaway North A,2022,6,10,11,20,Agelaius tricolor,Simple Call 2,18.01600075,18.41066742,375,21656,24000,present,https://rfcx-streams-production.s3.eu-west-1.amazonaws.com/2022/06/10/82sjidqz9yro/ac7f9533-278f-443f-a2f9-f946f68d4d50.flac?X-Amz-Algorithm=AWS4-HMAC-SHA256&X-Amz-Content-Sha256=UNSIGNED-PAYLOAD&X-Amz-Credential=AKIA45B7YWBX5HAZMGOU%2F20260223%2Feu-west-1%2Fs3%2Faws4_request&X-Amz-Date=20260223T001935Z&X-Amz-Expires=604800&X-Amz-Signature=7e3ac63f5ea180479c4bb53eb7740a7831586a9ab108f88014c65a3944ab07f2&X-Amz-SignedHeaders=host&response-content-disposition=attachment%3B%20filename%3Dac7f9533-278f-443f-a2f9-f946f68d4d50.flac&x-id=GetObject,0.492400885,34113
ConAam-2022-06-10_11-30.WAV,2022 Conaway North A,2022,6,10,11,30,Agelaius tricolor,Simple Call 2,14.17599964,14.57066631,375,21656,24000,present,https://rfcx-streams-production.s3.eu-west-1.amazonaws.com/2022/06/10/82sjidqz9yro/a0720bea-b470-43c6-ab21-30f84a2644fb.flac?X-Amz-Algorithm=AWS4-HMAC-SHA256&X-Amz-Content-Sha256=UNSIGNED-PAYLOAD&X-Amz-Credential=AKIA45B7YWBX5HAZMGOU%2F20260223%2Feu-west-1%2Fs3%2Faws4_request&X-Amz-Date=20260223T001935Z&X-Amz-Expires=604800&X-Amz-Signature=102bc58b6fcd682feb2d06535be9bb6d9064d69c28120c1a5104015e09e53dc8&X-Amz-SignedHeaders=host&response-content-disposition=attachment%3B%20filename%3Da0720bea-b470-43c6-ab21-30f84a2644fb.flac&x-id=GetObject,0.445259392,34113
ConAam-2022-06-10_11-40.WAV,2022 Conaway North A,2022,6,10,11,40,Agelaius tricolor,Simple Call 2,21.90399933,22.298666,375,21656,24000,present,https://rfcx-streams-production.s3.eu-west-1.amazonaws.com/2022/06/10/82sjidqz9yro/cbfab3f0-3f5b-4fea-a377-f26384e15263.flac?X-Amz-Algorithm=AWS4-HMAC-SHA256&X-Amz-Content-Sha256=UNSIGNED-PAYLOAD&X-Amz-Credential=AKIA45B7YWBX5HAZMGOU%2F20260223%2Feu-west-1%2Fs3%2Faws4_request&X-Amz-Date=20260223T001935Z&X-Amz-Expires=604800&X-Amz-Signature=1ac67b5c842d88769766c14bc280a934eee2579fd3c0eb7f47da9bb0f57b6598&X-Amz-SignedHeaders=host&response-content-disposition=attachment%3B%20filename%3Dcbfab3f0-3f5b-4fea-a377-f26384e15263.flac&x-id=GetObject,0.508110523,34113
ConAam-2022-06-10_11-50.WAV,2022 Conaway North A,2022,6,10,11,50,Agelaius tricolor,Simple Call 2,15.01866627,15.41333294,375,21656,24000,present,https://rfcx-streams-production.s3.eu-west-1.amazonaws.com/2022/06/10/82sjidqz9yro/775d0ad4-9ae6-489a-bcc1-6e4954c932f1.flac?X-Amz-Algorithm=AWS4-HMAC-SHA256&X-Amz-Content-Sha256=UNSIGNED-PAYLOAD&X-Amz-Credential=AKIA45B7YWBX5HAZMGOU%2F20260223%2Feu-west-1%2Fs3%2Faws4_request&X-Amz-Date=20260223T001935Z&X-Amz-Expires=604800&X-Amz-Signature=d6d8bce7f34b550283d9c82d575be6178969cfb7f35c00441d1de470235bf257&X-Amz-SignedHeaders=host&response-content-disposition=attachment%3B%20filename%3D775d0ad4-9ae6-489a-bcc1-6e4954c932f1.flac&x-id=GetObject,0.559117198,34113
ConAam-2022-06-10_12-00.WAV,2022 Conaway North A,2022,6,10,12,0,Agelaius tricolor,Simple Call 2,27.31733322,27.71199989,375,21656,24000,present,https://rfcx-streams-production.s3.eu-west-1.amazonaws.com/2022/06/10/82sjidqz9yro/5f62ffb5-667a-4025-85b1-62afafb5350d.flac?X-Amz-Algorithm=AWS4-HMAC-SHA256&X-Amz-Content-Sha256=UNSIGNED-PAYLOAD&X-Amz-Credential=AKIA45B7YWBX5HAZMGOU%2F20260223%2Feu-west-1%2Fs3%2Faws4_request&X-Amz-Date=20260223T001935Z&X-Amz-Expires=604800&X-Amz-Signature=3cf24391ba3d2a4345a720fae37548fb93988f09cafd067d8c20787918413b3e&X-Amz-SignedHeaders=host&response-content-disposition=attachment%3B%20filename%3D5f62ffb5-667a-4025-85b1-62afafb5350d.flac&x-id=GetObject,0.525732756,34113
ConAam-2022-06-10_12-10.WAV,2022 Conaway North A,2022,6,10,12,10,Agelaius tricolor,Simple Call 2,26.73066711,27.12533379,375,21656,24000,present,https://rfcx-streams-production.s3.eu-west-1.amazonaws.com/2022/06/10/82sjidqz9yro/acc83f3e-054e-46a3-a43b-1ff051dc6387.flac?X-Amz-Algorithm=AWS4-HMAC-SHA256&X-Amz-Content-Sha256=UNSIGNED-PAYLOAD&X-Amz-Credential=AKIA45B7YWBX5HAZMGOU%2F20260223%2Feu-west-1%2Fs3%2Faws4_request&X-Amz-Date=20260223T001935Z&X-Amz-Expires=604800&X-Amz-Signature=580e3bbcd76859befd0927d1030bf7b3cb3bede109a568e9ccf8e422a95e75a6&X-Amz-SignedHeaders=host&response-content-disposition=attachment%3B%20filename%3Dacc83f3e-054e-46a3-a43b-1ff051dc6387.flac&x-id=GetObject,0.449633211,34113
ConAam-2022-06-10_12-20.WAV,2022 Conaway North A,2022,6,10,12,20,Agelaius tricolor,Simple Call 2,55.95199966,56.34666824,375,21656,24000,present,https://rfcx-streams-production.s3.eu-west-1.amazonaws.com/2022/06/10/82sjidqz9yro/5dbbf0cf-6716-440a-9ece-f0fc66ef7edf.flac?X-Amz-Algorithm=AWS4-HMAC-SHA256&X-Amz-Content-Sha256=UNSIGNED-PAYLOAD&X-Amz-Credential=AKIA45B7YWBX5HAZMGOU%2F20260223%2Feu-west-1%2Fs3%2Faws4_request&X-Amz-Date=20260223T001935Z&X-Amz-Expires=604800&X-Amz-Signature=13c3f5ac37cdc85ec70e09bd48949062cf7136efbd3e7d0b61017b29b4d3dd89&X-Amz-SignedHeaders=host&response-content-disposition=attachment%3B%20filename%3D5dbbf0cf-6716-440a-9ece-f0fc66ef7edf.flac&x-id=GetObject,0.520004272,34113
ConAam-2022-06-10_12-30.WAV,2022 Conaway North A,2022,6,10,12,30,Agelaius tricolor,Simple Call 2,30.10133362,30.49600029,375,21656,24000,present,https://rfcx-streams-production.s3.eu-west-1.amazonaws.com/2022/06/10/82sjidqz9yro/159a4472-7b49-4308-8b37-af0460eee76f.flac?X-Amz-Algorithm=AWS4-HMAC-SHA256&X-Amz-Content-Sha256=UNSIGNED-PAYLOAD&X-Amz-Credential=AKIA45B7YWBX5HAZMGOU%2F20260223%2Feu-west-1%2Fs3%2Faws4_request&X-Amz-Date=20260223T001935Z&X-Amz-Expires=604800&X-Amz-Signature=7c967b2799f8b35fcd7cf8b70e5bb7462202b6c10708557eea55aeed554da277&X-Amz-SignedHeaders=host&response-content-disposition=attachment%3B%20filename%3D159a4472-7b49-4308-8b37-af0460eee76f.flac&x-id=GetObject,0.510110557,34113
ConAam-2022-06-10_12-40.WAV,2022 Conaway North A,2022,6,10,12,40,Agelaius tricolor,Simple Call 2,55.21066666,55.60533524,375,21656,24000,present,https://rfcx-streams-production.s3.eu-west-1.amazonaws.com/2022/06/10/82sjidqz9yro/b3272a42-e827-4164-a53e-b43d1bd84e0e.flac?X-Amz-Algorithm=AWS4-HMAC-SHA256&X-Amz-Content-Sha256=UNSIGNED-PAYLOAD&X-Amz-Credential=AKIA45B7YWBX5HAZMGOU%2F20260223%2Feu-west-1%2Fs3%2Faws4_request&X-Amz-Date=20260223T001935Z&X-Amz-Expires=604800&X-Amz-Signature=89f1784b3283e3bb5e28274cce13b8bdbdff2705801a12d27b2c685c7ba213ac&X-Amz-SignedHeaders=host&response-content-disposition=attachment%3B%20filename%3Db3272a42-e827-4164-a53e-b43d1bd84e0e.flac&x-id=GetObject,0.505420566,34113
ConAam-2022-06-10_12-50.WAV,2022 Conaway North A,2022,6,10,12,50,Agelaius tricolor,Simple Call 2,0.469333321,0.864000022,375,21656,24000,present,https://rfcx-streams-production.s3.eu-west-1.amazonaws.com/2022/06/10/82sjidqz9yro/b57a45fc-610a-4e5a-8e52-9789342b619b.flac?X-Amz-Algorithm=AWS4-HMAC-SHA256&X-Amz-Content-Sha256=UNSIGNED-PAYLOAD&X-Amz-Credential=AKIA45B7YWBX5HAZMGOU%2F20260223%2Feu-west-1%2Fs3%2Faws4_request&X-Amz-Date=20260223T001935Z&X-Amz-Expires=604800&X-Amz-Signature=e43aeb428824c19c45295725d5864e91e564f1d7835849e366897172f3c346f3&X-Amz-SignedHeaders=host&response-content-disposition=attachment%3B%20filename%3Db57a45fc-610a-4e5a-8e52-9789342b619b.flac&x-id=GetObject,0.479874551,34113
ConAam-2022-06-10_13-00.WAV,2022 Conaway North A,2022,6,10,13,0,Agelaius tricolor,Simple Call 2,20.9279995,21.32266617,375,21656,24000,present,https://rfcx-streams-production.s3.eu-west-1.amazonaws.com/2022/06/10/82sjidqz9yro/4ecd9a43-56d6-4bae-bfe3-ca707fe20da5.flac?X-Amz-Algorithm=AWS4-HMAC-SHA256&X-Amz-Content-Sha256=UNSIGNED-PAYLOAD&X-Amz-Credential=AKIA45B7YWBX5HAZMGOU%2F20260223%2Feu-west-1%2Fs3%2Faws4_request&X-Amz-Date=20260223T001935Z&X-Amz-Expires=604800&X-Amz-Signature=6169cbede045c032d3e81e730a43612398508b803a29fa79b8d59795a976da35&X-Amz-SignedHeaders=host&response-content-disposition=attachment%3B%20filename%3D4ecd9a43-56d6-4bae-bfe3-ca707fe20da5.flac&x-id=GetObject,0.489990264,34113
ConAam-2022-06-10_13-10.WAV,2022 Conaway North A,2022,6,10,13,10,Agelaius tricolor,Simple Call 2,50.60800171,51.00266647,375,21656,24000,present,https://rfcx-streams-production.s3.eu-west-1.amazonaws.com/2022/06/10/82sjidqz9yro/2a24810a-9e65-4e0c-96fc-234e14e320ef.flac?X-Amz-Algorithm=AWS4-HMAC-SHA256&X-Amz-Content-Sha256=UNSIGNED-PAYLOAD&X-Amz-Credential=AKIA45B7YWBX5HAZMGOU%2F20260223%2Feu-west-1%2Fs3%2Faws4_request&X-Amz-Date=20260223T001935Z&X-Amz-Expires=604800&X-Amz-Signature=7081f2c6b2c49b16e8c6f0399b0ea4674ef9995ab8cd7c2ba50e3746edc5179f&X-Amz-SignedHeaders=host&response-content-disposition=attachment%3B%20filename%3D2a24810a-9e65-4e0c-96fc-234e14e320ef.flac&x-id=GetObject,0.488109797,34113
ConAam-2022-06-10_13-20.WAV,2022 Conaway North A,2022,6,10,13,20,Agelaius tricolor,Simple Call 2,36.25600052,36.65066528,375,21656,24000,present,https://rfcx-streams-production.s3.eu-west-1.amazonaws.com/2022/06/10/82sjidqz9yro/f81ace0d-2e23-4f25-98d0-98df5fa81cf1.flac?X-Amz-Algorithm=AWS4-HMAC-SHA256&X-Amz-Content-Sha256=UNSIGNED-PAYLOAD&X-Amz-Credential=AKIA45B7YWBX5HAZMGOU%2F20260223%2Feu-west-1%2Fs3%2Faws4_request&X-Amz-Date=20260223T001935Z&X-Amz-Expires=604800&X-Amz-Signature=c461fc6cd7b6390cdb071fe0c654f9b38b6f532a1fc7f24aa8261a6878cb42b1&X-Amz-SignedHeaders=host&response-content-disposition=attachment%3B%20filename%3Df81ace0d-2e23-4f25-98d0-98df5fa81cf1.flac&x-id=GetObject,0.471305937,34113
ConAam-2022-06-10_13-30.WAV,2022 Conaway North A,2022,6,10,13,30,Agelaius tricolor,Simple Call 2,16.08533287,16.47999954,375,21656,24000,present,https://rfcx-streams-production.s3.eu-west-1.amazonaws.com/2022/06/10/82sjidqz9yro/7bbcda8f-54f2-4616-a953-8a01c6ac0661.flac?X-Amz-Algorithm=AWS4-HMAC-SHA256&X-Amz-Content-Sha256=UNSIGNED-PAYLOAD&X-Amz-Credential=AKIA45B7YWBX5HAZMGOU%2F20260223%2Feu-west-1%2Fs3%2Faws4_request&X-Amz-Date=20260223T001935Z&X-Amz-Expires=604800&X-Amz-Signature=6830c03699c19f88de8fc62b727592da14656692fe85679a99ca90e72394c7f2&X-Amz-SignedHeaders=host&response-content-disposition=attachment%3B%20filename%3D7bbcda8f-54f2-4616-a953-8a01c6ac0661.flac&x-id=GetObject,0.413355052,34113
ConAam-2022-06-10_13-40.WAV,2022 Conaway North A,2022,6,10,13,40,Agelaius tricolor,Simple Call 2,21.51466751,21.90933418,375,21656,24000,present,https://rfcx-streams-production.s3.eu-west-1.amazonaws.com/2022/06/10/82sjidqz9yro/7350210f-5434-497f-9401-c5f3f4aae4b8.flac?X-Amz-Algorithm=AWS4-HMAC-SHA256&X-Amz-Content-Sha256=UNSIGNED-PAYLOAD&X-Amz-Credential=AKIA45B7YWBX5HAZMGOU%2F20260223%2Feu-west-1%2Fs3%2Faws4_request&X-Amz-Date=20260223T001935Z&X-Amz-Expires=604800&X-Amz-Signature=3fffcdddf89ef1aa34fe30f625c64e985b3e128a45b481dadad350bbcd9b6c1b&X-Amz-SignedHeaders=host&response-content-disposition=attachment%3B%20filename%3D7350210f-5434-497f-9401-c5f3f4aae4b8.flac&x-id=GetObject,0.488117099,34113
ConAam-2022-06-10_13-50.WAV,2022 Conaway North A,2022,6,10,13,50,Agelaius tricolor,Simple Call 2,16.28266716,16.67733383,375,21656,24000,present,https://rfcx-streams-production.s3.eu-west-1.amazonaws.com/2022/06/10/82sjidqz9yro/1064ddb9-ae3d-4081-9026-f766d6726e9e.flac?X-Amz-Algorithm=AWS4-HMAC-SHA256&X-Amz-Content-Sha256=UNSIGNED-PAYLOAD&X-Amz-Credential=AKIA45B7YWBX5HAZMGOU%2F20260223%2Feu-west-1%2Fs3%2Faws4_request&X-Amz-Date=20260223T001935Z&X-Amz-Expires=604800&X-Amz-Signature=fcc408aaf3809a3607758deb3fcfe869cac94f29a66162df05c48b13aedb65c9&X-Amz-SignedHeaders=host&response-content-disposition=attachment%3B%20filename%3D1064ddb9-ae3d-4081-9026-f766d6726e9e.flac&x-id=GetObject,0.559869647,34113
ConAam-2022-06-10_14-00.WAV,2022 Conaway North A,2022,6,10,14,0,Agelaius tricolor,Simple Call 2,17.16799927,17.56266594,375,21656,24000,present,https://rfcx-streams-production.s3.eu-west-1.amazonaws.com/2022/06/10/82sjidqz9yro/4ac885b8-6a38-479c-b3ef-65d33b655ab5.flac?X-Amz-Algorithm=AWS4-HMAC-SHA256&X-Amz-Content-Sha256=UNSIGNED-PAYLOAD&X-Amz-Credential=AKIA45B7YWBX5HAZMGOU%2F20260223%2Feu-west-1%2Fs3%2Faws4_request&X-Amz-Date=20260223T001935Z&X-Amz-Expires=604800&X-Amz-Signature=f288d45c07e0540a44e8611f32ad0dbf9561dfa9b51d78885ce3105f31fe5fd2&X-Amz-SignedHeaders=host&response-content-disposition=attachment%3B%20filename%3D4ac885b8-6a38-479c-b3ef-65d33b655ab5.flac&x-id=GetObject,0.53545785,34113
ConAam-2022-06-10_14-10.WAV,2022 Conaway North A,2022,6,10,14,10,Agelaius tricolor,Simple Call 2,14.6293335,15.02400017,375,21656,24000,present,https://rfcx-streams-production.s3.eu-west-1.amazonaws.com/2022/06/10/82sjidqz9yro/be63a039-6791-4bfe-8837-df2fb3297849.flac?X-Amz-Algorithm=AWS4-HMAC-SHA256&X-Amz-Content-Sha256=UNSIGNED-PAYLOAD&X-Amz-Credential=AKIA45B7YWBX5HAZMGOU%2F20260223%2Feu-west-1%2Fs3%2Faws4_request&X-Amz-Date=20260223T001935Z&X-Amz-Expires=604800&X-Amz-Signature=03f66689c8ae2f8d45922d153baf82af0d18969081ad77df8f8512e6efcbfc93&X-Amz-SignedHeaders=host&response-content-disposition=attachment%3B%20filename%3Dbe63a039-6791-4bfe-8837-df2fb3297849.flac&x-id=GetObject,0.468109041,34113
ConAam-2022-06-10_14-20.WAV,2022 Conaway North A,2022,6,10,14,20,Agelaius tricolor,Simple Call 2,40.3093338,40.70399857,375,21656,24000,present,https://rfcx-streams-production.s3.eu-west-1.amazonaws.com/2022/06/10/82sjidqz9yro/a61bfea4-23b4-4683-a5a6-631a94dbc6c7.flac?X-Amz-Algorithm=AWS4-HMAC-SHA256&X-Amz-Content-Sha256=UNSIGNED-PAYLOAD&X-Amz-Credential=AKIA45B7YWBX5HAZMGOU%2F20260223%2Feu-west-1%2Fs3%2Faws4_request&X-Amz-Date=20260223T001935Z&X-Amz-Expires=604800&X-Amz-Signature=0c9dd7a926ccd08854a204e384c0525ac9f1bc8d1d42f54bc112af670904626d&X-Amz-SignedHeaders=host&response-content-disposition=attachment%3B%20filename%3Da61bfea4-23b4-4683-a5a6-631a94dbc6c7.flac&x-id=GetObject,0.422886819,34113
ConAam-2022-06-10_14-30.WAV,2022 Conaway North A,2022,6,10,14,30,Agelaius tricolor,Simple Call 2,12.57600021,12.97066689,375,21656,24000,present,https://rfcx-streams-production.s3.eu-west-1.amazonaws.com/2022/06/10/82sjidqz9yro/dce9d213-3461-4d89-8719-ace17f166b2a.flac?X-Amz-Algorithm=AWS4-HMAC-SHA256&X-Amz-Content-Sha256=UNSIGNED-PAYLOAD&X-Amz-Credential=AKIA45B7YWBX5HAZMGOU%2F20260223%2Feu-west-1%2Fs3%2Faws4_request&X-Amz-Date=20260223T001935Z&X-Amz-Expires=604800&X-Amz-Signature=eb4f6ec71a0c8ed92a64f16b3ad71263206bfd2edb7db0e19184a4de0c5b0a56&X-Amz-SignedHeaders=host&response-content-disposition=attachment%3B%20filename%3Ddce9d213-3461-4d89-8719-ace17f166b2a.flac&x-id=GetObject,0.425992101,34113
ConAam-2022-06-10_14-40.WAV,2022 Conaway North A,2022,6,10,14,40,Agelaius tricolor,Simple Call 2,25.28533363,25.68000031,375,21656,24000,present,https://rfcx-streams-production.s3.eu-west-1.amazonaws.com/2022/06/10/82sjidqz9yro/f3fe8590-ca75-43a4-92d8-ad08845ea05d.flac?X-Amz-Algorithm=AWS4-HMAC-SHA256&X-Amz-Content-Sha256=UNSIGNED-PAYLOAD&X-Amz-Credential=AKIA45B7YWBX5HAZMGOU%2F20260223%2Feu-west-1%2Fs3%2Faws4_request&X-Amz-Date=20260223T001935Z&X-Amz-Expires=604800&X-Amz-Signature=666d5c258682c5a0ca10d063699bdce42b0b2b7c306a97c0565b79fd34eef78e&X-Amz-SignedHeaders=host&response-content-disposition=attachment%3B%20filename%3Df3fe8590-ca75-43a4-92d8-ad08845ea05d.flac&x-id=GetObject,0.468079805,34113
ConAam-2022-06-10_14-50.WAV,2022 Conaway North A,2022,6,10,14,50,Agelaius tricolor,Simple Call 2,13.40266705,13.79733372,375,21656,24000,present,https://rfcx-streams-production.s3.eu-west-1.amazonaws.com/2022/06/10/82sjidqz9yro/b2e69dbf-68ab-4b9a-a803-0f1f7843cd3b.flac?X-Amz-Algorithm=AWS4-HMAC-SHA256&X-Amz-Content-Sha256=UNSIGNED-PAYLOAD&X-Amz-Credential=AKIA45B7YWBX5HAZMGOU%2F20260223%2Feu-west-1%2Fs3%2Faws4_request&X-Amz-Date=20260223T001935Z&X-Amz-Expires=604800&X-Amz-Signature=dbf322718e1ba754a5ab0ff899d523b1007ee3570027acc85144aa321ab14454&X-Amz-SignedHeaders=host&response-content-disposition=attachment%3B%20filename%3Db2e69dbf-68ab-4b9a-a803-0f1f7843cd3b.flac&x-id=GetObject,0.400678873,34113
ConAam-2022-06-10_15-00.WAV,2022 Conaway North A,2022,6,10,15,0,Agelaius tricolor,Simple Call 2,13.24800014,13.64266682,375,21656,24000,present,https://rfcx-streams-production.s3.eu-west-1.amazonaws.com/2022/06/10/82sjidqz9yro/20975315-7a2f-42d6-b3c3-10bb52610180.flac?X-Amz-Algorithm=AWS4-HMAC-SHA256&X-Amz-Content-Sha256=UNSIGNED-PAYLOAD&X-Amz-Credential=AKIA45B7YWBX5HAZMGOU%2F20260223%2Feu-west-1%2Fs3%2Faws4_request&X-Amz-Date=20260223T001935Z&X-Amz-Expires=604800&X-Amz-Signature=276346167b52e3b7c66c4721f2223874717958f7159cf87ced0101066a104dcb&X-Amz-SignedHeaders=host&response-content-disposition=attachment%3B%20filename%3D20975315-7a2f-42d6-b3c3-10bb52610180.flac&x-id=GetObject,0.534175456,34113
ConAam-2022-06-10_15-10.WAV,2022 Conaway North A,2022,6,10,15,10,Agelaius tricolor,Simple Call 2,12.75199986,13.14666653,375,21656,24000,present,https://rfcx-streams-production.s3.eu-west-1.amazonaws.com/2022/06/10/82sjidqz9yro/0c966ec4-e75a-4e3b-b21b-da5911bcf274.flac?X-Amz-Algorithm=AWS4-HMAC-SHA256&X-Amz-Content-Sha256=UNSIGNED-PAYLOAD&X-Amz-Credential=AKIA45B7YWBX5HAZMGOU%2F20260223%2Feu-west-1%2Fs3%2Faws4_request&X-Amz-Date=20260223T001935Z&X-Amz-Expires=604800&X-Amz-Signature=4dbdc8f00c15c54307b1931c10ac25734491be94f83b917c11aba8737b892cbf&X-Amz-SignedHeaders=host&response-content-disposition=attachment%3B%20filename%3D0c966ec4-e75a-4e3b-b21b-da5911bcf274.flac&x-id=GetObject,0.548306286,34113
ConAam-2022-06-10_15-20.WAV,2022 Conaway North A,2022,6,10,15,20,Agelaius tricolor,Simple Call 2,56.21866608,56.61333466,375,21656,24000,present,https://rfcx-streams-production.s3.eu-west-1.amazonaws.com/2022/06/10/82sjidqz9yro/2b552648-bfb7-4076-b7a5-a51ce16bd3a8.flac?X-Amz-Algorithm=AWS4-HMAC-SHA256&X-Amz-Content-Sha256=UNSIGNED-PAYLOAD&X-Amz-Credential=AKIA45B7YWBX5HAZMGOU%2F20260223%2Feu-west-1%2Fs3%2Faws4_request&X-Amz-Date=20260223T001935Z&X-Amz-Expires=604800&X-Amz-Signature=32a0efe81c646e1c312eb719f7dce3f50fe8fcc415e41c03178ef73795db5de1&X-Amz-SignedHeaders=host&response-content-disposition=attachment%3B%20filename%3D2b552648-bfb7-4076-b7a5-a51ce16bd3a8.flac&x-id=GetObject,0.448700577,34113
ConAam-2022-06-10_15-30.WAV,2022 Conaway North A,2022,6,10,15,30,Agelaius tricolor,Simple Call 2,45.59999847,45.99466705,375,21656,24000,present,https://rfcx-streams-production.s3.eu-west-1.amazonaws.com/2022/06/10/82sjidqz9yro/d22494c4-285d-4beb-895b-2859d8ef0a34.flac?X-Amz-Algorithm=AWS4-HMAC-SHA256&X-Amz-Content-Sha256=UNSIGNED-PAYLOAD&X-Amz-Credential=AKIA45B7YWBX5HAZMGOU%2F20260223%2Feu-west-1%2Fs3%2Faws4_request&X-Amz-Date=20260223T001935Z&X-Amz-Expires=604800&X-Amz-Signature=5e4c418198c3f82f30abde9bc438051ac8376ff90a61fa92cb219aab4f1da106&X-Amz-SignedHeaders=host&response-content-disposition=attachment%3B%20filename%3Dd22494c4-285d-4beb-895b-2859d8ef0a34.flac&x-id=GetObject,0.536868155,34113
ConAam-2022-06-10_15-40.WAV,2022 Conaway North A,2022,6,10,15,40,Agelaius tricolor,Simple Call 2,49.5359993,49.93066788,375,21656,24000,present,https://rfcx-streams-production.s3.eu-west-1.amazonaws.com/2022/06/10/82sjidqz9yro/01527449-3355-4e39-bae0-2b40e8623a54.flac?X-Amz-Algorithm=AWS4-HMAC-SHA256&X-Amz-Content-Sha256=UNSIGNED-PAYLOAD&X-Amz-Credential=AKIA45B7YWBX5HAZMGOU%2F20260223%2Feu-west-1%2Fs3%2Faws4_request&X-Amz-Date=20260223T001935Z&X-Amz-Expires=604800&X-Amz-Signature=759c6eeb7ecda19072b6065d358ce4219493c56a5c6a7f4cfd513af638408d2e&X-Amz-SignedHeaders=host&response-content-disposition=attachment%3B%20filename%3D01527449-3355-4e39-bae0-2b40e8623a54.flac&x-id=GetObject,0.477998674,34113
ConAam-2022-06-10_15-50.WAV,2022 Conaway North A,2022,6,10,15,50,Agelaius tricolor,Simple Call 2,5.360000134,5.754666805,375,21656,24000,present,https://rfcx-streams-production.s3.eu-west-1.amazonaws.com/2022/06/10/82sjidqz9yro/cf339f27-dbb1-4118-85b3-b23489797b84.flac?X-Amz-Algorithm=AWS4-HMAC-SHA256&X-Amz-Content-Sha256=UNSIGNED-PAYLOAD&X-Amz-Credential=AKIA45B7YWBX5HAZMGOU%2F20260223%2Feu-west-1%2Fs3%2Faws4_request&X-Amz-Date=20260223T001935Z&X-Amz-Expires=604800&X-Amz-Signature=c70d40944d22622ca65064085452a6cc76e42702e39b104364e35628ff0a7b2d&X-Amz-SignedHeaders=host&response-content-disposition=attachment%3B%20filename%3Dcf339f27-dbb1-4118-85b3-b23489797b84.flac&x-id=GetObject,0.46320501,34113
ConAam-2022-06-10_16-10.WAV,2022 Conaway North A,2022,6,10,16,10,Agelaius tricolor,Simple Call 2,5.765333176,6.159999847,375,21656,24000,present,https://rfcx-streams-production.s3.eu-west-1.amazonaws.com/2022/06/10/82sjidqz9yro/d7a4ef7d-3919-47c2-9541-d568f509ca4c.flac?X-Amz-Algorithm=AWS4-HMAC-SHA256&X-Amz-Content-Sha256=UNSIGNED-PAYLOAD&X-Amz-Credential=AKIA45B7YWBX5HAZMGOU%2F20260223%2Feu-west-1%2Fs3%2Faws4_request&X-Amz-Date=20260223T001935Z&X-Amz-Expires=604800&X-Amz-Signature=3074f64b6ec8c174563cb1ef8541dc12e9d04b018384cabe5a6ff318b68cb030&X-Amz-SignedHeaders=host&response-content-disposition=attachment%3B%20filename%3Dd7a4ef7d-3919-47c2-9541-d568f509ca4c.flac&x-id=GetObject,0.484223425,34113
ConAam-2022-06-10_16-20.WAV,2022 Conaway North A,2022,6,10,16,20,Agelaius tricolor,Simple Call 2,34.9173317,35.31200027,375,21656,24000,present,https://rfcx-streams-production.s3.eu-west-1.amazonaws.com/2022/06/10/82sjidqz9yro/1edb42c2-d50e-405b-9fec-225b86c740c8.flac?X-Amz-Algorithm=AWS4-HMAC-SHA256&X-Amz-Content-Sha256=UNSIGNED-PAYLOAD&X-Amz-Credential=AKIA45B7YWBX5HAZMGOU%2F20260223%2Feu-west-1%2Fs3%2Faws4_request&X-Amz-Date=20260223T001935Z&X-Amz-Expires=604800&X-Amz-Signature=686b15d49052d03df654b2e45b6d6d806f498dee26e7b6d27a618df0f41a3dde&X-Amz-SignedHeaders=host&response-content-disposition=attachment%3B%20filename%3D1edb42c2-d50e-405b-9fec-225b86c740c8.flac&x-id=GetObject,0.501633823,34113
ConAam-2022-06-10_16-40.WAV,2022 Conaway North A,2022,6,10,16,40,Agelaius tricolor,Simple Call 2,24.75733376,25.15200043,375,21656,24000,present,https://rfcx-streams-production.s3.eu-west-1.amazonaws.com/2022/06/10/82sjidqz9yro/95b3b0ff-605c-45b1-b7a2-b7b1afb3a303.flac?X-Amz-Algorithm=AWS4-HMAC-SHA256&X-Amz-Content-Sha256=UNSIGNED-PAYLOAD&X-Amz-Credential=AKIA45B7YWBX5HAZMGOU%2F20260223%2Feu-west-1%2Fs3%2Faws4_request&X-Amz-Date=20260223T001935Z&X-Amz-Expires=604800&X-Amz-Signature=df40197bdef0001963826a5f1d78ecab93cf34c4650e8b812ee2367a9aa32a0c&X-Amz-SignedHeaders=host&response-content-disposition=attachment%3B%20filename%3D95b3b0ff-605c-45b1-b7a2-b7b1afb3a303.flac&x-id=GetObject,0.4304443,34113
ConAam-2022-06-10_16-50.WAV,2022 Conaway North A,2022,6,10,16,50,Agelaius tricolor,Simple Call 2,4.410666466,4.805333138,375,21656,24000,present,https://rfcx-streams-production.s3.eu-west-1.amazonaws.com/2022/06/10/82sjidqz9yro/5970bcdb-a589-4df8-9866-3dba833162d6.flac?X-Amz-Algorithm=AWS4-HMAC-SHA256&X-Amz-Content-Sha256=UNSIGNED-PAYLOAD&X-Amz-Credential=AKIA45B7YWBX5HAZMGOU%2F20260223%2Feu-west-1%2Fs3%2Faws4_request&X-Amz-Date=20260223T001935Z&X-Amz-Expires=604800&X-Amz-Signature=d049fd1f25b0c53ff1752b67e5e87ec76a7f6e1e94844d29d0f18d4344d91406&X-Amz-SignedHeaders=host&response-content-disposition=attachment%3B%20filename%3D5970bcdb-a589-4df8-9866-3dba833162d6.flac&x-id=GetObject,0.414219856,34113
ConAam-2022-06-10_17-00.WAV,2022 Conaway North A,2022,6,10,17,0,Agelaius tricolor,Simple Call 2,31.6906662,32.08533478,375,21656,24000,present,https://rfcx-streams-production.s3.eu-west-1.amazonaws.com/2022/06/11/82sjidqz9yro/58e484bf-1b3d-46ac-8aa1-7cded371e0d1.flac?X-Amz-Algorithm=AWS4-HMAC-SHA256&X-Amz-Content-Sha256=UNSIGNED-PAYLOAD&X-Amz-Credential=AKIA45B7YWBX5HAZMGOU%2F20260223%2Feu-west-1%2Fs3%2Faws4_request&X-Amz-Date=20260223T001935Z&X-Amz-Expires=604800&X-Amz-Signature=d87105dd6480c5751e4ee2c5c649954c24361333939a26a60f6f4b391423c43f&X-Amz-SignedHeaders=host&response-content-disposition=attachment%3B%20filename%3D58e484bf-1b3d-46ac-8aa1-7cded371e0d1.flac&x-id=GetObject,0.422371149,34113
ConAam-2022-06-10_17-10.WAV,2022 Conaway North A,2022,6,10,17,10,Agelaius tricolor,Simple Call 2,10.88000011,11.27466679,375,21656,24000,present,https://rfcx-streams-production.s3.eu-west-1.amazonaws.com/2022/06/11/82sjidqz9yro/03453949-c6eb-4e9c-bf62-fc0789f49cc3.flac?X-Amz-Algorithm=AWS4-HMAC-SHA256&X-Amz-Content-Sha256=UNSIGNED-PAYLOAD&X-Amz-Credential=AKIA45B7YWBX5HAZMGOU%2F20260223%2Feu-west-1%2Fs3%2Faws4_request&X-Amz-Date=20260223T001935Z&X-Amz-Expires=604800&X-Amz-Signature=688e87a59e9b2f1165609ee926e247934311fdd1a8e379711fe0b3e51aa7010e&X-Amz-SignedHeaders=host&response-content-disposition=attachment%3B%20filename%3D03453949-c6eb-4e9c-bf62-fc0789f49cc3.flac&x-id=GetObject,0.452877492,34113
ConAam-2022-06-10_17-20.WAV,2022 Conaway North A,2022,6,10,17,20,Agelaius tricolor,Simple Call 2,12.88533306,13.27999973,375,21656,24000,present,https://rfcx-streams-production.s3.eu-west-1.amazonaws.com/2022/06/11/82sjidqz9yro/fcba6c57-97e6-4596-963d-3c65702982d7.flac?X-Amz-Algorithm=AWS4-HMAC-SHA256&X-Amz-Content-Sha256=UNSIGNED-PAYLOAD&X-Amz-Credential=AKIA45B7YWBX5HAZMGOU%2F20260223%2Feu-west-1%2Fs3%2Faws4_request&X-Amz-Date=20260223T001935Z&X-Amz-Expires=604800&X-Amz-Signature=e4f51faea403d0cbe52e71c702fc09f33bc81a780d282a76660a93b394a8fe01&X-Amz-SignedHeaders=host&response-content-disposition=attachment%3B%20filename%3Dfcba6c57-97e6-4596-963d-3c65702982d7.flac&x-id=GetObject,0.509703517,34113
ConAam-2022-06-10_17-30.WAV,2022 Conaway North A,2022,6,10,17,30,Agelaius tricolor,Simple Call 2,52.85866547,53.25333405,375,21656,24000,present,https://rfcx-streams-production.s3.eu-west-1.amazonaws.com/2022/06/11/82sjidqz9yro/ceda796f-1f04-4953-aaf9-ac5551a5c57f.flac?X-Amz-Algorithm=AWS4-HMAC-SHA256&X-Amz-Content-Sha256=UNSIGNED-PAYLOAD&X-Amz-Credential=AKIA45B7YWBX5HAZMGOU%2F20260223%2Feu-west-1%2Fs3%2Faws4_request&X-Amz-Date=20260223T001935Z&X-Amz-Expires=604800&X-Amz-Signature=3a92047a5092fe0ae901e2c27a8efa1d19b04c3c87af158d0c2d6614e5fb1ac0&X-Amz-SignedHeaders=host&response-content-disposition=attachment%3B%20filename%3Dceda796f-1f04-4953-aaf9-ac5551a5c57f.flac&x-id=GetObject,0.421823055,34113
ConAam-2022-06-10_17-40.WAV,2022 Conaway North A,2022,6,10,17,40,Agelaius tricolor,Simple Call 2,40.46933365,40.86399841,375,21656,24000,present,https://rfcx-streams-production.s3.eu-west-1.amazonaws.com/2022/06/11/82sjidqz9yro/d2c40dd8-2a1b-42c1-82b7-ab882320e4b8.flac?X-Amz-Algorithm=AWS4-HMAC-SHA256&X-Amz-Content-Sha256=UNSIGNED-PAYLOAD&X-Amz-Credential=AKIA45B7YWBX5HAZMGOU%2F20260223%2Feu-west-1%2Fs3%2Faws4_request&X-Amz-Date=20260223T001935Z&X-Amz-Expires=604800&X-Amz-Signature=337ef7b738b718f35cffc43a3615d96313b5f1887ba168e6b6017e9514c78443&X-Amz-SignedHeaders=host&response-content-disposition=attachment%3B%20filename%3Dd2c40dd8-2a1b-42c1-82b7-ab882320e4b8.flac&x-id=GetObject,0.469724804,34113
ConAam-2022-06-10_17-50.WAV,2022 Conaway North A,2022,6,10,17,50,Agelaius tricolor,Simple Call 2,1.583999991,1.978666663,375,21656,24000,present,https://rfcx-streams-production.s3.eu-west-1.amazonaws.com/2022/06/11/82sjidqz9yro/00b8a77e-38bb-4eb4-8fff-b9189df01d7e.flac?X-Amz-Algorithm=AWS4-HMAC-SHA256&X-Amz-Content-Sha256=UNSIGNED-PAYLOAD&X-Amz-Credential=AKIA45B7YWBX5HAZMGOU%2F20260223%2Feu-west-1%2Fs3%2Faws4_request&X-Amz-Date=20260223T001935Z&X-Amz-Expires=604800&X-Amz-Signature=9393be39c3bb00e873bc246191f0bcd74be5297f0cea5e359b751ca157ffdf64&X-Amz-SignedHeaders=host&response-content-disposition=attachment%3B%20filename%3D00b8a77e-38bb-4eb4-8fff-b9189df01d7e.flac&x-id=GetObject,0.483699381,34113
ConAam-2022-06-10_18-00.WAV,2022 Conaway North A,2022,6,10,18,0,Agelaius tricolor,Simple Call 2,35.82400131,36.21866608,375,21656,24000,present,https://rfcx-streams-production.s3.eu-west-1.amazonaws.com/2022/06/11/82sjidqz9yro/1bc5b419-6a28-4c41-bfed-c6b5b45e5e7f.flac?X-Amz-Algorithm=AWS4-HMAC-SHA256&X-Amz-Content-Sha256=UNSIGNED-PAYLOAD&X-Amz-Credential=AKIA45B7YWBX5HAZMGOU%2F20260223%2Feu-west-1%2Fs3%2Faws4_request&X-Amz-Date=20260223T001935Z&X-Amz-Expires=604800&X-Amz-Signature=9754da36c1acb3fc905add5f5d871bd7b4f5442238e6ede5bce6dbff1f8d4c16&X-Amz-SignedHeaders=host&response-content-disposition=attachment%3B%20filename%3D1bc5b419-6a28-4c41-bfed-c6b5b45e5e7f.flac&x-id=GetObject,0.555798411,34113
ConAam-2022-06-10_18-10.WAV,2022 Conaway North A,2022,6,10,18,10,Agelaius tricolor,Simple Call 2,29.53066635,29.92533302,375,21656,24000,present,https://rfcx-streams-production.s3.eu-west-1.amazonaws.com/2022/06/11/82sjidqz9yro/b80fb1cd-ac0e-4051-accf-2bb427e67a0d.flac?X-Amz-Algorithm=AWS4-HMAC-SHA256&X-Amz-Content-Sha256=UNSIGNED-PAYLOAD&X-Amz-Credential=AKIA45B7YWBX5HAZMGOU%2F20260223%2Feu-west-1%2Fs3%2Faws4_request&X-Amz-Date=20260223T001935Z&X-Amz-Expires=604800&X-Amz-Signature=9a13f379714b149371389adb9e3730faefc9d9ad0d0a01d3dafe87f822d015b3&X-Amz-SignedHeaders=host&response-content-disposition=attachment%3B%20filename%3Db80fb1cd-ac0e-4051-accf-2bb427e67a0d.flac&x-id=GetObject,0.50023675,34113
ConAam-2022-06-10_18-20.WAV,2022 Conaway North A,2022,6,10,18,20,Agelaius tricolor,Simple Call 2,46.1546669,46.54933167,375,21656,24000,present,https://rfcx-streams-production.s3.eu-west-1.amazonaws.com/2022/06/11/82sjidqz9yro/bc01703c-92de-4e2d-90fc-02030af513ae.flac?X-Amz-Algorithm=AWS4-HMAC-SHA256&X-Amz-Content-Sha256=UNSIGNED-PAYLOAD&X-Amz-Credential=AKIA45B7YWBX5HAZMGOU%2F20260223%2Feu-west-1%2Fs3%2Faws4_request&X-Amz-Date=20260223T001935Z&X-Amz-Expires=604800&X-Amz-Signature=f8dd42adbcd792c24b7bab09ab53a7661741f66361cdbc616110411788225c31&X-Amz-SignedHeaders=host&response-content-disposition=attachment%3B%20filename%3Dbc01703c-92de-4e2d-90fc-02030af513ae.flac&x-id=GetObject,0.426656097,34113
ConAam-2022-06-10_19-30.WAV,2022 Conaway North A,2022,6,10,19,30,Agelaius tricolor,Simple Call 2,11.60533333,12,375,21656,24000,present,https://rfcx-streams-production.s3.eu-west-1.amazonaws.com/2022/06/11/82sjidqz9yro/9a72d5f7-c223-4210-a6f2-0b7a35bb7eeb.flac?X-Amz-Algorithm=AWS4-HMAC-SHA256&X-Amz-Content-Sha256=UNSIGNED-PAYLOAD&X-Amz-Credential=AKIA45B7YWBX5HAZMGOU%2F20260223%2Feu-west-1%2Fs3%2Faws4_request&X-Amz-Date=20260223T001935Z&X-Amz-Expires=604800&X-Amz-Signature=a4e8502502bbbb88d840fb53813a08e23a1014da6aee03fc522f3dabe7a6cd46&X-Amz-SignedHeaders=host&response-content-disposition=attachment%3B%20filename%3D9a72d5f7-c223-4210-a6f2-0b7a35bb7eeb.flac&x-id=GetObject,0.450513005,34113
ConAam-2022-06-10_19-40.WAV,2022 Conaway North A,2022,6,10,19,40,Agelaius tricolor,Simple Call 2,3.104000092,3.498666763,375,21656,24000,present,https://rfcx-streams-production.s3.eu-west-1.amazonaws.com/2022/06/11/82sjidqz9yro/bba23863-d4d7-4c65-ae7c-98c6be45004f.flac?X-Amz-Algorithm=AWS4-HMAC-SHA256&X-Amz-Content-Sha256=UNSIGNED-PAYLOAD&X-Amz-Credential=AKIA45B7YWBX5HAZMGOU%2F20260223%2Feu-west-1%2Fs3%2Faws4_request&X-Amz-Date=20260223T001935Z&X-Amz-Expires=604800&X-Amz-Signature=bb2d4cddd0ce4931c438ea99f7c0953ddc5ca0e6b91c0160fad40bc54dc5a4ef&X-Amz-SignedHeaders=host&response-content-disposition=attachment%3B%20filename%3Dbba23863-d4d7-4c65-ae7c-98c6be45004f.flac&x-id=GetObject,0.43991518,34113
ConAam-2022-06-10_19-50.WAV,2022 Conaway North A,2022,6,10,19,50,Agelaius tricolor,Simple Call 2,28.05866623,28.4533329,375,21656,24000,present,https://rfcx-streams-production.s3.eu-west-1.amazonaws.com/2022/06/11/82sjidqz9yro/a42bcf0d-8a2d-401d-a3f8-54b150668431.flac?X-Amz-Algorithm=AWS4-HMAC-SHA256&X-Amz-Content-Sha256=UNSIGNED-PAYLOAD&X-Amz-Credential=AKIA45B7YWBX5HAZMGOU%2F20260223%2Feu-west-1%2Fs3%2Faws4_request&X-Amz-Date=20260223T001935Z&X-Amz-Expires=604800&X-Amz-Signature=b271a5f2ecb23d2d595b2ee864086cdb130a0dd4778e2e0e649ed925b4a6c942&X-Amz-SignedHeaders=host&response-content-disposition=attachment%3B%20filename%3Da42bcf0d-8a2d-401d-a3f8-54b150668431.flac&x-id=GetObject,0.43478179,34113
ConAam-2022-06-10_20-10.WAV,2022 Conaway North A,2022,6,10,20,10,Agelaius tricolor,Simple Call 2,9.258666992,9.653333664,375,21656,24000,present,https://rfcx-streams-production.s3.eu-west-1.amazonaws.com/2022/06/11/82sjidqz9yro/b7d18dce-1276-4980-8f20-f2566132be33.flac?X-Amz-Algorithm=AWS4-HMAC-SHA256&X-Amz-Content-Sha256=UNSIGNED-PAYLOAD&X-Amz-Credential=AKIA45B7YWBX5HAZMGOU%2F20260223%2Feu-west-1%2Fs3%2Faws4_request&X-Amz-Date=20260223T001935Z&X-Amz-Expires=604800&X-Amz-Signature=8dc1d3d0bd52ae86b7db5e4d8d1bc7d7a88b4fdfb92bac5cdfd59d850d360c73&X-Amz-SignedHeaders=host&response-content-disposition=attachment%3B%20filename%3Db7d18dce-1276-4980-8f20-f2566132be33.flac&x-id=GetObject,0.523373365,34113
ConAam-2022-06-10_20-20.WAV,2022 Conaway North A,2022,6,10,20,20,Agelaius tricolor,Simple Call 2,2.160000086,2.554666758,375,21656,24000,present,https://rfcx-streams-production.s3.eu-west-1.amazonaws.com/2022/06/11/82sjidqz9yro/271e6907-165c-4998-91d5-1dd9e8a95fec.flac?X-Amz-Algorithm=AWS4-HMAC-SHA256&X-Amz-Content-Sha256=UNSIGNED-PAYLOAD&X-Amz-Credential=AKIA45B7YWBX5HAZMGOU%2F20260223%2Feu-west-1%2Fs3%2Faws4_request&X-Amz-Date=20260223T001935Z&X-Amz-Expires=604800&X-Amz-Signature=7e53c38ae40daf45e5d4f9aeaf3d56a271bc8a69f36a701317f3f93459d9add9&X-Amz-SignedHeaders=host&response-content-disposition=attachment%3B%20filename%3D271e6907-165c-4998-91d5-1dd9e8a95fec.flac&x-id=GetObject,0.415266901,34113
ConAam-2022-06-11_05-30.WAV,2022 Conaway North A,2022,6,11,5,30,Agelaius tricolor,Simple Call 2,45.3706665,45.76533508,375,21656,24000,present,https://rfcx-streams-production.s3.eu-west-1.amazonaws.com/2022/06/11/82sjidqz9yro/d506cef3-a12f-4019-8da8-731d874be65c.flac?X-Amz-Algorithm=AWS4-HMAC-SHA256&X-Amz-Content-Sha256=UNSIGNED-PAYLOAD&X-Amz-Credential=AKIA45B7YWBX5HAZMGOU%2F20260223%2Feu-west-1%2Fs3%2Faws4_request&X-Amz-Date=20260223T001935Z&X-Amz-Expires=604800&X-Amz-Signature=ae140b9e0ce5a27f0e97b9703d001c725f08a549ee2f0166fc3dccee45a5b826&X-Amz-SignedHeaders=host&response-content-disposition=attachment%3B%20filename%3Dd506cef3-a12f-4019-8da8-731d874be65c.flac&x-id=GetObject,0.479539037,34113
ConAam-2022-06-11_05-40.WAV,2022 Conaway North A,2022,6,11,5,40,Agelaius tricolor,Simple Call 2,1.061333299,1.45599997,375,21656,24000,present,https://rfcx-streams-production.s3.eu-west-1.amazonaws.com/2022/06/11/82sjidqz9yro/73298f91-7b31-4f67-90fc-bd686ebeafff.flac?X-Amz-Algorithm=AWS4-HMAC-SHA256&X-Amz-Content-Sha256=UNSIGNED-PAYLOAD&X-Amz-Credential=AKIA45B7YWBX5HAZMGOU%2F20260223%2Feu-west-1%2Fs3%2Faws4_request&X-Amz-Date=20260223T001935Z&X-Amz-Expires=604800&X-Amz-Signature=7641613ee5ce4f8b3f87d4ff5354bfb6863cf56171075bbbea524b2eb50ad4c8&X-Amz-SignedHeaders=host&response-content-disposition=attachment%3B%20filename%3D73298f91-7b31-4f67-90fc-bd686ebeafff.flac&x-id=GetObject,0.424928784,34113
ConAam-2022-06-11_05-50.WAV,2022 Conaway North A,2022,6,11,5,50,Agelaius tricolor,Simple Call 2,53.17333221,53.56800079,375,21656,24000,present,https://rfcx-streams-production.s3.eu-west-1.amazonaws.com/2022/06/11/82sjidqz9yro/de17182c-7a4b-489a-ab55-75929239bb2b.flac?X-Amz-Algorithm=AWS4-HMAC-SHA256&X-Amz-Content-Sha256=UNSIGNED-PAYLOAD&X-Amz-Credential=AKIA45B7YWBX5HAZMGOU%2F20260223%2Feu-west-1%2Fs3%2Faws4_request&X-Amz-Date=20260223T001935Z&X-Amz-Expires=604800&X-Amz-Signature=7abf20ced43931549f680f3e8da7f2a58475652522d58c3f966acc8c85948f2e&X-Amz-SignedHeaders=host&response-content-disposition=attachment%3B%20filename%3Dde17182c-7a4b-489a-ab55-75929239bb2b.flac&x-id=GetObject,0.457045138,34113
ConAam-2022-06-11_06-00.WAV,2022 Conaway North A,2022,6,11,6,0,Agelaius tricolor,Simple Call 2,52.36800003,52.76266479,375,21656,24000,present,https://rfcx-streams-production.s3.eu-west-1.amazonaws.com/2022/06/11/82sjidqz9yro/9232153f-7173-4377-ac2a-4eb289000554.flac?X-Amz-Algorithm=AWS4-HMAC-SHA256&X-Amz-Content-Sha256=UNSIGNED-PAYLOAD&X-Amz-Credential=AKIA45B7YWBX5HAZMGOU%2F20260223%2Feu-west-1%2Fs3%2Faws4_request&X-Amz-Date=20260223T001935Z&X-Amz-Expires=604800&X-Amz-Signature=538bc1552ef02b256947bf26984d0d67988459fc58db6bac7ce0e2bcdcfe6df4&X-Amz-SignedHeaders=host&response-content-disposition=attachment%3B%20filename%3D9232153f-7173-4377-ac2a-4eb289000554.flac&x-id=GetObject,0.416944683,34113
ConAam-2022-06-11_06-10.WAV,2022 Conaway North A,2022,6,11,6,10,Agelaius tricolor,Simple Call 2,4.245333195,4.639999866,375,21656,24000,present,https://rfcx-streams-production.s3.eu-west-1.amazonaws.com/2022/06/11/82sjidqz9yro/4a9afb3f-e412-4979-91aa-8e2d4bde751f.flac?X-Amz-Algorithm=AWS4-HMAC-SHA256&X-Amz-Content-Sha256=UNSIGNED-PAYLOAD&X-Amz-Credential=AKIA45B7YWBX5HAZMGOU%2F20260223%2Feu-west-1%2Fs3%2Faws4_request&X-Amz-Date=20260223T001935Z&X-Amz-Expires=604800&X-Amz-Signature=1e73cd3c897be7501c11384be03d7dc576b2add0a9a51e218d96fd31c3c22c30&X-Amz-SignedHeaders=host&response-content-disposition=attachment%3B%20filename%3D4a9afb3f-e412-4979-91aa-8e2d4bde751f.flac&x-id=GetObject,0.560682118,34113
ConAam-2022-06-11_06-20.WAV,2022 Conaway North A,2022,6,11,6,20,Agelaius tricolor,Simple Call 2,7.631999969,8.026666641,375,21656,24000,present,https://rfcx-streams-production.s3.eu-west-1.amazonaws.com/2022/06/11/82sjidqz9yro/65bf536f-bd24-4821-8113-a0bf1d6ee847.flac?X-Amz-Algorithm=AWS4-HMAC-SHA256&X-Amz-Content-Sha256=UNSIGNED-PAYLOAD&X-Amz-Credential=AKIA45B7YWBX5HAZMGOU%2F20260223%2Feu-west-1%2Fs3%2Faws4_request&X-Amz-Date=20260223T001935Z&X-Amz-Expires=604800&X-Amz-Signature=e86241c801d3016d99af074d8f005720eb1ac661de120f6811a60ed049bb5542&X-Amz-SignedHeaders=host&response-content-disposition=attachment%3B%20filename%3D65bf536f-bd24-4821-8113-a0bf1d6ee847.flac&x-id=GetObject,0.496879309,34113
ConAam-2022-06-11_06-30.WAV,2022 Conaway North A,2022,6,11,6,30,Agelaius tricolor,Simple Call 2,17.10400009,17.49866676,375,21656,24000,present,https://rfcx-streams-production.s3.eu-west-1.amazonaws.com/2022/06/11/82sjidqz9yro/c5cf07c0-7220-4a55-a118-61edf2031561.flac?X-Amz-Algorithm=AWS4-HMAC-SHA256&X-Amz-Content-Sha256=UNSIGNED-PAYLOAD&X-Amz-Credential=AKIA45B7YWBX5HAZMGOU%2F20260223%2Feu-west-1%2Fs3%2Faws4_request&X-Amz-Date=20260223T001935Z&X-Amz-Expires=604800&X-Amz-Signature=25d5bb076552ae66cb164ad6a6284d0af180a37ffd4c3b82517c110c36cb4129&X-Amz-SignedHeaders=host&response-content-disposition=attachment%3B%20filename%3Dc5cf07c0-7220-4a55-a118-61edf2031561.flac&x-id=GetObject,0.527375519,34113
ConAam-2022-06-11_06-40.WAV,2022 Conaway North A,2022,6,11,6,40,Agelaius tricolor,Simple Call 2,27.88800049,28.28266716,375,21656,24000,present,https://rfcx-streams-production.s3.eu-west-1.amazonaws.com/2022/06/11/82sjidqz9yro/b380732d-cd0e-4560-b9c3-09a1fa97af0a.flac?X-Amz-Algorithm=AWS4-HMAC-SHA256&X-Amz-Content-Sha256=UNSIGNED-PAYLOAD&X-Amz-Credential=AKIA45B7YWBX5HAZMGOU%2F20260223%2Feu-west-1%2Fs3%2Faws4_request&X-Amz-Date=20260223T001935Z&X-Amz-Expires=604800&X-Amz-Signature=5046ae62aa639e5dcdf695fae38ec533038a70e5f6c63a7b3c2b09c732ad738e&X-Amz-SignedHeaders=host&response-content-disposition=attachment%3B%20filename%3Db380732d-cd0e-4560-b9c3-09a1fa97af0a.flac&x-id=GetObject,0.484106332,34113
ConAam-2022-06-11_06-50.WAV,2022 Conaway North A,2022,6,11,6,50,Agelaius tricolor,Simple Call 2,10.66666698,11.06133366,375,21656,24000,present,https://rfcx-streams-production.s3.eu-west-1.amazonaws.com/2022/06/11/82sjidqz9yro/cad8b685-63aa-4343-a2ed-474d0dcbcf25.flac?X-Amz-Algorithm=AWS4-HMAC-SHA256&X-Amz-Content-Sha256=UNSIGNED-PAYLOAD&X-Amz-Credential=AKIA45B7YWBX5HAZMGOU%2F20260223%2Feu-west-1%2Fs3%2Faws4_request&X-Amz-Date=20260223T001935Z&X-Amz-Expires=604800&X-Amz-Signature=2fad1f8e47bec20135edb88b85e1720970a9f384ef33340b621b1e4f01c51643&X-Amz-SignedHeaders=host&response-content-disposition=attachment%3B%20filename%3Dcad8b685-63aa-4343-a2ed-474d0dcbcf25.flac&x-id=GetObject,0.508479893,34113
ConAam-2022-06-11_07-00.WAV,2022 Conaway North A,2022,6,11,7,0,Agelaius tricolor,Simple Call 2,37.33333206,37.72800064,375,21656,24000,present,https://rfcx-streams-production.s3.eu-west-1.amazonaws.com/2022/06/11/82sjidqz9yro/137229aa-db52-40ec-9ac5-e1a6c5d37f82.flac?X-Amz-Algorithm=AWS4-HMAC-SHA256&X-Amz-Content-Sha256=UNSIGNED-PAYLOAD&X-Amz-Credential=AKIA45B7YWBX5HAZMGOU%2F20260223%2Feu-west-1%2Fs3%2Faws4_request&X-Amz-Date=20260223T001935Z&X-Amz-Expires=604800&X-Amz-Signature=84243d350c39e2666ef38fd930a87aeed60306e93ff8cab310f4957c0157e151&X-Amz-SignedHeaders=host&response-content-disposition=attachment%3B%20filename%3D137229aa-db52-40ec-9ac5-e1a6c5d37f82.flac&x-id=GetObject,0.493054658,34113
ConAam-2022-06-11_07-30.WAV,2022 Conaway North A,2022,6,11,7,30,Agelaius tricolor,Simple Call 2,22.37866592,22.7733326,375,21656,24000,present,https://rfcx-streams-production.s3.eu-west-1.amazonaws.com/2022/06/11/82sjidqz9yro/f8346953-3f38-4eb4-ac80-fe168c064efe.flac?X-Amz-Algorithm=AWS4-HMAC-SHA256&X-Amz-Content-Sha256=UNSIGNED-PAYLOAD&X-Amz-Credential=AKIA45B7YWBX5HAZMGOU%2F20260223%2Feu-west-1%2Fs3%2Faws4_request&X-Amz-Date=20260223T001935Z&X-Amz-Expires=604800&X-Amz-Signature=e0c6a328fa7eaab6bd18dcbc9c1d392041dd39150d60ca4574556552ed75c89e&X-Amz-SignedHeaders=host&response-content-disposition=attachment%3B%20filename%3Df8346953-3f38-4eb4-ac80-fe168c064efe.flac&x-id=GetObject,0.447233468,34113
ConAam-2022-06-11_07-40.WAV,2022 Conaway North A,2022,6,11,7,40,Agelaius tricolor,Simple Call 2,11.45600033,11.850667,375,21656,24000,present,https://rfcx-streams-production.s3.eu-west-1.amazonaws.com/2022/06/11/82sjidqz9yro/57109683-ba65-4b53-897f-05370fdd1120.flac?X-Amz-Algorithm=AWS4-HMAC-SHA256&X-Amz-Content-Sha256=UNSIGNED-PAYLOAD&X-Amz-Credential=AKIA45B7YWBX5HAZMGOU%2F20260223%2Feu-west-1%2Fs3%2Faws4_request&X-Amz-Date=20260223T001935Z&X-Amz-Expires=604800&X-Amz-Signature=a8a8358b1f140dc8c7b5094cc32ae3be16c843b34479badce862aaf20fe9d641&X-Amz-SignedHeaders=host&response-content-disposition=attachment%3B%20filename%3D57109683-ba65-4b53-897f-05370fdd1120.flac&x-id=GetObject,0.49480617,34113
ConAam-2022-06-11_07-50.WAV,2022 Conaway North A,2022,6,11,7,50,Agelaius tricolor,Simple Call 2,19.98399925,20.37866592,375,21656,24000,present,https://rfcx-streams-production.s3.eu-west-1.amazonaws.com/2022/06/11/82sjidqz9yro/27f31e7d-9035-47f4-a49f-58c1fec56df9.flac?X-Amz-Algorithm=AWS4-HMAC-SHA256&X-Amz-Content-Sha256=UNSIGNED-PAYLOAD&X-Amz-Credential=AKIA45B7YWBX5HAZMGOU%2F20260223%2Feu-west-1%2Fs3%2Faws4_request&X-Amz-Date=20260223T001935Z&X-Amz-Expires=604800&X-Amz-Signature=0ea1378c7c7245c3699c793ab84f6e1cf4876e949ae663a76aad4a26e32f7ca2&X-Amz-SignedHeaders=host&response-content-disposition=attachment%3B%20filename%3D27f31e7d-9035-47f4-a49f-58c1fec56df9.flac&x-id=GetObject,0.494338572,34113
ConAam-2022-06-11_08-20.WAV,2022 Conaway North A,2022,6,11,8,20,Agelaius tricolor,Simple Call 2,38.22933197,38.62400055,375,21656,24000,present,https://rfcx-streams-production.s3.eu-west-1.amazonaws.com/2022/06/11/82sjidqz9yro/b0267da0-60af-4316-9ab6-bf888e30487f.flac?X-Amz-Algorithm=AWS4-HMAC-SHA256&X-Amz-Content-Sha256=UNSIGNED-PAYLOAD&X-Amz-Credential=AKIA45B7YWBX5HAZMGOU%2F20260223%2Feu-west-1%2Fs3%2Faws4_request&X-Amz-Date=20260223T001935Z&X-Amz-Expires=604800&X-Amz-Signature=00b01fef62b27a98df4c592523a69bd39fb0420408a8051fcd6fe072a1d679e5&X-Amz-SignedHeaders=host&response-content-disposition=attachment%3B%20filename%3Db0267da0-60af-4316-9ab6-bf888e30487f.flac&x-id=GetObject,0.426498473,34113
ConAam-2022-06-11_08-30.WAV,2022 Conaway North A,2022,6,11,8,30,Agelaius tricolor,Simple Call 2,41.47733307,41.87200165,375,21656,24000,present,https://rfcx-streams-production.s3.eu-west-1.amazonaws.com/2022/06/11/82sjidqz9yro/2f0a858f-5a28-408c-b70d-2b6cd8d3542e.flac?X-Amz-Algorithm=AWS4-HMAC-SHA256&X-Amz-Content-Sha256=UNSIGNED-PAYLOAD&X-Amz-Credential=AKIA45B7YWBX5HAZMGOU%2F20260223%2Feu-west-1%2Fs3%2Faws4_request&X-Amz-Date=20260223T001935Z&X-Amz-Expires=604800&X-Amz-Signature=528f60e5cb9b432bd5c6f01eeebf6153a16bcaadf0d0186d41116339d45e0c22&X-Amz-SignedHeaders=host&response-content-disposition=attachment%3B%20filename%3D2f0a858f-5a28-408c-b70d-2b6cd8d3542e.flac&x-id=GetObject,0.426387995,34113
ConAam-2022-06-11_08-40.WAV,2022 Conaway North A,2022,6,11,8,40,Agelaius tricolor,Simple Call 2,36.09600067,36.49066544,375,21656,24000,present,https://rfcx-streams-production.s3.eu-west-1.amazonaws.com/2022/06/11/82sjidqz9yro/0e6ba9a6-a83e-48b1-8373-7995537f8fcf.flac?X-Amz-Algorithm=AWS4-HMAC-SHA256&X-Amz-Content-Sha256=UNSIGNED-PAYLOAD&X-Amz-Credential=AKIA45B7YWBX5HAZMGOU%2F20260223%2Feu-west-1%2Fs3%2Faws4_request&X-Amz-Date=20260223T001935Z&X-Amz-Expires=604800&X-Amz-Signature=60618c05ed9ace94cc77535a468d6e03efd34c57802a17bfcde72354f851aa45&X-Amz-SignedHeaders=host&response-content-disposition=attachment%3B%20filename%3D0e6ba9a6-a83e-48b1-8373-7995537f8fcf.flac&x-id=GetObject,0.421867758,34113
ConAam-2022-06-11_08-50.WAV,2022 Conaway North A,2022,6,11,8,50,Agelaius tricolor,Simple Call 2,9.861332893,10.25599957,375,21656,24000,present,https://rfcx-streams-production.s3.eu-west-1.amazonaws.com/2022/06/11/82sjidqz9yro/c08eecf8-5aa7-4279-886d-72f03738c8f2.flac?X-Amz-Algorithm=AWS4-HMAC-SHA256&X-Amz-Content-Sha256=UNSIGNED-PAYLOAD&X-Amz-Credential=AKIA45B7YWBX5HAZMGOU%2F20260223%2Feu-west-1%2Fs3%2Faws4_request&X-Amz-Date=20260223T001935Z&X-Amz-Expires=604800&X-Amz-Signature=b8f7056cde46f3fe216844cb594cf95601f899e0b11b52127dd94aa1badbde4f&X-Amz-SignedHeaders=host&response-content-disposition=attachment%3B%20filename%3Dc08eecf8-5aa7-4279-886d-72f03738c8f2.flac&x-id=GetObject,0.463537306,34113
ConAam-2022-06-11_09-00.WAV,2022 Conaway North A,2022,6,11,9,0,Agelaius tricolor,Simple Call 2,55.89866638,56.29333496,375,21656,24000,present,https://rfcx-streams-production.s3.eu-west-1.amazonaws.com/2022/06/11/82sjidqz9yro/fd0e38db-362f-45f6-be64-e8934f5c689a.flac?X-Amz-Algorithm=AWS4-HMAC-SHA256&X-Amz-Content-Sha256=UNSIGNED-PAYLOAD&X-Amz-Credential=AKIA45B7YWBX5HAZMGOU%2F20260223%2Feu-west-1%2Fs3%2Faws4_request&X-Amz-Date=20260223T001935Z&X-Amz-Expires=604800&X-Amz-Signature=c43eb297947f94a4c371a67f4c6a4dec920519c24b85743b00d2beab0719827f&X-Amz-SignedHeaders=host&response-content-disposition=attachment%3B%20filename%3Dfd0e38db-362f-45f6-be64-e8934f5c689a.flac&x-id=GetObject,0.475879937,34113
ConAam-2022-06-11_09-10.WAV,2022 Conaway North A,2022,6,11,9,10,Agelaius tricolor,Simple Call 2,56.84799957,57.24266815,375,21656,24000,present,https://rfcx-streams-production.s3.eu-west-1.amazonaws.com/2022/06/11/82sjidqz9yro/0fc0d1db-4f17-402f-a810-566592355077.flac?X-Amz-Algorithm=AWS4-HMAC-SHA256&X-Amz-Content-Sha256=UNSIGNED-PAYLOAD&X-Amz-Credential=AKIA45B7YWBX5HAZMGOU%2F20260223%2Feu-west-1%2Fs3%2Faws4_request&X-Amz-Date=20260223T001935Z&X-Amz-Expires=604800&X-Amz-Signature=d0ce8394f8c668824a02e8eaf830d9897f0f71dae9a404c063c705275e673c2b&X-Amz-SignedHeaders=host&response-content-disposition=attachment%3B%20filename%3D0fc0d1db-4f17-402f-a810-566592355077.flac&x-id=GetObject,0.496088117,34113
ConAam-2022-06-11_10-00.WAV,2022 Conaway North A,2022,6,11,10,0,Agelaius tricolor,Simple Call 2,12.26666641,12.66133308,375,21656,24000,present,https://rfcx-streams-production.s3.eu-west-1.amazonaws.com/2022/06/11/82sjidqz9yro/6f8b3303-f5c7-406c-ad74-2083614286bb.flac?X-Amz-Algorithm=AWS4-HMAC-SHA256&X-Amz-Content-Sha256=UNSIGNED-PAYLOAD&X-Amz-Credential=AKIA45B7YWBX5HAZMGOU%2F20260223%2Feu-west-1%2Fs3%2Faws4_request&X-Amz-Date=20260223T001935Z&X-Amz-Expires=604800&X-Amz-Signature=d2f37c9eb6f6eded9e1a924745cf331e1cc40e669199e90a5afbdfa77bf664b5&X-Amz-SignedHeaders=host&response-content-disposition=attachment%3B%20filename%3D6f8b3303-f5c7-406c-ad74-2083614286bb.flac&x-id=GetObject,0.47834155,34113
ConAam-2022-06-11_10-20.WAV,2022 Conaway North A,2022,6,11,10,20,Agelaius tricolor,Simple Call 2,17.26933289,17.66399956,375,21656,24000,present,https://rfcx-streams-production.s3.eu-west-1.amazonaws.com/2022/06/11/82sjidqz9yro/80d22a4e-5126-4d06-8111-15c69f626085.flac?X-Amz-Algorithm=AWS4-HMAC-SHA256&X-Amz-Content-Sha256=UNSIGNED-PAYLOAD&X-Amz-Credential=AKIA45B7YWBX5HAZMGOU%2F20260223%2Feu-west-1%2Fs3%2Faws4_request&X-Amz-Date=20260223T001935Z&X-Amz-Expires=604800&X-Amz-Signature=781cfe46e0a2973b3fe38efae0d0cdf3ab26c07a536a78b73c2caa0e5d912660&X-Amz-SignedHeaders=host&response-content-disposition=attachment%3B%20filename%3D80d22a4e-5126-4d06-8111-15c69f626085.flac&x-id=GetObject,0.42770201,34113
ConAam-2022-06-11_11-00.WAV,2022 Conaway North A,2022,6,11,11,0,Agelaius tricolor,Simple Call 2,20.88533401,21.28000069,375,21656,24000,present,https://rfcx-streams-production.s3.eu-west-1.amazonaws.com/2022/06/11/82sjidqz9yro/a0c6b292-1eaa-4c57-b4a0-627af766eb32.flac?X-Amz-Algorithm=AWS4-HMAC-SHA256&X-Amz-Content-Sha256=UNSIGNED-PAYLOAD&X-Amz-Credential=AKIA45B7YWBX5HAZMGOU%2F20260223%2Feu-west-1%2Fs3%2Faws4_request&X-Amz-Date=20260223T001935Z&X-Amz-Expires=604800&X-Amz-Signature=2e130006b8a5fc69ac8d53bc6b79c73d2f8ee63ddc5a0126936e169b0f2a285b&X-Amz-SignedHeaders=host&response-content-disposition=attachment%3B%20filename%3Da0c6b292-1eaa-4c57-b4a0-627af766eb32.flac&x-id=GetObject,0.448063374,34113
ConAam-2022-06-11_11-20.WAV,2022 Conaway North A,2022,6,11,11,20,Agelaius tricolor,Simple Call 2,4.815999985,5.210666656,375,21656,24000,present,https://rfcx-streams-production.s3.eu-west-1.amazonaws.com/2022/06/11/82sjidqz9yro/986a2fa2-71ac-4b64-9163-486b671efd8b.flac?X-Amz-Algorithm=AWS4-HMAC-SHA256&X-Amz-Content-Sha256=UNSIGNED-PAYLOAD&X-Amz-Credential=AKIA45B7YWBX5HAZMGOU%2F20260223%2Feu-west-1%2Fs3%2Faws4_request&X-Amz-Date=20260223T001935Z&X-Amz-Expires=604800&X-Amz-Signature=3785144685da0cf857ea066e8bb60db66db3ccfbb34c59ce1f1207a8ba2a1716&X-Amz-SignedHeaders=host&response-content-disposition=attachment%3B%20filename%3D986a2fa2-71ac-4b64-9163-486b671efd8b.flac&x-id=GetObject,0.421956182,34113
ConAam-2022-06-11_11-30.WAV,2022 Conaway North A,2022,6,11,11,30,Agelaius tricolor,Simple Call 2,46.93333435,47.32799911,375,21656,24000,present,https://rfcx-streams-production.s3.eu-west-1.amazonaws.com/2022/06/11/82sjidqz9yro/5d638452-a009-49a5-923b-1a4cfe960d89.flac?X-Amz-Algorithm=AWS4-HMAC-SHA256&X-Amz-Content-Sha256=UNSIGNED-PAYLOAD&X-Amz-Credential=AKIA45B7YWBX5HAZMGOU%2F20260223%2Feu-west-1%2Fs3%2Faws4_request&X-Amz-Date=20260223T001935Z&X-Amz-Expires=604800&X-Amz-Signature=eec848bb7e2b9ee85364ebf94c3e44cf7122d67760020c2aee825c5baf476f9d&X-Amz-SignedHeaders=host&response-content-disposition=attachment%3B%20filename%3D5d638452-a009-49a5-923b-1a4cfe960d89.flac&x-id=GetObject,0.529758871,34113
ConAam-2022-06-11_11-40.WAV,2022 Conaway North A,2022,6,11,11,40,Agelaius tricolor,Simple Call 2,9.055999756,9.450666428,375,21656,24000,present,https://rfcx-streams-production.s3.eu-west-1.amazonaws.com/2022/06/11/82sjidqz9yro/76b3c880-ab15-4cfa-b591-77818ea8499f.flac?X-Amz-Algorithm=AWS4-HMAC-SHA256&X-Amz-Content-Sha256=UNSIGNED-PAYLOAD&X-Amz-Credential=AKIA45B7YWBX5HAZMGOU%2F20260223%2Feu-west-1%2Fs3%2Faws4_request&X-Amz-Date=20260223T001935Z&X-Amz-Expires=604800&X-Amz-Signature=dfc9f55977999a510e7faf8a3e0a04961e1b6cb213b5ba6aa48287898771f8a7&X-Amz-SignedHeaders=host&response-content-disposition=attachment%3B%20filename%3D76b3c880-ab15-4cfa-b591-77818ea8499f.flac&x-id=GetObject,0.447945088,34113
ConAam-2022-06-11_11-50.WAV,2022 Conaway North A,2022,6,11,11,50,Agelaius tricolor,Simple Call 2,43.73333359,44.12799835,375,21656,24000,present,https://rfcx-streams-production.s3.eu-west-1.amazonaws.com/2022/06/11/82sjidqz9yro/96139bc4-58ff-4fd2-929b-a51c9712fe84.flac?X-Amz-Algorithm=AWS4-HMAC-SHA256&X-Amz-Content-Sha256=UNSIGNED-PAYLOAD&X-Amz-Credential=AKIA45B7YWBX5HAZMGOU%2F20260223%2Feu-west-1%2Fs3%2Faws4_request&X-Amz-Date=20260223T001935Z&X-Amz-Expires=604800&X-Amz-Signature=ad311acc74378be1a2a893e3525a685ca76bd0e2be9021d7b120ddfb09d86f5e&X-Amz-SignedHeaders=host&response-content-disposition=attachment%3B%20filename%3D96139bc4-58ff-4fd2-929b-a51c9712fe84.flac&x-id=GetObject,0.488320678,34113
ConAam-2022-06-11_12-00.WAV,2022 Conaway North A,2022,6,11,12,0,Agelaius tricolor,Simple Call 2,9.637332916,10.03199959,375,21656,24000,present,https://rfcx-streams-production.s3.eu-west-1.amazonaws.com/2022/06/11/82sjidqz9yro/59fcf92a-ec3c-49a6-9df4-42f5cac8ed4b.flac?X-Amz-Algorithm=AWS4-HMAC-SHA256&X-Amz-Content-Sha256=UNSIGNED-PAYLOAD&X-Amz-Credential=AKIA45B7YWBX5HAZMGOU%2F20260223%2Feu-west-1%2Fs3%2Faws4_request&X-Amz-Date=20260223T001935Z&X-Amz-Expires=604800&X-Amz-Signature=ebb128c9414894114a13e09388d464b4d85453266d0ce71978ba506936e5ca5e&X-Amz-SignedHeaders=host&response-content-disposition=attachment%3B%20filename%3D59fcf92a-ec3c-49a6-9df4-42f5cac8ed4b.flac&x-id=GetObject,0.610464275,34113
ConAam-2022-06-11_12-20.WAV,2022 Conaway North A,2022,6,11,12,20,Agelaius tricolor,Simple Call 2,54.83733368,55.23199844,375,21656,24000,present,https://rfcx-streams-production.s3.eu-west-1.amazonaws.com/2022/06/11/82sjidqz9yro/28765deb-3a28-4256-89fe-08facb76adcc.flac?X-Amz-Algorithm=AWS4-HMAC-SHA256&X-Amz-Content-Sha256=UNSIGNED-PAYLOAD&X-Amz-Credential=AKIA45B7YWBX5HAZMGOU%2F20260223%2Feu-west-1%2Fs3%2Faws4_request&X-Amz-Date=20260223T001935Z&X-Amz-Expires=604800&X-Amz-Signature=b54ec04537da05b93e912126e6596b51e73a12315bbc9d8e518c3095a3252725&X-Amz-SignedHeaders=host&response-content-disposition=attachment%3B%20filename%3D28765deb-3a28-4256-89fe-08facb76adcc.flac&x-id=GetObject,0.43628794,34113
ConAam-2022-06-11_12-30.WAV,2022 Conaway North A,2022,6,11,12,30,Agelaius tricolor,Simple Call 2,41.402668,41.79733276,375,21656,24000,present,https://rfcx-streams-production.s3.eu-west-1.amazonaws.com/2022/06/11/82sjidqz9yro/47f7b208-c5df-451d-9f2e-77b30adee181.flac?X-Amz-Algorithm=AWS4-HMAC-SHA256&X-Amz-Content-Sha256=UNSIGNED-PAYLOAD&X-Amz-Credential=AKIA45B7YWBX5HAZMGOU%2F20260223%2Feu-west-1%2Fs3%2Faws4_request&X-Amz-Date=20260223T001935Z&X-Amz-Expires=604800&X-Amz-Signature=06c9993b297226b1cd7a085c14bc95c2688bbbe022f975d3e096225e51088147&X-Amz-SignedHeaders=host&response-content-disposition=attachment%3B%20filename%3D47f7b208-c5df-451d-9f2e-77b30adee181.flac&x-id=GetObject,0.470394522,34113
ConAam-2022-06-11_12-40.WAV,2022 Conaway North A,2022,6,11,12,40,Agelaius tricolor,Simple Call 2,52.12266541,52.51733398,375,21656,24000,present,https://rfcx-streams-production.s3.eu-west-1.amazonaws.com/2022/06/11/82sjidqz9yro/f40d65ad-3661-4d1b-bb3d-621bb5e6025f.flac?X-Amz-Algorithm=AWS4-HMAC-SHA256&X-Amz-Content-Sha256=UNSIGNED-PAYLOAD&X-Amz-Credential=AKIA45B7YWBX5HAZMGOU%2F20260223%2Feu-west-1%2Fs3%2Faws4_request&X-Amz-Date=20260223T001935Z&X-Amz-Expires=604800&X-Amz-Signature=214c0b8c69636d190f57d2c27821091318bc684f455c9df30a8919ca54af5bbd&X-Amz-SignedHeaders=host&response-content-disposition=attachment%3B%20filename%3Df40d65ad-3661-4d1b-bb3d-621bb5e6025f.flac&x-id=GetObject,0.426073909,34113
ConAam-2022-06-11_13-10.WAV,2022 Conaway North A,2022,6,11,13,10,Agelaius tricolor,Simple Call 2,51.10400009,51.49866486,375,21656,24000,present,https://rfcx-streams-production.s3.eu-west-1.amazonaws.com/2022/06/11/82sjidqz9yro/512abd52-3133-48d8-9b8f-8c6d37c9f215.flac?X-Amz-Algorithm=AWS4-HMAC-SHA256&X-Amz-Content-Sha256=UNSIGNED-PAYLOAD&X-Amz-Credential=AKIA45B7YWBX5HAZMGOU%2F20260223%2Feu-west-1%2Fs3%2Faws4_request&X-Amz-Date=20260223T001935Z&X-Amz-Expires=604800&X-Amz-Signature=81934f03240c89e6810f889a1ba7253c0dac3a47ea0cf2b1a5afbeabcfc0046f&X-Amz-SignedHeaders=host&response-content-disposition=attachment%3B%20filename%3D512abd52-3133-48d8-9b8f-8c6d37c9f215.flac&x-id=GetObject,0.519641399,34113
ConAam-2022-06-11_13-20.WAV,2022 Conaway North A,2022,6,11,13,20,Agelaius tricolor,Simple Call 2,0.154666662,0.549333334,375,21656,24000,present,https://rfcx-streams-production.s3.eu-west-1.amazonaws.com/2022/06/11/82sjidqz9yro/04dc0838-4b9a-45b8-bb2e-4c44ee29aba5.flac?X-Amz-Algorithm=AWS4-HMAC-SHA256&X-Amz-Content-Sha256=UNSIGNED-PAYLOAD&X-Amz-Credential=AKIA45B7YWBX5HAZMGOU%2F20260223%2Feu-west-1%2Fs3%2Faws4_request&X-Amz-Date=20260223T001935Z&X-Amz-Expires=604800&X-Amz-Signature=bf3fd650d4b17fed3f1cf1d7fa99f6267577ac210eaf928f4ee2c9ecb3ba37c5&X-Amz-SignedHeaders=host&response-content-disposition=attachment%3B%20filename%3D04dc0838-4b9a-45b8-bb2e-4c44ee29aba5.flac&x-id=GetObject,0.499640763,34113
ConAam-2022-06-11_13-30.WAV,2022 Conaway North A,2022,6,11,13,30,Agelaius tricolor,Simple Call 2,16.91200066,17.30666733,375,21656,24000,present,https://rfcx-streams-production.s3.eu-west-1.amazonaws.com/2022/06/11/82sjidqz9yro/236dba8b-57ba-473b-8142-40b6f6e6a511.flac?X-Amz-Algorithm=AWS4-HMAC-SHA256&X-Amz-Content-Sha256=UNSIGNED-PAYLOAD&X-Amz-Credential=AKIA45B7YWBX5HAZMGOU%2F20260223%2Feu-west-1%2Fs3%2Faws4_request&X-Amz-Date=20260223T001935Z&X-Amz-Expires=604800&X-Amz-Signature=f2ff0cc2cb59c9764efbc1bbc1b4ab7e912431443affc557bc5980315ba8e8a9&X-Amz-SignedHeaders=host&response-content-disposition=attachment%3B%20filename%3D236dba8b-57ba-473b-8142-40b6f6e6a511.flac&x-id=GetObject,0.462308824,34113
ConAam-2022-06-11_13-40.WAV,2022 Conaway North A,2022,6,11,13,40,Agelaius tricolor,Simple Call 2,9.045332909,9.43999958,375,21656,24000,present,https://rfcx-streams-production.s3.eu-west-1.amazonaws.com/2022/06/11/82sjidqz9yro/7d8613c9-99f0-4c4c-aa60-6675b20afea7.flac?X-Amz-Algorithm=AWS4-HMAC-SHA256&X-Amz-Content-Sha256=UNSIGNED-PAYLOAD&X-Amz-Credential=AKIA45B7YWBX5HAZMGOU%2F20260223%2Feu-west-1%2Fs3%2Faws4_request&X-Amz-Date=20260223T001935Z&X-Amz-Expires=604800&X-Amz-Signature=08d384135eb0f4e2bffec035d02633c7e48d7678d0a166768be1d99e7a5de336&X-Amz-SignedHeaders=host&response-content-disposition=attachment%3B%20filename%3D7d8613c9-99f0-4c4c-aa60-6675b20afea7.flac&x-id=GetObject,0.55808872,34113
ConAam-2022-06-11_13-50.WAV,2022 Conaway North A,2022,6,11,13,50,Agelaius tricolor,Simple Call 2,56.72533417,57.11999893,375,21656,24000,present,https://rfcx-streams-production.s3.eu-west-1.amazonaws.com/2022/06/11/82sjidqz9yro/04a676c8-fab9-4c5b-9b41-aa726e7e59be.flac?X-Amz-Algorithm=AWS4-HMAC-SHA256&X-Amz-Content-Sha256=UNSIGNED-PAYLOAD&X-Amz-Credential=AKIA45B7YWBX5HAZMGOU%2F20260223%2Feu-west-1%2Fs3%2Faws4_request&X-Amz-Date=20260223T001935Z&X-Amz-Expires=604800&X-Amz-Signature=10587242c3dd6ac8655823ffbb03b6ad898e848cb8fcc8d21ed8030f10c53ca1&X-Amz-SignedHeaders=host&response-content-disposition=attachment%3B%20filename%3D04a676c8-fab9-4c5b-9b41-aa726e7e59be.flac&x-id=GetObject,0.441383183,34113
ConAam-2022-06-11_14-00.WAV,2022 Conaway North A,2022,6,11,14,0,Agelaius tricolor,Simple Call 2,51.46666718,51.86133194,375,21656,24000,present,https://rfcx-streams-production.s3.eu-west-1.amazonaws.com/2022/06/11/82sjidqz9yro/f9396254-5f6c-4e41-9a0e-64acced6171e.flac?X-Amz-Algorithm=AWS4-HMAC-SHA256&X-Amz-Content-Sha256=UNSIGNED-PAYLOAD&X-Amz-Credential=AKIA45B7YWBX5HAZMGOU%2F20260223%2Feu-west-1%2Fs3%2Faws4_request&X-Amz-Date=20260223T001935Z&X-Amz-Expires=604800&X-Amz-Signature=a9afc02c28539e5fae85fe14295499f0d5fa24ce44ae7b680a9a6fb6a3c29665&X-Amz-SignedHeaders=host&response-content-disposition=attachment%3B%20filename%3Df9396254-5f6c-4e41-9a0e-64acced6171e.flac&x-id=GetObject,0.472827911,34113
ConAam-2022-06-11_14-10.WAV,2022 Conaway North A,2022,6,11,14,10,Agelaius tricolor,Simple Call 2,18.65600014,19.05066681,375,21656,24000,present,https://rfcx-streams-production.s3.eu-west-1.amazonaws.com/2022/06/11/82sjidqz9yro/5f50317f-8570-456c-bbc0-1663f554f1c8.flac?X-Amz-Algorithm=AWS4-HMAC-SHA256&X-Amz-Content-Sha256=UNSIGNED-PAYLOAD&X-Amz-Credential=AKIA45B7YWBX5HAZMGOU%2F20260223%2Feu-west-1%2Fs3%2Faws4_request&X-Amz-Date=20260223T001935Z&X-Amz-Expires=604800&X-Amz-Signature=cd80eb5072c25b30afb16057469950077e33ec91a0a00d6c2c653a3b9dc24802&X-Amz-SignedHeaders=host&response-content-disposition=attachment%3B%20filename%3D5f50317f-8570-456c-bbc0-1663f554f1c8.flac&x-id=GetObject,0.553663075,34113
ConAam-2022-06-11_14-20.WAV,2022 Conaway North A,2022,6,11,14,20,Agelaius tricolor,Simple Call 2,13.26399994,13.65866661,375,21656,24000,present,https://rfcx-streams-production.s3.eu-west-1.amazonaws.com/2022/06/11/82sjidqz9yro/61c308fa-9e58-4d7f-a61f-8675a5a0a7e4.flac?X-Amz-Algorithm=AWS4-HMAC-SHA256&X-Amz-Content-Sha256=UNSIGNED-PAYLOAD&X-Amz-Credential=AKIA45B7YWBX5HAZMGOU%2F20260223%2Feu-west-1%2Fs3%2Faws4_request&X-Amz-Date=20260223T001935Z&X-Amz-Expires=604800&X-Amz-Signature=9796caed4ae6e652bf87310effd69db186f6064fea7a72a095c2280ba3bf5134&X-Amz-SignedHeaders=host&response-content-disposition=attachment%3B%20filename%3D61c308fa-9e58-4d7f-a61f-8675a5a0a7e4.flac&x-id=GetObject,0.508125365,34113
ConAam-2022-06-11_14-30.WAV,2022 Conaway North A,2022,6,11,14,30,Agelaius tricolor,Simple Call 2,26.95466614,27.34933281,375,21656,24000,present,https://rfcx-streams-production.s3.eu-west-1.amazonaws.com/2022/06/11/82sjidqz9yro/23148531-9a47-4c82-b1e2-99a911dc464a.flac?X-Amz-Algorithm=AWS4-HMAC-SHA256&X-Amz-Content-Sha256=UNSIGNED-PAYLOAD&X-Amz-Credential=AKIA45B7YWBX5HAZMGOU%2F20260223%2Feu-west-1%2Fs3%2Faws4_request&X-Amz-Date=20260223T001935Z&X-Amz-Expires=604800&X-Amz-Signature=ec26df378e7e3a6650f4ccc3627b41376ef71d8c5174aaea8d423d1f8b7a510f&X-Amz-SignedHeaders=host&response-content-disposition=attachment%3B%20filename%3D23148531-9a47-4c82-b1e2-99a911dc464a.flac&x-id=GetObject,0.481827319,34113
ConAam-2022-06-11_14-40.WAV,2022 Conaway North A,2022,6,11,14,40,Agelaius tricolor,Simple Call 2,15.24800014,15.64266682,375,21656,24000,present,https://rfcx-streams-production.s3.eu-west-1.amazonaws.com/2022/06/11/82sjidqz9yro/3c4ed614-8093-41e7-8539-596859ea1062.flac?X-Amz-Algorithm=AWS4-HMAC-SHA256&X-Amz-Content-Sha256=UNSIGNED-PAYLOAD&X-Amz-Credential=AKIA45B7YWBX5HAZMGOU%2F20260223%2Feu-west-1%2Fs3%2Faws4_request&X-Amz-Date=20260223T001935Z&X-Amz-Expires=604800&X-Amz-Signature=ee367044d4e95ca5ca0f5f195ed4b0f09059d0efc4633dbe95419ade03e328a8&X-Amz-SignedHeaders=host&response-content-disposition=attachment%3B%20filename%3D3c4ed614-8093-41e7-8539-596859ea1062.flac&x-id=GetObject,0.537133634,34113
ConAam-2022-06-11_14-50.WAV,2022 Conaway North A,2022,6,11,14,50,Agelaius tricolor,Simple Call 2,26.7840004,27.17866707,375,21656,24000,present,https://rfcx-streams-production.s3.eu-west-1.amazonaws.com/2022/06/11/82sjidqz9yro/dc65395b-c029-4b87-8a14-cec690ccb212.flac?X-Amz-Algorithm=AWS4-HMAC-SHA256&X-Amz-Content-Sha256=UNSIGNED-PAYLOAD&X-Amz-Credential=AKIA45B7YWBX5HAZMGOU%2F20260223%2Feu-west-1%2Fs3%2Faws4_request&X-Amz-Date=20260223T001935Z&X-Amz-Expires=604800&X-Amz-Signature=b4904975ffd317f413bdc403427de26e198dd00c4f63fc648cfb47467cca7df5&X-Amz-SignedHeaders=host&response-content-disposition=attachment%3B%20filename%3Ddc65395b-c029-4b87-8a14-cec690ccb212.flac&x-id=GetObject,0.502727985,34113
ConAam-2022-06-11_15-00.WAV,2022 Conaway North A,2022,6,11,15,0,Agelaius tricolor,Simple Call 2,27.40800095,27.80266762,375,21656,24000,present,https://rfcx-streams-production.s3.eu-west-1.amazonaws.com/2022/06/11/82sjidqz9yro/aad719eb-f0da-4448-9c63-fc11cedff8a6.flac?X-Amz-Algorithm=AWS4-HMAC-SHA256&X-Amz-Content-Sha256=UNSIGNED-PAYLOAD&X-Amz-Credential=AKIA45B7YWBX5HAZMGOU%2F20260223%2Feu-west-1%2Fs3%2Faws4_request&X-Amz-Date=20260223T001935Z&X-Amz-Expires=604800&X-Amz-Signature=2d932dcf79c54c80d7e2364838bbe1e8f1efbff716c946706943646e5b0c0ae9&X-Amz-SignedHeaders=host&response-content-disposition=attachment%3B%20filename%3Daad719eb-f0da-4448-9c63-fc11cedff8a6.flac&x-id=GetObject,0.485089093,34113
ConAam-2022-06-11_15-10.WAV,2022 Conaway North A,2022,6,11,15,10,Agelaius tricolor,Simple Call 2,48.89599991,49.29066849,375,21656,24000,present,https://rfcx-streams-production.s3.eu-west-1.amazonaws.com/2022/06/11/82sjidqz9yro/b26e1d07-3d9d-4847-acf0-637023009506.flac?X-Amz-Algorithm=AWS4-HMAC-SHA256&X-Amz-Content-Sha256=UNSIGNED-PAYLOAD&X-Amz-Credential=AKIA45B7YWBX5HAZMGOU%2F20260223%2Feu-west-1%2Fs3%2Faws4_request&X-Amz-Date=20260223T001935Z&X-Amz-Expires=604800&X-Amz-Signature=4ed983651db4b4274beddd4e75d0631dc06915c3641b849f2606e66f90053168&X-Amz-SignedHeaders=host&response-content-disposition=attachment%3B%20filename%3Db26e1d07-3d9d-4847-acf0-637023009506.flac&x-id=GetObject,0.501790404,34113
ConAam-2022-06-11_15-20.WAV,2022 Conaway North A,2022,6,11,15,20,Agelaius tricolor,Simple Call 2,29.84000015,30.23466682,375,21656,24000,present,https://rfcx-streams-production.s3.eu-west-1.amazonaws.com/2022/06/11/82sjidqz9yro/27e3e749-a32a-47ad-808f-5c22f831c3bb.flac?X-Amz-Algorithm=AWS4-HMAC-SHA256&X-Amz-Content-Sha256=UNSIGNED-PAYLOAD&X-Amz-Credential=AKIA45B7YWBX5HAZMGOU%2F20260223%2Feu-west-1%2Fs3%2Faws4_request&X-Amz-Date=20260223T001935Z&X-Amz-Expires=604800&X-Amz-Signature=cdba62594e1da5514165aaf19d74ff615ce5632af5ed49cde2a8c5451212b90e&X-Amz-SignedHeaders=host&response-content-disposition=attachment%3B%20filename%3D27e3e749-a32a-47ad-808f-5c22f831c3bb.flac&x-id=GetObject,0.439781845,34113
ConAam-2022-06-11_15-30.WAV,2022 Conaway North A,2022,6,11,15,30,Agelaius tricolor,Simple Call 2,21.73866653,22.13333321,375,21656,24000,present,https://rfcx-streams-production.s3.eu-west-1.amazonaws.com/2022/06/11/82sjidqz9yro/237d22cc-2284-4d93-9583-5a5a00769b9a.flac?X-Amz-Algorithm=AWS4-HMAC-SHA256&X-Amz-Content-Sha256=UNSIGNED-PAYLOAD&X-Amz-Credential=AKIA45B7YWBX5HAZMGOU%2F20260223%2Feu-west-1%2Fs3%2Faws4_request&X-Amz-Date=20260223T001935Z&X-Amz-Expires=604800&X-Amz-Signature=ddf0b83e47e671655960b1dd113978e2975e82df527748f9c8f0473d2148d438&X-Amz-SignedHeaders=host&response-content-disposition=attachment%3B%20filename%3D237d22cc-2284-4d93-9583-5a5a00769b9a.flac&x-id=GetObject,0.490028381,34113
ConAam-2022-06-11_15-40.WAV,2022 Conaway North A,2022,6,11,15,40,Agelaius tricolor,Simple Call 2,32.97600174,33.3706665,375,21656,24000,present,https://rfcx-streams-production.s3.eu-west-1.amazonaws.com/2022/06/11/82sjidqz9yro/c8448d14-0569-4d91-b5bc-0b4ab975747c.flac?X-Amz-Algorithm=AWS4-HMAC-SHA256&X-Amz-Content-Sha256=UNSIGNED-PAYLOAD&X-Amz-Credential=AKIA45B7YWBX5HAZMGOU%2F20260223%2Feu-west-1%2Fs3%2Faws4_request&X-Amz-Date=20260223T001935Z&X-Amz-Expires=604800&X-Amz-Signature=f8bb00cdfadbc552578d06864862569ca885d9e4d9af9c45519ac8fde5d96897&X-Amz-SignedHeaders=host&response-content-disposition=attachment%3B%20filename%3Dc8448d14-0569-4d91-b5bc-0b4ab975747c.flac&x-id=GetObject,0.433756769,34113
ConAam-2022-06-11_15-50.WAV,2022 Conaway North A,2022,6,11,15,50,Agelaius tricolor,Simple Call 2,46.65599823,47.05066681,375,21656,24000,present,https://rfcx-streams-production.s3.eu-west-1.amazonaws.com/2022/06/11/82sjidqz9yro/0b774216-c417-436d-ab2b-98c67330f1a2.flac?X-Amz-Algorithm=AWS4-HMAC-SHA256&X-Amz-Content-Sha256=UNSIGNED-PAYLOAD&X-Amz-Credential=AKIA45B7YWBX5HAZMGOU%2F20260223%2Feu-west-1%2Fs3%2Faws4_request&X-Amz-Date=20260223T001935Z&X-Amz-Expires=604800&X-Amz-Signature=279a42984e43b424e1ce187272f27c19ddcced1ee8ffd7b73a91014d6c36838a&X-Amz-SignedHeaders=host&response-content-disposition=attachment%3B%20filename%3D0b774216-c417-436d-ab2b-98c67330f1a2.flac&x-id=GetObject,0.522123158,34113
ConAam-2022-06-11_16-00.WAV,2022 Conaway North A,2022,6,11,16,0,Agelaius tricolor,Simple Call 2,25.28000069,25.67466736,375,21656,24000,present,https://rfcx-streams-production.s3.eu-west-1.amazonaws.com/2022/06/11/82sjidqz9yro/f2308fe3-691d-4a2f-87d7-a8a4fdf008dd.flac?X-Amz-Algorithm=AWS4-HMAC-SHA256&X-Amz-Content-Sha256=UNSIGNED-PAYLOAD&X-Amz-Credential=AKIA45B7YWBX5HAZMGOU%2F20260223%2Feu-west-1%2Fs3%2Faws4_request&X-Amz-Date=20260223T001935Z&X-Amz-Expires=604800&X-Amz-Signature=8fb0004c35dadff9e4e9b0a6833b44765f377833fba37091e71a5e9fa8383aa5&X-Amz-SignedHeaders=host&response-content-disposition=attachment%3B%20filename%3Df2308fe3-691d-4a2f-87d7-a8a4fdf008dd.flac&x-id=GetObject,0.497085899,34113
ConAam-2022-06-11_16-10.WAV,2022 Conaway North A,2022,6,11,16,10,Agelaius tricolor,Simple Call 2,54.08000183,54.4746666,375,21656,24000,present,https://rfcx-streams-production.s3.eu-west-1.amazonaws.com/2022/06/11/82sjidqz9yro/559ebf15-9675-458e-9eac-721f53bcc77d.flac?X-Amz-Algorithm=AWS4-HMAC-SHA256&X-Amz-Content-Sha256=UNSIGNED-PAYLOAD&X-Amz-Credential=AKIA45B7YWBX5HAZMGOU%2F20260223%2Feu-west-1%2Fs3%2Faws4_request&X-Amz-Date=20260223T001935Z&X-Amz-Expires=604800&X-Amz-Signature=e6cea429eaaa2e52439ee2ae1b799c7c0abf69d101a49990df02e9694b8c3503&X-Amz-SignedHeaders=host&response-content-disposition=attachment%3B%20filename%3D559ebf15-9675-458e-9eac-721f53bcc77d.flac&x-id=GetObject,0.490364909,34113
ConAam-2022-06-11_16-20.WAV,2022 Conaway North A,2022,6,11,16,20,Agelaius tricolor,Simple Call 2,19.78666687,20.18133354,375,21656,24000,present,https://rfcx-streams-production.s3.eu-west-1.amazonaws.com/2022/06/11/82sjidqz9yro/9dbdc6fd-6415-4a65-8aaa-68000df263a1.flac?X-Amz-Algorithm=AWS4-HMAC-SHA256&X-Amz-Content-Sha256=UNSIGNED-PAYLOAD&X-Amz-Credential=AKIA45B7YWBX5HAZMGOU%2F20260223%2Feu-west-1%2Fs3%2Faws4_request&X-Amz-Date=20260223T001935Z&X-Amz-Expires=604800&X-Amz-Signature=6852e976c272cddfbcc9d1b90116eca493d62648e2bfdb16dd6c741008ba5549&X-Amz-SignedHeaders=host&response-content-disposition=attachment%3B%20filename%3D9dbdc6fd-6415-4a65-8aaa-68000df263a1.flac&x-id=GetObject,0.430414408,34113
ConAam-2022-06-11_16-30.WAV,2022 Conaway North A,2022,6,11,16,30,Agelaius tricolor,Simple Call 2,19.17333412,19.56800079,375,21656,24000,present,https://rfcx-streams-production.s3.eu-west-1.amazonaws.com/2022/06/11/82sjidqz9yro/fd5744d2-93f0-4498-b2ad-4027307d5a21.flac?X-Amz-Algorithm=AWS4-HMAC-SHA256&X-Amz-Content-Sha256=UNSIGNED-PAYLOAD&X-Amz-Credential=AKIA45B7YWBX5HAZMGOU%2F20260223%2Feu-west-1%2Fs3%2Faws4_request&X-Amz-Date=20260223T001935Z&X-Amz-Expires=604800&X-Amz-Signature=7b9f4fa09b5967fd1ce7343860cf0bd9fe85cd5a7b3d999fd75020e340a619f0&X-Amz-SignedHeaders=host&response-content-disposition=attachment%3B%20filename%3Dfd5744d2-93f0-4498-b2ad-4027307d5a21.flac&x-id=GetObject,0.502235115,34113
ConAam-2022-06-11_16-40.WAV,2022 Conaway North A,2022,6,11,16,40,Agelaius tricolor,Simple Call 2,1.541333318,1.93599999,375,21656,24000,present,https://rfcx-streams-production.s3.eu-west-1.amazonaws.com/2022/06/11/82sjidqz9yro/3fbff059-8405-42bf-b6c1-3a8123eb119c.flac?X-Amz-Algorithm=AWS4-HMAC-SHA256&X-Amz-Content-Sha256=UNSIGNED-PAYLOAD&X-Amz-Credential=AKIA45B7YWBX5HAZMGOU%2F20260223%2Feu-west-1%2Fs3%2Faws4_request&X-Amz-Date=20260223T001935Z&X-Amz-Expires=604800&X-Amz-Signature=96f4796778dcada0d5876c02f9178a4c3873148bc88420eb915d0e7771883878&X-Amz-SignedHeaders=host&response-content-disposition=attachment%3B%20filename%3D3fbff059-8405-42bf-b6c1-3a8123eb119c.flac&x-id=GetObject,0.431424648,34113
ConAam-2022-06-11_16-50.WAV,2022 Conaway North A,2022,6,11,16,50,Agelaius tricolor,Simple Call 2,29.38666725,29.78133392,375,21656,24000,present,https://rfcx-streams-production.s3.eu-west-1.amazonaws.com/2022/06/11/82sjidqz9yro/31d4193f-bc64-4278-a399-f1a44af4bc2f.flac?X-Amz-Algorithm=AWS4-HMAC-SHA256&X-Amz-Content-Sha256=UNSIGNED-PAYLOAD&X-Amz-Credential=AKIA45B7YWBX5HAZMGOU%2F20260223%2Feu-west-1%2Fs3%2Faws4_request&X-Amz-Date=20260223T001935Z&X-Amz-Expires=604800&X-Amz-Signature=53ca0f365d307c21f2cccc31628e9f4c618a1974a87045894e92a876bab7798b&X-Amz-SignedHeaders=host&response-content-disposition=attachment%3B%20filename%3D31d4193f-bc64-4278-a399-f1a44af4bc2f.flac&x-id=GetObject,0.417419553,34113
ConAam-2022-06-11_17-10.WAV,2022 Conaway North A,2022,6,11,17,10,Agelaius tricolor,Simple Call 2,42.97600174,43.3706665,375,21656,24000,present,https://rfcx-streams-production.s3.eu-west-1.amazonaws.com/2022/06/12/82sjidqz9yro/87a2ca9a-8e6c-41d0-8bca-3abfb02dc8ff.flac?X-Amz-Algorithm=AWS4-HMAC-SHA256&X-Amz-Content-Sha256=UNSIGNED-PAYLOAD&X-Amz-Credential=AKIA45B7YWBX5HAZMGOU%2F20260223%2Feu-west-1%2Fs3%2Faws4_request&X-Amz-Date=20260223T001935Z&X-Amz-Expires=604800&X-Amz-Signature=9680afb286a936c85eafa9690873dedc8035b52ecd0190a6e9bfc84b87d37f3b&X-Amz-SignedHeaders=host&response-content-disposition=attachment%3B%20filename%3D87a2ca9a-8e6c-41d0-8bca-3abfb02dc8ff.flac&x-id=GetObject,0.473270208,34113
ConAam-2022-06-11_17-20.WAV,2022 Conaway North A,2022,6,11,17,20,Agelaius tricolor,Simple Call 2,25.65866661,26.05333328,375,21656,24000,present,https://rfcx-streams-production.s3.eu-west-1.amazonaws.com/2022/06/12/82sjidqz9yro/b795b8e4-9488-4b10-bc89-df9b9bba26cb.flac?X-Amz-Algorithm=AWS4-HMAC-SHA256&X-Amz-Content-Sha256=UNSIGNED-PAYLOAD&X-Amz-Credential=AKIA45B7YWBX5HAZMGOU%2F20260223%2Feu-west-1%2Fs3%2Faws4_request&X-Amz-Date=20260223T001935Z&X-Amz-Expires=604800&X-Amz-Signature=d59974a34e824fa15d633be0d00d560145c09dbf3db3c16d0a69f4c3cdef34d6&X-Amz-SignedHeaders=host&response-content-disposition=attachment%3B%20filename%3Db795b8e4-9488-4b10-bc89-df9b9bba26cb.flac&x-id=GetObject,0.46704492,34113
ConAam-2022-06-11_17-30.WAV,2022 Conaway North A,2022,6,11,17,30,Agelaius tricolor,Simple Call 2,32.64533234,33.04000092,375,21656,24000,present,https://rfcx-streams-production.s3.eu-west-1.amazonaws.com/2022/06/12/82sjidqz9yro/334715cb-425d-445f-8bb3-15b37bff62b4.flac?X-Amz-Algorithm=AWS4-HMAC-SHA256&X-Amz-Content-Sha256=UNSIGNED-PAYLOAD&X-Amz-Credential=AKIA45B7YWBX5HAZMGOU%2F20260223%2Feu-west-1%2Fs3%2Faws4_request&X-Amz-Date=20260223T001935Z&X-Amz-Expires=604800&X-Amz-Signature=6798c631ddcfe9912b3080e602c9bf053f4996bdcc64dbbb64af0c1938bcfb73&X-Amz-SignedHeaders=host&response-content-disposition=attachment%3B%20filename%3D334715cb-425d-445f-8bb3-15b37bff62b4.flac&x-id=GetObject,0.442312688,34113
ConAam-2022-06-11_17-40.WAV,2022 Conaway North A,2022,6,11,17,40,Agelaius tricolor,Simple Call 2,38.58666611,38.98133469,375,21656,24000,present,https://rfcx-streams-production.s3.eu-west-1.amazonaws.com/2022/06/12/82sjidqz9yro/b91a4cc2-ee9d-4de7-b45c-451cd67c4cda.flac?X-Amz-Algorithm=AWS4-HMAC-SHA256&X-Amz-Content-Sha256=UNSIGNED-PAYLOAD&X-Amz-Credential=AKIA45B7YWBX5HAZMGOU%2F20260223%2Feu-west-1%2Fs3%2Faws4_request&X-Amz-Date=20260223T001935Z&X-Amz-Expires=604800&X-Amz-Signature=e872cb84dc602a30bfc726cc4f46b6cedcc50a944b3dcd074fe385c6bffce5f9&X-Amz-SignedHeaders=host&response-content-disposition=attachment%3B%20filename%3Db91a4cc2-ee9d-4de7-b45c-451cd67c4cda.flac&x-id=GetObject,0.453410804,34113
ConAam-2022-06-11_17-50.WAV,2022 Conaway North A,2022,6,11,17,50,Agelaius tricolor,Simple Call 2,1.690666676,2.085333347,375,21656,24000,present,https://rfcx-streams-production.s3.eu-west-1.amazonaws.com/2022/06/12/82sjidqz9yro/9813ea97-cdcf-4a07-86fd-bdda9bc5722c.flac?X-Amz-Algorithm=AWS4-HMAC-SHA256&X-Amz-Content-Sha256=UNSIGNED-PAYLOAD&X-Amz-Credential=AKIA45B7YWBX5HAZMGOU%2F20260223%2Feu-west-1%2Fs3%2Faws4_request&X-Amz-Date=20260223T001935Z&X-Amz-Expires=604800&X-Amz-Signature=d5f4ffebfd6bb873b50de9b9a41ab60332aa6be29d1ef89d9a1f61a9536b4268&X-Amz-SignedHeaders=host&response-content-disposition=attachment%3B%20filename%3D9813ea97-cdcf-4a07-86fd-bdda9bc5722c.flac&x-id=GetObject,0.411175162,34113
ConAam-2022-06-11_18-00.WAV,2022 Conaway North A,2022,6,11,18,0,Agelaius tricolor,Simple Call 2,42.09066772,42.48533249,375,21656,24000,present,https://rfcx-streams-production.s3.eu-west-1.amazonaws.com/2022/06/12/82sjidqz9yro/e5de6e5f-2587-478d-9489-ef3ae68a6cef.flac?X-Amz-Algorithm=AWS4-HMAC-SHA256&X-Amz-Content-Sha256=UNSIGNED-PAYLOAD&X-Amz-Credential=AKIA45B7YWBX5HAZMGOU%2F20260223%2Feu-west-1%2Fs3%2Faws4_request&X-Amz-Date=20260223T001935Z&X-Amz-Expires=604800&X-Amz-Signature=61c48570ba0e2bc78eeb6371e6290323e0f463c5fb7de6925851568aee90f804&X-Amz-SignedHeaders=host&response-content-disposition=attachment%3B%20filename%3De5de6e5f-2587-478d-9489-ef3ae68a6cef.flac&x-id=GetObject,0.539796114,34113
ConAam-2022-06-11_18-10.WAV,2022 Conaway North A,2022,6,11,18,10,Agelaius tricolor,Simple Call 2,3.727999926,4.122666836,375,21656,24000,present,https://rfcx-streams-production.s3.eu-west-1.amazonaws.com/2022/06/12/82sjidqz9yro/83a5fef9-2ab1-4b78-95cd-30ed1d02fdef.flac?X-Amz-Algorithm=AWS4-HMAC-SHA256&X-Amz-Content-Sha256=UNSIGNED-PAYLOAD&X-Amz-Credential=AKIA45B7YWBX5HAZMGOU%2F20260223%2Feu-west-1%2Fs3%2Faws4_request&X-Amz-Date=20260223T001935Z&X-Amz-Expires=604800&X-Amz-Signature=8046224ba12171181c2bef37104d4b090b593c424cd191bfc2304a200b777f44&X-Amz-SignedHeaders=host&response-content-disposition=attachment%3B%20filename%3D83a5fef9-2ab1-4b78-95cd-30ed1d02fdef.flac&x-id=GetObject,0.417082161,34113
ConAam-2022-06-11_18-20.WAV,2022 Conaway North A,2022,6,11,18,20,Agelaius tricolor,Simple Call 2,1.503999949,1.89866662,375,21656,24000,present,https://rfcx-streams-production.s3.eu-west-1.amazonaws.com/2022/06/12/82sjidqz9yro/32dd682c-5b38-4572-a821-74653cec14dc.flac?X-Amz-Algorithm=AWS4-HMAC-SHA256&X-Amz-Content-Sha256=UNSIGNED-PAYLOAD&X-Amz-Credential=AKIA45B7YWBX5HAZMGOU%2F20260223%2Feu-west-1%2Fs3%2Faws4_request&X-Amz-Date=20260223T001935Z&X-Amz-Expires=604800&X-Amz-Signature=87aaa14b8d4ecc8fe025615306a43bd3fc9da03e350cfd38a0537e9d77b0f651&X-Amz-SignedHeaders=host&response-content-disposition=attachment%3B%20filename%3D32dd682c-5b38-4572-a821-74653cec14dc.flac&x-id=GetObject,0.49195385,34113
ConAam-2022-06-11_18-40.WAV,2022 Conaway North A,2022,6,11,18,40,Agelaius tricolor,Simple Call 2,34.56533432,34.95999908,375,21656,24000,present,https://rfcx-streams-production.s3.eu-west-1.amazonaws.com/2022/06/12/82sjidqz9yro/889e73a4-afcc-4819-94fd-14835246abd5.flac?X-Amz-Algorithm=AWS4-HMAC-SHA256&X-Amz-Content-Sha256=UNSIGNED-PAYLOAD&X-Amz-Credential=AKIA45B7YWBX5HAZMGOU%2F20260223%2Feu-west-1%2Fs3%2Faws4_request&X-Amz-Date=20260223T001935Z&X-Amz-Expires=604800&X-Amz-Signature=69fb3f0628ca5c0e6e30f0d6561ef911b8f990e78231585b494bda1b33decda7&X-Amz-SignedHeaders=host&response-content-disposition=attachment%3B%20filename%3D889e73a4-afcc-4819-94fd-14835246abd5.flac&x-id=GetObject,0.529591858,34113
ConAam-2022-06-11_18-50.WAV,2022 Conaway North A,2022,6,11,18,50,Agelaius tricolor,Simple Call 2,27.84000015,28.23466682,375,21656,24000,present,https://rfcx-streams-production.s3.eu-west-1.amazonaws.com/2022/06/12/82sjidqz9yro/508f5892-c405-4202-a1a7-08d3eb41bc7d.flac?X-Amz-Algorithm=AWS4-HMAC-SHA256&X-Amz-Content-Sha256=UNSIGNED-PAYLOAD&X-Amz-Credential=AKIA45B7YWBX5HAZMGOU%2F20260223%2Feu-west-1%2Fs3%2Faws4_request&X-Amz-Date=20260223T001935Z&X-Amz-Expires=604800&X-Amz-Signature=c1782442ffcd094bb8b4b4a6710d488a641406c752d8ad0e361962ba6407e038&X-Amz-SignedHeaders=host&response-content-disposition=attachment%3B%20filename%3D508f5892-c405-4202-a1a7-08d3eb41bc7d.flac&x-id=GetObject,0.453922033,34113
ConAam-2022-06-11_19-10.WAV,2022 Conaway North A,2022,6,11,19,10,Agelaius tricolor,Simple Call 2,47.78133392,48.17599869,375,21656,24000,present,https://rfcx-streams-production.s3.eu-west-1.amazonaws.com/2022/06/12/82sjidqz9yro/0535ea10-dd46-4a13-841a-6ded92e7e689.flac?X-Amz-Algorithm=AWS4-HMAC-SHA256&X-Amz-Content-Sha256=UNSIGNED-PAYLOAD&X-Amz-Credential=AKIA45B7YWBX5HAZMGOU%2F20260223%2Feu-west-1%2Fs3%2Faws4_request&X-Amz-Date=20260223T001935Z&X-Amz-Expires=604800&X-Amz-Signature=43de471bca3a0bd10bab6c58c3100f77e8d351c0e8ed5ca653b13a2a64f5c042&X-Amz-SignedHeaders=host&response-content-disposition=attachment%3B%20filename%3D0535ea10-dd46-4a13-841a-6ded92e7e689.flac&x-id=GetObject,0.416822731,34113
ConAam-2022-06-11_19-50.WAV,2022 Conaway North A,2022,6,11,19,50,Agelaius tricolor,Simple Call 2,42.70933151,43.10400009,375,21656,24000,present,https://rfcx-streams-production.s3.eu-west-1.amazonaws.com/2022/06/12/82sjidqz9yro/40c21fcb-f06b-4be6-aed8-bbd543139c50.flac?X-Amz-Algorithm=AWS4-HMAC-SHA256&X-Amz-Content-Sha256=UNSIGNED-PAYLOAD&X-Amz-Credential=AKIA45B7YWBX5HAZMGOU%2F20260223%2Feu-west-1%2Fs3%2Faws4_request&X-Amz-Date=20260223T001935Z&X-Amz-Expires=604800&X-Amz-Signature=e48892eddb9f42bbfaad55bf0afeeb9ee62fee26dc44c46339251ebd7ff6513d&X-Amz-SignedHeaders=host&response-content-disposition=attachment%3B%20filename%3D40c21fcb-f06b-4be6-aed8-bbd543139c50.flac&x-id=GetObject,0.529754281,34113
ConAam-2022-06-11_20-00.WAV,2022 Conaway North A,2022,6,11,20,0,Agelaius tricolor,Simple Call 2,22.68799973,23.0826664,375,21656,24000,present,https://rfcx-streams-production.s3.eu-west-1.amazonaws.com/2022/06/12/82sjidqz9yro/8f8c2ab7-0d73-4048-b581-4c78c4b244d1.flac?X-Amz-Algorithm=AWS4-HMAC-SHA256&X-Amz-Content-Sha256=UNSIGNED-PAYLOAD&X-Amz-Credential=AKIA45B7YWBX5HAZMGOU%2F20260223%2Feu-west-1%2Fs3%2Faws4_request&X-Amz-Date=20260223T001935Z&X-Amz-Expires=604800&X-Amz-Signature=743b7a0ec938294eaafb8e281a5e3225a41f4bd40be0d194e28e8db622a07cb7&X-Amz-SignedHeaders=host&response-content-disposition=attachment%3B%20filename%3D8f8c2ab7-0d73-4048-b581-4c78c4b244d1.flac&x-id=GetObject,0.528409302,34113
ConAam-2022-06-11_20-20.WAV,2022 Conaway North A,2022,6,11,20,20,Agelaius tricolor,Simple Call 2,11.78666687,12.18133354,375,21656,24000,present,https://rfcx-streams-production.s3.eu-west-1.amazonaws.com/2022/06/12/82sjidqz9yro/0ce38924-ad5e-449d-b94b-4bb0f9ce7d81.flac?X-Amz-Algorithm=AWS4-HMAC-SHA256&X-Amz-Content-Sha256=UNSIGNED-PAYLOAD&X-Amz-Credential=AKIA45B7YWBX5HAZMGOU%2F20260223%2Feu-west-1%2Fs3%2Faws4_request&X-Amz-Date=20260223T001935Z&X-Amz-Expires=604800&X-Amz-Signature=546621405219751000da0a93ec7c1fc789471cfdffa7ef5b5bfae1dfd2d294a7&X-Amz-SignedHeaders=host&response-content-disposition=attachment%3B%20filename%3D0ce38924-ad5e-449d-b94b-4bb0f9ce7d81.flac&x-id=GetObject,0.410868585,34113
ConAam-2022-06-12_05-40.WAV,2022 Conaway North A,2022,6,12,5,40,Agelaius tricolor,Simple Call 2,37.30666733,37.70133209,375,21656,24000,present,https://rfcx-streams-production.s3.eu-west-1.amazonaws.com/2022/06/12/82sjidqz9yro/7ffdcbe6-0586-4b29-a3e8-bb18ae111e4d.flac?X-Amz-Algorithm=AWS4-HMAC-SHA256&X-Amz-Content-Sha256=UNSIGNED-PAYLOAD&X-Amz-Credential=AKIA45B7YWBX5HAZMGOU%2F20260223%2Feu-west-1%2Fs3%2Faws4_request&X-Amz-Date=20260223T001935Z&X-Amz-Expires=604800&X-Amz-Signature=39b1441f5a7a4c5d7d118650da7a1ea17abc7d33092f24fa7628f63ecc99568e&X-Amz-SignedHeaders=host&response-content-disposition=attachment%3B%20filename%3D7ffdcbe6-0586-4b29-a3e8-bb18ae111e4d.flac&x-id=GetObject,0.474155754,34113
ConAam-2022-06-12_05-50.WAV,2022 Conaway North A,2022,6,12,5,50,Agelaius tricolor,Simple Call 2,49.85066605,50.24533463,375,21656,24000,present,https://rfcx-streams-production.s3.eu-west-1.amazonaws.com/2022/06/12/82sjidqz9yro/e4721bf4-7fc4-45e6-8d4d-fcd517d2508b.flac?X-Amz-Algorithm=AWS4-HMAC-SHA256&X-Amz-Content-Sha256=UNSIGNED-PAYLOAD&X-Amz-Credential=AKIA45B7YWBX5HAZMGOU%2F20260223%2Feu-west-1%2Fs3%2Faws4_request&X-Amz-Date=20260223T001935Z&X-Amz-Expires=604800&X-Amz-Signature=cbb262d6a8e8062af2af3c4c33d87ee1ea7d4d8ace25b4f85fb09360f805fc8c&X-Amz-SignedHeaders=host&response-content-disposition=attachment%3B%20filename%3De4721bf4-7fc4-45e6-8d4d-fcd517d2508b.flac&x-id=GetObject,0.448740691,34113
ConAam-2022-06-12_06-00.WAV,2022 Conaway North A,2022,6,12,6,0,Agelaius tricolor,Simple Call 2,51.84000015,52.23466492,375,21656,24000,present,https://rfcx-streams-production.s3.eu-west-1.amazonaws.com/2022/06/12/82sjidqz9yro/e0dd5fc7-baa4-4932-a7f4-f2859a359769.flac?X-Amz-Algorithm=AWS4-HMAC-SHA256&X-Amz-Content-Sha256=UNSIGNED-PAYLOAD&X-Amz-Credential=AKIA45B7YWBX5HAZMGOU%2F20260223%2Feu-west-1%2Fs3%2Faws4_request&X-Amz-Date=20260223T001939Z&X-Amz-Expires=604800&X-Amz-Signature=df653362522e514ae90cd6a33f86b8ff6dd58961cb682e7c907c3e97191bb854&X-Amz-SignedHeaders=host&response-content-disposition=attachment%3B%20filename%3De0dd5fc7-baa4-4932-a7f4-f2859a359769.flac&x-id=GetObject,0.490882397,34113
ConAam-2022-06-12_06-10.WAV,2022 Conaway North A,2022,6,12,6,10,Agelaius tricolor,Simple Call 2,50.34133148,50.73600006,375,21656,24000,present,https://rfcx-streams-production.s3.eu-west-1.amazonaws.com/2022/06/12/82sjidqz9yro/1e3ac11a-8b63-44a1-93e6-8b5b487be16d.flac?X-Amz-Algorithm=AWS4-HMAC-SHA256&X-Amz-Content-Sha256=UNSIGNED-PAYLOAD&X-Amz-Credential=AKIA45B7YWBX5HAZMGOU%2F20260223%2Feu-west-1%2Fs3%2Faws4_request&X-Amz-Date=20260223T001939Z&X-Amz-Expires=604800&X-Amz-Signature=901f6af9cabfea00d8d990f200b4708f28284eda7f580a993211163ca4502260&X-Amz-SignedHeaders=host&response-content-disposition=attachment%3B%20filename%3D1e3ac11a-8b63-44a1-93e6-8b5b487be16d.flac&x-id=GetObject,0.511140764,34113
ConAam-2022-06-12_06-20.WAV,2022 Conaway North A,2022,6,12,6,20,Agelaius tricolor,Simple Call 2,17.50933266,17.90399933,375,21656,24000,present,https://rfcx-streams-production.s3.eu-west-1.amazonaws.com/2022/06/12/82sjidqz9yro/33fdeb07-b8c7-43e0-adab-5c3703c84a74.flac?X-Amz-Algorithm=AWS4-HMAC-SHA256&X-Amz-Content-Sha256=UNSIGNED-PAYLOAD&X-Amz-Credential=AKIA45B7YWBX5HAZMGOU%2F20260223%2Feu-west-1%2Fs3%2Faws4_request&X-Amz-Date=20260223T001935Z&X-Amz-Expires=604800&X-Amz-Signature=8b87f04401868bb988dcc703ac61e9bbc8a27acf0e4bfc89893305c8e700b51e&X-Amz-SignedHeaders=host&response-content-disposition=attachment%3B%20filename%3D33fdeb07-b8c7-43e0-adab-5c3703c84a74.flac&x-id=GetObject,0.506964028,34113
ConAam-2022-06-12_06-30.WAV,2022 Conaway North A,2022,6,12,6,30,Agelaius tricolor,Simple Call 2,4.906666756,5.301333427,375,21656,24000,present,https://rfcx-streams-production.s3.eu-west-1.amazonaws.com/2022/06/12/82sjidqz9yro/3419a280-6bc8-42b0-b297-0b32f1a069c4.flac?X-Amz-Algorithm=AWS4-HMAC-SHA256&X-Amz-Content-Sha256=UNSIGNED-PAYLOAD&X-Amz-Credential=AKIA45B7YWBX5HAZMGOU%2F20260223%2Feu-west-1%2Fs3%2Faws4_request&X-Amz-Date=20260223T001935Z&X-Amz-Expires=604800&X-Amz-Signature=73c14b29bfaae48165bae7ac45a781061468e77fc1093a5bdd1d065b253057ac&X-Amz-SignedHeaders=host&response-content-disposition=attachment%3B%20filename%3D3419a280-6bc8-42b0-b297-0b32f1a069c4.flac&x-id=GetObject,0.492559731,34113
ConAam-2022-06-12_06-40.WAV,2022 Conaway North A,2022,6,12,6,40,Agelaius tricolor,Simple Call 2,37.80799866,38.20266724,375,21656,24000,present,https://rfcx-streams-production.s3.eu-west-1.amazonaws.com/2022/06/12/82sjidqz9yro/a2c61a2a-e8e3-4dfb-bbf9-0447d328b723.flac?X-Amz-Algorithm=AWS4-HMAC-SHA256&X-Amz-Content-Sha256=UNSIGNED-PAYLOAD&X-Amz-Credential=AKIA45B7YWBX5HAZMGOU%2F20260223%2Feu-west-1%2Fs3%2Faws4_request&X-Amz-Date=20260223T001935Z&X-Amz-Expires=604800&X-Amz-Signature=a82b854c13b1fbbe701ca0e965c9fbfcb5ca78916e085ce032b565f3dda0bfb1&X-Amz-SignedHeaders=host&response-content-disposition=attachment%3B%20filename%3Da2c61a2a-e8e3-4dfb-bbf9-0447d328b723.flac&x-id=GetObject,0.460917413,34113
ConAam-2022-06-12_06-50.WAV,2022 Conaway North A,2022,6,12,6,50,Agelaius tricolor,Simple Call 2,49.86133194,50.25600052,375,21656,24000,present,https://rfcx-streams-production.s3.eu-west-1.amazonaws.com/2022/06/12/82sjidqz9yro/2ee4eef4-8dbf-4b76-92d1-78a635d1e67e.flac?X-Amz-Algorithm=AWS4-HMAC-SHA256&X-Amz-Content-Sha256=UNSIGNED-PAYLOAD&X-Amz-Credential=AKIA45B7YWBX5HAZMGOU%2F20260223%2Feu-west-1%2Fs3%2Faws4_request&X-Amz-Date=20260223T001935Z&X-Amz-Expires=604800&X-Amz-Signature=0204b64957394b184391ff014bd46817137e792fad09d709a6ea0b2b73a4512e&X-Amz-SignedHeaders=host&response-content-disposition=attachment%3B%20filename%3D2ee4eef4-8dbf-4b76-92d1-78a635d1e67e.flac&x-id=GetObject,0.469237208,34113
ConAam-2022-06-12_07-10.WAV,2022 Conaway North A,2022,6,12,7,10,Agelaius tricolor,Simple Call 2,56.10133362,56.49599838,375,21656,24000,present,https://rfcx-streams-production.s3.eu-west-1.amazonaws.com/2022/06/12/82sjidqz9yro/a14be868-79c6-4d8a-80ca-abbe06b63347.flac?X-Amz-Algorithm=AWS4-HMAC-SHA256&X-Amz-Content-Sha256=UNSIGNED-PAYLOAD&X-Amz-Credential=AKIA45B7YWBX5HAZMGOU%2F20260223%2Feu-west-1%2Fs3%2Faws4_request&X-Amz-Date=20260223T001935Z&X-Amz-Expires=604800&X-Amz-Signature=3ca5fd12a29ff0f778d98e181e6268d6c43cec0d7a8f419c7b1f7af5082a9765&X-Amz-SignedHeaders=host&response-content-disposition=attachment%3B%20filename%3Da14be868-79c6-4d8a-80ca-abbe06b63347.flac&x-id=GetObject,0.451091439,34113
ConAam-2022-06-12_07-20.WAV,2022 Conaway North A,2022,6,12,7,20,Agelaius tricolor,Simple Call 2,45.50400162,45.89866638,375,21656,24000,present,https://rfcx-streams-production.s3.eu-west-1.amazonaws.com/2022/06/12/82sjidqz9yro/36aff329-9277-48ec-be29-c0b318ac53c0.flac?X-Amz-Algorithm=AWS4-HMAC-SHA256&X-Amz-Content-Sha256=UNSIGNED-PAYLOAD&X-Amz-Credential=AKIA45B7YWBX5HAZMGOU%2F20260223%2Feu-west-1%2Fs3%2Faws4_request&X-Amz-Date=20260223T001935Z&X-Amz-Expires=604800&X-Amz-Signature=05e9dbc7a6407838356c64a038a674845fe0812d83ae1cbd2cff61eb7c84e268&X-Amz-SignedHeaders=host&response-content-disposition=attachment%3B%20filename%3D36aff329-9277-48ec-be29-c0b318ac53c0.flac&x-id=GetObject,0.465993494,34113
ConAam-2022-06-12_07-30.WAV,2022 Conaway North A,2022,6,12,7,30,Agelaius tricolor,Simple Call 2,53.86666489,54.26133347,375,21656,24000,present,https://rfcx-streams-production.s3.eu-west-1.amazonaws.com/2022/06/12/82sjidqz9yro/b9b96a3d-9e89-4a09-83e0-8c99d9372bd6.flac?X-Amz-Algorithm=AWS4-HMAC-SHA256&X-Amz-Content-Sha256=UNSIGNED-PAYLOAD&X-Amz-Credential=AKIA45B7YWBX5HAZMGOU%2F20260223%2Feu-west-1%2Fs3%2Faws4_request&X-Amz-Date=20260223T001935Z&X-Amz-Expires=604800&X-Amz-Signature=8538d54ba71d3b47c50b86c628c8b5d9809e9b6a250aa48dc4ffcc83ff8cfcd0&X-Amz-SignedHeaders=host&response-content-disposition=attachment%3B%20filename%3Db9b96a3d-9e89-4a09-83e0-8c99d9372bd6.flac&x-id=GetObject,0.472109526,34113
ConAam-2022-06-12_07-40.WAV,2022 Conaway North A,2022,6,12,7,40,Agelaius tricolor,Simple Call 2,51.42399979,51.81866837,375,21656,24000,present,https://rfcx-streams-production.s3.eu-west-1.amazonaws.com/2022/06/12/82sjidqz9yro/6be55ecc-edf3-4092-a312-8a3e60ed4a85.flac?X-Amz-Algorithm=AWS4-HMAC-SHA256&X-Amz-Content-Sha256=UNSIGNED-PAYLOAD&X-Amz-Credential=AKIA45B7YWBX5HAZMGOU%2F20260223%2Feu-west-1%2Fs3%2Faws4_request&X-Amz-Date=20260223T001935Z&X-Amz-Expires=604800&X-Amz-Signature=efb9a6b83b5480ef8eb0f13820dac93da212785a67534b59a392cb72c7078d01&X-Amz-SignedHeaders=host&response-content-disposition=attachment%3B%20filename%3D6be55ecc-edf3-4092-a312-8a3e60ed4a85.flac&x-id=GetObject,0.563452005,34113
ConAam-2022-06-12_07-50.WAV,2022 Conaway North A,2022,6,12,7,50,Agelaius tricolor,Simple Call 2,47.16799927,47.56266785,375,21656,24000,present,https://rfcx-streams-production.s3.eu-west-1.amazonaws.com/2022/06/12/82sjidqz9yro/16fcf94e-8147-46c9-9450-eea5681169cb.flac?X-Amz-Algorithm=AWS4-HMAC-SHA256&X-Amz-Content-Sha256=UNSIGNED-PAYLOAD&X-Amz-Credential=AKIA45B7YWBX5HAZMGOU%2F20260223%2Feu-west-1%2Fs3%2Faws4_request&X-Amz-Date=20260223T001935Z&X-Amz-Expires=604800&X-Amz-Signature=308ea44058283af13b4532b35b6b55e0a1857703a1133f37dcc9bd18c7d191d7&X-Amz-SignedHeaders=host&response-content-disposition=attachment%3B%20filename%3D16fcf94e-8147-46c9-9450-eea5681169cb.flac&x-id=GetObject,0.507073641,34113
ConAam-2022-06-12_08-00.WAV,2022 Conaway North A,2022,6,12,8,0,Agelaius tricolor,Simple Call 2,54.41600037,54.81066513,375,21656,24000,present,https://rfcx-streams-production.s3.eu-west-1.amazonaws.com/2022/06/12/82sjidqz9yro/af3d3009-b85b-4cb6-abae-a3947f05bb0f.flac?X-Amz-Algorithm=AWS4-HMAC-SHA256&X-Amz-Content-Sha256=UNSIGNED-PAYLOAD&X-Amz-Credential=AKIA45B7YWBX5HAZMGOU%2F20260223%2Feu-west-1%2Fs3%2Faws4_request&X-Amz-Date=20260223T001935Z&X-Amz-Expires=604800&X-Amz-Signature=d145e176344ae560a5cc1809d123c8620f3708eac7d94c5a91bd474d135292fc&X-Amz-SignedHeaders=host&response-content-disposition=attachment%3B%20filename%3Daf3d3009-b85b-4cb6-abae-a3947f05bb0f.flac&x-id=GetObject,0.524702132,34113
ConAam-2022-06-12_08-10.WAV,2022 Conaway North A,2022,6,12,8,10,Agelaius tricolor,Simple Call 2,10.20266628,10.59733295,375,21656,24000,present,https://rfcx-streams-production.s3.eu-west-1.amazonaws.com/2022/06/12/82sjidqz9yro/e8bafe8f-f3b2-4d28-9f6b-eda845a6a655.flac?X-Amz-Algorithm=AWS4-HMAC-SHA256&X-Amz-Content-Sha256=UNSIGNED-PAYLOAD&X-Amz-Credential=AKIA45B7YWBX5HAZMGOU%2F20260223%2Feu-west-1%2Fs3%2Faws4_request&X-Amz-Date=20260223T001935Z&X-Amz-Expires=604800&X-Amz-Signature=1adafd9330c1761ca3e439a76dd16c150b3d9eff61eb35d78ad19f45197b2e7f&X-Amz-SignedHeaders=host&response-content-disposition=attachment%3B%20filename%3De8bafe8f-f3b2-4d28-9f6b-eda845a6a655.flac&x-id=GetObject,0.617789268,34113
ConAam-2022-06-12_08-20.WAV,2022 Conaway North A,2022,6,12,8,20,Agelaius tricolor,Simple Call 2,35.77066803,36.16533279,375,21656,24000,present,https://rfcx-streams-production.s3.eu-west-1.amazonaws.com/2022/06/12/82sjidqz9yro/f3bc3d64-ed75-4d73-9319-30b0446cd8a7.flac?X-Amz-Algorithm=AWS4-HMAC-SHA256&X-Amz-Content-Sha256=UNSIGNED-PAYLOAD&X-Amz-Credential=AKIA45B7YWBX5HAZMGOU%2F20260223%2Feu-west-1%2Fs3%2Faws4_request&X-Amz-Date=20260223T001935Z&X-Amz-Expires=604800&X-Amz-Signature=27f1c66e46810de70666480abd912f71e123fe3b4776cfa1c76a99270bb45e39&X-Amz-SignedHeaders=host&response-content-disposition=attachment%3B%20filename%3Df3bc3d64-ed75-4d73-9319-30b0446cd8a7.flac&x-id=GetObject,0.517393231,34113
ConAam-2022-06-12_08-30.WAV,2022 Conaway North A,2022,6,12,8,30,Agelaius tricolor,Simple Call 2,4.880000114,5.274666786,375,21656,24000,present,https://rfcx-streams-production.s3.eu-west-1.amazonaws.com/2022/06/12/82sjidqz9yro/a97d13fd-0faf-470c-a10d-8f1b5133d77c.flac?X-Amz-Algorithm=AWS4-HMAC-SHA256&X-Amz-Content-Sha256=UNSIGNED-PAYLOAD&X-Amz-Credential=AKIA45B7YWBX5HAZMGOU%2F20260223%2Feu-west-1%2Fs3%2Faws4_request&X-Amz-Date=20260223T001935Z&X-Amz-Expires=604800&X-Amz-Signature=a19a73b6751df23eddd10642f89561c00cdcdad312a1ff6e80a03cafbd04db10&X-Amz-SignedHeaders=host&response-content-disposition=attachment%3B%20filename%3Da97d13fd-0faf-470c-a10d-8f1b5133d77c.flac&x-id=GetObject,0.52145797,34113
ConAam-2022-06-12_08-40.WAV,2022 Conaway North A,2022,6,12,8,40,Agelaius tricolor,Simple Call 2,24.52266693,24.9173336,375,21656,24000,present,https://rfcx-streams-production.s3.eu-west-1.amazonaws.com/2022/06/12/82sjidqz9yro/d6b17456-7bbc-4967-af53-9a7c0f8b86ed.flac?X-Amz-Algorithm=AWS4-HMAC-SHA256&X-Amz-Content-Sha256=UNSIGNED-PAYLOAD&X-Amz-Credential=AKIA45B7YWBX5HAZMGOU%2F20260223%2Feu-west-1%2Fs3%2Faws4_request&X-Amz-Date=20260223T001935Z&X-Amz-Expires=604800&X-Amz-Signature=8f264182574f3466004b5707044ed67ad936e25b060276177523786711c9bc2c&X-Amz-SignedHeaders=host&response-content-disposition=attachment%3B%20filename%3Dd6b17456-7bbc-4967-af53-9a7c0f8b86ed.flac&x-id=GetObject,0.485231668,34113
ConAam-2022-06-12_08-50.WAV,2022 Conaway North A,2022,6,12,8,50,Agelaius tricolor,Simple Call 2,4.933333397,5.328000069,375,21656,24000,present,https://rfcx-streams-production.s3.eu-west-1.amazonaws.com/2022/06/12/82sjidqz9yro/860c9aa5-4449-4581-ab60-b8201ff85c5e.flac?X-Amz-Algorithm=AWS4-HMAC-SHA256&X-Amz-Content-Sha256=UNSIGNED-PAYLOAD&X-Amz-Credential=AKIA45B7YWBX5HAZMGOU%2F20260223%2Feu-west-1%2Fs3%2Faws4_request&X-Amz-Date=20260223T001936Z&X-Amz-Expires=604800&X-Amz-Signature=435643471f087a201b83c98d8ecd96ba34f0d96d307f30796ec5a589d782ebf9&X-Amz-SignedHeaders=host&response-content-disposition=attachment%3B%20filename%3D860c9aa5-4449-4581-ab60-b8201ff85c5e.flac&x-id=GetObject,0.525557101,34113
ConAam-2022-06-12_09-00.WAV,2022 Conaway North A,2022,6,12,9,0,Agelaius tricolor,Simple Call 2,47.45600128,47.85066605,375,21656,24000,present,https://rfcx-streams-production.s3.eu-west-1.amazonaws.com/2022/06/12/82sjidqz9yro/a58e818f-8f08-4c7c-8575-68f3f02d6363.flac?X-Amz-Algorithm=AWS4-HMAC-SHA256&X-Amz-Content-Sha256=UNSIGNED-PAYLOAD&X-Amz-Credential=AKIA45B7YWBX5HAZMGOU%2F20260223%2Feu-west-1%2Fs3%2Faws4_request&X-Amz-Date=20260223T001935Z&X-Amz-Expires=604800&X-Amz-Signature=34ca7aad33b2890f7bf45edb3dc6728a4aac1b86619312ed859c5ec854372aed&X-Amz-SignedHeaders=host&response-content-disposition=attachment%3B%20filename%3Da58e818f-8f08-4c7c-8575-68f3f02d6363.flac&x-id=GetObject,0.485857278,34113
ConAam-2022-06-12_09-20.WAV,2022 Conaway North A,2022,6,12,9,20,Agelaius tricolor,Simple Call 2,25.86666679,26.26133347,375,21656,24000,present,https://rfcx-streams-production.s3.eu-west-1.amazonaws.com/2022/06/12/82sjidqz9yro/6f25af5d-65c1-4a98-96ae-83c6e4b88a33.flac?X-Amz-Algorithm=AWS4-HMAC-SHA256&X-Amz-Content-Sha256=UNSIGNED-PAYLOAD&X-Amz-Credential=AKIA45B7YWBX5HAZMGOU%2F20260223%2Feu-west-1%2Fs3%2Faws4_request&X-Amz-Date=20260223T001935Z&X-Amz-Expires=604800&X-Amz-Signature=2997a37db211a639ff05fa3f63d4ef830cf5e6a6621697b88581baf7e805ad4e&X-Amz-SignedHeaders=host&response-content-disposition=attachment%3B%20filename%3D6f25af5d-65c1-4a98-96ae-83c6e4b88a33.flac&x-id=GetObject,0.518126011,34113
ConAam-2022-06-12_09-30.WAV,2022 Conaway North A,2022,6,12,9,30,Agelaius tricolor,Simple Call 2,19.72266579,20.11733246,375,21656,24000,present,https://rfcx-streams-production.s3.eu-west-1.amazonaws.com/2022/06/12/82sjidqz9yro/49989b3c-2d83-4487-825c-6d80dc462f17.flac?X-Amz-Algorithm=AWS4-HMAC-SHA256&X-Amz-Content-Sha256=UNSIGNED-PAYLOAD&X-Amz-Credential=AKIA45B7YWBX5HAZMGOU%2F20260223%2Feu-west-1%2Fs3%2Faws4_request&X-Amz-Date=20260223T001935Z&X-Amz-Expires=604800&X-Amz-Signature=a42cf736f7b689e67d0a99f69d3afd2977ce3d5472fa0052d462bff6e3cd7c44&X-Amz-SignedHeaders=host&response-content-disposition=attachment%3B%20filename%3D49989b3c-2d83-4487-825c-6d80dc462f17.flac&x-id=GetObject,0.448643923,34113
ConAam-2022-06-12_09-40.WAV,2022 Conaway North A,2022,6,12,9,40,Agelaius tricolor,Simple Call 2,30.76799965,31.16266632,375,21656,24000,present,https://rfcx-streams-production.s3.eu-west-1.amazonaws.com/2022/06/12/82sjidqz9yro/475968cf-29f7-4021-ad1d-26ee1cf19f1e.flac?X-Amz-Algorithm=AWS4-HMAC-SHA256&X-Amz-Content-Sha256=UNSIGNED-PAYLOAD&X-Amz-Credential=AKIA45B7YWBX5HAZMGOU%2F20260223%2Feu-west-1%2Fs3%2Faws4_request&X-Amz-Date=20260223T001935Z&X-Amz-Expires=604800&X-Amz-Signature=9ecf77c4b96fcd4f0de9cb38c65b4667bb077f75c4a57dedd296e394345f1321&X-Amz-SignedHeaders=host&response-content-disposition=attachment%3B%20filename%3D475968cf-29f7-4021-ad1d-26ee1cf19f1e.flac&x-id=GetObject,0.519992948,34113
ConAam-2022-06-12_09-50.WAV,2022 Conaway North A,2022,6,12,9,50,Agelaius tricolor,Simple Call 2,57.53066635,57.92533493,375,21656,24000,present,https://rfcx-streams-production.s3.eu-west-1.amazonaws.com/2022/06/12/82sjidqz9yro/bf3a8cae-93eb-4fdf-82d9-07307bcb9008.flac?X-Amz-Algorithm=AWS4-HMAC-SHA256&X-Amz-Content-Sha256=UNSIGNED-PAYLOAD&X-Amz-Credential=AKIA45B7YWBX5HAZMGOU%2F20260223%2Feu-west-1%2Fs3%2Faws4_request&X-Amz-Date=20260223T001935Z&X-Amz-Expires=604800&X-Amz-Signature=b5b31a08bad9a809c771dba2c17d01035b386af82683aae1f2961839fb6922ac&X-Amz-SignedHeaders=host&response-content-disposition=attachment%3B%20filename%3Dbf3a8cae-93eb-4fdf-82d9-07307bcb9008.flac&x-id=GetObject,0.45078662,34113
ConAam-2022-06-12_10-00.WAV,2022 Conaway North A,2022,6,12,10,0,Agelaius tricolor,Simple Call 2,46.22399902,46.6186676,375,21656,24000,present,https://rfcx-streams-production.s3.eu-west-1.amazonaws.com/2022/06/12/82sjidqz9yro/6eb6c4d2-3fe4-4f61-9892-ca4274deafef.flac?X-Amz-Algorithm=AWS4-HMAC-SHA256&X-Amz-Content-Sha256=UNSIGNED-PAYLOAD&X-Amz-Credential=AKIA45B7YWBX5HAZMGOU%2F20260223%2Feu-west-1%2Fs3%2Faws4_request&X-Amz-Date=20260223T001935Z&X-Amz-Expires=604800&X-Amz-Signature=8446324526eb20701dbf72d98e71bbb9ec72745f0195862f83a93b2dc543a1af&X-Amz-SignedHeaders=host&response-content-disposition=attachment%3B%20filename%3D6eb6c4d2-3fe4-4f61-9892-ca4274deafef.flac&x-id=GetObject,0.417084724,34113
ConAam-2022-06-12_10-10.WAV,2022 Conaway North A,2022,6,12,10,10,Agelaius tricolor,Simple Call 2,16.25066757,16.64533424,375,21656,24000,present,https://rfcx-streams-production.s3.eu-west-1.amazonaws.com/2022/06/12/82sjidqz9yro/9143709e-d1c1-472b-b83f-e545f75da65f.flac?X-Amz-Algorithm=AWS4-HMAC-SHA256&X-Amz-Content-Sha256=UNSIGNED-PAYLOAD&X-Amz-Credential=AKIA45B7YWBX5HAZMGOU%2F20260223%2Feu-west-1%2Fs3%2Faws4_request&X-Amz-Date=20260223T001935Z&X-Amz-Expires=604800&X-Amz-Signature=b6b027c59c76f406a7a87c235c98e4cb26c7e2ee198d2cd1d703d8ff454c2a8a&X-Amz-SignedHeaders=host&response-content-disposition=attachment%3B%20filename%3D9143709e-d1c1-472b-b83f-e545f75da65f.flac&x-id=GetObject,0.523188293,34113
ConAam-2022-06-12_10-20.WAV,2022 Conaway North A,2022,6,12,10,20,Agelaius tricolor,Simple Call 2,12.4586668,12.85333347,375,21656,24000,present,https://rfcx-streams-production.s3.eu-west-1.amazonaws.com/2022/06/12/82sjidqz9yro/284bfd4c-6551-443b-83ec-b73eb2fa2686.flac?X-Amz-Algorithm=AWS4-HMAC-SHA256&X-Amz-Content-Sha256=UNSIGNED-PAYLOAD&X-Amz-Credential=AKIA45B7YWBX5HAZMGOU%2F20260223%2Feu-west-1%2Fs3%2Faws4_request&X-Amz-Date=20260223T001935Z&X-Amz-Expires=604800&X-Amz-Signature=be756beaca2849e11220d07d13253538e656e50e438b39fea6f414c1734a0bfb&X-Amz-SignedHeaders=host&response-content-disposition=attachment%3B%20filename%3D284bfd4c-6551-443b-83ec-b73eb2fa2686.flac&x-id=GetObject,0.486890018,34113
ConAam-2022-06-12_10-30.WAV,2022 Conaway North A,2022,6,12,10,30,Agelaius tricolor,Simple Call 2,26.97599983,27.3706665,375,21656,24000,present,https://rfcx-streams-production.s3.eu-west-1.amazonaws.com/2022/06/12/82sjidqz9yro/08563af4-b7e8-49e7-bc9e-dd4acce543ec.flac?X-Amz-Algorithm=AWS4-HMAC-SHA256&X-Amz-Content-Sha256=UNSIGNED-PAYLOAD&X-Amz-Credential=AKIA45B7YWBX5HAZMGOU%2F20260223%2Feu-west-1%2Fs3%2Faws4_request&X-Amz-Date=20260223T001935Z&X-Amz-Expires=604800&X-Amz-Signature=244a073a3fbef6fa65be086995ad426f081c41e7f2eb18a7b541780ecb8dbe39&X-Amz-SignedHeaders=host&response-content-disposition=attachment%3B%20filename%3D08563af4-b7e8-49e7-bc9e-dd4acce543ec.flac&x-id=GetObject,0.506372392,34113
ConAam-2022-06-12_10-40.WAV,2022 Conaway North A,2022,6,12,10,40,Agelaius tricolor,Simple Call 2,40.9173317,41.31200027,375,21656,24000,present,https://rfcx-streams-production.s3.eu-west-1.amazonaws.com/2022/06/12/82sjidqz9yro/8c77adc5-ced4-4671-894d-193dbbef285d.flac?X-Amz-Algorithm=AWS4-HMAC-SHA256&X-Amz-Content-Sha256=UNSIGNED-PAYLOAD&X-Amz-Credential=AKIA45B7YWBX5HAZMGOU%2F20260223%2Feu-west-1%2Fs3%2Faws4_request&X-Amz-Date=20260223T001935Z&X-Amz-Expires=604800&X-Amz-Signature=72d97903afe8181d9178af7d018401364947a0e9afbbbdc17832b1f5fb834b0a&X-Amz-SignedHeaders=host&response-content-disposition=attachment%3B%20filename%3D8c77adc5-ced4-4671-894d-193dbbef285d.flac&x-id=GetObject,0.442109227,34113
ConAam-2022-06-12_10-50.WAV,2022 Conaway North A,2022,6,12,10,50,Agelaius tricolor,Simple Call 2,23.45066643,23.8453331,375,21656,24000,present,https://rfcx-streams-production.s3.eu-west-1.amazonaws.com/2022/06/12/82sjidqz9yro/daa2c50a-967a-4b7b-82fd-646c3b814d03.flac?X-Amz-Algorithm=AWS4-HMAC-SHA256&X-Amz-Content-Sha256=UNSIGNED-PAYLOAD&X-Amz-Credential=AKIA45B7YWBX5HAZMGOU%2F20260223%2Feu-west-1%2Fs3%2Faws4_request&X-Amz-Date=20260223T001935Z&X-Amz-Expires=604800&X-Amz-Signature=b925a54f72b7bcf092ab531d0659da32e511036e4a3cc084f7f99443282eee40&X-Amz-SignedHeaders=host&response-content-disposition=attachment%3B%20filename%3Ddaa2c50a-967a-4b7b-82fd-646c3b814d03.flac&x-id=GetObject,0.502933085,34113
ConAam-2022-06-12_11-20.WAV,2022 Conaway North A,2022,6,12,11,20,Agelaius tricolor,Simple Call 2,46.6186676,47.01333237,375,21656,24000,present,https://rfcx-streams-production.s3.eu-west-1.amazonaws.com/2022/06/12/82sjidqz9yro/138d009f-8fb7-4337-9bd3-01bb1392ee40.flac?X-Amz-Algorithm=AWS4-HMAC-SHA256&X-Amz-Content-Sha256=UNSIGNED-PAYLOAD&X-Amz-Credential=AKIA45B7YWBX5HAZMGOU%2F20260223%2Feu-west-1%2Fs3%2Faws4_request&X-Amz-Date=20260223T001935Z&X-Amz-Expires=604800&X-Amz-Signature=e7dce247e1735d5e03cf38aebdca7c76a6bf336ba5b2a7894cf279d0ff4b3f5a&X-Amz-SignedHeaders=host&response-content-disposition=attachment%3B%20filename%3D138d009f-8fb7-4337-9bd3-01bb1392ee40.flac&x-id=GetObject,0.476499885,34113
ConAam-2022-06-12_11-30.WAV,2022 Conaway North A,2022,6,12,11,30,Agelaius tricolor,Simple Call 2,16.99733353,17.3920002,375,21656,24000,present,https://rfcx-streams-production.s3.eu-west-1.amazonaws.com/2022/06/12/82sjidqz9yro/27231e74-e8f5-45cd-8345-c9e38f529e47.flac?X-Amz-Algorithm=AWS4-HMAC-SHA256&X-Amz-Content-Sha256=UNSIGNED-PAYLOAD&X-Amz-Credential=AKIA45B7YWBX5HAZMGOU%2F20260223%2Feu-west-1%2Fs3%2Faws4_request&X-Amz-Date=20260223T001935Z&X-Amz-Expires=604800&X-Amz-Signature=44c005efbbda300ce31170e2871371931ae19fff8e1cb761e0b81db112b8ef25&X-Amz-SignedHeaders=host&response-content-disposition=attachment%3B%20filename%3D27231e74-e8f5-45cd-8345-c9e38f529e47.flac&x-id=GetObject,0.553070664,34113
ConAam-2022-06-12_11-40.WAV,2022 Conaway North A,2022,6,12,11,40,Agelaius tricolor,Simple Call 2,10.19200039,10.58666706,375,21656,24000,present,https://rfcx-streams-production.s3.eu-west-1.amazonaws.com/2022/06/12/82sjidqz9yro/13790650-490d-4ad8-b3ea-b8106962bf01.flac?X-Amz-Algorithm=AWS4-HMAC-SHA256&X-Amz-Content-Sha256=UNSIGNED-PAYLOAD&X-Amz-Credential=AKIA45B7YWBX5HAZMGOU%2F20260223%2Feu-west-1%2Fs3%2Faws4_request&X-Amz-Date=20260223T001935Z&X-Amz-Expires=604800&X-Amz-Signature=05bcdb57e90306bcac2e32ee3b8fc38a84e7ac39b7684bb80167e7922ec73a81&X-Amz-SignedHeaders=host&response-content-disposition=attachment%3B%20filename%3D13790650-490d-4ad8-b3ea-b8106962bf01.flac&x-id=GetObject,0.47013706,34113
ConAam-2022-06-12_11-50.WAV,2022 Conaway North A,2022,6,12,11,50,Agelaius tricolor,Simple Call 2,16.10666656,16.50133324,375,21656,24000,present,https://rfcx-streams-production.s3.eu-west-1.amazonaws.com/2022/06/12/82sjidqz9yro/02f85dc7-8b41-4208-b903-a0e06aea578a.flac?X-Amz-Algorithm=AWS4-HMAC-SHA256&X-Amz-Content-Sha256=UNSIGNED-PAYLOAD&X-Amz-Credential=AKIA45B7YWBX5HAZMGOU%2F20260223%2Feu-west-1%2Fs3%2Faws4_request&X-Amz-Date=20260223T001935Z&X-Amz-Expires=604800&X-Amz-Signature=c881ee594013e63fdb992af4bc7e049a80c713605ed19eef963fdf54fe3de584&X-Amz-SignedHeaders=host&response-content-disposition=attachment%3B%20filename%3D02f85dc7-8b41-4208-b903-a0e06aea578a.flac&x-id=GetObject,0.51879096,34113
ConAam-2022-06-12_12-00.WAV,2022 Conaway North A,2022,6,12,12,0,Agelaius tricolor,Simple Call 2,50.25066757,50.64533234,375,21656,24000,present,https://rfcx-streams-production.s3.eu-west-1.amazonaws.com/2022/06/12/82sjidqz9yro/59c295bb-3bc2-4f17-b8c1-ac83e38cd5ab.flac?X-Amz-Algorithm=AWS4-HMAC-SHA256&X-Amz-Content-Sha256=UNSIGNED-PAYLOAD&X-Amz-Credential=AKIA45B7YWBX5HAZMGOU%2F20260223%2Feu-west-1%2Fs3%2Faws4_request&X-Amz-Date=20260223T001935Z&X-Amz-Expires=604800&X-Amz-Signature=0a6c6658ed20bb42c1ca990177b8160411a325ce54473f0f3b7988b76162e9e0&X-Amz-SignedHeaders=host&response-content-disposition=attachment%3B%20filename%3D59c295bb-3bc2-4f17-b8c1-ac83e38cd5ab.flac&x-id=GetObject,0.51647228,34113
ConAam-2022-06-12_12-10.WAV,2022 Conaway North A,2022,6,12,12,10,Agelaius tricolor,Simple Call 2,25.79733276,26.19199944,375,21656,24000,present,https://rfcx-streams-production.s3.eu-west-1.amazonaws.com/2022/06/12/82sjidqz9yro/7516cde9-c17c-4bab-bd0e-010b8b18dc9b.flac?X-Amz-Algorithm=AWS4-HMAC-SHA256&X-Amz-Content-Sha256=UNSIGNED-PAYLOAD&X-Amz-Credential=AKIA45B7YWBX5HAZMGOU%2F20260223%2Feu-west-1%2Fs3%2Faws4_request&X-Amz-Date=20260223T001935Z&X-Amz-Expires=604800&X-Amz-Signature=4da32265f55cef3be9381048bd703decf1acea8a70f1563b8f2191e6c56ebcb8&X-Amz-SignedHeaders=host&response-content-disposition=attachment%3B%20filename%3D7516cde9-c17c-4bab-bd0e-010b8b18dc9b.flac&x-id=GetObject,0.428872555,34113
ConAam-2022-06-12_12-30.WAV,2022 Conaway North A,2022,6,12,12,30,Agelaius tricolor,Simple Call 2,1.167999983,1.562666655,375,21656,24000,present,https://rfcx-streams-production.s3.eu-west-1.amazonaws.com/2022/06/12/82sjidqz9yro/80870425-c97d-4157-8a46-823fed6b3a15.flac?X-Amz-Algorithm=AWS4-HMAC-SHA256&X-Amz-Content-Sha256=UNSIGNED-PAYLOAD&X-Amz-Credential=AKIA45B7YWBX5HAZMGOU%2F20260223%2Feu-west-1%2Fs3%2Faws4_request&X-Amz-Date=20260223T001935Z&X-Amz-Expires=604800&X-Amz-Signature=973bc3ec11e84062f370569e1c3a3a66abf9098ab75f101a1ed53a9fea89c42d&X-Amz-SignedHeaders=host&response-content-disposition=attachment%3B%20filename%3D80870425-c97d-4157-8a46-823fed6b3a15.flac&x-id=GetObject,0.450393736,34113
ConAam-2022-06-12_12-40.WAV,2022 Conaway North A,2022,6,12,12,40,Agelaius tricolor,Simple Call 2,7.765333176,8.159999847,375,21656,24000,present,https://rfcx-streams-production.s3.eu-west-1.amazonaws.com/2022/06/12/82sjidqz9yro/42ebbdd3-fe6e-491c-8722-125fce9d8a20.flac?X-Amz-Algorithm=AWS4-HMAC-SHA256&X-Amz-Content-Sha256=UNSIGNED-PAYLOAD&X-Amz-Credential=AKIA45B7YWBX5HAZMGOU%2F20260223%2Feu-west-1%2Fs3%2Faws4_request&X-Amz-Date=20260223T001935Z&X-Amz-Expires=604800&X-Amz-Signature=b28e363f5afd367e420edf38df7c147b2add988423ef98b0fbbf2d8198879e3f&X-Amz-SignedHeaders=host&response-content-disposition=attachment%3B%20filename%3D42ebbdd3-fe6e-491c-8722-125fce9d8a20.flac&x-id=GetObject,0.434563696,34113
ConAam-2022-06-12_12-50.WAV,2022 Conaway North A,2022,6,12,12,50,Agelaius tricolor,Simple Call 2,59.31200027,59.70666504,375,21656,24000,present,https://rfcx-streams-production.s3.eu-west-1.amazonaws.com/2022/06/12/82sjidqz9yro/a7b3392c-28dd-4a30-8196-a2a071b9aba1.flac?X-Amz-Algorithm=AWS4-HMAC-SHA256&X-Amz-Content-Sha256=UNSIGNED-PAYLOAD&X-Amz-Credential=AKIA45B7YWBX5HAZMGOU%2F20260223%2Feu-west-1%2Fs3%2Faws4_request&X-Amz-Date=20260223T001935Z&X-Amz-Expires=604800&X-Amz-Signature=759133ddd8ce0c466670b567038cbb05faf38b7418209359ae1f25485bb47b41&X-Amz-SignedHeaders=host&response-content-disposition=attachment%3B%20filename%3Da7b3392c-28dd-4a30-8196-a2a071b9aba1.flac&x-id=GetObject,0.465548843,34113
ConAam-2022-06-12_13-00.WAV,2022 Conaway North A,2022,6,12,13,0,Agelaius tricolor,Simple Call 2,8.661333084,9.055999756,375,21656,24000,present,https://rfcx-streams-production.s3.eu-west-1.amazonaws.com/2022/06/12/82sjidqz9yro/cdfccfba-c7cd-44d9-9aca-08b7d3ba43cf.flac?X-Amz-Algorithm=AWS4-HMAC-SHA256&X-Amz-Content-Sha256=UNSIGNED-PAYLOAD&X-Amz-Credential=AKIA45B7YWBX5HAZMGOU%2F20260223%2Feu-west-1%2Fs3%2Faws4_request&X-Amz-Date=20260223T001935Z&X-Amz-Expires=604800&X-Amz-Signature=e074412bd3a554b2e90693347ede4b42a2e91a7c7bfc57b7b71713a9f95af9ce&X-Amz-SignedHeaders=host&response-content-disposition=attachment%3B%20filename%3Dcdfccfba-c7cd-44d9-9aca-08b7d3ba43cf.flac&x-id=GetObject,0.448770285,34113
ConAam-2022-06-12_13-10.WAV,2022 Conaway North A,2022,6,12,13,10,Agelaius tricolor,Simple Call 2,26.9173336,27.31200027,375,21656,24000,present,https://rfcx-streams-production.s3.eu-west-1.amazonaws.com/2022/06/12/82sjidqz9yro/9d0c7a6d-4856-4031-8509-1036e916a620.flac?X-Amz-Algorithm=AWS4-HMAC-SHA256&X-Amz-Content-Sha256=UNSIGNED-PAYLOAD&X-Amz-Credential=AKIA45B7YWBX5HAZMGOU%2F20260223%2Feu-west-1%2Fs3%2Faws4_request&X-Amz-Date=20260223T001935Z&X-Amz-Expires=604800&X-Amz-Signature=b4fbef367ca57e0f77d2ebcaf7027913c5395497c8a2d477b81eb89979b3436b&X-Amz-SignedHeaders=host&response-content-disposition=attachment%3B%20filename%3D9d0c7a6d-4856-4031-8509-1036e916a620.flac&x-id=GetObject,0.472214043,34113
ConAam-2022-06-12_13-20.WAV,2022 Conaway North A,2022,6,12,13,20,Agelaius tricolor,Simple Call 2,35.95733261,36.35200119,375,21656,24000,present,https://rfcx-streams-production.s3.eu-west-1.amazonaws.com/2022/06/12/82sjidqz9yro/81ff204a-d5f2-4818-85be-7c1715f04df4.flac?X-Amz-Algorithm=AWS4-HMAC-SHA256&X-Amz-Content-Sha256=UNSIGNED-PAYLOAD&X-Amz-Credential=AKIA45B7YWBX5HAZMGOU%2F20260223%2Feu-west-1%2Fs3%2Faws4_request&X-Amz-Date=20260223T001935Z&X-Amz-Expires=604800&X-Amz-Signature=f880593be58cee1523badcc1a80092c3098e96d6823bcaeb9842cc775a7bb566&X-Amz-SignedHeaders=host&response-content-disposition=attachment%3B%20filename%3D81ff204a-d5f2-4818-85be-7c1715f04df4.flac&x-id=GetObject,0.537457228,34113
ConAam-2022-06-12_13-40.WAV,2022 Conaway North A,2022,6,12,13,40,Agelaius tricolor,Simple Call 2,3.605333328,4,375,21656,24000,present,https://rfcx-streams-production.s3.eu-west-1.amazonaws.com/2022/06/12/82sjidqz9yro/03292f2f-52cc-4d3a-a04e-a6d5d2e7f744.flac?X-Amz-Algorithm=AWS4-HMAC-SHA256&X-Amz-Content-Sha256=UNSIGNED-PAYLOAD&X-Amz-Credential=AKIA45B7YWBX5HAZMGOU%2F20260223%2Feu-west-1%2Fs3%2Faws4_request&X-Amz-Date=20260223T001935Z&X-Amz-Expires=604800&X-Amz-Signature=71fbc1ce3ab2a6c8deb3350b3b21afe15aaa40285fcbc571a47f351037615cce&X-Amz-SignedHeaders=host&response-content-disposition=attachment%3B%20filename%3D03292f2f-52cc-4d3a-a04e-a6d5d2e7f744.flac&x-id=GetObject,0.449550956,34113
ConAam-2022-06-12_13-50.WAV,2022 Conaway North A,2022,6,12,13,50,Agelaius tricolor,Simple Call 2,38.96533203,39.36000061,375,21656,24000,present,https://rfcx-streams-production.s3.eu-west-1.amazonaws.com/2022/06/12/82sjidqz9yro/e3af5b5d-88e1-4a0a-a163-07775e51a4fc.flac?X-Amz-Algorithm=AWS4-HMAC-SHA256&X-Amz-Content-Sha256=UNSIGNED-PAYLOAD&X-Amz-Credential=AKIA45B7YWBX5HAZMGOU%2F20260223%2Feu-west-1%2Fs3%2Faws4_request&X-Amz-Date=20260223T001936Z&X-Amz-Expires=604800&X-Amz-Signature=b9fff83dd5523cadf560dc3f115068a6d8dd0e680bef0e8ecf7cfcae194ce198&X-Amz-SignedHeaders=host&response-content-disposition=attachment%3B%20filename%3De3af5b5d-88e1-4a0a-a163-07775e51a4fc.flac&x-id=GetObject,0.476448357,34113
ConAam-2022-06-12_14-00.WAV,2022 Conaway North A,2022,6,12,14,0,Agelaius tricolor,Simple Call 2,24.45866585,24.85333252,375,21656,24000,present,https://rfcx-streams-production.s3.eu-west-1.amazonaws.com/2022/06/12/82sjidqz9yro/6cbd0d49-a723-4ba6-9c95-730a62fe113c.flac?X-Amz-Algorithm=AWS4-HMAC-SHA256&X-Amz-Content-Sha256=UNSIGNED-PAYLOAD&X-Amz-Credential=AKIA45B7YWBX5HAZMGOU%2F20260223%2Feu-west-1%2Fs3%2Faws4_request&X-Amz-Date=20260223T001935Z&X-Amz-Expires=604800&X-Amz-Signature=f3efe6f6dde30e2985f8e34d502172f60432f47b0dc2050c6e3b90f710caddaf&X-Amz-SignedHeaders=host&response-content-disposition=attachment%3B%20filename%3D6cbd0d49-a723-4ba6-9c95-730a62fe113c.flac&x-id=GetObject,0.508181334,34113
ConAam-2022-06-12_14-10.WAV,2022 Conaway North A,2022,6,12,14,10,Agelaius tricolor,Simple Call 2,37.55199814,37.94666672,375,21656,24000,present,https://rfcx-streams-production.s3.eu-west-1.amazonaws.com/2022/06/12/82sjidqz9yro/9b220d3b-7e5c-4108-a055-c5b6b909c815.flac?X-Amz-Algorithm=AWS4-HMAC-SHA256&X-Amz-Content-Sha256=UNSIGNED-PAYLOAD&X-Amz-Credential=AKIA45B7YWBX5HAZMGOU%2F20260223%2Feu-west-1%2Fs3%2Faws4_request&X-Amz-Date=20260223T001935Z&X-Amz-Expires=604800&X-Amz-Signature=58b2c3d8bfb6572b6920e75f01889ef619b6e8f29ea13babeefc6e8bfe134d40&X-Amz-SignedHeaders=host&response-content-disposition=attachment%3B%20filename%3D9b220d3b-7e5c-4108-a055-c5b6b909c815.flac&x-id=GetObject,0.409508854,34113
ConAam-2022-06-12_14-20.WAV,2022 Conaway North A,2022,6,12,14,20,Agelaius tricolor,Simple Call 2,5.888000011,6.282666683,375,21656,24000,present,https://rfcx-streams-production.s3.eu-west-1.amazonaws.com/2022/06/12/82sjidqz9yro/a9171808-94dd-49e5-8c4d-82848cd0c2dd.flac?X-Amz-Algorithm=AWS4-HMAC-SHA256&X-Amz-Content-Sha256=UNSIGNED-PAYLOAD&X-Amz-Credential=AKIA45B7YWBX5HAZMGOU%2F20260223%2Feu-west-1%2Fs3%2Faws4_request&X-Amz-Date=20260223T001935Z&X-Amz-Expires=604800&X-Amz-Signature=0bb168697eeb3fa88478ecc3340271e48eb757b792ab1a48dd41f2e02fe81582&X-Amz-SignedHeaders=host&response-content-disposition=attachment%3B%20filename%3Da9171808-94dd-49e5-8c4d-82848cd0c2dd.flac&x-id=GetObject,0.456749529,34113
ConAam-2022-06-12_14-30.WAV,2022 Conaway North A,2022,6,12,14,30,Agelaius tricolor,Simple Call 2,31.30133247,31.69599915,375,21656,24000,present,https://rfcx-streams-production.s3.eu-west-1.amazonaws.com/2022/06/12/82sjidqz9yro/1f236a45-078c-4da1-892a-76a46ccaed2c.flac?X-Amz-Algorithm=AWS4-HMAC-SHA256&X-Amz-Content-Sha256=UNSIGNED-PAYLOAD&X-Amz-Credential=AKIA45B7YWBX5HAZMGOU%2F20260223%2Feu-west-1%2Fs3%2Faws4_request&X-Amz-Date=20260223T001936Z&X-Amz-Expires=604800&X-Amz-Signature=0e6a58b6ed7b87aab5b401c0a3ae227bf11b6091839471d813bfcc50a5f0c4d9&X-Amz-SignedHeaders=host&response-content-disposition=attachment%3B%20filename%3D1f236a45-078c-4da1-892a-76a46ccaed2c.flac&x-id=GetObject,0.552960694,34113
ConAam-2022-06-12_14-50.WAV,2022 Conaway North A,2022,6,12,14,50,Agelaius tricolor,Simple Call 2,14.87466621,15.26933289,375,21656,24000,present,https://rfcx-streams-production.s3.eu-west-1.amazonaws.com/2022/06/12/82sjidqz9yro/4eec837b-1b4d-4457-8720-ccbc9bcc3e70.flac?X-Amz-Algorithm=AWS4-HMAC-SHA256&X-Amz-Content-Sha256=UNSIGNED-PAYLOAD&X-Amz-Credential=AKIA45B7YWBX5HAZMGOU%2F20260223%2Feu-west-1%2Fs3%2Faws4_request&X-Amz-Date=20260223T001935Z&X-Amz-Expires=604800&X-Amz-Signature=4a5d0ea5f54b6976de4ee59f970f790bc17ca5f62bdf7700d49f8a25c47bbb6c&X-Amz-SignedHeaders=host&response-content-disposition=attachment%3B%20filename%3D4eec837b-1b4d-4457-8720-ccbc9bcc3e70.flac&x-id=GetObject,0.40477106,34113
ConAam-2022-06-12_15-00.WAV,2022 Conaway North A,2022,6,12,15,0,Agelaius tricolor,Simple Call 2,1.983999968,2.378666639,375,21656,24000,present,https://rfcx-streams-production.s3.eu-west-1.amazonaws.com/2022/06/12/82sjidqz9yro/b7b0f5d0-1f70-4fcb-9993-2128cdc9ad08.flac?X-Amz-Algorithm=AWS4-HMAC-SHA256&X-Amz-Content-Sha256=UNSIGNED-PAYLOAD&X-Amz-Credential=AKIA45B7YWBX5HAZMGOU%2F20260223%2Feu-west-1%2Fs3%2Faws4_request&X-Amz-Date=20260223T001935Z&X-Amz-Expires=604800&X-Amz-Signature=2cd4198ff493273570a3061ff21bcae85ba4b2152ffe1e07b011ec023bf67b6c&X-Amz-SignedHeaders=host&response-content-disposition=attachment%3B%20filename%3Db7b0f5d0-1f70-4fcb-9993-2128cdc9ad08.flac&x-id=GetObject,0.410575569,34113
ConAam-2022-06-12_15-10.WAV,2022 Conaway North A,2022,6,12,15,10,Agelaius tricolor,Simple Call 2,17.16799927,17.56266594,375,21656,24000,present,https://rfcx-streams-production.s3.eu-west-1.amazonaws.com/2022/06/12/82sjidqz9yro/8e26c5da-e424-4d3f-8a8d-e3b66839375a.flac?X-Amz-Algorithm=AWS4-HMAC-SHA256&X-Amz-Content-Sha256=UNSIGNED-PAYLOAD&X-Amz-Credential=AKIA45B7YWBX5HAZMGOU%2F20260223%2Feu-west-1%2Fs3%2Faws4_request&X-Amz-Date=20260223T001935Z&X-Amz-Expires=604800&X-Amz-Signature=b9fe497e4c851d76cb736fe2f8d84ccca06bb1bea5962010c291b5e2eba57cf8&X-Amz-SignedHeaders=host&response-content-disposition=attachment%3B%20filename%3D8e26c5da-e424-4d3f-8a8d-e3b66839375a.flac&x-id=GetObject,0.527383029,34113
ConAam-2022-06-12_15-20.WAV,2022 Conaway North A,2022,6,12,15,20,Agelaius tricolor,Simple Call 2,20.06933403,20.4640007,375,21656,24000,present,https://rfcx-streams-production.s3.eu-west-1.amazonaws.com/2022/06/12/82sjidqz9yro/001f8f04-a7a2-4750-aac9-0ed83cdd40ca.flac?X-Amz-Algorithm=AWS4-HMAC-SHA256&X-Amz-Content-Sha256=UNSIGNED-PAYLOAD&X-Amz-Credential=AKIA45B7YWBX5HAZMGOU%2F20260223%2Feu-west-1%2Fs3%2Faws4_request&X-Amz-Date=20260223T001935Z&X-Amz-Expires=604800&X-Amz-Signature=df9d31ded53fb78628e175e783c1d441be71dc485deece7f95e7ad90cbeb321c&X-Amz-SignedHeaders=host&response-content-disposition=attachment%3B%20filename%3D001f8f04-a7a2-4750-aac9-0ed83cdd40ca.flac&x-id=GetObject,0.411736935,34113
ConAam-2022-06-12_15-30.WAV,2022 Conaway North A,2022,6,12,15,30,Agelaius tricolor,Simple Call 2,42.05866623,42.45333481,375,21656,24000,present,https://rfcx-streams-production.s3.eu-west-1.amazonaws.com/2022/06/12/82sjidqz9yro/6e7b655d-ba7d-46fb-a6e7-adab91204132.flac?X-Amz-Algorithm=AWS4-HMAC-SHA256&X-Amz-Content-Sha256=UNSIGNED-PAYLOAD&X-Amz-Credential=AKIA45B7YWBX5HAZMGOU%2F20260223%2Feu-west-1%2Fs3%2Faws4_request&X-Amz-Date=20260223T001935Z&X-Amz-Expires=604800&X-Amz-Signature=7c68f1efe998332cd2518477294988afddf507a44ba1d0543d071149e58a2dba&X-Amz-SignedHeaders=host&response-content-disposition=attachment%3B%20filename%3D6e7b655d-ba7d-46fb-a6e7-adab91204132.flac&x-id=GetObject,0.417638481,34113
ConAam-2022-06-12_16-30.WAV,2022 Conaway North A,2022,6,12,16,30,Agelaius tricolor,Simple Call 2,54.93333435,55.32799911,375,21656,24000,present,https://rfcx-streams-production.s3.eu-west-1.amazonaws.com/2022/06/12/82sjidqz9yro/210e22f5-1ccd-4d30-8387-6eb577ecc4c4.flac?X-Amz-Algorithm=AWS4-HMAC-SHA256&X-Amz-Content-Sha256=UNSIGNED-PAYLOAD&X-Amz-Credential=AKIA45B7YWBX5HAZMGOU%2F20260223%2Feu-west-1%2Fs3%2Faws4_request&X-Amz-Date=20260223T001935Z&X-Amz-Expires=604800&X-Amz-Signature=d046cfdcf74aef0f6ea6bb5f0b10f89c57729b8be21e88c279172c4de39a4dc6&X-Amz-SignedHeaders=host&response-content-disposition=attachment%3B%20filename%3D210e22f5-1ccd-4d30-8387-6eb577ecc4c4.flac&x-id=GetObject,0.449474216,34113
ConAam-2022-06-12_16-40.WAV,2022 Conaway North A,2022,6,12,16,40,Agelaius tricolor,Simple Call 2,17.73866653,18.13333321,375,21656,24000,present,https://rfcx-streams-production.s3.eu-west-1.amazonaws.com/2022/06/12/82sjidqz9yro/4ebb2bcd-a9cb-49fd-a625-2f61b1094ecd.flac?X-Amz-Algorithm=AWS4-HMAC-SHA256&X-Amz-Content-Sha256=UNSIGNED-PAYLOAD&X-Amz-Credential=AKIA45B7YWBX5HAZMGOU%2F20260223%2Feu-west-1%2Fs3%2Faws4_request&X-Amz-Date=20260223T001935Z&X-Amz-Expires=604800&X-Amz-Signature=a7de992baf311f8eb0513ab1b0d58ca3f0f994f08c2f41d8594f8febf5111836&X-Amz-SignedHeaders=host&response-content-disposition=attachment%3B%20filename%3D4ebb2bcd-a9cb-49fd-a625-2f61b1094ecd.flac&x-id=GetObject,0.480095655,34113
ConAam-2022-06-12_17-00.WAV,2022 Conaway North A,2022,6,12,17,0,Agelaius tricolor,Simple Call 2,30.13866615,30.53333282,375,21656,24000,present,https://rfcx-streams-production.s3.eu-west-1.amazonaws.com/2022/06/13/82sjidqz9yro/0d9cf243-254f-4146-aeb5-1385b5bd7a8f.flac?X-Amz-Algorithm=AWS4-HMAC-SHA256&X-Amz-Content-Sha256=UNSIGNED-PAYLOAD&X-Amz-Credential=AKIA45B7YWBX5HAZMGOU%2F20260223%2Feu-west-1%2Fs3%2Faws4_request&X-Amz-Date=20260223T001935Z&X-Amz-Expires=604800&X-Amz-Signature=749c8d4eeadf36a1f7c734db8289c60b31da921d19a4c840a27038bc8a680eb8&X-Amz-SignedHeaders=host&response-content-disposition=attachment%3B%20filename%3D0d9cf243-254f-4146-aeb5-1385b5bd7a8f.flac&x-id=GetObject,0.460038185,34113
ConAam-2022-06-12_17-10.WAV,2022 Conaway North A,2022,6,12,17,10,Agelaius tricolor,Simple Call 2,19.94666672,20.34133339,375,21656,24000,present,https://rfcx-streams-production.s3.eu-west-1.amazonaws.com/2022/06/13/82sjidqz9yro/fce53045-7059-469c-b0e7-25b4569c98a8.flac?X-Amz-Algorithm=AWS4-HMAC-SHA256&X-Amz-Content-Sha256=UNSIGNED-PAYLOAD&X-Amz-Credential=AKIA45B7YWBX5HAZMGOU%2F20260223%2Feu-west-1%2Fs3%2Faws4_request&X-Amz-Date=20260223T001935Z&X-Amz-Expires=604800&X-Amz-Signature=7a73d63296bad68b20e68d4bd354b7cb9b76d44f1e7a669bbcf7f56489480fc6&X-Amz-SignedHeaders=host&response-content-disposition=attachment%3B%20filename%3Dfce53045-7059-469c-b0e7-25b4569c98a8.flac&x-id=GetObject,0.438119113,34113
ConAam-2022-06-12_18-00.WAV,2022 Conaway North A,2022,6,12,18,0,Agelaius tricolor,Simple Call 2,43.5253334,43.91999817,375,21656,24000,present,https://rfcx-streams-production.s3.eu-west-1.amazonaws.com/2022/06/13/82sjidqz9yro/a3d636fc-01ab-471d-a569-dc39af4350d0.flac?X-Amz-Algorithm=AWS4-HMAC-SHA256&X-Amz-Content-Sha256=UNSIGNED-PAYLOAD&X-Amz-Credential=AKIA45B7YWBX5HAZMGOU%2F20260223%2Feu-west-1%2Fs3%2Faws4_request&X-Amz-Date=20260223T001935Z&X-Amz-Expires=604800&X-Amz-Signature=a6ff4db21b4ad80a3d460b55bcf93948d54a5f74123708111d017bb933697189&X-Amz-SignedHeaders=host&response-content-disposition=attachment%3B%20filename%3Da3d636fc-01ab-471d-a569-dc39af4350d0.flac&x-id=GetObject,0.462806672,34113
ConAam-2022-06-12_18-20.WAV,2022 Conaway North A,2022,6,12,18,20,Agelaius tricolor,Simple Call 2,44.11199951,44.50666809,375,21656,24000,present,https://rfcx-streams-production.s3.eu-west-1.amazonaws.com/2022/06/13/82sjidqz9yro/f9f87700-9bea-416d-b2b9-e97a0bb74c82.flac?X-Amz-Algorithm=AWS4-HMAC-SHA256&X-Amz-Content-Sha256=UNSIGNED-PAYLOAD&X-Amz-Credential=AKIA45B7YWBX5HAZMGOU%2F20260223%2Feu-west-1%2Fs3%2Faws4_request&X-Amz-Date=20260223T001935Z&X-Amz-Expires=604800&X-Amz-Signature=ab7c6e47b843e76295990e5f9ca5d846ef8ad097dd7405bdbc72b238c0410c4e&X-Amz-SignedHeaders=host&response-content-disposition=attachment%3B%20filename%3Df9f87700-9bea-416d-b2b9-e97a0bb74c82.flac&x-id=GetObject,0.518524587,34113
ConAam-2022-06-12_18-30.WAV,2022 Conaway North A,2022,6,12,18,30,Agelaius tricolor,Simple Call 2,3.813333273,4.208000183,375,21656,24000,present,https://rfcx-streams-production.s3.eu-west-1.amazonaws.com/2022/06/13/82sjidqz9yro/d805435b-1563-40d2-946e-439fafdde470.flac?X-Amz-Algorithm=AWS4-HMAC-SHA256&X-Amz-Content-Sha256=UNSIGNED-PAYLOAD&X-Amz-Credential=AKIA45B7YWBX5HAZMGOU%2F20260223%2Feu-west-1%2Fs3%2Faws4_request&X-Amz-Date=20260223T001935Z&X-Amz-Expires=604800&X-Amz-Signature=6e119b4c237446eb9f5b01ed40becd1767bd4d39fdf2968a5cc438e2500f51b2&X-Amz-SignedHeaders=host&response-content-disposition=attachment%3B%20filename%3Dd805435b-1563-40d2-946e-439fafdde470.flac&x-id=GetObject,0.450861335,34113
ConAam-2022-06-12_18-40.WAV,2022 Conaway North A,2022,6,12,18,40,Agelaius tricolor,Simple Call 2,8.501333237,8.895999908,375,21656,24000,present,https://rfcx-streams-production.s3.eu-west-1.amazonaws.com/2022/06/13/82sjidqz9yro/5ac3c127-615c-4a0a-9ad5-3ae45ef23e67.flac?X-Amz-Algorithm=AWS4-HMAC-SHA256&X-Amz-Content-Sha256=UNSIGNED-PAYLOAD&X-Amz-Credential=AKIA45B7YWBX5HAZMGOU%2F20260223%2Feu-west-1%2Fs3%2Faws4_request&X-Amz-Date=20260223T001935Z&X-Amz-Expires=604800&X-Amz-Signature=a09e5eea446937a0e630cb29ab10eb2b08cf7039aa254e72b5ff31a97f07938a&X-Amz-SignedHeaders=host&response-content-disposition=attachment%3B%20filename%3D5ac3c127-615c-4a0a-9ad5-3ae45ef23e67.flac&x-id=GetObject,0.401786059,34113
ConAam-2022-06-12_18-50.WAV,2022 Conaway North A,2022,6,12,18,50,Agelaius tricolor,Simple Call 2,41.59466553,41.98933411,375,21656,24000,present,https://rfcx-streams-production.s3.eu-west-1.amazonaws.com/2022/06/13/82sjidqz9yro/da00507b-b4cf-4a00-b76b-5bd07d0f1798.flac?X-Amz-Algorithm=AWS4-HMAC-SHA256&X-Amz-Content-Sha256=UNSIGNED-PAYLOAD&X-Amz-Credential=AKIA45B7YWBX5HAZMGOU%2F20260223%2Feu-west-1%2Fs3%2Faws4_request&X-Amz-Date=20260223T001935Z&X-Amz-Expires=604800&X-Amz-Signature=c8d8fe23453aaf7bedfaa34f5fa1ecbb5b5f6c651ca6a60a1e820647a867cbb4&X-Amz-SignedHeaders=host&response-content-disposition=attachment%3B%20filename%3Dda00507b-b4cf-4a00-b76b-5bd07d0f1798.flac&x-id=GetObject,0.403887779,34113
ConAam-2022-06-12_19-40.WAV,2022 Conaway North A,2022,6,12,19,40,Agelaius tricolor,Simple Call 2,57.21066666,57.60533524,375,21656,24000,present,https://rfcx-streams-production.s3.eu-west-1.amazonaws.com/2022/06/13/82sjidqz9yro/6d032774-6601-4f78-9331-ea231ec1b6ed.flac?X-Amz-Algorithm=AWS4-HMAC-SHA256&X-Amz-Content-Sha256=UNSIGNED-PAYLOAD&X-Amz-Credential=AKIA45B7YWBX5HAZMGOU%2F20260223%2Feu-west-1%2Fs3%2Faws4_request&X-Amz-Date=20260223T001935Z&X-Amz-Expires=604800&X-Amz-Signature=265a0818925227fa494735641d8fb56c4c4d991176fc287ec3d4831d02166688&X-Amz-SignedHeaders=host&response-content-disposition=attachment%3B%20filename%3D6d032774-6601-4f78-9331-ea231ec1b6ed.flac&x-id=GetObject,0.430685908,34113
ConAam-2022-06-12_20-00.WAV,2022 Conaway North A,2022,6,12,20,0,Agelaius tricolor,Simple Call 2,15.15733337,15.55200005,375,21656,24000,present,https://rfcx-streams-production.s3.eu-west-1.amazonaws.com/2022/06/13/82sjidqz9yro/82094bbe-2610-45bd-9549-ad898ece233f.flac?X-Amz-Algorithm=AWS4-HMAC-SHA256&X-Amz-Content-Sha256=UNSIGNED-PAYLOAD&X-Amz-Credential=AKIA45B7YWBX5HAZMGOU%2F20260223%2Feu-west-1%2Fs3%2Faws4_request&X-Amz-Date=20260223T001935Z&X-Amz-Expires=604800&X-Amz-Signature=c71342e1098247bec594967e83e5bbbfff01968ace082971b770c73b8a6e14af&X-Amz-SignedHeaders=host&response-content-disposition=attachment%3B%20filename%3D82094bbe-2610-45bd-9549-ad898ece233f.flac&x-id=GetObject,0.506370962,34113
ConAam-2022-06-12_20-40.WAV,2022 Conaway North A,2022,6,12,20,40,Agelaius tricolor,Simple Call 2,48.17599869,48.57066727,375,21656,24000,present,https://rfcx-streams-production.s3.eu-west-1.amazonaws.com/2022/06/13/82sjidqz9yro/3f64dbf6-3625-48a7-a5b8-803b46fd38ba.flac?X-Amz-Algorithm=AWS4-HMAC-SHA256&X-Amz-Content-Sha256=UNSIGNED-PAYLOAD&X-Amz-Credential=AKIA45B7YWBX5HAZMGOU%2F20260223%2Feu-west-1%2Fs3%2Faws4_request&X-Amz-Date=20260223T001935Z&X-Amz-Expires=604800&X-Amz-Signature=4a1809a8ccdf27f0dca11c3ba4b88fb2990c16d0bf8285d60a46828ec872373f&X-Amz-SignedHeaders=host&response-content-disposition=attachment%3B%20filename%3D3f64dbf6-3625-48a7-a5b8-803b46fd38ba.flac&x-id=GetObject,0.594868362,34113
ConAam-2022-06-13_05-20.WAV,2022 Conaway North A,2022,6,13,5,20,Agelaius tricolor,Simple Call 2,45.68000031,46.07466507,375,21656,24000,present,https://rfcx-streams-production.s3.eu-west-1.amazonaws.com/2022/06/13/82sjidqz9yro/5d756a1e-4b58-401d-b973-b359f009ae5e.flac?X-Amz-Algorithm=AWS4-HMAC-SHA256&X-Amz-Content-Sha256=UNSIGNED-PAYLOAD&X-Amz-Credential=AKIA45B7YWBX5HAZMGOU%2F20260223%2Feu-west-1%2Fs3%2Faws4_request&X-Amz-Date=20260223T001935Z&X-Amz-Expires=604800&X-Amz-Signature=45dca6114a0ffa815463cbb08de3c589130133c680e1224fb5129dd9de60ec0e&X-Amz-SignedHeaders=host&response-content-disposition=attachment%3B%20filename%3D5d756a1e-4b58-401d-b973-b359f009ae5e.flac&x-id=GetObject,0.47176221,34113
ConAam-2022-06-13_05-30.WAV,2022 Conaway North A,2022,6,13,5,30,Agelaius tricolor,Simple Call 2,51.01333237,51.40800095,375,21656,24000,present,https://rfcx-streams-production.s3.eu-west-1.amazonaws.com/2022/06/13/82sjidqz9yro/75db9b2d-cd87-4bd1-b4f5-918044c29a31.flac?X-Amz-Algorithm=AWS4-HMAC-SHA256&X-Amz-Content-Sha256=UNSIGNED-PAYLOAD&X-Amz-Credential=AKIA45B7YWBX5HAZMGOU%2F20260223%2Feu-west-1%2Fs3%2Faws4_request&X-Amz-Date=20260223T001935Z&X-Amz-Expires=604800&X-Amz-Signature=d4e131b22b43f92757e027bc77698ec88c900a085e242428ca9d1996a40bad66&X-Amz-SignedHeaders=host&response-content-disposition=attachment%3B%20filename%3D75db9b2d-cd87-4bd1-b4f5-918044c29a31.flac&x-id=GetObject,0.506118,34113
ConAam-2022-06-13_05-40.WAV,2022 Conaway North A,2022,6,13,5,40,Agelaius tricolor,Simple Call 2,0.773333311,1.167999983,375,21656,24000,present,https://rfcx-streams-production.s3.eu-west-1.amazonaws.com/2022/06/13/82sjidqz9yro/161989e5-791c-415d-92e0-94a5ebd8f190.flac?X-Amz-Algorithm=AWS4-HMAC-SHA256&X-Amz-Content-Sha256=UNSIGNED-PAYLOAD&X-Amz-Credential=AKIA45B7YWBX5HAZMGOU%2F20260223%2Feu-west-1%2Fs3%2Faws4_request&X-Amz-Date=20260223T001935Z&X-Amz-Expires=604800&X-Amz-Signature=abc4612f4b1ae3f28a2cc27589fb7fa222b5090d68f8b9bbbd4049b0a2417551&X-Amz-SignedHeaders=host&response-content-disposition=attachment%3B%20filename%3D161989e5-791c-415d-92e0-94a5ebd8f190.flac&x-id=GetObject,0.57372874,34113
ConAam-2022-06-13_05-50.WAV,2022 Conaway North A,2022,6,13,5,50,Agelaius tricolor,Simple Call 2,42.47999954,42.87466812,375,21656,24000,present,https://rfcx-streams-production.s3.eu-west-1.amazonaws.com/2022/06/13/82sjidqz9yro/e44e1c42-2015-46ea-9430-417022934009.flac?X-Amz-Algorithm=AWS4-HMAC-SHA256&X-Amz-Content-Sha256=UNSIGNED-PAYLOAD&X-Amz-Credential=AKIA45B7YWBX5HAZMGOU%2F20260223%2Feu-west-1%2Fs3%2Faws4_request&X-Amz-Date=20260223T001935Z&X-Amz-Expires=604800&X-Amz-Signature=2122f4b019dab03a2163696da2196d2a5262d09bcc209c7099aea42062f04871&X-Amz-SignedHeaders=host&response-content-disposition=attachment%3B%20filename%3De44e1c42-2015-46ea-9430-417022934009.flac&x-id=GetObject,0.47952646,34113
ConAam-2022-06-13_06-00.WAV,2022 Conaway North A,2022,6,13,6,0,Agelaius tricolor,Simple Call 2,8.303999901,8.698666573,375,21656,24000,present,https://rfcx-streams-production.s3.eu-west-1.amazonaws.com/2022/06/13/82sjidqz9yro/d7392b65-585d-47b6-a5f8-364decc9fdf7.flac?X-Amz-Algorithm=AWS4-HMAC-SHA256&X-Amz-Content-Sha256=UNSIGNED-PAYLOAD&X-Amz-Credential=AKIA45B7YWBX5HAZMGOU%2F20260223%2Feu-west-1%2Fs3%2Faws4_request&X-Amz-Date=20260223T001935Z&X-Amz-Expires=604800&X-Amz-Signature=aba67b39cb7b8a0452c0b0f703c26edf4831401c3fe632157bae08d2c9892d3c&X-Amz-SignedHeaders=host&response-content-disposition=attachment%3B%20filename%3Dd7392b65-585d-47b6-a5f8-364decc9fdf7.flac&x-id=GetObject,0.484860539,34113
ConAam-2022-06-13_06-20.WAV,2022 Conaway North A,2022,6,13,6,20,Agelaius tricolor,Simple Call 2,24.55466652,24.94933319,375,21656,24000,present,https://rfcx-streams-production.s3.eu-west-1.amazonaws.com/2022/06/13/82sjidqz9yro/015b6553-b76e-48c0-bf97-d0c90cecde3c.flac?X-Amz-Algorithm=AWS4-HMAC-SHA256&X-Amz-Content-Sha256=UNSIGNED-PAYLOAD&X-Amz-Credential=AKIA45B7YWBX5HAZMGOU%2F20260223%2Feu-west-1%2Fs3%2Faws4_request&X-Amz-Date=20260223T001935Z&X-Amz-Expires=604800&X-Amz-Signature=b3447932a19571d3235ca2e96dd981f0ded4e51664d6f3c878d3761033ad7629&X-Amz-SignedHeaders=host&response-content-disposition=attachment%3B%20filename%3D015b6553-b76e-48c0-bf97-d0c90cecde3c.flac&x-id=GetObject,0.461811513,34113
ConAam-2022-06-13_06-30.WAV,2022 Conaway North A,2022,6,13,6,30,Agelaius tricolor,Simple Call 2,4.831999779,5.226666451,375,21656,24000,present,https://rfcx-streams-production.s3.eu-west-1.amazonaws.com/2022/06/13/82sjidqz9yro/e48aebcb-e94e-4484-8381-a421082a1678.flac?X-Amz-Algorithm=AWS4-HMAC-SHA256&X-Amz-Content-Sha256=UNSIGNED-PAYLOAD&X-Amz-Credential=AKIA45B7YWBX5HAZMGOU%2F20260223%2Feu-west-1%2Fs3%2Faws4_request&X-Amz-Date=20260223T001935Z&X-Amz-Expires=604800&X-Amz-Signature=80d433fad18b9a24140cba2bbf15d827ef5c54e43fc0170e11c3da8311247ce3&X-Amz-SignedHeaders=host&response-content-disposition=attachment%3B%20filename%3De48aebcb-e94e-4484-8381-a421082a1678.flac&x-id=GetObject,0.524028778,34113
ConAam-2022-06-13_07-00.WAV,2022 Conaway North A,2022,6,13,7,0,Agelaius tricolor,Simple Call 2,31.8239994,32.21866608,375,21656,24000,present,https://rfcx-streams-production.s3.eu-west-1.amazonaws.com/2022/06/13/82sjidqz9yro/fa529e21-0e6b-4e8d-bd35-3f343c57ef95.flac?X-Amz-Algorithm=AWS4-HMAC-SHA256&X-Amz-Content-Sha256=UNSIGNED-PAYLOAD&X-Amz-Credential=AKIA45B7YWBX5HAZMGOU%2F20260223%2Feu-west-1%2Fs3%2Faws4_request&X-Amz-Date=20260223T001935Z&X-Amz-Expires=604800&X-Amz-Signature=7fcd680b876432a2ed380e153a5940ed81db19b5830d441a704ac569709b3e60&X-Amz-SignedHeaders=host&response-content-disposition=attachment%3B%20filename%3Dfa529e21-0e6b-4e8d-bd35-3f343c57ef95.flac&x-id=GetObject,0.481227547,34113
ConAam-2022-06-13_07-10.WAV,2022 Conaway North A,2022,6,13,7,10,Agelaius tricolor,Simple Call 2,54.39466476,54.78933334,375,21656,24000,present,https://rfcx-streams-production.s3.eu-west-1.amazonaws.com/2022/06/13/82sjidqz9yro/3674538d-5e28-439d-ba07-4e3603bfc375.flac?X-Amz-Algorithm=AWS4-HMAC-SHA256&X-Amz-Content-Sha256=UNSIGNED-PAYLOAD&X-Amz-Credential=AKIA45B7YWBX5HAZMGOU%2F20260223%2Feu-west-1%2Fs3%2Faws4_request&X-Amz-Date=20260223T001935Z&X-Amz-Expires=604800&X-Amz-Signature=50c817f0e2cad0ef10e577e89d9c61e9ba11d541f16bbb71c70e2c47d4ed94ce&X-Amz-SignedHeaders=host&response-content-disposition=attachment%3B%20filename%3D3674538d-5e28-439d-ba07-4e3603bfc375.flac&x-id=GetObject,0.563599288,34113
ConAam-2022-06-13_07-30.WAV,2022 Conaway North A,2022,6,13,7,30,Agelaius tricolor,Simple Call 2,22.298666,22.69333267,375,21656,24000,present,https://rfcx-streams-production.s3.eu-west-1.amazonaws.com/2022/06/13/82sjidqz9yro/f5be2b1b-d169-435c-9a04-a02e64850b05.flac?X-Amz-Algorithm=AWS4-HMAC-SHA256&X-Amz-Content-Sha256=UNSIGNED-PAYLOAD&X-Amz-Credential=AKIA45B7YWBX5HAZMGOU%2F20260223%2Feu-west-1%2Fs3%2Faws4_request&X-Amz-Date=20260223T001935Z&X-Amz-Expires=604800&X-Amz-Signature=12a1bb8b4f7d6087fa39fa46f6bae25c2bc9f8246eb433f1da4d3f6b3300f10a&X-Amz-SignedHeaders=host&response-content-disposition=attachment%3B%20filename%3Df5be2b1b-d169-435c-9a04-a02e64850b05.flac&x-id=GetObject,0.510449648,34113
ConAam-2022-06-13_08-00.WAV,2022 Conaway North A,2022,6,13,8,0,Agelaius tricolor,Simple Call 2,34.13333511,34.52799988,375,21656,24000,present,https://rfcx-streams-production.s3.eu-west-1.amazonaws.com/2022/06/13/82sjidqz9yro/db4ed570-c110-4ad0-9fab-eb4aa9749596.flac?X-Amz-Algorithm=AWS4-HMAC-SHA256&X-Amz-Content-Sha256=UNSIGNED-PAYLOAD&X-Amz-Credential=AKIA45B7YWBX5HAZMGOU%2F20260223%2Feu-west-1%2Fs3%2Faws4_request&X-Amz-Date=20260223T001935Z&X-Amz-Expires=604800&X-Amz-Signature=6b74e582ca354cb7eceb0cc5bb69e67709b262fbac8c194a568d30aa1b8c3815&X-Amz-SignedHeaders=host&response-content-disposition=attachment%3B%20filename%3Ddb4ed570-c110-4ad0-9fab-eb4aa9749596.flac&x-id=GetObject,0.445809513,34113
ConAam-2022-06-13_12-10.WAV,2022 Conaway North A,2022,6,13,12,10,Agelaius tricolor,Simple Call 2,55.0826683,55.47733307,375,21656,24000,present,https://rfcx-streams-production.s3.eu-west-1.amazonaws.com/2022/06/13/82sjidqz9yro/b3b9554e-7919-40a6-9675-ab43453dc624.flac?X-Amz-Algorithm=AWS4-HMAC-SHA256&X-Amz-Content-Sha256=UNSIGNED-PAYLOAD&X-Amz-Credential=AKIA45B7YWBX5HAZMGOU%2F20260223%2Feu-west-1%2Fs3%2Faws4_request&X-Amz-Date=20260223T001935Z&X-Amz-Expires=604800&X-Amz-Signature=f6ee160a2b5c4f277f8ae38cb4595c7d6448a3189cd9fa0da87e18e53956fc39&X-Amz-SignedHeaders=host&response-content-disposition=attachment%3B%20filename%3Db3b9554e-7919-40a6-9675-ab43453dc624.flac&x-id=GetObject,0.671674907,34113
ConAam-2022-06-13_19-30.WAV,2022 Conaway North A,2022,6,13,19,30,Agelaius tricolor,Simple Call 2,28.65600014,29.05066681,375,21656,24000,present,https://rfcx-streams-production.s3.eu-west-1.amazonaws.com/2022/06/14/82sjidqz9yro/23eafdf7-1839-4945-95e1-2b545794ec51.flac?X-Amz-Algorithm=AWS4-HMAC-SHA256&X-Amz-Content-Sha256=UNSIGNED-PAYLOAD&X-Amz-Credential=AKIA45B7YWBX5HAZMGOU%2F20260223%2Feu-west-1%2Fs3%2Faws4_request&X-Amz-Date=20260223T001935Z&X-Amz-Expires=604800&X-Amz-Signature=9b26db3bdbd46a3c17b78e726af915180c26a90623565a3a35632af55bb5e67a&X-Amz-SignedHeaders=host&response-content-disposition=attachment%3B%20filename%3D23eafdf7-1839-4945-95e1-2b545794ec51.flac&x-id=GetObject,0.498073906,34113
ConAam-2022-06-13_19-40.WAV,2022 Conaway North A,2022,6,13,19,40,Agelaius tricolor,Simple Call 2,38.20800018,38.60266495,375,21656,24000,present,https://rfcx-streams-production.s3.eu-west-1.amazonaws.com/2022/06/14/82sjidqz9yro/9ae2b8dc-7b87-483d-9473-c0a53af88028.flac?X-Amz-Algorithm=AWS4-HMAC-SHA256&X-Amz-Content-Sha256=UNSIGNED-PAYLOAD&X-Amz-Credential=AKIA45B7YWBX5HAZMGOU%2F20260223%2Feu-west-1%2Fs3%2Faws4_request&X-Amz-Date=20260223T001935Z&X-Amz-Expires=604800&X-Amz-Signature=b677d3b64a6afc02cec71ee5e40858a3931d8304b19d329033683ea8bb40d00d&X-Amz-SignedHeaders=host&response-content-disposition=attachment%3B%20filename%3D9ae2b8dc-7b87-483d-9473-c0a53af88028.flac&x-id=GetObject,0.484365582,34113
ConAam-2022-06-13_19-50.WAV,2022 Conaway North A,2022,6,13,19,50,Agelaius tricolor,Simple Call 2,5.802666664,6.197333336,375,21656,24000,present,https://rfcx-streams-production.s3.eu-west-1.amazonaws.com/2022/06/14/82sjidqz9yro/087f47bb-c302-4660-a1bf-5014da2ebdef.flac?X-Amz-Algorithm=AWS4-HMAC-SHA256&X-Amz-Content-Sha256=UNSIGNED-PAYLOAD&X-Amz-Credential=AKIA45B7YWBX5HAZMGOU%2F20260223%2Feu-west-1%2Fs3%2Faws4_request&X-Amz-Date=20260223T001935Z&X-Amz-Expires=604800&X-Amz-Signature=6db3ffa1fe01db231a0af34d298ec8391aa3cbf94747cf6fe1fbd8c38cd5d71a&X-Amz-SignedHeaders=host&response-content-disposition=attachment%3B%20filename%3D087f47bb-c302-4660-a1bf-5014da2ebdef.flac&x-id=GetObject,0.430123389,34113
ConAam-2022-06-13_20-20.WAV,2022 Conaway North A,2022,6,13,20,20,Agelaius tricolor,Simple Call 2,54.85333252,55.2480011,375,21656,24000,present,https://rfcx-streams-production.s3.eu-west-1.amazonaws.com/2022/06/14/82sjidqz9yro/28c393e9-a7b1-4262-9e7a-360bfa2775ca.flac?X-Amz-Algorithm=AWS4-HMAC-SHA256&X-Amz-Content-Sha256=UNSIGNED-PAYLOAD&X-Amz-Credential=AKIA45B7YWBX5HAZMGOU%2F20260223%2Feu-west-1%2Fs3%2Faws4_request&X-Amz-Date=20260223T001935Z&X-Amz-Expires=604800&X-Amz-Signature=746785b57d718619273ffd33c268df9b7727fd46cbb8c881594422ddb4c3cb21&X-Amz-SignedHeaders=host&response-content-disposition=attachment%3B%20filename%3D28c393e9-a7b1-4262-9e7a-360bfa2775ca.flac&x-id=GetObject,0.445795894,34113
ConAam-2022-06-14_06-00.WAV,2022 Conaway North A,2022,6,14,6,0,Agelaius tricolor,Simple Call 2,5.56799984,5.962666512,375,21656,24000,present,https://rfcx-streams-production.s3.eu-west-1.amazonaws.com/2022/06/14/82sjidqz9yro/067d1a5b-56c6-4c4a-b61f-d2158e36df04.flac?X-Amz-Algorithm=AWS4-HMAC-SHA256&X-Amz-Content-Sha256=UNSIGNED-PAYLOAD&X-Amz-Credential=AKIA45B7YWBX5HAZMGOU%2F20260223%2Feu-west-1%2Fs3%2Faws4_request&X-Amz-Date=20260223T001935Z&X-Amz-Expires=604800&X-Amz-Signature=1bd6c2fbb4bb6cc9c76c2416f67d5528deaf80b09820440a1c829263c852db1f&X-Amz-SignedHeaders=host&response-content-disposition=attachment%3B%20filename%3D067d1a5b-56c6-4c4a-b61f-d2158e36df04.flac&x-id=GetObject,0.456148297,34113
ConAam-2022-06-14_12-20.WAV,2022 Conaway North A,2022,6,14,12,20,Agelaius tricolor,Simple Call 2,3.002666712,3.397333384,375,21656,24000,present,https://rfcx-streams-production.s3.eu-west-1.amazonaws.com/2022/06/14/82sjidqz9yro/a587387e-c2d7-4011-b227-d34c08334143.flac?X-Amz-Algorithm=AWS4-HMAC-SHA256&X-Amz-Content-Sha256=UNSIGNED-PAYLOAD&X-Amz-Credential=AKIA45B7YWBX5HAZMGOU%2F20260223%2Feu-west-1%2Fs3%2Faws4_request&X-Amz-Date=20260223T001935Z&X-Amz-Expires=604800&X-Amz-Signature=ccb7895e815970031441581106cf8b868fe337ea2680cdb8bd877cf19939920b&X-Amz-SignedHeaders=host&response-content-disposition=attachment%3B%20filename%3Da587387e-c2d7-4011-b227-d34c08334143.flac&x-id=GetObject,0.443591982,34113
ConAam-2022-06-14_19-00.WAV,2022 Conaway North A,2022,6,14,19,0,Agelaius tricolor,Simple Call 2,4.250666618,4.64533329,375,21656,24000,present,https://rfcx-streams-production.s3.eu-west-1.amazonaws.com/2022/06/15/82sjidqz9yro/40d6497c-2e26-48e1-a87d-6d5fe9151bd4.flac?X-Amz-Algorithm=AWS4-HMAC-SHA256&X-Amz-Content-Sha256=UNSIGNED-PAYLOAD&X-Amz-Credential=AKIA45B7YWBX5HAZMGOU%2F20260223%2Feu-west-1%2Fs3%2Faws4_request&X-Amz-Date=20260223T001935Z&X-Amz-Expires=604800&X-Amz-Signature=508ecf32979c24e4f081ea4f2fb8912ada5ce03efaa518b24f6271d6221c9a60&X-Amz-SignedHeaders=host&response-content-disposition=attachment%3B%20filename%3D40d6497c-2e26-48e1-a87d-6d5fe9151bd4.flac&x-id=GetObject,0.605032086,34113
ConAam-2022-06-14_20-20.WAV,2022 Conaway North A,2022,6,14,20,20,Agelaius tricolor,Simple Call 2,24.19733238,24.59199905,375,21656,24000,present,https://rfcx-streams-production.s3.eu-west-1.amazonaws.com/2022/06/15/82sjidqz9yro/234e2f1b-8c4b-48eb-994d-8e6db74256da.flac?X-Amz-Algorithm=AWS4-HMAC-SHA256&X-Amz-Content-Sha256=UNSIGNED-PAYLOAD&X-Amz-Credential=AKIA45B7YWBX5HAZMGOU%2F20260223%2Feu-west-1%2Fs3%2Faws4_request&X-Amz-Date=20260223T001935Z&X-Amz-Expires=604800&X-Amz-Signature=604def7d96177ec3031f46bbb3425bdef637125af4d4be613e4fce88c3de478b&X-Amz-SignedHeaders=host&response-content-disposition=attachment%3B%20filename%3D234e2f1b-8c4b-48eb-994d-8e6db74256da.flac&x-id=GetObject,0.516014159,34113
ConAam-2022-06-14_20-30.WAV,2022 Conaway North A,2022,6,14,20,30,Agelaius tricolor,Simple Call 2,21.67466736,22.06933403,375,21656,24000,present,https://rfcx-streams-production.s3.eu-west-1.amazonaws.com/2022/06/15/82sjidqz9yro/68612e0c-697a-4076-b8eb-dd6c3f924d8f.flac?X-Amz-Algorithm=AWS4-HMAC-SHA256&X-Amz-Content-Sha256=UNSIGNED-PAYLOAD&X-Amz-Credential=AKIA45B7YWBX5HAZMGOU%2F20260223%2Feu-west-1%2Fs3%2Faws4_request&X-Amz-Date=20260223T001936Z&X-Amz-Expires=604800&X-Amz-Signature=6db3bbc52c6c03b1991db4ef83705006b9e91956f6bba15bc791b38fed3b0dd0&X-Amz-SignedHeaders=host&response-content-disposition=attachment%3B%20filename%3D68612e0c-697a-4076-b8eb-dd6c3f924d8f.flac&x-id=GetObject,0.61685729,34113
ConAam-2022-06-15_05-30.WAV,2022 Conaway North A,2022,6,15,5,30,Agelaius tricolor,Simple Call 2,36.31466675,36.70933151,375,21656,24000,present,https://rfcx-streams-production.s3.eu-west-1.amazonaws.com/2022/06/15/82sjidqz9yro/8c52f411-eab9-464f-8125-c92cee095e2d.flac?X-Amz-Algorithm=AWS4-HMAC-SHA256&X-Amz-Content-Sha256=UNSIGNED-PAYLOAD&X-Amz-Credential=AKIA45B7YWBX5HAZMGOU%2F20260223%2Feu-west-1%2Fs3%2Faws4_request&X-Amz-Date=20260223T001936Z&X-Amz-Expires=604800&X-Amz-Signature=f1696876e9bc0174eee6e5066a010aea7cec5f5bea127434376a0083e46da7e3&X-Amz-SignedHeaders=host&response-content-disposition=attachment%3B%20filename%3D8c52f411-eab9-464f-8125-c92cee095e2d.flac&x-id=GetObject,0.554378152,34113
ConAam-2022-06-15_05-40.WAV,2022 Conaway North A,2022,6,15,5,40,Agelaius tricolor,Simple Call 2,54.29333496,54.68799973,375,21656,24000,present,https://rfcx-streams-production.s3.eu-west-1.amazonaws.com/2022/06/15/82sjidqz9yro/ee22ef3c-52a8-440b-bc2f-99c0c216bc22.flac?X-Amz-Algorithm=AWS4-HMAC-SHA256&X-Amz-Content-Sha256=UNSIGNED-PAYLOAD&X-Amz-Credential=AKIA45B7YWBX5HAZMGOU%2F20260223%2Feu-west-1%2Fs3%2Faws4_request&X-Amz-Date=20260223T001936Z&X-Amz-Expires=604800&X-Amz-Signature=4f4e8e10c675e8f31088c73c131f88089bc3c01a7c1f0f120a01d2891682e92b&X-Amz-SignedHeaders=host&response-content-disposition=attachment%3B%20filename%3Dee22ef3c-52a8-440b-bc2f-99c0c216bc22.flac&x-id=GetObject,0.572694242,34113
ConAam-2022-06-15_07-10.WAV,2022 Conaway North A,2022,6,15,7,10,Agelaius tricolor,Simple Call 2,45.52000046,45.91466522,375,21656,24000,present,https://rfcx-streams-production.s3.eu-west-1.amazonaws.com/2022/06/15/82sjidqz9yro/f6e31881-c2df-4f34-9a09-2f0389863e0f.flac?X-Amz-Algorithm=AWS4-HMAC-SHA256&X-Amz-Content-Sha256=UNSIGNED-PAYLOAD&X-Amz-Credential=AKIA45B7YWBX5HAZMGOU%2F20260223%2Feu-west-1%2Fs3%2Faws4_request&X-Amz-Date=20260223T001936Z&X-Amz-Expires=604800&X-Amz-Signature=b826d788aabaa31b0af07635edf588fb60ee2b7bfbb49131b7a2a7bbd9f74026&X-Amz-SignedHeaders=host&response-content-disposition=attachment%3B%20filename%3Df6e31881-c2df-4f34-9a09-2f0389863e0f.flac&x-id=GetObject,0.628300905,34113
ConAam-2022-06-15_08-20.WAV,2022 Conaway North A,2022,6,15,8,20,Agelaius tricolor,Simple Call 2,55.80266571,56.19733429,375,21656,24000,present,https://rfcx-streams-production.s3.eu-west-1.amazonaws.com/2022/06/15/82sjidqz9yro/b09aef45-e83c-496a-be0d-e29495bab923.flac?X-Amz-Algorithm=AWS4-HMAC-SHA256&X-Amz-Content-Sha256=UNSIGNED-PAYLOAD&X-Amz-Credential=AKIA45B7YWBX5HAZMGOU%2F20260223%2Feu-west-1%2Fs3%2Faws4_request&X-Amz-Date=20260223T001936Z&X-Amz-Expires=604800&X-Amz-Signature=377a67ffa703880ec38359c518e3488b9024e24da7da9b9bc7d06bf93f81b649&X-Amz-SignedHeaders=host&response-content-disposition=attachment%3B%20filename%3Db09aef45-e83c-496a-be0d-e29495bab923.flac&x-id=GetObject,0.5041067,34113
ConAam-2022-06-15_09-10.WAV,2022 Conaway North A,2022,6,15,9,10,Agelaius tricolor,Simple Call 2,43.94133377,44.33599854,375,21656,24000,present,https://rfcx-streams-production.s3.eu-west-1.amazonaws.com/2022/06/15/82sjidqz9yro/5e24fcc3-a810-4c56-967d-119ca80adbf1.flac?X-Amz-Algorithm=AWS4-HMAC-SHA256&X-Amz-Content-Sha256=UNSIGNED-PAYLOAD&X-Amz-Credential=AKIA45B7YWBX5HAZMGOU%2F20260223%2Feu-west-1%2Fs3%2Faws4_request&X-Amz-Date=20260223T001936Z&X-Amz-Expires=604800&X-Amz-Signature=446333c86bdb16564622256b17bcd2473f8d7219dc96bac625c0f0826ab139f3&X-Amz-SignedHeaders=host&response-content-disposition=attachment%3B%20filename%3D5e24fcc3-a810-4c56-967d-119ca80adbf1.flac&x-id=GetObject,0.526454568,34113
ConAam-2022-06-15_09-30.WAV,2022 Conaway North A,2022,6,15,9,30,Agelaius tricolor,Simple Call 2,35.81866837,36.21333313,375,21656,24000,present,https://rfcx-streams-production.s3.eu-west-1.amazonaws.com/2022/06/15/82sjidqz9yro/e9368ac0-90b3-45c3-bf31-f5f3c30cc948.flac?X-Amz-Algorithm=AWS4-HMAC-SHA256&X-Amz-Content-Sha256=UNSIGNED-PAYLOAD&X-Amz-Credential=AKIA45B7YWBX5HAZMGOU%2F20260223%2Feu-west-1%2Fs3%2Faws4_request&X-Amz-Date=20260223T001936Z&X-Amz-Expires=604800&X-Amz-Signature=2452c76997e4654c9f8e9ba80476c68fe4cf0950d9cfc6c812cf76fa491d006a&X-Amz-SignedHeaders=host&response-content-disposition=attachment%3B%20filename%3De9368ac0-90b3-45c3-bf31-f5f3c30cc948.flac&x-id=GetObject,0.45404613,34113
ConAam-2022-06-15_10-20.WAV,2022 Conaway North A,2022,6,15,10,20,Agelaius tricolor,Simple Call 2,52.79999924,53.19466782,375,21656,24000,present,https://rfcx-streams-production.s3.eu-west-1.amazonaws.com/2022/06/15/82sjidqz9yro/e414d9d0-27f9-46fa-9771-0f9a5589c782.flac?X-Amz-Algorithm=AWS4-HMAC-SHA256&X-Amz-Content-Sha256=UNSIGNED-PAYLOAD&X-Amz-Credential=AKIA45B7YWBX5HAZMGOU%2F20260223%2Feu-west-1%2Fs3%2Faws4_request&X-Amz-Date=20260223T001936Z&X-Amz-Expires=604800&X-Amz-Signature=e3a86612c8d4a5462a0773bf42f47ff922ea5a2f6fc4934278f25daaa668ba37&X-Amz-SignedHeaders=host&response-content-disposition=attachment%3B%20filename%3De414d9d0-27f9-46fa-9771-0f9a5589c782.flac&x-id=GetObject,0.626188755,34113
ConAam-2022-06-15_10-50.WAV,2022 Conaway North A,2022,6,15,10,50,Agelaius tricolor,Simple Call 2,32.09600067,32.49066544,375,21656,24000,present,https://rfcx-streams-production.s3.eu-west-1.amazonaws.com/2022/06/15/82sjidqz9yro/ea326481-e0cd-4b63-af71-9931105163be.flac?X-Amz-Algorithm=AWS4-HMAC-SHA256&X-Amz-Content-Sha256=UNSIGNED-PAYLOAD&X-Amz-Credential=AKIA45B7YWBX5HAZMGOU%2F20260223%2Feu-west-1%2Fs3%2Faws4_request&X-Amz-Date=20260223T001936Z&X-Amz-Expires=604800&X-Amz-Signature=72e46c72de6109c817254d7791508ebf7314f612396dc47dd50a2fd4b1bd333d&X-Amz-SignedHeaders=host&response-content-disposition=attachment%3B%20filename%3Dea326481-e0cd-4b63-af71-9931105163be.flac&x-id=GetObject,0.581727028,34113
ConAam-2022-06-15_11-50.WAV,2022 Conaway North A,2022,6,15,11,50,Agelaius tricolor,Simple Call 2,28.31466675,28.70933342,375,21656,24000,present,https://rfcx-streams-production.s3.eu-west-1.amazonaws.com/2022/06/15/82sjidqz9yro/474dcc15-ec6a-4a83-a582-851335fe90b6.flac?X-Amz-Algorithm=AWS4-HMAC-SHA256&X-Amz-Content-Sha256=UNSIGNED-PAYLOAD&X-Amz-Credential=AKIA45B7YWBX5HAZMGOU%2F20260223%2Feu-west-1%2Fs3%2Faws4_request&X-Amz-Date=20260223T001936Z&X-Amz-Expires=604800&X-Amz-Signature=f3f913caa44163c4d73f753ff0790059e9cf9435339aa7434fc57c429cd87a61&X-Amz-SignedHeaders=host&response-content-disposition=attachment%3B%20filename%3D474dcc15-ec6a-4a83-a582-851335fe90b6.flac&x-id=GetObject,0.530022502,34113
ConAam-2022-06-15_12-30.WAV,2022 Conaway North A,2022,6,15,12,30,Agelaius tricolor,Simple Call 2,18.13866615,18.53333282,375,21656,24000,present,https://rfcx-streams-production.s3.eu-west-1.amazonaws.com/2022/06/15/82sjidqz9yro/39a32ec5-cce9-4efa-bd4c-451dcc884b94.flac?X-Amz-Algorithm=AWS4-HMAC-SHA256&X-Amz-Content-Sha256=UNSIGNED-PAYLOAD&X-Amz-Credential=AKIA45B7YWBX5HAZMGOU%2F20260223%2Feu-west-1%2Fs3%2Faws4_request&X-Amz-Date=20260223T001936Z&X-Amz-Expires=604800&X-Amz-Signature=c183cc443ad7f0665d6f8f9f69cc6c54d2261a63c671e14fd201bd5c5dab7a8e&X-Amz-SignedHeaders=host&response-content-disposition=attachment%3B%20filename%3D39a32ec5-cce9-4efa-bd4c-451dcc884b94.flac&x-id=GetObject,0.495506823,34113
ConAam-2022-06-15_16-30.WAV,2022 Conaway North A,2022,6,15,16,30,Agelaius tricolor,Simple Call 2,19.3920002,19.78666687,375,21656,24000,present,https://rfcx-streams-production.s3.eu-west-1.amazonaws.com/2022/06/15/82sjidqz9yro/85e7fd52-44ab-4ef5-9682-b56dd6dea5a3.flac?X-Amz-Algorithm=AWS4-HMAC-SHA256&X-Amz-Content-Sha256=UNSIGNED-PAYLOAD&X-Amz-Credential=AKIA45B7YWBX5HAZMGOU%2F20260223%2Feu-west-1%2Fs3%2Faws4_request&X-Amz-Date=20260223T001936Z&X-Amz-Expires=604800&X-Amz-Signature=f267a4c7f30254f73cad6ccbaee53b34867c9f4c43024de00a4bfaa250c7b996&X-Amz-SignedHeaders=host&response-content-disposition=attachment%3B%20filename%3D85e7fd52-44ab-4ef5-9682-b56dd6dea5a3.flac&x-id=GetObject,0.612640083,34113
ConAam-2022-06-15_17-00.WAV,2022 Conaway North A,2022,6,15,17,0,Agelaius tricolor,Simple Call 2,56.02133179,56.41600037,375,21656,24000,present,https://rfcx-streams-production.s3.eu-west-1.amazonaws.com/2022/06/16/82sjidqz9yro/5bfb26c9-cbb7-4f2f-9435-00ded5890ed6.flac?X-Amz-Algorithm=AWS4-HMAC-SHA256&X-Amz-Content-Sha256=UNSIGNED-PAYLOAD&X-Amz-Credential=AKIA45B7YWBX5HAZMGOU%2F20260223%2Feu-west-1%2Fs3%2Faws4_request&X-Amz-Date=20260223T001936Z&X-Amz-Expires=604800&X-Amz-Signature=3de089761824d4d772c42cb869cbd6d55d73223e5f964318063f96fd7d82dbca&X-Amz-SignedHeaders=host&response-content-disposition=attachment%3B%20filename%3D5bfb26c9-cbb7-4f2f-9435-00ded5890ed6.flac&x-id=GetObject,0.595998228,34113
ConAam-2022-06-15_20-10.WAV,2022 Conaway North A,2022,6,15,20,10,Agelaius tricolor,Simple Call 2,31.60000038,31.99466705,375,21656,24000,present,https://rfcx-streams-production.s3.eu-west-1.amazonaws.com/2022/06/16/82sjidqz9yro/2a6683c7-4373-47c8-8c6f-3596a5d38f4d.flac?X-Amz-Algorithm=AWS4-HMAC-SHA256&X-Amz-Content-Sha256=UNSIGNED-PAYLOAD&X-Amz-Credential=AKIA45B7YWBX5HAZMGOU%2F20260223%2Feu-west-1%2Fs3%2Faws4_request&X-Amz-Date=20260223T001936Z&X-Amz-Expires=604800&X-Amz-Signature=58e714e643aba15de556ab5d94b9e064f513c05fab4dd888b1c2e2fa07c92e45&X-Amz-SignedHeaders=host&response-content-disposition=attachment%3B%20filename%3D2a6683c7-4373-47c8-8c6f-3596a5d38f4d.flac&x-id=GetObject,0.632138968,34113
ConAam-2022-06-16_05-50.WAV,2022 Conaway North A,2022,6,16,5,50,Agelaius tricolor,Simple Call 2,22.57066727,22.96533394,375,21656,24000,present,https://rfcx-streams-production.s3.eu-west-1.amazonaws.com/2022/06/16/82sjidqz9yro/2a9ab6af-c29a-48cb-b198-fb7848efb324.flac?X-Amz-Algorithm=AWS4-HMAC-SHA256&X-Amz-Content-Sha256=UNSIGNED-PAYLOAD&X-Amz-Credential=AKIA45B7YWBX5HAZMGOU%2F20260223%2Feu-west-1%2Fs3%2Faws4_request&X-Amz-Date=20260223T001936Z&X-Amz-Expires=604800&X-Amz-Signature=1b4d03fe39fc91d4d9bcdc0413d752a202b486b651b12afcc22e3f2e0583a50e&X-Amz-SignedHeaders=host&response-content-disposition=attachment%3B%20filename%3D2a9ab6af-c29a-48cb-b198-fb7848efb324.flac&x-id=GetObject,0.601851046,34113
ConAam-2022-06-16_06-10.WAV,2022 Conaway North A,2022,6,16,6,10,Agelaius tricolor,Simple Call 2,3.519999981,3.914666653,375,21656,24000,present,https://rfcx-streams-production.s3.eu-west-1.amazonaws.com/2022/06/16/82sjidqz9yro/f5f259ca-78c1-49cf-9b99-85817333a312.flac?X-Amz-Algorithm=AWS4-HMAC-SHA256&X-Amz-Content-Sha256=UNSIGNED-PAYLOAD&X-Amz-Credential=AKIA45B7YWBX5HAZMGOU%2F20260223%2Feu-west-1%2Fs3%2Faws4_request&X-Amz-Date=20260223T001936Z&X-Amz-Expires=604800&X-Amz-Signature=e0bbcc5ba2a7d8fed06d7ab7cce46ab1e817cba77812f3f6e4367ba0efb52751&X-Amz-SignedHeaders=host&response-content-disposition=attachment%3B%20filename%3Df5f259ca-78c1-49cf-9b99-85817333a312.flac&x-id=GetObject,0.581426203,34113
ConAam-2022-06-16_06-20.WAV,2022 Conaway North A,2022,6,16,6,20,Agelaius tricolor,Simple Call 2,28.55999947,28.95466614,375,21656,24000,present,https://rfcx-streams-production.s3.eu-west-1.amazonaws.com/2022/06/16/82sjidqz9yro/43d86355-0c95-41d3-ad61-f6dbdc87f4a9.flac?X-Amz-Algorithm=AWS4-HMAC-SHA256&X-Amz-Content-Sha256=UNSIGNED-PAYLOAD&X-Amz-Credential=AKIA45B7YWBX5HAZMGOU%2F20260223%2Feu-west-1%2Fs3%2Faws4_request&X-Amz-Date=20260223T001936Z&X-Amz-Expires=604800&X-Amz-Signature=0a86e5af10cbff265bb7820240963d87c8d54f116b527ea3600063093ba287af&X-Amz-SignedHeaders=host&response-content-disposition=attachment%3B%20filename%3D43d86355-0c95-41d3-ad61-f6dbdc87f4a9.flac&x-id=GetObject,0.565040708,34113
ConAam-2022-06-16_07-10.WAV,2022 Conaway North A,2022,6,16,7,10,Agelaius tricolor,Simple Call 2,25.09866714,25.49333382,375,21656,24000,present,https://rfcx-streams-production.s3.eu-west-1.amazonaws.com/2022/06/16/82sjidqz9yro/12884f0f-456b-4905-b7dd-d1dc2d30d1a5.flac?X-Amz-Algorithm=AWS4-HMAC-SHA256&X-Amz-Content-Sha256=UNSIGNED-PAYLOAD&X-Amz-Credential=AKIA45B7YWBX5HAZMGOU%2F20260223%2Feu-west-1%2Fs3%2Faws4_request&X-Amz-Date=20260223T001936Z&X-Amz-Expires=604800&X-Amz-Signature=ba5b5ee93ea9f68e7bb1cbcbacc64ddfdc241f3c0e9a2aacd5495fe8b3ff4b47&X-Amz-SignedHeaders=host&response-content-disposition=attachment%3B%20filename%3D12884f0f-456b-4905-b7dd-d1dc2d30d1a5.flac&x-id=GetObject,0.610127628,34113
ConAam-2022-06-16_07-20.WAV,2022 Conaway North A,2022,6,16,7,20,Agelaius tricolor,Simple Call 2,2.191999912,2.586666584,375,21656,24000,present,https://rfcx-streams-production.s3.eu-west-1.amazonaws.com/2022/06/16/82sjidqz9yro/e2f1fdfe-4b71-483a-b0d0-cf60478117a9.flac?X-Amz-Algorithm=AWS4-HMAC-SHA256&X-Amz-Content-Sha256=UNSIGNED-PAYLOAD&X-Amz-Credential=AKIA45B7YWBX5HAZMGOU%2F20260223%2Feu-west-1%2Fs3%2Faws4_request&X-Amz-Date=20260223T001936Z&X-Amz-Expires=604800&X-Amz-Signature=4c0e8def9c0b51fc9cec5201d40d4a366d4160d4fbf8ba9145fc6632d6708e18&X-Amz-SignedHeaders=host&response-content-disposition=attachment%3B%20filename%3De2f1fdfe-4b71-483a-b0d0-cf60478117a9.flac&x-id=GetObject,0.525359035,34113
ConAam-2022-06-16_11-30.WAV,2022 Conaway North A,2022,6,16,11,30,Agelaius tricolor,Simple Call 2,40,40.39466476,375,21656,24000,present,https://rfcx-streams-production.s3.eu-west-1.amazonaws.com/2022/06/16/82sjidqz9yro/a0c4c2c5-24b1-43b9-a147-5f05db641522.flac?X-Amz-Algorithm=AWS4-HMAC-SHA256&X-Amz-Content-Sha256=UNSIGNED-PAYLOAD&X-Amz-Credential=AKIA45B7YWBX5HAZMGOU%2F20260223%2Feu-west-1%2Fs3%2Faws4_request&X-Amz-Date=20260223T001936Z&X-Amz-Expires=604800&X-Amz-Signature=058c833c94b564960c87bfdda42ec08c0f3db18b22e6b4e779fd4fe688d47dec&X-Amz-SignedHeaders=host&response-content-disposition=attachment%3B%20filename%3Da0c4c2c5-24b1-43b9-a147-5f05db641522.flac&x-id=GetObject,0.583323002,34113
ConAam-2022-06-17_07-30.WAV,2022 Conaway North A,2022,6,17,7,30,Agelaius tricolor,Simple Call 2,31.2266674,31.62133408,375,21656,24000,present,https://rfcx-streams-production.s3.eu-west-1.amazonaws.com/2022/06/17/82sjidqz9yro/244a5825-4083-4df4-9f8b-8834418bd61e.flac?X-Amz-Algorithm=AWS4-HMAC-SHA256&X-Amz-Content-Sha256=UNSIGNED-PAYLOAD&X-Amz-Credential=AKIA45B7YWBX5HAZMGOU%2F20260223%2Feu-west-1%2Fs3%2Faws4_request&X-Amz-Date=20260223T001936Z&X-Amz-Expires=604800&X-Amz-Signature=e65536b5290aab2eda23fcc1200c4098f109b81ec3c88cee3c04bb2cd023a117&X-Amz-SignedHeaders=host&response-content-disposition=attachment%3B%20filename%3D244a5825-4083-4df4-9f8b-8834418bd61e.flac&x-id=GetObject,0.408474833,34113
